[09:32:11.41] /r giWindowId 0
[09:32:11.41] /r giWindowGeometry 600x300
[09:32:11.42] /o 
              /c                                 Custom Compiler 
              /c 
              /c               Version N-2017.12-SP1-2 for linux64 - May 16, 2018 
              /c 
              /c                     Copyright (c) 2004 - 2018 Synopsys, Inc.
              /c    This software and the associated documentation are proprietary to Synopsys,
              /c  Inc. This software may only be used in accordance with the terms and conditions
              /c  of a written license agreement with Synopsys, Inc. All other use, reproduction,
              /c             or distribution of this software is strictly prohibited.
              /c 
              /c Build  (OPT) Config 4182185 compiled on Wed May 16 15:20:56 2018 for RHEL64 6.6
              /c Invocation: /usr/synopsys/customcompiler/N-2017.12-SP1-2/linux64/platform/bin/cdesigner
              /c Execution time: Sat May 23 09:32:09 2026
              /c Host: localhost.localdomain
              /c Working directory: /home/itsupport/Desktop/lab1vlsi
              /c 
[09:32:12.53] /r giShowFrameTabs true
[09:32:12.53] /r giWindowId 1
[09:32:12.53] /r giWindowGeometry 1040x800
[09:32:14.90] /# gi::pressButton {/scroll/scrollArea/scrollAreaInnerWidget/applications/dmLibraryManager} -in [gi::getWindows 1]
[09:32:14.90] /# 
[09:32:14.91] /i dm::openLibraryManager
[09:32:14.91] /r giWindowId 2
[09:32:14.91] /r giWindowGeometry 660x600+50+78
[09:32:14.93] /o oa:0x1db08f90
[09:32:15.07] /i gi::setSectionSizes {libs} -values {249} -in [gi::getWindows 2]
[09:32:16.20] /i gi::setCurrentIndex {libs} -index {inverter} -in [gi::getWindows 2]
[09:32:16.21] /i gi::setItemSelection {libs} -index {inverter} -in [gi::getWindows 2]
[09:32:20.20] /i gi::setCurrentIndex {cellCategories} -index {All} -in [gi::getWindows 2]
[09:32:20.57] /i gi::setCurrentIndex {cellCategories} -index {LAB1} -in [gi::getWindows 2]
[09:32:20.57] /i gi::setItemSelection {cellCategories} -index {LAB1} -in [gi::getWindows 2]
[09:32:20.91] /i gi::setCurrentIndex {cellCategories} -index {LAB3} -in [gi::getWindows 2]
[09:32:20.91] /i gi::setItemSelection {cellCategories} -index {LAB3} -in [gi::getWindows 2]
[09:32:22.22] /i gi::setCurrentIndex {libs} -index {project_d_ff} -in [gi::getWindows 2]
[09:32:22.22] /i gi::setItemSelection {libs} -index {project_d_ff} -in [gi::getWindows 2]
[09:32:23.27] /i gi::setCurrentIndex {cellCategories} -index {D_FF} -in [gi::getWindows 2]
[09:32:23.27] /i gi::setItemSelection {cellCategories} -index {D_FF} -in [gi::getWindows 2]
[09:32:23.92] /i gi::setCurrentIndex {cellCategories} -index {INV} -in [gi::getWindows 2]
[09:32:23.92] /i gi::setItemSelection {cellCategories} -index {INV} -in [gi::getWindows 2]
[09:32:24.88] /i gi::sortItems {cells} -column {Cells} -order {descending} -in [gi::getWindows 2]
[09:32:26.75] /i gi::setCurrentIndex {cells} -index {tg_in_tb} -in [gi::getWindows 2]
[09:32:26.75] /i gi::setItemSelection {cells} -index {tg_in_tb} -in [gi::getWindows 2]
[09:32:27.05] /i gi::setCurrentIndex {cells} -index {int_out_ds} -in [gi::getWindows 2]
[09:32:27.06] /i gi::setItemSelection {cells} -index {int_out_ds} -in [gi::getWindows 2]
[09:32:27.37] /i gi::setCurrentIndex {cells} -index {TG_in} -in [gi::getWindows 2]
[09:32:27.37] /i gi::setItemSelection {cells} -index {TG_in} -in [gi::getWindows 2]
[09:32:27.67] /i gi::setCurrentIndex {cells} -index {CLOCK_inv} -in [gi::getWindows 2]
[09:32:27.67] /i gi::setItemSelection {cells} -index {CLOCK_inv} -in [gi::getWindows 2]
[09:32:28.57] /i gi::sortItems {cells} -column {Cells} -order {ascending} -in [gi::getWindows 2]
[09:32:29.95] /i gi::setCurrentIndex {views} -index {layout} -in [gi::getWindows 2]
[09:32:29.95] /i gi::setItemSelection {views} -index {layout} -in [gi::getWindows 2]
[09:32:30.40] /i gi::executeAction dmOpen -in [gi::getWindows 2]
[09:32:30.41] /m Information: License 'Basic' checked out. (LICENSE-003)
[09:32:30.41] /w Warning: Preference 'leActiveLPP' is deprecated and scheduled for removal in a future release with no replacement. For migration assistance, see the Custom Compiler Tcl Reference Manual. (PREFERENCE-058)
[09:32:30.42] /o 	#######################################
[09:32:30.42] /o 	PDK Library Name	: reference90RF
[09:32:30.42] /o 	PDK Version		: 2.0
[09:32:30.42] /o 	PDK Release Date	: 25-March-2010 
[09:32:30.42] /o 	#######################################
[09:32:30.42] /o 
[09:32:30.62] /r giWindowId 3
[09:32:30.62] /r giWindowGeometry 1632x1020
[09:32:30.67] /# de::setActiveLPP [de::getLPPs "exclude blockage" -from [db::getAttr editDesign -of [de::getContexts -window 3]]]
[09:32:31.84] /i db::setAttr maximized -of [gi::getFrames 1] -value true
[09:32:32.14] /i db::setAttr dockSize -of [gi::getAssistants dePropertyEditor -from [gi::getWindows 3]] -value 290x926
[09:32:32.20] /i db::setAttr geometry -of [gi::getFrames 1] -value 1910x1101+5+56
[09:32:35.32] /# gi::executeAction xtDRCSetup -in [gi::getWindows 3]
[09:32:35.32] /i xt::showDRCSetup -job drc -window 3
[09:32:35.97] /# gi::setActiveDialog [gi::getDialogs {xtDRCSetup} -parent [gi::getWindows 3]]
[09:32:36.08] /o oa:0x1f4a13c0
[09:32:36.41] /i db::setAttr geometry -of [gi::getDialogs {xtDRCSetup} -parent [gi::getWindows 3]] -value 475x427+865+447
[09:32:37.21] /i gi::setActiveTab {/tabGroup} -tabName {/tabGroup/controlVariablesTab} -in [gi::getDialogs {xtDRCSetup} -parent [gi::getWindows 3]]
[09:32:37.73] /i gi::setActiveTab {/tabGroup} -tabName {/tabGroup/customOptionsTab} -in [gi::getDialogs {xtDRCSetup} -parent [gi::getWindows 3]]
[09:32:38.48] /i gi::setField {/tabGroup/customOptionsTab/layerMapFile/entryField} -value {/home/itsupport/Desktop/lab1vlsi/PDK/techfiles/reference90RF_layer.map} -in [gi::getDialogs {xtDRCSetup} -parent [gi::getWindows 3]]
[09:32:38.75] /i gi::setActiveTab {/tabGroup} -tabName {/tabGroup/mainTab} -in [gi::getDialogs {xtDRCSetup} -parent [gi::getWindows 3]]
[09:32:40.54] /i gi::pressButton {/ok} -in [gi::getDialogs {xtDRCSetup} -parent [gi::getWindows 3]]
[09:32:40.92] /# xt::physicalVerification::executePve drc 3
[09:32:42.02] /r giWindowId 4
[09:32:42.03] /r giWindowGeometry 800x600
[09:32:42.92] /m Information: 
              /c =============================
              /c JobID: hercules_drc_2
              /c Completed with no errors.
              /c =============================
              /c 
[09:32:44.59] /i gi::executeAction giCloseWindow -in [gi::getWindows 4]
[09:32:44.59] /i gi::setActiveWindow 3
[09:32:44.59] /i gi::setActiveWindow 3 -raise true
[09:32:46.62] /# gi::executeAction xtLVSSetup -in [gi::getWindows 3]
[09:32:46.62] /i xt::showLVSSetup -job lvs -window 3
[09:32:46.84] /o oa:0x1f1a73e0
[09:32:46.90] /i gi::setActiveDialog [gi::getDialogs {xtLVSSetup} -parent [gi::getWindows 3]]
[09:32:47.20] /i db::setAttr geometry -of [gi::getDialogs {xtLVSSetup} -parent [gi::getWindows 3]] -value 704x454+787+419
[09:32:50.11] /i gi::setActiveTab {/tabGroup} -tabName {/tabGroup/netlistingOptionsTab} -in [gi::getDialogs {xtLVSSetup} -parent [gi::getWindows 3]]
[09:32:51.91] /i gi::setActiveTab {/tabGroup} -tabName {/tabGroup/mainTab} -in [gi::getDialogs {xtLVSSetup} -parent [gi::getWindows 3]]
[09:32:53.82] /i gi::pressButton {/tabGroup/mainTab/runDir/browseButton} -in [gi::getDialogs {xtLVSSetup} -parent [gi::getWindows 3]]
[09:32:56.82] /r giFileDialog accept synopsys_custom/CLOCK_inv.hercules.lvs
[09:32:57.78] /i gi::pressButton {/tabGroup/mainTab/jobParametersGroup/runsetFile/browseButton} -in [gi::getDialogs {xtLVSSetup} -parent [gi::getWindows 3]]
[09:33:04.11] /r giFileDialog accept PDK/hercules/lvs/reference_lvs.ev
[09:33:04.98] /i gi::setCurrentIndex {/tabGroup/controlVariablesTab/controlVariablesTable} -index {0,0} -in [gi::getDialogs {xtLVSSetup} -parent [gi::getWindows 3]]
[09:33:04.99] /i gi::setActiveTab {/tabGroup} -tabName {/tabGroup/controlVariablesTab} -in [gi::getDialogs {xtLVSSetup} -parent [gi::getWindows 3]]
[09:33:05.30] /i gi::setActiveTab {/tabGroup} -tabName {/tabGroup/netlistingOptionsTab} -in [gi::getDialogs {xtLVSSetup} -parent [gi::getWindows 3]]
[09:33:05.64] /i gi::setField {/tabGroup/netlistingOptionsTab/schematicOutputNetlist/entryField} -value {/home/itsupport/Desktop/lab1vlsi/synopsys_custom/CLOCK_inv.hercules.lvs/CLOCK_inv.custom_compiler.sp} -in [gi::getDialogs {xtLVSSetup} -parent [gi::getWindows 3]]
[09:33:05.65] /i gi::setActiveTab {/tabGroup} -tabName {/tabGroup/customOptionsTab} -in [gi::getDialogs {xtLVSSetup} -parent [gi::getWindows 3]]
[09:33:06.60] /i gi::setActiveTab {/tabGroup} -tabName {/tabGroup/netlistingOptionsTab} -in [gi::getDialogs {xtLVSSetup} -parent [gi::getWindows 3]]
[09:33:08.33] /i gi::pressButton {/apply} -in [gi::getDialogs {xtLVSSetup} -parent [gi::getWindows 3]]
[09:33:08.66] /# xt::physicalVerification::executePve lvs 3
[09:33:09.53] /m Information: "Starting netlisting for design "project_d_ff/CLOCK_inv/schematic"..." (NETLISTING-010)
[09:33:09.56] /m Information: 
[09:33:09.56] /o Checking "project_d_ff/CLOCK_inv/schematic"
[09:33:09.56] /o No rule violations found in "project_d_ff/CLOCK_inv/schematic"
[09:33:09.56] /o No Design Integrity rule violations found in "project_d_ff/CLOCK_inv/schematic"
[09:33:09.58] /m Information: "Netlisting design "project_d_ff/CLOCK_inv/schematic" finished successfully." (NETLISTING-012)
[09:33:09.72] /r giWindowId 5
[09:33:09.73] /r giWindowGeometry 800x600
[09:33:11.62] /m Information: 
              /c =============================
              /c JobID: hercules_lvs_1
              /c Completed with no errors.
              /c =============================
              /c 
[09:33:13.47] /i gi::closeWindows [gi::getDialogs {xtLVSSetup} -parent [gi::getWindows 3]]
[09:33:14.54] /i gi::executeAction giCloseWindow -in [gi::getWindows 5]
[09:33:14.55] /i gi::setActiveWindow 3
[09:33:14.55] /i gi::setActiveWindow 3 -raise true
[09:33:15.91] /# gi::executeAction xtLPERun -in [gi::getWindows 3]
[09:33:15.91] /i xt::physicalVerification::executeRun lpe 3
[09:33:16.03] /# xt::physicalVerification::executePve lpe 3
[09:33:16.04] /e Error: xtLPEStarOutputRunset: preference value is empty in '/home/itsupport/Desktop/lab1vlsi/synopsys_custom/CLOCK_inv.starrc.lpe_pve' scope.
[09:33:16.32] /i gi::setActiveDialog [gi::getDialogs {xtLPESetup} -parent [gi::getWindows 3]]
[09:33:16.62] /i db::setAttr geometry -of [gi::getDialogs {xtLPESetup} -parent [gi::getWindows 3]] -value 487x659+830+226
[09:33:19.13] /i gi::pressButton {/tabGroup/mainTab/runDir/browseButton} -in [gi::getDialogs {xtLPESetup} -parent [gi::getWindows 3]]
[09:33:21.03] /r giFileDialog accept synopsys_custom/CLOCK_inv.starrc.lpe
[09:33:22.43] /i gi::pressButton {/tabGroup/mainTab/jobParametersGroup/runsetFile/browseButton} -in [gi::getDialogs {xtLPESetup} -parent [gi::getWindows 3]]
[09:33:27.89] /r giFileDialog accept PDK/starrc/star_herc_cmd
[09:33:29.00] /i gi::setActiveTab {/tabGroup} -tabName {/tabGroup/extractionOptionsTab} -in [gi::getDialogs {xtLPESetup} -parent [gi::getWindows 3]]
[09:33:29.38] /i gi::setField {/tabGroup/extractionOptionsTab/layoutExtractionGroup/milkywayDatabase/entryField} -value {../testcell.hercules.lvs/EXTRACT_VIEW} -in [gi::getDialogs {xtLPESetup} -parent [gi::getWindows 3]]
[09:33:29.38] /i gi::setActiveTab {/tabGroup} -tabName {/tabGroup/outputOptionsTab} -in [gi::getDialogs {xtLPESetup} -parent [gi::getWindows 3]]
[09:33:29.89] /i gi::setActiveTab {/tabGroup} -tabName {/tabGroup/extractionOptionsTab} -in [gi::getDialogs {xtLPESetup} -parent [gi::getWindows 3]]
[09:33:32.20] /i gi::pressButton {/tabGroup/extractionOptionsTab/layoutExtractionGroup/milkywayDatabase/browseButton} -in [gi::getDialogs {xtLPESetup} -parent [gi::getWindows 3]]
[09:33:35.24] /r giFileDialog accept EXTRACT_VIEW
[09:33:36.97] /i gi::setActiveTab {/tabGroup} -tabName {/tabGroup/outputOptionsTab} -in [gi::getDialogs {xtLPESetup} -parent [gi::getWindows 3]]
[09:33:37.60] /i gi::setActiveTab {/tabGroup} -tabName {/tabGroup/customOptionsTab} -in [gi::getDialogs {xtLPESetup} -parent [gi::getWindows 3]]
[09:33:38.08] /i gi::setActiveTab {/tabGroup} -tabName {/tabGroup/outputOptionsTab} -in [gi::getDialogs {xtLPESetup} -parent [gi::getWindows 3]]
[09:33:40.39] /i gi::setActiveTab {/tabGroup} -tabName {/tabGroup/extractionOptionsTab} -in [gi::getDialogs {xtLPESetup} -parent [gi::getWindows 3]]
[09:33:41.83] /i gi::pressButton {/apply} -in [gi::getDialogs {xtLPESetup} -parent [gi::getWindows 3]]
[09:33:42.16] /# xt::physicalVerification::executePve lpe 3
[09:33:42.30] /r giWindowId 6
[09:33:42.31] /r giWindowGeometry 800x600
[09:33:46.42] /m Information: 
              /c =============================
              /c JobID: starrc_lpe_1
              /c Completed with no errors.
              /c =============================
              /c 
[09:33:46.54] /r giWindowId 7
[09:33:46.55] /r giWindowGeometry 1632x1020
[09:33:46.58] /i de::setActiveLPP [de::getLPPs "exclude blockage" -from [db::getAttr editDesign -of [de::getContexts -window 7]]]
[09:33:49.75] /i gi::closeWindows [gi::getDialogs {xtLPESetup} -parent [gi::getWindows 3]]
[09:33:50.44] /# gi::executeAction deCanvasZoomInAtPoint -in [gi::getWindows 7]
[09:33:50.44] /i de::zoom -window [gi::getWindows 7] -factor 2.0 -center {-4.684 3.408}
[09:33:50.44] /o {-6.406 2.401} {-3.178 4.304}
[09:33:50.51] /# gi::executeAction deCanvasZoomInAtPoint -in [gi::getWindows 7]
[09:33:50.51] /i de::zoom -window [gi::getWindows 7] -factor 2.0 -center {-4.696 3.402}
[09:33:50.51] /o {-5.551 2.902} {-3.937 3.853}
[09:33:50.61] /# gi::executeAction deCanvasZoomInAtPoint -in [gi::getWindows 7]
[09:33:50.61] /i de::zoom -window [gi::getWindows 7] -factor 2.0 -center {-4.725 3.402}
[09:33:50.61] /o {-5.138 3.152} {-4.331 3.628}
[09:33:51.42] /# gi::executeAction deCanvasZoomInAtPoint -in [gi::getWindows 7]
[09:33:51.42] /i de::zoom -window [gi::getWindows 7] -factor 2.0 -center {-4.76 3.448}
[09:33:51.42] /o {-4.949 3.3} {-4.545 3.538}
[09:33:51.60] /# gi::executeAction deCanvasZoomInAtPoint -in [gi::getWindows 7]
[09:33:51.60] /i de::zoom -window [gi::getWindows 7] -factor 2.0 -center {-4.759 3.45}
[09:33:51.60] /o {-4.854 3.375} {-4.652 3.494}
[09:33:52.84] /# gi::executeAction deFitView -in [gi::getWindows 7]
[09:33:52.84] /i de::fit -window 7 -fitView true
[09:33:52.84] /o {-8.128 1.395} {-1.672 5.2}
[09:33:53.69] /# gi::executeAction deCanvasZoomInAtPoint -in [gi::getWindows 7]
[09:33:53.69] /i de::zoom -window [gi::getWindows 7] -factor 2.0 -center {-5.206 2.089}
[09:33:53.70] /o {-6.667 1.742} {-3.439 3.645}
[09:33:54.52] /# gi::executeAction deCanvasZoomOutAtPoint -in [gi::getWindows 7]
[09:33:54.52] /i de::zoom -window [gi::getWindows 7] -factor 0.5 -center {-4.996 2.077}
[09:33:54.52] /o {-8.338 1.407} {-1.882 5.212}
[09:33:55.05] /# gi::executeAction deCanvasZoomInAtPoint -in [gi::getWindows 7]
[09:33:55.05] /i de::zoom -window [gi::getWindows 7] -factor 2.0 -center {-4.882 2.151}
[09:33:55.05] /o {-6.61 1.779} {-3.382 3.682}
[09:33:55.80] /# gi::executeAction deCanvasZoomInAtPoint -in [gi::getWindows 7]
[09:33:55.80] /i de::zoom -window [gi::getWindows 7] -factor 2.0 -center {-4.931 2.983}
[09:33:55.80] /o {-5.771 2.381} {-4.156 3.332}
[09:33:56.34] /# gi::executeAction deCanvasZoomInAtPoint -in [gi::getWindows 7]
[09:33:56.34] /i de::zoom -window [gi::getWindows 7] -factor 2.0 -center {-4.956 2.817}
[09:33:56.34] /o {-5.363 2.599} {-4.556 3.075}
[09:33:56.45] /# gi::executeAction deCanvasZoomInAtPoint -in [gi::getWindows 7]
[09:33:56.45] /i de::zoom -window [gi::getWindows 7] -factor 2.0 -center {-4.956 2.817}
[09:33:56.45] /o {-5.16 2.708} {-4.756 2.946}
[09:33:56.74] /# gi::executeAction deCanvasZoomInAtPoint -in [gi::getWindows 7]
[09:33:56.74] /i de::zoom -window [gi::getWindows 7] -factor 2.0 -center {-4.955 2.823}
[09:33:56.74] /o {-5.057 2.765} {-4.856 2.884}
[09:33:57.18] /# gi::executeAction deCanvasZoomOutAtPoint -in [gi::getWindows 7]
[09:33:57.18] /i de::zoom -window [gi::getWindows 7] -factor 0.5 -center {-4.953 2.828}
[09:33:57.18] /o {-5.162 2.703} {-4.758 2.941}
[09:33:57.21] /# gi::executeAction deCanvasZoomOutAtPoint -in [gi::getWindows 7]
[09:33:57.21] /i de::zoom -window [gi::getWindows 7] -factor 0.5 -center {-4.954 2.827}
[09:33:57.21] /o {-5.369 2.579} {-4.562 3.055}
[09:33:57.25] /# gi::executeAction deCanvasZoomOutAtPoint -in [gi::getWindows 7]
[09:33:57.25] /i de::zoom -window [gi::getWindows 7] -factor 0.5 -center {-4.953 2.828}
[09:33:57.25] /o {-5.786 2.33} {-4.171 3.281}
[09:33:57.57] /# gi::executeAction deCanvasZoomInAtPoint -in [gi::getWindows 7]
[09:33:57.57] /i de::zoom -window [gi::getWindows 7] -factor 2.0 -center {-4.91 2.787}
[09:33:57.57] /o {-5.348 2.558} {-4.541 3.034}
[09:33:57.72] /# gi::executeAction deCanvasZoomInAtPoint -in [gi::getWindows 7]
[09:33:57.72] /i de::zoom -window [gi::getWindows 7] -factor 2.0 -center {-4.91 2.787}
[09:33:57.72] /o {-5.129 2.673} {-4.725 2.911}
[09:33:58.04] /# gi::executeAction deCanvasZoomOutAtPoint -in [gi::getWindows 7]
[09:33:58.04] /i de::zoom -window [gi::getWindows 7] -factor 0.5 -center {-4.911 2.791}
[09:33:58.04] /o {-5.347 2.554} {-4.54 3.03}
[09:33:58.09] /# gi::executeAction deCanvasZoomOutAtPoint -in [gi::getWindows 7]
[09:33:58.09] /i de::zoom -window [gi::getWindows 7] -factor 0.5 -center {-4.911 2.791}
[09:33:58.09] /o {-5.783 2.318} {-4.168 3.269}
[09:33:58.13] /# gi::executeAction deCanvasZoomOutAtPoint -in [gi::getWindows 7]
[09:33:58.13] /i de::zoom -window [gi::getWindows 7] -factor 0.5 -center {-4.91 2.791}
[09:33:58.13] /o {-6.655 1.845} {-3.427 3.748}
[09:33:58.22] /# gi::executeAction deCanvasZoomOutAtPoint -in [gi::getWindows 7]
[09:33:58.22] /i de::zoom -window [gi::getWindows 7] -factor 0.5 -center {-4.911 2.79}
[09:33:58.22] /o {-8.399 0.9} {-1.943 4.705}
[09:33:59.30] /i gi::setActiveWindow 6
[09:33:59.30] /i gi::setActiveWindow 6 -raise true
[09:33:59.77] /i gi::setActiveWindow 3
[09:33:59.77] /i gi::setActiveWindow 3 -raise true
[09:34:00.71] /# gi::executeAction deCanvasZoomInAtPoint -in [gi::getWindows 3]
[09:34:00.71] /i de::zoom -window [gi::getWindows 3] -factor 2.0 -center {-5.675 2.794}
[09:34:00.71] /o {-6.329 1.255} {-1.662 4.006}
[09:34:00.87] /# gi::executeAction deCanvasZoomInAtPoint -in [gi::getWindows 3]
[09:34:00.88] /i de::zoom -window [gi::getWindows 3] -factor 2.0 -center {-5.595 2.794}
[09:34:00.88] /o {-5.962 2.025} {-3.629 3.4}
[09:34:01.56] /# gi::executeAction deCanvasZoomInAtPoint -in [gi::getWindows 3]
[09:34:01.56] /i de::zoom -window [gi::getWindows 3] -factor 2.0 -center {-5.163 2.899}
[09:34:01.56] /o {-5.562 2.462} {-4.396 3.149}
[09:34:03.49] /# gi::executeAction deCanvasZoomOutAtPoint -in [gi::getWindows 3]
[09:34:03.49] /i de::zoom -window [gi::getWindows 3] -factor 0.5 -center {-4.847 2.899}
[09:34:03.49] /o {-6.278 2.025} {-3.945 3.4}
[09:34:03.51] /# gi::executeAction deCanvasZoomOutAtPoint -in [gi::getWindows 3]
[09:34:03.51] /i de::zoom -window [gi::getWindows 3] -factor 0.5 -center {-4.851 2.899}
[09:34:03.52] /o {-7.705 1.15} {-3.038 3.901}
[09:34:03.56] /# gi::executeAction deCanvasZoomOutAtPoint -in [gi::getWindows 3]
[09:34:03.56] /i de::zoom -window [gi::getWindows 3] -factor 0.5 -center {-4.85 2.9}
[09:34:03.56] /o {-10.559 -0.599} {-1.226 4.902}
[09:34:05.27] /i gi::setActiveWindow 2
[09:34:05.27] /i gi::setActiveWindow 2 -raise true
[09:34:10.35] /i gi::executeAction giCloseWindow -in [gi::getWindows 7]
[09:34:11.06] /i gi::executeAction giCloseWindow -in [gi::getWindows 6]
[09:34:12.26] /i gi::executeAction giCloseWindow -in [gi::getWindows 3]
[09:34:16.75] /i gi::setCurrentIndex {cells} -index {TG_in} -in [gi::getWindows 2]
[09:34:16.75] /i gi::setItemSelection {cells} -index {TG_in} -in [gi::getWindows 2]
[09:34:17.13] /i gi::setCurrentIndex {cells} -index {TG_out} -in [gi::getWindows 2]
[09:34:17.13] /i gi::setItemSelection {cells} -index {TG_out} -in [gi::getWindows 2]
[09:34:17.90] /i gi::setCurrentIndex {cells} -index {TG_in} -in [gi::getWindows 2]
[09:34:17.90] /i gi::setItemSelection {cells} -index {TG_in} -in [gi::getWindows 2]
[09:34:18.30] /i gi::setCurrentIndex {cells} -index {TG_out} -in [gi::getWindows 2]
[09:34:18.30] /i gi::setItemSelection {cells} -index {TG_out} -in [gi::getWindows 2]
[09:34:19.29] /i gi::setCurrentIndex {cells} -index {TG_in} -in [gi::getWindows 2]
[09:34:19.29] /i gi::setItemSelection {cells} -index {TG_in} -in [gi::getWindows 2]
[09:34:20.22] /i gi::setCurrentIndex {views} -index {layout} -in [gi::getWindows 2]
[09:34:20.22] /i gi::setItemSelection {views} -index {layout} -in [gi::getWindows 2]
[09:34:21.03] /i gi::executeAction dmOpen -in [gi::getWindows 2]
[09:34:21.08] /r giWindowId 8
[09:34:21.08] /r giWindowGeometry 1632x1020
[09:34:21.09] /# de::setActiveLPP [de::getLPPs "exclude blockage" -from [db::getAttr editDesign -of [de::getContexts -window 8]]]
[09:34:29.99] /i gi::setActiveWindow 2
[09:34:29.99] /i gi::setActiveWindow 2 -raise true
[09:34:31.03] /i gi::executeAction giCloseWindow -in [gi::getWindows 8]
[09:34:31.66] /i gi::setCurrentIndex {cells} -index {inv_out} -in [gi::getWindows 2]
[09:34:31.66] /i gi::setItemSelection {cells} -index {inv_out} -in [gi::getWindows 2]
[09:34:35.77] /i gi::setCurrentIndex {cells} -index {inv_store} -in [gi::getWindows 2]
[09:34:35.78] /i gi::setItemSelection {cells} -index {inv_store} -in [gi::getWindows 2]
[09:34:36.34] /i gi::setCurrentIndex {cells} -index {inv_out} -in [gi::getWindows 2]
[09:34:36.34] /i gi::setItemSelection {cells} -index {inv_out} -in [gi::getWindows 2]
[09:34:38.69] /i gi::setCurrentIndex {cells} -index {inv_store} -in [gi::getWindows 2]
[09:34:38.69] /i gi::setItemSelection {cells} -index {inv_store} -in [gi::getWindows 2]
[09:34:40.19] /i gi::setCurrentIndex {views} -index {schematic} -in [gi::getWindows 2]
[09:34:40.19] /i gi::setItemSelection {views} -index {schematic} -in [gi::getWindows 2]
[09:34:40.69] /i gi::executeAction dmOpen -in [gi::getWindows 2]
[09:34:40.71] /r giWindowId 9
[09:34:40.71] /r giWindowGeometry 1632x1020
[09:34:40.87] /o "project_d_ff/inv_store/schematic" design does not need checking
[09:34:41.22] /i db::setAttr dockSize -of [gi::getAssistants dePropertyEditor -from [gi::getWindows 9]] -value 290x179
[09:34:42.62] /i gi::setActiveWindow 2
[09:34:42.62] /i gi::setActiveWindow 2 -raise true
[09:34:44.68] /# gi::executeAction dmShowNewCellView -in [gi::getWindows 2]
[09:34:44.68] /i dm::showNewCellView -parent 2
[09:34:44.69] /o oa:0x20d11b10
[09:34:44.73] /i gi::setActiveDialog [gi::getDialogs {dmNewCellView} -parent [gi::getWindows 2]]
[09:34:45.01] /i db::setAttr geometry -of [gi::getDialogs {dmNewCellView} -parent [gi::getWindows 2]] -value 588x285+656+413
[09:34:48.43] /i gi::setItemSelection {views} -index {} -in [gi::getDialogs {dmNewCellView} -parent [gi::getWindows 2]]
[09:34:48.43] /i gi::setField {cellViewName} -value {layout} -in [gi::getDialogs {dmNewCellView} -parent [gi::getWindows 2]]
[09:34:49.20] /i gi::pressButton {apply} -in [gi::getDialogs {dmNewCellView} -parent [gi::getWindows 2]]
[09:34:49.20] /# db::getAttr viewType -of [dm::findCellView layout -cell [dm::findCell inv\_store -lib [oa::LibFind [oa::ScalarName [oa::CdbaNS] project\_d\_ff]]]]
[09:34:49.20] /# dm::createCellView layout -cell [dm::findCell inv\_store -lib [ oa::LibFind [oa::ScalarName [oa::CdbaNS] project\_d\_ff]]] -viewType maskLayout
[09:34:49.20] /# dm::addToCellCategory [db::getNext [dm::getCellCategories -libName project\_d\_ff -filter "%name == \"INV\""]] -cell [dm::findCell inv\_store -libName project\_d\_ff]
[09:34:49.20] /# de::open [dm::findCellView layout -cell [dm::findCell inv\_store -lib [oa::LibFind [oa::ScalarName [oa::CdbaNS] project\_d\_ff]]]] -application leLayout
[09:34:49.23] /r giWindowId 10
[09:34:49.23] /r giWindowGeometry 1632x1020
[09:34:49.25] /i de::setActiveLPP [de::getLPPs "exclude blockage" -from [db::getAttr editDesign -of [de::getContexts -window 10]]]
[09:34:50.04] /i gi::setActiveWindow 2
[09:34:50.04] /i gi::setActiveWindow 2 -raise true
[09:34:50.07] /i gi::pressButton {ok} -in [gi::getDialogs {dmNewCellView} -parent [gi::getWindows 2]]
[09:34:50.08] /# db::getAttr viewType -of [dm::findCellView layout -cell [dm::findCell inv\_store -lib [oa::LibFind [oa::ScalarName [oa::CdbaNS] project\_d\_ff]]]]
[09:34:50.15] /r giDialog gi::setActiveDialog [gi::getDialogs {dmOverwrite}]
[09:34:50.40] /r giDialog db::setAttr geometry -of [gi::getDialogs {dmOverwrite}] -value 258x82+821+514
[09:34:51.71] /r giDialog gi::pressButton {overwrite} -in [gi::getDialogs {dmOverwrite}]
[09:34:51.73] /# db::destroy [dm::findCellView layout -cellName inv\_store -libName project\_d\_ff]
[09:34:51.79] /m Information: The context with top design project_d_ff/inv_store/layout was closed because all the designs in its hierarchy were unexpectedly purged. (DESIGN-113)
[09:34:51.80] /# dm::createCellView layout -cell [dm::findCell inv\_store -lib [ oa::LibFind [oa::ScalarName [oa::CdbaNS] project\_d\_ff]]] -viewType maskLayout
[09:34:51.80] /# dm::addToCellCategory [db::getNext [dm::getCellCategories -libName project\_d\_ff -filter "%name == \"INV\""]] -cell [dm::findCell inv\_store -libName project\_d\_ff]
[09:34:51.81] /# de::open [dm::findCellView layout -cell [dm::findCell inv\_store -lib [oa::LibFind [oa::ScalarName [oa::CdbaNS] project\_d\_ff]]]] -application leLayout
[09:34:51.83] /r giWindowId 11
[09:34:51.83] /r giWindowGeometry 1632x1020
[09:34:51.85] /i de::setActiveLPP [de::getLPPs "exclude blockage" -from [db::getAttr editDesign -of [de::getContexts -window 11]]]
[09:34:52.49] /i gi::setActiveWindow 9
[09:34:52.49] /i gi::setActiveWindow 9 -raise true
[09:34:55.43] /i gi::setActiveWindow 11
[09:34:55.43] /i gi::setActiveWindow 11 -raise true
[09:34:55.83] /# gi::executeAction deFitView -in [gi::getWindows 11]
[09:34:55.83] /i de::fit -window 11 -fitView true
[09:34:55.83] /o {-0.393 -0.231} {0.393 0.232}
[09:34:56.05] /# gi::executeAction deCanvasZoomOutAtPoint -in [gi::getWindows 11]
[09:34:56.05] /i de::zoom -window [gi::getWindows 11] -factor 0.5 -center {0.134 0.149}
[09:34:56.05] /o {-0.919 -0.612} {0.652 0.314}
[09:34:56.14] /# gi::executeAction deCanvasZoomOutAtPoint -in [gi::getWindows 11]
[09:34:56.14] /i de::zoom -window [gi::getWindows 11] -factor 0.5 -center {0.134 0.149}
[09:34:56.14] /o {-1.973 -1.373} {1.169 0.479}
[09:34:56.27] /# gi::executeAction deCanvasZoomOutAtPoint -in [gi::getWindows 11]
[09:34:56.27] /i de::zoom -window [gi::getWindows 11] -factor 0.5 -center {0.195 0.213}
[09:34:56.27] /o {-4.141 -2.959} {2.143 0.745}
[09:34:56.84] /# gi::executeAction deCanvasZoomInAtPoint -in [gi::getWindows 11]
[09:34:56.84] /i de::zoom -window [gi::getWindows 11] -factor 2.0 -center {0.599 0.529}
[09:34:56.84] /o {-1.771 -1.215} {1.371 0.637}
[09:34:56.86] /# gi::executeAction deCanvasZoomInAtPoint -in [gi::getWindows 11]
[09:34:56.86] /i de::zoom -window [gi::getWindows 11] -factor 2.0 -center {0.599 0.529}
[09:34:56.86] /o {-0.586 -0.343} {0.985 0.583}
[09:34:56.93] /# gi::executeAction deCanvasZoomInAtPoint -in [gi::getWindows 11]
[09:34:56.93] /i de::zoom -window [gi::getWindows 11] -factor 2.0 -center {0.599 0.529}
[09:34:56.93] /o {0.007 0.093} {0.792 0.556}
[09:34:57.46] /# gi::executeAction deCanvasZoomOutAtPoint -in [gi::getWindows 11]
[09:34:57.46] /i de::zoom -window [gi::getWindows 11] -factor 0.5 -center {0.444 0.468}
[09:34:57.46] /o {-0.431 -0.282} {1.14 0.644}
[09:34:58.65] /i gi::setActiveWindow 2
[09:34:58.65] /i gi::setActiveWindow 2 -raise true
[09:34:59.67] /i gi::setCurrentIndex {cells} -index {CLOCK_inv} -in [gi::getWindows 2]
[09:34:59.67] /i gi::setItemSelection {cells} -index {CLOCK_inv} -in [gi::getWindows 2]
[09:35:00.45] /i gi::setCurrentIndex {views} -index {layout} -in [gi::getWindows 2]
[09:35:00.45] /i gi::setItemSelection {views} -index {layout} -in [gi::getWindows 2]
[09:35:01.06] /i gi::executeAction dmOpen -in [gi::getWindows 2]
[09:35:01.09] /r giWindowId 12
[09:35:01.10] /r giWindowGeometry 1632x1020
[09:35:01.12] /# de::setActiveLPP [de::getLPPs "exclude blockage" -from [db::getAttr editDesign -of [de::getContexts -window 12]]]
[09:35:03.89] /i gi::setField {stopLevel} -value {1} -in [gi::getToolbars {leHierarchy} -from [gi::getWindows 12]]
[09:35:04.37] /# gi::executeAction deSelectByWindow -in [gi::getWindows 12]
[09:35:04.37] /i db::setPrefValue deSelectMode -value Replace -scope [db::getScopes [db::getNext [de::getContexts -window 12]]]; ide::selectByRegion -region rectangle -point {-5.645 5.1} 
[09:35:05.00] /# gi::executeAction deEndDrag -in [gi::getWindows 12]
[09:35:05.00] /i de::endDrag {-3.507 1.271} -context [db::getNext [de::getContexts -window 12]]
[09:35:05.29] /# gi::executeAction leCopy -in [gi::getWindows 12]
[09:35:05.29] /i ile::copy
[09:35:05.55] /# gi::executeAction deAddPoint -in [gi::getWindows 12]
[09:35:05.55] /i de::addPoint {-4.848 3.64} -context [db::getNext [de::getContexts -window 12]]
[09:35:06.56] /i gi::setActiveWindow 9
[09:35:06.56] /i gi::setActiveWindow 9 -raise true
[09:35:07.99] /i gi::setActiveWindow 11 -raise true
[09:35:07.99] /i gi::setActiveWindow 11 -raise true
[09:35:09.14] /# gi::executeAction deCanvasZoomOutAtPoint -in [gi::getWindows 11]
[09:35:09.14] /i de::zoom -window [gi::getWindows 11] -factor 0.5 -center {0.28 0.37}
[09:35:09.14] /o {-1.142 -0.934} {2.0 0.918}
[09:35:09.16] /# gi::executeAction deCanvasZoomOutAtPoint -in [gi::getWindows 11]
[09:35:09.16] /i de::zoom -window [gi::getWindows 11] -factor 0.5 -center {0.28 0.366}
[09:35:09.16] /o {-2.564 -2.234} {3.72 1.47}
[09:35:09.22] /# gi::executeAction deCanvasZoomOutAtPoint -in [gi::getWindows 11]
[09:35:09.22] /i de::zoom -window [gi::getWindows 11] -factor 0.5 -center {0.28 0.366}
[09:35:09.22] /o {-5.408 -4.834} {7.16 2.574}
[09:35:09.53] /# gi::executeAction deFitView -in [gi::getWindows 11]
[09:35:09.53] /i de::fit -window 11 -fitView true
[09:35:09.53] /o {-0.393 -0.231} {0.393 0.232}
[09:35:10.74] /w Warning: Disabled optimizations for high-performance drags due to poor X server performance. To restore, review "Performance Tuning" in the documentation and call db::setPrefValue deEnableRuntimePixmaps -value true (RENDERER-005)
[09:35:11.31] /# gi::executeAction deCanvasZoomOutAtPoint -in [gi::getWindows 11]
[09:35:11.31] /i de::zoom -window [gi::getWindows 11] -factor 0.5 -center {0.074 0.176}
[09:35:11.31] /o {-0.859 -0.639} {0.712 0.287}
[09:35:11.35] /# gi::executeAction deCanvasZoomOutAtPoint -in [gi::getWindows 11]
[09:35:11.35] /i de::zoom -window [gi::getWindows 11] -factor 0.5 -center {0.077 0.172}
[09:35:11.35] /o {-1.796 -1.45} {1.346 0.402}
[09:35:11.37] /# gi::executeAction deCanvasZoomOutAtPoint -in [gi::getWindows 11]
[09:35:11.37] /i de::zoom -window [gi::getWindows 11] -factor 0.5 -center {0.076 0.172}
[09:35:11.37] /o {-3.668 -3.072} {2.616 0.632}
[09:35:11.44] /# gi::executeAction deCanvasZoomOutAtPoint -in [gi::getWindows 11]
[09:35:11.44] /i de::zoom -window [gi::getWindows 11] -factor 0.5 -center {0.076 0.172}
[09:35:11.44] /o {-7.412 -6.316} {5.156 1.092}
[09:35:11.76] /# gi::executeAction deCanvasZoomOutAtPoint -in [gi::getWindows 11]
[09:35:11.76] /i de::zoom -window [gi::getWindows 11] -factor 0.5 -center {0.18 0.484}
[09:35:11.76] /o {-15.004 -13.116} {10.132 1.7}
[09:35:11.78] /# gi::executeAction deCanvasZoomOutAtPoint -in [gi::getWindows 11]
[09:35:11.78] /i de::zoom -window [gi::getWindows 11] -factor 0.5 -center {0.212 0.532}
[09:35:11.78] /o {-30.22 -26.764} {20.052 2.868}
[09:35:11.81] /# gi::executeAction deCanvasZoomOutAtPoint -in [gi::getWindows 11]
[09:35:11.81] /i de::zoom -window [gi::getWindows 11] -factor 0.5 -center {0.244 0.564}
[09:35:11.81] /o {-60.684 -54.092} {39.86 5.172}
[09:35:12.52] /# gi::executeAction deCanvasZoomInAtPoint -in [gi::getWindows 11]
[09:35:12.52] /i de::zoom -window [gi::getWindows 11] -factor 2.0 -center {-7.244 -3.724}
[09:35:12.53] /o {-33.964 -28.908} {16.308 0.724}
[09:35:12.57] /# gi::executeAction deCanvasZoomInAtPoint -in [gi::getWindows 11]
[09:35:12.57] /i de::zoom -window [gi::getWindows 11] -factor 2.0 -center {-7.18 -3.916}
[09:35:12.57] /o {-20.572 -16.412} {4.564 -1.596}
[09:35:12.65] /# gi::executeAction deCanvasZoomInAtPoint -in [gi::getWindows 11]
[09:35:12.65] /i de::zoom -window [gi::getWindows 11] -factor 2.0 -center {-7.164 -4.396}
[09:35:12.65] /o {-13.868 -10.404} {-1.3 -2.996}
[09:35:13.04] /# gi::executeAction deAddPoint -in [gi::getWindows 11]
[09:35:13.04] /i de::addPoint {-7.676 -5.092} -context [db::getNext [de::getContexts -window 11]]
[09:35:13.31] /# gi::executeAction deFitView -in [gi::getWindows 11]
[09:35:13.31] /i de::fit -window 11 -fitView true
[09:35:13.31] /o {-10.996 -7.368} {-4.454 -3.512}
[09:35:13.93] /# gi::executeAction deSelectActive -in [gi::getWindows 11]
[09:35:13.93] /i de::deselectAll [db::getNext [de::getContexts -window 11]]
[09:35:13.94] /i de::deselectAllLogic -context [db::getNext [de::getContexts -window 11]]
[09:35:17.00] /i gi::executeAction giCloseWindow -in [gi::getWindows 12]
[09:35:18.44] /i gi::executeAction deSaveDesign -in [gi::getWindows 11]
[09:35:18.44] /m Information: Saving design 'project_d_ff inv_store layout'. (DESIGN_WINDOW-004)
[09:35:19.36] /i gi::setActiveWindow 9
[09:35:19.36] /i gi::setActiveWindow 9 -raise true
[09:35:21.16] /i gi::setActiveWindow 11
[09:35:21.16] /i gi::setActiveWindow 11 -raise true
[09:35:23.17] /i gi::setActiveWindow 9
[09:35:23.17] /i gi::setActiveWindow 9 -raise true
[09:35:24.66] /i gi::setActiveWindow 11
[09:35:24.66] /i gi::setActiveWindow 11 -raise true
[09:35:25.18] /# gi::executeAction deCanvasZoomInAtPoint -in [gi::getWindows 11]
[09:35:25.18] /i de::zoom -window [gi::getWindows 11] -factor 2.0 -center {-7.994 -4.765}
[09:35:25.18] /o {-9.495 -6.066} {-6.224 -4.139}
[09:35:25.39] /# gi::executeAction deCanvasZoomInAtPoint -in [gi::getWindows 11]
[09:35:25.39] /i de::zoom -window [gi::getWindows 11] -factor 2.0 -center {-7.963 -4.784}
[09:35:25.39] /o {-8.729 -5.425} {-7.094 -4.461}
[09:35:26.97] /i gi::setField {stopLevel} -value {1} -in [gi::getToolbars {leHierarchy} -from [gi::getWindows 11]]
[09:35:27.25] /# gi::executeAction deCanvasZoomOutAtPoint -in [gi::getWindows 11]
[09:35:27.25] /i de::zoom -window [gi::getWindows 11] -factor 0.5 -center {-7.76 -5.134}
[09:35:27.25] /o {-9.698 -5.716} {-6.427 -3.789}
[09:35:27.69] /# gi::executeAction deCanvasZoomInAtPoint -in [gi::getWindows 11]
[09:35:27.69] /i de::zoom -window [gi::getWindows 11] -factor 2.0 -center {-7.724 -5.034}
[09:35:27.69] /o {-8.711 -5.375} {-7.076 -4.411}
[09:35:28.36] /# gi::executeAction deSelectActive -in [gi::getWindows 11]
[09:35:28.36] /i de::deselectAll [db::getNext [de::getContexts -window 11]]
[09:35:28.36] /i de::select [de::getActiveFigure [gi::getWindows 11] -point {-7.604 -4.778} -index 0 -intent none]
[09:35:28.36] /o oa:0x1ea096a0
[09:35:29.59] /i gi::setItemSelection {parameters} -index {w,all} -in [gi::getAssistants dePropertyEditor -from [gi::getWindows 11]]
[09:35:29.59] /i gi::setCurrentIndex {parameters} -index {w,Value} -in [gi::getAssistants dePropertyEditor -from [gi::getWindows 11]]
[09:35:31.07] /i gi::setField {parameters} -value {0.3u} -index {w,Value} -in [gi::getAssistants dePropertyEditor -from [gi::getWindows 11]]
[09:35:31.07] /i gi::executeAction dePropertyEditorApplyChanges -in [gi::getAssistants dePropertyEditor -from [gi::getWindows 11]]
[09:35:31.66] /o 
              /c *************************** P ************************
[09:35:31.66] /o 
[09:35:31.66] /o WARNING 0001> Parameter "Width per Finger" Value "f0.3u" is invalid, Resetting to Default value.
[09:35:31.66] /o 
[09:35:31.68] /i gi::setField {parameters} -value {f0.3u} -index {w,Value} -in [gi::getAssistants dePropertyEditor -from [gi::getWindows 11]]
[09:35:32.16] /# gi::executeAction deSelectActive -in [gi::getWindows 11]
[09:35:32.16] /i de::deselectAll [db::getNext [de::getContexts -window 11]]
[09:35:32.21] /r giDialog gi::setActiveDialog [gi::getDialogs {dbSelectionChange} -parent [gi::getWindows 11]]
[09:35:32.51] /r giDialog db::setAttr geometry -of [gi::getDialogs {dbSelectionChange} -parent [gi::getWindows 11]] -value 432x82+744+573
[09:35:33.39] /r giDialog gi::pressButton {apply} -in [gi::getDialogs {dbSelectionChange} -parent [gi::getWindows 11]]
[09:35:33.41] /i de::deselectAllLogic -context [db::getNext [de::getContexts -window 11]]
[09:35:33.73] /# gi::executeAction deCanvasZoomOutAtPoint -in [gi::getWindows 11]
[09:35:33.73] /i de::zoom -window [gi::getWindows 11] -factor 0.5 -center {-7.604 -5.014}
[09:35:33.73] /o {-9.818 -5.736} {-6.547 -3.809}
[09:35:33.78] /# gi::executeAction deCanvasZoomOutAtPoint -in [gi::getWindows 11]
[09:35:33.78] /i de::zoom -window [gi::getWindows 11] -factor 0.5 -center {-7.617 -5.054}
[09:35:33.78] /o {-12.019 -6.419} {-5.477 -2.563}
[09:35:33.83] /# gi::executeAction deCanvasZoomOutAtPoint -in [gi::getWindows 11]
[09:35:33.83] /i de::zoom -window [gi::getWindows 11] -factor 0.5 -center {-7.618 -5.078}
[09:35:33.83] /o {-16.419 -7.76} {-3.337 -0.048}
[09:35:34.23] /# gi::executeAction deCanvasZoomInAtPoint -in [gi::getWindows 11]
[09:35:34.23] /i de::zoom -window [gi::getWindows 11] -factor 2.0 -center {-7.217 -5.778}
[09:35:34.23] /o {-11.818 -6.769} {-5.277 -2.913}
[09:35:34.34] /# gi::executeAction deCanvasZoomInAtPoint -in [gi::getWindows 11]
[09:35:34.34] /i de::zoom -window [gi::getWindows 11] -factor 2.0 -center {-7.217 -5.778}
[09:35:34.34] /o {-9.518 -6.273} {-6.247 -4.346}
[09:35:34.85] /# gi::executeAction deSelectActive -in [gi::getWindows 11]
[09:35:34.85] /i de::deselectAll [db::getNext [de::getContexts -window 11]]
[09:35:34.85] /i de::select [de::getActiveFigure [gi::getWindows 11] -point {-7.223 -5.514} -index 0 -intent none]
[09:35:34.85] /o oa:0x21452280
[09:35:36.14] /# gi::executeAction deSelectActive -in [gi::getWindows 11]
[09:35:36.14] /i de::cycleActiveFigure [gi::getWindows 11] -direction next
[09:35:36.14] /o oa:0x20c50930
[09:35:36.14] /i de::deselectAll [db::getNext [de::getContexts -window 11]]
[09:35:36.14] /i de::select [de::getActiveFigure [gi::getWindows 11] -point {-7.261 -5.447} -index 1 -intent none]
[09:35:36.14] /o oa:0x1fa10110
[09:35:36.85] /i gi::setItemSelection {parameters} -index {w,all} -in [gi::getAssistants dePropertyEditor -from [gi::getWindows 11]]
[09:35:36.85] /i gi::setCurrentIndex {parameters} -index {w,Value} -in [gi::getAssistants dePropertyEditor -from [gi::getWindows 11]]
[09:35:38.28] /i gi::setField {parameters} -value {0.3u} -index {w,Value} -in [gi::getAssistants dePropertyEditor -from [gi::getWindows 11]]
[09:35:38.28] /i gi::executeAction dePropertyEditorApplyChanges -in [gi::getAssistants dePropertyEditor -from [gi::getWindows 11]]
[09:35:39.06] /# gi::executeAction deSelectActive -in [gi::getWindows 11]
[09:35:39.06] /i de::deselectAll [db::getNext [de::getContexts -window 11]]
[09:35:39.06] /i de::deselectAllLogic -context [db::getNext [de::getContexts -window 11]]
[09:35:39.69] /# gi::executeAction deSelectActive -in [gi::getWindows 11]
[09:35:39.69] /i de::deselectAll [db::getNext [de::getContexts -window 11]]
[09:35:39.69] /i de::select [de::getActiveFigure [gi::getWindows 11] -point {-7.663 -6.134} -index 0 -intent none]
[09:35:39.69] /o oa:0x1fcdc8b0
[09:35:41.02] /i gi::setItemSelection {parameters} -index {w,all} -in [gi::getAssistants dePropertyEditor -from [gi::getWindows 11]]
[09:35:41.03] /i gi::setCurrentIndex {parameters} -index {w,Value} -in [gi::getAssistants dePropertyEditor -from [gi::getWindows 11]]
[09:35:42.65] /i gi::setField {parameters} -value {0.12u} -index {w,Value} -in [gi::getAssistants dePropertyEditor -from [gi::getWindows 11]]
[09:35:42.65] /i gi::executeAction dePropertyEditorApplyChanges -in [gi::getAssistants dePropertyEditor -from [gi::getWindows 11]]
[09:35:43.55] /# gi::executeAction deCanvasZoomOutAtPoint -in [gi::getWindows 11]
[09:35:43.55] /i de::zoom -window [gi::getWindows 11] -factor 0.5 -center {-7.15 -5.703}
[09:35:43.55] /o {-11.885 -6.844} {-5.344 -2.988}
[09:35:43.73] /# gi::executeAction deFitView -in [gi::getWindows 11]
[09:35:43.73] /i de::fit -window 11 -fitView true
[09:35:43.73] /o {-11.036 -7.368} {-4.494 -3.512}
[09:35:44.23] /# gi::executeAction deSelectActive -in [gi::getWindows 11]
[09:35:44.23] /i de::deselectAll [db::getNext [de::getContexts -window 11]]
[09:35:44.23] /i de::deselectAllLogic -context [db::getNext [de::getContexts -window 11]]
[09:35:46.57] /# gi::executeAction deSelectActive -in [gi::getWindows 11]
[09:35:46.57] /i de::deselectAll [db::getNext [de::getContexts -window 11]]
[09:35:46.57] /i de::select [de::getActiveFigure [gi::getWindows 11] -point {-7.588 -5.003} -index 0 -intent none]
[09:35:46.57] /o oa:0x1ed8e390
[09:35:47.15] /# gi::executeAction deSelectActive -in [gi::getWindows 11]
[09:35:47.15] /i de::deselectAll [db::getNext [de::getContexts -window 11]]
[09:35:47.15] /i de::deselectAllLogic -context [db::getNext [de::getContexts -window 11]]
[09:35:48.80] /# gi::executeAction deCanvasZoomInAtPoint -in [gi::getWindows 11]
[09:35:48.81] /i de::zoom -window [gi::getWindows 11] -factor 2.0 -center {-7.384 -6.21}
[09:35:48.81] /o {-9.21 -6.789} {-5.939 -4.861}
[09:35:50.87] /# gi::executeAction deSelectActive -in [gi::getWindows 11]
[09:35:50.87] /i de::deselectAll [db::getNext [de::getContexts -window 11]]
[09:35:50.87] /i de::select [de::getActiveFigure [gi::getWindows 11] -point {-7.084 -5.338} -index 0 -intent none]
[09:35:50.87] /o oa:0x1fdcee90
[09:35:54.07] /# gi::executeAction deSelectActive -in [gi::getWindows 11]
[09:35:54.07] /i de::cycleActiveFigure [gi::getWindows 11] -direction next
[09:35:54.07] /o oa:0x1f157570
[09:35:54.07] /i de::deselectAll [db::getNext [de::getContexts -window 11]]
[09:35:54.07] /i de::select [de::getActiveFigure [gi::getWindows 11] -point {-7.128 -5.338} -index 1 -intent none]
[09:35:54.07] /o oa:0x208393c0
[09:35:54.69] /# gi::executeAction deFitView -in [gi::getWindows 11]
[09:35:54.69] /i de::fit -window 11 -fitView true
[09:35:54.69] /o {-11.036 -7.368} {-4.494 -3.512}
[09:35:55.13] /# gi::executeAction deCanvasZoomInAtPoint -in [gi::getWindows 11]
[09:35:55.13] /i de::zoom -window [gi::getWindows 11] -factor 2.0 -center {-7.097 -7.039}
[09:35:55.13] /o {-9.066 -7.203} {-5.796 -5.276}
[09:35:55.45] /# gi::executeAction deCanvasZoomOutAtPoint -in [gi::getWindows 11]
[09:35:55.45] /i de::zoom -window [gi::getWindows 11] -factor 0.5 -center {-7.103 -7.058}
[09:35:55.45] /o {-11.03 -7.349} {-4.488 -3.493}
[09:35:56.11] /# gi::executeAction deSelectByWindow -in [gi::getWindows 11]
[09:35:56.11] /i db::setPrefValue deSelectMode -value Replace -scope [db::getScopes [db::getNext [de::getContexts -window 11]]]; ide::selectByRegion -region rectangle -point {-7.055 -7.27} 
[09:35:57.86] /# gi::executeAction deEndDrag -in [gi::getWindows 11]
[09:35:57.86] /i de::endDrag {-8.552 -6.72} -context [db::getNext [de::getContexts -window 11]]
[09:35:58.59] /# gi::executeAction deSelectActive -in [gi::getWindows 11]
[09:35:58.59] /i de::deselectAll [db::getNext [de::getContexts -window 11]]
[09:35:58.59] /i de::select [de::getActiveFigure [gi::getWindows 11] -point {-7.303 -6.17} -index 0 -intent none]
[09:35:58.59] /o oa:0x205c0880
[09:35:59.25] /# gi::executeAction leStartStretchDrag -in [gi::getWindows 11]
[09:35:59.25] /i layout_editor::directStretch [de::getActiveFigure [gi::getWindows 11] -point {-7.316 -6.145} -index 0 -intent none] 11
[09:35:59.25] /# ile::stretch -point {-7.315 -6.145}
[09:36:00.54] /# gi::executeAction deEndDrag -in [gi::getWindows 11]
[09:36:00.54] /i de::endDrag {-7.257 -6.145} -context [db::getNext [de::getContexts -window 11]]
[09:36:00.90] /# gi::executeAction deCanvasZoomInAtPoint -in [gi::getWindows 11]
[09:36:00.90] /i de::zoom -window [gi::getWindows 11] -factor 2.0 -center {-7.915 -6.304}
[09:36:00.90] /o {-9.472 -6.826} {-6.202 -4.899}
[09:36:01.16] /# gi::executeAction deCanvasZoomInAtPoint -in [gi::getWindows 11]
[09:36:01.16] /i de::zoom -window [gi::getWindows 11] -factor 2.0 -center {-7.971 -6.285}
[09:36:01.16] /o {-8.722 -6.556} {-7.086 -5.592}
[09:36:01.80] /# gi::executeAction deCanvasZoomOutAtPoint -in [gi::getWindows 11]
[09:36:01.80] /i de::zoom -window [gi::getWindows 11] -factor 0.5 -center {-7.96 -6.333}
[09:36:01.81] /o {-9.483 -6.778} {-6.213 -4.851}
[09:36:02.02] /# gi::executeAction deFitView -in [gi::getWindows 11]
[09:36:02.02] /i de::fit -window 11 -fitView true
[09:36:02.02] /o {-11.036 -7.368} {-4.494 -3.512}
[09:36:03.16] /# gi::executeAction deSelectActive -in [gi::getWindows 11]
[09:36:03.16] /i de::deselectAll [db::getNext [de::getContexts -window 11]]
[09:36:03.16] /i de::select [de::getActiveFigure [gi::getWindows 11] -point {-7.347 -6.597} -index 0 -intent none]
[09:36:03.16] /o oa:0x1fdaf4d0
[09:36:03.68] /# gi::executeAction deSelectActive -in [gi::getWindows 11]
[09:36:03.68] /i de::deselectAll [db::getNext [de::getContexts -window 11]]
[09:36:03.69] /i de::select [de::getActiveFigure [gi::getWindows 11] -point {-7.347 -6.548} -index 0 -intent none]
[09:36:03.69] /o oa:0x1eb8d6c0
[09:36:05.37] /# gi::executeAction leStartStretchDrag -in [gi::getWindows 11]
[09:36:05.37] /i layout_editor::directStretch [de::getActiveFigure [gi::getWindows 11] -point {-7.363 -6.514} -index 0 -intent none] 11
[09:36:05.37] /# ile::stretch -point {-7.365 -6.515}
[09:36:06.24] /# gi::executeAction deEndDrag -in [gi::getWindows 11]
[09:36:06.24] /i de::endDrag {-7.359 -6.577} -context [db::getNext [de::getContexts -window 11]]
[09:36:06.93] /# gi::executeAction deCanvasZoomInAtPoint -in [gi::getWindows 11]
[09:36:06.93] /i de::zoom -window [gi::getWindows 11] -factor 2.0 -center {-7.963 -6.227}
[09:36:06.93] /o {-9.499 -6.797} {-6.229 -4.87}
[09:36:07.01] /# gi::executeAction deCanvasZoomInAtPoint -in [gi::getWindows 11]
[09:36:07.01] /i de::zoom -window [gi::getWindows 11] -factor 2.0 -center {-7.961 -6.227}
[09:36:07.01] /o {-8.73 -6.512} {-7.095 -5.548}
[09:36:07.63] /# gi::executeAction deSelectActive -in [gi::getWindows 11]
[09:36:07.63] /i de::deselectAll [db::getNext [de::getContexts -window 11]]
[09:36:07.63] /i de::select [de::getActiveFigure [gi::getWindows 11] -point {-7.361 -6.171} -index 0 -intent none]
[09:36:07.63] /o oa:0x210b1710
[09:36:08.18] /# gi::executeAction deSelectActive -in [gi::getWindows 11]
[09:36:08.18] /i de::cycleActiveFigure [gi::getWindows 11] -direction next
[09:36:08.18] /o oa:0x1f0d2930
[09:36:08.78] /# gi::executeAction leStartStretchDrag -in [gi::getWindows 11]
[09:36:08.78] /i layout_editor::directStretch [de::getActiveFigure [gi::getWindows 11] -point {-7.302 -6.16} -index 0 -intent none] 11
[09:36:08.78] /# ile::stretch -point {-7.3 -6.16}
[09:36:12.40] /# gi::executeAction deEndDrag -in [gi::getWindows 11]
[09:36:12.40] /i de::endDrag {-7.29 -6.16} -context [db::getNext [de::getContexts -window 11]]
[09:36:12.98] /# gi::executeAction deFitView -in [gi::getWindows 11]
[09:36:12.98] /i de::fit -window 11 -fitView true
[09:36:12.98] /o {-11.092 -7.431} {-4.438 -3.509}
[09:36:13.54] /# gi::executeAction deCanvasZoomInAtPoint -in [gi::getWindows 11]
[09:36:13.54] /i de::zoom -window [gi::getWindows 11] -factor 2.0 -center {-6.441 -5.58}
[09:36:13.54] /o {-8.767 -6.506} {-5.439 -4.544}
[09:36:15.06] /# gi::executeAction deSelectActive -in [gi::getWindows 11]
[09:36:15.06] /i de::deselectAll [db::getNext [de::getContexts -window 11]]
[09:36:15.06] /i de::select [de::getActiveFigure [gi::getWindows 11] -point {-7.716 -5.639} -index 0 -intent none]
[09:36:15.06] /o oa:0x1ef1dea0
[09:36:15.66] /# gi::executeAction leStartStretchDrag -in [gi::getWindows 11]
[09:36:15.66] /i layout_editor::directStretch [de::getActiveFigure [gi::getWindows 11] -point {-7.735 -5.627} -index 0 -intent none] 11
[09:36:15.66] /# ile::stretch -point {-7.735 -5.625}
[09:36:17.01] /# gi::executeAction deEndDrag -in [gi::getWindows 11]
[09:36:17.01] /i de::endDrag {-7.665 -5.627} -context [db::getNext [de::getContexts -window 11]]
[09:36:17.52] /# gi::executeAction deSelectActive -in [gi::getWindows 11]
[09:36:17.52] /i de::deselectAll [db::getNext [de::getContexts -window 11]]
[09:36:17.52] /i de::select [de::getActiveFigure [gi::getWindows 11] -point {-7.043 -5.284} -index 0 -intent none]
[09:36:17.52] /o oa:0x1ebc6a30
[09:36:18.04] /# gi::executeAction leStartStretchDrag -in [gi::getWindows 11]
[09:36:18.04] /i layout_editor::directStretch [de::getActiveFigure [gi::getWindows 11] -point {-7.043 -5.284} -index 0 -intent none] 11
[09:36:18.04] /# db::setPrefValue deSelectMode -value Replace -scope [db::getScopes [db::getNext [de::getContexts -window 11]]]; ide::selectByRegion -region rectangle -point {-7.045 -5.285} 
[09:36:18.62] /# gi::executeAction deEndDrag -in [gi::getWindows 11]
[09:36:18.62] /i de::endDrag {-6.981 -5.284} -context [db::getNext [de::getContexts -window 11]]
[09:36:18.92] /# gi::executeAction deSelectActive -in [gi::getWindows 11]
[09:36:18.92] /i de::deselectAll [db::getNext [de::getContexts -window 11]]
[09:36:18.92] /i de::select [de::getActiveFigure [gi::getWindows 11] -point {-7.024 -5.262} -index 0 -intent none]
[09:36:18.93] /o oa:0x1fc02820
[09:36:19.28] /# gi::executeAction deSelectActive -in [gi::getWindows 11]
[09:36:19.28] /i de::cycleActiveFigure [gi::getWindows 11] -direction next
[09:36:19.29] /o oa:0x1f46c870
[09:36:19.29] /i de::deselectAll [db::getNext [de::getContexts -window 11]]
[09:36:19.29] /i de::select [de::getActiveFigure [gi::getWindows 11] -point {-7.03 -5.262} -index 1 -intent none]
[09:36:19.29] /o oa:0x20219e00
[09:36:19.82] /# gi::executeAction leStartStretchDrag -in [gi::getWindows 11]
[09:36:19.82] /i layout_editor::directStretch [de::getActiveFigure [gi::getWindows 11] -point {-7.03 -5.262} -index 1 -intent none] 11
[09:36:19.82] /# ile::stretch -point {-7.03 -5.26}
[09:36:25.65] /# gi::executeAction deEndDrag -in [gi::getWindows 11]
[09:36:25.65] /i de::endDrag {-7.024 -5.275} -context [db::getNext [de::getContexts -window 11]]
[09:36:26.11] /# gi::executeAction deCanvasZoomOutAtPoint -in [gi::getWindows 11]
[09:36:26.11] /i de::zoom -window [gi::getWindows 11] -factor 0.5 -center {-7.716 -5.008}
[09:36:26.11] /o {-9.817 -8.003} {-3.163 -4.081}
[09:36:28.84] /# gi::executeAction deSelectActive -in [gi::getWindows 11]
[09:36:28.84] /i de::cycleActiveFigure [gi::getWindows 11] -direction next
[09:36:28.84] /o oa:0x1e9edd80
[09:36:28.84] /i de::deselectAll [db::getNext [de::getContexts -window 11]]
[09:36:28.84] /i de::select [de::getActiveFigure [gi::getWindows 11] -point {-7.259 -5.114} -index 1 -intent none]
[09:36:28.84] /o oa:0x1ea21410
[09:36:29.37] /# gi::executeAction leStartStretchDrag -in [gi::getWindows 11]
[09:36:29.37] /i layout_editor::directStretch [de::getActiveFigure [gi::getWindows 11] -point {-7.259 -5.114} -index 1 -intent none] 11
[09:36:29.37] /# ile::stretch -point {-7.26 -5.115}
[09:36:31.15] /# gi::executeAction deEndDrag -in [gi::getWindows 11]
[09:36:31.15] /i de::endDrag {-7.132 -5.11} -context [db::getNext [de::getContexts -window 11]]
[09:36:31.92] /# gi::executeAction deSelectActive -in [gi::getWindows 11]
[09:36:31.92] /i de::cycleActiveFigure [gi::getWindows 11] -direction next
[09:36:31.92] /o oa:0x1fd04bf0
[09:36:31.92] /i de::deselectAll [db::getNext [de::getContexts -window 11]]
[09:36:31.92] /i de::select [de::getActiveFigure [gi::getWindows 11] -point {-7.576 -4.92} -index 1 -intent none]
[09:36:31.92] /o oa:0x2045ecf0
[09:36:32.48] /# gi::executeAction leStartStretchDrag -in [gi::getWindows 11]
[09:36:32.48] /i layout_editor::directStretch [de::getActiveFigure [gi::getWindows 11] -point {-7.564 -4.873} -index 0 -intent none] 11
[09:36:32.48] /# db::setPrefValue deSelectMode -value Replace -scope [db::getScopes [db::getNext [de::getContexts -window 11]]]; ide::selectByRegion -region rectangle -point {-7.565 -4.875} 
[09:36:32.86] /# gi::executeAction deEndDrag -in [gi::getWindows 11]
[09:36:32.86] /i de::endDrag {-7.411 -4.873} -context [db::getNext [de::getContexts -window 11]]
[09:36:33.38] /# gi::executeAction deSelectActive -in [gi::getWindows 11]
[09:36:33.38] /i de::deselectAll [db::getNext [de::getContexts -window 11]]
[09:36:33.38] /i de::select [de::getActiveFigure [gi::getWindows 11] -point {-7.564 -4.873} -index 0 -intent none]
[09:36:33.38] /o oa:0x211d0420
[09:36:33.93] /# gi::executeAction leStartStretchDrag -in [gi::getWindows 11]
[09:36:33.93] /i layout_editor::directStretch [de::getActiveFigure [gi::getWindows 11] -point {-7.564 -4.86} -index 0 -intent none] 11
[09:36:33.93] /# ile::stretch -point {-7.565 -4.86}
[09:36:34.35] /# gi::executeAction deEndDrag -in [gi::getWindows 11]
[09:36:34.35] /i de::endDrag {-7.411 -4.86} -context [db::getNext [de::getContexts -window 11]]
[09:36:34.83] /# gi::executeAction deSelectActive -in [gi::getWindows 11]
[09:36:34.83] /i de::deselectAll [db::getNext [de::getContexts -window 11]]
[09:36:34.83] /i de::select [de::getActiveFigure [gi::getWindows 11] -point {-7.657 -4.869} -index 0 -intent none]
[09:36:34.83] /o oa:0x20560790
[09:36:35.30] /# gi::executeAction leStartStretchDrag -in [gi::getWindows 11]
[09:36:35.30] /i layout_editor::directStretch [de::getActiveFigure [gi::getWindows 11] -point {-7.657 -4.869} -index 0 -intent none] 11
[09:36:35.30] /# ile::stretch -point {-7.655 -4.87}
[09:36:35.70] /# gi::executeAction deEndDrag -in [gi::getWindows 11]
[09:36:35.70] /i de::endDrag {-6.458 -4.975} -context [db::getNext [de::getContexts -window 11]]
[09:36:36.20] /# gi::executeAction deCanvasZoomInAtPoint -in [gi::getWindows 11]
[09:36:36.20] /i de::zoom -window [gi::getWindows 11] -factor 2.0 -center {-7.568 -5.559}
[09:36:36.20] /o {-8.693 -6.781} {-5.365 -4.82}
[09:36:37.12] /# gi::executeAction deSelectActive -in [gi::getWindows 11]
[09:36:37.12] /i de::deselectAll [db::getNext [de::getContexts -window 11]]
[09:36:37.12] /i de::select [de::getActiveFigure [gi::getWindows 11] -point {-7.102 -5.451} -index 0 -intent none]
[09:36:37.13] /o oa:0x205ee1d0
[09:36:38.12] /# gi::executeAction deSelectActive -in [gi::getWindows 11]
[09:36:38.12] /i de::deselectAll [db::getNext [de::getContexts -window 11]]
[09:36:38.12] /i de::select [de::getActiveFigure [gi::getWindows 11] -point {-7.409 -5.057} -index 0 -intent none]
[09:36:38.12] /o oa:0x1ec820c0
[09:36:38.84] /# gi::executeAction leStartStretchDrag -in [gi::getWindows 11]
[09:36:38.84] /i layout_editor::directStretch [de::getActiveFigure [gi::getWindows 11] -point {-7.42 -5.057} -index 0 -intent none] 11
[09:36:38.84] /# ile::stretch -point {-7.42 -5.055}
[09:36:39.26] /# gi::executeAction deEndDrag -in [gi::getWindows 11]
[09:36:39.26] /i de::endDrag {-7.403 -5.15} -context [db::getNext [de::getContexts -window 11]]
[09:36:39.86] /# gi::executeAction leStartStretchDrag -in [gi::getWindows 11]
[09:36:39.87] /i layout_editor::directStretch [de::getActiveFigure [gi::getWindows 11] -point {-7.413 -5.14} -index 0 -intent none] 11
[09:36:39.87] /# ile::stretch -point {-7.415 -5.14}
[09:36:43.73] /# gi::executeAction deEndDrag -in [gi::getWindows 11]
[09:36:43.73] /i de::endDrag {-7.428 -5.14} -context [db::getNext [de::getContexts -window 11]]
[09:36:44.49] /# gi::executeAction leStartStretchDrag -in [gi::getWindows 11]
[09:36:44.49] /i layout_editor::directStretch [de::getActiveFigure [gi::getWindows 11] -point {-7.432 -5.087} -index 0 -intent none] 11
[09:36:44.49] /# ile::stretch -point {-7.43 -5.085}
[09:36:45.54] /# gi::executeAction deEndDrag -in [gi::getWindows 11]
[09:36:45.54] /i de::endDrag {-7.432 -5.144} -context [db::getNext [de::getContexts -window 11]]
[09:36:46.53] /# gi::executeAction deSelectActive -in [gi::getWindows 11]
[09:36:46.53] /i de::deselectAll [db::getNext [de::getContexts -window 11]]
[09:36:46.53] /i de::select [de::getActiveFigure [gi::getWindows 11] -point {-6.988 -4.975} -index 0 -intent none]
[09:36:46.54] /o oa:0x1fc6a270
[09:36:46.95] /# gi::executeAction deSelectActive -in [gi::getWindows 11]
[09:36:46.95] /i de::deselectAll [db::getNext [de::getContexts -window 11]]
[09:36:46.95] /i de::deselectAllLogic -context [db::getNext [de::getContexts -window 11]]
[09:36:47.53] /# gi::executeAction leStretch -in [gi::getWindows 11]
[09:36:47.53] /i ile::stretch
[09:36:48.11] /# gi::executeAction deAddPoint -in [gi::getWindows 11]
[09:36:48.11] /i de::addPoint {-7.452 -4.987} -context [db::getNext [de::getContexts -window 11]]
[09:36:49.34] /# gi::executeAction deAddPoint -in [gi::getWindows 11]
[09:36:49.34] /i de::addPoint {-7.452 -5.318} -context [db::getNext [de::getContexts -window 11]]
[09:36:49.58] /# gi::executeAction deAbortCommand -in [gi::getWindows 11]
[09:36:49.58] /i de::abortCommand -context [db::getNext [de::getContexts -window 11]]
[09:36:49.89] /# gi::executeAction deSelectActive -in [gi::getWindows 11]
[09:36:49.89] /i de::deselectAll [db::getNext [de::getContexts -window 11]]
[09:36:49.89] /i de::select [de::getActiveFigure [gi::getWindows 11] -point {-7.102 -5.197} -index 0 -intent none]
[09:36:49.89] /o oa:0x1ee95cd0
[09:36:50.63] /# gi::executeAction leStartStretchDrag -in [gi::getWindows 11]
[09:36:50.63] /i layout_editor::directStretch [de::getActiveFigure [gi::getWindows 11] -point {-7.102 -5.195} -index 0 -intent none] 11
[09:36:50.63] /# db::setPrefValue deSelectMode -value Replace -scope [db::getScopes [db::getNext [de::getContexts -window 11]]]; ide::selectByRegion -region rectangle -point {-7.1 -5.195} 
[09:36:50.87] /# gi::executeAction deEndDrag -in [gi::getWindows 11]
[09:36:50.87] /i de::endDrag {-7.083 -5.195} -context [db::getNext [de::getContexts -window 11]]
[09:36:51.10] /# gi::executeAction deSelectActive -in [gi::getWindows 11]
[09:36:51.10] /i de::deselectAll [db::getNext [de::getContexts -window 11]]
[09:36:51.10] /i de::select [de::getActiveFigure [gi::getWindows 11] -point {-7.083 -5.195} -index 0 -intent none]
[09:36:51.10] /o oa:0x1fab1730
[09:36:51.47] /# gi::executeAction deSelectActive -in [gi::getWindows 11]
[09:36:51.47] /i de::cycleActiveFigure [gi::getWindows 11] -direction next
[09:36:51.47] /o oa:0x207bf340
[09:36:51.47] /i de::deselectAll [db::getNext [de::getContexts -window 11]]
[09:36:51.47] /i de::select [de::getActiveFigure [gi::getWindows 11] -point {-7.083 -5.195} -index 1 -intent none]
[09:36:51.47] /o oa:0x1f157980
[09:36:51.98] /# gi::executeAction leStartStretchDrag -in [gi::getWindows 11]
[09:36:51.98] /i layout_editor::directStretch [de::getActiveFigure [gi::getWindows 11] -point {-7.083 -5.195} -index 1 -intent none] 11
[09:36:51.98] /# ile::stretch -point {-7.085 -5.195}
[09:36:56.07] /# gi::executeAction deEndDrag -in [gi::getWindows 11]
[09:36:56.07] /i de::endDrag {-7.077 -5.195} -context [db::getNext [de::getContexts -window 11]]
[09:36:56.89] /# gi::executeAction deCanvasZoomInAtPoint -in [gi::getWindows 11]
[09:36:56.89] /i de::zoom -window [gi::getWindows 11] -factor 2.0 -center {-7.54 -5.28}
[09:36:56.89] /o {-8.116 -6.031} {-6.453 -5.05}
[09:36:57.39] /# gi::executeAction deCanvasZoomInAtPoint -in [gi::getWindows 11]
[09:36:57.39] /i de::zoom -window [gi::getWindows 11] -factor 2.0 -center {-7.433 -5.337}
[09:36:57.39] /o {-7.775 -5.684} {-6.943 -5.193}
[09:36:58.19] /# gi::executeAction deFitView -in [gi::getWindows 11]
[09:36:58.19] /i de::fit -window 11 -fitView true
[09:36:58.19] /o {-10.76 -7.431} {-4.105 -3.509}
[09:36:58.80] /# gi::executeAction deSelectActive -in [gi::getWindows 11]
[09:36:58.80] /i de::deselectAll [db::getNext [de::getContexts -window 11]]
[09:36:58.80] /i de::deselectAllLogic -context [db::getNext [de::getContexts -window 11]]
[09:36:59.29] /# gi::executeAction deCanvasZoomInAtPoint -in [gi::getWindows 11]
[09:36:59.29] /i de::zoom -window [gi::getWindows 11] -factor 2.0 -center {-6.719 -5.834}
[09:36:59.29] /o {-8.739 -6.633} {-5.412 -4.671}
[09:36:59.95] /# gi::executeAction deSelectActive -in [gi::getWindows 11]
[09:36:59.95] /i de::deselectAll [db::getNext [de::getContexts -window 11]]
[09:36:59.95] /i de::select [de::getActiveFigure [gi::getWindows 11] -point {-6.554 -5.752} -index 0 -intent none]
[09:36:59.95] /o oa:0x20dfe610
[09:37:00.76] /# gi::executeAction deSelectActive -in [gi::getWindows 11]
[09:37:00.76] /i de::deselectAll [db::getNext [de::getContexts -window 11]]
[09:37:00.76] /i de::deselectAllLogic -context [db::getNext [de::getContexts -window 11]]
[09:37:01.30] /# gi::executeAction leStretch -in [gi::getWindows 11]
[09:37:01.30] /i ile::stretch
[09:37:01.83] /# gi::executeAction deAddPoint -in [gi::getWindows 11]
[09:37:01.83] /i de::addPoint {-6.497 -4.839} -context [db::getNext [de::getContexts -window 11]]
[09:37:02.73] /# gi::executeAction deAddPoint -in [gi::getWindows 11]
[09:37:02.73] /i de::addPoint {-6.501 -5.557} -context [db::getNext [de::getContexts -window 11]]
[09:37:03.12] /# gi::executeAction deAbortCommand -in [gi::getWindows 11]
[09:37:03.12] /i de::abortCommand -context [db::getNext [de::getContexts -window 11]]
[09:37:03.40] /# gi::executeAction deSelectActive -in [gi::getWindows 11]
[09:37:03.40] /i de::deselectAll [db::getNext [de::getContexts -window 11]]
[09:37:03.40] /i de::select [de::getActiveFigure [gi::getWindows 11] -point {-6.497 -5.707} -index 0 -intent none]
[09:37:03.40] /o oa:0x20fe2f70
[09:37:04.09] /# gi::executeAction leStartStretchDrag -in [gi::getWindows 11]
[09:37:04.09] /i layout_editor::directStretch [de::getActiveFigure [gi::getWindows 11] -point {-6.497 -5.707} -index 0 -intent none] 11
[09:37:04.09] /# ile::stretch -point {-6.495 -5.705}
[09:37:05.32] /# gi::executeAction deEndDrag -in [gi::getWindows 11]
[09:37:05.32] /i de::endDrag {-7.619 -5.709} -context [db::getNext [de::getContexts -window 11]]
[09:37:06.04] /# gi::executeAction leStartStretchDrag -in [gi::getWindows 11]
[09:37:06.04] /i layout_editor::directStretch [de::getActiveFigure [gi::getWindows 11] -point {-7.632 -5.932} -index 0 -intent none] 11
[09:37:06.04] /# ile::stretch -point {-7.63 -5.93}
[09:37:08.44] /# gi::executeAction deEndDrag -in [gi::getWindows 11]
[09:37:08.44] /i de::endDrag {-7.596 -5.542} -context [db::getNext [de::getContexts -window 11]]
[09:37:08.84] /# gi::executeAction leStretch -in [gi::getWindows 11]
[09:37:08.84] /i ile::stretch
[09:37:09.32] /# gi::executeAction deAddPoint -in [gi::getWindows 11]
[09:37:09.32] /i de::addPoint {-7.621 -5.62} -context [db::getNext [de::getContexts -window 11]]
[09:37:10.16] /# gi::executeAction deAddPoint -in [gi::getWindows 11]
[09:37:10.16] /i de::addPoint {-6.571 -6.103} -context [db::getNext [de::getContexts -window 11]]
[09:37:12.09] /# gi::executeAction leAutoRotate90 -in [gi::getWindows 11]
[09:37:12.09] /i ::le::_impl::autoRotate ile::autoRotate90 R90 {-8.739 -5.955}
[09:37:13.07] /# gi::executeAction leStartStretchDrag -in [gi::getWindows 11]
[09:37:13.07] /i layout_editor::directStretch [de::getActiveFigure [gi::getWindows 11] -point {-6.513 -5.468} -index 0 -intent none] 11
[09:37:13.07] /# ile::stretch -point {-6.515 -5.47}
[09:37:14.08] /# gi::executeAction deEndDrag -in [gi::getWindows 11]
[09:37:14.08] /i de::endDrag {-6.469 -5.773} -context [db::getNext [de::getContexts -window 11]]
[09:37:14.59] /# gi::executeAction deSelectActive -in [gi::getWindows 11]
[09:37:14.59] /i de::cycleActiveFigure [gi::getWindows 11] -direction next
[09:37:14.59] /o oa:0x1f4de6d0
[09:37:15.36] /# gi::executeAction leCopy -in [gi::getWindows 11]
[09:37:15.37] /i ile::copy
[09:37:15.87] /# gi::executeAction deAddPoint -in [gi::getWindows 11]
[09:37:15.87] /i de::addPoint {-6.465 -5.773} -context [db::getNext [de::getContexts -window 11]]
[09:37:16.44] /# gi::executeAction deAbortCommand -in [gi::getWindows 11]
[09:37:16.44] /i de::abortCommand -context [db::getNext [de::getContexts -window 11]]
[09:37:16.78] /# gi::executeAction deSelectActive -in [gi::getWindows 11]
[09:37:16.78] /i de::cycleActiveFigure [gi::getWindows 11] -direction next
[09:37:16.78] /o oa:0x1d9d5b90
[09:37:17.23] /# gi::executeAction deSelectActive -in [gi::getWindows 11]
[09:37:17.23] /i de::cycleActiveFigure [gi::getWindows 11] -direction next
[09:37:17.23] /o oa:0x1e9efde0
[09:37:17.79] /# gi::executeAction leStartStretchDrag -in [gi::getWindows 11]
[09:37:17.79] /i layout_editor::directStretch [de::getActiveFigure [gi::getWindows 11] -point {-6.465 -5.773} -index 0 -intent none] 11
[09:37:17.80] /# ile::stretch -point {-6.465 -5.775}
[09:37:20.26] /# gi::executeAction deEndDrag -in [gi::getWindows 11]
[09:37:20.26] /i de::endDrag {-7.765 -5.798} -context [db::getNext [de::getContexts -window 11]]
[09:37:20.98] /# gi::executeAction deSelectActive -in [gi::getWindows 11]
[09:37:20.98] /i de::deselectAll [db::getNext [de::getContexts -window 11]]
[09:37:20.98] /i de::select [de::getActiveFigure [gi::getWindows 11] -point {-7.657 -5.43} -index 0 -intent none]
[09:37:20.98] /o oa:0x1ec21f60
[09:37:21.40] /# gi::executeAction deSelectActive -in [gi::getWindows 11]
[09:37:21.40] /i de::cycleActiveFigure [gi::getWindows 11] -direction next
[09:37:21.40] /o oa:0x2030e5f0
[09:37:21.40] /i de::deselectAll [db::getNext [de::getContexts -window 11]]
[09:37:21.40] /i de::select [de::getActiveFigure [gi::getWindows 11] -point {-7.632 -5.383} -index 1 -intent none]
[09:37:21.40] /o oa:0x1faee6f0
[09:37:21.89] /# gi::executeAction deSelectActive -in [gi::getWindows 11]
[09:37:21.89] /i de::cycleActiveFigure [gi::getWindows 11] -direction next
[09:37:21.89] /o oa:0x20b20d60
[09:37:21.89] /i de::cycleActiveFigure [gi::getWindows 11] -direction next
[09:37:21.89] /o oa:0x1eeae350
[09:37:22.42] /# gi::executeAction deSelectActive -in [gi::getWindows 11]
[09:37:22.42] /i de::cycleActiveFigure [gi::getWindows 11] -direction next
[09:37:22.42] /o oa:0x1fb9d0d0
[09:37:22.42] /i de::cycleActiveFigure [gi::getWindows 11] -direction next
[09:37:22.42] /o oa:0x1edf3630
[09:37:22.42] /i de::deselectAll [db::getNext [de::getContexts -window 11]]
[09:37:22.42] /i de::select [de::getActiveFigure [gi::getWindows 11] -point {-7.602 -5.506} -index 2 -intent none]
[09:37:22.42] /o oa:0x1e8e7930
[09:37:22.99] /# gi::executeAction deSelectActive -in [gi::getWindows 11]
[09:37:22.99] /i de::deselectAll [db::getNext [de::getContexts -window 11]]
[09:37:22.99] /i de::select [de::getActiveFigure [gi::getWindows 11] -point {-7.67 -5.764} -index 0 -intent none]
[09:37:22.99] /o oa:0x1ea08080
[09:37:23.43] /# gi::executeAction leCopy -in [gi::getWindows 11]
[09:37:23.43] /i ile::copy
[09:37:23.79] /# gi::executeAction deAddPoint -in [gi::getWindows 11]
[09:37:23.79] /i de::addPoint {-7.676 -5.766} -context [db::getNext [de::getContexts -window 11]]
[09:37:24.50] /# gi::executeAction deAddPoint -in [gi::getWindows 11]
[09:37:24.50] /i de::addPoint {-6.49 -5.779} -context [db::getNext [de::getContexts -window 11]]
[09:37:24.69] /i gi::executeAction deCanvasDragCancel -in [gi::getWindows 11]
[09:37:26.62] /# gi::executeAction leAutoRotate90 -in [gi::getWindows 11]
[09:37:26.62] /i ::le::_impl::autoRotate ile::autoRotate90 R90 {-8.739 -5.804}
[09:37:27.80] /# gi::executeAction leStartStretchDrag -in [gi::getWindows 11]
[09:37:27.80] /i layout_editor::directStretch [de::getActiveFigure [gi::getWindows 11] -point {-6.687 -5.707} -index 0 -intent none] 11
[09:37:27.80] /# ile::stretch -point {-6.685 -5.705}
[09:37:30.66] /# gi::executeAction deEndDrag -in [gi::getWindows 11]
[09:37:30.66] /i de::endDrag {-7.632 -5.815} -context [db::getNext [de::getContexts -window 11]]
[09:37:31.03] /# gi::executeAction deCanvasZoomInAtPoint -in [gi::getWindows 11]
[09:37:31.03] /i de::zoom -window [gi::getWindows 11] -factor 2.0 -center {-7.651 -5.804}
[09:37:31.03] /o {-8.195 -6.218} {-6.532 -5.238}
[09:37:31.99] /# gi::executeAction leStartStretchDrag -in [gi::getWindows 11]
[09:37:31.99] /i layout_editor::directStretch [de::getActiveFigure [gi::getWindows 11] -point {-7.633 -5.931} -index 0 -intent none] 11
[09:37:31.99] /# ile::stretch -point {-7.635 -5.93}
[09:37:33.09] /# gi::executeAction deEndDrag -in [gi::getWindows 11]
[09:37:33.09] /i de::endDrag {-7.632 -5.931} -context [db::getNext [de::getContexts -window 11]]
[09:37:33.50] /# gi::executeAction leStartStretchDrag -in [gi::getWindows 11]
[09:37:33.50] /i layout_editor::directStretch [de::getActiveFigure [gi::getWindows 11] -point {-7.632 -5.931} -index 0 -intent none] 11
[09:37:33.50] /# ile::stretch -point {-7.63 -5.93}
[09:37:36.19] /# gi::executeAction deEndDrag -in [gi::getWindows 11]
[09:37:36.19] /i de::endDrag {-7.606 -5.668} -context [db::getNext [de::getContexts -window 11]]
[09:37:36.62] /# gi::executeAction deCanvasZoomOutAtPoint -in [gi::getWindows 11]
[09:37:36.62] /i de::zoom -window [gi::getWindows 11] -factor 0.5 -center {-7.629 -5.829}
[09:37:36.62] /o {-8.761 -6.608} {-5.434 -4.646}
[09:37:37.68] /# gi::executeAction leCopy -in [gi::getWindows 11]
[09:37:37.68] /i ile::copy
[09:37:37.90] /# gi::executeAction deAddPoint -in [gi::getWindows 11]
[09:37:37.90] /i de::addPoint {-7.616 -5.538} -context [db::getNext [de::getContexts -window 11]]
[09:37:39.10] /# gi::executeAction deAddPoint -in [gi::getWindows 11]
[09:37:39.10] /i de::addPoint {-7.637 -6.065} -context [db::getNext [de::getContexts -window 11]]
[09:37:39.80] /# gi::executeAction leStartStretchDrag -in [gi::getWindows 11]
[09:37:39.80] /i layout_editor::directStretch [de::getActiveFigure [gi::getWindows 11] -point {-7.609 -5.955} -index 0 -intent none] 11
[09:37:39.80] /# ile::stretch -point {-7.61 -5.955}
[09:37:42.14] /# gi::executeAction deEndDrag -in [gi::getWindows 11]
[09:37:42.14] /i de::endDrag {-7.679 -5.951} -context [db::getNext [de::getContexts -window 11]]
[09:37:42.59] /# gi::executeAction deCanvasZoomInAtPoint -in [gi::getWindows 11]
[09:37:42.59] /i de::zoom -window [gi::getWindows 11] -factor 2.0 -center {-7.694 -5.945}
[09:37:42.59] /o {-8.228 -6.276} {-6.564 -5.296}
[09:37:43.38] /# gi::executeAction deSelectActive -in [gi::getWindows 11]
[09:37:43.38] /i de::deselectAll [db::getNext [de::getContexts -window 11]]
[09:37:43.38] /i de::deselectAllLogic -context [db::getNext [de::getContexts -window 11]]
[09:37:43.73] /# gi::executeAction deCanvasZoomInAtPoint -in [gi::getWindows 11]
[09:37:43.73] /i de::zoom -window [gi::getWindows 11] -factor 2.0 -center {-7.747 -5.745}
[09:37:43.73] /o {-7.987 -6.011} {-7.156 -5.52}
[09:37:44.33] /# gi::executeAction leStretch -in [gi::getWindows 11]
[09:37:44.33] /i ile::stretch
[09:37:45.35] /# gi::executeAction deAddPoint -in [gi::getWindows 11]
[09:37:45.36] /i de::addPoint {-7.704 -5.735} -context [db::getNext [de::getContexts -window 11]]
[09:37:46.41] /# gi::executeAction deAddPoint -in [gi::getWindows 11]
[09:37:46.41] /i de::addPoint {-7.701 -5.727} -context [db::getNext [de::getContexts -window 11]]
[09:37:46.58] /# gi::executeAction deAbortCommand -in [gi::getWindows 11]
[09:37:46.58] /i de::abortCommand -context [db::getNext [de::getContexts -window 11]]
[09:37:47.52] /# gi::executeAction deCanvasZoomInAtPoint -in [gi::getWindows 11]
[09:37:47.52] /i de::zoom -window [gi::getWindows 11] -factor 2.0 -center {-7.539 -5.767}
[09:37:47.52] /o {-7.763 -5.889} {-7.347 -5.644}
[09:37:47.58] /# gi::executeAction deCanvasZoomInAtPoint -in [gi::getWindows 11]
[09:37:47.58] /i de::zoom -window [gi::getWindows 11] -factor 2.0 -center {-7.539 -5.767}
[09:37:47.58] /o {-7.651 -5.828} {-7.443 -5.705}
[09:37:47.93] /# gi::executeAction leStretch -in [gi::getWindows 11]
[09:37:47.93] /i ile::stretch
[09:37:48.48] /# gi::executeAction deAddPoint -in [gi::getWindows 11]
[09:37:48.48] /i de::addPoint {-7.566 -5.763} -context [db::getNext [de::getContexts -window 11]]
[09:37:49.23] /# gi::executeAction deAddPoint -in [gi::getWindows 11]
[09:37:49.23] /i de::addPoint {-7.574 -5.763} -context [db::getNext [de::getContexts -window 11]]
[09:37:49.51] /# gi::executeAction deAbortCommand -in [gi::getWindows 11]
[09:37:49.51] /i de::abortCommand -context [db::getNext [de::getContexts -window 11]]
[09:37:49.83] /# gi::executeAction deCanvasZoomOutAtPoint -in [gi::getWindows 11]
[09:37:49.84] /i de::zoom -window [gi::getWindows 11] -factor 0.5 -center {-7.566 -5.758}
[09:37:49.84] /o {-7.736 -5.898} {-7.32 -5.653}
[09:37:50.29] /# gi::executeAction deSelectActive -in [gi::getWindows 11]
[09:37:50.29] /i de::deselectAll [db::getNext [de::getContexts -window 11]]
[09:37:50.29] /i de::select [de::getActiveFigure [gi::getWindows 11] -point {-7.559 -5.755} -index 0 -intent none]
[09:37:50.29] /o oa:0x1ee1eb60
[09:37:50.81] /# gi::executeAction leStartStretchDrag -in [gi::getWindows 11]
[09:37:50.81] /i layout_editor::directStretch [de::getActiveFigure [gi::getWindows 11] -point {-7.559 -5.755} -index 0 -intent none] 11
[09:37:50.81] /# ile::stretch -point {-7.56 -5.755}
[09:37:51.42] /# gi::executeAction deEndDrag -in [gi::getWindows 11]
[09:37:51.42] /i de::endDrag {-7.432 -5.766} -context [db::getNext [de::getContexts -window 11]]
[09:37:52.04] /# gi::executeAction leStartStretchDrag -in [gi::getWindows 11]
[09:37:52.04] /i layout_editor::directStretch [de::getActiveFigure [gi::getWindows 11] -point {-7.438 -5.754} -index 0 -intent none] 11
[09:37:52.04] /# ile::stretch -point {-7.44 -5.755}
[09:37:52.51] /# gi::executeAction deEndDrag -in [gi::getWindows 11]
[09:37:52.51] /i de::endDrag {-7.444 -5.787} -context [db::getNext [de::getContexts -window 11]]
[09:37:52.70] /# gi::executeAction deFitView -in [gi::getWindows 11]
[09:37:52.70] /i de::fit -window 11 -fitView true
[09:37:52.70] /o {-10.952 -7.431} {-4.298 -3.509}
[09:37:53.20] /# gi::executeAction deCanvasZoomInAtPoint -in [gi::getWindows 11]
[09:37:53.20] /i de::zoom -window [gi::getWindows 11] -factor 2.0 -center {-8.55 -5.771}
[09:37:53.21] /o {-9.751 -6.601} {-6.424 -4.64}
[09:37:53.70] /# gi::executeAction deCanvasZoomInAtPoint -in [gi::getWindows 11]
[09:37:53.70] /i de::zoom -window [gi::getWindows 11] -factor 2.0 -center {-8.192 -5.754}
[09:37:53.70] /o {-8.972 -6.178} {-7.308 -5.197}
[09:37:54.23] /# gi::executeAction deSelectActive -in [gi::getWindows 11]
[09:37:54.23] /i de::deselectAll [db::getNext [de::getContexts -window 11]]
[09:37:54.23] /i de::select [de::getActiveFigure [gi::getWindows 11] -point {-8.122 -5.77} -index 0 -intent none]
[09:37:54.23] /o oa:0x1f6d6aa0
[09:37:55.01] /# gi::executeAction deSelectActive -in [gi::getWindows 11]
[09:37:55.01] /i de::cycleActiveFigure [gi::getWindows 11] -direction next
[09:37:55.01] /o oa:0x1eb86ff0
[09:37:55.50] /# gi::executeAction deSelectActive -in [gi::getWindows 11]
[09:37:55.50] /i de::deselectAll [db::getNext [de::getContexts -window 11]]
[09:37:55.50] /i de::deselectAllLogic -context [db::getNext [de::getContexts -window 11]]
[09:37:55.92] /# gi::executeAction leStretch -in [gi::getWindows 11]
[09:37:55.93] /i ile::stretch
[09:37:56.25] /# gi::executeAction deAddPoint -in [gi::getWindows 11]
[09:37:56.25] /i de::addPoint {-8.183 -5.775} -context [db::getNext [de::getContexts -window 11]]
[09:37:57.70] /# gi::executeAction deAddPoint -in [gi::getWindows 11]
[09:37:57.70] /i de::addPoint {-7.805 -5.776} -context [db::getNext [de::getContexts -window 11]]
[09:37:58.26] /# gi::executeAction deAddPoint -in [gi::getWindows 11]
[09:37:58.26] /i de::addPoint {-7.776 -5.767} -context [db::getNext [de::getContexts -window 11]]
[09:37:58.80] /# gi::executeAction deAddPoint -in [gi::getWindows 11]
[09:37:58.80] /i de::addPoint {-7.773 -5.766} -context [db::getNext [de::getContexts -window 11]]
[09:37:59.35] /# gi::executeAction deAddPoint -in [gi::getWindows 11]
[09:37:59.35] /i de::addPoint {-7.773 -5.766} -context [db::getNext [de::getContexts -window 11]]
[09:37:59.98] /# gi::executeAction deAddPoint -in [gi::getWindows 11]
[09:37:59.98] /i de::addPoint {-7.773 -5.763} -context [db::getNext [de::getContexts -window 11]]
[09:38:00.23] /# gi::executeAction deAbortCommand -in [gi::getWindows 11]
[09:38:00.23] /i de::abortCommand -context [db::getNext [de::getContexts -window 11]]
[09:38:00.63] /# gi::executeAction deSelectActive -in [gi::getWindows 11]
[09:38:00.63] /i de::deselectAll [db::getNext [de::getContexts -window 11]]
[09:38:00.63] /i de::select [de::getActiveFigure [gi::getWindows 11] -point {-7.773 -5.763} -index 0 -intent none]
[09:38:00.63] /o oa:0x20795490
[09:38:01.17] /# gi::executeAction leStartStretchDrag -in [gi::getWindows 11]
[09:38:01.17] /i layout_editor::directStretch [de::getActiveFigure [gi::getWindows 11] -point {-7.773 -5.763} -index 0 -intent none] 11
[09:38:01.17] /# ile::stretch -point {-7.775 -5.765}
[09:38:02.16] /# gi::executeAction deEndDrag -in [gi::getWindows 11]
[09:38:02.16] /i de::endDrag {-7.694 -5.766} -context [db::getNext [de::getContexts -window 11]]
[09:38:02.61] /# gi::executeAction deSelectActive -in [gi::getWindows 11]
[09:38:02.61] /i de::deselectAll [db::getNext [de::getContexts -window 11]]
[09:38:02.61] /i de::deselectAllLogic -context [db::getNext [de::getContexts -window 11]]
[09:38:02.94] /# gi::executeAction leStretch -in [gi::getWindows 11]
[09:38:02.94] /i ile::stretch
[09:38:03.52] /# gi::executeAction deAddPoint -in [gi::getWindows 11]
[09:38:03.52] /i de::addPoint {-7.801 -5.76} -context [db::getNext [de::getContexts -window 11]]
[09:38:05.67] /# gi::executeAction deAddPoint -in [gi::getWindows 11]
[09:38:05.67] /i de::addPoint {-7.747 -5.767} -context [db::getNext [de::getContexts -window 11]]
[09:38:05.98] /# gi::executeAction deCanvasZoomInAtPoint -in [gi::getWindows 11]
[09:38:05.98] /i de::zoom -window [gi::getWindows 11] -factor 2.0 -center {-7.652 -5.802}
[09:38:05.98] /o {-8.312 -5.99} {-7.48 -5.499}
[09:38:06.04] /# gi::executeAction deCanvasZoomInAtPoint -in [gi::getWindows 11]
[09:38:06.04] /i de::zoom -window [gi::getWindows 11] -factor 2.0 -center {-7.646 -5.813}
[09:38:06.04] /o {-7.979 -5.901} {-7.563 -5.656}
[09:38:06.78] /# gi::executeAction deAbortCommand -in [gi::getWindows 11]
[09:38:06.78] /i de::abortCommand -context [db::getNext [de::getContexts -window 11]]
[09:38:07.74] /# gi::executeAction xtDRCRun -in [gi::getWindows 11]
[09:38:07.74] /i xt::physicalVerification::executeRun drc 11
[09:38:07.86] /# xt::physicalVerification::executePve drc 11
[09:38:07.87] /e Error: xtDRCHerculesRunsetFile: preference value is empty in '/home/itsupport/Desktop/lab1vlsi/synopsys_custom/inv_store.hercules.drc_pve' scope.
[09:38:08.10] /i gi::setActiveDialog [gi::getDialogs {xtDRCSetup} -parent [gi::getWindows 11]]
[09:38:08.39] /i db::setAttr geometry -of [gi::getDialogs {xtDRCSetup} -parent [gi::getWindows 11]] -value 475x427+865+447
[09:38:11.85] /i gi::pressButton {/tabGroup/mainTab/jobParametersGroup/runsetFile/browseButton} -in [gi::getDialogs {xtDRCSetup} -parent [gi::getWindows 11]]
[09:38:18.25] /r giFileDialog accept PDK/hercules/drc/reference_drc.ev
[09:38:18.97] /i gi::setActiveTab {/tabGroup} -tabName {/tabGroup/customOptionsTab} -in [gi::getDialogs {xtDRCSetup} -parent [gi::getWindows 11]]
[09:38:20.67] /i gi::setField {/tabGroup/customOptionsTab/layerMapFile/entryField} -value {/remote/dept-seg-cae2/FTK/agarwals/PERFORCE/IPL/reference/90nm/techfiles/reference90RF_layer.map} -in [gi::getDialogs {xtDRCSetup} -parent [gi::getWindows 11]]
[09:38:21.67] /i gi::pressButton {/tabGroup/customOptionsTab/layerMapFile/browseButton} -in [gi::getDialogs {xtDRCSetup} -parent [gi::getWindows 11]]
[09:38:29.91] /r giFileDialog accept PDK/techfiles/reference90RF_layer.map
[09:38:30.41] /i gi::pressButton {/apply} -in [gi::getDialogs {xtDRCSetup} -parent [gi::getWindows 11]]
[09:38:30.83] /r giDialog gi::setActiveDialog [gi::getDialogs {xtShowDesignsPrompt}]
[09:38:30.83] /r giDialog gi::setCurrentIndex {target} -index {0,0} -in [gi::getDialogs {xtShowDesignsPrompt}]
[09:38:31.11] /r giDialog db::setAttr geometry -of [gi::getDialogs {xtShowDesignsPrompt}] -value 649x290+626+410
[09:38:31.69] /r giDialog gi::pressButton {ok} -in [gi::getDialogs {xtShowDesignsPrompt}]
[09:38:31.72] /# xt::physicalVerification::executePve drc 11
[09:38:32.18] /# gi::setActiveDialog [gi::getDialogs {xtDRCSetup} -parent [gi::getWindows 11]]
[09:38:32.72] /r giWindowId 13
[09:38:32.73] /r giWindowGeometry 800x600
[09:38:32.99] /i gi::setActiveTab {/tabGroup} -tabName {/tabGroup/controlVariablesTab} -in [gi::getDialogs {xtDRCSetup} -parent [gi::getWindows 11]]
[09:38:34.02] /m Information: 
              /c =============================
              /c JobID: hercules_drc_3
              /c --- ERROR SUMMARY -----------
              /c 7.29: Minimum spacing for Metal 1 >= 0.1
              /c  EXTERNAL M1S { } (101) ................................. 1 violation found.
              /c 7.30: Minimum area of Metal 1 >= 0.04
              /c  AREA M1S { } (101) ..................................... 1 violation found.
              /c =============================
              /c 
[09:38:34.32] /j ::xt::hercules::vue::_private::registerConnection localhost:55853 tcp15 herculesVue_1 
[09:38:34.38] /j ::xt::hercules::vue::_private::isJobReady 
[09:38:34.38] /o false
[09:38:35.39] /j ::xt::hercules::vue::_private::isJobReady 
[09:38:35.39] /o false
[09:38:36.44] /m Information: Connection established with 'Hercules-VUE' running on 'localhost'.
[09:38:36.44] /j ::xt::hercules::vue::_private::isJobReady 
[09:38:36.44] /o true
[09:38:36.44] /j ::xt::hercules::vue::startFilter LAY 
[09:38:36.66] /j ::xt::hercules::vue::setInlibPath /home/itsupport/Desktop/lab1vlsi/synopsys_custom/inv_store.hercules.drc/. 
[09:38:36.68] /j ::xt::hercules::vue::setTopLayLCV project_d_ff inv_store layout 
[09:38:36.70] /j ::xt::hercules::vue::openCell project_d_ff inv_store layout 
[09:38:40.52] /j ::xt::hercules::vue::clearAllHighlights inv_store layout 
[09:38:40.52] /j ::xt::hercules::vue::clearAllHighlights inv_store layout 
[09:38:40.72] /m Information: Connection closed with 'Hercules-VUE' running on 'localhost'.
[09:38:41.07] /i gi::closeWindows [gi::getDialogs {xtDRCSetup} -parent [gi::getWindows 11]]
[09:38:41.97] /i gi::executeAction giCloseWindow -in [gi::getWindows 13]
[09:38:41.99] /i gi::setActiveWindow 11
[09:38:41.99] /i gi::setActiveWindow 11 -raise true
[09:38:42.63] /# gi::executeAction deCanvasZoomOutAtPoint -in [gi::getWindows 11]
[09:38:42.63] /i de::zoom -window [gi::getWindows 11] -factor 0.5 -center {-7.803 -5.691}
[09:38:42.63] /o {-8.155 -6.112} {-7.323 -5.621}
[09:38:42.65] /# gi::executeAction deCanvasZoomOutAtPoint -in [gi::getWindows 11]
[09:38:42.65] /i de::zoom -window [gi::getWindows 11] -factor 0.5 -center {-7.803 -5.69}
[09:38:42.65] /o {-8.507 -6.534} {-6.843 -5.553}
[09:38:42.68] /# gi::executeAction deCanvasZoomOutAtPoint -in [gi::getWindows 11]
[09:38:42.68] /i de::zoom -window [gi::getWindows 11] -factor 0.5 -center {-7.803 -5.691}
[09:38:42.68] /o {-9.21 -7.376} {-5.883 -5.415}
[09:38:43.70] /# gi::executeAction deFitView -in [gi::getWindows 11]
[09:38:43.70] /i de::fit -window 11 -fitView true
[09:38:43.70] /o {-10.952 -7.431} {-4.298 -3.509}
[09:38:44.61] /# gi::executeAction deCanvasZoomInAtPoint -in [gi::getWindows 11]
[09:38:44.61] /i de::zoom -window [gi::getWindows 11] -factor 2.0 -center {-8 -6.143}
[09:38:44.61] /o {-9.476 -6.787} {-6.149 -4.826}
[09:38:44.71] /# gi::executeAction deCanvasZoomInAtPoint -in [gi::getWindows 11]
[09:38:44.71] /i de::zoom -window [gi::getWindows 11] -factor 2.0 -center {-7.994 -6.15}
[09:38:44.71] /o {-8.735 -6.469} {-7.071 -5.488}
[09:38:45.16] /i gi::executeAction deCanvasDragCancel -in [gi::getWindows 11]
[09:38:45.38] /# gi::executeAction deCanvasZoomInAtPoint -in [gi::getWindows 11]
[09:38:45.38] /i de::zoom -window [gi::getWindows 11] -factor 2.0 -center {-7.937 -6.093}
[09:38:45.38] /o {-8.336 -6.281} {-7.504 -5.79}
[09:38:45.41] /# gi::executeAction deCanvasZoomInAtPoint -in [gi::getWindows 11]
[09:38:45.41] /i de::zoom -window [gi::getWindows 11] -factor 2.0 -center {-7.937 -6.093}
[09:38:45.41] /o {-8.137 -6.187} {-7.721 -5.942}
[09:38:45.47] /# gi::executeAction deCanvasZoomInAtPoint -in [gi::getWindows 11]
[09:38:45.47] /i de::zoom -window [gi::getWindows 11] -factor 2.0 -center {-7.937 -6.093}
[09:38:45.48] /o {-8.037 -6.14} {-7.829 -6.017}
[09:38:45.82] /# gi::executeAction leStretch -in [gi::getWindows 11]
[09:38:45.82] /i ile::stretch
[09:38:46.46] /# gi::executeAction deAddPoint -in [gi::getWindows 11]
[09:38:46.47] /i de::addPoint {-7.941 -6.06} -context [db::getNext [de::getContexts -window 11]]
[09:38:46.82] /# gi::executeAction deCanvasZoomOutAtPoint -in [gi::getWindows 11]
[09:38:46.82] /i de::zoom -window [gi::getWindows 11] -factor 0.5 -center {-7.943 -6.097}
[09:38:46.82] /o {-8.131 -6.183} {-7.715 -5.938}
[09:38:47.81] /# gi::executeAction deAddPoint -in [gi::getWindows 11]
[09:38:47.81] /i de::addPoint {-7.942 -6.137} -context [db::getNext [de::getContexts -window 11]]
[09:38:47.94] /# gi::executeAction deFitView -in [gi::getWindows 11]
[09:38:47.94] /i de::fit -window 11 -fitView true
[09:38:47.94] /o {-10.952 -7.431} {-4.298 -3.509}
[09:38:48.86] /# gi::executeAction deCanvasZoomInAtPoint -in [gi::getWindows 11]
[09:38:48.86] /i de::zoom -window [gi::getWindows 11] -factor 2.0 -center {-7.42 -5.301}
[09:38:48.86] /o {-9.186 -6.366} {-5.859 -4.405}
[09:38:48.91] /# gi::executeAction deCanvasZoomInAtPoint -in [gi::getWindows 11]
[09:38:48.91] /i de::zoom -window [gi::getWindows 11] -factor 2.0 -center {-7.42 -5.301}
[09:38:48.91] /o {-8.303 -5.834} {-6.639 -4.853}
[09:38:49.65] /# gi::executeAction deAbortCommand -in [gi::getWindows 11]
[09:38:49.65] /i de::abortCommand -context [db::getNext [de::getContexts -window 11]]
[09:38:50.21] /# gi::executeAction deSelectActive -in [gi::getWindows 11]
[09:38:50.21] /i de::deselectAll [db::getNext [de::getContexts -window 11]]
[09:38:50.21] /i de::select [de::getActiveFigure [gi::getWindows 11] -point {-7.439 -5.647} -index 0 -intent none]
[09:38:50.21] /o oa:0x1ec626d0
[09:38:51.30] /# gi::executeAction deCanvasZoomOutAtPoint -in [gi::getWindows 11]
[09:38:51.30] /i de::zoom -window [gi::getWindows 11] -factor 0.5 -center {-7.67 -5.355}
[09:38:51.31] /o {-8.936 -6.312} {-5.609 -4.351}
[09:38:51.34] /# gi::executeAction deCanvasZoomOutAtPoint -in [gi::getWindows 11]
[09:38:51.34] /i de::zoom -window [gi::getWindows 11] -factor 0.5 -center {-7.672 -5.355}
[09:38:51.34] /o {-10.2 -7.269} {-3.546 -3.347}
[09:38:52.15] /# gi::executeAction deSelectActive -in [gi::getWindows 11]
[09:38:52.15] /i de::deselectAll [db::getNext [de::getContexts -window 11]]
[09:38:52.15] /i de::select [de::getActiveFigure [gi::getWindows 11] -point {-7.998 -4.681} -index 0 -intent none]
[09:38:52.15] /o oa:0x221f21e0
[09:38:52.66] /# gi::executeAction deCanvasZoomInAtPoint -in [gi::getWindows 11]
[09:38:52.66] /i de::zoom -window [gi::getWindows 11] -factor 2.0 -center {-7.959 -4.681}
[09:38:52.66] /o {-9.08 -5.975} {-5.752 -4.014}
[09:38:53.35] /# gi::executeAction leStartStretchDrag -in [gi::getWindows 11]
[09:38:53.35] /i layout_editor::directStretch [de::getActiveFigure [gi::getWindows 11] -point {-7.953 -4.681} -index 0 -intent none] 11
[09:38:53.35] /# ile::stretch -point {-7.955 -4.68}
[09:38:54.69] /# gi::executeAction deEndDrag -in [gi::getWindows 11]
[09:38:54.69] /i de::endDrag {-7.959 -4.681} -context [db::getNext [de::getContexts -window 11]]
[09:38:55.41] /# gi::executeAction deSelectActive -in [gi::getWindows 11]
[09:38:55.41] /i de::deselectAll [db::getNext [de::getContexts -window 11]]
[09:38:55.41] /i de::deselectAllLogic -context [db::getNext [de::getContexts -window 11]]
[09:38:56.20] /# gi::executeAction deSelectActive -in [gi::getWindows 11]
[09:38:56.20] /i de::deselectAll [db::getNext [de::getContexts -window 11]]
[09:38:56.20] /i de::select [de::getActiveFigure [gi::getWindows 11] -point {-7.845 -4.219} -index 0 -intent none]
[09:38:56.20] /o oa:0x20ea3bd0
[09:38:57.01] /# gi::executeAction leDelete -in [gi::getWindows 11]
[09:38:57.01] /i ile::delete
[09:38:57.14] /# gi::executeAction deFitView -in [gi::getWindows 11]
[09:38:57.14] /i de::fit -window 11 -fitView true
[09:38:57.14] /o {-10.952 -7.431} {-4.298 -3.509}
[09:38:57.79] /# gi::executeAction deSelectActive -in [gi::getWindows 11]
[09:38:57.79] /i de::deselectAllLogic -context [db::getNext [de::getContexts -window 11]]
[09:38:58.49] /# gi::executeAction deSelectByWindow -in [gi::getWindows 11]
[09:38:58.49] /i db::setPrefValue deSelectMode -value Replace -scope [db::getScopes [db::getNext [de::getContexts -window 11]]]; ide::selectByRegion -region rectangle -point {-8.435 -3.56} 
[09:38:58.84] /# gi::executeAction deEndDrag -in [gi::getWindows 11]
[09:38:58.84] /i de::endDrag {-6.284 -4.614} -context [db::getNext [de::getContexts -window 11]]
[09:38:59.82] /# gi::executeAction leStartStretchDrag -in [gi::getWindows 11]
[09:38:59.82] /i layout_editor::directStretch [de::getActiveFigure [gi::getWindows 11] -point {-7.28 -3.856} -index 0 -intent none] 11
[09:38:59.82] /# ile::stretch -point {-7.28 -3.855}
[09:39:00.79] /# gi::executeAction deEndDrag -in [gi::getWindows 11]
[09:39:00.79] /i de::endDrag {-7.25 -4.11} -context [db::getNext [de::getContexts -window 11]]
[09:39:01.68] /# gi::executeAction deSelectActive -in [gi::getWindows 11]
[09:39:01.68] /i de::deselectAll [db::getNext [de::getContexts -window 11]]
[09:39:01.68] /i de::deselectAllLogic -context [db::getNext [de::getContexts -window 11]]
[09:39:02.64] /# gi::executeAction deCanvasZoomInAtPoint -in [gi::getWindows 11]
[09:39:02.64] /i de::zoom -window [gi::getWindows 11] -factor 2.0 -center {-8.03 -4.708}
[09:39:02.64] /o {-9.491 -6.07} {-6.164 -4.108}
[09:39:03.12] /# gi::executeAction deSelectActive -in [gi::getWindows 11]
[09:39:03.12] /i de::deselectAll [db::getNext [de::getContexts -window 11]]
[09:39:03.12] /i de::select [de::getActiveFigure [gi::getWindows 11] -point {-7.932 -4.759} -index 0 -intent none]
[09:39:03.12] /o oa:0x1ebc3bb0
[09:39:03.62] /# gi::executeAction leStartStretchDrag -in [gi::getWindows 11]
[09:39:03.62] /i layout_editor::directStretch [de::getActiveFigure [gi::getWindows 11] -point {-7.947 -4.759} -index 0 -intent none] 11
[09:39:03.62] /# ile::stretch -point {-7.945 -4.76}
[09:39:04.91] /# gi::executeAction deEndDrag -in [gi::getWindows 11]
[09:39:04.91] /i de::endDrag {-7.805 -4.79} -context [db::getNext [de::getContexts -window 11]]
[09:39:05.81] /# gi::executeAction leStartStretchDrag -in [gi::getWindows 11]
[09:39:05.81] /i layout_editor::directStretch [de::getActiveFigure [gi::getWindows 11] -point {-7.805 -4.79} -index 0 -intent none] 11
[09:39:05.81] /# ile::stretch -point {-7.805 -4.79}
[09:39:06.31] /# gi::executeAction deEndDrag -in [gi::getWindows 11]
[09:39:06.31] /i de::endDrag {-7.818 -4.937} -context [db::getNext [de::getContexts -window 11]]
[09:39:06.79] /# gi::executeAction leStartStretchDrag -in [gi::getWindows 11]
[09:39:06.79] /i layout_editor::directStretch [de::getActiveFigure [gi::getWindows 11] -point {-7.826 -4.924} -index 0 -intent none] 11
[09:39:06.79] /# db::setPrefValue deSelectMode -value Replace -scope [db::getScopes [db::getNext [de::getContexts -window 11]]]; ide::selectByRegion -region rectangle -point {-7.825 -4.925} 
[09:39:07.32] /# gi::executeAction deEndDrag -in [gi::getWindows 11]
[09:39:07.32] /i de::endDrag {-7.812 -4.922} -context [db::getNext [de::getContexts -window 11]]
[09:39:07.86] /# gi::executeAction deSelectActive -in [gi::getWindows 11]
[09:39:07.86] /i de::deselectAll [db::getNext [de::getContexts -window 11]]
[09:39:07.86] /i de::select [de::getActiveFigure [gi::getWindows 11] -point {-7.807 -4.784} -index 0 -intent none]
[09:39:07.86] /o oa:0x20f33a50
[09:39:08.42] /# gi::executeAction leStartStretchDrag -in [gi::getWindows 11]
[09:39:08.42] /i layout_editor::directStretch [de::getActiveFigure [gi::getWindows 11] -point {-7.807 -4.784} -index 0 -intent none] 11
[09:39:08.42] /# ile::stretch -point {-7.805 -4.785}
[09:39:09.13] /# gi::executeAction deEndDrag -in [gi::getWindows 11]
[09:39:09.13] /i de::endDrag {-7.799 -4.788} -context [db::getNext [de::getContexts -window 11]]
[09:39:09.58] /# gi::executeAction leStartStretchDrag -in [gi::getWindows 11]
[09:39:09.58] /i layout_editor::directStretch [de::getActiveFigure [gi::getWindows 11] -point {-7.795 -4.737} -index 0 -intent none] 11
[09:39:09.59] /# ile::stretch -point {-7.795 -4.735}
[09:39:10.11] /# gi::executeAction deEndDrag -in [gi::getWindows 11]
[09:39:10.11] /i de::endDrag {-7.795 -4.795} -context [db::getNext [de::getContexts -window 11]]
[09:39:10.59] /# gi::executeAction deSelectActive -in [gi::getWindows 11]
[09:39:10.59] /i de::deselectAll [db::getNext [de::getContexts -window 11]]
[09:39:10.59] /i de::select [de::getActiveFigure [gi::getWindows 11] -point {-8.129 -4.483} -index 0 -intent none]
[09:39:10.59] /o oa:0x1e85b630
[09:39:11.63] /# gi::executeAction leStartStretchDrag -in [gi::getWindows 11]
[09:39:11.63] /i layout_editor::directStretch [de::getActiveFigure [gi::getWindows 11] -point {-7.227 -4.555} -index 0 -intent none] 11
[09:39:11.63] /# ile::stretch -point {-7.225 -4.555}
[09:39:12.03] /# gi::executeAction deEndDrag -in [gi::getWindows 11]
[09:39:12.03] /i de::endDrag {-7.223 -4.619} -context [db::getNext [de::getContexts -window 11]]
[09:39:12.42] /# gi::executeAction leStartStretchDrag -in [gi::getWindows 11]
[09:39:12.42] /i layout_editor::directStretch [de::getActiveFigure [gi::getWindows 11] -point {-7.227 -4.574} -index 0 -intent none] 11
[09:39:12.42] /# ile::stretch -point {-7.225 -4.575}
[09:39:12.78] /# gi::executeAction deEndDrag -in [gi::getWindows 11]
[09:39:12.78] /i de::endDrag {-7.176 -4.593} -context [db::getNext [de::getContexts -window 11]]
[09:39:13.81] /# gi::executeAction deSelectByWindow -in [gi::getWindows 11]
[09:39:13.81] /i db::setPrefValue deSelectMode -value Replace -scope [db::getScopes [db::getNext [de::getContexts -window 11]]]; ide::selectByRegion -region rectangle -point {-6.805 -4.815} 
[09:39:14.66] /# gi::executeAction deEndDrag -in [gi::getWindows 11]
[09:39:14.66] /i de::endDrag {-7.852 -4.039} -context [db::getNext [de::getContexts -window 11]]
[09:39:15.56] /# gi::executeAction leStartStretchDrag -in [gi::getWindows 11]
[09:39:15.56] /i layout_editor::directStretch [de::getActiveFigure [gi::getWindows 11] -point {-7.629 -4.206} -index 0 -intent none] 11
[09:39:15.56] /# ile::stretch -point {-7.63 -4.205}
[09:39:16.85] /# gi::executeAction deEndDrag -in [gi::getWindows 11]
[09:39:16.85] /i de::endDrag {-7.494 -4.25} -context [db::getNext [de::getContexts -window 11]]
[09:39:18.00] /# gi::executeAction leVia -in [gi::getWindows 11]
[09:39:18.00] /i ile::createVia
[09:39:18.04] /o oa:0x205ec8d0
[09:39:19.62] /i gi::setField {viaAuto} -value {true} -in [gi::getToolbars {deCommandOptions} -from [gi::getWindows 11]]
[09:39:20.47] /# gi::executeAction deAddPoint -in [gi::getWindows 11]
[09:39:20.47] /i de::addPoint {-7.801 -4.35} -context [db::getNext [de::getContexts -window 11]]
[09:39:20.70] /# gi::executeAction deCanvasZoomOutAtPoint -in [gi::getWindows 11]
[09:39:20.70] /i de::zoom -window [gi::getWindows 11] -factor 0.5 -center {-7.788 -5.318}
[09:39:20.70] /o {-11.194 -6.821} {-4.54 -2.899}
[09:39:21.11] /# gi::executeAction deFitView -in [gi::getWindows 11]
[09:39:21.11] /i de::fit -window 11 -fitView true
[09:39:21.12] /o {-10.651 -7.413} {-4.599 -3.847}
[09:39:21.85] /# gi::executeAction deAbortCommand -in [gi::getWindows 11]
[09:39:21.85] /i de::abortCommand -context [db::getNext [de::getContexts -window 11]]
[09:39:24.71] /# gi::executeAction deSelectActive -in [gi::getWindows 11]
[09:39:24.71] /i de::deselectAll [db::getNext [de::getContexts -window 11]]
[09:39:24.71] /i de::select [de::getActiveFigure [gi::getWindows 11] -point {-7.392 -7.144} -index 0 -intent none]
[09:39:24.71] /o oa:0x2121a7a0
[09:39:25.81] /# gi::executeAction deSelectActive -in [gi::getWindows 11]
[09:39:25.82] /i de::deselectAll [db::getNext [de::getContexts -window 11]]
[09:39:25.82] /i de::deselectAllLogic -context [db::getNext [de::getContexts -window 11]]
[09:39:26.06] /# gi::executeAction deSelectActive -in [gi::getWindows 11]
[09:39:26.06] /i de::deselectAll [db::getNext [de::getContexts -window 11]]
[09:39:26.06] /i de::select [de::getActiveFigure [gi::getWindows 11] -point {-7.238 -4.632} -index 0 -intent none]
[09:39:26.06] /o oa:0x20af54a0
[09:39:27.55] /i gi::setItemSelection {attributes} -index {width,all} -in [gi::getAssistants dePropertyEditor -from [gi::getWindows 11]]
[09:39:27.55] /i gi::setCurrentIndex {attributes} -index {width,Value} -in [gi::getAssistants dePropertyEditor -from [gi::getWindows 11]]
[09:39:30.11] /# gi::executeAction deSelectActive -in [gi::getWindows 11]
[09:39:30.11] /i de::deselectAll [db::getNext [de::getContexts -window 11]]
[09:39:30.11] /i de::deselectAllLogic -context [db::getNext [de::getContexts -window 11]]
[09:39:33.80] /i gi::executeAction deSaveDesign -in [gi::getWindows 11]
[09:39:33.80] /m Information: Saving design 'project_d_ff inv_store layout'. (DESIGN_WINDOW-004)
[09:39:36.94] /# gi::executeAction deCanvasZoomInAtPoint -in [gi::getWindows 11]
[09:39:36.94] /i de::zoom -window [gi::getWindows 11] -factor 2.0 -center {-7.585 -4.84}
[09:39:36.94] /o {-9.118 -6.127} {-6.092 -4.343}
[09:39:36.99] /# gi::executeAction deCanvasZoomInAtPoint -in [gi::getWindows 11]
[09:39:37.00] /i de::zoom -window [gi::getWindows 11] -factor 2.0 -center {-7.504 -4.819}
[09:39:37.00] /o {-8.311 -5.473} {-6.798 -4.581}
[09:39:38.04] /# gi::executeAction leRuler -in [gi::getWindows 11]
[09:39:38.04] /i ile::createRuler
[09:39:39.67] /# gi::executeAction deAddPoint -in [gi::getWindows 11]
[09:39:39.67] /i de::addPoint {-7.426 -4.746} -context [db::getNext [de::getContexts -window 11]]
[09:39:41.48] /# gi::executeAction deAddPoint -in [gi::getWindows 11]
[09:39:41.48] /i de::addPoint {-7.383 -4.936} -context [db::getNext [de::getContexts -window 11]]
[09:39:41.78] /# gi::executeAction leToggleGravity -in [gi::getWindows 11]
[09:39:41.78] /i db::setPrefValue leGravity -scope [db::getNext [de::getContexts -window 11]]  -value [if { [db::getPrefValue leGravity -scope [db::getNext [de::getContexts -window 11]]] }  { de::sendMessage "Gravity is off" ; list false }  else { de::sendMessage "Gravity is on"; list true } ] 
[09:39:41.78] /m Information: Gravity is on
[09:39:41.78] /o oa:0x1f496a90
[09:39:42.45] /# gi::executeAction deCanvasZoomOutAtPoint -in [gi::getWindows 11]
[09:39:42.45] /i de::zoom -window [gi::getWindows 11] -factor 0.5 -center {-7.406 -5.212}
[09:39:42.45] /o {-9.216 -5.734} {-6.19 -3.95}
[09:39:42.49] /# gi::executeAction deCanvasZoomOutAtPoint -in [gi::getWindows 11]
[09:39:42.49] /i de::zoom -window [gi::getWindows 11] -factor 0.5 -center {-7.405 -5.212}
[09:39:42.49] /o {-11.027 -6.255} {-4.975 -2.689}
[09:39:42.57] /# gi::executeAction deCanvasZoomOutAtPoint -in [gi::getWindows 11]
[09:39:42.57] /i de::zoom -window [gi::getWindows 11] -factor 0.5 -center {-7.406 -5.212}
[09:39:42.57] /o {-14.647 -7.299} {-2.545 -0.165}
[09:39:42.99] /# gi::executeAction deCanvasZoomInAtPoint -in [gi::getWindows 11]
[09:39:42.99] /i de::zoom -window [gi::getWindows 11] -factor 2.0 -center {-7.46 -6.505}
[09:39:42.99] /o {-11.054 -6.902} {-5.002 -3.335}
[09:39:43.08] /# gi::executeAction deCanvasZoomInAtPoint -in [gi::getWindows 11]
[09:39:43.08] /i de::zoom -window [gi::getWindows 11] -factor 2.0 -center {-7.444 -6.594}
[09:39:43.08] /o {-9.249 -6.748} {-6.223 -4.965}
[09:39:43.38] /# gi::executeAction deCanvasZoomInAtPoint -in [gi::getWindows 11]
[09:39:43.38] /i de::zoom -window [gi::getWindows 11] -factor 2.0 -center {-7.444 -6.607}
[09:39:43.38] /o {-8.346 -6.677} {-6.834 -5.786}
[09:39:43.54] /# gi::executeAction deCanvasZoomInAtPoint -in [gi::getWindows 11]
[09:39:43.54] /i de::zoom -window [gi::getWindows 11] -factor 2.0 -center {-7.467 -6.569}
[09:39:43.55] /o {-7.907 -6.623} {-7.15 -6.177}
[09:39:43.69] /# gi::executeAction deCanvasZoomInAtPoint -in [gi::getWindows 11]
[09:39:43.70] /i de::zoom -window [gi::getWindows 11] -factor 2.0 -center {-7.467 -6.565}
[09:39:43.70] /o {-7.687 -6.594} {-7.309 -6.371}
[09:39:44.69] /# gi::executeAction deAddPoint -in [gi::getWindows 11]
[09:39:44.69] /i de::addPoint {-7.468 -6.514} -context [db::getNext [de::getContexts -window 11]]
[09:39:46.13] /# gi::executeAction deAddPoint -in [gi::getWindows 11]
[09:39:46.13] /i de::addPoint {-7.467 -6.431} -context [db::getNext [de::getContexts -window 11]]
[09:39:46.33] /# gi::executeAction deAbortCommand -in [gi::getWindows 11]
[09:39:46.33] /i de::abortCommand -context [db::getNext [de::getContexts -window 11]]
[09:39:48.24] /# gi::executeAction xtDRCRun -in [gi::getWindows 11]
[09:39:48.24] /i xt::physicalVerification::executeRun drc 11
[09:39:48.31] /# xt::physicalVerification::executePve drc 11
[09:39:49.39] /r giWindowId 14
[09:39:49.40] /r giWindowGeometry 800x600
[09:39:50.22] /m Information: 
              /c =============================
              /c JobID: hercules_drc_4
              /c Completed with no errors.
              /c =============================
              /c 
[09:39:52.16] /i gi::executeAction giCloseWindow -in [gi::getWindows 14]
[09:39:52.17] /i gi::setActiveWindow 11
[09:39:52.17] /i gi::setActiveWindow 11 -raise true
[09:39:54.34] /# gi::executeAction leBoundary -in [gi::getWindows 11]
[09:39:54.34] /i ile::createBoundary
[09:39:58.42] /i gi::pressButton {autoCreate} -in [gi::getToolbars {deCommandOptions} -from [gi::getWindows 11]]
[09:40:02.19] /# gi::executeAction xtLVSSetup -in [gi::getWindows 11]
[09:40:02.19] /i xt::showLVSSetup -job lvs -window 11
[09:40:02.44] /o oa:0x1f538450
[09:40:02.51] /i gi::setActiveDialog [gi::getDialogs {xtLVSSetup} -parent [gi::getWindows 11]]
[09:40:02.80] /i db::setAttr geometry -of [gi::getDialogs {xtLVSSetup} -parent [gi::getWindows 11]] -value 704x454+787+419
[09:40:05.65] /i gi::pressButton {/tabGroup/mainTab/jobParametersGroup/runsetFile/browseButton} -in [gi::getDialogs {xtLVSSetup} -parent [gi::getWindows 11]]
[09:40:11.29] /r giFileDialog accept PDK/hercules/lvs/reference_lvs.ev
[09:40:11.80] /i gi::setCurrentIndex {/tabGroup/controlVariablesTab/controlVariablesTable} -index {0,0} -in [gi::getDialogs {xtLVSSetup} -parent [gi::getWindows 11]]
[09:40:11.81] /i gi::setActiveTab {/tabGroup} -tabName {/tabGroup/controlVariablesTab} -in [gi::getDialogs {xtLVSSetup} -parent [gi::getWindows 11]]
[09:40:12.33] /i gi::setActiveTab {/tabGroup} -tabName {/tabGroup/customOptionsTab} -in [gi::getDialogs {xtLVSSetup} -parent [gi::getWindows 11]]
[09:40:13.74] /i gi::pressButton {/apply} -in [gi::getDialogs {xtLVSSetup} -parent [gi::getWindows 11]]
[09:40:14.12] /r giDialog gi::setActiveDialog [gi::getDialogs {xtShowDesignsPrompt}]
[09:40:14.12] /r giDialog gi::setCurrentIndex {target} -index {0,0} -in [gi::getDialogs {xtShowDesignsPrompt}]
[09:40:14.39] /r giDialog db::setAttr geometry -of [gi::getDialogs {xtShowDesignsPrompt}] -value 649x290+626+410
[09:40:15.13] /r giDialog gi::pressButton {ok} -in [gi::getDialogs {xtShowDesignsPrompt}]
[09:40:15.15] /# xt::physicalVerification::executePve lvs 11
[09:40:15.63] /# gi::setActiveDialog [gi::getDialogs {xtLVSSetup} -parent [gi::getWindows 11]]
[09:40:16.07] /m Information: "Starting netlisting for design "project_d_ff/inv_store/schematic"..." (NETLISTING-010)
[09:40:16.07] /o No Design Integrity rule violations found in "project_d_ff/inv_store/schematic"
[09:40:16.08] /m Information: "Netlisting design "project_d_ff/inv_store/schematic" finished successfully." (NETLISTING-012)
[09:40:16.25] /r giWindowId 15
[09:40:16.26] /r giWindowGeometry 800x600
[09:40:18.22] /m Information: 
              /c =============================
              /c JobID: hercules_lvs_2
              /c Completed with no errors.
              /c =============================
              /c 
[09:40:19.87] /i gi::closeWindows [gi::getDialogs {xtLVSSetup} -parent [gi::getWindows 11]]
[09:40:20.89] /i gi::executeAction giCloseWindow -in [gi::getWindows 15]
[09:40:20.92] /i gi::setActiveWindow 11
[09:40:20.92] /i gi::setActiveWindow 11 -raise true
[09:40:23.44] /# gi::executeAction xtLPESetup -in [gi::getWindows 11]
[09:40:23.44] /i xt::showLPESetup -job lpe -window 11
[09:40:23.75] /o oa:0x1dbb9430
[09:40:23.82] /i gi::setActiveDialog [gi::getDialogs {xtLPESetup} -parent [gi::getWindows 11]]
[09:40:24.12] /i db::setAttr geometry -of [gi::getDialogs {xtLPESetup} -parent [gi::getWindows 11]] -value 487x659+830+226
[09:40:29.02] /i gi::pressButton {/tabGroup/mainTab/jobParametersGroup/runsetFile/browseButton} -in [gi::getDialogs {xtLPESetup} -parent [gi::getWindows 11]]
[09:40:34.47] /r giFileDialog accept PDK/starrc/star_herc_cmd
[09:40:35.21] /i gi::setActiveTab {/tabGroup} -tabName {/tabGroup/outputOptionsTab} -in [gi::getDialogs {xtLPESetup} -parent [gi::getWindows 11]]
[09:40:35.91] /i gi::setActiveTab {/tabGroup} -tabName {/tabGroup/customOptionsTab} -in [gi::getDialogs {xtLPESetup} -parent [gi::getWindows 11]]
[09:40:36.34] /i gi::setActiveTab {/tabGroup} -tabName {/tabGroup/outputOptionsTab} -in [gi::getDialogs {xtLPESetup} -parent [gi::getWindows 11]]
[09:40:36.63] /i gi::setActiveTab {/tabGroup} -tabName {/tabGroup/extractionOptionsTab} -in [gi::getDialogs {xtLPESetup} -parent [gi::getWindows 11]]
[09:40:38.15] /i gi::pressButton {/tabGroup/extractionOptionsTab/layoutExtractionGroup/milkywayDatabase/browseButton} -in [gi::getDialogs {xtLPESetup} -parent [gi::getWindows 11]]
[09:40:40.25] /r giFileDialog accept EXTRACT_VIEW
[09:40:40.94] /i gi::pressButton {/apply} -in [gi::getDialogs {xtLPESetup} -parent [gi::getWindows 11]]
[09:40:41.26] /# xt::physicalVerification::executePve lpe 11
[09:40:41.40] /r giWindowId 16
[09:40:41.41] /r giWindowGeometry 800x600
[09:40:41.71] /i gi::setActiveTab {tabs} -tabName {stdout.lpe.log} -in [gi::getWindows 16]
[09:40:41.72] /i gi::setActiveTab {tabs} -tabName {stdout.lpe.log} -in [gi::getWindows 16]
[09:40:41.72] /i gi::setActiveTab {tabs} -tabName {stdout.lpe.log} -in [gi::getWindows 16]
[09:40:41.72] /i gi::setActiveTab {tabs} -tabName {stdout.lpe.log} -in [gi::getWindows 16]
[09:40:41.73] /e Error: The job 'starrc_lpe_2' started on host 'localhost' with process id 27161 failed to start or complete successfully; the job's return code is 255.
[09:40:45.46] /i gi::setActiveTab {/tabGroup} -tabName {/tabGroup/outputOptionsTab} -in [gi::getDialogs {xtLPESetup} -parent [gi::getWindows 11]]
[09:40:46.44] /i gi::setActiveTab {/tabGroup} -tabName {/tabGroup/customOptionsTab} -in [gi::getDialogs {xtLPESetup} -parent [gi::getWindows 11]]
[09:40:47.18] /i gi::setActiveTab {/tabGroup} -tabName {/tabGroup/mainTab} -in [gi::getDialogs {xtLPESetup} -parent [gi::getWindows 11]]
[09:40:49.44] /i gi::pressButton {/tabGroup/mainTab/runDir/browseButton} -in [gi::getDialogs {xtLPESetup} -parent [gi::getWindows 11]]
[09:40:51.93] /r giFileDialog accept .
[09:40:55.17] /i gi::setActiveTab {/tabGroup} -tabName {/tabGroup/extractionOptionsTab} -in [gi::getDialogs {xtLPESetup} -parent [gi::getWindows 11]]
[09:40:58.57] /i gi::setField {/tabGroup/extractionOptionsTab/layoutExtractionGroup/milkywayDatabase/entryField} -value {/home/itsupport/Desktop/lab1vlsi/EXTRACT_VIEW} -in [gi::getDialogs {xtLPESetup} -parent [gi::getWindows 11]]
[09:40:59.60] /i gi::pressButton {/apply} -in [gi::getDialogs {xtLPESetup} -parent [gi::getWindows 11]]
[09:40:59.91] /# xt::physicalVerification::executePve lpe 11
[09:40:59.94] /w Warning: Failed to copy '/home/itsupport/Desktop/lab1vlsi/synopsys_custom/.lib_25300_7f0100.defs' to '/home/itsupport/Desktop/lab1vlsi/lib.defs': copy would overwrite top library definitions file.
[09:41:00.15] /r giWindowId 17
[09:41:00.16] /r giWindowGeometry 800x600
[09:41:00.33] /i gi::setActiveTab {tabs} -tabName {stdout.lpe.log} -in [gi::getWindows 17]
[09:41:00.33] /i gi::setActiveTab {tabs} -tabName {stdout.lpe.log} -in [gi::getWindows 17]
[09:41:00.33] /i gi::setActiveTab {tabs} -tabName {stdout.lpe.log} -in [gi::getWindows 17]
[09:41:00.33] /i gi::setActiveTab {tabs} -tabName {stdout.lpe.log} -in [gi::getWindows 17]
[09:41:00.34] /e Error: The job 'starrc_lpe_3' started on host 'localhost' with process id 27266 failed to start or complete successfully; the job's return code is 255.
[09:41:03.32] /i gi::setActiveTab {/tabGroup} -tabName {/tabGroup/outputOptionsTab} -in [gi::getDialogs {xtLPESetup} -parent [gi::getWindows 11]]
[09:41:05.74] /i gi::setField {/tabGroup/outputOptionsTab/outputGroup/deviceMappingFile/entryField} -value {/home/itsupport/Desktop/lab1vlsi/PDK/starrc/device_map} -in [gi::getDialogs {xtLPESetup} -parent [gi::getWindows 11]]
[09:41:06.28] /i gi::setActiveTab {/tabGroup} -tabName {/tabGroup/customOptionsTab} -in [gi::getDialogs {xtLPESetup} -parent [gi::getWindows 11]]
[09:41:07.28] /i gi::closeWindows [gi::getDialogs {xtLPESetup} -parent [gi::getWindows 11]]
[09:41:08.47] /i gi::executeAction giCloseWindow -in [gi::getWindows 9]
[09:41:09.81] /i gi::executeAction giCloseWindow -in [gi::getWindows 16]
[09:41:10.29] /i gi::executeAction giCloseWindow -in [gi::getWindows 17]
[09:41:10.30] /i gi::setActiveWindow 11
[09:41:10.30] /i gi::setActiveWindow 11 -raise true
[09:41:11.16] /# gi::executeAction deCanvasZoomOutAtPoint -in [gi::getWindows 11]
[09:41:11.16] /i de::zoom -window [gi::getWindows 11] -factor 0.5 -center {-7.453 -6.443}
[09:41:11.16] /o {-7.921 -6.745} {-7.164 -6.299}
[09:41:11.20] /# gi::executeAction deCanvasZoomOutAtPoint -in [gi::getWindows 11]
[09:41:11.20] /i de::zoom -window [gi::getWindows 11] -factor 0.5 -center {-7.455 -6.444}
[09:41:11.20] /o {-8.386 -7.046} {-6.874 -6.155}
[09:41:11.27] /# gi::executeAction deCanvasZoomOutAtPoint -in [gi::getWindows 11]
[09:41:11.27] /i de::zoom -window [gi::getWindows 11] -factor 0.5 -center {-7.487 -6.452}
[09:41:11.27] /o {-9.286 -7.641} {-6.26 -5.858}
[09:41:12.55] /i gi::pressButton {ConsoleToggleButton} -in [db::getAttr statusbar -of [gi::getWindows 11]]
[09:41:20.44] /i db::setAttr shown -of [gi::getAssistants giConsole -from [gi::getWindows 11]] -value false
[09:41:21.14] /# gi::executeAction deCanvasZoomOutAtPoint -in [gi::getWindows 11]
[09:41:21.14] /i de::zoom -window [gi::getWindows 11] -factor 0.5 -center {-8.332 -6.233}
[09:41:21.14] /o {-10.24 -9.049} {-4.188 -5.482}
[09:41:23.81] /# gi::executeAction xtLPESetup -in [gi::getWindows 11]
[09:41:23.81] /i xt::showLPESetup -job lpe -window 11
[09:41:24.15] /o oa:0x1ef80fb0
[09:41:24.21] /i gi::setActiveDialog [gi::getDialogs {xtLPESetup} -parent [gi::getWindows 11]]
[09:41:24.49] /i db::setAttr geometry -of [gi::getDialogs {xtLPESetup} -parent [gi::getWindows 11]] -value 487x659+830+189
[09:41:27.60] /i gi::setField {/tabGroup/mainTab/jobParametersGroup/runsetFile/entryField} -value {/home/itsupport/Desktop/lab1vlsi/PDK/starrc/star_herc_cmd} -in [gi::getDialogs {xtLPESetup} -parent [gi::getWindows 11]]
[09:41:29.49] /i gi::setActiveTab {/tabGroup} -tabName {/tabGroup/extractionOptionsTab} -in [gi::getDialogs {xtLPESetup} -parent [gi::getWindows 11]]
[09:41:35.16] /i gi::pressButton {/tabGroup/extractionOptionsTab/layoutExtractionGroup/milkywayDatabase/browseButton} -in [gi::getDialogs {xtLPESetup} -parent [gi::getWindows 11]]
[09:41:36.57] /r giFileDialog accept EXTRACT_VIEW
[09:41:39.64] /i gi::setActiveTab {/tabGroup} -tabName {/tabGroup/outputOptionsTab} -in [gi::getDialogs {xtLPESetup} -parent [gi::getWindows 11]]
[09:41:40.53] /i gi::setActiveTab {/tabGroup} -tabName {/tabGroup/customOptionsTab} -in [gi::getDialogs {xtLPESetup} -parent [gi::getWindows 11]]
[09:41:41.71] /i gi::setActiveTab {/tabGroup} -tabName {/tabGroup/mainTab} -in [gi::getDialogs {xtLPESetup} -parent [gi::getWindows 11]]
[09:41:43.30] /i gi::pressButton {/tabGroup/mainTab/runDir/browseButton} -in [gi::getDialogs {xtLPESetup} -parent [gi::getWindows 11]]
[09:41:44.34] /r giFileDialog accept .
[09:41:50.40] /i gi::pressButton {/ok} -in [gi::getDialogs {xtLPESetup} -parent [gi::getWindows 11]]
[09:41:50.71] /# xt::physicalVerification::executePve lpe 11
[09:41:50.73] /w Warning: Failed to copy '/home/itsupport/Desktop/lab1vlsi/synopsys_custom/.lib_25300_7f0100.defs' to '/home/itsupport/Desktop/lab1vlsi/lib.defs': copy would overwrite top library definitions file.
[09:41:50.88] /r giWindowId 18
[09:41:50.88] /r giWindowGeometry 800x600
[09:41:51.19] /i gi::setActiveTab {tabs} -tabName {stdout.lpe.log} -in [gi::getWindows 18]
[09:41:51.19] /i gi::setActiveTab {tabs} -tabName {stdout.lpe.log} -in [gi::getWindows 18]
[09:41:51.19] /i gi::setActiveTab {tabs} -tabName {stdout.lpe.log} -in [gi::getWindows 18]
[09:41:51.19] /i gi::setActiveTab {tabs} -tabName {stdout.lpe.log} -in [gi::getWindows 18]
[09:41:51.21] /e Error: The job 'starrc_lpe_4' started on host 'localhost' with process id 27375 failed to start or complete successfully; the job's return code is 255.
[09:41:52.84] /i gi::pressButton {ConsoleToggleButton} -in [db::getAttr statusbar -of [gi::getWindows 18]]
[09:42:03.22] /i gi::executeAction giCloseWindow -in [gi::getWindows 18]
[09:42:03.23] /i gi::setActiveWindow 11
[09:42:03.23] /i gi::setActiveWindow 11 -raise true
[09:42:04.46] /i gi::executeAction giCloseWindow -in [gi::getWindows 11]
[09:42:04.47] /i gi::setActiveWindow 2
[09:42:04.47] /i gi::setActiveWindow 2 -raise true
[09:42:06.26] /i gi::setCurrentIndex {cells} -index {inv_out} -in [gi::getWindows 2]
[09:42:06.26] /i gi::setItemSelection {cells} -index {inv_out} -in [gi::getWindows 2]
[09:42:07.47] /i gi::setCurrentIndex {cells} -index {inv_store} -in [gi::getWindows 2]
[09:42:07.48] /i gi::setItemSelection {cells} -index {inv_store} -in [gi::getWindows 2]
[09:42:08.16] /i gi::setCurrentIndex {views} -index {layout} -in [gi::getWindows 2]
[09:42:08.17] /i gi::setItemSelection {views} -index {layout} -in [gi::getWindows 2]
[09:42:08.31] /i gi::executeAction dmOpen -in [gi::getWindows 2]
[09:42:08.35] /r giWindowId 19
[09:42:08.35] /r giWindowGeometry 1632x1020
[09:42:08.37] /# de::setActiveLPP [de::getLPPs "exclude blockage" -from [db::getAttr editDesign -of [de::getContexts -window 19]]]
[09:42:10.24] /# gi::executeAction xtDRCSetup -in [gi::getWindows 19]
[09:42:10.24] /i xt::showDRCSetup -job drc -window 19
[09:42:10.86] /# gi::setActiveDialog [gi::getDialogs {xtDRCSetup} -parent [gi::getWindows 19]]
[09:42:10.96] /o oa:0x1f557150
[09:42:11.29] /i db::setAttr geometry -of [gi::getDialogs {xtDRCSetup} -parent [gi::getWindows 19]] -value 475x427+865+447
[09:42:14.41] /i gi::pressButton {/ok} -in [gi::getDialogs {xtDRCSetup} -parent [gi::getWindows 19]]
[09:42:14.77] /# xt::physicalVerification::executePve drc 19
[09:42:15.86] /r giWindowId 20
[09:42:15.86] /r giWindowGeometry 800x600
[09:42:16.62] /m Information: 
              /c =============================
              /c JobID: hercules_drc_5
              /c Completed with no errors.
              /c =============================
              /c 
[09:42:18.22] /i gi::executeAction giCloseWindow -in [gi::getWindows 20]
[09:42:18.23] /i gi::setActiveWindow 19
[09:42:18.23] /i gi::setActiveWindow 19 -raise true
[09:42:20.88] /# gi::executeAction xtLVSSetup -in [gi::getWindows 19]
[09:42:20.88] /i xt::showLVSSetup -job lvs -window 19
[09:42:21.52] /# gi::setActiveDialog [gi::getDialogs {xtLVSSetup} -parent [gi::getWindows 19]]
[09:42:21.64] /o oa:0x214538d0
[09:42:21.95] /i db::setAttr geometry -of [gi::getDialogs {xtLVSSetup} -parent [gi::getWindows 19]] -value 704x454+787+419
[09:42:22.76] /i gi::pressButton {/ok} -in [gi::getDialogs {xtLVSSetup} -parent [gi::getWindows 19]]
[09:42:23.09] /# xt::physicalVerification::executePve lvs 19
[09:42:23.99] /m Information: "Starting netlisting for design "project_d_ff/inv_store/schematic"..." (NETLISTING-010)
[09:42:24.00] /o No Design Integrity rule violations found in "project_d_ff/inv_store/schematic"
[09:42:24.02] /m Information: "Netlisting design "project_d_ff/inv_store/schematic" finished successfully." (NETLISTING-012)
[09:42:24.19] /r giWindowId 21
[09:42:24.20] /r giWindowGeometry 800x600
[09:42:26.32] /m Information: 
              /c =============================
              /c JobID: hercules_lvs_3
              /c Completed with no errors.
              /c =============================
              /c 
[09:42:27.78] /i gi::executeAction giCloseWindow -in [gi::getWindows 21]
[09:42:27.80] /i gi::setActiveWindow 19
[09:42:27.80] /i gi::setActiveWindow 19 -raise true
[09:42:29.57] /# gi::executeAction xtLPESetup -in [gi::getWindows 19]
[09:42:29.57] /i xt::showLPESetup -job lpe -window 19
[09:42:29.93] /o oa:0x1dbd5d20
[09:42:29.98] /i gi::setActiveDialog [gi::getDialogs {xtLPESetup} -parent [gi::getWindows 19]]
[09:42:30.29] /i db::setAttr geometry -of [gi::getDialogs {xtLPESetup} -parent [gi::getWindows 19]] -value 487x659+830+226
[09:42:32.75] /i gi::pressButton {/ok} -in [gi::getDialogs {xtLPESetup} -parent [gi::getWindows 19]]
[09:42:33.16] /# xt::physicalVerification::executePve lpe 19
[09:42:33.42] /r giWindowId 22
[09:42:33.43] /r giWindowGeometry 800x600
[09:42:33.62] /i gi::setActiveTab {tabs} -tabName {stdout.lpe.log} -in [gi::getWindows 22]
[09:42:33.62] /i gi::setActiveTab {tabs} -tabName {stdout.lpe.log} -in [gi::getWindows 22]
[09:42:33.62] /i gi::setActiveTab {tabs} -tabName {stdout.lpe.log} -in [gi::getWindows 22]
[09:42:33.62] /i gi::setActiveTab {tabs} -tabName {stdout.lpe.log} -in [gi::getWindows 22]
[09:42:33.63] /e Error: The job 'starrc_lpe_5' started on host 'localhost' with process id 27922 failed to start or complete successfully; the job's return code is 255.
[09:42:45.93] /i gi::executeAction giCloseWindow -in [gi::getWindows 22]
[09:42:45.94] /i gi::setActiveWindow 19
[09:42:45.94] /i gi::setActiveWindow 19 -raise true
[09:42:50.54] /# gi::executeAction xtLPESetup -in [gi::getWindows 19]
[09:42:50.54] /i xt::showLPESetup -job lpe -window 19
[09:42:50.89] /o oa:0x1e946b70
[09:42:50.94] /i gi::setActiveDialog [gi::getDialogs {xtLPESetup} -parent [gi::getWindows 19]]
[09:42:51.22] /i db::setAttr geometry -of [gi::getDialogs {xtLPESetup} -parent [gi::getWindows 19]] -value 487x659+830+189
[09:42:53.53] /i gi::pressButton {/tabGroup/mainTab/runDir/browseButton} -in [gi::getDialogs {xtLPESetup} -parent [gi::getWindows 19]]
[09:42:56.02] /r giFileDialog accept .
[09:42:57.93] /i gi::setActiveTab {/tabGroup} -tabName {/tabGroup/extractionOptionsTab} -in [gi::getDialogs {xtLPESetup} -parent [gi::getWindows 19]]
[09:43:02.65] /i gi::pressButton {/tabGroup/extractionOptionsTab/layoutExtractionGroup/milkywayDatabase/browseButton} -in [gi::getDialogs {xtLPESetup} -parent [gi::getWindows 19]]
[09:43:04.42] /r giFileDialog accept EXTRACT_VIEW
[09:43:05.38] /i gi::setActiveTab {/tabGroup} -tabName {/tabGroup/outputOptionsTab} -in [gi::getDialogs {xtLPESetup} -parent [gi::getWindows 19]]
[09:43:07.87] /i gi::setField {/tabGroup/outputOptionsTab/outputGroup/outputRunset/entryField} -value {/home/itsupport/Desktop/lab1vlsi/star_herc_cmd.custom_compiler} -in [gi::getDialogs {xtLPESetup} -parent [gi::getWindows 19]]
[09:43:09.24] /i gi::pressButton {/apply} -in [gi::getDialogs {xtLPESetup} -parent [gi::getWindows 19]]
[09:43:09.57] /# xt::physicalVerification::executePve lpe 19
[09:43:09.59] /w Warning: Failed to copy '/home/itsupport/Desktop/lab1vlsi/synopsys_custom/.lib_25300_7f0100.defs' to '/home/itsupport/Desktop/lab1vlsi/lib.defs': copy would overwrite top library definitions file.
[09:43:09.76] /r giWindowId 23
[09:43:09.76] /r giWindowGeometry 800x600
[09:43:10.02] /i gi::setActiveTab {tabs} -tabName {stdout.lpe.log} -in [gi::getWindows 23]
[09:43:10.02] /i gi::setActiveTab {tabs} -tabName {stdout.lpe.log} -in [gi::getWindows 23]
[09:43:10.02] /i gi::setActiveTab {tabs} -tabName {stdout.lpe.log} -in [gi::getWindows 23]
[09:43:10.02] /i gi::setActiveTab {tabs} -tabName {stdout.lpe.log} -in [gi::getWindows 23]
[09:43:10.04] /e Error: The job 'starrc_lpe_6' started on host 'localhost' with process id 28034 failed to start or complete successfully; the job's return code is 255.
[09:43:11.54] /i gi::closeWindows [gi::getDialogs {xtLPESetup} -parent [gi::getWindows 19]]
[09:43:12.17] /i gi::setActiveWindow 19
[09:43:12.17] /i gi::setActiveWindow 19 -raise true
[09:43:14.11] /# gi::executeAction xtLVSSetup -in [gi::getWindows 19]
[09:43:14.11] /i xt::showLVSSetup -job lvs -window 19
[09:43:14.74] /# gi::setActiveDialog [gi::getDialogs {xtLVSSetup} -parent [gi::getWindows 19]]
[09:43:14.85] /o oa:0x1f8bfcf0
[09:43:14.87] /i db::setAttr geometry -of [gi::getDialogs {xtLVSSetup} -parent [gi::getWindows 19]] -value 704x454+787+382
[09:43:16.06] /i gi::pressButton {/tabGroup/mainTab/runDir/browseButton} -in [gi::getDialogs {xtLVSSetup} -parent [gi::getWindows 19]]
[09:43:18.76] /r giFileDialog accept .
[09:43:19.97] /i gi::pressButton {/apply} -in [gi::getDialogs {xtLVSSetup} -parent [gi::getWindows 19]]
[09:43:20.31] /# xt::physicalVerification::executePve lvs 19
[09:43:21.20] /m Information: "Starting netlisting for design "project_d_ff/inv_store/schematic"..." (NETLISTING-010)
[09:43:21.21] /o No Design Integrity rule violations found in "project_d_ff/inv_store/schematic"
[09:43:21.23] /m Information: "Netlisting design "project_d_ff/inv_store/schematic" finished successfully." (NETLISTING-012)
[09:43:21.40] /r giWindowId 24
[09:43:21.41] /r giWindowGeometry 800x600
[09:43:23.33] /m Information: 
              /c =============================
              /c JobID: hercules_lvs_4
              /c Completed with no errors.
              /c =============================
              /c 
[09:43:26.17] /i gi::closeWindows [gi::getDialogs {xtLVSSetup} -parent [gi::getWindows 19]]
[09:43:27.11] /i gi::executeAction giCloseWindow -in [gi::getWindows 24]
[09:43:27.12] /i gi::setActiveWindow 19
[09:43:27.12] /i gi::setActiveWindow 19 -raise true
[09:43:27.51] /i gi::executeAction giCloseWindow -in [gi::getWindows 23]
[09:43:29.99] /# gi::executeAction xtLPESetup -in [gi::getWindows 19]
[09:43:29.99] /i xt::showLPESetup -job lpe -window 19
[09:43:30.33] /o oa:0x1edc26e0
[09:43:30.39] /i gi::setActiveDialog [gi::getDialogs {xtLPESetup} -parent [gi::getWindows 19]]
[09:43:30.64] /i db::setAttr geometry -of [gi::getDialogs {xtLPESetup} -parent [gi::getWindows 19]] -value 487x659+830+152
[09:43:32.99] /i gi::pressButton {/apply} -in [gi::getDialogs {xtLPESetup} -parent [gi::getWindows 19]]
[09:43:33.00] /# gi::setActiveTab {/tabGroup} -tabName {/tabGroup/extractionOptionsTab} -in [gi::getDialogs {xtLPESetup} -parent [gi::getWindows 19]]
[09:43:33.00] /e Error: The requested action could not be completed because one or more inputs are incomplete or invalid. (CUSTOM_WIDGETS-001)
[09:43:35.15] /i gi::setField {/tabGroup/extractionOptionsTab/layoutExtractionGroup/milkywayDatabase/entryField} -value {../testcell.hercules.lvs/EXTRACT_VIEW} -in [gi::getDialogs {xtLPESetup} -parent [gi::getWindows 19]]
[09:43:35.22] /i gi::pressButton {/tabGroup/extractionOptionsTab/layoutExtractionGroup/milkywayDatabase/browseButton} -in [gi::getDialogs {xtLPESetup} -parent [gi::getWindows 19]]
[09:43:39.24] /r giFileDialog accept EXTRACT_VIEW
[09:43:40.11] /i gi::setActiveTab {/tabGroup} -tabName {/tabGroup/mainTab} -in [gi::getDialogs {xtLPESetup} -parent [gi::getWindows 19]]
[09:43:42.29] /i gi::setActiveTab {/tabGroup} -tabName {/tabGroup/extractionOptionsTab} -in [gi::getDialogs {xtLPESetup} -parent [gi::getWindows 19]]
[09:43:42.58] /i gi::setActiveTab {/tabGroup} -tabName {/tabGroup/outputOptionsTab} -in [gi::getDialogs {xtLPESetup} -parent [gi::getWindows 19]]
[09:43:44.37] /i gi::pressButton {/apply} -in [gi::getDialogs {xtLPESetup} -parent [gi::getWindows 19]]
[09:43:44.69] /# xt::physicalVerification::executePve lpe 19
[09:43:44.71] /w Warning: Failed to copy '/home/itsupport/Desktop/lab1vlsi/synopsys_custom/.lib_25300_7f0100.defs' to '/home/itsupport/Desktop/lab1vlsi/lib.defs': copy would overwrite top library definitions file.
[09:43:44.82] /r giWindowId 25
[09:43:44.83] /r giWindowGeometry 800x600
[09:43:46.93] /m Information: 
              /c =============================
              /c JobID: starrc_lpe_7
              /c Completed with no errors.
              /c =============================
              /c 
[09:43:46.96] /r giWindowId 26
[09:43:46.96] /r giWindowGeometry 1632x1020
[09:43:46.99] /i de::setActiveLPP [de::getLPPs "exclude blockage" -from [db::getAttr editDesign -of [de::getContexts -window 26]]]
[09:43:49.22] /i gi::closeWindows [gi::getDialogs {xtLPESetup} -parent [gi::getWindows 19]]
[09:43:50.56] /i gi::executeAction giCloseWindow -in [gi::getWindows 26]
[09:43:50.57] /i gi::setActiveWindow 25
[09:43:50.57] /i gi::setActiveWindow 25 -raise true
[09:43:51.28] /i gi::setActiveWindow 19
[09:43:51.28] /i gi::setActiveWindow 19 -raise true
[09:43:52.53] /i gi::setActiveWindow 2
[09:43:52.53] /i gi::setActiveWindow 2 -raise true
[09:43:55.35] /i gi::setCurrentIndex {cells} -index {inv_out} -in [gi::getWindows 2]
[09:43:55.35] /i gi::setItemSelection {cells} -index {inv_out} -in [gi::getWindows 2]
[09:43:56.43] /i gi::setCurrentIndex {cells} -index {inv_store} -in [gi::getWindows 2]
[09:43:56.44] /i gi::setItemSelection {cells} -index {inv_store} -in [gi::getWindows 2]
[09:43:57.00] /i gi::setCurrentIndex {cells} -index {inv_out} -in [gi::getWindows 2]
[09:43:57.00] /i gi::setItemSelection {cells} -index {inv_out} -in [gi::getWindows 2]
[15:25:06.54] /i gi::setCurrentIndex {views} -index {schematic} -in [gi::getWindows 2]
[15:25:06.86] /i gi::setCurrentIndex {cells} -index {inv_store} -in [gi::getWindows 2]
[15:25:06.86] /i gi::setItemSelection {cells} -index {inv_store} -in [gi::getWindows 2]
[15:25:07.92] /i gi::setCurrentIndex {views} -index {layout} -in [gi::getWindows 2]
[15:25:07.92] /i gi::setItemSelection {views} -index {layout} -in [gi::getWindows 2]
[15:25:08.06] /i gi::executeAction dmOpen -in [gi::getWindows 2]
[15:25:08.09] /r giWindowId 27
[15:25:08.11] /r giWindowGeometry 1632x1020
[15:25:08.15] /# de::setActiveLPP [de::getLPPs "exclude blockage" -from [db::getAttr editDesign -of [de::getContexts -window 27]]]
[15:25:11.61] /i gi::setField {stopLevel} -value {1} -in [gi::getToolbars {leHierarchy} -from [gi::getWindows 27]]
[15:26:39.24] /# gi::executeAction deCanvasZoomInAtPoint -in [gi::getWindows 27]
[15:26:39.24] /i de::zoom -window [gi::getWindows 27] -factor 2.0 -center {-7.793 -5.43}
[15:26:39.25] /o {-9.222 -6.422} {-6.196 -4.638}
[15:26:39.38] /# gi::executeAction deCanvasZoomInAtPoint -in [gi::getWindows 27]
[15:26:39.38] /i de::zoom -window [gi::getWindows 27] -factor 2.0 -center {-7.747 -5.438}
[15:26:39.38] /o {-8.484 -5.93} {-6.972 -5.038}
[15:26:40.27] /# gi::executeAction deCanvasZoomOutAtPoint -in [gi::getWindows 27]
[15:26:40.27] /i de::zoom -window [gi::getWindows 27] -factor 0.5 -center {-7.562 -5.353}
[15:26:40.27] /o {-9.407 -6.507} {-6.381 -4.723}
[15:26:40.52] /# gi::executeAction deCanvasZoomOutAtPoint -in [gi::getWindows 27]
[15:26:40.52] /i de::zoom -window [gi::getWindows 27] -factor 0.5 -center {-7.556 -5.359}
[15:26:40.52] /o {-11.258 -7.654} {-5.206 -4.088}
[15:27:30.78] /i gi::setActiveWindow 25
[15:27:30.78] /i gi::setActiveWindow 25 -raise true
[15:27:31.23] /i gi::executeAction giCloseWindow -in [gi::getWindows 25]
[15:27:31.24] /i gi::setActiveWindow 27
[15:27:31.24] /i gi::setActiveWindow 27 -raise true
[15:27:32.08] /i gi::setActiveWindow 2
[15:27:32.08] /i gi::setActiveWindow 2 -raise true
[15:27:33.27] /i gi::executeAction giCloseWindow -in [gi::getWindows 19]
[15:27:34.17] /i gi::executeAction giCloseWindow -in [gi::getWindows 27]
[15:27:35.06] /i gi::sortItems {cells} -column {Cells} -order {descending} -in [gi::getWindows 2]
[15:27:36.65] /i gi::setCurrentIndex {cells} -index {CLOCK_inv} -in [gi::getWindows 2]
[15:27:36.65] /i gi::setItemSelection {cells} -index {CLOCK_inv} -in [gi::getWindows 2]
[15:27:37.94] /i gi::sortItems {cells} -column {Cells} -order {ascending} -in [gi::getWindows 2]
[15:27:42.48] /i gi::sortItems {views} -column {Views} -order {descending} -in [gi::getWindows 2]
[15:27:44.69] /i gi::createWindow -windowType [gi::getWindowTypes giHomePage]
[15:27:44.69] /r giWindowId 28
[15:27:44.69] /r giWindowGeometry 1040x800
[15:27:45.75] /# gi::pressButton {/scroll/scrollArea/scrollAreaInnerWidget/applications/dmLibraryManager} -in [gi::getWindows 28]
[15:27:45.75] /# 
[15:27:45.75] /i dm::openLibraryManager
[15:27:45.75] /r giWindowId 29
[15:27:45.75] /r giWindowGeometry 1910x1077+5+80
[15:27:45.79] /o oa:0x199ac520
[15:27:45.79] /i gi::closeWindows [gi::getWindows 28]
[15:27:45.91] /i gi::setSectionSizes {libs} -values {466} -in [gi::getWindows 29]
[15:27:47.00] /i gi::setCurrentIndex {libs} -index {basic} -in [gi::getWindows 29]
[15:27:47.02] /i gi::setItemSelection {libs} -index {basic} -in [gi::getWindows 29]
[15:27:47.48] /i gi::setCurrentIndex {libs} -index {parasitics} -in [gi::getWindows 29]
[15:27:47.48] /i gi::setItemSelection {libs} -index {parasitics} -in [gi::getWindows 29]
[15:27:47.83] /i gi::setCurrentIndex {libs} -index {project_d_ff} -in [gi::getWindows 29]
[15:27:47.83] /i gi::setItemSelection {libs} -index {project_d_ff} -in [gi::getWindows 29]
[15:27:49.57] /i gi::createWindow -windowType [gi::getWindowTypes giHomePage]
[15:27:49.57] /r giWindowId 30
[15:27:49.57] /r giWindowGeometry 1040x800
[15:27:53.18] /i db::setAttr iconified -of [gi::getFrames 1] -value true
[15:27:53.26] /i db::setAttr iconified -of [gi::getFrames 1] -value false
[15:27:53.27] /i db::setAttr iconified -of [gi::getFrames 1] -value true
[15:27:53.55] /i db::setAttr geometry -of [gi::getFrames 1] -value 1040x824+439+170
[15:30:38.05] /r giDialog gi::setActiveDialog [gi::getDialogs {giCloseFrame}]
[15:30:38.06] /i db::setAttr iconified -of [gi::getFrames 1] -value false
[15:30:38.35] /r giDialog db::setAttr geometry -of [gi::getDialogs {giCloseFrame}] -value 299x108+810+535
[15:30:39.76] /r giDialog gi::pressButton {giCancelButton} -in [gi::getDialogs {giCloseFrame}]
[15:30:40.79] /i gi::executeAction giCloseWindow -in [gi::getWindows 30]
[15:30:40.80] /i gi::setActiveWindow 29
[15:30:40.80] /i gi::setActiveWindow 29 -raise true
[15:30:47.41] /i gi::setCurrentIndex {cellCategories} -index {D_LATCH_SLAVE} -in [gi::getWindows 29]
[15:30:47.41] /i gi::setItemSelection {cellCategories} -index {D_LATCH_SLAVE} -in [gi::getWindows 29]
[15:30:47.78] /i gi::setCurrentIndex {cellCategories} -index {INV} -in [gi::getWindows 29]
[15:30:47.78] /i gi::setItemSelection {cellCategories} -index {INV} -in [gi::getWindows 29]
[15:30:48.09] /i gi::setCurrentIndex {cellCategories} -index {Uncategorized} -in [gi::getWindows 29]
[15:30:48.09] /i gi::setItemSelection {cellCategories} -index {Uncategorized} -in [gi::getWindows 29]
[15:30:48.39] /i gi::setCurrentIndex {cellCategories} -index {D_LATCH_SLAVE} -in [gi::getWindows 29]
[15:30:48.39] /i gi::setItemSelection {cellCategories} -index {D_LATCH_SLAVE} -in [gi::getWindows 29]
[15:30:48.74] /i gi::setCurrentIndex {cellCategories} -index {D_FF} -in [gi::getWindows 29]
[15:30:48.74] /i gi::setItemSelection {cellCategories} -index {D_FF} -in [gi::getWindows 29]
[15:30:49.11] /i gi::setCurrentIndex {cellCategories} -index {All} -in [gi::getWindows 29]
[15:30:49.11] /i gi::setItemSelection {cellCategories} -index {All} -in [gi::getWindows 29]
[15:34:21.66] /i db::setAttr geometry -of [gi::getFrames 1] -value 1246x824+439+170
[15:34:22.41] /i gi::setCurrentIndex {cells} -index {CLOCK_inv} -in [gi::getWindows 29]
[15:34:22.42] /i gi::setItemSelection {cells} -index {CLOCK_inv} -in [gi::getWindows 29]
[15:34:22.84] /i gi::setCurrentIndex {cells} -index {D_FF_tb} -in [gi::getWindows 29]
[15:34:22.84] /i gi::setItemSelection {cells} -index {D_FF_tb} -in [gi::getWindows 29]
[15:34:23.13] /i gi::setCurrentIndex {cells} -index {D_latch_slave} -in [gi::getWindows 29]
[15:34:23.13] /i gi::setItemSelection {cells} -index {D_latch_slave} -in [gi::getWindows 29]
[15:34:23.40] /i gi::setCurrentIndex {cells} -index {inv_store_ds} -in [gi::getWindows 29]
[15:34:23.40] /i gi::setItemSelection {cells} -index {inv_store_ds} -in [gi::getWindows 29]
[15:34:23.70] /i gi::setCurrentIndex {cells} -index {tb_d_latch_2} -in [gi::getWindows 29]
[15:34:23.70] /i gi::setItemSelection {cells} -index {tb_d_latch_2} -in [gi::getWindows 29]
[15:34:24.01] /i gi::setCurrentIndex {cells} -index {tg_out_ds} -in [gi::getWindows 29]
[15:34:24.02] /i gi::setItemSelection {cells} -index {tg_out_ds} -in [gi::getWindows 29]
[15:34:24.41] /i gi::setCurrentIndex {cells} -index {tg_in_tb} -in [gi::getWindows 29]
[15:34:24.42] /i gi::setItemSelection {cells} -index {tg_in_tb} -in [gi::getWindows 29]
[15:34:24.75] /i gi::setCurrentIndex {cells} -index {tb_d_latch_2} -in [gi::getWindows 29]
[15:34:24.76] /i gi::setItemSelection {cells} -index {tb_d_latch_2} -in [gi::getWindows 29]
[15:34:25.99] /i gi::setCurrentIndex {cellCategories} -index {INV} -in [gi::getWindows 29]
[15:34:25.99] /i gi::setItemSelection {cellCategories} -index {INV} -in [gi::getWindows 29]
[15:34:26.64] /i gi::setCurrentIndex {cells} -index {TG_in} -in [gi::getWindows 29]
[15:34:26.64] /i gi::setItemSelection {cells} -index {TG_in} -in [gi::getWindows 29]
[15:34:28.44] /i gi::setCurrentIndex {cells} -index {TG_out} -in [gi::getWindows 29]
[15:34:28.44] /i gi::setItemSelection {cells} -index {TG_out} -in [gi::getWindows 29]
[15:34:29.53] /i gi::setCurrentIndex {cells} -index {TG_in} -in [gi::getWindows 29]
[15:34:29.53] /i gi::setItemSelection {cells} -index {TG_in} -in [gi::getWindows 29]
[15:34:31.65] /i gi::setCurrentIndex {cellCategories} -index {D_FF} -in [gi::getWindows 29]
[15:34:31.65] /i gi::setItemSelection {cellCategories} -index {D_FF} -in [gi::getWindows 29]
[15:34:32.49] /i gi::setCurrentIndex {cells} -index {D_FF} -in [gi::getWindows 29]
[15:34:32.49] /i gi::setItemSelection {cells} -index {D_FF} -in [gi::getWindows 29]
[15:34:34.17] /i gi::setCurrentIndex {cells} -index {D_FF_tb} -in [gi::getWindows 29]
[15:34:34.17] /i gi::setItemSelection {cells} -index {D_FF_tb} -in [gi::getWindows 29]
[15:34:35.03] /i gi::setCurrentIndex {views} -index {schematic} -in [gi::getWindows 29]
[15:34:35.03] /i gi::setItemSelection {views} -index {schematic} -in [gi::getWindows 29]
[15:34:35.29] /i gi::executeAction dmOpen -in [gi::getWindows 29]
[15:34:35.34] /r giWindowId 31
[15:34:35.34] /r giWindowGeometry 1632x1020
[15:34:35.49] /o "project_d_ff/D_FF_tb/schematic" design does not need checking
[15:34:35.56] /i gi::setActiveWindow 29
[15:34:35.56] /i gi::setActiveWindow 29 -raise true
[15:34:35.85] /i db::setAttr dockSize -of [gi::getAssistants dePropertyEditor -from [gi::getWindows 31]] -value 290x179
[15:34:37.12] /i db::setAttr maximized -of [gi::getFrames 1] -value true
[15:34:37.45] /i db::setAttr dockSize -of [gi::getAssistants deMarkerBrowser -from [gi::getWindows 31]] -value 290x839
[15:34:37.45] /i db::setAttr dockSize -of [gi::getAssistants giConsole -from [gi::getWindows 31]] -value 1867x89
[15:34:37.45] /i db::setAttr geometry -of [gi::getFrames 1] -value 1910x1101+5+56
[15:34:38.26] /# gi::executeAction deCanvasZoomInAtPoint -in [gi::getWindows 31]
[15:34:38.26] /i de::zoom -window [gi::getWindows 31] -factor 2.0 -center {2.6375 3.375}
[15:34:38.26] /o {2.20625 1.71875} {7.0625 4.39375}
[15:34:38.39] /# gi::executeAction deCanvasZoomInAtPoint -in [gi::getWindows 31]
[15:34:38.40] /i de::zoom -window [gi::getWindows 31] -factor 2.0 -center {2.64375 3.375}
[15:34:38.40] /o {2.425 2.55} {4.85 3.88125}
[15:34:39.20] /i gi::setActiveWindow 31
[15:34:39.20] /i gi::setActiveWindow 31 -raise true
[15:34:39.26] /# gi::executeAction deSelectActive -in [gi::getWindows 31]
[15:34:39.26] /i de::deselectAll [db::getNext [de::getContexts -window 31]]
[15:34:39.26] /i de::select [de::getActiveFigure [gi::getWindows 31] -point {3.60625 3.19375} -index 0 -intent none]
[15:34:39.26] /o oa:0x21a3de10
[15:34:40.90] /i gi::executeAction deCanvasDragCancel -in [gi::getWindows 31]
[15:34:41.95] /i gi::createWindow -windowType [gi::getWindowTypes giHomePage]
[15:34:41.95] /r giWindowId 32
[15:34:41.96] /r giWindowGeometry 1040x800
[15:34:43.20] /i gi::setActiveWindow 31
[15:34:43.20] /i gi::setActiveWindow 31 -raise true
[15:34:44.01] /i gi::executeAction giCloseWindow -in [gi::getWindows 32]
[15:34:46.15] /# gi::executeAction seShowConsoleForWindow -in [gi::getWindows 31]
[15:34:46.15] /i sa::showConsole -context [db::getNext [de::getContexts -window 31]]
[15:34:47.92] /m Information: License 'SAE' checked out. (LICENSE-003)
[15:34:47.96] /r giWindowId 33
[15:34:47.96] /r giWindowGeometry 600x500
[15:34:48.07] /o oa:0x241f93a0
[15:34:48.11] /m Information: Launching Background sae_shell Server Process "cd /home/itsupport/Desktop/lab1vlsi && sae_shell -log sae_shell_session0_job1 -libDefFile /home/itsupport/Desktop/lab1vlsi/lib.defs"
[15:34:50.15] /# gi::executeAction saLoadState -in [gi::getWindows 33]
[15:34:50.15] /i sa::showLoadState -parent 33
[15:34:50.41] /o oa:0x1c7d5f50
[15:34:50.56] /i gi::setActiveDialog [gi::getDialogs {saShowLoadState} -parent [gi::getWindows 33]]
[15:34:50.75] /i db::setAttr geometry -of [gi::getDialogs {saShowLoadState} -parent [gi::getWindows 33]] -value 603x720+778+424
[15:34:52.06] /m Information: Received ready-for-commands signal from background job 'sae_shell_session0_job1' after 4 seconds.
[15:34:52.15] /i gi::pressButton {/apply} -in [gi::getDialogs {saShowLoadState} -parent [gi::getWindows 33]]
[15:34:52.64] /i gi::pressButton {/ok} -in [gi::getDialogs {saShowLoadState} -parent [gi::getWindows 33]]
[15:34:57.18] /i gi::setActiveWindow 31
[15:34:57.18] /i gi::setActiveWindow 31 -raise true
[15:34:58.99] /i gi::setActiveWindow 33
[15:34:58.99] /i gi::setActiveWindow 33 -raise true
[15:35:00.67] /i gi::setActiveWindow 31
[15:35:00.67] /i gi::setActiveWindow 31 -raise true
[15:35:02.65] /# gi::executeAction deCanvasZoomOutAtPoint -in [gi::getWindows 31]
[15:35:02.65] /i de::zoom -window [gi::getWindows 31] -factor 0.5 -center {3.64375 3.29375}
[15:35:02.65] /o {1.20625 1.8} {6.0625 4.475}
[15:35:02.96] /# gi::executeAction deCanvasZoomInAtPoint -in [gi::getWindows 31]
[15:35:02.96] /i de::zoom -window [gi::getWindows 31] -factor 2.0 -center {3.61875 3.28125}
[15:35:02.96] /o {2.4125 2.54375} {4.8375 3.875}
[15:35:04.59] /# gi::executeAction deSelectActive -in [gi::getWindows 31]
[15:35:04.59] /i de::cycleActiveFigure [gi::getWindows 31] -direction next
[15:35:04.59] /o oa:0x24b6b3e0
[15:35:05.05] /i gi::executeAction deCanvasDragCancel -in [gi::getWindows 31]
[15:35:05.44] /# gi::executeAction deSelectActive -in [gi::getWindows 31]
[15:35:05.44] /i de::cycleActiveFigure [gi::getWindows 31] -direction next
[15:35:05.44] /o oa:0x24abc3a0
[15:35:06.34] /# gi::executeAction deCanvasZoomOutAtPoint -in [gi::getWindows 31]
[15:35:06.34] /i de::zoom -window [gi::getWindows 31] -factor 0.5 -center {3.675 3.53125}
[15:35:06.34] /o {1.15 1.55} {6.00625 4.225}
[15:35:07.06] /i gi::setActiveWindow 33
[15:35:07.06] /i gi::setActiveWindow 33 -raise true
[15:35:21.76] /i gi::executeAction menuPreShow -in [gi::getWindows 33]
[15:35:21.77] /r giMenuAccess db::getNext [gi::getMenus saConsoleSimMenu -from [gi::getWindows 33]]
[15:35:22.56] /# gi::executeAction saNetlistAndRun -in [gi::getWindows 33]
[15:35:22.56] /i isa::netlistAndRun -testbench [sa::findActiveTestbench -window 33] -mode overwrite
[15:35:22.58] /r giWindowId 34
[15:35:22.59] /r giWindowGeometry 800x600
[15:35:22.65] /m Information: "Starting incremental netlisting for design "project_d_ff/D_FF_tb/schematic"..." (NETLISTING-010)
[15:35:22.67] /o No Design Integrity rule violations found in "project_d_ff/D_FF_tb/schematic"
[15:35:22.68] /m Information: 
[15:35:22.68] /o Checking "project_d_ff/D_FF/schematic"
[15:35:22.68] /o No rule violations found in "project_d_ff/D_FF/schematic"
[15:35:22.69] /m Information: 
[15:35:22.69] /o Checking "project_d_ff/D_latch/schematic"
[15:35:22.69] /o No rule violations found in "project_d_ff/D_latch/schematic"
[15:35:22.70] /m Information: 
[15:35:22.70] /o Checking "project_d_ff/TG_out/schematic"
[15:35:22.70] /o No rule violations found in "project_d_ff/TG_out/schematic"
[15:35:22.71] /m Information: 
[15:35:22.71] /o Checking "project_d_ff/CLOCK_inv/schematic"
[15:35:22.71] /o No rule violations found in "project_d_ff/CLOCK_inv/schematic"
[15:35:22.71] /m Information: 
[15:35:22.71] /o Checking "project_d_ff/D_latch_slave/schematic"
[15:35:22.72] /o No rule violations found in "project_d_ff/D_latch_slave/schematic"
[15:35:22.72] /m Information: 
[15:35:22.72] /o Checking "project_d_ff/tg_out_ds/schematic"
[15:35:22.72] /o No rule violations found in "project_d_ff/tg_out_ds/schematic"
[15:35:22.72] /m Information: 
[15:35:22.72] /o Checking "project_d_ff/int_out_ds/schematic"
[15:35:22.72] /o No rule violations found in "project_d_ff/int_out_ds/schematic"
[15:35:22.73] /m Information: 
[15:35:22.73] /o Checking "project_d_ff/tg_in_ds/schematic"
[15:35:22.73] /o No rule violations found in "project_d_ff/tg_in_ds/schematic"
[15:35:22.76] /m Information: "project_d_ff TG_in schematic" renetlisted. (NETLISTING-056)
[15:35:22.77] /m Information: "project_d_ff inv_out schematic" renetlisted. (NETLISTING-056)
[15:35:22.77] /m Information: "project_d_ff inv_store schematic" renetlisted. (NETLISTING-056)
[15:35:22.78] /m Information: "project_d_ff TG_out schematic" renetlisted. (NETLISTING-056)
[15:35:22.79] /m Information: "project_d_ff D_latch schematic" renetlisted. (NETLISTING-056)
[15:35:22.79] /m Information: "project_d_ff CLOCK_inv schematic" renetlisted. (NETLISTING-056)
[15:35:22.80] /m Information: "project_d_ff tg_out_ds schematic" renetlisted. (NETLISTING-056)
[15:35:22.80] /m Information: "project_d_ff int_out_ds schematic" renetlisted. (NETLISTING-056)
[15:35:22.81] /m Information: "project_d_ff tg_in_ds schematic" renetlisted. (NETLISTING-056)
[15:35:22.81] /m Information: "project_d_ff inv_store_ds schematic" renetlisted. (NETLISTING-056)
[15:35:22.82] /m Information: "project_d_ff D_latch_slave schematic" renetlisted. (NETLISTING-056)
[15:35:22.82] /m Information: "project_d_ff D_FF schematic" renetlisted. (NETLISTING-056)
[15:35:22.83] /m Information: "project_d_ff D_FF_tb schematic" renetlisted. (NETLISTING-056)
[15:35:22.84] /m Information: "Netlisting design "project_d_ff/D_FF_tb/schematic" finished successfully." (NETLISTING-012)
[15:35:22.85] /m Information: "Composing simulator input file for design "project_d_ff/D_FF_tb/schematic"..."
[15:35:22.89] /m Information: "Simulator input file composed successfully for design "project_d_ff/D_FF_tb/schematic""
[15:35:23.06] /m Information: "Starting HSPICE simulation for design: project_d_ff/D_FF_tb/schematic"
[15:35:23.06] /# gi::collapse {jobMonitorTable} -index {0.0,0} -in [gi::getWindows 34]
[15:35:23.08] /o 1
[15:35:23.76] /m Information: "Simulation completed successfully for design: project_d_ff/D_FF_tb/schematic "
[15:35:23.97] /m Information: Launching Background sae_shell Server Process "cd /home/itsupport/Desktop/lab1vlsi && sae_shell -log sae_shell_session0_job2 -libDefFile /home/itsupport/Desktop/lab1vlsi/lib.defs"
[15:35:23.97] /m Information: "Evaluating and plotting outputs..."
[15:35:24.77] /m Information: Started sharing "Custom WaveView" license. (WAVEFORM-110)
[15:35:24.83] /m Information: Launching Waveform Viewer "cd /home/itsupport/simulation/project_d_ff,D_FF_tb,schematic/history_1/simulation/HSPICE_d_Fff/HSPICE/nominal/results &&  wv -k -cdesigner -spxkey /usr/synopsys/customcompiler/N-2017.12-SP1-2/auxx/waveform/sae.spxkey -spxrc /tmp/sae_spxrc_Nl1zqd -unique_string 9dbaf1e5ad41e50ec4ac300f607c403a15c9c611af414893916e52343c87a980eb2070ad53df9c90816ea3626bc9c98046d114bce296a00f -lic_type 1    > /home/itsupport/simulation/project_d_ff,D_FF_tb,schematic/history_1/simulation/HSPICE_d_Fff/HSPICE/nominal/results/viewer.log 2>&1"
[15:35:24.83] /i gi::collapse {jobMonitorTable} -index {0.0,0} -in [gi::getWindows 34]
[15:35:25.03] /m Information: Measurement calculations completed for testbench: HSPICE_d_Fff in 0s
[15:35:26.28] /j ::wf::WaveView::plotSuccess WaveView_1 {} {_6dd6da0_void_pp _6e69ef0_void_pp} 
[15:35:26.32] /j ::wf::WaveView::plotSuccess WaveView_1 {} {_6dd6da0_void_pp _6e69fb8_void_pp} 
[15:35:26.37] /j ::wf::WaveView::plotSuccess WaveView_1 {} {_6dd6da0_void_pp _6e6a080_void_pp} 
[15:35:26.40] /j ::wf::WaveView::plotSuccess WaveView_1 {} {_6dd6da0_void_pp _6e6a148_void_pp} 
[15:35:27.36] /m Information: Received ready-for-commands signal from background job 'sae_shell_session0_job2' after 4 seconds.
[15:35:53.81] /m Information: Waveform viewer exited normally.
[15:35:54.78] /i gi::setActiveWindow 33
[15:35:54.79] /i gi::setActiveWindow 33 -raise true
[15:35:56.21] /i gi::setCurrentIndex {variablesTable} -index {1,1} -in [gi::getWindows 33]
[15:35:56.21] /i gi::setItemSelection {variablesTable} -index {1,1} -in [gi::getWindows 33]
[15:35:59.06] /i gi::setField {variablesTable} -index {1,1} -value {200p} -in [gi::getWindows 33]
[15:35:59.06] /i gi::setField {variablesTable} -index {1,1} -value {200p} -in [gi::getWindows 33]
[15:36:00.62] /i gi::executeAction menuPreShow -in [gi::getWindows 33]
[15:36:00.62] /r giMenuAccess db::getNext [gi::getMenus saConsoleSimMenu -from [gi::getWindows 33]]
[15:36:03.45] /# gi::executeAction saNetlistAndRun -in [gi::getWindows 33]
[15:36:03.45] /i isa::netlistAndRun -testbench [sa::findActiveTestbench -window 33] -mode overwrite
[15:36:03.49] /m Information: "Starting incremental netlisting for design "project_d_ff/D_FF_tb/schematic"..." (NETLISTING-010)
[15:36:03.51] /o No Design Integrity rule violations found in "project_d_ff/D_FF_tb/schematic"
[15:36:03.52] /m Information: 
[15:36:03.52] /o Checking "project_d_ff/D_FF/schematic"
[15:36:03.52] /o No rule violations found in "project_d_ff/D_FF/schematic"
[15:36:03.52] /m Information: 
[15:36:03.52] /o Checking "project_d_ff/D_latch/schematic"
[15:36:03.52] /o No rule violations found in "project_d_ff/D_latch/schematic"
[15:36:03.53] /m Information: 
[15:36:03.53] /o Checking "project_d_ff/TG_out/schematic"
[15:36:03.53] /o No rule violations found in "project_d_ff/TG_out/schematic"
[15:36:03.53] /m Information: 
[15:36:03.53] /o Checking "project_d_ff/CLOCK_inv/schematic"
[15:36:03.53] /o No rule violations found in "project_d_ff/CLOCK_inv/schematic"
[15:36:03.53] /m Information: 
[15:36:03.53] /o Checking "project_d_ff/D_latch_slave/schematic"
[15:36:03.53] /o No rule violations found in "project_d_ff/D_latch_slave/schematic"
[15:36:03.54] /m Information: 
[15:36:03.54] /o Checking "project_d_ff/tg_out_ds/schematic"
[15:36:03.54] /o No rule violations found in "project_d_ff/tg_out_ds/schematic"
[15:36:03.54] /m Information: 
[15:36:03.54] /o Checking "project_d_ff/int_out_ds/schematic"
[15:36:03.54] /o No rule violations found in "project_d_ff/int_out_ds/schematic"
[15:36:03.54] /m Information: 
[15:36:03.54] /o Checking "project_d_ff/tg_in_ds/schematic"
[15:36:03.54] /o No rule violations found in "project_d_ff/tg_in_ds/schematic"
[15:36:03.61] /m Information: "Netlisting design "project_d_ff/D_FF_tb/schematic" finished successfully." (NETLISTING-012)
[15:36:03.62] /m Information: "Composing simulator input file for design "project_d_ff/D_FF_tb/schematic"..."
[15:36:03.65] /m Information: "Simulator input file composed successfully for design "project_d_ff/D_FF_tb/schematic""
[15:36:03.79] /m Information: "Starting HSPICE simulation for design: project_d_ff/D_FF_tb/schematic"
[15:36:03.79] /# gi::collapse {jobMonitorTable} -index {0.0.0.0,0} -in [gi::getWindows 34]
[15:36:03.80] /o 1
[15:36:04.36] /m Information: "Simulation completed successfully for design: project_d_ff/D_FF_tb/schematic "
[15:36:04.55] /m Information: "Evaluating and plotting outputs..."
[15:36:04.57] /m Information: Launching Waveform Viewer "cd /home/itsupport/simulation/project_d_ff,D_FF_tb,schematic/history_1/simulation/HSPICE_d_Fff/HSPICE/nominal/results &&  wv -k -cdesigner -spxkey /usr/synopsys/customcompiler/N-2017.12-SP1-2/auxx/waveform/sae.spxkey -spxrc /tmp/sae_spxrc_OiXcqq -unique_string 9dbaf1e5ad41e50ec4ac300f607c403a15c9c611af414893916e52343c87a980eb2070ad53df9c90735839eb35289433f2ae534293c18ee9 -lic_type 1    > /home/itsupport/simulation/project_d_ff,D_FF_tb,schematic/history_1/simulation/HSPICE_d_Fff/HSPICE/nominal/results/viewer.log 2>&1"
[15:36:04.57] /i gi::collapse {jobMonitorTable} -index {0.0,0} -in [gi::getWindows 34]
[15:36:04.87] /m Information: Measurement calculations completed for testbench: HSPICE_d_Fff in 0s
[15:36:05.29] /j ::wf::WaveView::plotSuccess WaveView_2 {} {_6ad3080_void_pp _6b20fb0_void_pp} 
[15:36:05.31] /j ::wf::WaveView::plotSuccess WaveView_2 {} {_6ad3080_void_pp _6b21078_void_pp} 
[15:36:05.36] /j ::wf::WaveView::plotSuccess WaveView_2 {} {_6ad3080_void_pp _6b21140_void_pp} 
[15:36:05.40] /j ::wf::WaveView::plotSuccess WaveView_2 {} {_6ad3080_void_pp _6b21208_void_pp} 
[15:36:26.16] /m Information: Waveform viewer exited normally.
[15:36:27.52] /i gi::executeAction giCloseWindow -in [gi::getWindows 34]
[15:36:27.53] /i gi::setActiveWindow 33
[15:36:27.53] /i gi::setActiveWindow 33 -raise true
[15:36:28.47] /i gi::setCurrentIndex {analysisPane} -index {0,3} -in [gi::getWindows 33]
[15:36:28.47] /i gi::setItemSelection {analysisPane} -index {0,3} -in [gi::getWindows 33]
[15:36:28.47] /i gi::setItemSelection {variablesTable} -index {} -in [gi::getWindows 33]
[15:36:28.85] /i gi::setCurrentIndex {analysisPane} -index {1,3} -in [gi::getWindows 33]
[15:36:28.85] /i gi::setItemSelection {analysisPane} -index {1,3} -in [gi::getWindows 33]
[15:36:29.17] /i gi::setActiveDialog [gi::getDialogs {saEditAnalysesDialogXsaeSession0} -parent [gi::getWindows 33]]
[15:36:29.45] /i db::setAttr geometry -of [gi::getDialogs {saEditAnalysesDialogXsaeSession0} -parent [gi::getWindows 33]] -value 633x680+762+450
[15:36:36.94] /i gi::setField {/analysesGroups/tabGeneral/anaPane/step} -value {10p} -in [gi::getDialogs {saEditAnalysesDialogXsaeSession0} -parent [gi::getWindows 33]]
[15:36:38.61] /i gi::setField {/analysesGroups/tabGeneral/anaPane/stop} -value {100n} -in [gi::getDialogs {saEditAnalysesDialogXsaeSession0} -parent [gi::getWindows 33]]
[15:36:38.61] /i gi::pressButton {/ok} -in [gi::getDialogs {saEditAnalysesDialogXsaeSession0} -parent [gi::getWindows 33]]
[15:36:39.94] /i gi::executeAction menuPreShow -in [gi::getWindows 33]
[15:36:39.94] /r giMenuAccess db::getNext [gi::getMenus saConsoleSimMenu -from [gi::getWindows 33]]
[15:36:40.49] /# gi::executeAction saNetlistAndRun -in [gi::getWindows 33]
[15:36:40.49] /i isa::netlistAndRun -testbench [sa::findActiveTestbench -window 33] -mode overwrite
[15:36:40.50] /r giWindowId 35
[15:36:40.51] /r giWindowGeometry 800x600
[15:36:40.55] /m Information: "Starting incremental netlisting for design "project_d_ff/D_FF_tb/schematic"..." (NETLISTING-010)
[15:36:40.56] /o No Design Integrity rule violations found in "project_d_ff/D_FF_tb/schematic"
[15:36:40.58] /m Information: 
[15:36:40.58] /o Checking "project_d_ff/D_FF/schematic"
[15:36:40.58] /o No rule violations found in "project_d_ff/D_FF/schematic"
[15:36:40.58] /m Information: 
[15:36:40.58] /o Checking "project_d_ff/D_latch/schematic"
[15:36:40.58] /o No rule violations found in "project_d_ff/D_latch/schematic"
[15:36:40.59] /m Information: 
[15:36:40.59] /o Checking "project_d_ff/TG_out/schematic"
[15:36:40.59] /o No rule violations found in "project_d_ff/TG_out/schematic"
[15:36:40.59] /m Information: 
[15:36:40.59] /o Checking "project_d_ff/CLOCK_inv/schematic"
[15:36:40.59] /o No rule violations found in "project_d_ff/CLOCK_inv/schematic"
[15:36:40.59] /m Information: 
[15:36:40.59] /o Checking "project_d_ff/D_latch_slave/schematic"
[15:36:40.59] /o No rule violations found in "project_d_ff/D_latch_slave/schematic"
[15:36:40.59] /m Information: 
[15:36:40.59] /o Checking "project_d_ff/tg_out_ds/schematic"
[15:36:40.59] /o No rule violations found in "project_d_ff/tg_out_ds/schematic"
[15:36:40.60] /m Information: 
[15:36:40.60] /o Checking "project_d_ff/int_out_ds/schematic"
[15:36:40.60] /o No rule violations found in "project_d_ff/int_out_ds/schematic"
[15:36:40.60] /m Information: 
[15:36:40.60] /o Checking "project_d_ff/tg_in_ds/schematic"
[15:36:40.60] /o No rule violations found in "project_d_ff/tg_in_ds/schematic"
[15:36:40.65] /m Information: "Netlisting design "project_d_ff/D_FF_tb/schematic" finished successfully." (NETLISTING-012)
[15:36:40.65] /m Information: "Composing simulator input file for design "project_d_ff/D_FF_tb/schematic"..."
[15:36:40.68] /m Information: "Simulator input file composed successfully for design "project_d_ff/D_FF_tb/schematic""
[15:36:40.91] /m Information: "Starting HSPICE simulation for design: project_d_ff/D_FF_tb/schematic"
[15:36:40.91] /# gi::collapse {jobMonitorTable} -index {0.0.1.0,0} -in [gi::getWindows 35]
[15:36:40.92] /o 1
[15:36:45.96] /m Information: "Simulation completed successfully for design: project_d_ff/D_FF_tb/schematic "
[15:36:46.13] /m Information: "Evaluating and plotting outputs..."
[15:36:46.14] /m Information: Launching Waveform Viewer "cd /home/itsupport/simulation/project_d_ff,D_FF_tb,schematic/history_1/simulation/HSPICE_d_Fff/HSPICE/nominal/results &&  wv -k -cdesigner -spxkey /usr/synopsys/customcompiler/N-2017.12-SP1-2/auxx/waveform/sae.spxkey -spxrc /tmp/sae_spxrc_Wohd2e -unique_string 9dbaf1e5ad41e50ec4ac300f607c403a15c9c611af414893916e52343c87a980eb2070ad53df9c90735839eb352894338ac6cdb3c714b307 -lic_type 1    > /home/itsupport/simulation/project_d_ff,D_FF_tb,schematic/history_1/simulation/HSPICE_d_Fff/HSPICE/nominal/results/viewer.log 2>&1"
[15:36:46.14] /i gi::collapse {jobMonitorTable} -index {0.0,0} -in [gi::getWindows 35]
[15:36:46.46] /m Information: Measurement calculations completed for testbench: HSPICE_d_Fff in 0s
[15:36:46.85] /j ::wf::WaveView::plotSuccess WaveView_3 {} {_664c510_void_pp _671f840_void_pp} 
[15:36:46.89] /j ::wf::WaveView::plotSuccess WaveView_3 {} {_664c510_void_pp _671f908_void_pp} 
[15:36:46.92] /j ::wf::WaveView::plotSuccess WaveView_3 {} {_664c510_void_pp _671f9d0_void_pp} 
[15:36:46.96] /j ::wf::WaveView::plotSuccess WaveView_3 {} {_664c510_void_pp _671fa98_void_pp} 
[15:36:59.66] /m Information: Waveform viewer exited normally.
[15:37:00.64] /i gi::setActiveWindow 31
[15:37:00.64] /i gi::setActiveWindow 31 -raise true
[15:37:02.22] /i gi::executeAction sePropertyEditorToggle -in [gi::getWindows 31]
[15:37:02.25] /# db::setAttr shown -of [gi::getAssistants dePropertyEditor -from [gi::getWindows 31]] -value true
[15:37:02.55] /i db::setAttr dockSize -of [gi::getAssistants dePropertyEditor -from [gi::getWindows 31]] -value 290x839
[15:37:02.70] /# gi::executeAction deSelectActive -in [gi::getWindows 31]
[15:37:02.70] /i de::cycleActiveFigure [gi::getWindows 31] -direction next
[15:37:02.70] /o oa:0x1c7eba10
[15:37:07.43] /# gi::executeAction deSelectActive -in [gi::getWindows 31]
[15:37:07.43] /i de::deselectAll [db::getNext [de::getContexts -window 31]]
[15:37:07.43] /i de::select [de::getActiveFigure [gi::getWindows 31] -point {3.34375 3.84375} -index 0 -intent none]
[15:37:07.43] /o oa:0x25abe3b0
[15:37:09.47] /i gi::setActiveWindow 33
[15:37:09.47] /i gi::setActiveWindow 33 -raise true
[15:37:10.83] /i gi::setCurrentIndex {variablesTable} -index {1,1} -in [gi::getWindows 33]
[15:37:10.83] /i gi::setItemSelection {variablesTable} -index {1,1} -in [gi::getWindows 33]
[15:37:10.83] /i gi::setItemSelection {analysisPane} -index {} -in [gi::getWindows 33]
[15:37:13.44] /i gi::setField {variablesTable} -index {1,1} -value {350p} -in [gi::getWindows 33]
[15:37:13.44] /i gi::setField {variablesTable} -index {1,1} -value {350p} -in [gi::getWindows 33]
[15:37:16.22] /i gi::executeAction menuPreShow -in [gi::getWindows 33]
[15:37:16.22] /r giMenuAccess db::getNext [gi::getMenus saConsoleSimMenu -from [gi::getWindows 33]]
[15:37:16.71] /# gi::executeAction saNetlistAndRun -in [gi::getWindows 33]
[15:37:16.71] /i isa::netlistAndRun -testbench [sa::findActiveTestbench -window 33] -mode overwrite
[15:37:16.75] /m Information: "Starting incremental netlisting for design "project_d_ff/D_FF_tb/schematic"..." (NETLISTING-010)
[15:37:16.76] /o No Design Integrity rule violations found in "project_d_ff/D_FF_tb/schematic"
[15:37:16.78] /m Information: 
[15:37:16.78] /o Checking "project_d_ff/D_FF/schematic"
[15:37:16.78] /o No rule violations found in "project_d_ff/D_FF/schematic"
[15:37:16.81] /m Information: 
[15:37:16.81] /o Checking "project_d_ff/D_latch/schematic"
[15:37:16.81] /o No rule violations found in "project_d_ff/D_latch/schematic"
[15:37:16.83] /m Information: 
[15:37:16.83] /o Checking "project_d_ff/TG_out/schematic"
[15:37:16.83] /o No rule violations found in "project_d_ff/TG_out/schematic"
[15:37:16.83] /m Information: 
[15:37:16.83] /o Checking "project_d_ff/CLOCK_inv/schematic"
[15:37:16.83] /o No rule violations found in "project_d_ff/CLOCK_inv/schematic"
[15:37:16.83] /m Information: 
[15:37:16.83] /o Checking "project_d_ff/D_latch_slave/schematic"
[15:37:16.83] /o No rule violations found in "project_d_ff/D_latch_slave/schematic"
[15:37:16.84] /m Information: 
[15:37:16.84] /o Checking "project_d_ff/tg_out_ds/schematic"
[15:37:16.84] /o No rule violations found in "project_d_ff/tg_out_ds/schematic"
[15:37:16.84] /m Information: 
[15:37:16.84] /o Checking "project_d_ff/int_out_ds/schematic"
[15:37:16.84] /o No rule violations found in "project_d_ff/int_out_ds/schematic"
[15:37:16.84] /m Information: 
[15:37:16.84] /o Checking "project_d_ff/tg_in_ds/schematic"
[15:37:16.84] /o No rule violations found in "project_d_ff/tg_in_ds/schematic"
[15:37:16.89] /m Information: "Netlisting design "project_d_ff/D_FF_tb/schematic" finished successfully." (NETLISTING-012)
[15:37:16.89] /m Information: "Composing simulator input file for design "project_d_ff/D_FF_tb/schematic"..."
[15:37:16.92] /m Information: "Simulator input file composed successfully for design "project_d_ff/D_FF_tb/schematic""
[15:37:17.08] /m Information: "Starting HSPICE simulation for design: project_d_ff/D_FF_tb/schematic"
[15:37:17.08] /# gi::collapse {jobMonitorTable} -index {0.0.1.0,0} -in [gi::getWindows 35]
[15:37:17.11] /o 1
[15:37:20.26] /m Information: "Simulation completed successfully for design: project_d_ff/D_FF_tb/schematic "
[15:37:20.45] /m Information: "Evaluating and plotting outputs..."
[15:37:20.47] /m Information: Launching Waveform Viewer "cd /home/itsupport/simulation/project_d_ff,D_FF_tb,schematic/history_1/simulation/HSPICE_d_Fff/HSPICE/nominal/results &&  wv -k -cdesigner -spxkey /usr/synopsys/customcompiler/N-2017.12-SP1-2/auxx/waveform/sae.spxkey -spxrc /tmp/sae_spxrc_89CLmm -unique_string 9dbaf1e5ad41e50ec4ac300f607c403a15c9c611af414893916e52343c87a980eb2070ad53df9c906e801d3de70a960b8c4c4ef50091884e -lic_type 1    > /home/itsupport/simulation/project_d_ff,D_FF_tb,schematic/history_1/simulation/HSPICE_d_Fff/HSPICE/nominal/results/viewer.log 2>&1"
[15:37:20.47] /i gi::collapse {jobMonitorTable} -index {0.0,0} -in [gi::getWindows 35]
[15:37:20.77] /m Information: Measurement calculations completed for testbench: HSPICE_d_Fff in 0s
[15:37:21.18] /j ::wf::WaveView::plotSuccess WaveView_4 {} {_57c0960_void_pp _585b220_void_pp} 
[15:37:21.21] /j ::wf::WaveView::plotSuccess WaveView_4 {} {_57c0960_void_pp _585b2e8_void_pp} 
[15:37:21.25] /j ::wf::WaveView::plotSuccess WaveView_4 {} {_57c0960_void_pp _585b3b0_void_pp} 
[15:37:21.27] /j ::wf::WaveView::plotSuccess WaveView_4 {} {_57c0960_void_pp _585b478_void_pp} 
[15:37:26.25] /i gi::setActiveWindow 33
[15:37:26.26] /i gi::setActiveWindow 33 -raise true
[15:37:26.92] /i gi::setItemSelection {analysisPane} -index {1,3} -in [gi::getWindows 33]
[15:37:26.92] /i gi::setItemSelection {variablesTable} -index {} -in [gi::getWindows 33]
[15:37:27.19] /i gi::setActiveDialog [gi::getDialogs {saEditAnalysesDialogXsaeSession0} -parent [gi::getWindows 33]]
[15:37:27.45] /i db::setAttr geometry -of [gi::getDialogs {saEditAnalysesDialogXsaeSession0} -parent [gi::getWindows 33]] -value 633x680+762+413
[15:37:31.12] /i gi::setField {/analysesGroups/tabGeneral/anaPane/step} -value {1p} -in [gi::getDialogs {saEditAnalysesDialogXsaeSession0} -parent [gi::getWindows 33]]
[15:37:32.86] /i gi::setField {/analysesGroups/tabGeneral/anaPane/stop} -value {5n} -in [gi::getDialogs {saEditAnalysesDialogXsaeSession0} -parent [gi::getWindows 33]]
[15:37:32.86] /i gi::pressButton {/ok} -in [gi::getDialogs {saEditAnalysesDialogXsaeSession0} -parent [gi::getWindows 33]]
[15:37:34.25] /i gi::executeAction menuPreShow -in [gi::getWindows 33]
[15:37:34.25] /r giMenuAccess db::getNext [gi::getMenus saConsoleSimMenu -from [gi::getWindows 33]]
[15:37:34.72] /# gi::executeAction saNetlistAndRun -in [gi::getWindows 33]
[15:37:34.72] /i isa::netlistAndRun -testbench [sa::findActiveTestbench -window 33] -mode overwrite
[15:37:34.81] /m Information: "Starting incremental netlisting for design "project_d_ff/D_FF_tb/schematic"..." (NETLISTING-010)
[15:37:34.82] /o No Design Integrity rule violations found in "project_d_ff/D_FF_tb/schematic"
[15:37:34.84] /m Information: 
[15:37:34.84] /o Checking "project_d_ff/D_FF/schematic"
[15:37:34.84] /o No rule violations found in "project_d_ff/D_FF/schematic"
[15:37:34.86] /m Information: 
[15:37:34.86] /o Checking "project_d_ff/D_latch/schematic"
[15:37:34.86] /o No rule violations found in "project_d_ff/D_latch/schematic"
[15:37:34.87] /m Information: 
[15:37:34.87] /o Checking "project_d_ff/TG_out/schematic"
[15:37:34.87] /o No rule violations found in "project_d_ff/TG_out/schematic"
[15:37:34.87] /m Information: 
[15:37:34.87] /o Checking "project_d_ff/CLOCK_inv/schematic"
[15:37:34.87] /o No rule violations found in "project_d_ff/CLOCK_inv/schematic"
[15:37:34.87] /m Information: 
[15:37:34.87] /o Checking "project_d_ff/D_latch_slave/schematic"
[15:37:34.87] /o No rule violations found in "project_d_ff/D_latch_slave/schematic"
[15:37:34.87] /m Information: 
[15:37:34.87] /o Checking "project_d_ff/tg_out_ds/schematic"
[15:37:34.87] /o No rule violations found in "project_d_ff/tg_out_ds/schematic"
[15:37:34.87] /m Information: 
[15:37:34.87] /o Checking "project_d_ff/int_out_ds/schematic"
[15:37:34.87] /o No rule violations found in "project_d_ff/int_out_ds/schematic"
[15:37:34.88] /m Information: 
[15:37:34.88] /o Checking "project_d_ff/tg_in_ds/schematic"
[15:37:34.88] /o No rule violations found in "project_d_ff/tg_in_ds/schematic"
[15:37:34.91] /m Information: "Netlisting design "project_d_ff/D_FF_tb/schematic" finished successfully." (NETLISTING-012)
[15:37:34.92] /m Information: "Composing simulator input file for design "project_d_ff/D_FF_tb/schematic"..."
[15:37:34.95] /m Information: "Simulator input file composed successfully for design "project_d_ff/D_FF_tb/schematic""
[15:37:35.08] /m Information: "Starting HSPICE simulation for design: project_d_ff/D_FF_tb/schematic"
[15:37:35.08] /# gi::collapse {jobMonitorTable} -index {0.0.1.0,0} -in [gi::getWindows 35]
[15:37:35.09] /o 1
[15:37:35.67] /m Information: "Simulation completed successfully for design: project_d_ff/D_FF_tb/schematic "
[15:37:35.85] /m Information: "Evaluating and plotting outputs..."
[15:37:35.93] /j ::wf::WaveView::plotSuccess WaveView_4 {} {_58dfb80_void_pp _585b540_void_pp} 
[15:37:35.97] /j ::wf::WaveView::plotSuccess WaveView_4 {} {_58dfb80_void_pp _585b220_void_pp} 
[15:37:36.04] /j ::wf::WaveView::plotSuccess WaveView_4 {} {_58dfb80_void_pp _585b2e8_void_pp} 
[15:37:36.08] /j ::wf::WaveView::plotSuccess WaveView_4 {} {_58dfb80_void_pp _585b3b0_void_pp} 
[15:37:36.26] /m Information: Measurement calculations completed for testbench: HSPICE_d_Fff in 0s
[15:41:07.96] /m Information: Waveform viewer exited normally.
[15:41:09.20] /i gi::executeAction giCloseWindow -in [gi::getWindows 35]
[15:41:09.21] /i gi::setActiveWindow 33
[15:41:09.21] /i gi::setActiveWindow 33 -raise true
[15:41:14.27] /i gi::setActiveWindow 29
[15:41:14.27] /i gi::setActiveWindow 29 -raise true
[15:41:15.59] /i gi::setCurrentIndex {cells} -index {D_latch} -in [gi::getWindows 29]
[15:41:15.59] /i gi::setItemSelection {cells} -index {D_latch} -in [gi::getWindows 29]
[15:41:16.57] /i gi::setCurrentIndex {views} -index {schematic} -in [gi::getWindows 29]
[15:41:16.58] /i gi::setItemSelection {views} -index {schematic} -in [gi::getWindows 29]
[15:41:19.09] /i gi::setCurrentIndex {cellCategories} -index {INV} -in [gi::getWindows 29]
[15:41:19.09] /i gi::setItemSelection {cellCategories} -index {INV} -in [gi::getWindows 29]
[15:41:20.25] /i gi::setCurrentIndex {cells} -index {CLOCK_inv} -in [gi::getWindows 29]
[15:41:20.26] /i gi::setItemSelection {cells} -index {CLOCK_inv} -in [gi::getWindows 29]
[15:41:22.69] /i gi::setItemSelection {cells} -index {} -in [gi::getWindows 29]
[15:41:24.83] /# gi::executeAction dmShowNewCell -in [gi::getWindows 29]
[15:41:24.83] /i dm::showNewCell -parent 29
[15:41:24.90] /o oa:0x24cc46d0
[15:41:24.93] /i gi::setActiveDialog [gi::getDialogs {dmNewCell} -parent [gi::getWindows 29]]
[15:41:25.18] /i db::setAttr geometry -of [gi::getDialogs {dmNewCell} -parent [gi::getWindows 29]] -value 448x227+726+442
[15:42:36.52] /i gi::closeWindows [gi::getDialogs {dmNewCell} -parent [gi::getWindows 29]]
[15:42:37.37] /i gi::setCurrentIndex {cells} -index {tg_in_tb} -in [gi::getWindows 29]
[15:42:37.37] /i gi::setItemSelection {cells} -index {tg_in_tb} -in [gi::getWindows 29]
[15:42:37.86] /i gi::setCurrentIndex {cells} -index {inv_out} -in [gi::getWindows 29]
[15:42:37.86] /i gi::setItemSelection {cells} -index {inv_out} -in [gi::getWindows 29]
[15:42:39.00] /i gi::setCurrentIndex {cells} -index {int_out_ds} -in [gi::getWindows 29]
[15:42:39.00] /i gi::setItemSelection {cells} -index {int_out_ds} -in [gi::getWindows 29]
[15:42:40.36] /i gi::setCurrentIndex {cells} -index {TG_out} -in [gi::getWindows 29]
[15:42:40.36] /i gi::setItemSelection {cells} -index {TG_out} -in [gi::getWindows 29]
[15:42:41.15] /m Information: Stopped sharing "Custom WaveView" license. (WAVEFORM-111)
[15:42:42.21] /i gi::setCurrentIndex {cellCategories} -index {D_LATCH_SLAVE} -in [gi::getWindows 29]
[15:42:42.22] /i gi::setItemSelection {cellCategories} -index {D_LATCH_SLAVE} -in [gi::getWindows 29]
[15:42:42.64] /i gi::setCurrentIndex {cellCategories} -index {D_FF} -in [gi::getWindows 29]
[15:42:42.64] /i gi::setItemSelection {cellCategories} -index {D_FF} -in [gi::getWindows 29]
[15:42:54.93] /i gi::setCurrentIndex {cells} -index {D_FF} -in [gi::getWindows 29]
[15:42:54.93] /i gi::setItemSelection {cells} -index {D_FF} -in [gi::getWindows 29]
[15:42:56.14] /i gi::setCurrentIndex {views} -index {schematic} -in [gi::getWindows 29]
[15:42:56.14] /i gi::setItemSelection {views} -index {schematic} -in [gi::getWindows 29]
[15:42:56.30] /i gi::executeAction dmOpen -in [gi::getWindows 29]
[15:42:56.39] /r giWindowId 36
[15:42:56.40] /r giWindowGeometry 1632x1020
[15:42:56.62] /m Information: 
[15:42:56.62] /o Checking "project_d_ff/D_FF/schematic"
[15:42:56.66] /o No rule violations found in "project_d_ff/D_FF/schematic"
[15:42:56.66] /m Information: Checking process is completed: marking the design violations
[15:42:56.66] /m Information: Marking of designs is completed
[15:42:57.03] /i db::setAttr dockSize -of [gi::getAssistants dePropertyEditor -from [gi::getWindows 36]] -value 290x179
[15:42:58.17] /# gi::executeAction deSelectActive -in [gi::getWindows 36]
[15:42:58.17] /i de::deselectAll [db::getNext [de::getContexts -window 36]]
[15:42:58.17] /i de::select [de::getActiveFigure [gi::getWindows 36] -point {12.21875 3.9875} -index 0 -intent none]
[15:42:58.17] /o oa:0x204ce210
[15:42:58.32] /# gi::executeAction deDescend -in [gi::getWindows 36]
[15:42:58.32] /i ide::descend 36 -inPlace false -promptView false -readOnly auto
[15:42:58.38] /# Navigating to project_d_ff/D_latch_slave/schematic (I7)
[15:42:58.47] /o true
[15:43:01.48] /# gi::executeAction deSelectActive -in [gi::getWindows 36]
[15:43:01.48] /i de::deselectAll [db::getNext [de::getContexts -window 36]]
[15:43:01.48] /i de::select [de::getActiveFigure [gi::getWindows 36] -point {9.71875 6.11875} -index 0 -intent none]
[15:43:01.48] /o oa:0x211ff570
[15:43:01.64] /# gi::executeAction deDescend -in [gi::getWindows 36]
[15:43:01.64] /i ide::descend 36 -inPlace false -promptView false -readOnly auto
[15:43:01.64] /# Navigating to project_d_ff/int_out_ds/schematic (I0)
[15:43:01.68] /o true
[15:43:59.07] /i gi::executeAction giCloseWindow -in [gi::getWindows 36]
[15:43:59.09] /i gi::setActiveWindow 29
[15:43:59.09] /i gi::setActiveWindow 29 -raise true
[15:44:00.87] /i gi::setCurrentIndex {cellCategories} -index {INV} -in [gi::getWindows 29]
[15:44:00.87] /i gi::setItemSelection {cellCategories} -index {INV} -in [gi::getWindows 29]
[15:44:02.21] /i gi::setCurrentIndex {cells} -index {inv_store} -in [gi::getWindows 29]
[15:44:02.21] /i gi::setItemSelection {cells} -index {inv_store} -in [gi::getWindows 29]
[15:44:02.61] /i gi::setItemSelection {cells} -index {} -in [gi::getWindows 29]
[15:44:03.67] /# gi::executeAction dmShowNewCell -in [gi::getWindows 29]
[15:44:03.67] /i dm::showNewCell -parent 29
[15:44:03.68] /o oa:0x255591e0
[15:44:03.73] /i gi::setActiveDialog [gi::getDialogs {dmNewCell} -parent [gi::getWindows 29]]
[15:44:03.97] /i db::setAttr geometry -of [gi::getDialogs {dmNewCell} -parent [gi::getWindows 29]] -value 448x227+726+442
[15:44:14.27] /i gi::setField {cellName} -value {CLOCK_INV_TB} -in [gi::getDialogs {dmNewCell} -parent [gi::getWindows 29]]
[15:44:14.27] /i gi::pressButton {ok} -in [gi::getDialogs {dmNewCell} -parent [gi::getWindows 29]]
[15:44:14.27] /# dm::createCell CLOCK\_INV\_TB -lib [ oa::LibFind [oa::ScalarName [oa::CdbaNS] project\_d\_ff]]
[15:44:14.33] /# dm::addToCellCategory [db::getNext [dm::getCellCategories -libName project\_d\_ff -filter "%name == \"INV\""]] -cell [dm::findCell CLOCK\_INV\_TB -libName project\_d\_ff]
[15:44:14.34] /# gi::setItemSelection {cells} -index {CLOCK_INV_TB} -in [gi::getDialogs {dmNewCell} -parent [gi::getWindows 29]]
[15:44:16.22] /i gi::setCurrentIndex {cells} -index {CLOCK_INV_TB} -in [gi::getWindows 29]
[15:44:16.23] /i gi::setItemSelection {cells} -index {CLOCK_INV_TB} -in [gi::getWindows 29]
[15:44:17.61] /# gi::executeAction dmShowNewCellView -in [gi::getWindows 29]
[15:44:17.61] /i dm::showNewCellView -parent 29
[15:44:17.62] /o oa:0x2568a330
[15:44:17.68] /i gi::setActiveDialog [gi::getDialogs {dmNewCellView} -parent [gi::getWindows 29]]
[15:44:17.94] /i db::setAttr geometry -of [gi::getDialogs {dmNewCellView} -parent [gi::getWindows 29]] -value 588x285+656+413
[15:44:20.66] /i gi::setField {cellViewName} -value {schematic} -in [gi::getDialogs {dmNewCellView} -parent [gi::getWindows 29]]
[15:44:21.64] /i gi::pressButton {ok} -in [gi::getDialogs {dmNewCellView} -parent [gi::getWindows 29]]
[15:44:21.65] /# db::getAttr viewType -of [dm::findCellView schematic -cell [dm::findCell CLOCK\_INV\_TB -lib [oa::LibFind [oa::ScalarName [oa::CdbaNS] project\_d\_ff]]]]
[15:44:21.65] /# dm::createCellView schematic -cell [dm::findCell CLOCK\_INV\_TB -lib [ oa::LibFind [oa::ScalarName [oa::CdbaNS] project\_d\_ff]]] -viewType schematic
[15:44:21.65] /# dm::addToCellCategory [db::getNext [dm::getCellCategories -libName project\_d\_ff -filter "%name == \"INV\""]] -cell [dm::findCell CLOCK\_INV\_TB -libName project\_d\_ff]
[15:44:21.65] /# de::open [dm::findCellView schematic -cell [dm::findCell CLOCK\_INV\_TB -lib [oa::LibFind [oa::ScalarName [oa::CdbaNS] project\_d\_ff]]]] -application seSchematic
[15:44:21.80] /r giWindowId 37
[15:44:21.80] /r giWindowGeometry 1632x1020
[15:44:21.96] /m Information: 
[15:44:21.96] /o Checking "project_d_ff/CLOCK_INV_TB/schematic"
[15:44:21.96] /o No rule violations found in "project_d_ff/CLOCK_INV_TB/schematic"
[15:44:21.96] /m Information: Checking process is completed: marking the design violations
[15:44:21.96] /m Information: Marking of designs is completed
[15:44:22.28] /i db::setAttr dockSize -of [gi::getAssistants dePropertyEditor -from [gi::getWindows 37]] -value 290x179
[15:44:23.39] /i db::setAttr maximized -of [gi::getFrames 1] -value false
[15:44:23.72] /i db::setAttr dockSize -of [gi::getAssistants deMarkerBrowser -from [gi::getWindows 37]] -value 290x562
[15:44:23.72] /i db::setAttr dockSize -of [gi::getAssistants giConsole -from [gi::getWindows 37]] -value 1203x89
[15:44:23.73] /i db::setAttr geometry -of [gi::getFrames 1] -value 1246x824+439+170
[15:44:25.10] /i db::setAttr maximized -of [gi::getFrames 1] -value true
[15:44:25.43] /i db::setAttr dockSize -of [gi::getAssistants deMarkerBrowser -from [gi::getWindows 37]] -value 290x839
[15:44:25.43] /i db::setAttr dockSize -of [gi::getAssistants giConsole -from [gi::getWindows 37]] -value 1867x89
[15:44:25.44] /i db::setAttr geometry -of [gi::getFrames 1] -value 1910x1101+5+56
[15:44:27.04] /i gi::executeAction giCloseWindow -in [gi::getWindows 31]
[15:44:27.56] /i gi::executeAction giCloseWindow -in [gi::getWindows 33]
[15:44:27.58] /i gi::setActiveWindow 33
[15:44:27.58] /i gi::setActiveWindow 33 -raise true
[15:44:27.64] /r giDialog gi::setActiveDialog [gi::getDialogs {giPrompt} -parent [gi::getWindows 33]]
[15:44:27.94] /r giDialog db::setAttr geometry -of [gi::getDialogs {giPrompt} -parent [gi::getWindows 33]] -value 292x82+814+573
[15:44:29.66] /r giDialog gi::pressButton {save} -in [gi::getDialogs {giPrompt} -parent [gi::getWindows 33]]
[15:44:29.89] /r giDialog gi::setActiveDialog [gi::getDialogs {saShowSaveState} -parent [gi::getWindows 33]]
[15:44:30.23] /r giDialog db::setAttr geometry -of [gi::getDialogs {saShowSaveState} -parent [gi::getWindows 33]] -value 501x558+710+335
[15:44:31.57] /r giDialog gi::pressButton {/ok} -in [gi::getDialogs {saShowSaveState} -parent [gi::getWindows 33]]
[15:44:31.60] /i gi::setActiveWindow 37
[15:44:31.60] /i gi::setActiveWindow 37 -raise true
[15:44:32.52] /i gi::setActiveWindow 29
[15:44:32.52] /i gi::setActiveWindow 29 -raise true
[15:44:37.57] /i gi::setCurrentIndex {cellCategories} -index {D_FF} -in [gi::getWindows 29]
[15:44:37.58] /i gi::setItemSelection {cellCategories} -index {D_FF} -in [gi::getWindows 29]
[15:44:38.65] /i gi::setCurrentIndex {cells} -index {D_FF} -in [gi::getWindows 29]
[15:44:38.65] /i gi::setItemSelection {cells} -index {D_FF} -in [gi::getWindows 29]
[15:44:41.84] /i gi::setCurrentIndex {views} -index {schematic} -in [gi::getWindows 29]
[15:44:41.84] /i gi::setItemSelection {views} -index {schematic} -in [gi::getWindows 29]
[15:44:42.01] /i gi::executeAction dmOpen -in [gi::getWindows 29]
[15:44:42.05] /r giWindowId 38
[15:44:42.06] /r giWindowGeometry 1632x1020
[15:44:42.23] /m Information: 
[15:44:42.23] /o Checking "project_d_ff/D_FF/schematic"
[15:44:42.23] /o No rule violations found in "project_d_ff/D_FF/schematic"
[15:44:42.23] /m Information: Checking process is completed: marking the design violations
[15:44:42.23] /m Information: Marking of designs is completed
[15:44:44.65] /# gi::executeAction deSelectActive -in [gi::getWindows 38]
[15:44:44.65] /i de::deselectAll [db::getNext [de::getContexts -window 38]]
[15:44:44.65] /i de::select [de::getActiveFigure [gi::getWindows 38] -point {8.18125 4.03125} -index 0 -intent none]
[15:44:44.65] /o oa:0x1eedd580
[15:44:44.82] /# gi::executeAction deDescend -in [gi::getWindows 38]
[15:44:44.82] /i ide::descend 38 -inPlace false -promptView false -readOnly auto
[15:44:44.83] /# Navigating to project_d_ff/D_latch/schematic (I0)
[15:44:44.88] /o true
[15:44:59.24] /i gi::setActiveWindow 37
[15:44:59.24] /i gi::setActiveWindow 37 -raise true
[15:45:00.19] /i gi::setActiveWindow 29
[15:45:00.19] /i gi::setActiveWindow 29 -raise true
[15:45:02.22] /i gi::setCurrentIndex {cells} -index {D_latch} -in [gi::getWindows 29]
[15:45:02.22] /i gi::setItemSelection {cells} -index {D_latch} -in [gi::getWindows 29]
[15:45:03.24] /i gi::setCurrentIndex {cells} -index {D_FF} -in [gi::getWindows 29]
[15:45:03.25] /i gi::setItemSelection {cells} -index {D_FF} -in [gi::getWindows 29]
[15:45:08.34] /i gi::setActiveWindow 37
[15:45:08.34] /i gi::setActiveWindow 37 -raise true
[15:45:09.43] /# gi::executeAction deCanvasZoomOutAtPoint -in [gi::getWindows 37]
[15:45:09.43] /i de::zoom -window [gi::getWindows 37] -factor 0.5 -center {1.35 3.875}
[15:45:09.43] /o {-4.29375 -5.49375} {15.34375 5.31875}
[15:45:09.45] /# gi::executeAction deCanvasZoomOutAtPoint -in [gi::getWindows 37]
[15:45:09.46] /i de::zoom -window [gi::getWindows 37] -factor 0.5 -center {1.34375 3.83125}
[15:45:09.46] /o {-9.93125 -14.81875} {29.34375 6.80625}
[15:45:09.53] /# gi::executeAction deCanvasZoomOutAtPoint -in [gi::getWindows 37]
[15:45:09.53] /i de::zoom -window [gi::getWindows 37] -factor 0.5 -center {1.34375 3.83125}
[15:45:09.53] /o {-21.20625 -33.46875} {57.34375 9.78125}
[15:45:09.61] /# gi::executeAction deCanvasZoomOutAtPoint -in [gi::getWindows 37]
[15:45:09.61] /i de::zoom -window [gi::getWindows 37] -factor 0.5 -center {1.64375 3.83125}
[15:45:09.61] /o {-44.05625 -70.76875} {113.04375 15.73125}
[15:45:09.91] /# gi::executeAction deCanvasZoomInAtPoint -in [gi::getWindows 37]
[15:45:09.91] /i de::zoom -window [gi::getWindows 37] -factor 2.0 -center {12.64375 14.33125}
[15:45:09.91] /o {-15.70625 -28.21875} {62.84375 15.03125}
[15:45:09.97] /# gi::executeAction deCanvasZoomInAtPoint -in [gi::getWindows 37]
[15:45:09.97] /i de::zoom -window [gi::getWindows 37] -factor 2.0 -center {12.79375 14.48125}
[15:45:09.97] /o {-1.45625 -6.86875} {37.81875 14.75625}
[15:45:10.05] /# gi::executeAction deCanvasZoomInAtPoint -in [gi::getWindows 37]
[15:45:10.05] /i de::zoom -window [gi::getWindows 37] -factor 2.0 -center {12.79375 14.48125}
[15:45:10.05] /o {5.66875 3.80625} {25.30625 14.61875}
[15:45:10.20] /# gi::executeAction deCanvasZoomInAtPoint -in [gi::getWindows 37]
[15:45:10.20] /i de::zoom -window [gi::getWindows 37] -factor 2.0 -center {12.99375 14.25625}
[15:45:10.20] /o {9.33125 9.03125} {19.15 14.4375}
[15:45:10.40] /# gi::executeAction deCanvasZoomOutAtPoint -in [gi::getWindows 37]
[15:45:10.40] /i de::zoom -window [gi::getWindows 37] -factor 0.5 -center {12.93125 14.0875}
[15:45:10.40] /o {5.73125 3.975} {25.36875 14.7875}
[15:45:10.42] /# gi::executeAction deCanvasZoomOutAtPoint -in [gi::getWindows 37]
[15:45:10.42] /i de::zoom -window [gi::getWindows 37] -factor 0.5 -center {12.89375 14.0625}
[15:45:10.42] /o {-1.43125 -6.1125} {37.84375 15.5125}
[15:45:10.45] /# gi::executeAction deCanvasZoomOutAtPoint -in [gi::getWindows 37]
[15:45:10.45] /i de::zoom -window [gi::getWindows 37] -factor 0.5 -center {12.84375 14.0625}
[15:45:10.45] /o {-15.70625 -26.2875} {62.84375 16.9625}
[15:45:12.62] /# gi::executeAction deFitEdit -in [gi::getWindows 37]
[15:45:12.62] /i de::fit -window 37 -fitEdit true
[15:45:12.62] /o {-1.46875 -0.80625} {8.35 4.6}
[15:45:13.38] /i gi::setActiveWindow 29
[15:45:13.38] /i gi::setActiveWindow 29 -raise true
[15:45:15.03] /i gi::setCurrentIndex {views} -index {schematic} -in [gi::getWindows 29]
[15:45:15.03] /i gi::setItemSelection {views} -index {schematic} -in [gi::getWindows 29]
[15:45:18.26] /i gi::setActiveWindow 37
[15:45:18.26] /i gi::setActiveWindow 37 -raise true
[15:45:19.36] /i gi::setActiveWindow 29
[15:45:19.36] /i gi::setActiveWindow 29 -raise true
[15:45:20.76] /i gi::setCurrentIndex {cellCategories} -index {INV} -in [gi::getWindows 29]
[15:45:20.76] /i gi::setItemSelection {cellCategories} -index {INV} -in [gi::getWindows 29]
[15:45:21.33] /i gi::setCurrentIndex {cells} -index {TG_in} -in [gi::getWindows 29]
[15:45:21.34] /i gi::setItemSelection {cells} -index {TG_in} -in [gi::getWindows 29]
[15:45:21.89] /i gi::setCurrentIndex {cells} -index {int_out_ds} -in [gi::getWindows 29]
[15:45:21.89] /i gi::setItemSelection {cells} -index {int_out_ds} -in [gi::getWindows 29]
[15:45:22.79] /i gi::setCurrentIndex {cells} -index {inv_store_ds} -in [gi::getWindows 29]
[15:45:22.79] /i gi::setItemSelection {cells} -index {inv_store_ds} -in [gi::getWindows 29]
[15:45:23.81] /i gi::setCurrentIndex {cells} -index {inv_store_tb} -in [gi::getWindows 29]
[15:45:23.82] /i gi::setItemSelection {cells} -index {inv_store_tb} -in [gi::getWindows 29]
[15:45:24.92] /i gi::setCurrentIndex {views} -index {schematic} -in [gi::getWindows 29]
[15:45:24.92] /i gi::setItemSelection {views} -index {schematic} -in [gi::getWindows 29]
[15:45:26.21] /i gi::executeAction dmOpen -in [gi::getWindows 29]
[15:45:26.23] /r giWindowId 39
[15:45:26.23] /r giWindowGeometry 1632x1020
[15:45:26.37] /o "project_d_ff/inv_store_tb/schematic" design does not need checking
[15:45:27.51] /i gi::executeAction deCanvasDragSelect -in [gi::getWindows 39]
[15:45:27.53] /r deCanvasDragStart 1.75 3.5
[15:45:28.83] /# gi::executeAction deCanvasDragEnd -in [gi::getWindows 39]
[15:45:28.83] /i gi::executeAction deCanvasDragEnd -in [gi::getWindows 39]
[15:45:28.84] /r deCanvasDragEnd 6.0375 0.8375
[15:45:29.46] /# gi::executeAction seCopy -in [gi::getWindows 39]
[15:45:29.46] /i ise::copy
[15:45:29.69] /# gi::executeAction deAddPoint -in [gi::getWindows 39]
[15:45:29.69] /i de::addPoint {4.375 2.16875} -context [db::getNext [de::getContexts -window 39]]
[15:45:30.40] /i gi::setActiveWindow 37
[15:45:30.40] /i gi::setActiveWindow 37 -raise true
[15:45:32.60] /# gi::executeAction deAddPoint -in [gi::getWindows 37]
[15:45:32.60] /i de::addPoint {3.69375 2.45} -context [db::getNext [de::getContexts -window 37]]
[15:45:33.04] /i gi::executeAction deCanvasDragCancel -in [gi::getWindows 37]
[15:45:33.64] /# gi::executeAction deSelectActive -in [gi::getWindows 37]
[15:45:33.64] /i de::deselectAll [db::getNext [de::getContexts -window 37]]
[15:45:33.64] /i de::select [de::getActiveFigure [gi::getWindows 37] -point {3.3125 2.7375} -index 0 -intent none]
[15:45:33.64] /o oa:0x24455090
[15:45:34.73] /# gi::executeAction seDelete -in [gi::getWindows 37]
[15:45:34.73] /i ise::delete
[15:45:35.20] /i gi::executeAction deCanvasDragCancel -in [gi::getWindows 37]
[15:45:36.16] /# gi::executeAction seCreateInst -in [gi::getWindows 37]
[15:45:36.16] /i ise::createInst
[15:45:36.30] /i gi::setActiveDialog [gi::getDialogs {seCreateInst} -parent [gi::getWindows 37]]
[15:45:36.57] /i db::setAttr geometry -of [gi::getDialogs {seCreateInst}] -value 359x337+0+65
[15:45:38.62] /i gi::setField {instMasterLib} -value {inverter} -in [gi::getDialogs {seCreateInst} -parent [gi::getWindows 37]]
[15:45:38.95] /i db::setAttr geometry -of [gi::getDialogs {seCreateInst}] -value 359x337+0+65
[15:45:41.00] /i gi::setField {instMasterLib} -value {project_d_ff} -in [gi::getDialogs {seCreateInst} -parent [gi::getWindows 37]]
[15:45:41.35] /i db::setAttr geometry -of [gi::getDialogs {seCreateInst}] -value 359x337+0+65
[15:45:42.52] /i gi::setField {instMasterCell} -value {CLOCK_inv} -in [gi::getDialogs {seCreateInst} -parent [gi::getWindows 37]]
[15:45:42.84] /i db::setAttr geometry -of [gi::getDialogs {seCreateInst}] -value 359x337+0+65
[15:45:45.55] /# gi::executeAction deAddPoint -in [gi::getWindows 37]
[15:45:45.55] /i de::addPoint {4.275 1.98125} -context [db::getNext [de::getContexts -window 37]]
[15:45:45.96] /# gi::executeAction deAddPoint -in [gi::getWindows 37]
[15:45:45.96] /i de::addPoint {6.50625 2.15625} -context [db::getNext [de::getContexts -window 37]]
[15:45:46.11] /# gi::executeAction deAbortCommand -in [gi::getWindows 37]
[15:45:46.11] /i de::abortCommand -context [db::getNext [de::getContexts -window 37]]
[15:45:46.66] /# gi::executeAction deSelectActive -in [gi::getWindows 37]
[15:45:46.66] /i de::deselectAll [db::getNext [de::getContexts -window 37]]
[15:45:46.66] /i de::select [de::getActiveFigure [gi::getWindows 37] -point {5.64375 2.825} -index 0 -intent none]
[15:45:46.66] /o oa:0x26779ac0
[15:45:47.17] /# gi::executeAction seDelete -in [gi::getWindows 37]
[15:45:47.17] /i ise::delete
[15:45:47.39] /i gi::executeAction deCanvasDragCancel -in [gi::getWindows 37]
[15:45:48.54] /# gi::executeAction seSchCreateWire -in [gi::getWindows 37]
[15:45:48.54] /i ise::createWire
[15:45:48.87] /# gi::executeAction deCanvasZoomInAtPoint -in [gi::getWindows 37]
[15:45:48.87] /i de::zoom -window [gi::getWindows 37] -factor 2.0 -center {4.18125 2.4875}
[15:45:48.87] /o {1.35625 0.8375} {6.2625 3.54375}
[15:45:49.69] /# gi::executeAction deAddPoint -in [gi::getWindows 37]
[15:45:49.69] /i de::addPoint {4.31875 2.5625} -context [db::getNext [de::getContexts -window 37]]
[15:45:49.80] /i de::setCursor -point {4.25 2.5625 }
[15:45:50.11] /# gi::executeAction deAddPoint -in [gi::getWindows 37]
[15:45:50.11] /i de::addPoint {4.2625 2.5625} -context [db::getNext [de::getContexts -window 37]]
[15:45:51.22] /i gi::executeAction deSaveDesign -in [gi::getWindows 37]
[15:45:51.22] /m Information: Saving design 'project_d_ff CLOCK_INV_TB schematic'. (DESIGN_WINDOW-004)
[15:45:52.06] /i gi::setActiveWindow 38
[15:45:52.06] /i gi::setActiveWindow 38 -raise true
[15:45:53.64] /i gi::executeAction giCloseWindow -in [gi::getWindows 38]
[15:45:53.65] /i gi::setActiveWindow 37
[15:45:53.65] /i gi::setActiveWindow 37 -raise true
[15:45:54.54] /i gi::executeAction giCloseWindow -in [gi::getWindows 39]
[15:45:55.11] /i gi::setActiveWindow 29
[15:45:55.11] /i gi::setActiveWindow 29 -raise true
[15:45:55.87] /i gi::executeAction giCloseWindow -in [gi::getWindows 2]
[15:45:56.48] /i gi::executeAction dmOpenWrite -in [gi::getWindows 29]
[15:45:56.53] /r giWindowId 40
[15:45:56.53] /r giWindowGeometry 1632x1020
[15:45:56.69] /o "project_d_ff/inv_store_tb/schematic" design does not need checking
[15:45:58.26] /i gi::executeAction giCloseWindow -in [gi::getWindows 40]
[15:45:58.28] /i gi::setActiveWindow 29
[15:45:58.28] /i gi::setActiveWindow 29 -raise true
[15:45:59.50] /i gi::setItemSelection {views} -index {} -in [gi::getWindows 29]
[15:46:00.02] /i gi::setCurrentIndex {cells} -index {CLOCK_inv} -in [gi::getWindows 29]
[15:46:00.03] /i gi::setItemSelection {cells} -index {CLOCK_inv} -in [gi::getWindows 29]
[15:46:00.33] /i gi::setCurrentIndex {cells} -index {CLOCK_INV_TB} -in [gi::getWindows 29]
[15:46:00.33] /i gi::setItemSelection {cells} -index {CLOCK_INV_TB} -in [gi::getWindows 29]
[15:46:01.67] /i gi::setCurrentIndex {views} -index {schematic} -in [gi::getWindows 29]
[15:46:01.67] /# gi::executeAction dmShowNewCellView -in [gi::getWindows 29]
[15:46:01.67] /i dm::showNewCellView -parent 29
[15:46:01.70] /o oa:0x20f994c0
[15:46:01.74] /i gi::setActiveDialog [gi::getDialogs {dmNewCellView} -parent [gi::getWindows 29]]
[15:46:01.98] /i db::setAttr geometry -of [gi::getDialogs {dmNewCellView} -parent [gi::getWindows 29]] -value 588x285+656+413
[15:46:05.09] /i gi::setField {cellViewName} -value {config} -in [gi::getDialogs {dmNewCellView} -parent [gi::getWindows 29]]
[15:46:05.73] /i gi::pressButton {apply} -in [gi::getDialogs {dmNewCellView} -parent [gi::getWindows 29]]
[15:46:05.73] /# db::getAttr viewType -of [dm::findCellView config -cell [dm::findCell CLOCK\_INV\_TB -lib [oa::LibFind [oa::ScalarName [oa::CdbaNS] project\_d\_ff]]]]
[15:46:05.73] /# dm::createCellView config -cell [dm::findCell CLOCK\_INV\_TB -lib [ oa::LibFind [oa::ScalarName [oa::CdbaNS] project\_d\_ff]]] -viewType config\.xml
[15:46:05.73] /# dm::addToCellCategory [db::getNext [dm::getCellCategories -libName project\_d\_ff -filter "%name == \"INV\""]] -cell [dm::findCell CLOCK\_INV\_TB -libName project\_d\_ff]
[15:46:05.74] /# de::open [dm::findCellView config -cell [dm::findCell CLOCK\_INV\_TB -lib [oa::LibFind [oa::ScalarName [oa::CdbaNS] project\_d\_ff]]]] -application heEditor
[15:46:05.77] /r giWindowId 41
[15:46:05.88] /r giWindowGeometry 750x750
[15:46:07.19] /i gi::closeWindows [gi::getDialogs {dmNewCellView} -parent [gi::getWindows 29]]
[15:46:09.26] /i gi::setField {heTopLCVSelectorView} -value {schematic} -in [gi::getWindows 41]
[15:46:16.07] /i gi::setField {heViewSearchList} -value {schematic\ hspice\ symbol} -in [gi::getWindows 41]
[15:46:17.48] /i gi::expand {heTreeWidget} -index {0,0} -in [gi::getWindows 41]
[15:46:17.56] /i gi::setSectionSizes {heTreeWidget} -values {214 471 471 734} -in [gi::getWindows 41]
[15:46:21.87] /i gi::setCurrentIndex {heTreeWidget} -index {0.1,2} -in [gi::getWindows 41]
[15:46:21.87] /i gi::setItemSelection {heTreeWidget} -index {0.1,all} -in [gi::getWindows 41]
[15:46:24.61] /i gi::setField {heTreeWidget} -value {//starrc} -index {0.1,2} -in [gi::getWindows 41] 
[15:46:25.91] /i gi::executeAction heFileSave -in [gi::getWindows 41]
[15:46:27.47] /i gi::executeAction giCloseWindow -in [gi::getWindows 41]
[15:46:27.49] /i gi::setActiveWindow 29
[15:46:27.49] /i gi::setActiveWindow 29 -raise true
[15:46:29.92] /i gi::setCurrentIndex {views} -index {config} -in [gi::getWindows 29]
[15:46:29.93] /i gi::setItemSelection {views} -index {config} -in [gi::getWindows 29]
[15:46:31.40] /i gi::executeAction dmOpenConfigDesignWrite -in [gi::getWindows 29]
[15:46:31.46] /r giWindowId 42
[15:46:31.47] /r giWindowGeometry 1632x1020
[15:46:31.62] /m Information: 
[15:46:31.62] /o Checking "project_d_ff/CLOCK_INV_TB/schematic"
[15:46:31.62] /o No rule violations found in "project_d_ff/CLOCK_INV_TB/schematic"
[15:46:31.62] /m Information: Checking process is completed: marking the design violations
[15:46:31.62] /m Information: Marking of designs is completed
[15:46:32.59] /# gi::executeAction deAddPoint -in [gi::getWindows 42]
[15:46:32.59] /i de::addPoint {3.2625 2.6625} -context [db::getNext [de::getContexts -window 42]]
[15:46:32.78] /# gi::executeAction deCompleteShape -in [gi::getWindows 42]
[15:46:32.78] /i de::completeShape -context [db::getNext [de::getContexts -window 42]]
[15:46:34.64] /# gi::executeAction deAddPoint -in [gi::getWindows 42]
[15:46:34.64] /i de::addPoint {3.38125 2.675} -context [db::getNext [de::getContexts -window 42]]
[15:46:34.79] /# gi::executeAction deCompleteShape -in [gi::getWindows 42]
[15:46:34.79] /i de::completeShape -context [db::getNext [de::getContexts -window 42]]
[15:46:35.40] /# gi::executeAction deAddPoint -in [gi::getWindows 42]
[15:46:35.40] /i de::addPoint {3.38125 2.675} -context [db::getNext [de::getContexts -window 42]]
[15:46:35.56] /# gi::executeAction deCompleteShape -in [gi::getWindows 42]
[15:46:35.56] /i de::completeShape -context [db::getNext [de::getContexts -window 42]]
[15:46:35.72] /# gi::executeAction deAddPoint -in [gi::getWindows 42]
[15:46:35.72] /i de::addPoint {3.38125 2.675} -context [db::getNext [de::getContexts -window 42]]
[15:46:35.86] /# gi::executeAction deCompleteShape -in [gi::getWindows 42]
[15:46:35.86] /i de::completeShape -context [db::getNext [de::getContexts -window 42]]
[15:46:36.23] /# gi::executeAction deCanvasZoomOutAtPoint -in [gi::getWindows 42]
[15:46:36.23] /i de::zoom -window [gi::getWindows 42] -factor 0.5 -center {3.45625 1.975}
[15:46:36.23] /o {-2.475 0.24375} {7.6375 5.80625}
[15:46:36.25] /# gi::executeAction deCanvasZoomOutAtPoint -in [gi::getWindows 42]
[15:46:36.25] /i de::zoom -window [gi::getWindows 42] -factor 0.5 -center {3.4625 1.975}
[15:46:36.25] /o {-8.4125 -1.49375} {11.8125 9.64375}
[15:46:36.59] /# gi::executeAction deAddPoint -in [gi::getWindows 42]
[15:46:36.59] /i de::addPoint {4.25625 1.775} -context [db::getNext [de::getContexts -window 42]]
[15:46:36.95] /# gi::executeAction deCanvasZoomInAtPoint -in [gi::getWindows 42]
[15:46:36.95] /i de::zoom -window [gi::getWindows 42] -factor 2.0 -center {3.65 1.75}
[15:46:36.95] /o {-2.38125 0.13125} {7.73125 5.69375}
[15:46:37.65] /# gi::executeAction deAbortCommand -in [gi::getWindows 42]
[15:46:37.65] /i de::abortCommand -context [db::getNext [de::getContexts -window 42]]
[15:46:38.32] /# gi::executeAction deSelectActive -in [gi::getWindows 42]
[15:46:38.32] /i de::deselectAll [db::getNext [de::getContexts -window 42]]
[15:46:38.32] /i de::select [de::getActiveFigure [gi::getWindows 42] -point {3.50625 2.6} -index 0 -intent none]
[15:46:38.32] /o oa:0x1ef4d1f0
[15:46:38.61] /# gi::executeAction deDescend -in [gi::getWindows 42]
[15:46:38.61] /i ide::descend 42 -inPlace false -promptView false -readOnly auto
[15:46:38.63] /# Navigating to project_d_ff/CLOCK_inv/starrc (I0)
[15:46:38.77] /# de::setActiveLPP [de::getLPPs "exclude blockage" -from [db::getAttr editDesign -of [de::getContexts -window 42]]]
[15:46:38.99] /# gi::setItemSelection {sets} -index {Valid} -in [gi::getAssistants leObjectLayerPanel -from [gi::getWindows 42]]
[15:46:39.22] /i db::setAttr dockSize -of [gi::getAssistants giConsole -from [gi::getWindows 42]] -value 1867x89
[15:46:39.23] /i db::setAttr dockSize -of [gi::getAssistants dePropertyEditor -from [gi::getWindows 42]] -value 290x839
[15:46:39.24] /i db::setAttr dockSize -of [gi::getAssistants leObjectLayerPanel -from [gi::getWindows 42]] -value 290x805
[15:46:41.32] /# gi::executeAction deReturnToTop -in [gi::getWindows 42]
[15:46:41.32] /i de::return [db::getNext [de::getContexts -window 42]] -levels -1
[15:46:41.32] /# Navigating to project_d_ff/CLOCK_INV_TB/schematic
[15:46:41.55] /o oa:0x24a7ae70
[15:46:41.78] /i db::setAttr dockSize -of [gi::getAssistants dePropertyEditor -from [gi::getWindows 42]] -value 290x839
[15:46:41.78] /i db::setAttr dockSize -of [gi::getAssistants giConsole -from [gi::getWindows 42]] -value 1867x89
[15:46:41.82] /i db::setAttr dockSize -of [gi::getAssistants deMarkerBrowser -from [gi::getWindows 42]] -value 290x839
[15:46:42.50] /# gi::executeAction deSelectActive -in [gi::getWindows 42]
[15:46:42.50] /i de::deselectAll [db::getNext [de::getContexts -window 42]]
[15:46:42.50] /i de::select [de::getActiveFigure [gi::getWindows 42] -point {2.00625 2.3125} -index 0 -intent none]
[15:46:42.50] /o oa:0x1fb432d0
[15:46:44.87] /# gi::executeAction seShowConsoleForWindow -in [gi::getWindows 42]
[15:46:44.87] /i sa::showConsole -context [db::getNext [de::getContexts -window 42]]
[15:46:44.89] /r giWindowId 43
[15:46:44.90] /r giWindowGeometry 600x500
[15:46:45.01] /o oa:0x249ea330
[15:46:45.05] /m Information: Launching Background sae_shell Server Process "cd /home/itsupport/Desktop/lab1vlsi && sae_shell -log sae_shell_session3_job1 -libDefFile /home/itsupport/Desktop/lab1vlsi/lib.defs"
[15:46:45.61] /i gi::setActiveWindow 42
[15:46:45.61] /i gi::setActiveWindow 42 -raise true
[15:46:46.12] /# gi::executeAction deCanvasZoomInAtPoint -in [gi::getWindows 42]
[15:46:46.12] /i de::zoom -window [gi::getWindows 42] -factor 2.0 -center {2.31875 2.175}
[15:46:46.12] /o {-0.03125 1.15} {5.025 3.9375}
[15:46:46.17] /# gi::executeAction deCanvasZoomInAtPoint -in [gi::getWindows 42]
[15:46:46.17] /i de::zoom -window [gi::getWindows 42] -factor 2.0 -center {2.4625 2.08125}
[15:46:46.18] /o {1.21875 1.61875} {3.74375 3.00625}
[15:46:47.02] /# gi::executeAction deSelectActive -in [gi::getWindows 42]
[15:46:47.02] /i de::cycleActiveFigure [gi::getWindows 42] -direction next
[15:46:47.02] /o oa:0x204c9060
[15:46:47.32] /# gi::executeAction deSelectByPoint -in [gi::getWindows 42]
[15:46:47.32] /i ide::selectByRegion -region point -select true
[15:46:47.75] /m Information: Received ready-for-commands signal from background job 'sae_shell_session3_job1' after 2 seconds.
[15:46:47.76] /i gi::executeAction sePropertyEditorToggle -in [gi::getWindows 42]
[15:46:47.76] /# db::setAttr shown -of [gi::getAssistants dePropertyEditor -from [gi::getWindows 42]] -value true
[15:46:48.93] /i gi::setItemSelection {parameters} -index {tr,all} -in [gi::getAssistants dePropertyEditor -from [gi::getWindows 42]]
[15:46:48.93] /i gi::setCurrentIndex {parameters} -index {tr,Value} -in [gi::getAssistants dePropertyEditor -from [gi::getWindows 42]]
[15:46:50.30] /i gi::setField {parameters} -value {5p} -index {tr,Value} -in [gi::getAssistants dePropertyEditor -from [gi::getWindows 42]]
[15:46:50.30] /i gi::executeAction dePropertyEditorApplyChanges -in [gi::getAssistants dePropertyEditor -from [gi::getWindows 42]]
[15:46:51.09] /i gi::setItemSelection {parameters} -index {tf,all} -in [gi::getAssistants dePropertyEditor -from [gi::getWindows 42]]
[15:46:51.10] /i gi::setCurrentIndex {parameters} -index {tf,Value} -in [gi::getAssistants dePropertyEditor -from [gi::getWindows 42]]
[15:46:53.33] /i gi::setField {parameters} -value {5p} -index {tf,Value} -in [gi::getAssistants dePropertyEditor -from [gi::getWindows 42]]
[15:46:53.33] /i gi::executeAction dePropertyEditorApplyChanges -in [gi::getAssistants dePropertyEditor -from [gi::getWindows 42]]
[15:46:54.27] /i gi::setItemSelection {parameters} -index {per,all} -in [gi::getAssistants dePropertyEditor -from [gi::getWindows 42]]
[15:46:54.27] /i gi::setCurrentIndex {parameters} -index {per,Value} -in [gi::getAssistants dePropertyEditor -from [gi::getWindows 42]]
[15:46:56.60] /i gi::setField {parameters} -value {300p} -index {per,Value} -in [gi::getAssistants dePropertyEditor -from [gi::getWindows 42]]
[15:46:56.60] /i gi::executeAction dePropertyEditorApplyChanges -in [gi::getAssistants dePropertyEditor -from [gi::getWindows 42]]
[15:46:57.91] /i gi::setItemSelection {parameters} -index {pw,all} -in [gi::getAssistants dePropertyEditor -from [gi::getWindows 42]]
[15:46:57.91] /i gi::setCurrentIndex {parameters} -index {pw,Value} -in [gi::getAssistants dePropertyEditor -from [gi::getWindows 42]]
[15:46:59.56] /i gi::setField {parameters} -value {150p} -index {pw,Value} -in [gi::getAssistants dePropertyEditor -from [gi::getWindows 42]]
[15:46:59.56] /i gi::executeAction dePropertyEditorApplyChanges -in [gi::getAssistants dePropertyEditor -from [gi::getWindows 42]]
[15:47:00.49] /i gi::setItemSelection {parameters} -index {per,all} -in [gi::getAssistants dePropertyEditor -from [gi::getWindows 42]]
[15:47:00.49] /i gi::setCurrentIndex {parameters} -index {per,Value} -in [gi::getAssistants dePropertyEditor -from [gi::getWindows 42]]
[15:47:02.45] /i gi::setField {parameters} -value {tper} -index {per,Value} -in [gi::getAssistants dePropertyEditor -from [gi::getWindows 42]]
[15:47:02.45] /i gi::executeAction dePropertyEditorApplyChanges -in [gi::getAssistants dePropertyEditor -from [gi::getWindows 42]]
[15:47:03.34] /i gi::setItemSelection {parameters} -index {tf,all} -in [gi::getAssistants dePropertyEditor -from [gi::getWindows 42]]
[15:47:03.34] /i gi::setCurrentIndex {parameters} -index {tf,Value} -in [gi::getAssistants dePropertyEditor -from [gi::getWindows 42]]
[15:47:04.11] /i gi::setItemSelection {parameters} -index {pw,all} -in [gi::getAssistants dePropertyEditor -from [gi::getWindows 42]]
[15:47:04.11] /i gi::setCurrentIndex {parameters} -index {pw,Value} -in [gi::getAssistants dePropertyEditor -from [gi::getWindows 42]]
[15:47:06.38] /i gi::setField {parameters} -value {tper} -index {pw,Value} -in [gi::getAssistants dePropertyEditor -from [gi::getWindows 42]]
[15:47:06.38] /i gi::executeAction dePropertyEditorApplyChanges -in [gi::getAssistants dePropertyEditor -from [gi::getWindows 42]]
[15:47:09.42] /i gi::setField {parameters} -value {tper/2} -index {pw,Value} -in [gi::getAssistants dePropertyEditor -from [gi::getWindows 42]]
[15:47:09.42] /i gi::executeAction dePropertyEditorApplyChanges -in [gi::getAssistants dePropertyEditor -from [gi::getWindows 42]]
[15:47:11.52] /i gi::executeAction deSaveDesign -in [gi::getWindows 42]
[15:47:11.52] /m Information: Saving design 'project_d_ff CLOCK_INV_TB schematic'. (DESIGN_WINDOW-004)
[15:47:12.17] /i gi::setActiveWindow 43
[15:47:12.17] /i gi::setActiveWindow 43 -raise true
[15:47:14.49] /# gi::executeAction saLoadState -in [gi::getWindows 43]
[15:47:14.49] /i sa::showLoadState -parent 43
[15:47:14.57] /o oa:0x19ea7850
[15:47:14.63] /i gi::setActiveDialog [gi::getDialogs {saShowLoadState} -parent [gi::getWindows 43]]
[15:47:14.93] /i db::setAttr geometry -of [gi::getDialogs {saShowLoadState} -parent [gi::getWindows 43]] -value 603x720+778+424
[15:47:16.70] /i gi::setField {/simulators} -value {HSPICE} -in [gi::getDialogs {saShowLoadState} -parent [gi::getWindows 43]]
[15:47:17.49] /i gi::setField {/cells} -value {CLOCK_INV_TB} -in [gi::getDialogs {saShowLoadState} -parent [gi::getWindows 43]]
[15:47:19.89] /i gi::setField {/cells} -value {tg_in_tb} -in [gi::getDialogs {saShowLoadState} -parent [gi::getWindows 43]]
[15:47:21.64] /i gi::setField {/simulators} -value {HSPICE} -in [gi::getDialogs {saShowLoadState} -parent [gi::getWindows 43]]
[15:47:21.96] /i db::setAttr geometry -of [gi::getDialogs {saShowLoadState} -parent [gi::getWindows 43]] -value 603x720+778+424
[15:47:23.17] /i gi::pressButton {/apply} -in [gi::getDialogs {saShowLoadState} -parent [gi::getWindows 43]]
[15:47:24.26] /i gi::closeWindows [gi::getDialogs {saShowLoadState} -parent [gi::getWindows 43]]
[15:47:25.51] /i gi::executeAction menuPreShow -in [gi::getWindows 43]
[15:47:25.51] /r giMenuAccess db::getNext [gi::getMenus saConsoleOutputsMenu -from [gi::getWindows 43]]
[15:47:26.14] /# gi::executeAction saSelectInDesign -in [gi::getWindows 43]
[15:47:26.14] /i sa::selectOutputs -window 43
[15:47:27.11] /# gi::executeAction deAddPoint -in [gi::getWindows 42]
[15:47:27.11] /i de::addPoint {2.4625 2.5625} -context [db::getNext [de::getContexts -window 42]]
[15:47:27.62] /# gi::executeAction deCanvasZoomOutAtPoint -in [gi::getWindows 42]
[15:47:27.62] /i de::zoom -window [gi::getWindows 42] -factor 0.5 -center {2.83125 2.525}
[15:47:27.62] /o {-0.4 0.70625} {4.65625 3.49375}
[15:47:27.64] /# gi::executeAction deCanvasZoomOutAtPoint -in [gi::getWindows 42]
[15:47:27.64] /i de::zoom -window [gi::getWindows 42] -factor 0.5 -center {2.825 2.5125}
[15:47:27.64] /o {-3.625 -1.09375} {6.4875 4.46875}
[15:47:28.18] /# gi::executeAction deCanvasZoomInAtPoint -in [gi::getWindows 42]
[15:47:28.18] /i de::zoom -window [gi::getWindows 42] -factor 2.0 -center {4.78125 2.49375}
[15:47:28.18] /o {0.58125 0.7} {5.63125 3.48125}
[15:47:28.28] /# gi::executeAction deCanvasZoomInAtPoint -in [gi::getWindows 42]
[15:47:28.28] /i de::zoom -window [gi::getWindows 42] -factor 2.0 -center {4.7625 2.49375}
[15:47:28.28] /o {2.66875 1.59375} {5.2 2.9875}
[15:47:29.47] /# gi::executeAction deAddPoint -in [gi::getWindows 42]
[15:47:29.47] /i de::addPoint {4.8375 2.5625} -context [db::getNext [de::getContexts -window 42]]
[15:47:29.74] /i de::select [se::getNetComponents [de::getActiveFigure [gi::getWindows 42] -point {4.8375 2.5625} -index 0 -intent none] -of branch]
[15:47:29.74] /o oa:0x26742c70
[15:47:31.48] /# gi::executeAction deAddPoint -in [gi::getWindows 42]
[15:47:31.48] /i de::addPoint {4.45625 2.56875} -context [db::getNext [de::getContexts -window 42]]
[15:47:32.36] /i gi::setActiveWindow 43
[15:47:32.36] /i gi::setActiveWindow 43 -raise true
[15:47:34.99] /i gi::setCurrentIndex {variablesTable} -index {1,0} -in [gi::getWindows 43]
[15:47:36.28] /i gi::setField {variablesTable} -index {1,0} -value {tper} -in [gi::getWindows 43]
[15:47:36.28] /i gi::setField {variablesTable} -index {1,0} -value {tper} -in [gi::getWindows 43]
[15:47:37.38] /i gi::setCurrentIndex {variablesTable} -index {1,1} -in [gi::getWindows 43]
[15:47:37.38] /i gi::setItemSelection {variablesTable} -index {1,1} -in [gi::getWindows 43]
[15:47:38.53] /i gi::setField {variablesTable} -index {1,1} -value {300p} -in [gi::getWindows 43]
[15:47:38.53] /i gi::setField {variablesTable} -index {1,1} -value {300p} -in [gi::getWindows 43]
[15:47:39.68] /i gi::setCurrentIndex {outputsTable} -index {0,1} -in [gi::getWindows 43]
[15:47:39.68] /i gi::setItemSelection {outputsTable} -index {0,1} -in [gi::getWindows 43]
[15:47:39.68] /i gi::setItemSelection {outputsTable} -index {0,1} -in [gi::getWindows 43]
[15:47:39.68] /i gi::setItemSelection {variablesTable} -index {} -in [gi::getWindows 43]
[15:47:41.06] /i gi::setField {outputsTable} -index {0,1} -value {} -in [gi::getWindows 43]
[15:47:41.06] /i gi::setCurrentIndex {outputsTable} -index {1,1} -in [gi::getWindows 43]
[15:47:41.06] /i gi::setItemSelection {outputsTable} -index {} -in [gi::getWindows 43]
[15:47:41.06] /i gi::setItemSelection {outputsTable} -index {} -in [gi::getWindows 43]
[15:47:41.72] /i gi::setItemSelection {outputsTable} -index {0,1} -in [gi::getWindows 43]
[15:47:41.72] /i gi::setItemSelection {outputsTable} -index {0,1} -in [gi::getWindows 43]
[15:47:42.04] /i gi::setField {outputsTable} -index {0,1} -value {} -in [gi::getWindows 43]
[15:47:42.04] /i gi::setCurrentIndex {outputsTable} -index {1,1} -in [gi::getWindows 43]
[15:47:42.04] /i gi::setItemSelection {outputsTable} -index {} -in [gi::getWindows 43]
[15:47:42.04] /i gi::setItemSelection {outputsTable} -index {} -in [gi::getWindows 43]
[15:47:42.69] /i gi::setItemSelection {outputsTable} -index {0,1} -in [gi::getWindows 43]
[15:47:42.69] /i gi::setItemSelection {outputsTable} -index {0,1} -in [gi::getWindows 43]
[15:47:42.99] /i gi::setField {outputsTable} -index {0,1} -value {} -in [gi::getWindows 43]
[15:47:42.99] /i gi::setCurrentIndex {outputsTable} -index {1,1} -in [gi::getWindows 43]
[15:47:42.99] /i gi::setItemSelection {outputsTable} -index {} -in [gi::getWindows 43]
[15:47:42.99] /i gi::setItemSelection {outputsTable} -index {} -in [gi::getWindows 43]
[15:47:43.56] /i gi::setItemSelection {outputsTable} -index {0,1} -in [gi::getWindows 43]
[15:47:43.56] /i gi::setItemSelection {outputsTable} -index {0,1} -in [gi::getWindows 43]
[15:47:44.20] /i gi::setField {outputsTable} -index {0,1} -value {} -in [gi::getWindows 43]
[15:47:44.20] /i gi::setCurrentIndex {outputsTable} -index {1,1} -in [gi::getWindows 43]
[15:47:44.20] /i gi::setItemSelection {outputsTable} -index {} -in [gi::getWindows 43]
[15:47:44.20] /i gi::setItemSelection {outputsTable} -index {} -in [gi::getWindows 43]
[15:47:44.65] /i gi::setItemSelection {outputsTable} -index {0,1} -in [gi::getWindows 43]
[15:47:44.65] /i gi::setItemSelection {outputsTable} -index {0,1} -in [gi::getWindows 43]
[15:47:44.89] /i gi::setField {outputsTable} -index {0,1} -value {} -in [gi::getWindows 43]
[15:47:44.89] /i gi::setCurrentIndex {outputsTable} -index {1,1} -in [gi::getWindows 43]
[15:47:44.89] /i gi::setItemSelection {outputsTable} -index {} -in [gi::getWindows 43]
[15:47:44.90] /i gi::setItemSelection {outputsTable} -index {} -in [gi::getWindows 43]
[15:47:45.54] /i gi::setActiveWindow 42
[15:47:45.54] /i gi::setActiveWindow 42 -raise true
[15:47:46.34] /# gi::executeAction deAbortCommand -in [gi::getWindows 42]
[15:47:46.34] /i de::abortCommand -context [db::getNext [de::getContexts -window 42]]
[15:47:47.53] /i gi::setActiveWindow 42
[15:47:47.53] /i gi::setActiveWindow 42 -raise true
[15:47:48.10] /# gi::executeAction deSelectActive -in [gi::getWindows 42]
[15:47:48.10] /i de::deselectAll [db::getNext [de::getContexts -window 42]]
[15:47:48.10] /i de::deselectAllLogic -context [db::getNext [de::getContexts -window 42]]
[15:47:48.39] /# gi::executeAction deCanvasZoomOutAtPoint -in [gi::getWindows 42]
[15:47:48.39] /i de::zoom -window [gi::getWindows 42] -factor 0.5 -center {3.76875 1.8625}
[15:47:48.39] /o {1.575 1.33125} {6.625 4.1125}
[15:47:49.41] /# gi::executeAction deSelectActive -in [gi::getWindows 42]
[15:47:49.41] /i de::deselectAll [db::getNext [de::getContexts -window 42]]
[15:47:49.41] /i de::select [de::getActiveFigure [gi::getWindows 42] -point {2.48125 2.58125} -index 0 -intent none]
[15:47:49.42] /o oa:0x1c7efcf0
[15:47:50.49] /i gi::setItemSelection {attributes} -index {name,all} -in [gi::getAssistants dePropertyEditor -from [gi::getWindows 42]]
[15:47:50.50] /i gi::setCurrentIndex {attributes} -index {name,Value} -in [gi::getAssistants dePropertyEditor -from [gi::getWindows 42]]
[15:47:52.84] /i gi::setField {attributes} -value {CLK} -index {name,Value} -in [gi::getAssistants dePropertyEditor -from [gi::getWindows 42]]
[15:47:52.84] /i gi::executeAction dePropertyEditorApplyChanges -in [gi::getAssistants dePropertyEditor -from [gi::getWindows 42]]
[15:47:54.25] /# gi::executeAction deSelectActive -in [gi::getWindows 42]
[15:47:54.25] /i de::deselectAll [db::getNext [de::getContexts -window 42]]
[15:47:54.25] /i de::select [de::getActiveFigure [gi::getWindows 42] -point {4.85 2.55} -index 0 -intent none]
[15:47:54.25] /o oa:0x26307600
[15:47:55.20] /i gi::setItemSelection {attributes} -index {name,all} -in [gi::getAssistants dePropertyEditor -from [gi::getWindows 42]]
[15:47:55.20] /i gi::setCurrentIndex {attributes} -index {name,Value} -in [gi::getAssistants dePropertyEditor -from [gi::getWindows 42]]
[15:47:56.85] /i gi::setField {attributes} -value {CLKB} -index {name,Value} -in [gi::getAssistants dePropertyEditor -from [gi::getWindows 42]]
[15:47:56.85] /i gi::executeAction dePropertyEditorApplyChanges -in [gi::getAssistants dePropertyEditor -from [gi::getWindows 42]]
[15:47:58.19] /i gi::executeAction deCanvasDragCancel -in [gi::getWindows 42]
[15:47:58.59] /# gi::executeAction deSelectActive -in [gi::getWindows 42]
[15:47:58.59] /i de::deselectAll [db::getNext [de::getContexts -window 42]]
[15:47:58.59] /i de::select [de::getActiveFigure [gi::getWindows 42] -point {5.2125 2.54375} -index 0 -intent none]
[15:47:58.59] /o oa:0x2449f0d0
[15:47:59.44] /i gi::setItemSelection {attributes} -index {text,all} -in [gi::getAssistants dePropertyEditor -from [gi::getWindows 42]]
[15:47:59.44] /i gi::setCurrentIndex {attributes} -index {text,Value} -in [gi::getAssistants dePropertyEditor -from [gi::getWindows 42]]
[15:48:01.27] /i gi::setField {attributes} -value {CLKB} -index {text,Value} -in [gi::getAssistants dePropertyEditor -from [gi::getWindows 42]]
[15:48:01.27] /i gi::executeAction dePropertyEditorApplyChanges -in [gi::getAssistants dePropertyEditor -from [gi::getWindows 42]]
[15:48:04.11] /i gi::executeAction deSaveDesign -in [gi::getWindows 42]
[15:48:04.11] /m Information: Saving design 'project_d_ff CLOCK_INV_TB schematic'. (DESIGN_WINDOW-004)
[15:48:04.61] /i gi::setActiveWindow 43
[15:48:04.61] /i gi::setActiveWindow 43 -raise true
[15:48:05.37] /i gi::executeAction menuPreShow -in [gi::getWindows 43]
[15:48:05.37] /r giMenuAccess db::getNext [gi::getMenus saConsoleSimMenu -from [gi::getWindows 43]]
[15:48:06.83] /i gi::executeAction menuPreShow -in [gi::getWindows 43]
[15:48:06.83] /r giMenuAccess db::getNext [gi::getMenus saConsoleOutputsMenu -from [gi::getWindows 43]]
[15:48:06.89] /i gi::executeAction menuPreShow -in [gi::getWindows 43]
[15:48:06.89] /r giMenuAccess db::getNext [gi::getMenus saVariablesMenu -from [gi::getWindows 43]]
[15:48:07.07] /i gi::executeAction menuPreShow -in [gi::getWindows 43]
[15:48:07.07] /r giMenuAccess db::getNext [gi::getMenus saConsoleOutputsMenu -from [gi::getWindows 43]]
[15:48:07.92] /# gi::executeAction saSelectInDesign -in [gi::getWindows 43]
[15:48:07.92] /i sa::selectOutputs -window 43
[15:48:08.99] /# gi::executeAction deAddPoint -in [gi::getWindows 42]
[15:48:08.99] /i de::addPoint {2.51875 2.56875} -context [db::getNext [de::getContexts -window 42]]
[15:48:09.78] /# gi::executeAction deAddPoint -in [gi::getWindows 42]
[15:48:09.78] /i de::addPoint {4.81875 2.54375} -context [db::getNext [de::getContexts -window 42]]
[15:48:10.70] /i gi::setActiveWindow 43
[15:48:10.70] /i gi::setActiveWindow 43 -raise true
[15:48:11.34] /i gi::executeAction menuPreShow -in [gi::getWindows 43]
[15:48:11.34] /r giMenuAccess db::getNext [gi::getMenus saConsoleSimMenu -from [gi::getWindows 43]]
[15:48:11.79] /# gi::executeAction saNetlistAndRun -in [gi::getWindows 43]
[15:48:11.79] /i isa::netlistAndRun -testbench [sa::findActiveTestbench -window 43] -mode overwrite
[15:48:11.88] /r giWindowId 44
[15:48:11.89] /r giWindowGeometry 800x600
[15:48:11.95] /m Information: "Starting incremental netlisting for design "project_d_ff/CLOCK_INV_TB/config"..." (NETLISTING-010)
[15:48:11.96] /m Information: 
[15:48:11.96] /o Checking "project_d_ff/CLOCK_INV_TB/schematic"
[15:48:11.96] /o No rule violations found in "project_d_ff/CLOCK_INV_TB/schematic"
[15:48:11.96] /o No Design Integrity rule violations found in "project_d_ff/CLOCK_INV_TB/schematic"
[15:48:11.96] /m Information: 
              /c Cross view checking for project_d_ff/CLOCK_inv/symbol with project_d_ff/CLOCK_inv/starrc
              /c 	[warning] Missing Terminal
              /c 		Terminal gnd! found in starrc is missing in symbol
              /c 	[warning] Missing Terminal
              /c 		Terminal vdd! found in starrc is missing in symbol (DE_EDIT-007)
[15:48:11.98] /w Warning: "Terminal gnd! found in starrc is missing in symbol" (NETLISTING-003)
[15:48:11.98] /w Warning: "Terminal vdd! found in starrc is missing in symbol" (NETLISTING-003)
[15:48:12.00] /m Information: 
              /c Cross view checking for reference90RF/n_4t/ivpcell with reference90RF/n_4t/hspice
              /c 	[warning] Missing Terminal
              /c 		Terminal D found in hspice is missing in ivpcell
              /c 	[warning] Missing Terminal
              /c 		Terminal G found in hspice is missing in ivpcell
              /c 	[warning] Missing Terminal
              /c 		Terminal S found in hspice is missing in ivpcell
              /c 	[warning] Missing Terminal
              /c 		Terminal B found in hspice is missing in ivpcell (DE_EDIT-007)
[15:48:12.00] /w Warning: "Terminal D found in hspice is missing in ivpcell" (NETLISTING-003)
[15:48:12.00] /w Warning: "Terminal G found in hspice is missing in ivpcell" (NETLISTING-003)
[15:48:12.00] /w Warning: "Terminal S found in hspice is missing in ivpcell" (NETLISTING-003)
[15:48:12.00] /w Warning: "Terminal B found in hspice is missing in ivpcell" (NETLISTING-003)
[15:48:12.08] /m Information: "project_d_ff CLOCK_inv starrc" renetlisted. (NETLISTING-056)
[15:48:12.09] /m Information: "project_d_ff CLOCK_INV_TB schematic" renetlisted. (NETLISTING-056)
[15:48:12.09] /m Information: "Netlisting design "project_d_ff/CLOCK_INV_TB/config" finished successfully." (NETLISTING-012)
[15:48:12.10] /m Information: "Composing simulator input file for design "project_d_ff/CLOCK_INV_TB/config"..."
[15:48:12.12] /m Information: "Simulator input file composed successfully for design "project_d_ff/CLOCK_INV_TB/config""
[15:48:12.25] /m Information: "Starting HSPICE simulation for design: project_d_ff/CLOCK_INV_TB/config"
[15:48:12.25] /# gi::collapse {jobMonitorTable} -index {0.0,0} -in [gi::getWindows 44]
[15:48:12.26] /o 1
[15:48:12.66] /m Information: "Simulation completed successfully for design: project_d_ff/CLOCK_INV_TB/config "
[15:48:12.82] /m Information: Launching Background sae_shell Server Process "cd /home/itsupport/Desktop/lab1vlsi && sae_shell -log sae_shell_session3_job2 -libDefFile /home/itsupport/Desktop/lab1vlsi/lib.defs"
[15:48:12.83] /m Information: "Evaluating and plotting outputs..."
[15:48:12.84] /m Information: Started sharing "Custom WaveView" license. (WAVEFORM-110)
[15:48:12.86] /m Information: Launching Waveform Viewer "cd /home/itsupport/simulation/project_d_ff,CLOCK_INV_TB,config/history_1/simulation/HSPICE_default/HSPICE/nominal/results &&  wv -k -cdesigner -spxkey /usr/synopsys/customcompiler/N-2017.12-SP1-2/auxx/waveform/sae.spxkey -spxrc /tmp/sae_spxrc_l1V8OS -unique_string 9dbaf1e5ad41e50ec4ac300f607c403a15c9c611af414893916e52343c87a980eb2070ad53df9c90f56b553c15794eba72c7fe1504882bd5 -lic_type 1    > /home/itsupport/simulation/project_d_ff,CLOCK_INV_TB,config/history_1/simulation/HSPICE_default/HSPICE/nominal/results/viewer.log 2>&1"
[15:48:12.86] /i gi::collapse {jobMonitorTable} -index {0.0,0} -in [gi::getWindows 44]
[15:48:13.48] /m Information: Measurement calculations completed for testbench: HSPICE_default in 1s
[15:48:13.75] /j ::wf::WaveView::plotSuccess WaveView_5 {} {_728b270_void_pp _72e8020_void_pp} 
[15:48:13.77] /j ::wf::WaveView::plotSuccess WaveView_5 {} {_728b270_void_pp _72e80e8_void_pp} 
[15:48:15.47] /m Information: Received ready-for-commands signal from background job 'sae_shell_session3_job2' after 3 seconds.
[15:48:25.09] /i gi::executeAction giCloseWindow -in [gi::getWindows 44]
[15:48:25.11] /i gi::setActiveWindow 43
[15:48:25.12] /i gi::setActiveWindow 43 -raise true
[15:48:26.05] /i gi::setActiveWindow 42
[15:48:26.05] /i gi::setActiveWindow 42 -raise true
[15:48:26.52] /# gi::executeAction deCanvasZoomOutAtPoint -in [gi::getWindows 42]
[15:48:26.52] /i de::zoom -window [gi::getWindows 42] -factor 0.5 -center {3.93125 2.775}
[15:48:26.52] /o {-0.7875 -0.1125} {9.325 5.45}
[15:48:27.00] /# gi::executeAction deCanvasZoomInAtPoint -in [gi::getWindows 42]
[15:48:27.00] /i de::zoom -window [gi::getWindows 42] -factor 2.0 -center {3.54375 2.06875}
[15:48:27.00] /o {1.38125 0.975} {6.43125 3.7625}
[15:48:27.87] /i gi::executeAction deCanvasDragCancel -in [gi::getWindows 42]
[15:48:28.17] /# gi::executeAction deSelectActive -in [gi::getWindows 42]
[15:48:28.17] /i de::deselectAll [db::getNext [de::getContexts -window 42]]
[15:48:28.17] /i de::select [de::getActiveFigure [gi::getWindows 42] -point {4.6625 1.9875} -index 0 -intent none]
[15:48:28.17] /o oa:0x263093d0
[15:48:28.71] /# gi::executeAction seDelete -in [gi::getWindows 42]
[15:48:28.71] /i ise::delete
[15:48:29.48] /# gi::executeAction deSelectActive -in [gi::getWindows 42]
[15:48:29.48] /i de::deselectAll [db::getNext [de::getContexts -window 42]]
[15:48:29.48] /i de::select [de::getActiveFigure [gi::getWindows 42] -point {4.6625 1.6} -index 0 -intent none]
[15:48:29.48] /o oa:0x269c8f70
[15:48:30.23] /# gi::executeAction seDelete -in [gi::getWindows 42]
[15:48:30.23] /i ise::delete
[15:48:30.57] /# gi::executeAction deSelectActive -in [gi::getWindows 42]
[15:48:30.57] /i de::deselectAll [db::getNext [de::getContexts -window 42]]
[15:48:30.57] /i de::select [de::getActiveFigure [gi::getWindows 42] -point {4.75625 1.33125} -index 0 -intent none]
[15:48:30.57] /o oa:0x257a24b0
[15:48:30.72] /# gi::executeAction deDescend -in [gi::getWindows 42]
[15:48:30.72] /i ide::descend 42 -inPlace false -promptView false -readOnly auto
[15:48:30.79] /r giDialog gi::setActiveDialog [gi::getDialogs {deDescendFailed} -parent [gi::getWindows 42]]
[15:48:31.05] /r giDialog db::setAttr geometry -of [gi::getDialogs {deDescendFailed} -parent [gi::getWindows 42]] -value 393x82+764+573
[15:48:31.89] /r giDialog gi::closeWindows [gi::getDialogs {deDescendFailed} -parent [gi::getWindows 42]]
[15:48:31.90] /# gi::executeAction seDelete -in [gi::getWindows 42]
[15:48:31.90] /i ise::delete
[15:48:31.98] /i gi::executeAction deCanvasDragCancel -in [gi::getWindows 42]
[15:48:33.51] /i gi::executeAction deSaveDesign -in [gi::getWindows 42]
[15:48:33.51] /m Information: Saving design 'project_d_ff CLOCK_INV_TB schematic'. (DESIGN_WINDOW-004)
[15:48:34.89] /i gi::setActiveWindow 43
[15:48:34.89] /i gi::setActiveWindow 43 -raise true
[15:48:35.57] /i gi::executeAction menuPreShow -in [gi::getWindows 43]
[15:48:35.57] /r giMenuAccess db::getNext [gi::getMenus saConsoleSimMenu -from [gi::getWindows 43]]
[15:48:36.13] /# gi::executeAction saNetlistAndRun -in [gi::getWindows 43]
[15:48:36.13] /i isa::netlistAndRun -testbench [sa::findActiveTestbench -window 43] -mode overwrite
[15:48:36.13] /r giWindowId 45
[15:48:36.14] /r giWindowGeometry 800x600
[15:48:36.19] /m Information: "Starting incremental netlisting for design "project_d_ff/CLOCK_INV_TB/config"..." (NETLISTING-010)
[15:48:36.20] /m Information: 
[15:48:36.20] /o Checking "project_d_ff/CLOCK_INV_TB/schematic"
[15:48:36.20] /o No rule violations found in "project_d_ff/CLOCK_INV_TB/schematic"
[15:48:36.20] /o No Design Integrity rule violations found in "project_d_ff/CLOCK_INV_TB/schematic"
[15:48:36.20] /m Information: 
              /c Cross view checking for project_d_ff/CLOCK_inv/symbol with project_d_ff/CLOCK_inv/starrc
              /c 	[warning] Missing Terminal
              /c 		Terminal gnd! found in starrc is missing in symbol
              /c 	[warning] Missing Terminal
              /c 		Terminal vdd! found in starrc is missing in symbol (DE_EDIT-007)
[15:48:36.20] /w Warning: "Terminal gnd! found in starrc is missing in symbol" (NETLISTING-003)
[15:48:36.20] /w Warning: "Terminal vdd! found in starrc is missing in symbol" (NETLISTING-003)
[15:48:36.20] /m Information: 
              /c Cross view checking for reference90RF/n_4t/ivpcell with reference90RF/n_4t/hspice
              /c 	[warning] Missing Terminal
              /c 		Terminal D found in hspice is missing in ivpcell
              /c 	[warning] Missing Terminal
              /c 		Terminal G found in hspice is missing in ivpcell
              /c 	[warning] Missing Terminal
              /c 		Terminal S found in hspice is missing in ivpcell
              /c 	[warning] Missing Terminal
              /c 		Terminal B found in hspice is missing in ivpcell (DE_EDIT-007)
[15:48:36.20] /w Warning: "Terminal D found in hspice is missing in ivpcell" (NETLISTING-003)
[15:48:36.20] /w Warning: "Terminal G found in hspice is missing in ivpcell" (NETLISTING-003)
[15:48:36.20] /w Warning: "Terminal S found in hspice is missing in ivpcell" (NETLISTING-003)
[15:48:36.20] /w Warning: "Terminal B found in hspice is missing in ivpcell" (NETLISTING-003)
[15:48:36.22] /m Information: "project_d_ff CLOCK_INV_TB schematic" renetlisted. (NETLISTING-056)
[15:48:36.23] /m Information: "Netlisting design "project_d_ff/CLOCK_INV_TB/config" finished successfully." (NETLISTING-012)
[15:48:36.24] /m Information: "Composing simulator input file for design "project_d_ff/CLOCK_INV_TB/config"..."
[15:48:36.26] /m Information: "Simulator input file composed successfully for design "project_d_ff/CLOCK_INV_TB/config""
[15:48:36.45] /m Information: "Starting HSPICE simulation for design: project_d_ff/CLOCK_INV_TB/config"
[15:48:36.45] /# gi::collapse {jobMonitorTable} -index {0.0.1.0,0} -in [gi::getWindows 45]
[15:48:36.47] /o 1
[15:48:36.97] /m Information: "Simulation completed successfully for design: project_d_ff/CLOCK_INV_TB/config "
[15:48:37.15] /m Information: "Evaluating and plotting outputs..."
[15:48:37.23] /j ::wf::WaveView::plotSuccess WaveView_5 {} {_7314740_void_pp _72e81b0_void_pp} 
[15:48:37.26] /j ::wf::WaveView::plotSuccess WaveView_5 {} {_7314740_void_pp _72e8020_void_pp} 
[15:48:37.46] /m Information: Measurement calculations completed for testbench: HSPICE_default in 0s
[15:48:41.16] /i db::setAttr iconified -of [gi::getFrames 1] -value true
[15:48:59.61] /i db::setAttr maximized -of [gi::getFrames 1] -value true
[15:48:59.61] /i db::setAttr iconified -of [gi::getFrames 1] -value false
[15:49:00.22] /i gi::setActiveWindow 43
[15:49:00.22] /i gi::setActiveWindow 43 -raise true
[15:49:00.85] /i gi::setActiveWindow 42
[15:49:00.85] /i gi::setActiveWindow 42 -raise true
[15:49:01.77] /# gi::executeAction deSelectActive -in [gi::getWindows 42]
[15:49:01.77] /i de::deselectAll [db::getNext [de::getContexts -window 42]]
[15:49:01.77] /i de::select [de::getActiveFigure [gi::getWindows 42] -point {2.00625 2.3625} -index 0 -intent none]
[15:49:01.77] /o oa:0x2679c200
[15:49:04.20] /i gi::setActiveWindow 43
[15:49:04.20] /i gi::setActiveWindow 43 -raise true
[15:49:05.41] /i gi::setCurrentIndex {analysisPane} -index {0,3} -in [gi::getWindows 43]
[15:49:05.41] /i gi::setItemSelection {analysisPane} -index {0,3} -in [gi::getWindows 43]
[15:49:05.70] /i gi::setActiveDialog [gi::getDialogs {saEditAnalysesDialogXsaeSession1} -parent [gi::getWindows 43]]
[15:49:05.96] /i db::setAttr geometry -of [gi::getDialogs {saEditAnalysesDialogXsaeSession1} -parent [gi::getWindows 43]] -value 633x680+762+450
[15:49:10.21] /i gi::setField {/analysesGroups/tabGeneral/anaPane/stop} -value {5n} -in [gi::getDialogs {saEditAnalysesDialogXsaeSession1} -parent [gi::getWindows 43]]
[15:49:11.37] /i gi::setField {/analysesGroups/tabGeneral/anaPane/step} -value {5p} -in [gi::getDialogs {saEditAnalysesDialogXsaeSession1} -parent [gi::getWindows 43]]
[15:49:11.37] /i gi::pressButton {/ok} -in [gi::getDialogs {saEditAnalysesDialogXsaeSession1} -parent [gi::getWindows 43]]
[15:49:12.74] /i gi::executeAction menuPreShow -in [gi::getWindows 43]
[15:49:12.74] /r giMenuAccess db::getNext [gi::getMenus saConsoleSimMenu -from [gi::getWindows 43]]
[15:49:13.27] /# gi::executeAction saNetlistAndRun -in [gi::getWindows 43]
[15:49:13.27] /i isa::netlistAndRun -testbench [sa::findActiveTestbench -window 43] -mode overwrite
[15:49:13.35] /m Information: "Starting incremental netlisting for design "project_d_ff/CLOCK_INV_TB/config"..." (NETLISTING-010)
[15:49:13.36] /m Information: 
[15:49:13.36] /o Checking "project_d_ff/CLOCK_INV_TB/schematic"
[15:49:13.36] /o No rule violations found in "project_d_ff/CLOCK_INV_TB/schematic"
[15:49:13.36] /o No Design Integrity rule violations found in "project_d_ff/CLOCK_INV_TB/schematic"
[15:49:13.36] /m Information: 
              /c Cross view checking for project_d_ff/CLOCK_inv/symbol with project_d_ff/CLOCK_inv/starrc
              /c 	[warning] Missing Terminal
              /c 		Terminal gnd! found in starrc is missing in symbol
              /c 	[warning] Missing Terminal
              /c 		Terminal vdd! found in starrc is missing in symbol (DE_EDIT-007)
[15:49:13.36] /w Warning: "Terminal gnd! found in starrc is missing in symbol" (NETLISTING-003)
[15:49:13.36] /w Warning: "Terminal vdd! found in starrc is missing in symbol" (NETLISTING-003)
[15:49:13.37] /m Information: 
              /c Cross view checking for reference90RF/n_4t/ivpcell with reference90RF/n_4t/hspice
              /c 	[warning] Missing Terminal
              /c 		Terminal D found in hspice is missing in ivpcell
              /c 	[warning] Missing Terminal
              /c 		Terminal G found in hspice is missing in ivpcell
              /c 	[warning] Missing Terminal
              /c 		Terminal S found in hspice is missing in ivpcell
              /c 	[warning] Missing Terminal
              /c 		Terminal B found in hspice is missing in ivpcell (DE_EDIT-007)
[15:49:13.37] /w Warning: "Terminal D found in hspice is missing in ivpcell" (NETLISTING-003)
[15:49:13.37] /w Warning: "Terminal G found in hspice is missing in ivpcell" (NETLISTING-003)
[15:49:13.37] /w Warning: "Terminal S found in hspice is missing in ivpcell" (NETLISTING-003)
[15:49:13.37] /w Warning: "Terminal B found in hspice is missing in ivpcell" (NETLISTING-003)
[15:49:13.39] /m Information: "Netlisting design "project_d_ff/CLOCK_INV_TB/config" finished successfully." (NETLISTING-012)
[15:49:13.39] /m Information: "Composing simulator input file for design "project_d_ff/CLOCK_INV_TB/config"..."
[15:49:13.42] /m Information: "Simulator input file composed successfully for design "project_d_ff/CLOCK_INV_TB/config""
[15:49:13.61] /m Information: "Starting HSPICE simulation for design: project_d_ff/CLOCK_INV_TB/config"
[15:49:13.61] /# gi::collapse {jobMonitorTable} -index {0.0.1.0,0} -in [gi::getWindows 45]
[15:49:13.63] /o 1
[15:49:13.97] /m Information: "Simulation completed successfully for design: project_d_ff/CLOCK_INV_TB/config "
[15:49:14.17] /m Information: "Evaluating and plotting outputs..."
[15:49:14.27] /j ::wf::WaveView::plotSuccess WaveView_5 {} {_7ab57b0_void_pp _72e80e8_void_pp} 
[15:49:14.38] /j ::wf::WaveView::plotSuccess WaveView_5 {} {_7ab57b0_void_pp _72e81b0_void_pp} 
[15:49:14.56] /m Information: Measurement calculations completed for testbench: HSPICE_default in 0s
[15:49:20.35] /i gi::setActiveWindow 43
[15:49:20.35] /i gi::setActiveWindow 43 -raise true
[15:49:21.52] /i gi::setActiveWindow 42
[15:49:21.52] /i gi::setActiveWindow 42 -raise true
[15:49:24.39] /i gi::setActiveWindow 43
[15:49:24.39] /i gi::setActiveWindow 43 -raise true
[15:49:25.05] /i gi::setCurrentIndex {variablesTable} -index {1,1} -in [gi::getWindows 43]
[15:49:25.05] /i gi::setItemSelection {variablesTable} -index {1,1} -in [gi::getWindows 43]
[15:49:25.05] /i gi::setItemSelection {analysisPane} -index {} -in [gi::getWindows 43]
[15:49:26.77] /i gi::setField {variablesTable} -index {1,1} -value {350p} -in [gi::getWindows 43]
[15:49:26.77] /i gi::setField {variablesTable} -index {1,1} -value {350p} -in [gi::getWindows 43]
[15:49:27.74] /i gi::executeAction menuPreShow -in [gi::getWindows 43]
[15:49:27.74] /r giMenuAccess db::getNext [gi::getMenus saConsoleSimMenu -from [gi::getWindows 43]]
[15:49:28.19] /# gi::executeAction saNetlistAndRun -in [gi::getWindows 43]
[15:49:28.19] /i isa::netlistAndRun -testbench [sa::findActiveTestbench -window 43] -mode overwrite
[15:49:28.22] /m Information: "Starting incremental netlisting for design "project_d_ff/CLOCK_INV_TB/config"..." (NETLISTING-010)
[15:49:28.24] /m Information: 
[15:49:28.24] /o Checking "project_d_ff/CLOCK_INV_TB/schematic"
[15:49:28.24] /o No rule violations found in "project_d_ff/CLOCK_INV_TB/schematic"
[15:49:28.24] /o No Design Integrity rule violations found in "project_d_ff/CLOCK_INV_TB/schematic"
[15:49:28.24] /m Information: 
              /c Cross view checking for project_d_ff/CLOCK_inv/symbol with project_d_ff/CLOCK_inv/starrc
              /c 	[warning] Missing Terminal
              /c 		Terminal gnd! found in starrc is missing in symbol
              /c 	[warning] Missing Terminal
              /c 		Terminal vdd! found in starrc is missing in symbol (DE_EDIT-007)
[15:49:28.24] /w Warning: "Terminal gnd! found in starrc is missing in symbol" (NETLISTING-003)
[15:49:28.24] /w Warning: "Terminal vdd! found in starrc is missing in symbol" (NETLISTING-003)
[15:49:28.24] /m Information: 
              /c Cross view checking for reference90RF/n_4t/ivpcell with reference90RF/n_4t/hspice
              /c 	[warning] Missing Terminal
              /c 		Terminal D found in hspice is missing in ivpcell
              /c 	[warning] Missing Terminal
              /c 		Terminal G found in hspice is missing in ivpcell
              /c 	[warning] Missing Terminal
              /c 		Terminal S found in hspice is missing in ivpcell
              /c 	[warning] Missing Terminal
              /c 		Terminal B found in hspice is missing in ivpcell (DE_EDIT-007)
[15:49:28.24] /w Warning: "Terminal D found in hspice is missing in ivpcell" (NETLISTING-003)
[15:49:28.24] /w Warning: "Terminal G found in hspice is missing in ivpcell" (NETLISTING-003)
[15:49:28.24] /w Warning: "Terminal S found in hspice is missing in ivpcell" (NETLISTING-003)
[15:49:28.24] /w Warning: "Terminal B found in hspice is missing in ivpcell" (NETLISTING-003)
[15:49:28.27] /m Information: "Netlisting design "project_d_ff/CLOCK_INV_TB/config" finished successfully." (NETLISTING-012)
[15:49:28.27] /m Information: "Composing simulator input file for design "project_d_ff/CLOCK_INV_TB/config"..."
[15:49:28.30] /m Information: "Simulator input file composed successfully for design "project_d_ff/CLOCK_INV_TB/config""
[15:49:28.46] /m Information: "Starting HSPICE simulation for design: project_d_ff/CLOCK_INV_TB/config"
[15:49:28.46] /# gi::collapse {jobMonitorTable} -index {0.0.1.0,0} -in [gi::getWindows 45]
[15:49:28.48] /o 1
[15:49:28.76] /m Information: "Simulation completed successfully for design: project_d_ff/CLOCK_INV_TB/config "
[15:49:28.96] /m Information: "Evaluating and plotting outputs..."
[15:49:29.11] /j ::wf::WaveView::plotSuccess WaveView_5 {} {_7a9eb40_void_pp _72e8020_void_pp} 
[15:49:29.29] /j ::wf::WaveView::plotSuccess WaveView_5 {} {_7a9eb40_void_pp _72e80e8_void_pp} 
[15:49:29.36] /m Information: Measurement calculations completed for testbench: HSPICE_default in 0s
[15:49:48.36] /m Information: Waveform viewer exited normally.
[15:49:49.69] /i gi::executeAction giCloseWindow -in [gi::getWindows 45]
[15:49:49.75] /i gi::setActiveWindow 43
[15:49:49.75] /i gi::setActiveWindow 43 -raise true
[15:49:50.34] /i gi::executeAction giCloseWindow -in [gi::getWindows 37]
[15:49:51.43] /i gi::executeAction giCloseWindow -in [gi::getWindows 43]
[15:49:51.50] /r giDialog gi::setActiveDialog [gi::getDialogs {giPrompt} -parent [gi::getWindows 43]]
[15:49:51.77] /r giDialog db::setAttr geometry -of [gi::getDialogs {giPrompt} -parent [gi::getWindows 43]] -value 292x82+814+573
[15:49:52.54] /r giDialog gi::pressButton {save} -in [gi::getDialogs {giPrompt} -parent [gi::getWindows 43]]
[15:49:52.69] /r giDialog gi::setActiveDialog [gi::getDialogs {saShowSaveState} -parent [gi::getWindows 43]]
[15:49:52.96] /r giDialog db::setAttr geometry -of [gi::getDialogs {saShowSaveState} -parent [gi::getWindows 43]] -value 462x528+729+350
[15:49:53.86] /r giDialog gi::setField {/saveTo/directory} -value {true} -in [gi::getDialogs {saShowSaveState} -parent [gi::getWindows 43]]
[15:49:54.99] /r giDialog gi::setField {/saveTo/statesDirectory} -value {true} -in [gi::getDialogs {saShowSaveState} -parent [gi::getWindows 43]]
[15:50:00.26] /r giDialog gi::setField {/name} -value {HSPICE_clock_} -in [gi::getDialogs {saShowSaveState} -parent [gi::getWindows 43]]
[15:50:00.26] /r giDialog gi::pressButton {/ok} -in [gi::getDialogs {saShowSaveState} -parent [gi::getWindows 43]]
[15:50:00.31] /i gi::setActiveWindow 42
[15:50:00.31] /i gi::setActiveWindow 42 -raise true
[15:50:01.93] /i gi::executeAction giCloseWindow -in [gi::getWindows 42]
[15:50:01.95] /i gi::setActiveWindow 29
[15:50:01.95] /i gi::setActiveWindow 29 -raise true
[15:50:03.18] /i gi::setCurrentIndex {views} -index {schematic} -in [gi::getWindows 29]
[15:50:03.19] /i gi::setItemSelection {views} -index {schematic} -in [gi::getWindows 29]
[15:50:03.37] /i gi::executeAction dmOpen -in [gi::getWindows 29]
[15:50:03.40] /r giWindowId 46
[15:50:03.40] /r giWindowGeometry 1632x1020
[15:50:03.61] /m Information: 
[15:50:03.61] /o Checking "project_d_ff/CLOCK_INV_TB/schematic"
[15:50:03.61] /o No rule violations found in "project_d_ff/CLOCK_INV_TB/schematic"
[15:50:03.61] /m Information: Checking process is completed: marking the design violations
[15:50:03.61] /m Information: Marking of designs is completed
[15:50:04.26] /# gi::executeAction deSelectActive -in [gi::getWindows 46]
[15:50:04.26] /i de::deselectAll [db::getNext [de::getContexts -window 46]]
[15:50:04.26] /i de::select [de::getActiveFigure [gi::getWindows 46] -point {3.15625 2.74375} -index 0 -intent none]
[15:50:04.26] /o oa:0x255b60c0
[15:50:04.43] /# gi::executeAction deDescend -in [gi::getWindows 46]
[15:50:04.43] /i ide::descend 46 -inPlace false -promptView false -readOnly auto
[15:50:04.43] /# Navigating to project_d_ff/CLOCK_inv/schematic (I0)
[15:50:04.47] /o true
[15:50:06.71] /# gi::executeAction deReturnToTop -in [gi::getWindows 46]
[15:50:06.71] /i de::return [db::getNext [de::getContexts -window 46]] -levels -1
[15:50:06.71] /# Navigating to project_d_ff/CLOCK_INV_TB/schematic
[15:50:06.73] /o oa:0x22372f40
[15:50:07.35] /# gi::executeAction deSelectActive -in [gi::getWindows 46]
[15:50:07.35] /i de::deselectAll [db::getNext [de::getContexts -window 46]]
[15:50:07.36] /i de::deselectAllLogic -context [db::getNext [de::getContexts -window 46]]
[15:50:09.44] /# gi::executeAction seShowConsoleForWindow -in [gi::getWindows 46]
[15:50:09.44] /i sa::showConsole -context [db::getNext [de::getContexts -window 46]]
[15:50:09.46] /r giWindowId 47
[15:50:09.47] /r giWindowGeometry 600x500
[15:50:09.55] /o oa:0x1dce2430
[15:50:09.58] /m Information: Launching Background sae_shell Server Process "cd /home/itsupport/Desktop/lab1vlsi && sae_shell -log sae_shell_session5_job1 -libDefFile /home/itsupport/Desktop/lab1vlsi/lib.defs"
[15:50:10.69] /# gi::executeAction saLoadState -in [gi::getWindows 47]
[15:50:10.69] /i sa::showLoadState -parent 47
[15:50:10.85] /o oa:0x259d52b0
[15:50:10.91] /i gi::setActiveDialog [gi::getDialogs {saShowLoadState} -parent [gi::getWindows 47]]
[15:50:11.17] /i db::setAttr geometry -of [gi::getDialogs {saShowLoadState} -parent [gi::getWindows 47]] -value 603x720+778+424
[15:50:12.06] /m Information: Received ready-for-commands signal from background job 'sae_shell_session5_job1' after 2 seconds.
[15:50:12.07] /i gi::pressButton {/apply} -in [gi::getDialogs {saShowLoadState} -parent [gi::getWindows 47]]
[15:50:12.44] /i gi::pressButton {/ok} -in [gi::getDialogs {saShowLoadState} -parent [gi::getWindows 47]]
[15:50:13.55] /i gi::executeAction menuPreShow -in [gi::getWindows 47]
[15:50:13.55] /r giMenuAccess db::getNext [gi::getMenus saConsoleSimMenu -from [gi::getWindows 47]]
[15:50:14.17] /# gi::executeAction saNetlistAndRun -in [gi::getWindows 47]
[15:50:14.17] /i isa::netlistAndRun -testbench [sa::findActiveTestbench -window 47] -mode overwrite
[15:50:14.20] /r giWindowId 48
[15:50:14.21] /r giWindowGeometry 800x600
[15:50:14.25] /m Information: "Starting incremental netlisting for design "project_d_ff/CLOCK_INV_TB/schematic"..." (NETLISTING-010)
[15:50:14.26] /m Information: 
[15:50:14.26] /o Checking "project_d_ff/CLOCK_INV_TB/schematic"
[15:50:14.26] /o No rule violations found in "project_d_ff/CLOCK_INV_TB/schematic"
[15:50:14.26] /o No Design Integrity rule violations found in "project_d_ff/CLOCK_INV_TB/schematic"
[15:50:14.26] /m Information: 
[15:50:14.26] /o Checking "project_d_ff/CLOCK_inv/schematic"
[15:50:14.26] /o No rule violations found in "project_d_ff/CLOCK_inv/schematic"
[15:50:14.28] /m Information: "project_d_ff CLOCK_inv schematic" renetlisted. (NETLISTING-056)
[15:50:14.28] /m Information: "project_d_ff CLOCK_INV_TB schematic" renetlisted. (NETLISTING-056)
[15:50:14.29] /m Information: "Netlisting design "project_d_ff/CLOCK_INV_TB/schematic" finished successfully." (NETLISTING-012)
[15:50:14.29] /m Information: "Composing simulator input file for design "project_d_ff/CLOCK_INV_TB/schematic"..."
[15:50:14.31] /m Information: "Simulator input file composed successfully for design "project_d_ff/CLOCK_INV_TB/schematic""
[15:50:14.43] /m Information: "Starting HSPICE simulation for design: project_d_ff/CLOCK_INV_TB/schematic"
[15:50:14.43] /# gi::collapse {jobMonitorTable} -index {0.0,0} -in [gi::getWindows 48]
[15:50:14.45] /o 1
[15:50:14.76] /m Information: "Simulation completed successfully for design: project_d_ff/CLOCK_INV_TB/schematic "
[15:50:14.92] /m Information: Launching Background sae_shell Server Process "cd /home/itsupport/Desktop/lab1vlsi && sae_shell -log sae_shell_session5_job2 -libDefFile /home/itsupport/Desktop/lab1vlsi/lib.defs"
[15:50:14.93] /m Information: "Evaluating and plotting outputs..."
[15:50:14.95] /m Information: Launching Waveform Viewer "cd /home/itsupport/simulation/project_d_ff,CLOCK_INV_TB,schematic/history_1/simulation/HSPICE_clock_/HSPICE/nominal/results &&  wv -k -cdesigner -spxkey /usr/synopsys/customcompiler/N-2017.12-SP1-2/auxx/waveform/sae.spxkey -spxrc /tmp/sae_spxrc_QJC8ko -unique_string 9dbaf1e5ad41e50ec4ac300f607c403a15c9c611af414893916e52343c87a980eb2070ad53df9c90309d20b3d6323f0645d960f1d3bee243 -lic_type 1    > /home/itsupport/simulation/project_d_ff,CLOCK_INV_TB,schematic/history_1/simulation/HSPICE_clock_/HSPICE/nominal/results/viewer.log 2>&1"
[15:50:14.95] /i gi::collapse {jobMonitorTable} -index {0.0,0} -in [gi::getWindows 48]
[15:50:15.46] /m Information: Measurement calculations completed for testbench: HSPICE_clock_ in 0s
[15:50:15.85] /j ::wf::WaveView::plotSuccess WaveView_6 {} {_6006d90_void_pp _604ce60_void_pp} 
[15:50:15.86] /j ::wf::WaveView::plotSuccess WaveView_6 {} {_6006d90_void_pp _604cf28_void_pp} 
[15:50:17.46] /m Information: Received ready-for-commands signal from background job 'sae_shell_session5_job2' after 3 seconds.
[16:27:23.19] /m Information: Waveform viewer exited normally.
[16:27:23.37] /e Error: can't read "pendingTasks": no such variable
[16:27:23.56] /e Error: can't read "pendingTasks": no such variable
[16:27:24.14] /i gi::setActiveWindow 47
[16:27:24.15] /i gi::setActiveWindow 47 -raise true
[16:27:26.02] /i gi::executeAction giCloseWindow -in [gi::getWindows 48]
[16:27:26.36] /m Information: Stopped sharing "Custom WaveView" license. (WAVEFORM-111)
[16:27:26.82] /i gi::executeAction giCloseWindow -in [gi::getWindows 47]
[16:27:26.91] /r giDialog gi::setActiveDialog [gi::getDialogs {giPrompt} -parent [gi::getWindows 47]]
[16:27:27.16] /r giDialog db::setAttr geometry -of [gi::getDialogs {giPrompt} -parent [gi::getWindows 47]] -value 292x82+814+573
[16:27:28.22] /r giDialog gi::pressButton {save} -in [gi::getDialogs {giPrompt} -parent [gi::getWindows 47]]
[16:27:28.43] /r giDialog gi::setActiveDialog [gi::getDialogs {saShowSaveState} -parent [gi::getWindows 47]]
[16:27:28.68] /r giDialog db::setAttr geometry -of [gi::getDialogs {saShowSaveState} -parent [gi::getWindows 47]] -value 501x558+710+335
[16:27:30.57] /r giDialog gi::pressButton {/apply} -in [gi::getDialogs {saShowSaveState} -parent [gi::getWindows 47]]
[16:27:30.88] /r giDialog gi::pressButton {/ok} -in [gi::getDialogs {saShowSaveState} -parent [gi::getWindows 47]]
[16:27:30.91] /i gi::setActiveWindow 46
[16:27:30.91] /i gi::setActiveWindow 46 -raise true
[16:27:31.99] /r giDialog gi::setActiveDialog [gi::getDialogs {giCloseFrame}]
[16:27:32.26] /r giDialog db::setAttr geometry -of [gi::getDialogs {giCloseFrame}] -value 299x108+811+560
[16:27:33.24] /r giDialog gi::pressButton {giCloseTabsButton} -in [gi::getDialogs {giCloseFrame}]
[16:27:33.25] /i exit
[16:27:33.34] /r giDialog gi::setActiveDialog [gi::getDialogs {deExitDialog}]
[16:27:33.56] /r giDialog db::setAttr geometry -of [gi::getDialogs {deExitDialog}] -value 419x181+741+465
[16:27:34.22] /r giDialog gi::pressButton {ok} -in [gi::getDialogs {deExitDialog}]
[16:27:34.27] /i gi::setActiveWindow 29
[16:27:34.27] /i gi::setActiveWindow 29 -raise true
[16:27:34.36] /i gi::setActiveWindow 1
[16:27:34.36] /i gi::setActiveWindow 1 -raise true
[16:27:34.54] /o Shutdown time: Sat May 23 16:27:34 2026
[16:27:34.54] /o Elapsed session real time: 39.66 minutes
[16:27:34.54] /o Session terminated. Log is at /home/itsupport/Desktop/lab1vlsi/synopsys_custom/logs/ccompiler.itsupport.2026_5_23_093209_25300.log
[16:27:35.09] /m Information: License 'SAE' checked in. (LICENSE-004)
[16:27:35.09] /e Error: "Following error happened during execution of ::layout_editor::_impl::ADV_checked_in procedure during TCL callback invalid command name "::layout_editor::_impl::ADV_checked_in"" (POSTMAN-005)
[16:27:35.09] /e Error: "Following error happened during execution of ::xt::physicalVerification::_private::onPostFeatureReleased procedure during TCL callback invalid command name "::xt::physicalVerification::_private::onPostFeatureReleased"" (POSTMAN-005)
[16:27:35.09] /e Error: "Following error happened during execution of ::vdrc::voltage_annotation::_private::_onPostFeatureReleasedProc procedure during TCL callback invalid command name "::vdrc::voltage_annotation::_private::_onPostFeatureReleasedProc"" (POSTMAN-005)
[16:27:35.09] /e Error: "Following error happened during execution of ::lx::_impl::onPostFeatureReleased procedure during TCL callback invalid command name "::lx::_impl::onPostFeatureReleased"" (POSTMAN-005)
