[12:22:24.82] /r giWindowId 0
[12:22:24.82] /r giWindowGeometry 600x300
[12:22:24.83] /o 
              /c                                 Custom Compiler 
              /c 
              /c               Version N-2017.12-SP1-2 for linux64 - May 16, 2018 
              /c 
              /c                     Copyright (c) 2004 - 2018 Synopsys, Inc.
              /c    This software and the associated documentation are proprietary to Synopsys,
              /c  Inc. This software may only be used in accordance with the terms and conditions
              /c  of a written license agreement with Synopsys, Inc. All other use, reproduction,
              /c             or distribution of this software is strictly prohibited.
              /c 
              /c Build  (OPT) Config 4182185 compiled on Wed May 16 15:20:56 2018 for RHEL64 6.6
              /c Invocation: /usr/synopsys/customcompiler/N-2017.12-SP1-2/linux64/platform/bin/cdesigner
              /c Execution time: Sun May 24 12:22:22 2026
              /c Host: localhost.localdomain
              /c Working directory: /home/itsupport/Desktop/lab1vlsi
              /c 
[12:22:26.88] /r giShowFrameTabs true
[12:22:26.88] /r giWindowId 1
[12:22:26.88] /r giWindowGeometry 1040x800
[12:22:41.98] /# gi::pressButton {/scroll/scrollArea/scrollAreaInnerWidget/applications/dmLibraryManager} -in [gi::getWindows 1]
[12:22:41.99] /# 
[12:22:41.99] /i dm::openLibraryManager
[12:22:41.99] /r giWindowId 2
[12:22:41.99] /r giWindowGeometry 660x600+50+78
[12:22:42.02] /o oa:0x19489a40
[12:22:44.65] /i gi::setCurrentIndex {libs} -index {new_dff} -in [gi::getWindows 2]
[12:22:44.65] /i gi::setItemSelection {libs} -index {new_dff} -in [gi::getWindows 2]
[12:22:45.36] /i gi::setCurrentIndex {cells} -index {D_latch} -in [gi::getWindows 2]
[12:22:45.37] /i gi::setItemSelection {cells} -index {D_latch} -in [gi::getWindows 2]
[12:22:46.07] /i gi::setCurrentIndex {views} -index {schematic} -in [gi::getWindows 2]
[12:22:46.07] /i gi::setItemSelection {views} -index {schematic} -in [gi::getWindows 2]
[12:22:46.85] /i gi::executeAction dmOpen -in [gi::getWindows 2]
[12:22:46.87] /m Information: License 'Schematic' checked out. (LICENSE-003)
[12:22:46.90] /w Warning: Preference 'leActiveLPP' is deprecated and scheduled for removal in a future release with no replacement. For migration assistance, see the Custom Compiler Tcl Reference Manual. (PREFERENCE-058)
[12:22:46.91] /o 	#######################################
[12:22:46.91] /o 	PDK Library Name	: reference90RF
[12:22:46.91] /o 	PDK Version		: 2.0
[12:22:46.91] /o 	PDK Release Date	: 25-March-2010 
[12:22:46.91] /o 	#######################################
[12:22:46.91] /o 
[12:22:46.94] /r giWindowId 3
[12:22:46.95] /r giWindowGeometry 1632x1020
[12:22:47.11] /m Information: 
[12:22:47.11] /o Checking "new_dff/D_latch/schematic"
[12:22:47.11] /o No rule violations found in "new_dff/D_latch/schematic"
[12:22:47.11] /m Information: Checking process is completed: marking the design violations
[12:22:47.11] /m Information: Marking of designs is completed
[12:22:48.69] /# gi::executeAction deFitEdit -in [gi::getWindows 3]
[12:22:48.69] /i de::fit -window 3 -fitEdit true
[12:22:48.69] /o {-1.3625 -3.475} {8.44375 4.75}
[12:22:50.51] /i db::setAttr maximized -of [gi::getFrames 1] -value true
[12:22:50.81] /i db::setAttr dockSize -of [gi::getAssistants dePropertyEditor -from [gi::getWindows 3]] -value 290x839
[12:22:50.81] /i db::setAttr dockSize -of [gi::getAssistants giConsole -from [gi::getWindows 3]] -value 1867x89
[12:22:50.88] /i db::setAttr geometry -of [gi::getFrames 1] -value 1910x1101+5+56
[12:22:51.65] /# gi::executeAction deCanvasZoomInAtPoint -in [gi::getWindows 3]
[12:22:51.65] /i de::zoom -window [gi::getWindows 3] -factor 2.0 -center {0.58125 2.91875}
[12:22:51.65] /o {-0.3875 -2.2125} {10.59375 3.83125}
[12:22:52.03] /# gi::executeAction deFitEdit -in [gi::getWindows 3]
[12:22:52.03] /i de::fit -window 3 -fitEdit true
[12:22:52.03] /o {-3.925 -3.475} {11.00625 4.75}
[12:22:52.68] /# gi::executeAction deCanvasZoomInAtPoint -in [gi::getWindows 3]
[12:22:52.68] /i de::zoom -window [gi::getWindows 3] -factor 2.0 -center {3.6375 1.68125}
[12:22:52.68] /o {-0.14375 -0.89375} {7.325 3.2125}
[12:22:53.21] /# gi::executeAction deCanvasZoomInAtPoint -in [gi::getWindows 3]
[12:22:53.21] /i de::zoom -window [gi::getWindows 3] -factor 2.0 -center {3.5625 2.08125}
[12:22:53.21] /o {1.70625 0.59375} {5.44375 2.65}
[12:22:53.54] /# gi::executeAction deFitEdit -in [gi::getWindows 3]
[12:22:53.54] /i de::fit -window 3 -fitEdit true
[12:22:53.55] /o {-3.925 -3.475} {11.00625 4.75}
[12:22:54.15] /# gi::executeAction deCanvasZoomInAtPoint -in [gi::getWindows 3]
[12:22:54.15] /i de::zoom -window [gi::getWindows 3] -factor 2.0 -center {3.94375 2.8875}
[12:22:54.15] /o {0.00625 -0.29375} {7.475 3.81875}
[12:23:18.33] /# gi::executeAction deFitEdit -in [gi::getWindows 3]
[12:23:18.33] /i de::fit -window 3 -fitEdit true
[12:23:18.33] /o {-3.925 -3.475} {11.00625 4.75}
[12:23:19.01] /# gi::executeAction deCanvasZoomInAtPoint -in [gi::getWindows 3]
[12:23:19.01] /i de::zoom -window [gi::getWindows 3] -factor 2.0 -center {6.0625 3.1625}
[12:23:19.01] /o {1.06875 -0.15625} {8.5375 3.95625}
[12:23:19.52] /# gi::executeAction deFitEdit -in [gi::getWindows 3]
[12:23:19.52] /i de::fit -window 3 -fitEdit true
[12:23:19.52] /o {-3.925 -3.475} {11.00625 4.75}
[12:23:19.93] /# gi::executeAction deCanvasZoomInAtPoint -in [gi::getWindows 3]
[12:23:19.93] /i de::zoom -window [gi::getWindows 3] -factor 2.0 -center {3.24375 3.74375}
[12:23:19.93] /o {-0.34375 0.1375} {7.125 4.24375}
[12:23:29.75] /# gi::executeAction deCanvasZoomOutAtPoint -in [gi::getWindows 3]
[12:23:29.75] /i de::zoom -window [gi::getWindows 3] -factor 0.5 -center {2.9875 2.425}
[12:23:29.75] /o {-3.66875 -2.15625} {11.2625 6.06875}
[12:23:30.23] /i gi::executeAction deCanvasDragCancel -in [gi::getWindows 3]
[12:23:31.38] /i gi::executeAction deCanvasDragSelect -in [gi::getWindows 3]
[12:23:31.38] /r deCanvasDragStart 0.01875 4.88125
[12:23:31.74] /# gi::executeAction deCanvasDragEnd -in [gi::getWindows 3]
[12:23:31.74] /i gi::executeAction deCanvasDragEnd -in [gi::getWindows 3]
[12:23:31.74] /r deCanvasDragEnd 2.6125 4.03125
[12:23:32.06] /# gi::executeAction deSelectActive -in [gi::getWindows 3]
[12:23:32.06] /i de::deselectAllLogic -context [db::getNext [de::getContexts -window 3]]
[12:23:33.19] /i gi::executeAction deCanvasDragSelect -in [gi::getWindows 3]
[12:23:33.19] /r deCanvasDragStart 1.275 5.19375
[12:23:33.94] /# gi::executeAction deCanvasDragEnd -in [gi::getWindows 3]
[12:23:33.94] /i gi::executeAction deCanvasDragEnd -in [gi::getWindows 3]
[12:23:33.94] /r deCanvasDragEnd 6.1375 -0.1375
[12:23:35.26] /# gi::executeAction deSelectActive -in [gi::getWindows 3]
[12:23:35.26] /i de::deselectAll [db::getNext [de::getContexts -window 3]]
[12:23:35.26] /i de::deselectAllLogic -context [db::getNext [de::getContexts -window 3]]
[12:23:35.63] /i gi::executeAction deCanvasDragSelect -in [gi::getWindows 3]
[12:23:35.64] /r deCanvasDragStart 6.1375 -0.1375
[12:23:36.39] /# gi::executeAction deCanvasDragEnd -in [gi::getWindows 3]
[12:23:36.39] /i gi::executeAction deCanvasDragEnd -in [gi::getWindows 3]
[12:23:36.39] /r deCanvasDragEnd 2.15625 4.85
[12:23:37.20] /# gi::executeAction seDelete -in [gi::getWindows 3]
[12:23:37.20] /i ise::delete
[12:23:37.59] /i gi::executeAction deCanvasDragCancel -in [gi::getWindows 3]
[12:23:38.63] /# gi::executeAction deSelectActive -in [gi::getWindows 3]
[12:23:38.63] /i de::deselectAllLogic -context [db::getNext [de::getContexts -window 3]]
[12:23:39.02] /# gi::executeAction deSelectActive -in [gi::getWindows 3]
[12:23:39.02] /i de::deselectAll [db::getNext [de::getContexts -window 3]]
[12:23:39.02] /i de::select [de::getActiveFigure [gi::getWindows 3] -point {2.15 3.75} -index 0 -intent none]
[12:23:39.02] /o oa:0x1e5ad9e0
[12:23:39.67] /# gi::executeAction seDelete -in [gi::getWindows 3]
[12:23:39.67] /i ise::delete
[12:23:40.32] /# gi::executeAction deSelectActive -in [gi::getWindows 3]
[12:23:40.32] /i de::deselectAll [db::getNext [de::getContexts -window 3]]
[12:23:40.32] /i de::select [de::getActiveFigure [gi::getWindows 3] -point {2.0125 3.00625} -index 0 -intent none]
[12:23:40.32] /o oa:0x1daa4740
[12:23:40.46] /# gi::executeAction seDelete -in [gi::getWindows 3]
[12:23:40.46] /i ise::delete
[12:23:41.03] /# gi::executeAction deSelectActive -in [gi::getWindows 3]
[12:23:41.03] /i de::deselectAll [db::getNext [de::getContexts -window 3]]
[12:23:41.03] /i de::select [de::getActiveFigure [gi::getWindows 3] -point {1.80625 2.38125} -index 0 -intent none]
[12:23:41.03] /o oa:0x1e98a640
[12:23:41.17] /# gi::executeAction seDelete -in [gi::getWindows 3]
[12:23:41.17] /i ise::delete
[12:23:43.37] /i de::undoTransaction -design [db::getAttr editDesign -of [de::getContexts -window 3]] -steps 1
[12:23:43.68] /i gi::executeAction deCanvasDragCancel -in [gi::getWindows 3]
[12:23:43.87] /# gi::executeAction deCanvasZoomInAtPoint -in [gi::getWindows 3]
[12:23:43.87] /i de::zoom -window [gi::getWindows 3] -factor 2.0 -center {1.6625 0.65625}
[12:23:43.87] /o {-1.00625 -0.75} {6.4625 3.3625}
[12:23:43.96] /# gi::executeAction deCanvasZoomInAtPoint -in [gi::getWindows 3]
[12:23:43.96] /i de::zoom -window [gi::getWindows 3] -factor 2.0 -center {1.68125 0.7125}
[12:23:43.96] /o {0.3375 -0.01875} {4.075 2.0375}
[12:23:44.56] /# gi::executeAction deSelectActive -in [gi::getWindows 3]
[12:23:44.56] /i de::deselectAll [db::getNext [de::getContexts -window 3]]
[12:23:44.56] /i de::select [de::getActiveFigure [gi::getWindows 3] -point {2.26875 0.86875} -index 0 -intent none]
[12:23:44.57] /o oa:0x16f73a40
[12:23:45.11] /# gi::executeAction seDelete -in [gi::getWindows 3]
[12:23:45.11] /i ise::delete
[12:23:45.25] /# gi::executeAction deFitEdit -in [gi::getWindows 3]
[12:23:45.25] /i de::fit -window 3 -fitEdit true
[12:23:45.25] /o {-3.45625 -3.45} {10.5375 4.2625}
[12:23:46.62] /# gi::executeAction seCreateInst -in [gi::getWindows 3]
[12:23:46.62] /i ise::createInst
[12:23:46.67] /i gi::setActiveDialog [gi::getDialogs {seCreateInst} -parent [gi::getWindows 3]]
[12:23:46.93] /i db::setAttr geometry -of [gi::getDialogs {seCreateInst}] -value 359x337+0+65
[12:23:47.48] /# gi::executeAction deAbortCommand -in [gi::getWindows 3]
[12:23:47.48] /i de::abortCommand -context [db::getNext [de::getContexts -window 3]]
[12:23:48.48] /i gi::executeAction deCanvasDragCancel -in [gi::getWindows 3]
[12:23:48.74] /# gi::executeAction deSelectActive -in [gi::getWindows 3]
[12:23:48.74] /i de::deselectAll [db::getNext [de::getContexts -window 3]]
[12:23:48.74] /i de::select [de::getActiveFigure [gi::getWindows 3] -point {3.6625 -1.05} -index 0 -intent none]
[12:23:48.74] /o oa:0x1e47a7f0
[12:23:48.93] /# gi::executeAction seCopy -in [gi::getWindows 3]
[12:23:48.93] /i ise::copy
[12:23:49.23] /# gi::executeAction deAddPoint -in [gi::getWindows 3]
[12:23:49.23] /i de::addPoint {3.6625 -1.05} -context [db::getNext [de::getContexts -window 3]]
[12:23:49.71] /# gi::executeAction deAddPoint -in [gi::getWindows 3]
[12:23:49.71] /i de::addPoint {3.3875 2.5375} -context [db::getNext [de::getContexts -window 3]]
[12:23:49.78] /i gi::executeAction deCanvasDragCancel -in [gi::getWindows 3]
[12:23:50.55] /# gi::executeAction deSelectActive -in [gi::getWindows 3]
[12:23:50.55] /i de::deselectAll [db::getNext [de::getContexts -window 3]]
[12:23:50.55] /i de::select [de::getActiveFigure [gi::getWindows 3] -point {3.63125 -2.3625} -index 0 -intent none]
[12:23:50.55] /o oa:0x1ea6da30
[12:23:50.62] /# gi::executeAction seCopy -in [gi::getWindows 3]
[12:23:50.62] /i ise::copy
[12:23:50.84] /# gi::executeAction deAddPoint -in [gi::getWindows 3]
[12:23:50.84] /i de::addPoint {3.63125 -2.3625} -context [db::getNext [de::getContexts -window 3]]
[12:23:51.45] /# gi::executeAction deAddPoint -in [gi::getWindows 3]
[12:23:51.45] /i de::addPoint {4.275 2.5125} -context [db::getNext [de::getContexts -window 3]]
[12:23:51.57] /i gi::executeAction deCanvasDragCancel -in [gi::getWindows 3]
[12:23:52.17] /# gi::executeAction deSelectActive -in [gi::getWindows 3]
[12:23:52.17] /i de::deselectAll [db::getNext [de::getContexts -window 3]]
[12:23:52.17] /i de::select [de::getActiveFigure [gi::getWindows 3] -point {3.65 -1.09375} -index 0 -intent none]
[12:23:52.17] /o oa:0x1e4e6d60
[12:23:56.61] /# gi::executeAction deSelectActive -in [gi::getWindows 3]
[12:23:56.61] /i de::deselectAll [db::getNext [de::getContexts -window 3]]
[12:23:56.61] /i de::select [de::getActiveFigure [gi::getWindows 3] -point {3.6 -2.26875} -index 0 -intent none]
[12:23:56.61] /o oa:0x1e5ee330
[12:23:57.33] /# gi::executeAction deSelectActive -in [gi::getWindows 3]
[12:23:57.33] /i de::deselectAll [db::getNext [de::getContexts -window 3]]
[12:23:57.33] /i de::deselectAllLogic -context [db::getNext [de::getContexts -window 3]]
[12:23:58.13] /# gi::executeAction deFitEdit -in [gi::getWindows 3]
[12:23:58.13] /i de::fit -window 3 -fitEdit true
[12:23:58.13] /o {-3.45625 -3.45} {10.5375 4.2625}
[12:23:58.85] /# gi::executeAction deSelectActive -in [gi::getWindows 3]
[12:23:58.85] /i de::deselectAll [db::getNext [de::getContexts -window 3]]
[12:23:58.85] /i de::select [de::getActiveFigure [gi::getWindows 3] -point {3.6 -1.05} -index 0 -intent none]
[12:23:58.85] /o oa:0x16f76380
[12:23:59.47] /# gi::executeAction seDelete -in [gi::getWindows 3]
[12:23:59.47] /i ise::delete
[12:24:00.19] /i gi::executeAction deCanvasDragCancel -in [gi::getWindows 3]
[12:24:00.66] /# gi::executeAction deSelectActive -in [gi::getWindows 3]
[12:24:00.66] /i de::deselectAll [db::getNext [de::getContexts -window 3]]
[12:24:00.66] /i de::select [de::getActiveFigure [gi::getWindows 3] -point {3.63125 -2.28125} -index 0 -intent none]
[12:24:00.66] /o oa:0x1e5f3a00
[12:24:01.15] /# gi::executeAction seDelete -in [gi::getWindows 3]
[12:24:01.15] /i ise::delete
[12:24:01.31] /i gi::executeAction deCanvasDragCancel -in [gi::getWindows 3]
[12:24:02.47] /# gi::executeAction seCreateInst -in [gi::getWindows 3]
[12:24:02.47] /i ise::createInst
[12:24:02.52] /i gi::setActiveDialog [gi::getDialogs {seCreateInst} -parent [gi::getWindows 3]]
[12:24:02.81] /i db::setAttr geometry -of [gi::getDialogs {seCreateInst}] -value 359x337+0+65
[12:24:05.32] /i gi::setField {instMasterLib} -value {project_d_ff} -in [gi::getDialogs {seCreateInst} -parent [gi::getWindows 3]]
[12:24:05.61] /i db::setAttr geometry -of [gi::getDialogs {seCreateInst}] -value 359x337+0+65
[12:24:08.39] /w Warning: Conflicting definitions for ConstraintDef contactRes were read. These constraints will not be available.
[12:24:08.39] /w Warning: Conflicting definitions for ConstraintDef areaCap were read. These constraints will not be available.
[12:24:08.39] /w Warning: Conflicting definitions for ConstraintDef edgeCapacitance were read. These constraints will not be available.
[12:24:08.39] /w Warning: Conflicting definitions for ConstraintDef sheetRes were read. These constraints will not be available.
[12:24:08.41] /i gi::setField {instMasterCell} -value {CLOCK_inv} -in [gi::getDialogs {seCreateInst} -parent [gi::getWindows 3]]
[12:24:08.72] /i db::setAttr geometry -of [gi::getDialogs {seCreateInst}] -value 359x337+0+65
[12:24:09.19] /# gi::executeAction deAddPoint -in [gi::getWindows 3]
[12:24:09.19] /i de::addPoint {2.8875 -0.85625} -context [db::getNext [de::getContexts -window 3]]
[12:24:09.33] /# gi::executeAction deAbortCommand -in [gi::getWindows 3]
[12:24:09.33] /i de::abortCommand -context [db::getNext [de::getContexts -window 3]]
[12:24:11.28] /# gi::executeAction deSelectActive -in [gi::getWindows 3]
[12:24:11.28] /i de::deselectAll [db::getNext [de::getContexts -window 3]]
[12:24:11.28] /i de::select [de::getActiveFigure [gi::getWindows 3] -point {1.525 -1.7625} -index 0 -intent none]
[12:24:11.28] /o oa:0x1e5511d0
[12:24:11.61] /# gi::executeAction seButton1DragStart -in [gi::getWindows 3]
[12:24:11.62] /i ise::stretch -point {1.5 -1.75}
[12:24:12.36] /# gi::executeAction deEndDrag -in [gi::getWindows 3]
[12:24:12.36] /i de::endDrag {-2.25625 0.01875} -context [db::getNext [de::getContexts -window 3]]
[12:24:13.65] /# gi::executeAction deSelectActive -in [gi::getWindows 3]
[12:24:13.65] /i de::deselectAll [db::getNext [de::getContexts -window 3]]
[12:24:13.65] /i de::select [de::getActiveFigure [gi::getWindows 3] -point {3.01875 -1.74375} -index 0 -intent none]
[12:24:13.65] /o oa:0x1ea354d0
[12:24:14.19] /# gi::executeAction seDelete -in [gi::getWindows 3]
[12:24:14.19] /i ise::delete
[12:24:14.45] /i gi::executeAction deCanvasDragCancel -in [gi::getWindows 3]
[12:24:15.47] /# gi::executeAction deSelectActive -in [gi::getWindows 3]
[12:24:15.47] /i de::deselectAll [db::getNext [de::getContexts -window 3]]
[12:24:15.47] /i de::select [de::getActiveFigure [gi::getWindows 3] -point {-2.175 -1.71875} -index 0 -intent none]
[12:24:15.47] /o oa:0x1e591980
[12:24:15.81] /# gi::executeAction seButton1DragStart -in [gi::getWindows 3]
[12:24:15.81] /i ise::stretch -point {-2.1875 -1.75}
[12:24:18.09] /# gi::executeAction deEndDrag -in [gi::getWindows 3]
[12:24:18.09] /i de::endDrag {1.35 -0.3} -context [db::getNext [de::getContexts -window 3]]
[12:24:19.20] /# gi::executeAction seButton1DragStart -in [gi::getWindows 3]
[12:24:19.20] /i ise::stretch -object [de::getActiveFigure [gi::getWindows 3] -point {-2.21875 0.01875} -index 0 -intent none] -point {-2.25 0}
[12:24:20.57] /# gi::executeAction deEndDrag -in [gi::getWindows 3]
[12:24:20.57] /i de::endDrag {0.5625 -0.29375} -context [db::getNext [de::getContexts -window 3]]
[12:24:21.63] /# gi::executeAction deCanvasZoomInAtPoint -in [gi::getWindows 3]
[12:24:21.63] /i de::zoom -window [gi::getWindows 3] -factor 2.0 -center {4.775 -1.10625}
[12:24:21.63] /o {0.65625 -2.275} {7.65625 1.575}
[12:24:22.31] /# gi::executeAction deSelectActive -in [gi::getWindows 3]
[12:24:22.31] /i de::deselectAll [db::getNext [de::getContexts -window 3]]
[12:24:22.31] /i de::select [de::getActiveFigure [gi::getWindows 3] -point {4.14375 -0.96875} -index 0 -intent none]
[12:24:22.31] /o oa:0x1ee48570
[12:24:23.00] /# gi::executeAction seDelete -in [gi::getWindows 3]
[12:24:23.00] /i ise::delete
[12:24:23.63] /# gi::executeAction deSelectActive -in [gi::getWindows 3]
[12:24:23.63] /i de::deselectAll [db::getNext [de::getContexts -window 3]]
[12:24:23.63] /i de::select [de::getActiveFigure [gi::getWindows 3] -point {4.4 -0.55625} -index 0 -intent none]
[12:24:23.63] /o oa:0x1e9fd650
[12:24:23.86] /# gi::executeAction seDelete -in [gi::getWindows 3]
[12:24:23.86] /i ise::delete
[12:24:24.36] /# gi::executeAction deSelectActive -in [gi::getWindows 3]
[12:24:24.36] /i de::deselectAllLogic -context [db::getNext [de::getContexts -window 3]]
[12:24:25.05] /i gi::executeAction deCanvasDragSelect -in [gi::getWindows 3]
[12:24:25.05] /r deCanvasDragStart 3.5875 0.125
[12:24:25.28] /# gi::executeAction deCanvasDragEnd -in [gi::getWindows 3]
[12:24:25.28] /i gi::executeAction deCanvasDragEnd -in [gi::getWindows 3]
[12:24:25.28] /r deCanvasDragEnd 4.75 -1.2125
[12:24:25.57] /# gi::executeAction seDelete -in [gi::getWindows 3]
[12:24:25.57] /i ise::delete
[12:24:26.26] /# gi::executeAction deSelectActive -in [gi::getWindows 3]
[12:24:26.26] /i de::deselectAllLogic -context [db::getNext [de::getContexts -window 3]]
[12:24:26.28] /# gi::executeAction seDelete -in [gi::getWindows 3]
[12:24:26.28] /i ise::delete
[12:24:26.83] /# gi::executeAction deCanvasZoomOutAtPoint -in [gi::getWindows 3]
[12:24:26.83] /i de::zoom -window [gi::getWindows 3] -factor 0.5 -center {3.4 -0.93125}
[12:24:26.83] /o {-2.08125 -3.625} {11.9125 4.0875}
[12:24:27.61] /# gi::executeAction deStartDrag -in [gi::getWindows 3]
[12:24:27.61] /i de::startDrag {3.24375 -0.86875} -context [db::getNext [de::getContexts -window 3]]
[12:24:27.95] /# gi::executeAction deEndDrag -in [gi::getWindows 3]
[12:24:27.95] /i de::endDrag {4.76875 -3.78125} -context [db::getNext [de::getContexts -window 3]]
[12:24:28.42] /# gi::executeAction seDelete -in [gi::getWindows 3]
[12:24:28.42] /i ise::delete
[12:24:28.95] /# gi::executeAction deAbortCommand -in [gi::getWindows 3]
[12:24:28.95] /i de::abortCommand -context [db::getNext [de::getContexts -window 3]]
[12:24:30.10] /# gi::executeAction deSelectActive -in [gi::getWindows 3]
[12:24:30.10] /i de::deselectAllLogic -context [db::getNext [de::getContexts -window 3]]
[12:24:30.55] /# gi::executeAction deSelectActive -in [gi::getWindows 3]
[12:24:30.55] /i de::deselectAll [db::getNext [de::getContexts -window 3]]
[12:24:30.55] /i de::select [de::getActiveFigure [gi::getWindows 3] -point {4.93125 -1.75} -index 0 -intent none]
[12:24:30.55] /o oa:0x1d4fbe50
[12:24:30.97] /# gi::executeAction seButton1DragStart -in [gi::getWindows 3]
[12:24:30.97] /i ise::stretch -point {4.9375 -1.75}
[12:24:32.38] /# gi::executeAction deEndDrag -in [gi::getWindows 3]
[12:24:32.38] /i de::endDrag {4.0625 -0.31875} -context [db::getNext [de::getContexts -window 3]]
[12:24:32.83] /# gi::executeAction deSelectActive -in [gi::getWindows 3]
[12:24:32.83] /i de::deselectAll [db::getNext [de::getContexts -window 3]]
[12:24:32.83] /i de::deselectAllLogic -context [db::getNext [de::getContexts -window 3]]
[12:24:33.00] /# gi::executeAction deFitEdit -in [gi::getWindows 3]
[12:24:33.00] /i de::fit -window 3 -fitEdit true
[12:24:33.00] /o {-1.2 -1.075} {8.2625 4.1375}
[12:24:33.92] /i gi::executeAction deCanvasDragSelect -in [gi::getWindows 3]
[12:24:33.92] /r deCanvasDragStart -0.29375 0.61875
[12:24:34.35] /# gi::executeAction deCanvasDragEnd -in [gi::getWindows 3]
[12:24:34.35] /i gi::executeAction deCanvasDragEnd -in [gi::getWindows 3]
[12:24:34.35] /r deCanvasDragEnd 5.8625 -0.98125
[12:24:34.82] /# gi::executeAction deSelectActive -in [gi::getWindows 3]
[12:24:34.82] /i de::deselectAll [db::getNext [de::getContexts -window 3]]
[12:24:34.83] /i de::deselectAllLogic -context [db::getNext [de::getContexts -window 3]]
[12:24:36.40] /i gi::executeAction deSaveDesign -in [gi::getWindows 3]
[12:24:36.40] /m Information: Saving design 'new_dff D_latch schematic'. (DESIGN_WINDOW-004)
[12:24:38.67] /i gi::executeAction deCanvasDragCancel -in [gi::getWindows 3]
[12:24:39.13] /# gi::executeAction deSelectActive -in [gi::getWindows 3]
[12:24:39.13] /i de::deselectAll [db::getNext [de::getContexts -window 3]]
[12:24:39.13] /i de::select [de::getActiveFigure [gi::getWindows 3] -point {3.3875 2.60625} -index 0 -intent none]
[12:24:39.13] /o oa:0x1e423fa0
[12:24:39.65] /# gi::executeAction seCopy -in [gi::getWindows 3]
[12:24:39.65] /i ise::copy
[12:24:39.88] /# gi::executeAction deAddPoint -in [gi::getWindows 3]
[12:24:39.88] /i de::addPoint {3.3875 2.60625} -context [db::getNext [de::getContexts -window 3]]
[12:24:40.36] /# gi::executeAction deAddPoint -in [gi::getWindows 3]
[12:24:40.36] /i de::addPoint {2.29375 3.5625} -context [db::getNext [de::getContexts -window 3]]
[12:24:40.56] /i gi::executeAction deCanvasDragCancel -in [gi::getWindows 3]
[12:24:41.10] /# gi::executeAction deSelectActive -in [gi::getWindows 3]
[12:24:41.10] /i de::deselectAll [db::getNext [de::getContexts -window 3]]
[12:24:41.10] /i de::select [de::getActiveFigure [gi::getWindows 3] -point {4.20625 2.6125} -index 0 -intent none]
[12:24:41.10] /o oa:0x1e957f40
[12:24:43.92] /# gi::executeAction seCopy -in [gi::getWindows 3]
[12:24:43.92] /i ise::copy
[12:24:44.13] /# gi::executeAction deAddPoint -in [gi::getWindows 3]
[12:24:44.13] /i de::addPoint {4.28125 2.64375} -context [db::getNext [de::getContexts -window 3]]
[12:24:45.22] /# gi::executeAction deAddPoint -in [gi::getWindows 3]
[12:24:45.22] /i de::addPoint {3.2875 3.6} -context [db::getNext [de::getContexts -window 3]]
[12:24:45.43] /i gi::executeAction deCanvasDragCancel -in [gi::getWindows 3]
[12:24:45.83] /# gi::executeAction deSelectActive -in [gi::getWindows 3]
[12:24:45.83] /i de::deselectAll [db::getNext [de::getContexts -window 3]]
[12:24:45.83] /i de::select [de::getActiveFigure [gi::getWindows 3] -point {2.2375 3.58125} -index 0 -intent none]
[12:24:45.83] /o oa:0x1e689a60
[12:24:48.65] /# gi::executeAction seRotateCCWCenter -in [gi::getWindows 3]
[12:24:48.65] /i se::move [de::getSelected -design [db::getAttr editDesign -of [db::getNext [de::getContexts -window 3]]]]  -rotate R90
[12:24:49.13] /# gi::executeAction seRotateCCWCenter -in [gi::getWindows 3]
[12:24:49.13] /i se::move [de::getSelected -design [db::getAttr editDesign -of [db::getNext [de::getContexts -window 3]]]]  -rotate R90
[12:24:49.28] /# gi::executeAction seRotateCCWCenter -in [gi::getWindows 3]
[12:24:49.28] /i se::move [de::getSelected -design [db::getAttr editDesign -of [db::getNext [de::getContexts -window 3]]]]  -rotate R90
[12:24:49.76] /# gi::executeAction deFitEdit -in [gi::getWindows 3]
[12:24:49.76] /i de::fit -window 3 -fitEdit true
[12:24:49.76] /o {-1.3375 -1.08125} {8.4 4.28125}
[12:24:50.27] /# gi::executeAction deSelectActive -in [gi::getWindows 3]
[12:24:50.27] /i de::deselectAll [db::getNext [de::getContexts -window 3]]
[12:24:50.27] /i de::deselectAllLogic -context [db::getNext [de::getContexts -window 3]]
[12:24:50.69] /# gi::executeAction deSelectActive -in [gi::getWindows 3]
[12:24:50.69] /i de::deselectAll [db::getNext [de::getContexts -window 3]]
[12:24:50.69] /i de::select [de::getActiveFigure [gi::getWindows 3] -point {3.2375 3.68125} -index 0 -intent none]
[12:24:50.69] /o oa:0x1ecd9a50
[12:24:51.08] /# gi::executeAction seButton1DragStart -in [gi::getWindows 3]
[12:24:51.08] /i ise::stretch -point {3.25 3.6875}
[12:24:51.53] /# gi::executeAction deEndDrag -in [gi::getWindows 3]
[12:24:51.53] /i de::endDrag {2.40625 2.8} -context [db::getNext [de::getContexts -window 3]]
[12:24:53.49] /# gi::executeAction seRotateCCWCenter -in [gi::getWindows 3]
[12:24:53.49] /i se::move [de::getSelected -design [db::getAttr editDesign -of [db::getNext [de::getContexts -window 3]]]]  -rotate R90
[12:24:53.63] /# gi::executeAction seRotateCCWCenter -in [gi::getWindows 3]
[12:24:53.63] /i se::move [de::getSelected -design [db::getAttr editDesign -of [db::getNext [de::getContexts -window 3]]]]  -rotate R90
[12:24:53.75] /# gi::executeAction seRotateCCWCenter -in [gi::getWindows 3]
[12:24:53.75] /i se::move [de::getSelected -design [db::getAttr editDesign -of [db::getNext [de::getContexts -window 3]]]]  -rotate R90
[12:24:54.15] /# gi::executeAction seRotateCCWCenter -in [gi::getWindows 3]
[12:24:54.15] /i se::move [de::getSelected -design [db::getAttr editDesign -of [db::getNext [de::getContexts -window 3]]]]  -rotate R90
[12:24:54.38] /# gi::executeAction seRotateCCWCenter -in [gi::getWindows 3]
[12:24:54.38] /i se::move [de::getSelected -design [db::getAttr editDesign -of [db::getNext [de::getContexts -window 3]]]]  -rotate R90
[12:24:55.93] /# gi::executeAction seButton1DragStart -in [gi::getWindows 3]
[12:24:55.93] /i ise::stretch -point {2.4375 2.625}
[12:24:56.78] /# gi::executeAction deEndDrag -in [gi::getWindows 3]
[12:24:56.78] /i de::endDrag {2.35 2.7125} -context [db::getNext [de::getContexts -window 3]]
[12:25:10.05] /# gi::executeAction deCanvasZoomInAtPoint -in [gi::getWindows 3]
[12:25:10.05] /i de::zoom -window [gi::getWindows 3] -factor 2.0 -center {2.33125 3.58125}
[12:25:10.05] /o {0.5 1.25} {5.3625 3.93125}
[12:25:10.44] /# gi::executeAction deCanvasZoomInAtPoint -in [gi::getWindows 3]
[12:25:10.44] /i de::zoom -window [gi::getWindows 3] -factor 2.0 -center {2.31875 3.4625}
[12:25:10.44] /o {1.40625 2.35625} {3.84375 3.69375}
[12:25:22.41] /# gi::executeAction deCanvasZoomOutAtPoint -in [gi::getWindows 3]
[12:25:22.41] /i de::zoom -window [gi::getWindows 3] -factor 0.5 -center {2.3625 2.7125}
[12:25:22.41] /o {0.45625 2.0} {5.31875 4.68125}
[12:26:54.84] /# gi::executeAction deCanvasZoomOutAtPoint -in [gi::getWindows 3]
[12:26:54.84] /i de::zoom -window [gi::getWindows 3] -factor 0.5 -center {1.31875 3.16875}
[12:26:54.84] /o {-0.4125 0.83125} {9.325 6.19375}
[12:26:55.44] /# gi::executeAction deCanvasZoomInAtPoint -in [gi::getWindows 3]
[12:26:55.44] /i de::zoom -window [gi::getWindows 3] -factor 2.0 -center {0.33125 2.74375}
[12:26:55.45] /o {-0.0375 1.7875} {4.825 4.46875}
[12:26:55.85] /# gi::executeAction deCanvasZoomOutAtPoint -in [gi::getWindows 3]
[12:26:55.85] /i de::zoom -window [gi::getWindows 3] -factor 0.5 -center {0.33125 2.74375}
[12:26:55.85] /o {-0.4125 0.83125} {9.325 6.19375}
[12:26:56.08] /# gi::executeAction deCanvasZoomOutAtPoint -in [gi::getWindows 3]
[12:26:56.08] /i de::zoom -window [gi::getWindows 3] -factor 0.5 -center {0.33125 2.70625}
[12:26:56.08] /o {-1.15625 -1.04375} {18.31875 9.68125}
[12:26:57.39] /# gi::executeAction deCanvasZoomInAtPoint -in [gi::getWindows 3]
[12:26:57.39] /i de::zoom -window [gi::getWindows 3] -factor 2.0 -center {1.53125 2.44375}
[12:26:57.39] /o {0.1875 0.7} {9.925 6.0625}
[12:26:58.22] /i gi::executeAction deCanvasDragSelect -in [gi::getWindows 3]
[12:26:58.22] /r deCanvasDragStart 1.71875 4.05
[12:26:58.70] /# gi::executeAction deCanvasDragEnd -in [gi::getWindows 3]
[12:26:58.70] /i gi::executeAction deCanvasDragEnd -in [gi::getWindows 3]
[12:26:58.70] /r deCanvasDragEnd 2.83125 2.25625
[12:26:59.03] /i gi::executeAction deCanvasDragCancel -in [gi::getWindows 3]
[12:26:59.31] /# gi::executeAction deSelectActive -in [gi::getWindows 3]
[12:26:59.31] /i de::deselectAll [db::getNext [de::getContexts -window 3]]
[12:26:59.31] /i de::deselectAllLogic -context [db::getNext [de::getContexts -window 3]]
[12:27:10.94] /i gi::executeAction deCanvasDragCancel -in [gi::getWindows 3]
[12:27:11.68] /# gi::executeAction deSelectActive -in [gi::getWindows 3]
[12:27:11.68] /i de::deselectAll [db::getNext [de::getContexts -window 3]]
[12:27:11.68] /i de::select [de::getActiveFigure [gi::getWindows 3] -point {2.29375 2.725} -index 0 -intent none]
[12:27:11.68] /o oa:0x1d50ee60
[12:27:12.97] /i gi::setItemSelection {parameters} -index {w,all} -in [gi::getAssistants dePropertyEditor -from [gi::getWindows 3]]
[12:27:12.97] /i gi::setCurrentIndex {parameters} -index {w,Value} -in [gi::getAssistants dePropertyEditor -from [gi::getWindows 3]]
[12:27:16.22] /i gi::setField {parameters} -value {0.18u} -index {w,Value} -in [gi::getAssistants dePropertyEditor -from [gi::getWindows 3]]
[12:27:16.22] /i gi::executeAction dePropertyEditorApplyChanges -in [gi::getAssistants dePropertyEditor -from [gi::getWindows 3]]
[12:27:18.73] /# gi::executeAction deSelectActive -in [gi::getWindows 3]
[12:27:18.73] /i de::deselectAll [db::getNext [de::getContexts -window 3]]
[12:27:18.74] /i de::select [de::getActiveFigure [gi::getWindows 3] -point {2.475 3.51875} -index 0 -intent none]
[12:27:18.74] /o oa:0x1f29daf0
[12:27:19.42] /i gi::setItemSelection {parameters} -index {w,all} -in [gi::getAssistants dePropertyEditor -from [gi::getWindows 3]]
[12:27:19.43] /i gi::setCurrentIndex {parameters} -index {w,Value} -in [gi::getAssistants dePropertyEditor -from [gi::getWindows 3]]
[12:27:21.44] /i gi::setField {parameters} -value {0.42u} -index {w,Value} -in [gi::getAssistants dePropertyEditor -from [gi::getWindows 3]]
[12:27:21.44] /i gi::executeAction dePropertyEditorApplyChanges -in [gi::getAssistants dePropertyEditor -from [gi::getWindows 3]]
[12:27:22.44] /# gi::executeAction deSelectActive -in [gi::getWindows 3]
[12:27:22.44] /i de::deselectAll [db::getNext [de::getContexts -window 3]]
[12:27:22.44] /i de::deselectAllLogic -context [db::getNext [de::getContexts -window 3]]
[12:27:22.96] /i gi::executeAction deCanvasDragSelect -in [gi::getWindows 3]
[12:27:22.96] /r deCanvasDragStart 1.975 3.875
[12:27:23.28] /# gi::executeAction deCanvasDragEnd -in [gi::getWindows 3]
[12:27:23.28] /i gi::executeAction deCanvasDragEnd -in [gi::getWindows 3]
[12:27:23.28] /r deCanvasDragEnd 3.24375 2
[12:27:23.94] /# gi::executeAction seButton1DragStart -in [gi::getWindows 3]
[12:27:23.94] /i ise::stretch -point {2.375 3.625}
[12:27:24.36] /# gi::executeAction deEndDrag -in [gi::getWindows 3]
[12:27:24.36] /i de::endDrag {2.59375 4.28125} -context [db::getNext [de::getContexts -window 3]]
[12:27:24.62] /# gi::executeAction deSelectActive -in [gi::getWindows 3]
[12:27:24.62] /i de::deselectAll [db::getNext [de::getContexts -window 3]]
[12:27:24.62] /i de::deselectAllLogic -context [db::getNext [de::getContexts -window 3]]
[12:27:32.61] /i de::undoTransaction -design [db::getAttr editDesign -of [de::getContexts -window 3]] -steps 1
[12:27:32.74] /i de::undoTransaction -design [db::getAttr editDesign -of [de::getContexts -window 3]] -steps 1
[12:27:32.89] /i de::undoTransaction -design [db::getAttr editDesign -of [de::getContexts -window 3]] -steps 1
[12:27:33.03] /i de::undoTransaction -design [db::getAttr editDesign -of [de::getContexts -window 3]] -steps 1
[12:27:33.17] /i de::undoTransaction -design [db::getAttr editDesign -of [de::getContexts -window 3]] -steps 1
[12:27:33.32] /i de::undoTransaction -design [db::getAttr editDesign -of [de::getContexts -window 3]] -steps 1
[12:27:33.47] /i de::undoTransaction -design [db::getAttr editDesign -of [de::getContexts -window 3]] -steps 1
[12:27:33.60] /i de::undoTransaction -design [db::getAttr editDesign -of [de::getContexts -window 3]] -steps 1
[12:27:33.74] /i de::undoTransaction -design [db::getAttr editDesign -of [de::getContexts -window 3]] -steps 1
[12:27:33.88] /i de::undoTransaction -design [db::getAttr editDesign -of [de::getContexts -window 3]] -steps 1
[12:27:34.02] /i de::undoTransaction -design [db::getAttr editDesign -of [de::getContexts -window 3]] -steps 1
[12:27:34.17] /i de::undoTransaction -design [db::getAttr editDesign -of [de::getContexts -window 3]] -steps 1
[12:27:34.31] /i de::undoTransaction -design [db::getAttr editDesign -of [de::getContexts -window 3]] -steps 1
[12:27:34.44] /i de::undoTransaction -design [db::getAttr editDesign -of [de::getContexts -window 3]] -steps 1
[12:27:34.59] /i de::undoTransaction -design [db::getAttr editDesign -of [de::getContexts -window 3]] -steps 1
[12:27:34.76] /i de::undoTransaction -design [db::getAttr editDesign -of [de::getContexts -window 3]] -steps 1
[12:27:34.89] /i de::undoTransaction -design [db::getAttr editDesign -of [de::getContexts -window 3]] -steps 1
[12:27:35.05] /i de::undoTransaction -design [db::getAttr editDesign -of [de::getContexts -window 3]] -steps 1
[12:27:35.20] /i de::undoTransaction -design [db::getAttr editDesign -of [de::getContexts -window 3]] -steps 1
[12:27:35.36] /i de::undoTransaction -design [db::getAttr editDesign -of [de::getContexts -window 3]] -steps 1
[12:27:35.51] /i de::undoTransaction -design [db::getAttr editDesign -of [de::getContexts -window 3]] -steps 1
[12:27:35.66] /i de::undoTransaction -design [db::getAttr editDesign -of [de::getContexts -window 3]] -steps 1
[12:27:35.82] /i de::undoTransaction -design [db::getAttr editDesign -of [de::getContexts -window 3]] -steps 1
[12:27:35.96] /i de::undoTransaction -design [db::getAttr editDesign -of [de::getContexts -window 3]] -steps 1
[12:27:36.12] /i de::undoTransaction -design [db::getAttr editDesign -of [de::getContexts -window 3]] -steps 1
[12:27:36.27] /i de::undoTransaction -design [db::getAttr editDesign -of [de::getContexts -window 3]] -steps 1
[12:27:36.41] /i de::undoTransaction -design [db::getAttr editDesign -of [de::getContexts -window 3]] -steps 1
[12:27:36.56] /i de::undoTransaction -design [db::getAttr editDesign -of [de::getContexts -window 3]] -steps 1
[12:27:36.71] /i de::undoTransaction -design [db::getAttr editDesign -of [de::getContexts -window 3]] -steps 1
[12:27:36.86] /i de::undoTransaction -design [db::getAttr editDesign -of [de::getContexts -window 3]] -steps 1
[12:27:37.01] /i de::undoTransaction -design [db::getAttr editDesign -of [de::getContexts -window 3]] -steps 1
[12:27:37.16] /i de::undoTransaction -design [db::getAttr editDesign -of [de::getContexts -window 3]] -steps 1
[12:27:37.32] /i de::undoTransaction -design [db::getAttr editDesign -of [de::getContexts -window 3]] -steps 1
[12:27:38.21] /# gi::executeAction deCanvasZoomOutAtPoint -in [gi::getWindows 3]
[12:27:38.21] /i de::zoom -window [gi::getWindows 3] -factor 0.5 -center {4.9875 2.8875}
[12:27:38.21] /o {-4.6125 -1.4875} {14.8625 9.2375}
[12:27:38.22] /# gi::executeAction deCanvasZoomOutAtPoint -in [gi::getWindows 3]
[12:27:38.22] /i de::zoom -window [gi::getWindows 3] -factor 0.5 -center {4.98125 2.8875}
[12:27:38.22] /o {-14.20625 -5.8625} {24.74375 15.5875}
[12:27:38.27] /# gi::executeAction deCanvasZoomOutAtPoint -in [gi::getWindows 3]
[12:27:38.27] /i de::zoom -window [gi::getWindows 3] -factor 0.5 -center {5.00625 2.84375}
[12:27:38.27] /o {-33.41875 -14.5625} {44.48125 28.325}
[12:27:38.60] /# gi::executeAction deSelectActive -in [gi::getWindows 3]
[12:27:38.60] /i de::deselectAll [db::getNext [de::getContexts -window 3]]
[12:27:38.60] /i de::deselectAllLogic -context [db::getNext [de::getContexts -window 3]]
[12:27:38.93] /# gi::executeAction deCanvasZoomInAtPoint -in [gi::getWindows 3]
[12:27:38.93] /i de::zoom -window [gi::getWindows 3] -factor 2.0 -center {2.48125 9.1875}
[12:27:38.93] /o {-15.46875 -2.6875} {23.48125 18.75625}
[12:27:39.03] /# gi::executeAction deCanvasZoomInAtPoint -in [gi::getWindows 3]
[12:27:39.03] /i de::zoom -window [gi::getWindows 3] -factor 2.0 -center {2.45625 8.36875}
[12:27:39.03] /o {-6.50625 2.8375} {12.96875 13.5625}
[12:27:39.38] /# gi::executeAction deFitEdit -in [gi::getWindows 3]
[12:27:39.38] /i de::fit -window 3 -fitEdit true
[12:27:39.38] /o {-3.925 -3.475} {11.00625 4.75}
[12:27:40.23] /# gi::executeAction deCanvasZoomInAtPoint -in [gi::getWindows 3]
[12:27:40.23] /i de::zoom -window [gi::getWindows 3] -factor 2.0 -center {2.55 3.675}
[12:27:40.23] /o {-0.6875 0.1} {6.78125 4.2125}
[12:27:40.84] /# gi::executeAction deFitEdit -in [gi::getWindows 3]
[12:27:40.84] /i de::fit -window 3 -fitEdit true
[12:27:40.84] /o {-3.925 -3.475} {11.00625 4.75}
[12:27:41.57] /# gi::executeAction deCanvasZoomInAtPoint -in [gi::getWindows 3]
[12:27:41.57] /i de::zoom -window [gi::getWindows 3] -factor 2.0 -center {2.35 3.93125}
[12:27:41.57] /o {-0.7875 0.23125} {6.68125 4.3375}
[12:27:42.27] /# gi::executeAction deCanvasZoomInAtPoint -in [gi::getWindows 3]
[12:27:42.27] /i de::zoom -window [gi::getWindows 3] -factor 2.0 -center {2.35 3.91875}
[12:27:42.27] /o {0.78125 2.075} {4.5125 4.13125}
[12:27:43.18] /# gi::executeAction deCanvasZoomOutAtPoint -in [gi::getWindows 3]
[12:27:43.18] /i de::zoom -window [gi::getWindows 3] -factor 0.5 -center {2.39375 3.70625}
[12:27:43.18] /o {-0.83125 0.44375} {6.6375 4.55}
[12:27:54.88] /# gi::executeAction deCanvasZoomOutAtPoint -in [gi::getWindows 3]
[12:27:54.88] /i de::zoom -window [gi::getWindows 3] -factor 0.5 -center {3.1625 0.85}
[12:27:54.88] /o {-4.825 0.03125} {10.10625 8.25625}
[12:27:55.32] /# gi::executeAction deCanvasZoomInAtPoint -in [gi::getWindows 3]
[12:27:55.32] /i de::zoom -window [gi::getWindows 3] -factor 2.0 -center {3.425 0.83125}
[12:27:55.32] /o {-0.7 0.43125} {6.76875 4.54375}
[12:28:19.83] /# gi::executeAction deCanvasZoomOutAtPoint -in [gi::getWindows 3]
[12:28:19.83] /i de::zoom -window [gi::getWindows 3] -factor 0.5 -center {1.25 4.275}
[12:28:19.83] /o {-2.65 -3.4125} {12.28125 4.8125}
[12:28:20.51] /# gi::executeAction deCanvasZoomInAtPoint -in [gi::getWindows 3]
[12:28:20.51] /i de::zoom -window [gi::getWindows 3] -factor 2.0 -center {1.4375 3.85}
[12:28:20.51] /o {-0.60625 0.21875} {6.8625 4.33125}
[12:28:21.43] /i gi::setActiveWindow 2
[12:28:21.43] /i gi::setActiveWindow 2 -raise true
[12:28:23.22] /i gi::setActiveWindow 3
[12:28:23.22] /i gi::setActiveWindow 3 -raise true
[12:30:09.14] /# gi::executeAction seSchCreateWire -in [gi::getWindows 3]
[12:30:09.14] /i ise::createWire
[12:30:09.64] /# gi::executeAction deCanvasZoomInAtPoint -in [gi::getWindows 3]
[12:30:09.64] /i de::zoom -window [gi::getWindows 3] -factor 2.0 -center {3.84375 3.3875}
[12:30:09.64] /o {1.61875 1.80625} {5.35 3.85625}
[12:30:10.50] /# gi::executeAction deAddPoint -in [gi::getWindows 3]
[12:30:10.50] /i de::addPoint {4 3.38125} -context [db::getNext [de::getContexts -window 3]]
[12:30:10.60] /i de::setCursor -point {4.0625 3.375 }
[12:30:11.41] /# gi::executeAction deAddPoint -in [gi::getWindows 3]
[12:30:11.41] /i de::addPoint {4.25 3.35625} -context [db::getNext [de::getContexts -window 3]]
[12:30:11.78] /# gi::executeAction deAddPoint -in [gi::getWindows 3]
[12:30:11.78] /i de::addPoint {4.25 3.35625} -context [db::getNext [de::getContexts -window 3]]
[12:30:13.81] /# gi::executeAction seSchCreateWire -in [gi::getWindows 3]
[12:30:13.81] /i ise::createWire
[12:30:15.12] /# gi::executeAction deAddPoint -in [gi::getWindows 3]
[12:30:15.12] /i de::addPoint {3.99375 3.0625} -context [db::getNext [de::getContexts -window 3]]
[12:30:16.28] /# gi::executeAction deAddPoint -in [gi::getWindows 3]
[12:30:16.28] /i de::addPoint {4.24375 3.36875} -context [db::getNext [de::getContexts -window 3]]
[12:30:18.03] /i gi::executeAction deSaveDesign -in [gi::getWindows 3]
[12:30:18.04] /m Information: Saving design 'new_dff D_latch schematic'. (DESIGN_WINDOW-004)
[12:30:18.66] /# gi::executeAction deFitEdit -in [gi::getWindows 3]
[12:30:18.66] /i de::fit -window 3 -fitEdit true
[12:30:18.66] /o {-3.925 -3.475} {11.00625 4.75}
[12:30:19.54] /# gi::executeAction deCanvasZoomInAtPoint -in [gi::getWindows 3]
[12:30:19.54] /i de::zoom -window [gi::getWindows 3] -factor 2.0 -center {2.35625 4.35625}
[12:30:19.54] /o {-0.7875 0.44375} {6.68125 4.55}
[12:30:19.74] /# gi::executeAction deCanvasZoomInAtPoint -in [gi::getWindows 3]
[12:30:19.74] /i de::zoom -window [gi::getWindows 3] -factor 2.0 -center {2.65625 4.33125}
[12:30:19.74] /o {0.9375 2.3875} {4.66875 4.44375}
[12:30:20.10] /# gi::executeAction deCanvasZoomOutAtPoint -in [gi::getWindows 3]
[12:30:20.10] /i de::zoom -window [gi::getWindows 3] -factor 0.5 -center {3.2 3.66875}
[12:30:20.10] /o {-1.33125 1.10625} {6.1375 5.2125}
[12:30:20.54] /# gi::executeAction deCanvasZoomOutAtPoint -in [gi::getWindows 3]
[12:30:20.54] /i de::zoom -window [gi::getWindows 3] -factor 0.5 -center {3.73125 3.05625}
[12:30:20.54] /o {-6.3875 -0.85} {8.54375 7.375}
[12:30:21.62] /# gi::executeAction deCanvasZoomInAtPoint -in [gi::getWindows 3]
[12:30:21.62] /i de::zoom -window [gi::getWindows 3] -factor 2.0 -center {4.9125 1.11875}
[12:30:21.62] /o {-0.7375 0.1375} {6.73125 4.24375}
[12:31:00.20] /# gi::executeAction seSchCreateWire -in [gi::getWindows 3]
[12:31:00.21] /i ise::createWire
[12:31:01.59] /# gi::executeAction deAddPoint -in [gi::getWindows 3]
[12:31:01.59] /i de::addPoint {3.98125 1.5125} -context [db::getNext [de::getContexts -window 3]]
[12:31:01.65] /i de::setCursor -point {4 1.4375 }
[12:31:03.00] /# gi::executeAction deAddPoint -in [gi::getWindows 3]
[12:31:03.00] /i de::addPoint {4.03125 0.7} -context [db::getNext [de::getContexts -window 3]]
[12:31:03.99] /# gi::executeAction deAddPoint -in [gi::getWindows 3]
[12:31:03.99] /i de::addPoint {3.9875 1.6875} -context [db::getNext [de::getContexts -window 3]]
[12:31:04.03] /i de::setCursor -point {4.0625 1.6875 }
[12:31:04.89] /# gi::executeAction deAddPoint -in [gi::getWindows 3]
[12:31:04.89] /i de::addPoint {4.24375 1.65625} -context [db::getNext [de::getContexts -window 3]]
[12:31:05.23] /# gi::executeAction deAddPoint -in [gi::getWindows 3]
[12:31:05.23] /i de::addPoint {4.24375 1.65625} -context [db::getNext [de::getContexts -window 3]]
[12:31:07.05] /# gi::executeAction seSchCreateWire -in [gi::getWindows 3]
[12:31:07.05] /i ise::createWire
[12:31:08.70] /# gi::executeAction deAddPoint -in [gi::getWindows 3]
[12:31:08.70] /i de::addPoint {4.04375 1.2625} -context [db::getNext [de::getContexts -window 3]]
[12:31:08.97] /i de::setCursor -point {4.1875 1.375 }
[12:31:09.03] /i de::setCursor -point {4.1875 1.4375 }
[12:31:09.82] /# gi::executeAction deAddPoint -in [gi::getWindows 3]
[12:31:09.82] /i de::addPoint {4.23125 1.6625} -context [db::getNext [de::getContexts -window 3]]
[12:31:11.20] /i gi::executeAction deSaveDesign -in [gi::getWindows 3]
[12:31:11.20] /m Information: Saving design 'new_dff D_latch schematic'. (DESIGN_WINDOW-004)
[12:31:12.02] /i gi::setActiveWindow 2
[12:31:12.02] /i gi::setActiveWindow 2 -raise true
[12:31:12.79] /i gi::setCurrentIndex {cells} -index {d_ff} -in [gi::getWindows 2]
[12:31:12.79] /i gi::setItemSelection {cells} -index {d_ff} -in [gi::getWindows 2]
[12:31:13.39] /i gi::setCurrentIndex {views} -index {schematic} -in [gi::getWindows 2]
[12:31:13.40] /i gi::setItemSelection {views} -index {schematic} -in [gi::getWindows 2]
[12:31:13.55] /i gi::executeAction dmOpen -in [gi::getWindows 2]
[12:31:13.59] /r giWindowId 4
[12:31:13.59] /r giWindowGeometry 1632x1020
[12:31:13.74] /o "new_dff/d_ff/schematic" design does not need checking
[12:31:16.22] /# gi::executeAction seShowConsoleForWindow -in [gi::getWindows 4]
[12:31:16.22] /i sa::showConsole -context [db::getNext [de::getContexts -window 4]]
[12:31:17.98] /m Information: License 'SAE' checked out. (LICENSE-003)
[12:31:18.00] /r giWindowId 5
[12:31:18.01] /r giWindowGeometry 600x500
[12:31:18.09] /o oa:0x234c5500
[12:31:18.12] /m Information: Launching Background sae_shell Server Process "cd /home/itsupport/Desktop/lab1vlsi && sae_shell -log sae_shell_session0_job1 -libDefFile /home/itsupport/Desktop/lab1vlsi/lib.defs"
[12:31:19.57] /# gi::executeAction saLoadState -in [gi::getWindows 5]
[12:31:19.57] /i sa::showLoadState -parent 5
[12:31:19.82] /o oa:0x2338b260
[12:31:19.88] /i gi::setActiveDialog [gi::getDialogs {saShowLoadState} -parent [gi::getWindows 5]]
[12:31:20.19] /i db::setAttr geometry -of [gi::getDialogs {saShowLoadState} -parent [gi::getWindows 5]] -value 603x720+778+424
[12:31:20.72] /i gi::pressButton {/ok} -in [gi::getDialogs {saShowLoadState} -parent [gi::getWindows 5]]
[12:31:21.82] /m Information: Received ready-for-commands signal from background job 'sae_shell_session0_job1' after 3 seconds.
[12:31:22.01] /i gi::executeAction menuPreShow -in [gi::getWindows 5]
[12:31:22.01] /r giMenuAccess db::getNext [gi::getMenus saConsoleSimMenu -from [gi::getWindows 5]]
[12:31:22.79] /# gi::executeAction saNetlistAndRun -in [gi::getWindows 5]
[12:31:22.79] /i isa::netlistAndRun -testbench [sa::findActiveTestbench -window 5] -mode overwrite
[12:31:22.82] /r giWindowId 6
[12:31:22.83] /r giWindowGeometry 800x600
[12:31:22.89] /m Information: "Starting incremental netlisting for design "new_dff/d_ff/schematic"..." (NETLISTING-010)
[12:31:22.90] /o No Design Integrity rule violations found in "new_dff/d_ff/schematic"
[12:31:22.90] /m Information: 
[12:31:22.90] /o Checking "new_dff/D_latch/schematic"
[12:31:22.90] /o No rule violations found in "new_dff/D_latch/schematic"
[12:31:22.96] /m Information: "new_dff D_latch schematic" renetlisted. (NETLISTING-056)
[12:31:22.97] /m Information: "Netlisting design "new_dff/d_ff/schematic" finished successfully." (NETLISTING-012)
[12:31:22.97] /m Information: "Composing simulator input file for design "new_dff/d_ff/schematic"..."
[12:31:23.01] /m Information: "Simulator input file composed successfully for design "new_dff/d_ff/schematic""
[12:31:23.18] /m Information: "Starting HSPICE simulation for design: new_dff/d_ff/schematic"
[12:31:23.18] /# gi::collapse {jobMonitorTable} -index {0.0,0} -in [gi::getWindows 6]
[12:31:23.23] /o 1
[12:31:23.63] /m Information: "Simulation completed successfully for design: new_dff/d_ff/schematic "
[12:31:23.80] /m Information: Launching Background sae_shell Server Process "cd /home/itsupport/Desktop/lab1vlsi && sae_shell -log sae_shell_session0_job2 -libDefFile /home/itsupport/Desktop/lab1vlsi/lib.defs"
[12:31:23.80] /m Information: "Evaluating and plotting outputs..."
[12:31:24.42] /m Information: Started sharing "Custom WaveView" license. (WAVEFORM-110)
[12:31:24.45] /m Information: Launching Waveform Viewer "cd /home/itsupport/simulation/new_dff,d_ff,schematic/history_1/simulation/HSPICE_default/HSPICE/nominal/results &&  wv -k -cdesigner -spxkey /usr/synopsys/customcompiler/N-2017.12-SP1-2/auxx/waveform/sae.spxkey -spxrc /tmp/sae_spxrc_pSf26a -unique_string 0859c36a0176a1dd69aa7f613a217c24125e8d2b0833b894ed40d2f5efbf27a2fb0c0fc5bd6190662b067074736d838d5bb9c5db32dbe98b -lic_type 1    > /home/itsupport/simulation/new_dff,d_ff,schematic/history_1/simulation/HSPICE_default/HSPICE/nominal/results/viewer.log 2>&1"
[12:31:24.45] /i gi::collapse {jobMonitorTable} -index {0.0,0} -in [gi::getWindows 6]
[12:31:24.63] /m Information: Measurement calculations completed for testbench: HSPICE_default in 1s
[12:31:25.64] /j ::wf::WaveView::plotSuccess WaveView_1 {} {_62e3170_void_pp _632ccb0_void_pp} 
[12:31:25.68] /j ::wf::WaveView::plotSuccess WaveView_1 {} {_62e3170_void_pp _632cd78_void_pp} 
[12:31:25.71] /j ::wf::WaveView::plotSuccess WaveView_1 {} {_62e3170_void_pp _632ce40_void_pp} 
[12:31:25.72] /j ::wf::WaveView::plotSuccess WaveView_1 {} {_62e3170_void_pp _632cf08_void_pp} 
[12:31:26.72] /m Information: Received ready-for-commands signal from background job 'sae_shell_session0_job2' after 3 seconds.
[12:32:30.47] /i gi::setActiveWindow 3
[12:32:30.47] /i gi::setActiveWindow 3 -raise true
[12:32:32.32] /# gi::executeAction deCanvasZoomOutAtPoint -in [gi::getWindows 3]
[12:32:32.32] /i de::zoom -window [gi::getWindows 3] -factor 0.5 -center {2.675 2.69375}
[12:32:32.32] /o {-4.15 -2.425} {10.78125 5.8}
[12:32:32.86] /# gi::executeAction deCanvasZoomInAtPoint -in [gi::getWindows 3]
[12:32:32.86] /i de::zoom -window [gi::getWindows 3] -factor 2.0 -center {5.34375 3.15625}
[12:32:32.86] /o {0.59375 0.36875} {8.0625 4.475}
[12:32:33.32] /# gi::executeAction deFitEdit -in [gi::getWindows 3]
[12:32:33.32] /i de::fit -window 3 -fitEdit true
[12:32:33.32] /o {-3.925 -3.475} {11.00625 4.75}
[12:32:34.16] /# gi::executeAction deFitEdit -in [gi::getWindows 3]
[12:32:34.16] /i de::fit -window 3 -fitEdit true
[12:32:34.16] /o {-3.925 -3.475} {11.00625 4.75}
[12:32:34.57] /# gi::executeAction deCanvasZoomInAtPoint -in [gi::getWindows 3]
[12:32:34.57] /i de::zoom -window [gi::getWindows 3] -factor 2.0 -center {4.525 3.4875}
[12:32:34.57] /o {0.3 0.00625} {7.76875 4.11875}
[12:32:36.37] /# gi::executeAction deCanvasZoomOutAtPoint -in [gi::getWindows 3]
[12:32:36.37] /i de::zoom -window [gi::getWindows 3] -factor 0.5 -center {5.35 3.39375}
[12:32:36.37] /o {-4.75 -3.38125} {10.18125 4.84375}
[12:32:37.25] /# gi::executeAction deFitEdit -in [gi::getWindows 3]
[12:32:37.25] /i de::fit -window 3 -fitEdit true
[12:32:37.25] /o {-3.925 -3.475} {11.00625 4.75}
[12:32:40.00] /# gi::executeAction deCanvasZoomInAtPoint -in [gi::getWindows 3]
[12:32:40.00] /i de::zoom -window [gi::getWindows 3] -factor 2.0 -center {5.15 -2.3625}
[12:32:40.00] /o {0.6125 -2.91875} {8.08125 1.19375}
[12:32:40.18] /# gi::executeAction deCanvasZoomInAtPoint -in [gi::getWindows 3]
[12:32:40.18] /i de::zoom -window [gi::getWindows 3] -factor 2.0 -center {5.15 -2.3625}
[12:32:40.18] /o {2.88125 -2.6375} {6.6125 -0.5875}
[12:32:41.40] /# gi::executeAction deFitEdit -in [gi::getWindows 3]
[12:32:41.40] /i de::fit -window 3 -fitEdit true
[12:32:41.40] /o {-3.925 -3.475} {11.00625 4.75}
[12:32:47.79] /# gi::executeAction deCanvasZoomInAtPoint -in [gi::getWindows 3]
[12:32:47.79] /i de::zoom -window [gi::getWindows 3] -factor 2.0 -center {4.55 3.5875}
[12:32:47.79] /o {0.3125 0.05625} {7.78125 4.16875}
[12:32:47.90] /# gi::executeAction deCanvasZoomInAtPoint -in [gi::getWindows 3]
[12:32:47.90] /i de::zoom -window [gi::getWindows 3] -factor 2.0 -center {4.55 3.5875}
[12:32:47.90] /o {2.43125 1.825} {6.1625 3.875}
[12:32:48.19] /# gi::executeAction deFitEdit -in [gi::getWindows 3]
[12:32:48.19] /i de::fit -window 3 -fitEdit true
[12:32:48.19] /o {-3.925 -3.475} {11.00625 4.75}
[12:32:48.59] /# gi::executeAction deCanvasZoomInAtPoint -in [gi::getWindows 3]
[12:32:48.59] /i de::zoom -window [gi::getWindows 3] -factor 2.0 -center {4.26875 3.68125}
[12:32:48.60] /o {0.16875 0.10625} {7.6375 4.2125}
[12:33:45.90] /# gi::executeAction deAbortCommand -in [gi::getWindows 3]
[12:33:45.90] /i de::abortCommand -context [db::getNext [de::getContexts -window 3]]
[12:33:56.62] /# gi::executeAction deSelectActive -in [gi::getWindows 3]
[12:33:56.62] /i de::deselectAll [db::getNext [de::getContexts -window 3]]
[12:33:56.62] /i de::select [de::getActiveFigure [gi::getWindows 3] -point {2.6125 2.825} -index 0 -intent none]
[12:33:56.62] /o oa:0x1f906160
[12:34:05.98] /i gi::setItemSelection {parameters} -index {w,all} -in [gi::getAssistants dePropertyEditor -from [gi::getWindows 3]]
[12:34:05.99] /i gi::setCurrentIndex {parameters} -index {w,Value} -in [gi::getAssistants dePropertyEditor -from [gi::getWindows 3]]
[12:34:07.79] /o 
              /c ************************ P **************************
[12:34:07.79] /o 
[12:34:07.79] /o WARNING 0007> "Width per Finger" 0.42 > Max value 0.9000m
[12:34:07.79] /o               Resetting "Width per Finger" to Max value
[12:34:07.79] /o 
[12:34:07.79] /i gi::setField {parameters} -value {0.42} -index {w,Value} -in [gi::getAssistants dePropertyEditor -from [gi::getWindows 3]]
[12:34:07.79] /i gi::executeAction dePropertyEditorApplyChanges -in [gi::getAssistants dePropertyEditor -from [gi::getWindows 3]]
[12:34:10.76] /i gi::setField {parameters} -value {0.42u} -index {w,Value} -in [gi::getAssistants dePropertyEditor -from [gi::getWindows 3]]
[12:34:10.76] /i gi::executeAction dePropertyEditorApplyChanges -in [gi::getAssistants dePropertyEditor -from [gi::getWindows 3]]
[12:34:11.62] /i gi::executeAction deCanvasDragCancel -in [gi::getWindows 3]
[12:34:12.01] /# gi::executeAction deSelectActive -in [gi::getWindows 3]
[12:34:12.01] /i de::deselectAll [db::getNext [de::getContexts -window 3]]
[12:34:12.01] /i de::select [de::getActiveFigure [gi::getWindows 3] -point {2.6125 1.86875} -index 0 -intent none]
[12:34:12.01] /o oa:0x236cf340
[12:34:13.00] /i gi::setItemSelection {parameters} -index {lvs_model,all} -in [gi::getAssistants dePropertyEditor -from [gi::getWindows 3]]
[12:34:13.00] /i gi::setCurrentIndex {parameters} -index {lvs_model,Value} -in [gi::getAssistants dePropertyEditor -from [gi::getWindows 3]]
[12:34:13.93] /i gi::setItemSelection {parameters} -index {w,all} -in [gi::getAssistants dePropertyEditor -from [gi::getWindows 3]]
[12:34:13.94] /i gi::setCurrentIndex {parameters} -index {w,Value} -in [gi::getAssistants dePropertyEditor -from [gi::getWindows 3]]
[12:34:15.38] /i gi::setField {parameters} -value {0.18u} -index {w,Value} -in [gi::getAssistants dePropertyEditor -from [gi::getWindows 3]]
[12:34:15.38] /i gi::executeAction dePropertyEditorApplyChanges -in [gi::getAssistants dePropertyEditor -from [gi::getWindows 3]]
[12:34:17.15] /i gi::executeAction deSaveDesign -in [gi::getWindows 3]
[12:34:17.15] /m Information: Saving design 'new_dff D_latch schematic'. (DESIGN_WINDOW-004)
[12:34:17.77] /# gi::executeAction deCanvasZoomInAtPoint -in [gi::getWindows 3]
[12:34:17.77] /i de::zoom -window [gi::getWindows 3] -factor 2.0 -center {2.74375 1.7875}
[12:34:17.77] /o {1.45625 0.94375} {5.19375 3.0}
[12:34:17.87] /# gi::executeAction deCanvasZoomInAtPoint -in [gi::getWindows 3]
[12:34:17.87] /i de::zoom -window [gi::getWindows 3] -factor 2.0 -center {2.74375 1.7875}
[12:34:17.87] /o {2.1 1.36875} {3.96875 2.39375}
[12:34:23.04] /# gi::executeAction deCanvasZoomOutAtPoint -in [gi::getWindows 3]
[12:34:23.04] /i de::zoom -window [gi::getWindows 3] -factor 0.5 -center {3.43125 1.71875}
[12:34:23.04] /o {0.76875 1.0125} {4.50625 3.06875}
[12:34:23.12] /# gi::executeAction deCanvasZoomOutAtPoint -in [gi::getWindows 3]
[12:34:23.12] /i de::zoom -window [gi::getWindows 3] -factor 0.5 -center {3.4125 1.7375}
[12:34:23.12] /o {-1.875 0.29375} {5.59375 4.4}
[12:34:23.20] /# gi::executeAction deCanvasZoomOutAtPoint -in [gi::getWindows 3]
[12:34:23.20] /i de::zoom -window [gi::getWindows 3] -factor 0.5 -center {3.38125 1.7625}
[12:34:23.20] /o {-7.125 -1.18125} {7.80625 7.04375}
[12:34:23.45] /# gi::executeAction deFitEdit -in [gi::getWindows 3]
[12:34:23.45] /i de::fit -window 3 -fitEdit true
[12:34:23.45] /o {-3.925 -3.475} {11.00625 4.75}
[12:34:24.09] /# gi::executeAction deCanvasZoomInAtPoint -in [gi::getWindows 3]
[12:34:24.09] /i de::zoom -window [gi::getWindows 3] -factor 2.0 -center {3.6625 3.3625}
[12:34:24.09] /o {-0.13125 -0.05625} {7.3375 4.05625}
[12:34:35.15] /i gi::executeAction deCanvasDragCancel -in [gi::getWindows 3]
[12:34:35.60] /# gi::executeAction deSelectActive -in [gi::getWindows 3]
[12:34:35.60] /i de::deselectAll [db::getNext [de::getContexts -window 3]]
[12:34:35.60] /i de::select [de::getActiveFigure [gi::getWindows 3] -point {3.85 3.09375} -index 0 -intent none]
[12:34:35.61] /o oa:0x242a43d0
[12:34:36.65] /i gi::setItemSelection {parameters} -index {w,all} -in [gi::getAssistants dePropertyEditor -from [gi::getWindows 3]]
[12:34:36.65] /i gi::setCurrentIndex {parameters} -index {w,Value} -in [gi::getAssistants dePropertyEditor -from [gi::getWindows 3]]
[12:34:38.03] /i gi::setField {parameters} -value {0.22u} -index {w,Value} -in [gi::getAssistants dePropertyEditor -from [gi::getWindows 3]]
[12:34:38.03] /i gi::executeAction dePropertyEditorApplyChanges -in [gi::getAssistants dePropertyEditor -from [gi::getWindows 3]]
[12:34:40.02] /# gi::executeAction deSelectActive -in [gi::getWindows 3]
[12:34:40.02] /i de::deselectAll [db::getNext [de::getContexts -window 3]]
[12:34:40.02] /i de::select [de::getActiveFigure [gi::getWindows 3] -point {3.85 1.70625} -index 0 -intent none]
[12:34:40.02] /o oa:0x2364f220
[12:34:40.92] /i gi::setItemSelection {parameters} -index {wtot,all} -in [gi::getAssistants dePropertyEditor -from [gi::getWindows 3]]
[12:34:40.92] /i gi::setCurrentIndex {parameters} -index {wtot,Value} -in [gi::getAssistants dePropertyEditor -from [gi::getWindows 3]]
[12:34:41.30] /i gi::setItemSelection {parameters} -index {w,all} -in [gi::getAssistants dePropertyEditor -from [gi::getWindows 3]]
[12:34:41.30] /i gi::setCurrentIndex {parameters} -index {w,Value} -in [gi::getAssistants dePropertyEditor -from [gi::getWindows 3]]
[12:34:43.08] /i gi::setField {parameters} -value {0.12u} -index {w,Value} -in [gi::getAssistants dePropertyEditor -from [gi::getWindows 3]]
[12:34:43.08] /i gi::executeAction dePropertyEditorApplyChanges -in [gi::getAssistants dePropertyEditor -from [gi::getWindows 3]]
[12:34:44.77] /i gi::executeAction deSaveDesign -in [gi::getWindows 3]
[12:34:44.77] /m Information: Saving design 'new_dff D_latch schematic'. (DESIGN_WINDOW-004)
[12:35:09.92] /# gi::executeAction deSelectActive -in [gi::getWindows 3]
[12:35:09.92] /i de::deselectAll [db::getNext [de::getContexts -window 3]]
[12:35:09.92] /i de::select [de::getActiveFigure [gi::getWindows 3] -point {3.88125 3.075} -index 0 -intent none]
[12:35:09.92] /o oa:0x1e05ff40
[12:35:11.03] /i gi::setItemSelection {parameters} -index {w,all} -in [gi::getAssistants dePropertyEditor -from [gi::getWindows 3]]
[12:35:11.03] /i gi::setCurrentIndex {parameters} -index {w,Value} -in [gi::getAssistants dePropertyEditor -from [gi::getWindows 3]]
[12:35:12.50] /i gi::setField {parameters} -value {0.3u} -index {w,Value} -in [gi::getAssistants dePropertyEditor -from [gi::getWindows 3]]
[12:35:12.50] /i gi::executeAction dePropertyEditorApplyChanges -in [gi::getAssistants dePropertyEditor -from [gi::getWindows 3]]
[12:36:30.41] /m Information: Stopped sharing "Custom WaveView" license. (WAVEFORM-111)
[12:36:37.17] /# gi::executeAction deCanvasZoomOutAtPoint -in [gi::getWindows 3]
[12:36:37.18] /i de::zoom -window [gi::getWindows 3] -factor 0.5 -center {3.5875 3.175}
[12:36:37.18] /o {-3.85 -3.2875} {11.08125 4.9375}
[12:36:37.76] /# gi::executeAction deCanvasZoomInAtPoint -in [gi::getWindows 3]
[12:36:37.76] /i de::zoom -window [gi::getWindows 3] -factor 2.0 -center {3.74375 3.7875}
[12:36:37.76] /o {-0.05625 0.25} {7.4125 4.3625}
[12:39:35.54] /i gi::executeAction deSaveDesign -in [gi::getWindows 3]
[12:39:35.54] /m Information: Saving design 'new_dff D_latch schematic'. (DESIGN_WINDOW-004)
[12:39:36.26] /i gi::setActiveWindow 6
[12:39:36.26] /i gi::setActiveWindow 6 -raise true
[12:39:36.58] /i gi::setActiveWindow 5
[12:39:36.58] /i gi::setActiveWindow 5 -raise true
[12:39:37.29] /i gi::executeAction menuPreShow -in [gi::getWindows 5]
[12:39:37.29] /r giMenuAccess db::getNext [gi::getMenus saConsoleSimMenu -from [gi::getWindows 5]]
[12:39:37.79] /# gi::executeAction saNetlistAndRun -in [gi::getWindows 5]
[12:39:37.79] /i isa::netlistAndRun -testbench [sa::findActiveTestbench -window 5] -mode overwrite
[12:39:37.86] /m Information: "Starting incremental netlisting for design "new_dff/d_ff/schematic"..." (NETLISTING-010)
[12:39:37.87] /o No Design Integrity rule violations found in "new_dff/d_ff/schematic"
[12:39:37.87] /m Information: 
[12:39:37.87] /o Checking "new_dff/D_latch/schematic"
[12:39:37.87] /o No rule violations found in "new_dff/D_latch/schematic"
[12:39:37.90] /m Information: "new_dff D_latch schematic" renetlisted. (NETLISTING-056)
[12:39:37.91] /m Information: "Netlisting design "new_dff/d_ff/schematic" finished successfully." (NETLISTING-012)
[12:39:37.91] /m Information: "Composing simulator input file for design "new_dff/d_ff/schematic"..."
[12:39:37.94] /m Information: "Simulator input file composed successfully for design "new_dff/d_ff/schematic""
[12:39:38.11] /m Information: "Starting HSPICE simulation for design: new_dff/d_ff/schematic"
[12:39:38.11] /# gi::collapse {jobMonitorTable} -index {0.0.0.0,0} -in [gi::getWindows 6]
[12:39:38.16] /o 1
[12:39:38.53] /m Information: "Simulation completed successfully for design: new_dff/d_ff/schematic "
[12:39:38.70] /m Information: "Evaluating and plotting outputs..."
[12:39:38.70] /m Information: Started sharing "Custom WaveView" license. (WAVEFORM-110)
[12:39:38.76] /j ::wf::WaveView::plotSuccess WaveView_1 {} {_63521b0_void_pp _632cfd0_void_pp} 
[12:39:38.82] /j ::wf::WaveView::plotSuccess WaveView_1 {} {_63521b0_void_pp _632ccb0_void_pp} 
[12:39:38.86] /j ::wf::WaveView::plotSuccess WaveView_1 {} {_63521b0_void_pp _632cd78_void_pp} 
[12:39:38.92] /j ::wf::WaveView::plotSuccess WaveView_1 {} {_63521b0_void_pp _632ce40_void_pp} 
[12:39:39.02] /m Information: Measurement calculations completed for testbench: HSPICE_default in 0s
[12:39:44.37] /i gi::setActiveWindow 5
[12:39:44.37] /i gi::setActiveWindow 5 -raise true
[12:39:46.20] /i gi::setCurrentIndex {variablesTable} -index {2,1} -in [gi::getWindows 5]
[12:39:46.20] /i gi::setItemSelection {variablesTable} -index {2,1} -in [gi::getWindows 5]
[12:39:48.26] /i gi::setField {variablesTable} -index {2,1} -value {300p} -in [gi::getWindows 5]
[12:39:48.26] /i gi::setField {variablesTable} -index {2,1} -value {300p} -in [gi::getWindows 5]
[12:39:49.24] /i gi::executeAction menuPreShow -in [gi::getWindows 5]
[12:39:49.24] /r giMenuAccess db::getNext [gi::getMenus saConsoleSimMenu -from [gi::getWindows 5]]
[12:39:49.81] /# gi::executeAction saNetlistAndRun -in [gi::getWindows 5]
[12:39:49.81] /i isa::netlistAndRun -testbench [sa::findActiveTestbench -window 5] -mode overwrite
[12:39:49.88] /m Information: "Starting incremental netlisting for design "new_dff/d_ff/schematic"..." (NETLISTING-010)
[12:39:49.89] /o No Design Integrity rule violations found in "new_dff/d_ff/schematic"
[12:39:49.89] /m Information: 
[12:39:49.89] /o Checking "new_dff/D_latch/schematic"
[12:39:49.89] /o No rule violations found in "new_dff/D_latch/schematic"
[12:39:49.91] /m Information: "Netlisting design "new_dff/d_ff/schematic" finished successfully." (NETLISTING-012)
[12:39:49.91] /m Information: "Composing simulator input file for design "new_dff/d_ff/schematic"..."
[12:39:49.94] /m Information: "Simulator input file composed successfully for design "new_dff/d_ff/schematic""
[12:39:50.06] /m Information: "Starting HSPICE simulation for design: new_dff/d_ff/schematic"
[12:39:50.07] /# gi::collapse {jobMonitorTable} -index {0.0.0.0,0} -in [gi::getWindows 6]
[12:39:50.10] /o 1
[12:39:50.53] /m Information: "Simulation completed successfully for design: new_dff/d_ff/schematic "
[12:39:50.70] /m Information: "Evaluating and plotting outputs..."
[12:39:50.77] /j ::wf::WaveView::plotSuccess WaveView_1 {} {_6357200_void_pp _632cf08_void_pp} 
[12:39:50.81] /j ::wf::WaveView::plotSuccess WaveView_1 {} {_6357200_void_pp _632cfd0_void_pp} 
[12:39:50.87] /j ::wf::WaveView::plotSuccess WaveView_1 {} {_6357200_void_pp _632ccb0_void_pp} 
[12:39:50.91] /j ::wf::WaveView::plotSuccess WaveView_1 {} {_6357200_void_pp _632cd78_void_pp} 
[12:39:51.02] /m Information: Measurement calculations completed for testbench: HSPICE_default in 0s
[12:40:13.91] /i gi::setActiveWindow 5
[12:40:13.91] /i gi::setActiveWindow 5 -raise true
[12:40:14.72] /i gi::setActiveWindow 4
[12:40:14.72] /i gi::setActiveWindow 4 -raise true
[12:40:16.09] /i gi::setActiveWindow 6
[12:40:16.09] /i gi::setActiveWindow 6 -raise true
[12:40:16.76] /i gi::setActiveWindow 5
[12:40:16.76] /i gi::setActiveWindow 5 -raise true
[12:40:50.08] /i db::setAttr iconified -of [gi::getFrames 1] -value true
[12:40:50.11] /i db::setAttr iconified -of [gi::getFrames 1] -value false
[12:40:50.12] /i db::setAttr iconified -of [gi::getFrames 1] -value true
[12:40:50.42] /i db::setAttr geometry -of [gi::getFrames 1] -value 1040x824+439+170
[12:40:53.43] /e Error: Waveform viewer exited abnormally.
[12:42:01.52] /i db::setAttr iconified -of [gi::getFrames 1] -value false
[12:42:02.55] /i gi::setActiveWindow 2
[12:42:02.55] /i gi::setActiveWindow 2 -raise true
[12:42:03.58] /r giDialog gi::setActiveDialog [gi::getDialogs {giCloseFrame}]
[12:42:03.85] /r giDialog db::setAttr geometry -of [gi::getDialogs {giCloseFrame}] -value 299x108+810+535
[12:42:04.92] /r giDialog gi::closeWindows [gi::getDialogs {giCloseFrame}]
[12:42:06.04] /i gi::setItemSelection {cellCategories} -index {} -in [gi::getWindows 2]
[12:42:06.73] /i gi::setCurrentIndex {cellCategories} -index {Uncategorized} -in [gi::getWindows 2]
[12:42:06.73] /i gi::setItemSelection {cellCategories} -index {Uncategorized} -in [gi::getWindows 2]
[12:42:08.18] /i gi::setCurrentIndex {cells} -index {D_latch} -in [gi::getWindows 2]
[12:42:08.18] /# gi::executeAction dmShowNewCell -in [gi::getWindows 2]
[12:42:08.18] /i dm::showNewCell -parent 2
[12:42:08.20] /o oa:0x23d35c40
[12:42:08.24] /i gi::setActiveDialog [gi::getDialogs {dmNewCell} -parent [gi::getWindows 2]]
[12:42:08.51] /i db::setAttr geometry -of [gi::getDialogs {dmNewCell} -parent [gi::getWindows 2]] -value 448x227+725+417
[12:42:12.96] /i gi::setField {cellName} -value {trans_gate} -in [gi::getDialogs {dmNewCell} -parent [gi::getWindows 2]]
[12:42:12.96] /i gi::pressButton {ok} -in [gi::getDialogs {dmNewCell} -parent [gi::getWindows 2]]
[12:42:12.97] /# dm::createCell trans\_gate -lib [ oa::LibFind [oa::ScalarName [oa::CdbaNS] new\_dff]]
[12:42:12.97] /# gi::setItemSelection {cells} -index {trans_gate} -in [gi::getDialogs {dmNewCell} -parent [gi::getWindows 2]]
[12:42:14.27] /i gi::setCurrentIndex {cells} -index {trans_gate} -in [gi::getWindows 2]
[12:42:14.28] /i gi::setItemSelection {cells} -index {trans_gate} -in [gi::getWindows 2]
[12:42:16.80] /i db::setAttr dockSize -of [gi::getAssistants giConsole -from [gi::getWindows 2]] -value 1439x207
[12:42:16.80] /i db::setAttr geometry -of [gi::getFrames 1] -value 1439x824+439+170
[12:42:22.23] /# gi::executeAction dmShowNewCellView -in [gi::getWindows 2]
[12:42:22.23] /i dm::showNewCellView -parent 2
[12:42:22.26] /o oa:0x1ec6f250
[12:42:22.28] /i gi::setActiveDialog [gi::getDialogs {dmNewCellView} -parent [gi::getWindows 2]]
[12:42:22.54] /i db::setAttr geometry -of [gi::getDialogs {dmNewCellView} -parent [gi::getWindows 2]] -value 588x285+854+388
[12:42:26.10] /i gi::setField {cellViewName} -value {schematic} -in [gi::getDialogs {dmNewCellView} -parent [gi::getWindows 2]]
[12:42:27.69] /i gi::pressButton {ok} -in [gi::getDialogs {dmNewCellView} -parent [gi::getWindows 2]]
[12:42:27.70] /# db::getAttr viewType -of [dm::findCellView schematic -cell [dm::findCell trans\_gate -lib [oa::LibFind [oa::ScalarName [oa::CdbaNS] new\_dff]]]]
[12:42:27.70] /# dm::createCellView schematic -cell [dm::findCell trans\_gate -lib [ oa::LibFind [oa::ScalarName [oa::CdbaNS] new\_dff]]] -viewType schematic
[12:42:27.70] /# de::open [dm::findCellView schematic -cell [dm::findCell trans\_gate -lib [oa::LibFind [oa::ScalarName [oa::CdbaNS] new\_dff]]]] -application seSchematic
[12:42:27.72] /r giWindowId 7
[12:42:27.73] /r giWindowGeometry 1632x1020
[12:42:27.86] /m Information: 
[12:42:27.86] /o Checking "new_dff/trans_gate/schematic"
[12:42:27.86] /o No rule violations found in "new_dff/trans_gate/schematic"
[12:42:27.86] /m Information: Checking process is completed: marking the design violations
[12:42:27.86] /m Information: Marking of designs is completed
[12:42:30.99] /# gi::executeAction seCreateInst -in [gi::getWindows 7]
[12:42:30.99] /i ise::createInst
[12:42:31.04] /i gi::setActiveDialog [gi::getDialogs {seCreateInst} -parent [gi::getWindows 7]]
[12:42:31.31] /i db::setAttr geometry -of [gi::getDialogs {seCreateInst}] -value 359x337+0+65
[12:42:35.98] /i gi::setField {instMasterLib} -value {reference90RF} -in [gi::getDialogs {seCreateInst} -parent [gi::getWindows 7]]
[12:42:36.30] /i db::setAttr geometry -of [gi::getDialogs {seCreateInst}] -value 359x337+0+65
[12:42:41.40] /i gi::setField {instMasterCell} -value {p_4t} -in [gi::getDialogs {seCreateInst} -parent [gi::getWindows 7]]
[12:42:41.71] /i db::setAttr geometry -of [gi::getDialogs {seCreateInst}] -value 359x581+0+65
[12:42:42.22] /# gi::executeAction deAddPoint -in [gi::getWindows 7]
[12:42:42.22] /i de::addPoint {1.4125 1.80625} -context [db::getNext [de::getContexts -window 7]]
[12:42:43.29] /# gi::executeAction deAbortCommand -in [gi::getWindows 7]
[12:42:43.29] /i de::abortCommand -context [db::getNext [de::getContexts -window 7]]
[12:42:44.45] /# gi::executeAction seCreateInst -in [gi::getWindows 7]
[12:42:44.45] /i ise::createInst
[12:42:44.47] /o 0
[12:42:44.52] /i gi::setActiveDialog [gi::getDialogs {seCreateInst} -parent [gi::getWindows 7]]
[12:42:44.81] /i db::setAttr geometry -of [gi::getDialogs {seCreateInst}] -value 359x581+0+65
[12:42:49.41] /i gi::setField {instMasterCell} -value {n_4t} -in [gi::getDialogs {seCreateInst} -parent [gi::getWindows 7]]
[12:42:49.71] /i db::setAttr geometry -of [gi::getDialogs {seCreateInst}] -value 359x581+0+65
[12:42:50.92] /# gi::executeAction deAddPoint -in [gi::getWindows 7]
[12:42:50.92] /i de::addPoint {1.41875 0.7875} -context [db::getNext [de::getContexts -window 7]]
[12:42:51.07] /# gi::executeAction deAbortCommand -in [gi::getWindows 7]
[12:42:51.07] /i de::abortCommand -context [db::getNext [de::getContexts -window 7]]
[12:42:51.62] /i gi::executeAction deCanvasDragSelect -in [gi::getWindows 7]
[12:42:51.62] /r deCanvasDragStart 1.0625 2.5875
[12:42:52.05] /# gi::executeAction deCanvasDragEnd -in [gi::getWindows 7]
[12:42:52.05] /i gi::executeAction deCanvasDragEnd -in [gi::getWindows 7]
[12:42:52.05] /r deCanvasDragEnd 2.61875 0
[12:42:52.61] /# gi::executeAction deSelectActive -in [gi::getWindows 7]
[12:42:52.61] /i de::deselectAll [db::getNext [de::getContexts -window 7]]
[12:42:52.61] /i de::deselectAllLogic -context [db::getNext [de::getContexts -window 7]]
[12:42:52.92] /# gi::executeAction deSelectActive -in [gi::getWindows 7]
[12:42:52.92] /i de::deselectAll [db::getNext [de::getContexts -window 7]]
[12:42:52.92] /i de::select [de::getActiveFigure [gi::getWindows 7] -point {1.625 0.775} -index 0 -intent none]
[12:42:52.92] /o oa:0x1f917b90
[12:42:55.21] /# gi::executeAction seRotateCCWCenter -in [gi::getWindows 7]
[12:42:55.21] /i se::move [de::getSelected -design [db::getAttr editDesign -of [db::getNext [de::getContexts -window 7]]]]  -rotate R90
[12:42:55.36] /# gi::executeAction seRotateCCWCenter -in [gi::getWindows 7]
[12:42:55.36] /i se::move [de::getSelected -design [db::getAttr editDesign -of [db::getNext [de::getContexts -window 7]]]]  -rotate R90
[12:42:55.48] /# gi::executeAction seRotateCCWCenter -in [gi::getWindows 7]
[12:42:55.48] /i se::move [de::getSelected -design [db::getAttr editDesign -of [db::getNext [de::getContexts -window 7]]]]  -rotate R90
[12:42:56.12] /# gi::executeAction seRotateCCWCenter -in [gi::getWindows 7]
[12:42:56.12] /i se::move [de::getSelected -design [db::getAttr editDesign -of [db::getNext [de::getContexts -window 7]]]]  -rotate R90
[12:42:56.27] /# gi::executeAction seRotateCCWCenter -in [gi::getWindows 7]
[12:42:56.27] /i se::move [de::getSelected -design [db::getAttr editDesign -of [db::getNext [de::getContexts -window 7]]]]  -rotate R90
[12:42:57.10] /# gi::executeAction deSelectActive -in [gi::getWindows 7]
[12:42:57.10] /i de::deselectAll [db::getNext [de::getContexts -window 7]]
[12:42:57.10] /i de::deselectAllLogic -context [db::getNext [de::getContexts -window 7]]
[12:42:57.76] /# gi::executeAction seButton1DragStart -in [gi::getWindows 7]
[12:42:57.77] /i ise::stretch -object [de::getActiveFigure [gi::getWindows 7] -point {1.61875 0.675} -index 0 -intent none] -point {1.625 0.6875}
[12:42:58.09] /# gi::executeAction deEndDrag -in [gi::getWindows 7]
[12:42:58.09] /i de::endDrag {1.83125 0.5625} -context [db::getNext [de::getContexts -window 7]]
[12:42:58.66] /# gi::executeAction deSelectActive -in [gi::getWindows 7]
[12:42:58.66] /i de::deselectAll [db::getNext [de::getContexts -window 7]]
[12:42:58.66] /i de::select [de::getActiveFigure [gi::getWindows 7] -point {1.625 1.81875} -index 0 -intent none]
[12:42:58.66] /o oa:0x23c78e50
[12:43:01.17] /# gi::executeAction seRotateCWCenter -in [gi::getWindows 7]
[12:43:01.17] /i se::move [de::getSelected -design [db::getAttr editDesign -of [db::getNext [de::getContexts -window 7]]]]  -rotate R270
[12:43:01.76] /# gi::executeAction seRotateCWCenter -in [gi::getWindows 7]
[12:43:01.76] /i se::move [de::getSelected -design [db::getAttr editDesign -of [db::getNext [de::getContexts -window 7]]]]  -rotate R270
[12:43:02.27] /# gi::executeAction seRotateCWCenter -in [gi::getWindows 7]
[12:43:02.27] /i se::move [de::getSelected -design [db::getAttr editDesign -of [db::getNext [de::getContexts -window 7]]]]  -rotate R270
[12:43:02.42] /# gi::executeAction seRotateCWCenter -in [gi::getWindows 7]
[12:43:02.42] /i se::move [de::getSelected -design [db::getAttr editDesign -of [db::getNext [de::getContexts -window 7]]]]  -rotate R270
[12:43:02.54] /# gi::executeAction seRotateCWCenter -in [gi::getWindows 7]
[12:43:02.54] /i se::move [de::getSelected -design [db::getAttr editDesign -of [db::getNext [de::getContexts -window 7]]]]  -rotate R270
[12:43:03.22] /# gi::executeAction deSelectActive -in [gi::getWindows 7]
[12:43:03.22] /i de::deselectAll [db::getNext [de::getContexts -window 7]]
[12:43:03.22] /i de::deselectAllLogic -context [db::getNext [de::getContexts -window 7]]
[12:43:03.52] /# gi::executeAction deCanvasZoomInAtPoint -in [gi::getWindows 7]
[12:43:03.52] /i de::zoom -window [gi::getWindows 7] -factor 2.0 -center {2.14375 1.45}
[12:43:03.52] /o {0.55625 0.45} {3.99375 2.2875}
[12:43:04.10] /# gi::executeAction deSelectActive -in [gi::getWindows 7]
[12:43:04.10] /i de::deselectAll [db::getNext [de::getContexts -window 7]]
[12:43:04.10] /i de::select [de::getActiveFigure [gi::getWindows 7] -point {1.65 1.75} -index 0 -intent none]
[12:43:04.10] /o oa:0x244a3f20
[12:43:04.52] /# gi::executeAction seButton1DragStart -in [gi::getWindows 7]
[12:43:04.52] /i ise::stretch -point {1.625 1.75}
[12:43:05.88] /# gi::executeAction deEndDrag -in [gi::getWindows 7]
[12:43:05.88] /i de::endDrag {1.6875 1.61875} -context [db::getNext [de::getContexts -window 7]]
[12:43:06.29] /# gi::executeAction deSelectActive -in [gi::getWindows 7]
[12:43:06.29] /i de::deselectAll [db::getNext [de::getContexts -window 7]]
[12:43:06.29] /i de::deselectAllLogic -context [db::getNext [de::getContexts -window 7]]
[12:43:06.65] /# gi::executeAction deFitEdit -in [gi::getWindows 7]
[12:43:06.65] /i de::fit -window 7 -fitEdit true
[12:43:06.66] /o {-0.35625 0.0} {3.85625 2.25}
[12:43:58.48] /i gi::executeAction giCloseWindow -in [gi::getWindows 7]
[12:43:58.52] /r giDialog gi::setActiveDialog [gi::getDialogs {deCloseDesign} -parent [gi::getWindows 7]]
[12:43:58.82] /r giDialog db::setAttr geometry -of [gi::getDialogs {deCloseDesign} -parent [gi::getWindows 7]] -value 472x82+922+548
[12:43:59.65] /r giDialog gi::pressButton {save} -in [gi::getDialogs {deCloseDesign} -parent [gi::getWindows 7]]
[12:43:59.65] /m Information: Saving design 'new_dff trans_gate schematic'. (DESIGN_WINDOW-004)
[12:43:59.71] /i gi::setActiveWindow 2
[12:43:59.72] /i gi::setActiveWindow 2 -raise true
[12:44:01.01] /i gi::setCurrentIndex {cells} -index {d_ff} -in [gi::getWindows 2]
[12:44:01.02] /i gi::setItemSelection {cells} -index {d_ff} -in [gi::getWindows 2]
[12:44:01.58] /i gi::setCurrentIndex {cells} -index {D_latch} -in [gi::getWindows 2]
[12:44:01.58] /i gi::setItemSelection {cells} -index {D_latch} -in [gi::getWindows 2]
[12:44:02.90] /i gi::setCurrentIndex {cells} -index {d_ff} -in [gi::getWindows 2]
[12:44:02.90] /i gi::setItemSelection {cells} -index {d_ff} -in [gi::getWindows 2]
[12:44:03.38] /i gi::setCurrentIndex {cells} -index {D_latch} -in [gi::getWindows 2]
[12:44:03.38] /i gi::setItemSelection {cells} -index {D_latch} -in [gi::getWindows 2]
[12:44:03.82] /i gi::setCurrentIndex {views} -index {schematic} -in [gi::getWindows 2]
[12:44:03.82] /i gi::setItemSelection {views} -index {schematic} -in [gi::getWindows 2]
[12:44:04.00] /i gi::executeAction dmOpen -in [gi::getWindows 2]
[12:44:04.01] /r giWindowId 8
[12:44:04.01] /r giWindowGeometry 1632x1020
[12:44:04.17] /m Information: 
[12:44:04.17] /o Checking "new_dff/D_latch/schematic"
[12:44:04.17] /o No rule violations found in "new_dff/D_latch/schematic"
[12:44:04.17] /m Information: Checking process is completed: marking the design violations
[12:44:04.17] /m Information: Marking of designs is completed
[12:44:04.93] /# gi::executeAction deCanvasZoomInAtPoint -in [gi::getWindows 8]
[12:44:04.93] /i de::zoom -window [gi::getWindows 8] -factor 2.0 -center {5.69375 4.65}
[12:44:04.93] /o {0.76875 0.5875} {8.4625 4.7}
[12:44:05.54] /# gi::executeAction deCanvasZoomInAtPoint -in [gi::getWindows 8]
[12:44:05.54] /i de::zoom -window [gi::getWindows 8] -factor 2.0 -center {5.3375 3.78125}
[12:44:05.54] /o {3.05625 2.1875} {6.9 4.2375}
[12:44:23.86] /i db::setAttr maximized -of [gi::getFrames 1] -value true
[12:44:24.20] /i db::setAttr dockSize -of [gi::getAssistants dePropertyEditor -from [gi::getWindows 8]] -value 290x839
[12:44:24.20] /i db::setAttr dockSize -of [gi::getAssistants giConsole -from [gi::getWindows 8]] -value 1867x89
[12:44:24.22] /i db::setAttr geometry -of [gi::getFrames 1] -value 1910x1101+5+56
[12:44:24.58] /# gi::executeAction deCanvasZoomOutAtPoint -in [gi::getWindows 8]
[12:44:24.58] /i de::zoom -window [gi::getWindows 8] -factor 0.5 -center {5.3875 3.3}
[12:44:24.58] /o {0.71875 -0.86875} {11.70625 5.18125}
[12:44:25.46] /# gi::executeAction deFitEdit -in [gi::getWindows 8]
[12:44:25.46] /i de::fit -window 8 -fitEdit true
[12:44:25.46] /o {-3.925 -3.475} {11.00625 4.75}
[12:44:29.39] /# gi::executeAction deCanvasZoomInAtPoint -in [gi::getWindows 8]
[12:44:29.39] /i de::zoom -window [gi::getWindows 8] -factor 2.0 -center {3.63125 -2.0875}
[12:44:29.39] /o {-0.15 -2.78125} {7.31875 1.33125}
[12:44:30.21] /# gi::executeAction deFitEdit -in [gi::getWindows 8]
[12:44:30.21] /i de::fit -window 8 -fitEdit true
[12:44:30.21] /o {-3.925 -3.475} {11.00625 4.75}
[12:44:30.94] /# gi::executeAction deCanvasZoomInAtPoint -in [gi::getWindows 8]
[12:44:30.94] /i de::zoom -window [gi::getWindows 8] -factor 2.0 -center {3.71875 -1.05}
[12:44:30.94] /o {-0.10625 -2.2625} {7.3625 1.85}
[12:44:31.04] /# gi::executeAction deCanvasZoomInAtPoint -in [gi::getWindows 8]
[12:44:31.04] /i de::zoom -window [gi::getWindows 8] -factor 2.0 -center {3.71875 -1.05}
[12:44:31.04] /o {1.80625 -1.65625} {5.54375 0.4}
[12:44:31.48] /# gi::executeAction deFitEdit -in [gi::getWindows 8]
[12:44:31.48] /i de::fit -window 8 -fitEdit true
[12:44:31.48] /o {-3.925 -3.475} {11.00625 4.75}
[12:44:55.42] /m Information: Stopped sharing "Custom WaveView" license. (WAVEFORM-111)
[12:45:56.71] /# gi::executeAction deSelectActive -in [gi::getWindows 8]
[12:45:56.71] /i de::deselectAll [db::getNext [de::getContexts -window 8]]
[12:45:56.71] /i de::deselectAllLogic -context [db::getNext [de::getContexts -window 8]]
[12:45:57.16] /i gi::executeAction deCanvasDragSelect -in [gi::getWindows 8]
[12:45:57.16] /r deCanvasDragStart 0.1875 0.48125
[12:45:58.92] /# gi::executeAction deCanvasDragEnd -in [gi::getWindows 8]
[12:45:58.92] /i gi::executeAction deCanvasDragEnd -in [gi::getWindows 8]
[12:45:58.92] /r deCanvasDragEnd 7.48125 -3.3
[12:46:26.89] /# gi::executeAction deSelectActive -in [gi::getWindows 8]
[12:46:26.89] /i de::deselectAll [db::getNext [de::getContexts -window 8]]
[12:46:26.89] /i de::deselectAllLogic -context [db::getNext [de::getContexts -window 8]]
[12:46:29.97] /i gi::executeAction deCanvasDragSelect -in [gi::getWindows 8]
[12:46:29.97] /r deCanvasDragStart 0.00625 4.3
[12:46:31.03] /# gi::executeAction deCanvasDragEnd -in [gi::getWindows 8]
[12:46:31.03] /i gi::executeAction deCanvasDragEnd -in [gi::getWindows 8]
[12:46:31.03] /r deCanvasDragEnd 9.175 -3.3125
[12:46:33.89] /# gi::executeAction deSelectActive -in [gi::getWindows 8]
[12:46:33.89] /i de::deselectAll [db::getNext [de::getContexts -window 8]]
[12:46:33.89] /i de::deselectAllLogic -context [db::getNext [de::getContexts -window 8]]
[12:46:34.98] /i gi::executeAction deCanvasDragSelect -in [gi::getWindows 8]
[12:46:34.98] /r deCanvasDragStart 2.23125 0.3375
[12:46:35.94] /# gi::executeAction deCanvasDragEnd -in [gi::getWindows 8]
[12:46:35.94] /i gi::executeAction deCanvasDragEnd -in [gi::getWindows 8]
[12:46:35.94] /r deCanvasDragEnd 6.975 -3.5
[12:46:44.13] /# gi::executeAction seDelete -in [gi::getWindows 8]
[12:46:44.13] /i ise::delete
[12:46:45.37] /# gi::executeAction deSelectActive -in [gi::getWindows 8]
[12:46:45.37] /i de::deselectAll [db::getNext [de::getContexts -window 8]]
[12:46:45.37] /i de::select [de::getActiveFigure [gi::getWindows 8] -point {2.35625 -1.775} -index 0 -intent none]
[12:46:45.37] /o oa:0x24830050
[12:46:46.02] /# gi::executeAction seDelete -in [gi::getWindows 8]
[12:46:46.02] /i ise::delete
[12:46:46.69] /i gi::executeAction deCanvasDragCancel -in [gi::getWindows 8]
[12:46:47.01] /i gi::executeAction deCanvasDragSelect -in [gi::getWindows 8]
[12:46:47.01] /r deCanvasDragStart 1.31875 -1.5125
[12:46:47.17] /# gi::executeAction deCanvasDragEnd -in [gi::getWindows 8]
[12:46:47.17] /i gi::executeAction deCanvasDragEnd -in [gi::getWindows 8]
[12:46:47.17] /r deCanvasDragEnd 2.44375 -2.3125
[12:46:48.10] /# gi::executeAction seButton1DragStart -in [gi::getWindows 8]
[12:46:48.10] /i ise::stretch -point {1.5625 -1.75}
[12:46:48.60] /# gi::executeAction deEndDrag -in [gi::getWindows 8]
[12:46:48.60] /i de::endDrag {0.41875 1.19375} -context [db::getNext [de::getContexts -window 8]]
[12:46:48.83] /# gi::executeAction deCanvasZoomInAtPoint -in [gi::getWindows 8]
[12:46:48.83] /i de::zoom -window [gi::getWindows 8] -factor 2.0 -center {0.5625 1.05}
[12:46:48.83] /o {-1.68125 -1.2125} {5.7875 2.9}
[12:46:49.51] /# gi::executeAction seCopy -in [gi::getWindows 8]
[12:46:49.51] /i ise::copy
[12:46:49.75] /# gi::executeAction deAddPoint -in [gi::getWindows 8]
[12:46:49.75] /i de::addPoint {0.4125 1.15} -context [db::getNext [de::getContexts -window 8]]
[12:46:50.42] /# gi::executeAction deAddPoint -in [gi::getWindows 8]
[12:46:50.42] /i de::addPoint {0.4125 0.725} -context [db::getNext [de::getContexts -window 8]]
[12:46:50.56] /i gi::executeAction deCanvasDragCancel -in [gi::getWindows 8]
[12:46:52.03] /i gi::setItemSelection {attributes} -index {name,all} -in [gi::getAssistants dePropertyEditor -from [gi::getWindows 8]]
[12:46:52.03] /i gi::setCurrentIndex {attributes} -index {name,Value} -in [gi::getAssistants dePropertyEditor -from [gi::getWindows 8]]
[12:46:53.18] /i gi::setField {attributes} -value {CLKB} -index {name,Value} -in [gi::getAssistants dePropertyEditor -from [gi::getWindows 8]]
[12:46:53.18] /i gi::executeAction dePropertyEditorApplyChanges -in [gi::getAssistants dePropertyEditor -from [gi::getWindows 8]]
[12:46:53.89] /# gi::executeAction deFitEdit -in [gi::getWindows 8]
[12:46:53.89] /i de::fit -window 8 -fitEdit true
[12:46:53.89] /o {-0.525 0.21875} {7.35 4.55625}
[12:46:54.50] /# gi::executeAction deSelectActive -in [gi::getWindows 8]
[12:46:54.50] /i de::deselectAll [db::getNext [de::getContexts -window 8]]
[12:46:54.50] /i de::deselectAllLogic -context [db::getNext [de::getContexts -window 8]]
[12:47:33.26] /i gi::executeAction deCanvasDragCancel -in [gi::getWindows 8]
[12:47:33.95] /i gi::executeAction deCanvasDragSelect -in [gi::getWindows 8]
[12:47:33.95] /r deCanvasDragStart 1.70625 4.40625
[12:47:34.76] /# gi::executeAction deCanvasDragEnd -in [gi::getWindows 8]
[12:47:34.76] /i gi::executeAction deCanvasDragEnd -in [gi::getWindows 8]
[12:47:34.76] /r deCanvasDragEnd 6.35 0.14375
[12:47:36.37] /# gi::executeAction deSelectActive -in [gi::getWindows 8]
[12:47:36.37] /i de::deselectAll [db::getNext [de::getContexts -window 8]]
[12:47:36.37] /i de::deselectAllLogic -context [db::getNext [de::getContexts -window 8]]
[12:47:38.38] /i gi::executeAction deCanvasDragSelect -in [gi::getWindows 8]
[12:47:38.38] /r deCanvasDragStart 1.58125 4.55
[12:47:38.95] /# gi::executeAction deCanvasDragEnd -in [gi::getWindows 8]
[12:47:38.95] /i gi::executeAction deCanvasDragEnd -in [gi::getWindows 8]
[12:47:38.95] /r deCanvasDragEnd 6.8875 0.1
[12:47:40.05] /# gi::executeAction deSelectActive -in [gi::getWindows 8]
[12:47:40.05] /i de::deselectAll [db::getNext [de::getContexts -window 8]]
[12:47:40.05] /i de::deselectAllLogic -context [db::getNext [de::getContexts -window 8]]
[12:47:40.95] /i gi::executeAction deCanvasDragSelect -in [gi::getWindows 8]
[12:47:40.95] /r deCanvasDragStart 6.16875 3.01875
[12:47:41.17] /# gi::executeAction deCanvasDragEnd -in [gi::getWindows 8]
[12:47:41.17] /i gi::executeAction deCanvasDragEnd -in [gi::getWindows 8]
[12:47:41.17] /r deCanvasDragEnd 7.23125 2.4125
[12:47:41.84] /# gi::executeAction seDelete -in [gi::getWindows 8]
[12:47:41.84] /i ise::delete
[12:47:42.06] /i gi::executeAction deCanvasDragCancel -in [gi::getWindows 8]
[12:47:42.90] /i gi::executeAction deCanvasDragSelect -in [gi::getWindows 8]
[12:47:42.90] /r deCanvasDragStart 1.56875 4.5
[12:47:43.80] /# gi::executeAction deCanvasDragEnd -in [gi::getWindows 8]
[12:47:43.81] /i gi::executeAction deCanvasDragEnd -in [gi::getWindows 8]
[12:47:43.81] /r deCanvasDragEnd 6.275 0.2625
[12:47:44.46] /# gi::executeAction seDelete -in [gi::getWindows 8]
[12:47:44.46] /i ise::delete
[12:47:45.56] /i gi::executeAction deCanvasDragSelect -in [gi::getWindows 8]
[12:47:45.56] /r deCanvasDragStart 0.7 2.69375
[12:47:45.74] /# gi::executeAction deCanvasDragEnd -in [gi::getWindows 8]
[12:47:45.74] /i gi::executeAction deCanvasDragEnd -in [gi::getWindows 8]
[12:47:45.75] /r deCanvasDragEnd 2.90625 1.79375
[12:47:46.56] /# gi::executeAction seButton1DragStart -in [gi::getWindows 8]
[12:47:46.57] /i ise::stretch -point {1.1875 2.3125}
[12:47:46.87] /# gi::executeAction deEndDrag -in [gi::getWindows 8]
[12:47:46.87] /i de::endDrag {0.53125 2.3375} -context [db::getNext [de::getContexts -window 8]]
[12:47:47.11] /# gi::executeAction deSelectActive -in [gi::getWindows 8]
[12:47:47.11] /i de::deselectAll [db::getNext [de::getContexts -window 8]]
[12:47:47.11] /i de::deselectAllLogic -context [db::getNext [de::getContexts -window 8]]
[12:47:47.53] /# gi::executeAction deSelectActive -in [gi::getWindows 8]
[12:47:47.53] /i de::deselectAll [db::getNext [de::getContexts -window 8]]
[12:47:47.53] /i de::select [de::getActiveFigure [gi::getWindows 8] -point {0.98125 2.36875} -index 0 -intent none]
[12:47:47.53] /o oa:0x1e9b8f80
[12:47:48.14] /# gi::executeAction seDelete -in [gi::getWindows 8]
[12:47:48.14] /i ise::delete
[12:47:48.45] /i gi::executeAction deCanvasDragCancel -in [gi::getWindows 8]
[12:47:49.40] /i gi::executeAction deCanvasDragSelect -in [gi::getWindows 8]
[12:47:49.40] /r deCanvasDragStart -0.0125 1.39375
[12:47:49.61] /# gi::executeAction deCanvasDragEnd -in [gi::getWindows 8]
[12:47:49.61] /i gi::executeAction deCanvasDragEnd -in [gi::getWindows 8]
[12:47:49.61] /r deCanvasDragEnd 1.71875 0.29375
[12:47:50.64] /# gi::executeAction seButton1DragStart -in [gi::getWindows 8]
[12:47:50.64] /i ise::stretch -point {0.375 1.1875}
[12:47:51.71] /# gi::executeAction deEndDrag -in [gi::getWindows 8]
[12:47:51.71] /i de::endDrag {0.475 1.6} -context [db::getNext [de::getContexts -window 8]]
[12:47:52.23] /i gi::executeAction deCanvasDragSelect -in [gi::getWindows 8]
[12:47:52.23] /r deCanvasDragStart 0.3375 4.06875
[12:47:52.44] /# gi::executeAction deCanvasDragEnd -in [gi::getWindows 8]
[12:47:52.44] /i gi::executeAction deCanvasDragEnd -in [gi::getWindows 8]
[12:47:52.44] /r deCanvasDragEnd 1.825 2.9125
[12:47:53.42] /# gi::executeAction seButton1DragStart -in [gi::getWindows 8]
[12:47:53.42] /i ise::stretch -point {0.6875 3.8125}
[12:47:55.13] /# gi::executeAction deEndDrag -in [gi::getWindows 8]
[12:47:55.13] /i de::endDrag {0.61875 3.45} -context [db::getNext [de::getContexts -window 8]]
[12:47:55.46] /# gi::executeAction deSelectActive -in [gi::getWindows 8]
[12:47:55.46] /i de::deselectAll [db::getNext [de::getContexts -window 8]]
[12:47:55.46] /i de::deselectAllLogic -context [db::getNext [de::getContexts -window 8]]
[12:47:56.32] /# gi::executeAction seCreateInst -in [gi::getWindows 8]
[12:47:56.32] /i ise::createInst
[12:47:56.35] /o seSchematic
[12:47:56.40] /i gi::setActiveDialog [gi::getDialogs {seCreateInst} -parent [gi::getWindows 8]]
[12:47:56.69] /i db::setAttr geometry -of [gi::getDialogs {seCreateInst}] -value 359x337+0+65
[12:48:02.87] /i gi::setField {instMasterCell} -value {} -in [gi::getDialogs {seCreateInst} -parent [gi::getWindows 8]]
[12:48:03.18] /i db::setAttr geometry -of [gi::getDialogs {seCreateInst}] -value 359x337+0+65
[12:48:04.40] /i gi::setField {instMasterLib} -value {reference90RF} -in [gi::getDialogs {seCreateInst} -parent [gi::getWindows 8]]
[12:48:04.71] /i db::setAttr geometry -of [gi::getDialogs {seCreateInst}] -value 359x337+0+65
[12:48:06.18] /i gi::executeAction deObjectActivation -in [gi::getWindows 8]
[12:48:09.66] /i gi::setField {instMasterCell} -value {p_4t} -in [gi::getDialogs {seCreateInst} -parent [gi::getWindows 8]]
[12:48:09.98] /i db::setAttr geometry -of [gi::getDialogs {seCreateInst}] -value 359x581+0+65
[12:48:12.08] /i gi::executeAction deObjectActivation -in [gi::getWindows 8]
[12:48:13.41] /# gi::executeAction deAddPoint -in [gi::getWindows 8]
[12:48:13.41] /i de::addPoint {2.45625 3.65625} -context [db::getNext [de::getContexts -window 8]]
[12:48:16.72] /# gi::executeAction deAddPoint -in [gi::getWindows 8]
[12:48:16.72] /i de::addPoint {2.425 1.63125} -context [db::getNext [de::getContexts -window 8]]
[12:48:17.77] /# gi::executeAction deAddPoint -in [gi::getWindows 8]
[12:48:17.77] /i de::addPoint {3.85625 3.75} -context [db::getNext [de::getContexts -window 8]]
[12:48:18.67] /# gi::executeAction deAddPoint -in [gi::getWindows 8]
[12:48:18.67] /i de::addPoint {3.8125 1.6} -context [db::getNext [de::getContexts -window 8]]
[12:48:19.65] /# gi::executeAction deAddPoint -in [gi::getWindows 8]
[12:48:19.65] /i de::addPoint {4.8625 3.825} -context [db::getNext [de::getContexts -window 8]]
[12:48:20.62] /# gi::executeAction deAddPoint -in [gi::getWindows 8]
[12:48:20.62] /i de::addPoint {4.81875 1.56875} -context [db::getNext [de::getContexts -window 8]]
[12:48:21.42] /# gi::executeAction deAddPoint -in [gi::getWindows 8]
[12:48:21.42] /i de::addPoint {5.86875 3.88125} -context [db::getNext [de::getContexts -window 8]]
[12:48:22.25] /# gi::executeAction deAddPoint -in [gi::getWindows 8]
[12:48:22.25] /i de::addPoint {5.8375 1.56875} -context [db::getNext [de::getContexts -window 8]]
[12:48:26.13] /i gi::setField {instMasterCell} -value {n_4t} -in [gi::getDialogs {seCreateInst} -parent [gi::getWindows 8]]
[12:48:26.41] /i db::setAttr geometry -of [gi::getDialogs {seCreateInst}] -value 359x581+0+65
[12:48:27.47] /# gi::executeAction deAddPoint -in [gi::getWindows 8]
[12:48:27.47] /i de::addPoint {2.38125 2.94375} -context [db::getNext [de::getContexts -window 8]]
[12:48:28.16] /# gi::executeAction deAddPoint -in [gi::getWindows 8]
[12:48:28.16] /i de::addPoint {2.4 0.7625} -context [db::getNext [de::getContexts -window 8]]
[12:48:29.19] /# gi::executeAction deAddPoint -in [gi::getWindows 8]
[12:48:29.19] /i de::addPoint {3.825 3.05625} -context [db::getNext [de::getContexts -window 8]]
[12:48:29.86] /# gi::executeAction deAddPoint -in [gi::getWindows 8]
[12:48:29.86] /i de::addPoint {3.80625 0.725} -context [db::getNext [de::getContexts -window 8]]
[12:48:30.85] /# gi::executeAction deAddPoint -in [gi::getWindows 8]
[12:48:30.85] /i de::addPoint {4.90625 3.06875} -context [db::getNext [de::getContexts -window 8]]
[12:48:31.69] /# gi::executeAction deAddPoint -in [gi::getWindows 8]
[12:48:31.69] /i de::addPoint {4.95 0.6875} -context [db::getNext [de::getContexts -window 8]]
[12:48:32.43] /# gi::executeAction deAddPoint -in [gi::getWindows 8]
[12:48:32.43] /i de::addPoint {5.78125 3.025} -context [db::getNext [de::getContexts -window 8]]
[12:48:33.16] /# gi::executeAction deAddPoint -in [gi::getWindows 8]
[12:48:33.16] /i de::addPoint {5.78125 0.74375} -context [db::getNext [de::getContexts -window 8]]
[12:48:33.34] /# gi::executeAction deAbortCommand -in [gi::getWindows 8]
[12:48:33.34] /i de::abortCommand -context [db::getNext [de::getContexts -window 8]]
[12:48:34.33] /# gi::executeAction seButton1DragStart -in [gi::getWindows 8]
[12:48:34.33] /i ise::stretch -object [de::getActiveFigure [gi::getWindows 8] -point {6.4875 3.20625} -index 0 -intent none] -point {6.5 3.1875}
[12:48:35.98] /# gi::executeAction deEndDrag -in [gi::getWindows 8]
[12:48:35.98] /i de::endDrag {6.9375 2.2375} -context [db::getNext [de::getContexts -window 8]]
[12:48:52.94] /i gi::executeAction deCanvasDragSelect -in [gi::getWindows 8]
[12:48:52.94] /r deCanvasDragStart 2.2 1.8375
[12:48:53.43] /# gi::executeAction deCanvasDragEnd -in [gi::getWindows 8]
[12:48:53.43] /i gi::executeAction deCanvasDragEnd -in [gi::getWindows 8]
[12:48:53.44] /r deCanvasDragEnd 7.6875 -0.38125
[12:48:54.43] /# gi::executeAction seDelete -in [gi::getWindows 8]
[12:48:54.43] /i ise::delete
[12:48:54.70] /i gi::executeAction deCanvasDragCancel -in [gi::getWindows 8]
[12:48:55.42] /i gi::executeAction deCanvasDragSelect -in [gi::getWindows 8]
[12:48:55.42] /r deCanvasDragStart 2.1 4.175
[12:48:56.12] /# gi::executeAction deCanvasDragEnd -in [gi::getWindows 8]
[12:48:56.12] /i gi::executeAction deCanvasDragEnd -in [gi::getWindows 8]
[12:48:56.13] /r deCanvasDragEnd 6.6625 2.2625
[12:48:56.99] /# gi::executeAction seButton1DragStart -in [gi::getWindows 8]
[12:48:56.99] /i ise::stretch -point {6 3.875}
[12:48:57.35] /# gi::executeAction deEndDrag -in [gi::getWindows 8]
[12:48:57.35] /i de::endDrag {5.7 3.21875} -context [db::getNext [de::getContexts -window 8]]
[12:48:57.63] /# gi::executeAction deSelectActive -in [gi::getWindows 8]
[12:48:57.63] /i de::deselectAll [db::getNext [de::getContexts -window 8]]
[12:48:57.63] /i de::deselectAllLogic -context [db::getNext [de::getContexts -window 8]]
[12:48:58.29] /# gi::executeAction deSelectActive -in [gi::getWindows 8]
[12:48:58.29] /i de::deselectAll [db::getNext [de::getContexts -window 8]]
[12:48:58.29] /i de::select [de::getActiveFigure [gi::getWindows 8] -point {2.1375 3.0625} -index 0 -intent none]
[12:48:58.29] /o oa:0x2454d660
[12:48:58.74] /# gi::executeAction deSelectActive -in [gi::getWindows 8]
[12:48:58.74] /i de::deselectAll [db::getNext [de::getContexts -window 8]]
[12:48:58.74] /i de::select [de::getActiveFigure [gi::getWindows 8] -point {2.23125 3.04375} -index 0 -intent none]
[12:48:58.74] /o oa:0x241c2790
[12:49:00.42] /i de::undoTransaction -design [db::getAttr editDesign -of [de::getContexts -window 8]] -steps 1
[12:49:01.28] /# gi::executeAction deSelectActive -in [gi::getWindows 8]
[12:49:01.28] /i de::deselectAll [db::getNext [de::getContexts -window 8]]
[12:49:01.28] /i de::deselectAllLogic -context [db::getNext [de::getContexts -window 8]]
[12:49:01.73] /# gi::executeAction deSelectActive -in [gi::getWindows 8]
[12:49:01.73] /i de::deselectAll [db::getNext [de::getContexts -window 8]]
[12:49:01.73] /i de::select [de::getActiveFigure [gi::getWindows 8] -point {2.4875 3.73125} -index 0 -intent none]
[12:49:01.73] /o oa:0x1f90d5e0
[12:49:02.91] /i de::redoTransaction -design [db::getAttr editDesign -of [de::getContexts -window 8]] -steps 1
[12:49:03.38] /# gi::executeAction deSelectActive -in [gi::getWindows 8]
[12:49:03.38] /i de::deselectAll [db::getNext [de::getContexts -window 8]]
[12:49:03.38] /i de::deselectAllLogic -context [db::getNext [de::getContexts -window 8]]
[12:49:03.88] /# gi::executeAction deSelectActive -in [gi::getWindows 8]
[12:49:03.88] /i de::deselectAll [db::getNext [de::getContexts -window 8]]
[12:49:03.88] /i de::select [de::getActiveFigure [gi::getWindows 8] -point {2.24375 2.96875} -index 0 -intent none]
[12:49:03.88] /o oa:0x2411d520
[12:49:05.90] /# gi::executeAction seRotateCCWCenter -in [gi::getWindows 8]
[12:49:05.90] /i se::move [de::getSelected -design [db::getAttr editDesign -of [db::getNext [de::getContexts -window 8]]]]  -rotate R90
[12:49:06.40] /# gi::executeAction seRotateCCWCenter -in [gi::getWindows 8]
[12:49:06.40] /i se::move [de::getSelected -design [db::getAttr editDesign -of [db::getNext [de::getContexts -window 8]]]]  -rotate R90
[12:49:06.53] /# gi::executeAction seRotateCCWCenter -in [gi::getWindows 8]
[12:49:06.53] /i se::move [de::getSelected -design [db::getAttr editDesign -of [db::getNext [de::getContexts -window 8]]]]  -rotate R90
[12:49:07.05] /# gi::executeAction deSelectActive -in [gi::getWindows 8]
[12:49:07.05] /i de::deselectAll [db::getNext [de::getContexts -window 8]]
[12:49:07.05] /i de::deselectAllLogic -context [db::getNext [de::getContexts -window 8]]
[12:49:07.42] /# gi::executeAction deSelectActive -in [gi::getWindows 8]
[12:49:07.42] /i de::deselectAll [db::getNext [de::getContexts -window 8]]
[12:49:07.42] /i de::select [de::getActiveFigure [gi::getWindows 8] -point {2.21875 2.2875} -index 0 -intent none]
[12:49:07.42] /o oa:0x246f80a0
[12:49:08.81] /# gi::executeAction seRotateCCWCenter -in [gi::getWindows 8]
[12:49:08.81] /i se::move [de::getSelected -design [db::getAttr editDesign -of [db::getNext [de::getContexts -window 8]]]]  -rotate R90
[12:49:08.95] /# gi::executeAction seRotateCCWCenter -in [gi::getWindows 8]
[12:49:08.95] /i se::move [de::getSelected -design [db::getAttr editDesign -of [db::getNext [de::getContexts -window 8]]]]  -rotate R90
[12:49:09.06] /# gi::executeAction seRotateCCWCenter -in [gi::getWindows 8]
[12:49:09.06] /i se::move [de::getSelected -design [db::getAttr editDesign -of [db::getNext [de::getContexts -window 8]]]]  -rotate R90
[12:49:10.36] /# gi::executeAction seRotateCCWCenter -in [gi::getWindows 8]
[12:49:10.36] /i se::move [de::getSelected -design [db::getAttr editDesign -of [db::getNext [de::getContexts -window 8]]]]  -rotate R90
[12:49:10.50] /# gi::executeAction seRotateCCWCenter -in [gi::getWindows 8]
[12:49:10.50] /i se::move [de::getSelected -design [db::getAttr editDesign -of [db::getNext [de::getContexts -window 8]]]]  -rotate R90
[12:49:11.02] /# gi::executeAction deSelectActive -in [gi::getWindows 8]
[12:49:11.02] /i de::deselectAll [db::getNext [de::getContexts -window 8]]
[12:49:11.02] /i de::deselectAllLogic -context [db::getNext [de::getContexts -window 8]]
[12:49:11.66] /# gi::executeAction seButton1DragStart -in [gi::getWindows 8]
[12:49:11.66] /i ise::stretch -object [de::getActiveFigure [gi::getWindows 8] -point {2.15625 2.16875} -index 0 -intent none] -point {2.1875 2.1875}
[12:49:12.54] /# gi::executeAction deEndDrag -in [gi::getWindows 8]
[12:49:12.54] /i de::endDrag {2.35 1.95625} -context [db::getNext [de::getContexts -window 8]]
[12:50:10.65] /i gi::executeAction deCanvasDragSelect -in [gi::getWindows 8]
[12:50:10.65] /r deCanvasDragStart 2.09375 3.43125
[12:50:11.01] /# gi::executeAction deCanvasDragEnd -in [gi::getWindows 8]
[12:50:11.01] /i gi::executeAction deCanvasDragEnd -in [gi::getWindows 8]
[12:50:11.01] /r deCanvasDragEnd 3.04375 1.39375
[12:50:12.60] /# gi::executeAction seFlipVerticalCenter -in [gi::getWindows 8]
[12:50:12.60] /i se::move [de::getSelected -design [db::getAttr editDesign -of [db::getNext [de::getContexts -window 8]]]]  -rotate MX
[12:50:13.37] /# gi::executeAction seFlipVerticalCenter -in [gi::getWindows 8]
[12:50:13.37] /i se::move [de::getSelected -design [db::getAttr editDesign -of [db::getNext [de::getContexts -window 8]]]]  -rotate MX
[12:50:14.00] /# gi::executeAction seFlipVerticalCenter -in [gi::getWindows 8]
[12:50:14.00] /i se::move [de::getSelected -design [db::getAttr editDesign -of [db::getNext [de::getContexts -window 8]]]]  -rotate MX
[12:50:16.12] /# gi::executeAction seFlipVerticalCenter -in [gi::getWindows 8]
[12:50:16.12] /i se::move [de::getSelected -design [db::getAttr editDesign -of [db::getNext [de::getContexts -window 8]]]]  -rotate MX
[12:50:16.71] /# gi::executeAction deSelectActive -in [gi::getWindows 8]
[12:50:16.71] /i de::deselectAll [db::getNext [de::getContexts -window 8]]
[12:50:16.71] /i de::deselectAllLogic -context [db::getNext [de::getContexts -window 8]]
[12:50:21.34] /i gi::executeAction deCanvasDragSelect -in [gi::getWindows 8]
[12:50:21.34] /r deCanvasDragStart 1.775 3.61875
[12:50:21.63] /# gi::executeAction deCanvasDragEnd -in [gi::getWindows 8]
[12:50:21.63] /i gi::executeAction deCanvasDragEnd -in [gi::getWindows 8]
[12:50:21.63] /r deCanvasDragEnd 3.34375 0.425
[12:50:23.11] /# gi::executeAction seFlipVerticalCenter -in [gi::getWindows 8]
[12:50:23.11] /i se::move [de::getSelected -design [db::getAttr editDesign -of [db::getNext [de::getContexts -window 8]]]]  -rotate MX
[12:50:23.77] /# gi::executeAction deSelectActive -in [gi::getWindows 8]
[12:50:23.77] /i de::deselectAll [db::getNext [de::getContexts -window 8]]
[12:50:23.77] /i de::deselectAllLogic -context [db::getNext [de::getContexts -window 8]]
[12:50:25.17] /i gi::executeAction deCanvasDragSelect -in [gi::getWindows 8]
[12:50:25.17] /r deCanvasDragStart 3.4125 3.525
[12:50:25.50] /# gi::executeAction deCanvasDragEnd -in [gi::getWindows 8]
[12:50:25.50] /i gi::executeAction deCanvasDragEnd -in [gi::getWindows 8]
[12:50:25.50] /r deCanvasDragEnd 4.5875 1.58125
[12:50:26.94] /# gi::executeAction seDelete -in [gi::getWindows 8]
[12:50:26.94] /i ise::delete
[12:50:27.35] /# gi::executeAction deSelectActive -in [gi::getWindows 8]
[12:50:27.35] /i de::deselectAllLogic -context [db::getNext [de::getContexts -window 8]]
[12:50:27.93] /i gi::executeAction deCanvasDragSelect -in [gi::getWindows 8]
[12:50:27.93] /r deCanvasDragStart 1.975 3.6
[12:50:28.23] /# gi::executeAction deCanvasDragEnd -in [gi::getWindows 8]
[12:50:28.23] /i gi::executeAction deCanvasDragEnd -in [gi::getWindows 8]
[12:50:28.23] /r deCanvasDragEnd 3.2375 1.41875
[12:50:28.72] /# gi::executeAction seCopy -in [gi::getWindows 8]
[12:50:28.72] /i ise::copy
[12:50:28.98] /# gi::executeAction deAddPoint -in [gi::getWindows 8]
[12:50:28.98] /i de::addPoint {2.39375 3.06875} -context [db::getNext [de::getContexts -window 8]]
[12:50:31.00] /# gi::executeAction deAddPoint -in [gi::getWindows 8]
[12:50:31.00] /i de::addPoint {3.81875 3.0625} -context [db::getNext [de::getContexts -window 8]]
[12:50:31.14] /i gi::executeAction deCanvasDragCancel -in [gi::getWindows 8]
[12:50:31.37] /# gi::executeAction deSelectActive -in [gi::getWindows 8]
[12:50:31.37] /i de::deselectAll [db::getNext [de::getContexts -window 8]]
[12:50:31.37] /i de::deselectAllLogic -context [db::getNext [de::getContexts -window 8]]
[12:50:31.85] /i gi::executeAction deCanvasDragSelect -in [gi::getWindows 8]
[12:50:31.85] /r deCanvasDragStart 4.59375 3.675
[12:50:32.18] /# gi::executeAction deCanvasDragEnd -in [gi::getWindows 8]
[12:50:32.18] /i gi::executeAction deCanvasDragEnd -in [gi::getWindows 8]
[12:50:32.18] /r deCanvasDragEnd 7.05625 1.55625
[12:50:33.04] /# gi::executeAction deSelectActive -in [gi::getWindows 8]
[12:50:33.04] /i de::deselectAll [db::getNext [de::getContexts -window 8]]
[12:50:33.04] /i de::deselectAllLogic -context [db::getNext [de::getContexts -window 8]]
[12:50:33.39] /i gi::executeAction deCanvasDragSelect -in [gi::getWindows 8]
[12:50:33.39] /r deCanvasDragStart 4.44375 3.73125
[12:50:33.68] /# gi::executeAction deCanvasDragEnd -in [gi::getWindows 8]
[12:50:33.68] /i gi::executeAction deCanvasDragEnd -in [gi::getWindows 8]
[12:50:33.68] /r deCanvasDragEnd 6.68125 1.26875
[12:50:34.38] /# gi::executeAction seButton1DragStart -in [gi::getWindows 8]
[12:50:34.38] /i ise::stretch -point {5.75 3.25}
[12:50:34.52] /# gi::executeAction deEndDrag -in [gi::getWindows 8]
[12:50:34.52] /i de::endDrag {6.24375 3.64375} -context [db::getNext [de::getContexts -window 8]]
[12:50:34.80] /# gi::executeAction deSelectActive -in [gi::getWindows 8]
[12:50:34.80] /i de::deselectAll [db::getNext [de::getContexts -window 8]]
[12:50:34.81] /i de::deselectAllLogic -context [db::getNext [de::getContexts -window 8]]
[12:50:44.36] /# gi::executeAction deSelectActive -in [gi::getWindows 8]
[12:50:44.37] /i de::deselectAll [db::getNext [de::getContexts -window 8]]
[12:50:44.37] /i de::select [de::getActiveFigure [gi::getWindows 8] -point {2.2625 3.1375} -index 0 -intent none]
[12:50:44.37] /o oa:0x242ce640
[12:50:46.42] /i gi::setItemSelection {parameters} -index {w,all} -in [gi::getAssistants dePropertyEditor -from [gi::getWindows 8]]
[12:50:46.42] /i gi::setCurrentIndex {parameters} -index {w,Value} -in [gi::getAssistants dePropertyEditor -from [gi::getWindows 8]]
[12:50:48.77] /i gi::setField {parameters} -value {0.18u} -index {w,Value} -in [gi::getAssistants dePropertyEditor -from [gi::getWindows 8]]
[12:50:48.77] /i gi::executeAction dePropertyEditorApplyChanges -in [gi::getAssistants dePropertyEditor -from [gi::getWindows 8]]
[12:50:50.00] /# gi::executeAction deSelectActive -in [gi::getWindows 8]
[12:50:50.00] /i de::deselectAll [db::getNext [de::getContexts -window 8]]
[12:50:50.00] /i de::select [de::getActiveFigure [gi::getWindows 8] -point {2.4125 1.9625} -index 0 -intent none]
[12:50:50.00] /o oa:0x23a70a60
[12:50:50.73] /i gi::setItemSelection {parameters} -index {w,all} -in [gi::getAssistants dePropertyEditor -from [gi::getWindows 8]]
[12:50:50.73] /i gi::setCurrentIndex {parameters} -index {w,Value} -in [gi::getAssistants dePropertyEditor -from [gi::getWindows 8]]
[12:50:52.27] /i gi::setField {parameters} -value {0.42u} -index {w,Value} -in [gi::getAssistants dePropertyEditor -from [gi::getWindows 8]]
[12:50:52.27] /i gi::executeAction dePropertyEditorApplyChanges -in [gi::getAssistants dePropertyEditor -from [gi::getWindows 8]]
[12:51:05.78] /# gi::executeAction deSelectActive -in [gi::getWindows 8]
[12:51:05.78] /i de::deselectAll [db::getNext [de::getContexts -window 8]]
[12:51:05.78] /i de::select [de::getActiveFigure [gi::getWindows 8] -point {3.94375 2.05625} -index 0 -intent none]
[12:51:05.78] /o oa:0x250cc450
[12:51:06.62] /i gi::setItemSelection {parameters} -index {w,all} -in [gi::getAssistants dePropertyEditor -from [gi::getWindows 8]]
[12:51:06.62] /i gi::setCurrentIndex {parameters} -index {w,Value} -in [gi::getAssistants dePropertyEditor -from [gi::getWindows 8]]
[12:51:07.82] /i gi::setField {parameters} -value {0.22u} -index {w,Value} -in [gi::getAssistants dePropertyEditor -from [gi::getWindows 8]]
[12:51:07.82] /i gi::executeAction dePropertyEditorApplyChanges -in [gi::getAssistants dePropertyEditor -from [gi::getWindows 8]]
[12:51:08.81] /# gi::executeAction deSelectActive -in [gi::getWindows 8]
[12:51:08.81] /i de::deselectAll [db::getNext [de::getContexts -window 8]]
[12:51:08.81] /i de::select [de::getActiveFigure [gi::getWindows 8] -point {3.71875 3.075} -index 0 -intent none]
[12:51:08.81] /o oa:0x24c9de70
[12:51:09.54] /i gi::setItemSelection {parameters} -index {w,all} -in [gi::getAssistants dePropertyEditor -from [gi::getWindows 8]]
[12:51:09.54] /i gi::setCurrentIndex {parameters} -index {w,Value} -in [gi::getAssistants dePropertyEditor -from [gi::getWindows 8]]
[12:51:10.47] /i gi::setField {parameters} -value {0.12u} -index {w,Value} -in [gi::getAssistants dePropertyEditor -from [gi::getWindows 8]]
[12:51:10.47] /i gi::executeAction dePropertyEditorApplyChanges -in [gi::getAssistants dePropertyEditor -from [gi::getWindows 8]]
[12:51:15.74] /i gi::executeAction deCanvasDragSelect -in [gi::getWindows 8]
[12:51:15.74] /r deCanvasDragStart 4.96875 3.9875
[12:51:16.08] /# gi::executeAction deCanvasDragEnd -in [gi::getWindows 8]
[12:51:16.08] /i gi::executeAction deCanvasDragEnd -in [gi::getWindows 8]
[12:51:16.08] /r deCanvasDragEnd 5.94375 2.1
[12:51:31.95] /# gi::executeAction deSelectActive -in [gi::getWindows 8]
[12:51:31.95] /i de::deselectAll [db::getNext [de::getContexts -window 8]]
[12:51:31.95] /i de::deselectAllLogic -context [db::getNext [de::getContexts -window 8]]
[12:51:32.33] /# gi::executeAction deSelectActive -in [gi::getWindows 8]
[12:51:32.33] /i de::deselectAll [db::getNext [de::getContexts -window 8]]
[12:51:32.33] /i de::select [de::getActiveFigure [gi::getWindows 8] -point {5.20625 3.5125} -index 0 -intent none]
[12:51:32.33] /o oa:0x25b07240
[12:51:33.29] /i gi::setItemSelection {parameters} -index {w,all} -in [gi::getAssistants dePropertyEditor -from [gi::getWindows 8]]
[12:51:33.29] /i gi::setCurrentIndex {parameters} -index {w,Value} -in [gi::getAssistants dePropertyEditor -from [gi::getWindows 8]]
[12:51:35.02] /i gi::setField {parameters} -value {0.3u} -index {w,Value} -in [gi::getAssistants dePropertyEditor -from [gi::getWindows 8]]
[12:51:35.02] /i gi::executeAction dePropertyEditorApplyChanges -in [gi::getAssistants dePropertyEditor -from [gi::getWindows 8]]
[12:51:36.17] /# gi::executeAction deSelectActive -in [gi::getWindows 8]
[12:51:36.17] /i de::deselectAll [db::getNext [de::getContexts -window 8]]
[12:51:36.17] /i de::select [de::getActiveFigure [gi::getWindows 8] -point {5.18125 2.74375} -index 0 -intent none]
[12:51:36.17] /o oa:0x257e49b0
[12:51:37.25] /i gi::setItemSelection {parameters} -index {w,all} -in [gi::getAssistants dePropertyEditor -from [gi::getWindows 8]]
[12:51:37.25] /i gi::setCurrentIndex {parameters} -index {w,Value} -in [gi::getAssistants dePropertyEditor -from [gi::getWindows 8]]
[12:51:38.27] /o 
              /c ************************ N **************************
[12:51:38.27] /o 
[12:51:38.27] /o WARNING 0006> "Width per Finger" 0.1u < Min value 0.12u
[12:51:38.27] /o               Resetting "Width per Finger" to Min value
[12:51:38.27] /o 
[12:51:38.27] /i gi::setField {parameters} -value {0.1u} -index {w,Value} -in [gi::getAssistants dePropertyEditor -from [gi::getWindows 8]]
[12:51:38.27] /i gi::executeAction dePropertyEditorApplyChanges -in [gi::getAssistants dePropertyEditor -from [gi::getWindows 8]]
[12:51:43.48] /# gi::executeAction deSelectActive -in [gi::getWindows 8]
[12:51:43.48] /i de::deselectAll [db::getNext [de::getContexts -window 8]]
[12:51:43.48] /i de::select [de::getActiveFigure [gi::getWindows 8] -point {6.08125 3.6125} -index 0 -intent none]
[12:51:43.48] /o oa:0x23342710
[12:51:44.47] /# gi::executeAction deSelectActive -in [gi::getWindows 8]
[12:51:44.47] /i de::deselectAll [db::getNext [de::getContexts -window 8]]
[12:51:44.47] /i de::deselectAllLogic -context [db::getNext [de::getContexts -window 8]]
[12:51:44.69] /i gi::executeAction deCanvasDragCancel -in [gi::getWindows 8]
[12:51:45.26] /# gi::executeAction deSelectActive -in [gi::getWindows 8]
[12:51:45.26] /i de::deselectAll [db::getNext [de::getContexts -window 8]]
[12:51:45.26] /i de::select [de::getActiveFigure [gi::getWindows 8] -point {6.2125 3.6} -index 0 -intent none]
[12:51:45.26] /o oa:0x259af340
[12:51:46.18] /i gi::setItemSelection {parameters} -index {w,all} -in [gi::getAssistants dePropertyEditor -from [gi::getWindows 8]]
[12:51:46.18] /i gi::setCurrentIndex {parameters} -index {w,Value} -in [gi::getAssistants dePropertyEditor -from [gi::getWindows 8]]
[12:51:48.18] /i gi::setField {parameters} -value {0.42u} -index {w,Value} -in [gi::getAssistants dePropertyEditor -from [gi::getWindows 8]]
[12:51:48.18] /i gi::executeAction dePropertyEditorApplyChanges -in [gi::getAssistants dePropertyEditor -from [gi::getWindows 8]]
[12:51:49.30] /# gi::executeAction deSelectActive -in [gi::getWindows 8]
[12:51:49.30] /i de::deselectAll [db::getNext [de::getContexts -window 8]]
[12:51:49.30] /i de::select [de::getActiveFigure [gi::getWindows 8] -point {6.11875 2.7875} -index 0 -intent none]
[12:51:49.30] /o oa:0x24752070
[12:51:50.05] /i gi::setItemSelection {parameters} -index {w,all} -in [gi::getAssistants dePropertyEditor -from [gi::getWindows 8]]
[12:51:50.05] /i gi::setCurrentIndex {parameters} -index {w,Value} -in [gi::getAssistants dePropertyEditor -from [gi::getWindows 8]]
[12:51:52.66] /i gi::setField {parameters} -value {0.18u} -index {w,Value} -in [gi::getAssistants dePropertyEditor -from [gi::getWindows 8]]
[12:51:52.66] /i gi::executeAction dePropertyEditorApplyChanges -in [gi::getAssistants dePropertyEditor -from [gi::getWindows 8]]
[12:51:53.44] /# gi::executeAction deSelectActive -in [gi::getWindows 8]
[12:51:53.44] /i de::deselectAll [db::getNext [de::getContexts -window 8]]
[12:51:53.45] /i de::deselectAllLogic -context [db::getNext [de::getContexts -window 8]]
[12:51:59.90] /i gi::executeAction deCanvasDragSelect -in [gi::getWindows 8]
[12:51:59.90] /r deCanvasDragStart 1.84375 3.49375
[12:52:00.09] /# gi::executeAction deCanvasDragEnd -in [gi::getWindows 8]
[12:52:00.09] /i gi::executeAction deCanvasDragEnd -in [gi::getWindows 8]
[12:52:00.10] /r deCanvasDragEnd 2.9625 1.31875
[12:52:00.74] /# gi::executeAction seButton1DragStart -in [gi::getWindows 8]
[12:52:00.74] /i ise::stretch -point {2.4375 3.125}
[12:52:01.11] /# gi::executeAction deEndDrag -in [gi::getWindows 8]
[12:52:01.11] /i de::endDrag {2.53125 3.84375} -context [db::getNext [de::getContexts -window 8]]
[12:52:01.53] /i gi::executeAction deCanvasDragSelect -in [gi::getWindows 8]
[12:52:01.53] /r deCanvasDragStart -0.05 3.875
[12:52:01.89] /# gi::executeAction deCanvasDragEnd -in [gi::getWindows 8]
[12:52:01.89] /i gi::executeAction deCanvasDragEnd -in [gi::getWindows 8]
[12:52:01.90] /r deCanvasDragEnd 1.18125 2.59375
[12:52:02.69] /# gi::executeAction seButton1DragStart -in [gi::getWindows 8]
[12:52:02.69] /i ise::stretch -point {0.625 3.5}
[12:52:02.99] /# gi::executeAction deEndDrag -in [gi::getWindows 8]
[12:52:02.99] /i de::endDrag {-0.01875 4.175} -context [db::getNext [de::getContexts -window 8]]
[12:52:03.23] /# gi::executeAction deSelectActive -in [gi::getWindows 8]
[12:52:03.23] /i de::deselectAll [db::getNext [de::getContexts -window 8]]
[12:52:03.23] /i de::deselectAllLogic -context [db::getNext [de::getContexts -window 8]]
[12:52:03.84] /# gi::executeAction deSelectActive -in [gi::getWindows 8]
[12:52:03.84] /i de::deselectAll [db::getNext [de::getContexts -window 8]]
[12:52:03.84] /i de::select [de::getActiveFigure [gi::getWindows 8] -point {0.53125 2.39375} -index 0 -intent none]
[12:52:03.85] /o oa:0x1f885d00
[12:52:04.12] /# gi::executeAction seButton1DragStart -in [gi::getWindows 8]
[12:52:04.12] /i ise::stretch -point {0.5625 2.375}
[12:52:05.19] /# gi::executeAction deEndDrag -in [gi::getWindows 8]
[12:52:05.19] /i de::endDrag {0.7875 3.25} -context [db::getNext [de::getContexts -window 8]]
[12:52:05.81] /# gi::executeAction seSchCreateWire -in [gi::getWindows 8]
[12:52:05.81] /i ise::createWire
[12:52:07.01] /# gi::executeAction deAddPoint -in [gi::getWindows 8]
[12:52:07.01] /i de::addPoint {0.7875 3.24375} -context [db::getNext [de::getContexts -window 8]]
[12:52:07.17] /i de::setCursor -point {0.875 3.25 }
[12:52:08.40] /# gi::executeAction deAddPoint -in [gi::getWindows 8]
[12:52:08.40] /i de::addPoint {1.91875 3.2875} -context [db::getNext [de::getContexts -window 8]]
[12:52:09.24] /i de::setCursor -point {2.0625 3.4375 }
[12:52:09.36] /i de::setCursor -point {2.125 3.4375 }
[12:52:10.69] /# gi::executeAction deAddPoint -in [gi::getWindows 8]
[12:52:10.69] /i de::addPoint {2.29375 3.70625} -context [db::getNext [de::getContexts -window 8]]
[12:52:11.73] /# gi::executeAction seSchCreateWire -in [gi::getWindows 8]
[12:52:11.73] /i ise::createWire
[12:52:12.91] /# gi::executeAction deAddPoint -in [gi::getWindows 8]
[12:52:12.91] /i de::addPoint {2.30625 3.29375} -context [db::getNext [de::getContexts -window 8]]
[12:52:12.97] /i de::setCursor -point {2.3125 3.25 }
[12:52:13.69] /# gi::executeAction deAddPoint -in [gi::getWindows 8]
[12:52:13.69] /i de::addPoint {2.325 2.81875} -context [db::getNext [de::getContexts -window 8]]
[12:52:14.46] /# gi::executeAction deStartDrag -in [gi::getWindows 8]
[12:52:14.46] /i de::startDrag {0.775 3.2375} -context [db::getNext [de::getContexts -window 8]]
[12:52:14.46] /i de::setCursor -point {0.8125 3.3125 }
[12:52:14.49] /i de::setCursor -point {0.8125 3.375 }
[12:52:15.10] /# gi::executeAction deEndDrag -in [gi::getWindows 8]
[12:52:15.10] /i de::endDrag {0.81875 3.375} -context [db::getNext [de::getContexts -window 8]]
[12:52:15.74] /# gi::executeAction deAbortCommand -in [gi::getWindows 8]
[12:52:15.74] /i de::abortCommand -context [db::getNext [de::getContexts -window 8]]
[12:52:16.49] /# gi::executeAction seButton1DragStart -in [gi::getWindows 8]
[12:52:16.49] /i ise::stretch -point {0.8125 3.1875}
[12:52:17.11] /# gi::executeAction deEndDrag -in [gi::getWindows 8]
[12:52:17.11] /i de::endDrag {0.80625 3.31875} -context [db::getNext [de::getContexts -window 8]]
[12:52:17.38] /# gi::executeAction deSelectActive -in [gi::getWindows 8]
[12:52:17.38] /i de::deselectAll [db::getNext [de::getContexts -window 8]]
[12:52:17.38] /i de::deselectAllLogic -context [db::getNext [de::getContexts -window 8]]
[12:52:18.44] /# gi::executeAction seButton1DragStart -in [gi::getWindows 8]
[12:52:18.44] /i ise::stretch -object [de::getActiveFigure [gi::getWindows 8] -point {2.475 3.85} -index 0 -intent none] -point {2.5 3.875}
[12:52:19.23] /# gi::executeAction deEndDrag -in [gi::getWindows 8]
[12:52:19.23] /i de::endDrag {2.46875 4.05} -context [db::getNext [de::getContexts -window 8]]
[12:52:23.49] /i gi::executeAction deCanvasDragSelect -in [gi::getWindows 8]
[12:52:23.50] /r deCanvasDragStart 3.29375 3.675
[12:52:23.70] /# gi::executeAction deCanvasDragEnd -in [gi::getWindows 8]
[12:52:23.70] /i gi::executeAction deCanvasDragEnd -in [gi::getWindows 8]
[12:52:23.70] /r deCanvasDragEnd 5.11875 0.44375
[12:52:24.47] /# gi::executeAction seButton1DragStart -in [gi::getWindows 8]
[12:52:24.47] /i ise::stretch -point {3.875 3.125}
[12:52:25.72] /# gi::executeAction deEndDrag -in [gi::getWindows 8]
[12:52:25.72] /i de::endDrag {2.53125 1.7625} -context [db::getNext [de::getContexts -window 8]]
[12:52:28.91] /# gi::executeAction seSchCreateWire -in [gi::getWindows 8]
[12:52:28.91] /i ise::createWire
[12:52:29.18] /# gi::executeAction deCanvasZoomOutAtPoint -in [gi::getWindows 8]
[12:52:29.18] /i de::zoom -window [gi::getWindows 8] -factor 0.5 -center {1.85 1.15}
[12:52:29.18] /o {-2.89375 -0.70625} {12.84375 7.95625}
[12:52:29.68] /# gi::executeAction deCanvasZoomInAtPoint -in [gi::getWindows 8]
[12:52:29.69] /i de::zoom -window [gi::getWindows 8] -factor 2.0 -center {2.3625 0.54375}
[12:52:29.69] /o {-0.26875 -0.08125} {7.60625 4.25}
[12:52:30.63] /# gi::executeAction deCanvasZoomOutAtPoint -in [gi::getWindows 8]
[12:52:30.63] /i de::zoom -window [gi::getWindows 8] -factor 0.5 -center {1.375 2.7375}
[12:52:30.63] /o {-1.90625 -2.9} {13.83125 5.7625}
[12:52:31.15] /# gi::executeAction deCanvasZoomInAtPoint -in [gi::getWindows 8]
[12:52:31.15] /i de::zoom -window [gi::getWindows 8] -factor 2.0 -center {1.00625 3.76875}
[12:52:31.15] /o {-0.45 0.43125} {7.41875 4.76875}
[12:52:31.69] /# gi::executeAction deCanvasZoomOutAtPoint -in [gi::getWindows 8]
[12:52:31.69] /i de::zoom -window [gi::getWindows 8] -factor 0.5 -center {1.0125 3.75}
[12:52:31.69] /o {-1.9125 -2.88125} {13.825 5.78125}
[12:52:32.25] /# gi::executeAction deCanvasZoomInAtPoint -in [gi::getWindows 8]
[12:52:32.25] /i de::zoom -window [gi::getWindows 8] -factor 2.0 -center {1.0125 3.7}
[12:52:32.25] /o {-0.45 0.40625} {7.41875 4.74375}
[12:52:34.14] /# gi::executeAction deAddPoint -in [gi::getWindows 8]
[12:52:34.14] /i de::addPoint {2.5125 4.14375} -context [db::getNext [de::getContexts -window 8]]
[12:52:34.30] /i de::setCursor -point {2.5 4.1875 }
[12:52:34.35] /i de::setCursor -point {2.375 4.25 }
[12:52:34.38] /i de::setCursor -point {2.25 4.3125 }
[12:52:35.41] /# gi::executeAction deAddPoint -in [gi::getWindows 8]
[12:52:35.41] /i de::addPoint {1.3375 4.06875} -context [db::getNext [de::getContexts -window 8]]
[12:52:35.63] /i de::setCursor -point {1.3125 4 }
[12:52:36.23] /# gi::executeAction deCanvasZoomOutAtPoint -in [gi::getWindows 8]
[12:52:36.23] /i de::zoom -window [gi::getWindows 8] -factor 0.5 -center {1.375 1.0375}
[12:52:36.23] /o {-2.275 -0.21875} {13.4625 8.44375}
[12:52:37.69] /# gi::executeAction deAddPoint -in [gi::getWindows 8]
[12:52:37.69] /i de::addPoint {2.475 0.13125} -context [db::getNext [de::getContexts -window 8]]
[12:52:38.97] /# gi::executeAction deAddPoint -in [gi::getWindows 8]
[12:52:38.97] /i de::addPoint {2.5125 0.43125} -context [db::getNext [de::getContexts -window 8]]
[12:52:44.71] /# gi::executeAction deAbortCommand -in [gi::getWindows 8]
[12:52:44.71] /i de::abortCommand -context [db::getNext [de::getContexts -window 8]]
[12:52:45.25] /# gi::executeAction deCanvasZoomOutAtPoint -in [gi::getWindows 8]
[12:52:45.25] /i de::zoom -window [gi::getWindows 8] -factor 0.5 -center {0.0375 0.64375}
[12:52:45.25] /o {-4.5875 -1.0875} {26.8875 16.25}
[12:52:45.26] /# gi::executeAction deFitEdit -in [gi::getWindows 8]
[12:52:45.26] /i de::fit -window 8 -fitEdit true
[12:52:45.26] /o {-0.975 -0.13125} {7.775 4.69375}
[12:52:46.25] /# gi::executeAction deSelectActive -in [gi::getWindows 8]
[12:52:46.25] /i de::deselectAll [db::getNext [de::getContexts -window 8]]
[12:52:46.26] /i de::deselectAllLogic -context [db::getNext [de::getContexts -window 8]]
[12:52:47.21] /# gi::executeAction seSchCreateWire -in [gi::getWindows 8]
[12:52:47.21] /i ise::createWire
[12:52:48.38] /# gi::executeAction deAddPoint -in [gi::getWindows 8]
[12:52:48.38] /i de::addPoint {0.53125 1.25625} -context [db::getNext [de::getContexts -window 8]]
[12:52:48.42] /i de::setCursor -point {0.625 1.25 }
[12:52:49.26] /# gi::executeAction deAddPoint -in [gi::getWindows 8]
[12:52:49.26] /i de::addPoint {1.3 1.20625} -context [db::getNext [de::getContexts -window 8]]
[12:52:49.95] /# gi::executeAction deAbortCommand -in [gi::getWindows 8]
[12:52:49.95] /i de::abortCommand -context [db::getNext [de::getContexts -window 8]]
[12:52:50.44] /# gi::executeAction seButton1DragStart -in [gi::getWindows 8]
[12:52:50.44] /i ise::stretch -object [de::getActiveFigure [gi::getWindows 8] -point {0.53125 1.26875} -index 0 -intent none] -point {0.5625 1.25}
[12:52:50.85] /# gi::executeAction deEndDrag -in [gi::getWindows 8]
[12:52:50.85] /i de::endDrag {0.49375 1.1875} -context [db::getNext [de::getContexts -window 8]]
[12:52:51.57] /# gi::executeAction deSelectActive -in [gi::getWindows 8]
[12:52:51.57] /i de::deselectAll [db::getNext [de::getContexts -window 8]]
[12:52:51.57] /i de::select [de::getActiveFigure [gi::getWindows 8] -point {1.3 1.525} -index 0 -intent none]
[12:52:51.57] /o oa:0x234d60e0
[12:52:52.43] /i gi::setItemSelection {attributes} -index {name,all} -in [gi::getAssistants dePropertyEditor -from [gi::getWindows 8]]
[12:52:52.43] /i gi::setCurrentIndex {attributes} -index {name,Value} -in [gi::getAssistants dePropertyEditor -from [gi::getWindows 8]]
[12:52:53.99] /i gi::setField {attributes} -value {2} -index {nameVisibility,Value} -in [gi::getAssistants dePropertyEditor -from [gi::getWindows 8]]
[12:52:54.52] /# gi::executeAction deSelectActive -in [gi::getWindows 8]
[12:52:54.52] /i de::deselectAll [db::getNext [de::getContexts -window 8]]
[12:52:54.57] /r giDialog gi::setActiveDialog [gi::getDialogs {dbSelectionChange} -parent [gi::getWindows 8]]
[12:52:54.83] /r giDialog db::setAttr geometry -of [gi::getDialogs {dbSelectionChange} -parent [gi::getWindows 8]] -value 432x82+744+573
[12:52:55.77] /r giDialog gi::pressButton {apply} -in [gi::getDialogs {dbSelectionChange} -parent [gi::getWindows 8]]
[12:52:55.78] /i de::deselectAllLogic -context [db::getNext [de::getContexts -window 8]]
[12:52:57.45] /# gi::executeAction deSelectActive -in [gi::getWindows 8]
[12:52:57.45] /i de::deselectAll [db::getNext [de::getContexts -window 8]]
[12:52:57.45] /i de::select [de::getActiveFigure [gi::getWindows 8] -point {1.3375 2.625} -index 0 -intent none]
[12:52:57.45] /o oa:0x242d9d50
[12:52:58.12] /# gi::executeAction deSelectActive -in [gi::getWindows 8]
[12:52:58.12] /i de::deselectAll [db::getNext [de::getContexts -window 8]]
[12:52:58.12] /i de::select [de::getActiveFigure [gi::getWindows 8] -point {1.3625 2.65625} -index 0 -intent none]
[12:52:58.12] /o oa:0x24cd3a00
[12:52:58.83] /# gi::executeAction seButton1DragStart -in [gi::getWindows 8]
[12:52:58.83] /i ise::stretch -point {1.375 2.625}
[12:52:59.23] /# gi::executeAction deEndDrag -in [gi::getWindows 8]
[12:52:59.23] /i de::endDrag {1.53125 2.325} -context [db::getNext [de::getContexts -window 8]]
[12:53:00.06] /# gi::executeAction deSelectActive -in [gi::getWindows 8]
[12:53:00.06] /i de::deselectAll [db::getNext [de::getContexts -window 8]]
[12:53:00.06] /i de::select [de::getActiveFigure [gi::getWindows 8] -point {1.6625 3.3625} -index 0 -intent none]
[12:53:00.06] /o oa:0x240a3700
[12:53:01.26] /i gi::setField {attributes} -value {2} -index {nameVisibility,Value} -in [gi::getAssistants dePropertyEditor -from [gi::getWindows 8]]
[12:53:02.05] /# gi::executeAction deSelectActive -in [gi::getWindows 8]
[12:53:02.05] /i de::deselectAll [db::getNext [de::getContexts -window 8]]
[12:53:02.10] /r giDialog gi::setActiveDialog [gi::getDialogs {dbSelectionChange} -parent [gi::getWindows 8]]
[12:53:02.40] /r giDialog db::setAttr geometry -of [gi::getDialogs {dbSelectionChange} -parent [gi::getWindows 8]] -value 432x82+744+573
[12:53:02.97] /r giDialog gi::pressButton {apply} -in [gi::getDialogs {dbSelectionChange} -parent [gi::getWindows 8]]
[12:53:02.98] /i de::deselectAllLogic -context [db::getNext [de::getContexts -window 8]]
[12:53:04.00] /# gi::executeAction deSelectActive -in [gi::getWindows 8]
[12:53:04.00] /i de::deselectAll [db::getNext [de::getContexts -window 8]]
[12:53:04.00] /i de::select [de::getActiveFigure [gi::getWindows 8] -point {1.56875 3.425} -index 0 -intent none]
[12:53:04.00] /o oa:0x2550ff50
[12:53:04.41] /# gi::executeAction seButton1DragStart -in [gi::getWindows 8]
[12:53:04.41] /i ise::stretch -point {1.5625 3.4375}
[12:53:04.75] /# gi::executeAction deEndDrag -in [gi::getWindows 8]
[12:53:04.75] /i de::endDrag {1.5875 3.525} -context [db::getNext [de::getContexts -window 8]]
[12:53:05.37] /# gi::executeAction deSelectActive -in [gi::getWindows 8]
[12:53:05.37] /i de::deselectAll [db::getNext [de::getContexts -window 8]]
[12:53:05.37] /i de::select [de::getActiveFigure [gi::getWindows 8] -point {2.5875 1.65625} -index 0 -intent none]
[12:53:05.37] /o oa:0x2464a9b0
[12:53:10.75] /# gi::executeAction seSchCreateWire -in [gi::getWindows 8]
[12:53:10.75] /i ise::createWire
[12:53:12.25] /# gi::executeAction deAddPoint -in [gi::getWindows 8]
[12:53:12.25] /i de::addPoint {2.4875 2.5625} -context [db::getNext [de::getContexts -window 8]]
[12:53:12.34] /i de::setCursor -point {2.5 2.5 }
[12:53:13.35] /# gi::executeAction deAddPoint -in [gi::getWindows 8]
[12:53:13.35] /i de::addPoint {2.525 1.81875} -context [db::getNext [de::getContexts -window 8]]
[12:53:15.04] /# gi::executeAction deAbortCommand -in [gi::getWindows 8]
[12:53:15.04] /i de::abortCommand -context [db::getNext [de::getContexts -window 8]]
[12:53:16.52] /# gi::executeAction seButton1DragStart -in [gi::getWindows 8]
[12:53:16.52] /i ise::stretch -object [de::getActiveFigure [gi::getWindows 8] -point {0.51875 1.6375} -index 0 -intent none] -point {0.5 1.625}
[12:53:17.14] /# gi::executeAction deEndDrag -in [gi::getWindows 8]
[12:53:17.14] /i de::endDrag {0.43125 2.0375} -context [db::getNext [de::getContexts -window 8]]
[12:53:17.59] /i gi::executeAction deCanvasDragCancel -in [gi::getWindows 8]
[12:53:18.16] /# gi::executeAction deSelectActive -in [gi::getWindows 8]
[12:53:18.16] /i de::deselectAll [db::getNext [de::getContexts -window 8]]
[12:53:18.16] /i de::select [de::getActiveFigure [gi::getWindows 8] -point {2.48125 2.2625} -index 0 -intent none]
[12:53:18.16] /o oa:0x2514ca70
[12:53:19.11] /i gi::setItemSelection {attributes} -index {nameVisibility,all} -in [gi::getAssistants dePropertyEditor -from [gi::getWindows 8]]
[12:53:19.11] /i gi::setCurrentIndex {attributes} -index {nameVisibility,Value} -in [gi::getAssistants dePropertyEditor -from [gi::getWindows 8]]
[12:53:19.58] /i gi::setField {attributes} -value {2} -index {nameVisibility,Value} -in [gi::getAssistants dePropertyEditor -from [gi::getWindows 8]]
[12:53:19.83] /i gi::setItemSelection {attributes} -index {name,all} -in [gi::getAssistants dePropertyEditor -from [gi::getWindows 8]]
[12:53:19.83] /i gi::setCurrentIndex {attributes} -index {name,Value} -in [gi::getAssistants dePropertyEditor -from [gi::getWindows 8]]
[12:53:21.82] /i gi::setField {attributes} -value {CLK} -index {name,Value} -in [gi::getAssistants dePropertyEditor -from [gi::getWindows 8]]
[12:53:21.82] /i gi::executeAction dePropertyEditorApplyChanges -in [gi::getAssistants dePropertyEditor -from [gi::getWindows 8]]
[12:53:23.52] /# gi::executeAction seSchCreateWire -in [gi::getWindows 8]
[12:53:23.52] /i ise::createWire
[12:53:24.45] /# gi::executeAction deAddPoint -in [gi::getWindows 8]
[12:53:24.45] /i de::addPoint {0.475 2.04375} -context [db::getNext [de::getContexts -window 8]]
[12:53:24.45] /i de::setCursor -point {0.5625 2.0625 }
[12:53:25.60] /# gi::executeAction deAddPoint -in [gi::getWindows 8]
[12:53:25.61] /i de::addPoint {2.50625 2.025} -context [db::getNext [de::getContexts -window 8]]
[12:53:25.87] /# gi::executeAction deAbortCommand -in [gi::getWindows 8]
[12:53:25.87] /i de::abortCommand -context [db::getNext [de::getContexts -window 8]]
[12:53:26.84] /# gi::executeAction seButton1DragStart -in [gi::getWindows 8]
[12:53:26.84] /i ise::stretch -object [de::getActiveFigure [gi::getWindows 8] -point {0.44375 2.075} -index 0 -intent none] -point {0.4375 2.0625}
[12:53:27.25] /# gi::executeAction deEndDrag -in [gi::getWindows 8]
[12:53:27.25] /i de::endDrag {0.44375 1.99375} -context [db::getNext [de::getContexts -window 8]]
[12:53:28.96] /# gi::executeAction deCanvasZoomInAtPoint -in [gi::getWindows 8]
[12:53:28.96] /i de::zoom -window [gi::getWindows 8] -factor 2.0 -center {2.55625 1.66875}
[12:53:28.96] /o {0.7875 0.76875} {5.16875 3.18125}
[12:53:29.00] /# gi::executeAction deCanvasZoomInAtPoint -in [gi::getWindows 8]
[12:53:29.00] /i de::zoom -window [gi::getWindows 8] -factor 2.0 -center {2.55625 1.675}
[12:53:29.00] /o {1.675 1.225} {3.8625 2.425}
[12:53:29.27] /# gi::executeAction deSelectActive -in [gi::getWindows 8]
[12:53:29.27] /i de::deselectAll [db::getNext [de::getContexts -window 8]]
[12:53:29.27] /i de::select [de::getActiveFigure [gi::getWindows 8] -point {2.6125 1.81875} -index 0 -intent none]
[12:53:29.28] /o oa:0x1e965df0
[12:53:29.92] /# gi::executeAction seButton1DragStart -in [gi::getWindows 8]
[12:53:29.92] /i ise::stretch -object [de::getActiveFigure [gi::getWindows 8] -point {2.54375 2.15625} -index 0 -intent none] -point {2.5625 2.1875}
[12:53:30.23] /# gi::executeAction deEndDrag -in [gi::getWindows 8]
[12:53:30.23] /i de::endDrag {2.6375 2.125} -context [db::getNext [de::getContexts -window 8]]
[12:53:34.82] /# gi::executeAction deFitEdit -in [gi::getWindows 8]
[12:53:34.82] /i de::fit -window 8 -fitEdit true
[12:53:34.82] /o {-0.975 -0.13125} {7.775 4.69375}
[12:53:35.73] /# gi::executeAction deSelectActive -in [gi::getWindows 8]
[12:53:35.73] /i de::deselectAll [db::getNext [de::getContexts -window 8]]
[12:53:35.73] /i de::deselectAllLogic -context [db::getNext [de::getContexts -window 8]]
[12:53:43.52] /# gi::executeAction seSchCreateWire -in [gi::getWindows 8]
[12:53:43.52] /i ise::createWire
[12:53:43.91] /# gi::executeAction deCanvasZoomInAtPoint -in [gi::getWindows 8]
[12:53:43.91] /i de::zoom -window [gi::getWindows 8] -factor 2.0 -center {2.5 4.075}
[12:53:43.91] /o {0.7625 1.975} {5.1375 4.38125}
[12:53:44.89] /# gi::executeAction deAddPoint -in [gi::getWindows 8]
[12:53:44.89] /i de::addPoint {2.5 3.875} -context [db::getNext [de::getContexts -window 8]]
[12:53:44.97] /i de::setCursor -point {2.5 3.8125 }
[12:53:45.65] /# gi::executeAction deAddPoint -in [gi::getWindows 8]
[12:53:45.65] /i de::addPoint {2.5 3.575} -context [db::getNext [de::getContexts -window 8]]
[12:53:45.88] /# gi::executeAction deAbortCommand -in [gi::getWindows 8]
[12:53:45.88] /i de::abortCommand -context [db::getNext [de::getContexts -window 8]]
[12:53:46.19] /# gi::executeAction deSelectActive -in [gi::getWindows 8]
[12:53:46.19] /i de::deselectAll [db::getNext [de::getContexts -window 8]]
[12:53:46.19] /i de::select [de::getActiveFigure [gi::getWindows 8] -point {2.5 3.65625} -index 0 -intent none]
[12:53:46.19] /o oa:0x2489c860
[12:53:48.99] /i gi::setItemSelection {attributes} -index {name,all} -in [gi::getAssistants dePropertyEditor -from [gi::getWindows 8]]
[12:53:48.99] /i gi::setCurrentIndex {attributes} -index {name,Value} -in [gi::getAssistants dePropertyEditor -from [gi::getWindows 8]]
[12:53:53.86] /i gi::setField {attributes} -value {gnd} -index {name,Value} -in [gi::getAssistants dePropertyEditor -from [gi::getWindows 8]]
[12:53:53.86] /i gi::executeAction dePropertyEditorApplyChanges -in [gi::getAssistants dePropertyEditor -from [gi::getWindows 8]]
[12:53:56.01] /# gi::executeAction seSchCreateWire -in [gi::getWindows 8]
[12:53:56.02] /i ise::createWire
[12:53:57.08] /# gi::executeAction deAddPoint -in [gi::getWindows 8]
[12:53:57.08] /i de::addPoint {2.5 2.80625} -context [db::getNext [de::getContexts -window 8]]
[12:53:57.13] /i de::setCursor -point {2.5 2.875 }
[12:53:57.56] /# gi::executeAction deAddPoint -in [gi::getWindows 8]
[12:53:57.56] /i de::addPoint {2.5 3.125} -context [db::getNext [de::getContexts -window 8]]
[12:53:57.83] /# gi::executeAction deAbortCommand -in [gi::getWindows 8]
[12:53:57.83] /i de::abortCommand -context [db::getNext [de::getContexts -window 8]]
[12:53:58.13] /# gi::executeAction deSelectActive -in [gi::getWindows 8]
[12:53:58.13] /i de::deselectAll [db::getNext [de::getContexts -window 8]]
[12:53:58.13] /i de::select [de::getActiveFigure [gi::getWindows 8] -point {2.49375 3.04375} -index 0 -intent none]
[12:53:58.13] /o oa:0x2459df90
[12:53:58.83] /i gi::setItemSelection {attributes} -index {name,all} -in [gi::getAssistants dePropertyEditor -from [gi::getWindows 8]]
[12:53:58.83] /i gi::setCurrentIndex {attributes} -index {name,Value} -in [gi::getAssistants dePropertyEditor -from [gi::getWindows 8]]
[12:54:00.93] /i gi::setField {attributes} -value {vdd} -index {name,Value} -in [gi::getAssistants dePropertyEditor -from [gi::getWindows 8]]
[12:54:00.93] /i gi::executeAction dePropertyEditorApplyChanges -in [gi::getAssistants dePropertyEditor -from [gi::getWindows 8]]
[12:54:01.51] /# gi::executeAction deFitEdit -in [gi::getWindows 8]
[12:54:01.51] /i de::fit -window 8 -fitEdit true
[12:54:01.51] /o {-0.975 -0.13125} {7.775 4.69375}
[12:54:02.04] /# gi::executeAction deSelectActive -in [gi::getWindows 8]
[12:54:02.04] /i de::deselectAll [db::getNext [de::getContexts -window 8]]
[12:54:02.04] /i de::deselectAllLogic -context [db::getNext [de::getContexts -window 8]]
[12:54:06.04] /i gi::executeAction deCanvasDragSelect -in [gi::getWindows 8]
[12:54:06.04] /r deCanvasDragStart -0.275 4.28125
[12:54:06.36] /# gi::executeAction deCanvasDragEnd -in [gi::getWindows 8]
[12:54:06.36] /i gi::executeAction deCanvasDragEnd -in [gi::getWindows 8]
[12:54:06.37] /r deCanvasDragEnd 0.21875 3.48125
[12:54:07.13] /# gi::executeAction seDelete -in [gi::getWindows 8]
[12:54:07.13] /i ise::delete
[12:54:08.33] /i gi::executeAction deCanvasDragCancel -in [gi::getWindows 8]
[12:54:10.35] /# gi::executeAction seCreateInst -in [gi::getWindows 8]
[12:54:10.35] /i ise::createInst
[12:54:10.38] /o 0
[12:54:10.43] /i gi::setActiveDialog [gi::getDialogs {seCreateInst} -parent [gi::getWindows 8]]
[12:54:10.71] /i db::setAttr geometry -of [gi::getDialogs {seCreateInst}] -value 359x581+0+65
[12:54:14.72] /i gi::setField {instMasterLib} -value {basic} -in [gi::getDialogs {seCreateInst} -parent [gi::getWindows 8]]
[12:54:15.02] /i db::setAttr geometry -of [gi::getDialogs {seCreateInst}] -value 359x337+0+65
[12:54:17.09] /i gi::setField {instMasterCell} -value {gnd} -in [gi::getDialogs {seCreateInst} -parent [gi::getWindows 8]]
[12:54:17.41] /i db::setAttr geometry -of [gi::getDialogs {seCreateInst}] -value 359x337+0+65
[12:54:18.75] /# gi::executeAction deAddPoint -in [gi::getWindows 8]
[12:54:18.75] /i de::addPoint {4.39375 0.3875} -context [db::getNext [de::getContexts -window 8]]
[12:54:21.15] /i gi::setField {instMasterCell} -value {vdd} -in [gi::getDialogs {seCreateInst} -parent [gi::getWindows 8]]
[12:54:21.45] /i db::setAttr geometry -of [gi::getDialogs {seCreateInst}] -value 359x337+0+65
[12:54:23.59] /# gi::executeAction deAddPoint -in [gi::getWindows 8]
[12:54:23.59] /i de::addPoint {5.23125 0.40625} -context [db::getNext [de::getContexts -window 8]]
[12:54:23.70] /# gi::executeAction deAbortCommand -in [gi::getWindows 8]
[12:54:23.70] /i de::abortCommand -context [db::getNext [de::getContexts -window 8]]
[12:54:24.68] /# gi::executeAction seSchCreateWire -in [gi::getWindows 8]
[12:54:24.68] /i ise::createWire
[12:54:25.97] /# gi::executeAction deAddPoint -in [gi::getWindows 8]
[12:54:25.97] /i de::addPoint {4.375 0.38125} -context [db::getNext [de::getContexts -window 8]]
[12:54:26.01] /i de::setCursor -point {4.375 0.4375 }
[12:54:26.45] /# gi::executeAction deAddPoint -in [gi::getWindows 8]
[12:54:26.45] /i de::addPoint {4.35625 0.76875} -context [db::getNext [de::getContexts -window 8]]
[12:54:26.55] /i de::setCursor -point {4.4375 0.75 }
[12:54:26.56] /i de::setCursor -point {4.4375 0.6875 }
[12:54:26.58] /i de::setCursor -point {4.5 0.6875 }
[12:54:26.76] /i de::setCursor -point {4.3125 0.6875 }
[12:54:26.77] /i de::setCursor -point {3.875 0.8125 }
[12:54:27.49] /i de::setCursor -point {4.5 0.875 }
[12:54:27.54] /i de::setCursor -point {4.375 0.8125 }
[12:54:27.61] /i de::setCursor -point {4.3125 0.8125 }
[12:54:27.94] /# gi::executeAction deAddPoint -in [gi::getWindows 8]
[12:54:27.94] /i de::addPoint {4.3125 0.825} -context [db::getNext [de::getContexts -window 8]]
[12:54:28.12] /i de::setCursor -point {4.25 0.8125 }
[12:54:28.29] /# gi::executeAction deAbortCommand -in [gi::getWindows 8]
[12:54:28.29] /i de::abortCommand -context [db::getNext [de::getContexts -window 8]]
[12:54:29.84] /# gi::executeAction seSchCreateWire -in [gi::getWindows 8]
[12:54:29.84] /i ise::createWire
[12:54:31.28] /# gi::executeAction deAddPoint -in [gi::getWindows 8]
[12:54:31.28] /i de::addPoint {5.25 0.43125} -context [db::getNext [de::getContexts -window 8]]
[12:54:31.34] /i de::setCursor -point {5.25 0.375 }
[12:54:31.82] /# gi::executeAction deAddPoint -in [gi::getWindows 8]
[12:54:31.82] /i de::addPoint {5.25625 0.06875} -context [db::getNext [de::getContexts -window 8]]
[12:54:32.21] /# gi::executeAction deAbortCommand -in [gi::getWindows 8]
[12:54:32.21] /i de::abortCommand -context [db::getNext [de::getContexts -window 8]]
[12:54:33.05] /# gi::executeAction deSelectActive -in [gi::getWindows 8]
[12:54:33.05] /i de::deselectAllLogic -context [db::getNext [de::getContexts -window 8]]
[12:54:33.50] /# gi::executeAction deSelectActive -in [gi::getWindows 8]
[12:54:33.50] /i de::deselectAll [db::getNext [de::getContexts -window 8]]
[12:54:33.50] /i de::select [de::getActiveFigure [gi::getWindows 8] -point {4.3625 0.56875} -index 0 -intent none]
[12:54:33.50] /o oa:0x247d8230
[12:54:34.76] /i gi::setItemSelection {attributes} -index {name,all} -in [gi::getAssistants dePropertyEditor -from [gi::getWindows 8]]
[12:54:34.76] /i gi::setCurrentIndex {attributes} -index {name,Value} -in [gi::getAssistants dePropertyEditor -from [gi::getWindows 8]]
[12:54:35.40] /i gi::setItemSelection {attributes} -index {nameVisibility,all} -in [gi::getAssistants dePropertyEditor -from [gi::getWindows 8]]
[12:54:35.40] /i gi::setCurrentIndex {attributes} -index {nameVisibility,Value} -in [gi::getAssistants dePropertyEditor -from [gi::getWindows 8]]
[12:54:40.10] /# gi::executeAction deSelectActive -in [gi::getWindows 8]
[12:54:40.10] /i de::deselectAll [db::getNext [de::getContexts -window 8]]
[12:54:40.10] /i de::deselectAllLogic -context [db::getNext [de::getContexts -window 8]]
[12:54:41.07] /# gi::executeAction deSelectActive -in [gi::getWindows 8]
[12:54:41.07] /i de::deselectAll [db::getNext [de::getContexts -window 8]]
[12:54:41.07] /i de::select [de::getActiveFigure [gi::getWindows 8] -point {4.375 0.6375} -index 0 -intent none]
[12:54:41.07] /o oa:0x1f5b83d0
[12:54:41.95] /i gi::setItemSelection {attributes} -index {name,all} -in [gi::getAssistants dePropertyEditor -from [gi::getWindows 8]]
[12:54:41.96] /i gi::setCurrentIndex {attributes} -index {name,Value} -in [gi::getAssistants dePropertyEditor -from [gi::getWindows 8]]
[12:54:42.56] /i gi::setField {attributes} -value {gnd} -index {name,Value} -in [gi::getAssistants dePropertyEditor -from [gi::getWindows 8]]
[12:54:42.56] /i gi::executeAction dePropertyEditorApplyChanges -in [gi::getAssistants dePropertyEditor -from [gi::getWindows 8]]
[12:54:43.84] /# gi::executeAction deSelectActive -in [gi::getWindows 8]
[12:54:43.84] /i de::deselectAll [db::getNext [de::getContexts -window 8]]
[12:54:43.84] /i de::deselectAllLogic -context [db::getNext [de::getContexts -window 8]]
[12:54:44.29] /# gi::executeAction deSelectActive -in [gi::getWindows 8]
[12:54:44.29] /i de::deselectAll [db::getNext [de::getContexts -window 8]]
[12:54:44.29] /i de::select [de::getActiveFigure [gi::getWindows 8] -point {5.25 0.3} -index 0 -intent none]
[12:54:44.29] /o oa:0x1f8b2ee0
[12:54:45.35] /i gi::setItemSelection {attributes} -index {name,all} -in [gi::getAssistants dePropertyEditor -from [gi::getWindows 8]]
[12:54:45.35] /i gi::setCurrentIndex {attributes} -index {name,Value} -in [gi::getAssistants dePropertyEditor -from [gi::getWindows 8]]
[12:54:47.19] /i gi::setField {attributes} -value {vdd} -index {name,Value} -in [gi::getAssistants dePropertyEditor -from [gi::getWindows 8]]
[12:54:47.20] /i gi::executeAction dePropertyEditorApplyChanges -in [gi::getAssistants dePropertyEditor -from [gi::getWindows 8]]
[12:54:48.02] /# gi::executeAction deSelectActive -in [gi::getWindows 8]
[12:54:48.02] /i de::deselectAll [db::getNext [de::getContexts -window 8]]
[12:54:48.02] /i de::deselectAllLogic -context [db::getNext [de::getContexts -window 8]]
[12:54:48.68] /# gi::executeAction deSelectActive -in [gi::getWindows 8]
[12:54:48.68] /i de::deselectAllLogic -context [db::getNext [de::getContexts -window 8]]
[12:54:48.99] /# gi::executeAction deSelectActive -in [gi::getWindows 8]
[12:54:48.99] /i de::deselectAll [db::getNext [de::getContexts -window 8]]
[12:54:48.99] /i de::select [de::getActiveFigure [gi::getWindows 8] -point {4.325 0.75625} -index 0 -intent none]
[12:54:48.99] /o oa:0x1e9afd20
[12:54:49.42] /# gi::executeAction seDelete -in [gi::getWindows 8]
[12:54:49.42] /i ise::delete
[12:54:50.78] /# gi::executeAction deAddPoint -in [gi::getWindows 8]
[12:54:50.78] /i de::addPoint {4.375 0.23125} -context [db::getNext [de::getContexts -window 8]]
[12:54:51.24] /# gi::executeAction deAbortCommand -in [gi::getWindows 8]
[12:54:51.24] /i de::abortCommand -context [db::getNext [de::getContexts -window 8]]
[12:54:52.95] /i de::undoTransaction -design [db::getAttr editDesign -of [de::getContexts -window 8]] -steps 1
[12:54:53.19] /i gi::executeAction deCanvasDragCancel -in [gi::getWindows 8]
[12:54:53.40] /# gi::executeAction deSelectActive -in [gi::getWindows 8]
[12:54:53.40] /i de::deselectAllLogic -context [db::getNext [de::getContexts -window 8]]
[12:54:54.09] /# gi::executeAction deSelectActive -in [gi::getWindows 8]
[12:54:54.09] /i de::deselectAll [db::getNext [de::getContexts -window 8]]
[12:54:54.09] /i de::select [de::getActiveFigure [gi::getWindows 8] -point {4.375 0.18125} -index 0 -intent none]
[12:54:54.09] /o oa:0x2592e1d0
[12:54:57.28] /# gi::executeAction deSelectActive -in [gi::getWindows 8]
[12:54:57.28] /i de::deselectAll [db::getNext [de::getContexts -window 8]]
[12:54:57.28] /i de::deselectAllLogic -context [db::getNext [de::getContexts -window 8]]
[12:54:57.55] /# gi::executeAction deCanvasZoomInAtPoint -in [gi::getWindows 8]
[12:54:57.55] /i de::zoom -window [gi::getWindows 8] -factor 2.0 -center {4.225 0.6375}
[12:54:57.55] /o {1.625 0.25625} {6.0 2.6625}
[12:54:57.58] /# gi::executeAction deCanvasZoomInAtPoint -in [gi::getWindows 8]
[12:54:57.58] /i de::zoom -window [gi::getWindows 8] -factor 2.0 -center {4.225 0.6375}
[12:54:57.58] /o {2.925 0.44375} {5.1125 1.65}
[12:54:57.64] /# gi::executeAction deCanvasZoomInAtPoint -in [gi::getWindows 8]
[12:54:57.64] /i de::zoom -window [gi::getWindows 8] -factor 2.0 -center {4.225 0.6375}
[12:54:57.64] /o {3.575 0.54375} {4.66875 1.14375}
[12:54:58.21] /# gi::executeAction deSelectActive -in [gi::getWindows 8]
[12:54:58.21] /i de::deselectAll [db::getNext [de::getContexts -window 8]]
[12:54:58.21] /i de::select [de::getActiveFigure [gi::getWindows 8] -point {4.3125 0.80625} -index 0 -intent none]
[12:54:58.21] /o oa:0x242c95c0
[12:54:58.66] /# gi::executeAction deSelectActive -in [gi::getWindows 8]
[12:54:58.66] /i de::cycleActiveFigure [gi::getWindows 8] -direction next
[12:54:58.66] /o oa:0x1da977e0
[12:54:58.66] /i de::deselectAll [db::getNext [de::getContexts -window 8]]
[12:54:58.67] /i de::select [de::getActiveFigure [gi::getWindows 8] -point {4.30625 0.78125} -index 1 -intent none]
[12:54:58.67] /o oa:0x1b439520
[12:54:59.43] /# gi::executeAction seDelete -in [gi::getWindows 8]
[12:54:59.44] /i ise::delete
[12:54:59.70] /# gi::executeAction deFitEdit -in [gi::getWindows 8]
[12:54:59.70] /i de::fit -window 8 -fitEdit true
[12:54:59.70] /o {-0.78125 -0.18125} {8.075 4.69375}
[12:55:00.84] /i gi::executeAction deSaveDesign -in [gi::getWindows 8]
[12:55:00.84] /m Information: Saving design 'new_dff D_latch schematic'. (DESIGN_WINDOW-004)
[12:55:01.61] /i gi::executeAction deCanvasDragSelect -in [gi::getWindows 8]
[12:55:01.61] /r deCanvasDragStart 3.825 1.2375
[12:55:01.84] /# gi::executeAction deCanvasDragEnd -in [gi::getWindows 8]
[12:55:01.84] /i gi::executeAction deCanvasDragEnd -in [gi::getWindows 8]
[12:55:01.84] /r deCanvasDragEnd 7.275 -0.65625
[12:55:02.65] /# gi::executeAction seButton1DragStart -in [gi::getWindows 8]
[12:55:02.65] /i ise::stretch -point {5.3125 0.6875}
[12:55:03.48] /# gi::executeAction deEndDrag -in [gi::getWindows 8]
[12:55:03.48] /i de::endDrag {0.325 4.39375} -context [db::getNext [de::getContexts -window 8]]
[12:55:04.26] /# gi::executeAction deFitEdit -in [gi::getWindows 8]
[12:55:04.26] /i de::fit -window 8 -fitEdit true
[12:55:04.26] /o {-1.16875 -0.13125} {7.5875 4.69375}
[12:55:05.04] /i gi::executeAction deSaveDesign -in [gi::getWindows 8]
[12:55:05.04] /m Information: Saving design 'new_dff D_latch schematic'. (DESIGN_WINDOW-004)
[12:55:29.65] /i gi::executeAction deCanvasDragSelect -in [gi::getWindows 8]
[12:55:29.65] /r deCanvasDragStart 4.71875 4.18125
[12:55:29.87] /# gi::executeAction deCanvasDragEnd -in [gi::getWindows 8]
[12:55:29.87] /i gi::executeAction deCanvasDragEnd -in [gi::getWindows 8]
[12:55:29.87] /r deCanvasDragEnd 5.8875 1.85625
[12:55:30.79] /# gi::executeAction seButton1DragStart -in [gi::getWindows 8]
[12:55:30.79] /i ise::stretch -point {5.25 3.6875}
[12:55:31.43] /# gi::executeAction deEndDrag -in [gi::getWindows 8]
[12:55:31.43] /i de::endDrag {4.21875 3.675} -context [db::getNext [de::getContexts -window 8]]
[12:55:31.96] /i gi::executeAction deCanvasDragSelect -in [gi::getWindows 8]
[12:55:31.97] /r deCanvasDragStart 5.7375 4.05
[12:55:32.39] /# gi::executeAction deCanvasDragEnd -in [gi::getWindows 8]
[12:55:32.39] /i gi::executeAction deCanvasDragEnd -in [gi::getWindows 8]
[12:55:32.39] /r deCanvasDragEnd 6.64375 2.075
[12:55:33.34] /# gi::executeAction seButton1DragStart -in [gi::getWindows 8]
[12:55:33.34] /i ise::stretch -point {6.1875 3.625}
[12:55:34.72] /# gi::executeAction deEndDrag -in [gi::getWindows 8]
[12:55:34.72] /i de::endDrag {5.625 2.69375} -context [db::getNext [de::getContexts -window 8]]
[12:55:36.04] /# gi::executeAction seSchCreateWire -in [gi::getWindows 8]
[12:55:36.04] /i ise::createWire
[12:55:56.78] /# gi::executeAction deStartDrag -in [gi::getWindows 8]
[12:55:56.78] /i de::startDrag {5.625 2.69375} -context [db::getNext [de::getContexts -window 8]]
[12:55:56.78] /i de::setCursor -point {5.4375 2.3125 }
[12:55:57.34] /# gi::executeAction deEndDrag -in [gi::getWindows 8]
[12:55:57.34] /i de::endDrag {4.85625 1.6375} -context [db::getNext [de::getContexts -window 8]]
[12:55:57.42] /i de::setCursor -point {4.9375 1.6875 }
[12:55:57.45] /i de::setCursor -point {5 1.6875 }
[12:55:57.49] /i de::setCursor -point {5 1.75 }
[12:55:57.74] /i de::setCursor -point {4.9375 1.75 }
[12:55:57.81] /# gi::executeAction deAbortCommand -in [gi::getWindows 8]
[12:55:57.81] /i de::abortCommand -context [db::getNext [de::getContexts -window 8]]
[12:55:59.59] /i de::undoTransaction -design [db::getAttr editDesign -of [de::getContexts -window 8]] -steps 1
[12:55:59.93] /i gi::executeAction deCanvasDragCancel -in [gi::getWindows 8]
[12:56:00.39] /i gi::executeAction deCanvasDragSelect -in [gi::getWindows 8]
[12:56:00.39] /r deCanvasDragStart 5.3375 3.325
[12:56:00.67] /# gi::executeAction deCanvasDragEnd -in [gi::getWindows 8]
[12:56:00.67] /i gi::executeAction deCanvasDragEnd -in [gi::getWindows 8]
[12:56:00.67] /r deCanvasDragEnd 6.54375 0.75625
[12:56:01.49] /# gi::executeAction seButton1DragStart -in [gi::getWindows 8]
[12:56:01.49] /i ise::stretch -point {5.625 2.75}
[12:56:03.04] /# gi::executeAction deEndDrag -in [gi::getWindows 8]
[12:56:03.04] /i de::endDrag {4.2625 1.76875} -context [db::getNext [de::getContexts -window 8]]
[12:56:05.42] /# gi::executeAction seFlipHorizontalCenter -in [gi::getWindows 8]
[12:56:05.42] /i se::move [de::getSelected -design [db::getAttr editDesign -of [db::getNext [de::getContexts -window 8]]]]  -rotate MY
[12:56:25.52] /i db::setAttr dockSize -of [gi::getAssistants giConsole -from [gi::getWindows 8]] -value 1222x89
[12:56:25.54] /i db::setAttr dockSize -of [gi::getAssistants dePropertyEditor -from [gi::getWindows 8]] -value 290x950
[12:56:25.54] /i db::setAttr geometry -of [gi::getFrames 1] -value 1265x1212+5+56
[12:56:26.79] /# gi::executeAction deCanvasZoomOutAtPoint -in [gi::getWindows 8]
[12:56:26.79] /i de::zoom -window [gi::getWindows 8] -factor 0.5 -center {2.94375 2.0375}
[12:56:26.79] /o {-5.275 -3.53125} {5.0375 7.34375}
[12:56:27.83] /# gi::executeAction deCanvasZoomInAtPoint -in [gi::getWindows 8]
[12:56:27.83] /i de::zoom -window [gi::getWindows 8] -factor 2.0 -center {4.48125 2.35}
[12:56:27.83] /o {-0.4 -0.59375} {4.7625 4.85}
[12:56:31.52] /# gi::executeAction seSchCreateWire -in [gi::getWindows 8]
[12:56:31.52] /i ise::createWire
[12:56:33.49] /# gi::executeAction seSchCreateWire -in [gi::getWindows 8]
[12:56:33.50] /i ise::createWire
[12:56:37.35] /# gi::executeAction deAddPoint -in [gi::getWindows 8]
[12:56:37.35] /i de::addPoint {2.29375 1.5625} -context [db::getNext [de::getContexts -window 8]]
[12:56:37.43] /i de::setCursor -point {2.3125 1.5 }
[12:56:38.39] /# gi::executeAction deAddPoint -in [gi::getWindows 8]
[12:56:38.40] /i de::addPoint {2.3 0.69375} -context [db::getNext [de::getContexts -window 8]]
[12:56:40.80] /# gi::executeAction deAddPoint -in [gi::getWindows 8]
[12:56:40.80] /i de::addPoint {2.68125 1.575} -context [db::getNext [de::getContexts -window 8]]
[12:56:42.45] /# gi::executeAction deAddPoint -in [gi::getWindows 8]
[12:56:42.45] /i de::addPoint {2.68125 0.675} -context [db::getNext [de::getContexts -window 8]]
[12:56:44.03] /# gi::executeAction deAddPoint -in [gi::getWindows 8]
[12:56:44.03] /i de::addPoint {2.49375 1.5625} -context [db::getNext [de::getContexts -window 8]]
[12:56:45.71] /# gi::executeAction deAddPoint -in [gi::getWindows 8]
[12:56:45.71] /i de::addPoint {2.5125 1.275} -context [db::getNext [de::getContexts -window 8]]
[12:56:47.64] /i de::setCursor -point {2.4375 1.1875 }
[12:56:47.65] /i de::setCursor -point {2.375 1.1875 }
[12:56:48.34] /# gi::executeAction deAbortCommand -in [gi::getWindows 8]
[12:56:48.34] /i de::abortCommand -context [db::getNext [de::getContexts -window 8]]
[12:56:48.74] /# gi::executeAction seSchCreateWire -in [gi::getWindows 8]
[12:56:48.74] /i ise::createWire
[12:56:49.80] /# gi::executeAction deAddPoint -in [gi::getWindows 8]
[12:56:49.80] /i de::addPoint {2.48125 0.675} -context [db::getNext [de::getContexts -window 8]]
[12:56:49.96] /i de::setCursor -point {2.5 0.75 }
[12:56:50.75] /# gi::executeAction deAddPoint -in [gi::getWindows 8]
[12:56:50.75] /i de::addPoint {2.5125 0.94375} -context [db::getNext [de::getContexts -window 8]]
[12:56:51.10] /# gi::executeAction deAbortCommand -in [gi::getWindows 8]
[12:56:51.10] /i de::abortCommand -context [db::getNext [de::getContexts -window 8]]
[12:56:52.29] /# gi::executeAction deSelectActive -in [gi::getWindows 8]
[12:56:52.29] /i de::deselectAll [db::getNext [de::getContexts -window 8]]
[12:56:52.29] /i de::select [de::getActiveFigure [gi::getWindows 8] -point {2.5125 1.35} -index 0 -intent none]
[12:56:52.29] /o oa:0x25516d50
[12:56:54.28] /i gi::setItemSelection {attributes} -index {name,all} -in [gi::getAssistants dePropertyEditor -from [gi::getWindows 8]]
[12:56:54.28] /i gi::setCurrentIndex {attributes} -index {name,Value} -in [gi::getAssistants dePropertyEditor -from [gi::getWindows 8]]
[12:56:56.17] /i gi::setField {attributes} -value {gnd} -index {name,Value} -in [gi::getAssistants dePropertyEditor -from [gi::getWindows 8]]
[12:56:56.17] /i gi::executeAction dePropertyEditorApplyChanges -in [gi::getAssistants dePropertyEditor -from [gi::getWindows 8]]
[12:56:58.02] /# gi::executeAction deSelectActive -in [gi::getWindows 8]
[12:56:58.02] /i de::deselectAll [db::getNext [de::getContexts -window 8]]
[12:56:58.02] /i de::select [de::getActiveFigure [gi::getWindows 8] -point {2.5125 0.78125} -index 0 -intent none]
[12:56:58.02] /o oa:0x24a7d510
[12:56:58.80] /i gi::setItemSelection {attributes} -index {name,all} -in [gi::getAssistants dePropertyEditor -from [gi::getWindows 8]]
[12:56:58.80] /i gi::setCurrentIndex {attributes} -index {name,Value} -in [gi::getAssistants dePropertyEditor -from [gi::getWindows 8]]
[12:57:00.49] /i gi::setField {attributes} -value {vdd} -index {name,Value} -in [gi::getAssistants dePropertyEditor -from [gi::getWindows 8]]
[12:57:00.49] /i gi::executeAction dePropertyEditorApplyChanges -in [gi::getAssistants dePropertyEditor -from [gi::getWindows 8]]
[12:57:01.72] /i gi::executeAction deSaveDesign -in [gi::getWindows 8]
[12:57:01.72] /m Information: Saving design 'new_dff D_latch schematic'. (DESIGN_WINDOW-004)
[12:57:04.56] /# gi::executeAction seSchCreateWire -in [gi::getWindows 8]
[12:57:04.56] /i ise::createWire
[12:57:07.78] /# gi::executeAction seSchCreateWire -in [gi::getWindows 8]
[12:57:07.78] /i ise::createWire
[12:57:09.24] /# gi::executeAction seSchCreateWire -in [gi::getWindows 8]
[12:57:09.24] /i ise::createWire
[12:57:12.48] /# gi::executeAction deAddPoint -in [gi::getWindows 8]
[12:57:12.48] /i de::addPoint {2.3 1.175} -context [db::getNext [de::getContexts -window 8]]
[12:57:12.61] /i de::setCursor -point {2.25 1.1875 }
[12:57:14.48] /# gi::executeAction deAddPoint -in [gi::getWindows 8]
[12:57:14.48] /i de::addPoint {1.8625 -0.18125} -context [db::getNext [de::getContexts -window 8]]
[12:57:14.84] /# gi::executeAction deAddPoint -in [gi::getWindows 8]
[12:57:14.84] /i de::addPoint {1.8625 -0.18125} -context [db::getNext [de::getContexts -window 8]]
[12:57:16.70] /# gi::executeAction seSchCreateWire -in [gi::getWindows 8]
[12:57:16.70] /i ise::createWire
[12:57:21.82] /# gi::executeAction deAddPoint -in [gi::getWindows 8]
[12:57:21.82] /i de::addPoint {1.875 -0.2125} -context [db::getNext [de::getContexts -window 8]]
[12:57:25.37] /# gi::executeAction deAddPoint -in [gi::getWindows 8]
[12:57:25.37] /i de::addPoint {3.54375 1.23125} -context [db::getNext [de::getContexts -window 8]]
[12:57:25.78] /# gi::executeAction deAddPoint -in [gi::getWindows 8]
[12:57:25.78] /i de::addPoint {3.54375 1.23125} -context [db::getNext [de::getContexts -window 8]]
[12:57:27.60] /# gi::executeAction seSchCreateWire -in [gi::getWindows 8]
[12:57:27.60] /i ise::createWire
[12:57:28.89] /# gi::executeAction deAddPoint -in [gi::getWindows 8]
[12:57:28.89] /i de::addPoint {3.56875 1.24375} -context [db::getNext [de::getContexts -window 8]]
[12:57:30.44] /# gi::executeAction deAddPoint -in [gi::getWindows 8]
[12:57:30.44] /i de::addPoint {4.10625 1.5125} -context [db::getNext [de::getContexts -window 8]]
[12:57:31.91] /# gi::executeAction seSchCreateWire -in [gi::getWindows 8]
[12:57:31.91] /i ise::createWire
[12:57:33.47] /# gi::executeAction deAddPoint -in [gi::getWindows 8]
[12:57:33.47] /i de::addPoint {4.11875 1.25625} -context [db::getNext [de::getContexts -window 8]]
[12:57:33.54] /i de::setCursor -point {4.125 1.1875 }
[12:57:34.83] /# gi::executeAction deAddPoint -in [gi::getWindows 8]
[12:57:34.83] /i de::addPoint {4.18125 1} -context [db::getNext [de::getContexts -window 8]]
[12:57:35.35] /# gi::executeAction deAbortCommand -in [gi::getWindows 8]
[12:57:35.35] /i de::abortCommand -context [db::getNext [de::getContexts -window 8]]
[12:57:35.78] /# gi::executeAction deSelectActive -in [gi::getWindows 8]
[12:57:35.78] /i de::deselectAll [db::getNext [de::getContexts -window 8]]
[12:57:35.78] /i de::select [de::getActiveFigure [gi::getWindows 8] -point {4.31875 0.80625} -index 0 -intent none]
[12:57:35.78] /o oa:0x25280700
[12:57:36.22] /# gi::executeAction seButton1DragStart -in [gi::getWindows 8]
[12:57:36.22] /i ise::stretch -point {4.3125 0.8125}
[12:57:37.34] /# gi::executeAction deEndDrag -in [gi::getWindows 8]
[12:57:37.34] /i de::endDrag {4.25 0.70625} -context [db::getNext [de::getContexts -window 8]]
[12:57:39.11] /i gi::executeAction deSaveDesign -in [gi::getWindows 8]
[12:57:39.12] /m Information: Saving design 'new_dff D_latch schematic'. (DESIGN_WINDOW-004)
[12:57:40.53] /# gi::executeAction seSchCreateWire -in [gi::getWindows 8]
[12:57:40.53] /i ise::createWire
[12:57:46.80] /# gi::executeAction deAddPoint -in [gi::getWindows 8]
[12:57:46.80] /i de::addPoint {2.675 1.09375} -context [db::getNext [de::getContexts -window 8]]
[12:57:46.95] /i de::setCursor -point {2.75 1.125 }
[12:57:48.07] /# gi::executeAction deAddPoint -in [gi::getWindows 8]
[12:57:48.07] /i de::addPoint {3.1 3.4} -context [db::getNext [de::getContexts -window 8]]
[12:57:48.61] /i de::setCursor -point {3.125 3.3125 }
[12:57:48.65] /i de::setCursor -point {3.1875 3.3125 }
[12:57:48.68] /i de::setCursor -point {3.25 3.3125 }
[12:57:49.06] /i de::setCursor -point {3.1875 3.3125 }
[12:57:49.07] /i de::setCursor -point {3.125 3.3125 }
[12:57:49.12] /i de::setCursor -point {3.0625 3.4375 }
[12:57:49.16] /i de::setCursor -point {3.0625 3.5 }
[12:57:49.37] /i de::setCursor -point {3.25 3.5 }
[12:57:49.40] /i de::setCursor -point {3.3125 3.5 }
[12:57:50.20] /i de::setCursor -point {3.1875 3.4375 }
[12:57:50.20] /i de::setCursor -point {3.125 3.4375 }
[12:57:50.21] /i de::setCursor -point {3.0625 3.4375 }
[12:57:50.23] /i de::setCursor -point {3 3.4375 }
[12:57:51.36] /# gi::executeAction deAddPoint -in [gi::getWindows 8]
[12:57:51.36] /i de::addPoint {2.6625 3.88125} -context [db::getNext [de::getContexts -window 8]]
[12:57:52.76] /# gi::executeAction seSchCreateWire -in [gi::getWindows 8]
[12:57:52.76] /i ise::createWire
[12:57:53.89] /# gi::executeAction deAddPoint -in [gi::getWindows 8]
[12:57:53.89] /i de::addPoint {2.69375 3.35625} -context [db::getNext [de::getContexts -window 8]]
[12:57:53.96] /i de::setCursor -point {2.6875 3.3125 }
[12:57:54.85] /# gi::executeAction deAddPoint -in [gi::getWindows 8]
[12:57:54.85] /i de::addPoint {2.68125 2.83125} -context [db::getNext [de::getContexts -window 8]]
[12:57:56.34] /i gi::executeAction deSaveDesign -in [gi::getWindows 8]
[12:57:56.34] /m Information: Saving design 'new_dff D_latch schematic'. (DESIGN_WINDOW-004)
[12:57:56.71] /# gi::executeAction deFitEdit -in [gi::getWindows 8]
[12:57:56.71] /i de::fit -window 8 -fitEdit true
[12:57:56.71] /o {-1.11875 -2.43125} {7.5375 6.69375}
[12:57:58.23] /# gi::executeAction seSchCreateWire -in [gi::getWindows 8]
[12:57:58.23] /i ise::createWire
[12:57:58.50] /# gi::executeAction seSchCreateWire -in [gi::getWindows 8]
[12:57:58.50] /i ise::createWire
[12:57:59.23] /# gi::executeAction deCanvasZoomInAtPoint -in [gi::getWindows 8]
[12:57:59.23] /i de::zoom -window [gi::getWindows 8] -factor 2.0 -center {3.28125 4.0375}
[12:57:59.23] /o {1.08125 0.8} {5.4125 5.36875}
[12:58:00.34] /# gi::executeAction deAddPoint -in [gi::getWindows 8]
[12:58:00.34] /i de::addPoint {4.075 3.5625} -context [db::getNext [de::getContexts -window 8]]
[12:58:00.42] /i de::setCursor -point {4 3.5625 }
[12:58:03.22] /# gi::executeAction deAddPoint -in [gi::getWindows 8]
[12:58:03.22] /i de::addPoint {3.11875 3.38125} -context [db::getNext [de::getContexts -window 8]]
[12:58:04.38] /# gi::executeAction deAddPoint -in [gi::getWindows 8]
[12:58:04.38] /i de::addPoint {4.1375 2.80625} -context [db::getNext [de::getContexts -window 8]]
[12:58:06.73] /# gi::executeAction deAddPoint -in [gi::getWindows 8]
[12:58:06.73] /i de::addPoint {3.6125 3.36875} -context [db::getNext [de::getContexts -window 8]]
[12:58:07.01] /# gi::executeAction deAbortCommand -in [gi::getWindows 8]
[12:58:07.01] /i de::abortCommand -context [db::getNext [de::getContexts -window 8]]
[12:58:08.14] /# gi::executeAction deSelectActive -in [gi::getWindows 8]
[12:58:08.14] /i de::deselectAll [db::getNext [de::getContexts -window 8]]
[12:58:08.14] /i de::select [de::getActiveFigure [gi::getWindows 8] -point {4.2 3.5625} -index 0 -intent none]
[12:58:08.14] /o oa:0x2399e7c0
[12:58:08.57] /# gi::executeAction seButton1DragStart -in [gi::getWindows 8]
[12:58:08.57] /i ise::stretch -point {4.1875 3.5625}
[12:58:09.92] /# gi::executeAction deEndDrag -in [gi::getWindows 8]
[12:58:09.92] /i de::endDrag {4.3 4.06875} -context [db::getNext [de::getContexts -window 8]]
[12:58:10.94] /# gi::executeAction seButton1DragStart -in [gi::getWindows 8]
[12:58:10.94] /i ise::stretch -object [de::getActiveFigure [gi::getWindows 8] -point {4.28125 2.78125} -index 0 -intent none] -point {4.3125 2.8125}
[12:58:11.53] /# gi::executeAction deEndDrag -in [gi::getWindows 8]
[12:58:11.53] /i de::endDrag {4.39375 2.675} -context [db::getNext [de::getContexts -window 8]]
[12:58:12.23] /# gi::executeAction deFitEdit -in [gi::getWindows 8]
[12:58:12.23] /i de::fit -window 8 -fitEdit true
[12:58:12.23] /o {-1.11875 -2.43125} {7.5375 6.69375}
[12:58:14.12] /i gi::executeAction deCanvasDragSelect -in [gi::getWindows 8]
[12:58:14.12] /r deCanvasDragStart 3.7875 2.25
[12:58:14.38] /# gi::executeAction deCanvasDragEnd -in [gi::getWindows 8]
[12:58:14.38] /i gi::executeAction deCanvasDragEnd -in [gi::getWindows 8]
[12:58:14.38] /r deCanvasDragEnd 5.025 -0.475
[12:58:15.15] /# gi::executeAction seButton1DragStart -in [gi::getWindows 8]
[12:58:15.15] /i ise::stretch -point {4.3125 1.75}
[12:58:17.18] /# gi::executeAction deEndDrag -in [gi::getWindows 8]
[12:58:17.18] /i de::endDrag {4.6375 1.6} -context [db::getNext [de::getContexts -window 8]]
[12:58:17.47] /# gi::executeAction deSelectActive -in [gi::getWindows 8]
[12:58:17.47] /i de::deselectAll [db::getNext [de::getContexts -window 8]]
[12:58:17.47] /i de::deselectAllLogic -context [db::getNext [de::getContexts -window 8]]
[12:58:19.42] /# gi::executeAction seSchCreateWire -in [gi::getWindows 8]
[12:58:19.42] /i ise::createWire
[12:58:22.19] /# gi::executeAction deAddPoint -in [gi::getWindows 8]
[12:58:22.19] /i de::addPoint {4.4375 4.0125} -context [db::getNext [de::getContexts -window 8]]
[12:58:22.42] /i de::setCursor -point {4.5 4 }
[12:58:23.86] /# gi::executeAction deAddPoint -in [gi::getWindows 8]
[12:58:23.86] /i de::addPoint {5.68125 4.0125} -context [db::getNext [de::getContexts -window 8]]
[12:58:24.11] /# gi::executeAction deCompleteShape -in [gi::getWindows 8]
[12:58:24.11] /i de::completeShape -context [db::getNext [de::getContexts -window 8]]
[12:58:25.90] /# gi::executeAction seSchCreateWire -in [gi::getWindows 8]
[12:58:25.90] /i ise::createWire
[12:58:27.05] /# gi::executeAction deAddPoint -in [gi::getWindows 8]
[12:58:27.06] /i de::addPoint {5.70625 4.0125} -context [db::getNext [de::getContexts -window 8]]
[12:58:27.14] /i de::setCursor -point {5.6875 4.0625 }
[12:58:29.36] /# gi::executeAction deAddPoint -in [gi::getWindows 8]
[12:58:29.36] /i de::addPoint {5.68125 4.99375} -context [db::getNext [de::getContexts -window 8]]
[12:58:29.94] /i de::setCursor -point {5.75 5.0625 }
[12:58:30.84] /i de::setCursor -point {5.6875 5.0625 }
[12:58:30.90] /i de::setCursor -point {5.625 5 }
[12:58:31.49] /i de::setCursor -point {5.625 4.9375 }
[12:58:31.62] /i de::setCursor -point {5.5625 4.9375 }
[12:58:31.70] /i de::setCursor -point {5.5625 4.875 }
[12:58:31.78] /i de::setCursor -point {5.5625 4.8125 }
[12:58:33.96] /# gi::executeAction deAddPoint -in [gi::getWindows 8]
[12:58:33.96] /i de::addPoint {4.44375 4.24375} -context [db::getNext [de::getContexts -window 8]]
[12:58:34.60] /# gi::executeAction deAbortCommand -in [gi::getWindows 8]
[12:58:34.60] /i de::abortCommand -context [db::getNext [de::getContexts -window 8]]
[12:58:35.10] /# gi::executeAction deSelectActive -in [gi::getWindows 8]
[12:58:35.10] /i de::deselectAll [db::getNext [de::getContexts -window 8]]
[12:58:35.10] /i de::select [de::getActiveFigure [gi::getWindows 8] -point {4.91875 4.99375} -index 0 -intent none]
[12:58:35.10] /o oa:0x255c3290
[12:58:35.68] /i gi::setItemSelection {attributes} -index {name,all} -in [gi::getAssistants dePropertyEditor -from [gi::getWindows 8]]
[12:58:35.68] /i gi::setCurrentIndex {attributes} -index {name,Value} -in [gi::getAssistants dePropertyEditor -from [gi::getWindows 8]]
[12:58:37.76] /i gi::setField {attributes} -value {vdd} -index {name,Value} -in [gi::getAssistants dePropertyEditor -from [gi::getWindows 8]]
[12:58:37.76] /i gi::executeAction dePropertyEditorApplyChanges -in [gi::getAssistants dePropertyEditor -from [gi::getWindows 8]]
[12:58:38.56] /# gi::executeAction deCanvasZoomInAtPoint -in [gi::getWindows 8]
[12:58:38.57] /i de::zoom -window [gi::getWindows 8] -factor 2.0 -center {6.425 3.9}
[12:58:38.57] /o {2.65 0.73125} {6.98125 5.3}
[12:58:39.42] /# gi::executeAction seButton1DragStart -in [gi::getWindows 8]
[12:58:39.42] /i ise::stretch -object [de::getActiveFigure [gi::getWindows 8] -point {5.66875 4.63125} -index 0 -intent none] -point {5.6875 4.625}
[12:58:40.38] /# gi::executeAction deEndDrag -in [gi::getWindows 8]
[12:58:40.38] /i de::endDrag {4.9125 4.5875} -context [db::getNext [de::getContexts -window 8]]
[12:58:40.67] /# gi::executeAction deSelectActive -in [gi::getWindows 8]
[12:58:40.67] /i de::deselectAll [db::getNext [de::getContexts -window 8]]
[12:58:40.67] /i de::deselectAllLogic -context [db::getNext [de::getContexts -window 8]]
[12:58:41.80] /# gi::executeAction deFitEdit -in [gi::getWindows 8]
[12:58:41.80] /i de::fit -window 8 -fitEdit true
[12:58:41.80] /o {-1.11875 -2.14375} {7.5375 6.98125}
[12:58:44.42] /# gi::executeAction seSchCreateWire -in [gi::getWindows 8]
[12:58:44.42] /i ise::createWire
[12:58:45.55] /# gi::executeAction deCanvasZoomInAtPoint -in [gi::getWindows 8]
[12:58:45.55] /i de::zoom -window [gi::getWindows 8] -factor 2.0 -center {4.4625 3.90625}
[12:58:45.55] /o {1.66875 0.88125} {6.0 5.44375}
[12:58:46.26] /# gi::executeAction deAddPoint -in [gi::getWindows 8]
[12:58:46.26] /i de::addPoint {4.4375 3.875} -context [db::getNext [de::getContexts -window 8]]
[12:58:46.35] /i de::setCursor -point {4.375 3.75 }
[12:58:47.26] /# gi::executeAction deAddPoint -in [gi::getWindows 8]
[12:58:47.26] /i de::addPoint {4.4375 2.8875} -context [db::getNext [de::getContexts -window 8]]
[12:58:48.12] /# gi::executeAction deCanvasZoomOutAtPoint -in [gi::getWindows 8]
[12:58:48.12] /i de::zoom -window [gi::getWindows 8] -factor 0.5 -center {5.19375 3.3}
[12:58:48.13] /o {-1.85 -1.5375} {6.80625 7.5875}
[12:58:48.94] /# gi::executeAction deAddPoint -in [gi::getWindows 8]
[12:58:48.94] /i de::addPoint {4.43125 3.275} -context [db::getNext [de::getContexts -window 8]]
[12:58:49.00] /i de::setCursor -point {4.5 3.3125 }
[12:58:49.02] /i de::setCursor -point {4.5625 3.3125 }
[12:58:49.76] /# gi::executeAction deAddPoint -in [gi::getWindows 8]
[12:58:49.76] /i de::addPoint {5.725 3.25625} -context [db::getNext [de::getContexts -window 8]]
[12:58:50.03] /# gi::executeAction deFitEdit -in [gi::getWindows 8]
[12:58:50.03] /i de::fit -window 8 -fitEdit true
[12:58:50.03] /o {-1.11875 -2.14375} {7.5375 6.98125}
[12:58:51.88] /i de::setCursor -point {5.8125 3.3125 }
[12:58:51.89] /i de::setCursor -point {5.8125 3.375 }
[12:58:52.26] /i de::setCursor -point {5.6875 3.3125 }
[12:58:52.29] /i de::setCursor -point {5.6875 3.25 }
[12:58:52.29] /i de::setCursor -point {5.6875 3.1875 }
[12:58:52.31] /i de::setCursor -point {5.6875 3.125 }
[12:58:56.06] /# gi::executeAction deAddPoint -in [gi::getWindows 8]
[12:58:56.06] /i de::addPoint {4.6875 0.56875} -context [db::getNext [de::getContexts -window 8]]
[12:58:57.72] /# gi::executeAction seSchCreateWire -in [gi::getWindows 8]
[12:58:57.72] /i ise::createWire
[12:58:58.94] /# gi::executeAction deCanvasZoomInAtPoint -in [gi::getWindows 8]
[12:58:58.94] /i de::zoom -window [gi::getWindows 8] -factor 2.0 -center {5.19375 1.25}
[12:58:58.94] /o {2.0375 -0.45} {6.36875 4.11875}
[12:59:00.06] /# gi::executeAction deAddPoint -in [gi::getWindows 8]
[12:59:00.06] /i de::addPoint {4.6875 1.55625} -context [db::getNext [de::getContexts -window 8]]
[12:59:00.11] /i de::setCursor -point {4.75 1.5625 }
[12:59:03.34] /# gi::executeAction deAddPoint -in [gi::getWindows 8]
[12:59:03.34] /i de::addPoint {5.75625 1.5875} -context [db::getNext [de::getContexts -window 8]]
[12:59:05.44] /# gi::executeAction seSchCreateWire -in [gi::getWindows 8]
[12:59:05.44] /i ise::createWire
[12:59:06.55] /# gi::executeAction deAddPoint -in [gi::getWindows 8]
[12:59:06.55] /i de::addPoint {5.74375 1.09375} -context [db::getNext [de::getContexts -window 8]]
[12:59:07.40] /# gi::executeAction deAddPoint -in [gi::getWindows 8]
[12:59:07.40] /i de::addPoint {4.95625 1.55625} -context [db::getNext [de::getContexts -window 8]]
[12:59:08.13] /# gi::executeAction deAddPoint -in [gi::getWindows 8]
[12:59:08.13] /i de::addPoint {4.95625 1.09375} -context [db::getNext [de::getContexts -window 8]]
[12:59:08.20] /i de::setCursor -point {4.9375 1.0625 }
[12:59:08.98] /# gi::executeAction deAddPoint -in [gi::getWindows 8]
[12:59:08.98] /i de::addPoint {4.94375 0.55625} -context [db::getNext [de::getContexts -window 8]]
[12:59:09.21] /# gi::executeAction deAbortCommand -in [gi::getWindows 8]
[12:59:09.21] /i de::abortCommand -context [db::getNext [de::getContexts -window 8]]
[12:59:10.03] /# gi::executeAction deSelectActive -in [gi::getWindows 8]
[12:59:10.03] /i de::deselectAll [db::getNext [de::getContexts -window 8]]
[12:59:10.03] /i de::select [de::getActiveFigure [gi::getWindows 8] -point {5.74375 0.725} -index 0 -intent none]
[12:59:10.03] /o oa:0x24680970
[12:59:10.60] /# gi::executeAction seDelete -in [gi::getWindows 8]
[12:59:10.60] /i ise::delete
[12:59:11.09] /# gi::executeAction deSelectActive -in [gi::getWindows 8]
[12:59:11.09] /i de::deselectAllLogic -context [db::getNext [de::getContexts -window 8]]
[12:59:11.40] /# gi::executeAction deSelectActive -in [gi::getWindows 8]
[12:59:11.40] /i de::deselectAll [db::getNext [de::getContexts -window 8]]
[12:59:11.40] /i de::select [de::getActiveFigure [gi::getWindows 8] -point {5.63125 0.55625} -index 0 -intent none]
[12:59:11.40] /o oa:0x1b3c9820
[12:59:11.53] /# gi::executeAction seDelete -in [gi::getWindows 8]
[12:59:11.54] /i ise::delete
[12:59:12.16] /# gi::executeAction deSelectActive -in [gi::getWindows 8]
[12:59:12.16] /i de::deselectAll [db::getNext [de::getContexts -window 8]]
[12:59:12.16] /i de::select [de::getActiveFigure [gi::getWindows 8] -point {5.74375 1.43125} -index 0 -intent none]
[12:59:12.16] /o oa:0x24c999b0
[12:59:12.51] /# gi::executeAction seDelete -in [gi::getWindows 8]
[12:59:12.51] /i ise::delete
[12:59:13.52] /# gi::executeAction seDelete -in [gi::getWindows 8]
[12:59:13.52] /i ise::delete
[12:59:13.77] /# gi::executeAction deAddPoint -in [gi::getWindows 8]
[12:59:13.77] /i de::addPoint {5.4625 1.1375} -context [db::getNext [de::getContexts -window 8]]
[12:59:14.62] /# gi::executeAction deAbortCommand -in [gi::getWindows 8]
[12:59:14.62] /i de::abortCommand -context [db::getNext [de::getContexts -window 8]]
[12:59:15.77] /i gi::executeAction deSaveDesign -in [gi::getWindows 8]
[12:59:15.77] /m Information: Saving design 'new_dff D_latch schematic'. (DESIGN_WINDOW-004)
[12:59:16.84] /# gi::executeAction seButton1DragStart -in [gi::getWindows 8]
[12:59:16.84] /i ise::stretch -object [de::getActiveFigure [gi::getWindows 8] -point {5.1625 1.56875} -index 0 -intent none] -point {5.1875 1.5625}
[12:59:18.58] /# gi::executeAction deEndDrag -in [gi::getWindows 8]
[12:59:18.58] /i de::endDrag {5.2 1.05625} -context [db::getNext [de::getContexts -window 8]]
[12:59:24.67] /# gi::executeAction seSchCreateWire -in [gi::getWindows 8]
[12:59:24.67] /i ise::createWire
[12:59:27.28] /# gi::executeAction deAddPoint -in [gi::getWindows 8]
[12:59:27.28] /i de::addPoint {4.4375 2.70625} -context [db::getNext [de::getContexts -window 8]]
[12:59:27.32] /i de::setCursor -point {4.5 2.6875 }
[12:59:27.80] /# gi::executeAction deAddPoint -in [gi::getWindows 8]
[12:59:27.81] /i de::addPoint {4.9125 2.675} -context [db::getNext [de::getContexts -window 8]]
[12:59:28.19] /# gi::executeAction deAddPoint -in [gi::getWindows 8]
[12:59:28.19] /i de::addPoint {4.9125 2.675} -context [db::getNext [de::getContexts -window 8]]
[12:59:30.03] /# gi::executeAction seSchCreateWire -in [gi::getWindows 8]
[12:59:30.03] /i ise::createWire
[12:59:31.47] /# gi::executeAction deAddPoint -in [gi::getWindows 8]
[12:59:31.47] /i de::addPoint {4.425 2.49375} -context [db::getNext [de::getContexts -window 8]]
[12:59:32.35] /# gi::executeAction deAddPoint -in [gi::getWindows 8]
[12:59:32.35] /i de::addPoint {4.93125 2.69375} -context [db::getNext [de::getContexts -window 8]]
[12:59:32.51] /# gi::executeAction deAbortCommand -in [gi::getWindows 8]
[12:59:32.51] /i de::abortCommand -context [db::getNext [de::getContexts -window 8]]
[12:59:32.76] /# gi::executeAction deSelectActive -in [gi::getWindows 8]
[12:59:32.76] /i de::deselectAll [db::getNext [de::getContexts -window 8]]
[12:59:32.76] /i de::select [de::getActiveFigure [gi::getWindows 8] -point {4.93125 2.5375} -index 0 -intent none]
[12:59:32.76] /o oa:0x247d3880
[12:59:33.39] /i gi::setItemSelection {attributes} -index {name,all} -in [gi::getAssistants dePropertyEditor -from [gi::getWindows 8]]
[12:59:33.39] /i gi::setCurrentIndex {attributes} -index {name,Value} -in [gi::getAssistants dePropertyEditor -from [gi::getWindows 8]]
[12:59:35.01] /i gi::setField {attributes} -value {gnd} -index {name,Value} -in [gi::getAssistants dePropertyEditor -from [gi::getWindows 8]]
[12:59:35.01] /i gi::executeAction dePropertyEditorApplyChanges -in [gi::getAssistants dePropertyEditor -from [gi::getWindows 8]]
[12:59:36.42] /i gi::executeAction deSaveDesign -in [gi::getWindows 8]
[12:59:36.42] /m Information: Saving design 'new_dff D_latch schematic'. (DESIGN_WINDOW-004)
[12:59:38.39] /i gi::executeAction deCanvasDragCancel -in [gi::getWindows 8]
[12:59:38.71] /# gi::executeAction deSelectActive -in [gi::getWindows 8]
[12:59:38.72] /i de::deselectAll [db::getNext [de::getContexts -window 8]]
[12:59:38.72] /i de::select [de::getActiveFigure [gi::getWindows 8] -point {4.99375 2.55625} -index 0 -intent none]
[12:59:38.72] /o oa:0x24aee540
[12:59:39.13] /# gi::executeAction seButton1DragStart -in [gi::getWindows 8]
[12:59:39.14] /i ise::stretch -point {5 2.5625}
[12:59:39.98] /# gi::executeAction deEndDrag -in [gi::getWindows 8]
[12:59:39.98] /i de::endDrag {4.9875 2.36875} -context [db::getNext [de::getContexts -window 8]]
[12:59:40.38] /# gi::executeAction deSelectActive -in [gi::getWindows 8]
[12:59:40.38] /i de::deselectAll [db::getNext [de::getContexts -window 8]]
[12:59:40.38] /i de::deselectAllLogic -context [db::getNext [de::getContexts -window 8]]
[12:59:40.44] /# gi::executeAction deFitEdit -in [gi::getWindows 8]
[12:59:40.44] /i de::fit -window 8 -fitEdit true
[12:59:40.44] /o {-1.11875 -2.14375} {7.5375 6.98125}
[12:59:42.42] /# gi::executeAction seSchCreateWire -in [gi::getWindows 8]
[12:59:42.42] /i ise::createWire
[12:59:58.47] /# gi::executeAction seSchCreateWire -in [gi::getWindows 8]
[12:59:58.47] /i ise::createWire
[13:00:02.70] /# gi::executeAction deAddPoint -in [gi::getWindows 8]
[13:00:02.70] /i de::addPoint {3.54375 1.13125} -context [db::getNext [de::getContexts -window 8]]
[13:00:02.76] /i de::setCursor -point {3.5625 1.1875 }
[13:00:02.77] /i de::setCursor -point {3.625 1.1875 }
[13:00:02.80] /i de::setCursor -point {3.625 1.3125 }
[13:00:04.15] /# gi::executeAction deAddPoint -in [gi::getWindows 8]
[13:00:04.15] /i de::addPoint {6.4625 2.08125} -context [db::getNext [de::getContexts -window 8]]
[13:00:04.21] /i de::setCursor -point {6.5 2.0625 }
[13:00:05.31] /# gi::executeAction deAddPoint -in [gi::getWindows 8]
[13:00:05.31] /i de::addPoint {6.85625 2.25} -context [db::getNext [de::getContexts -window 8]]
[13:00:05.70] /# gi::executeAction deAbortCommand -in [gi::getWindows 8]
[13:00:05.70] /i de::abortCommand -context [db::getNext [de::getContexts -window 8]]
[13:00:06.07] /# gi::executeAction seButton1DragStart -in [gi::getWindows 8]
[13:00:06.07] /i ise::stretch -object [de::getActiveFigure [gi::getWindows 8] -point {6.85625 2.30625} -index 0 -intent none] -point {6.875 2.3125}
[13:00:07.60] /# gi::executeAction deEndDrag -in [gi::getWindows 8]
[13:00:07.60] /i de::endDrag {6.625 2.5875} -context [db::getNext [de::getContexts -window 8]]
[13:00:10.36] /i de::undoTransaction -design [db::getAttr editDesign -of [de::getContexts -window 8]] -steps 1
[13:00:11.08] /i gi::executeAction deCanvasDragCancel -in [gi::getWindows 8]
[13:00:11.97] /# gi::executeAction deSelectActive -in [gi::getWindows 8]
[13:00:11.97] /i de::deselectAll [db::getNext [de::getContexts -window 8]]
[13:00:11.97] /i de::select [de::getActiveFigure [gi::getWindows 8] -point {6.85 2.225} -index 0 -intent none]
[13:00:11.97] /o oa:0x24731f00
[13:00:12.58] /# gi::executeAction seButton1DragStart -in [gi::getWindows 8]
[13:00:12.58] /i ise::stretch -point {6.875 2.25}
[13:00:13.43] /# gi::executeAction deEndDrag -in [gi::getWindows 8]
[13:00:13.43] /i de::endDrag {6.26875 2.70625} -context [db::getNext [de::getContexts -window 8]]
[13:00:15.53] /i de::undoTransaction -design [db::getAttr editDesign -of [de::getContexts -window 8]] -steps 1
[13:00:16.48] /i gi::executeAction deSaveDesign -in [gi::getWindows 8]
[13:00:16.48] /m Information: Saving design 'new_dff D_latch schematic'. (DESIGN_WINDOW-004)
[13:00:16.83] /i gi::executeAction deSaveDesign -in [gi::getWindows 8]
[13:00:16.83] /m Information: Saving design 'new_dff D_latch schematic'. (DESIGN_WINDOW-004)
[13:00:16.98] /i gi::executeAction deSaveDesign -in [gi::getWindows 8]
[13:00:16.98] /m Information: Saving design 'new_dff D_latch schematic'. (DESIGN_WINDOW-004)
[13:00:17.52] /i gi::setActiveWindow 2
[13:00:17.52] /i gi::setActiveWindow 2 -raise true
[13:00:19.57] /i gi::setActiveWindow 8
[13:00:19.57] /i gi::setActiveWindow 8 -raise true
[13:00:22.12] /# gi::executeAction deUpdateCellview -in [gi::getWindows 8]
[13:00:22.12] /i db::showUpdateCellView -parent 8
[13:00:22.14] /o oa:0x1eba5a40
[13:00:22.19] /i gi::setActiveDialog [gi::getDialogs {dbUpdateCellView} -parent [gi::getWindows 8]]
[13:00:22.49] /i db::setAttr geometry -of [gi::getDialogs {dbUpdateCellView} -parent [gi::getWindows 8]] -value 484x262+457+550
[13:00:22.99] /i gi::pressButton {/ok} -in [gi::getDialogs {dbUpdateCellView} -parent [gi::getWindows 8]]
[13:00:23.03] /r giWindowId 9
[13:00:23.04] /r giWindowGeometry 1083x1120
[13:00:24.36] /# gi::executeAction deCanvasZoomOutAtPoint -in [gi::getWindows 9]
[13:00:24.36] /i de::zoom -window [gi::getWindows 9] -factor 0.5 -center {0.20625 -1.8}
[13:00:24.36] /o {-0.65 -4.04375} {4.925 0.84375}
[13:00:24.85] /i gi::executeAction deCanvasDragSelect -in [gi::getWindows 9]
[13:00:24.85] /r deCanvasDragStart -0.19375 -1.7375
[13:00:25.12] /# gi::executeAction deCanvasDragEnd -in [gi::getWindows 9]
[13:00:25.12] /i gi::executeAction deCanvasDragEnd -in [gi::getWindows 9]
[13:00:25.12] /r deCanvasDragEnd 0.99375 -2.9875
[13:00:26.07] /# gi::executeAction seButton1DragStart -in [gi::getWindows 9]
[13:00:26.07] /i ise::stretch -point {0.0625 -1.875}
[13:00:26.36] /# gi::executeAction deEndDrag -in [gi::getWindows 9]
[13:00:26.36] /i de::endDrag {0.39375 -1.5625} -context [db::getNext [de::getContexts -window 9]]
[13:00:28.90] /# gi::executeAction seRotateCCWCenter -in [gi::getWindows 9]
[13:00:28.90] /i se::move [de::getSelected -design [db::getAttr editDesign -of [db::getNext [de::getContexts -window 9]]]]  -rotate R90
[13:00:29.43] /# gi::executeAction deCanvasZoomInAtPoint -in [gi::getWindows 9]
[13:00:29.43] /i de::zoom -window [gi::getWindows 9] -factor 2.0 -center {0.7375 -1.51875}
[13:00:29.43] /o {0.04375 -2.78125} {2.83125 -0.3375}
[13:00:30.35] /# gi::executeAction seButton1DragStart -in [gi::getWindows 9]
[13:00:30.35] /i ise::stretch -point {0.4375 -2}
[13:00:31.32] /# gi::executeAction deEndDrag -in [gi::getWindows 9]
[13:00:31.32] /i de::endDrag {1.0875 -1.58125} -context [db::getNext [de::getContexts -window 9]]
[13:00:32.14] /# gi::executeAction seButton1DragStart -in [gi::getWindows 9]
[13:00:32.14] /i ise::stretch -point {1.125 -1.5625}
[13:00:33.05] /# gi::executeAction deEndDrag -in [gi::getWindows 9]
[13:00:33.05] /i de::endDrag {1.1625 -1.58125} -context [db::getNext [de::getContexts -window 9]]
[13:00:33.47] /# gi::executeAction deSelectActive -in [gi::getWindows 9]
[13:00:33.47] /i de::deselectAll [db::getNext [de::getContexts -window 9]]
[13:00:33.47] /i de::select [de::getActiveFigure [gi::getWindows 9] -point {1.25625 -1.575} -index 0 -intent none]
[13:00:33.47] /o oa:0x2424d610
[13:00:33.95] /# gi::executeAction deSelectActive -in [gi::getWindows 9]
[13:00:33.95] /i de::deselectAll [db::getNext [de::getContexts -window 9]]
[13:00:33.95] /i de::deselectAllLogic -context [db::getNext [de::getContexts -window 9]]
[13:00:34.35] /# gi::executeAction deSelectActive -in [gi::getWindows 9]
[13:00:34.35] /i de::deselectAll [db::getNext [de::getContexts -window 9]]
[13:00:34.35] /i de::select [de::getActiveFigure [gi::getWindows 9] -point {1.26875 -1.58125} -index 0 -intent none]
[13:00:34.35] /o oa:0x2327bad0
[13:00:34.74] /# gi::executeAction seButton1DragStart -in [gi::getWindows 9]
[13:00:34.75] /i ise::stretch -point {1.3125 -1.5625}
[13:00:35.22] /# gi::executeAction deEndDrag -in [gi::getWindows 9]
[13:00:35.22] /i de::endDrag {0.3375 -1.5875} -context [db::getNext [de::getContexts -window 9]]
[13:00:35.67] /# gi::executeAction deSelectActive -in [gi::getWindows 9]
[13:00:35.67] /i de::deselectAll [db::getNext [de::getContexts -window 9]]
[13:00:35.67] /i de::select [de::getActiveFigure [gi::getWindows 9] -point {0.66875 -1.54375} -index 0 -intent none]
[13:00:35.67] /o oa:0x2424d610
[13:00:36.02] /# gi::executeAction seButton1DragStart -in [gi::getWindows 9]
[13:00:36.02] /i ise::stretch -point {0.6875 -1.5625}
[13:00:36.58] /# gi::executeAction deEndDrag -in [gi::getWindows 9]
[13:00:36.58] /i de::endDrag {1.2 -1.55625} -context [db::getNext [de::getContexts -window 9]]
[13:00:37.51] /# gi::executeAction deSelectActive -in [gi::getWindows 9]
[13:00:37.51] /i de::deselectAll [db::getNext [de::getContexts -window 9]]
[13:00:37.51] /i de::select [de::getActiveFigure [gi::getWindows 9] -point {0.3375 -1.5375} -index 0 -intent none]
[13:00:37.51] /o oa:0x242e3cb0
[13:00:37.80] /# gi::executeAction seButton1DragStart -in [gi::getWindows 9]
[13:00:37.80] /i ise::stretch -point {0.3125 -1.5625}
[13:00:38.21] /# gi::executeAction deEndDrag -in [gi::getWindows 9]
[13:00:38.21] /i de::endDrag {0.69375 -1.575} -context [db::getNext [de::getContexts -window 9]]
[13:00:39.18] /i gi::executeAction deSaveDesign -in [gi::getWindows 9]
[13:00:39.18] /m Information: Saving design 'new_dff D_latch symbol'. (DESIGN_WINDOW-004)
[13:00:39.90] /i gi::setActiveWindow 8
[13:00:39.90] /i gi::setActiveWindow 8 -raise true
[13:00:40.67] /i gi::setActiveWindow 2
[13:00:40.67] /i gi::setActiveWindow 2 -raise true
[13:00:44.18] /i gi::setCurrentIndex {cells} -index {d_ff} -in [gi::getWindows 2]
[13:00:44.18] /i gi::setItemSelection {cells} -index {d_ff} -in [gi::getWindows 2]
[13:00:45.20] /i gi::setCurrentIndex {views} -index {schematic} -in [gi::getWindows 2]
[13:00:45.20] /i gi::setItemSelection {views} -index {schematic} -in [gi::getWindows 2]
[13:00:46.32] /i gi::executeAction dmOpen -in [gi::getWindows 2]
[13:00:46.33] /r giWindowId 10
[13:00:46.34] /r giWindowGeometry 1083x1120
[13:00:46.47] /m Information: 
[13:00:46.47] /o Checking "new_dff/d_ff/schematic"
[13:00:46.47] /o No rule violations found in "new_dff/d_ff/schematic"
[13:00:46.47] /m Information: Checking process is completed: marking the design violations
[13:00:46.47] /m Information: Marking of designs is completed
[13:00:47.73] /# gi::executeAction deSelectActive -in [gi::getWindows 10]
[13:00:47.73] /i de::deselectAll [db::getNext [de::getContexts -window 10]]
[13:00:47.73] /i de::select [de::getActiveFigure [gi::getWindows 10] -point {2.50625 2.675} -index 0 -intent none]
[13:00:47.73] /o oa:0x2787b590
[13:00:48.93] /# gi::executeAction deCanvasZoomInAtPoint -in [gi::getWindows 10]
[13:00:48.93] /i de::zoom -window [gi::getWindows 10] -factor 2.0 -center {1.68125 2.04375}
[13:00:48.94] /o {0.3625 0.63125} {3.30625 3.725}
[13:00:49.80] /# gi::executeAction deCanvasZoomOutAtPoint -in [gi::getWindows 10]
[13:00:49.80] /i de::zoom -window [gi::getWindows 10] -factor 0.5 -center {1.68125 2.04375}
[13:00:49.80] /o {-0.95 -0.7875} {4.93125 5.4125}
[13:00:51.42] /# gi::executeAction deSelectActive -in [gi::getWindows 10]
[13:00:51.42] /i de::deselectAll [db::getNext [de::getContexts -window 10]]
[13:00:51.42] /i de::select [de::getActiveFigure [gi::getWindows 10] -point {1.94375 3.20625} -index 0 -intent none]
[13:00:51.42] /o oa:0x286a8bb0
[13:00:59.75] /# gi::executeAction seDelete -in [gi::getWindows 10]
[13:00:59.75] /i ise::delete
[13:01:00.20] /i gi::executeAction deCanvasDragCancel -in [gi::getWindows 10]
[13:01:00.63] /# gi::executeAction deSelectActive -in [gi::getWindows 10]
[13:01:00.63] /i de::deselectAllLogic -context [db::getNext [de::getContexts -window 10]]
[13:01:01.15] /# gi::executeAction deSelectActive -in [gi::getWindows 10]
[13:01:01.15] /i de::deselectAll [db::getNext [de::getContexts -window 10]]
[13:01:01.15] /i de::select [de::getActiveFigure [gi::getWindows 10] -point {1.6125 3.875} -index 0 -intent none]
[13:01:01.15] /o oa:0x291d8570
[13:01:01.93] /# gi::executeAction seDelete -in [gi::getWindows 10]
[13:01:01.93] /i ise::delete
[13:01:02.69] /i gi::executeAction deCanvasDragCancel -in [gi::getWindows 10]
[13:01:02.91] /# gi::executeAction deSelectActive -in [gi::getWindows 10]
[13:01:02.91] /i de::deselectAllLogic -context [db::getNext [de::getContexts -window 10]]
[13:01:03.55] /# gi::executeAction deSelectActive -in [gi::getWindows 10]
[13:01:03.55] /i de::deselectAll [db::getNext [de::getContexts -window 10]]
[13:01:03.55] /i de::select [de::getActiveFigure [gi::getWindows 10] -point {1.56875 2.2} -index 0 -intent none]
[13:01:03.55] /o oa:0x278654a0
[13:01:03.67] /# gi::executeAction seCopy -in [gi::getWindows 10]
[13:01:03.67] /i ise::copy
[13:01:03.94] /# gi::executeAction deAddPoint -in [gi::getWindows 10]
[13:01:03.94] /i de::addPoint {1.55 2.20625} -context [db::getNext [de::getContexts -window 10]]
[13:01:04.86] /# gi::executeAction deAddPoint -in [gi::getWindows 10]
[13:01:04.86] /i de::addPoint {1.55 1.26875} -context [db::getNext [de::getContexts -window 10]]
[13:01:04.95] /i gi::executeAction deCanvasDragCancel -in [gi::getWindows 10]
[13:01:05.21] /# gi::executeAction deSelectActive -in [gi::getWindows 10]
[13:01:05.21] /i de::cycleActiveFigure [gi::getWindows 10] -direction next
[13:01:05.21] /o oa:0x24253110
[13:01:06.43] /i gi::setItemSelection {parameters} -index {v1,all} -in [gi::getAssistants dePropertyEditor -from [gi::getWindows 10]]
[13:01:06.43] /i gi::setCurrentIndex {parameters} -index {v1,Value} -in [gi::getAssistants dePropertyEditor -from [gi::getWindows 10]]
[13:01:07.74] /i gi::setField {parameters} -value {1.2} -index {v1,Value} -in [gi::getAssistants dePropertyEditor -from [gi::getWindows 10]]
[13:01:07.74] /i gi::executeAction dePropertyEditorApplyChanges -in [gi::getAssistants dePropertyEditor -from [gi::getWindows 10]]
[13:01:08.47] /i gi::setItemSelection {parameters} -index {v2,all} -in [gi::getAssistants dePropertyEditor -from [gi::getWindows 10]]
[13:01:08.48] /i gi::setCurrentIndex {parameters} -index {v2,Value} -in [gi::getAssistants dePropertyEditor -from [gi::getWindows 10]]
[13:01:10.20] /i gi::setField {parameters} -value {0} -index {v2,Value} -in [gi::getAssistants dePropertyEditor -from [gi::getWindows 10]]
[13:01:10.20] /i gi::executeAction dePropertyEditorApplyChanges -in [gi::getAssistants dePropertyEditor -from [gi::getWindows 10]]
[13:01:10.86] /i gi::executeAction deCanvasDragCancel -in [gi::getWindows 10]
[13:01:11.51] /# gi::executeAction seSchCreateWire -in [gi::getWindows 10]
[13:01:11.51] /i ise::createWire
[13:01:11.88] /# gi::executeAction deCanvasZoomInAtPoint -in [gi::getWindows 10]
[13:01:11.88] /i de::zoom -window [gi::getWindows 10] -factor 2.0 -center {2.63125 0.80625}
[13:01:11.88] /o {0.8375 0.0125} {3.78125 3.10625}
[13:01:13.31] /# gi::executeAction deAddPoint -in [gi::getWindows 10]
[13:01:13.31] /i de::addPoint {1.475 1.48125} -context [db::getNext [de::getContexts -window 10]]
[13:01:13.40] /i de::setCursor -point {1.5625 1.5 }
[13:01:14.26] /# gi::executeAction deAddPoint -in [gi::getWindows 10]
[13:01:14.26] /i de::addPoint {1.9125 2.1125} -context [db::getNext [de::getContexts -window 10]]
[13:01:14.96] /# gi::executeAction deCanvasZoomOutAtPoint -in [gi::getWindows 10]
[13:01:14.96] /i de::zoom -window [gi::getWindows 10] -factor 0.5 -center {1.36875 0.98125}
[13:01:14.96] /o {0.3125 -0.9625} {6.19375 5.2375}
[13:01:15.57] /# gi::executeAction deCanvasZoomOutAtPoint -in [gi::getWindows 10]
[13:01:15.57] /i de::zoom -window [gi::getWindows 10] -factor 0.5 -center {0.83125 1.35625}
[13:01:15.57] /o {-0.20625 -3.28125} {11.55625 9.11875}
[13:01:16.32] /# gi::executeAction deCanvasZoomInAtPoint -in [gi::getWindows 10]
[13:01:16.32] /i de::zoom -window [gi::getWindows 10] -factor 2.0 -center {0.4 1.5875}
[13:01:16.32] /o {0.09375 -0.84375} {5.98125 5.35}
[13:01:16.82] /# gi::executeAction deCanvasZoomInAtPoint -in [gi::getWindows 10]
[13:01:16.82] /i de::zoom -window [gi::getWindows 10] -factor 2.0 -center {0.4 1.5875}
[13:01:16.82] /o {0.25 0.36875} {3.1875 3.46875}
[13:01:18.25] /# gi::executeAction deAddPoint -in [gi::getWindows 10]
[13:01:18.25] /i de::addPoint {1.48125 1.1125} -context [db::getNext [de::getContexts -window 10]]
[13:01:18.30] /i de::setCursor -point {1.5 1.0625 }
[13:01:19.46] /# gi::executeAction deAddPoint -in [gi::getWindows 10]
[13:01:19.46] /i de::addPoint {1.525 0.5125} -context [db::getNext [de::getContexts -window 10]]
[13:01:20.59] /i gi::executeAction deSaveDesign -in [gi::getWindows 10]
[13:01:20.59] /m Information: Saving design 'new_dff d_ff schematic'. (DESIGN_WINDOW-004)
[13:01:22.13] /i gi::setActiveWindow 9
[13:01:22.13] /i gi::setActiveWindow 9 -raise true
[13:01:23.02] /i gi::executeAction giCloseWindow -in [gi::getWindows 9]
[13:01:23.07] /i gi::setActiveWindow 10
[13:01:23.07] /i gi::setActiveWindow 10 -raise true
[13:01:24.58] /i gi::setActiveWindow 8
[13:01:24.58] /i gi::setActiveWindow 8 -raise true
[13:01:26.27] /i gi::executeAction giCloseWindow -in [gi::getWindows 8]
[13:01:26.31] /i gi::setActiveWindow 10
[13:01:26.31] /i gi::setActiveWindow 10 -raise true
[13:01:28.07] /i gi::executeAction giCloseWindow -in [gi::getWindows 4]
[13:01:28.92] /i gi::setActiveWindow 2
[13:01:28.92] /i gi::setActiveWindow 2 -raise true
[13:01:30.06] /i gi::setCurrentIndex {cells} -index {D_latch} -in [gi::getWindows 2]
[13:01:30.07] /i gi::setItemSelection {cells} -index {D_latch} -in [gi::getWindows 2]
[13:01:30.98] /i gi::setCurrentIndex {cells} -index {d_ff} -in [gi::getWindows 2]
[13:01:30.98] /i gi::setItemSelection {cells} -index {d_ff} -in [gi::getWindows 2]
[13:01:31.38] /i gi::setCurrentIndex {views} -index {schematic} -in [gi::getWindows 2]
[13:01:31.38] /i gi::setItemSelection {views} -index {schematic} -in [gi::getWindows 2]
[13:01:31.97] /i gi::executeAction dmOpen -in [gi::getWindows 2]
[13:01:31.97] /r giWindowId 11
[13:01:31.98] /r giWindowGeometry 1083x1120
[13:01:32.17] /m Information: 
[13:01:32.17] /o Checking "new_dff/d_ff/schematic"
[13:01:32.17] /o No rule violations found in "new_dff/d_ff/schematic"
[13:01:32.17] /m Information: Checking process is completed: marking the design violations
[13:01:32.17] /m Information: Marking of designs is completed
[13:01:35.18] /# gi::executeAction seShowConsoleForWindow -in [gi::getWindows 11]
[13:01:35.18] /i sa::showConsole -context [db::getNext [de::getContexts -window 11]]
[13:01:35.20] /r giWindowId 12
[13:01:35.22] /r giWindowGeometry 600x500
[13:01:35.30] /o oa:0x234ccdd0
[13:01:35.32] /m Information: Launching Background sae_shell Server Process "cd /home/itsupport/Desktop/lab1vlsi && sae_shell -log sae_shell_session2_job1 -libDefFile /home/itsupport/Desktop/lab1vlsi/lib.defs"
[13:01:37.23] /# gi::executeAction saLoadState -in [gi::getWindows 12]
[13:01:37.23] /i sa::showLoadState -parent 12
[13:01:37.44] /o oa:0x1ed76fa0
[13:01:37.51] /i gi::setActiveDialog [gi::getDialogs {saShowLoadState} -parent [gi::getWindows 12]]
[13:01:37.79] /i db::setAttr geometry -of [gi::getDialogs {saShowLoadState} -parent [gi::getWindows 12]] -value 603x720+455+479
[13:01:37.89] /m Information: Received ready-for-commands signal from background job 'sae_shell_session2_job1' after 2 seconds.
[13:01:38.62] /i gi::pressButton {/ok} -in [gi::getDialogs {saShowLoadState} -parent [gi::getWindows 12]]
[13:01:39.91] /i gi::executeAction giCloseWindow -in [gi::getWindows 5]
[13:01:39.92] /i gi::setActiveWindow 5
[13:01:39.92] /i gi::setActiveWindow 5 -raise true
[13:01:39.99] /r giDialog gi::setActiveDialog [gi::getDialogs {giPrompt} -parent [gi::getWindows 5]]
[13:01:40.29] /r giDialog db::setAttr geometry -of [gi::getDialogs {giPrompt} -parent [gi::getWindows 5]] -value 292x82+491+628
[13:01:41.57] /r giDialog gi::pressButton {discard} -in [gi::getDialogs {giPrompt} -parent [gi::getWindows 5]]
[13:01:41.60] /i gi::setActiveWindow 12
[13:01:41.60] /i gi::setActiveWindow 12 -raise true
[13:01:43.53] /i gi::executeAction menuPreShow -in [gi::getWindows 12]
[13:01:43.53] /r giMenuAccess db::getNext [gi::getMenus saConsoleSimMenu -from [gi::getWindows 12]]
[13:01:44.16] /# gi::executeAction saNetlistAndRun -in [gi::getWindows 12]
[13:01:44.16] /i isa::netlistAndRun -testbench [sa::findActiveTestbench -window 12] -mode overwrite
[13:01:44.26] /m Information: "Starting incremental netlisting for design "new_dff/d_ff/schematic"..." (NETLISTING-010)
[13:01:44.27] /m Information: 
[13:01:44.27] /o Checking "new_dff/d_ff/schematic"
[13:01:44.28] /o No rule violations found in "new_dff/d_ff/schematic"
[13:01:44.28] /o No Design Integrity rule violations found in "new_dff/d_ff/schematic"
[13:01:44.28] /m Information: 
[13:01:44.28] /o Checking "new_dff/D_latch/schematic"
[13:01:44.28] /o 	[error] Name Shorts
[13:01:44.28] /o 		Net 'gnd!' is shorted to the following nets: 'gnd'
[13:01:44.28] /o 		Net 'gnd' is shorted to the following nets: 'gnd!'
[13:01:44.28] /o 		Net 'vdd!' is shorted to the following nets: 'vdd'
[13:01:44.28] /o 		Net 'vdd' is shorted to the following nets: 'vdd!'
[13:01:44.28] /o 4 Error(s),0 Warning(s),0 Message(s) found   in "new_dff/D_latch/schematic"
[13:01:44.28] /e Error: "Design new_dff/D_latch/schematic is not netlistable because ERC check for design is out of date." (NETLISTING-039)
[13:01:44.28] /e Error: Fatal error occured, netlisting will be terminated. (NETLISTING-001)
[13:01:44.28] /m Information: "Netlisting design "new_dff/d_ff/schematic" didn't finish." (NETLISTING-013)
[13:01:44.28] /o 1
[13:01:47.77] /i gi::pressButton {ConsoleToggleButton} -in [db::getAttr statusbar -of [gi::getWindows 6]]
[13:01:51.55] /i gi::executeAction giCloseWindow -in [gi::getWindows 6]
[13:01:51.57] /i gi::setActiveWindow 12
[13:01:51.57] /i gi::setActiveWindow 12 -raise true
[13:01:52.78] /i gi::executeAction giCloseWindow -in [gi::getWindows 12]
[13:01:52.82] /r giDialog gi::setActiveDialog [gi::getDialogs {giPrompt} -parent [gi::getWindows 12]]
[13:01:53.11] /r giDialog db::setAttr geometry -of [gi::getDialogs {giPrompt} -parent [gi::getWindows 12]] -value 292x82+491+628
[13:01:53.94] /r giDialog gi::pressButton {discard} -in [gi::getDialogs {giPrompt} -parent [gi::getWindows 12]]
[13:01:53.98] /i gi::setActiveWindow 11
[13:01:53.98] /i gi::setActiveWindow 11 -raise true
[13:01:54.00] /m Information: License 'SAE' checked in. (LICENSE-004)
[13:01:55.96] /# gi::executeAction seShowConsoleForWindow -in [gi::getWindows 11]
[13:01:55.96] /i sa::showConsole -context [db::getNext [de::getContexts -window 11]]
[13:01:55.96] /m Information: License 'SAE' checked out. (LICENSE-003)
[13:01:55.99] /r giWindowId 13
[13:01:56.00] /r giWindowGeometry 600x500
[13:01:56.06] /o oa:0x24192910
[13:01:56.08] /m Information: Launching Background sae_shell Server Process "cd /home/itsupport/Desktop/lab1vlsi && sae_shell -log sae_shell_session4_job1 -libDefFile /home/itsupport/Desktop/lab1vlsi/lib.defs"
[13:01:57.10] /# gi::executeAction saLoadState -in [gi::getWindows 13]
[13:01:57.10] /i sa::showLoadState -parent 13
[13:01:57.30] /o oa:0x274f1240
[13:01:57.37] /i gi::setActiveDialog [gi::getDialogs {saShowLoadState} -parent [gi::getWindows 13]]
[13:01:57.66] /i db::setAttr geometry -of [gi::getDialogs {saShowLoadState} -parent [gi::getWindows 13]] -value 603x720+455+479
[13:01:58.07] /i gi::pressButton {/ok} -in [gi::getDialogs {saShowLoadState} -parent [gi::getWindows 13]]
[13:01:58.52] /m Information: Received ready-for-commands signal from background job 'sae_shell_session4_job1' after 2 seconds.
[13:02:00.96] /i gi::setCurrentIndex {outputsTable} -index {1,1} -in [gi::getWindows 13]
[13:02:00.96] /i gi::setItemSelection {outputsTable} -index {1,1} -in [gi::getWindows 13]
[13:02:00.96] /i gi::setItemSelection {outputsTable} -index {1,1} -in [gi::getWindows 13]
[13:02:01.67] /i gi::setField {outputsTable} -index {1,1} -value {} -in [gi::getWindows 13]
[13:02:01.67] /i gi::setCurrentIndex {outputsTable} -index {0,1} -in [gi::getWindows 13]
[13:02:01.67] /i gi::setItemSelection {outputsTable} -index {} -in [gi::getWindows 13]
[13:02:01.67] /i gi::setItemSelection {outputsTable} -index {} -in [gi::getWindows 13]
[13:02:02.22] /i gi::setCurrentIndex {outputsTable} -index {2,1} -in [gi::getWindows 13]
[13:02:02.22] /i gi::setItemSelection {outputsTable} -index {2,1} -in [gi::getWindows 13]
[13:02:02.22] /i gi::setItemSelection {outputsTable} -index {2,1} -in [gi::getWindows 13]
[13:02:02.83] /i gi::setField {outputsTable} -index {2,1} -value {} -in [gi::getWindows 13]
[13:02:02.83] /i gi::setCurrentIndex {outputsTable} -index {1,1} -in [gi::getWindows 13]
[13:02:02.83] /i gi::setItemSelection {outputsTable} -index {} -in [gi::getWindows 13]
[13:02:02.83] /i gi::setItemSelection {outputsTable} -index {} -in [gi::getWindows 13]
[13:02:03.13] /i gi::setCurrentIndex {outputsTable} -index {0,1} -in [gi::getWindows 13]
[13:02:03.13] /i gi::setItemSelection {outputsTable} -index {0,1} -in [gi::getWindows 13]
[13:02:03.13] /i gi::setItemSelection {outputsTable} -index {0,1} -in [gi::getWindows 13]
[13:02:03.56] /i gi::setField {outputsTable} -index {0,1} -value {} -in [gi::getWindows 13]
[13:02:03.56] /i gi::setCurrentIndex {outputsTable} -index {1,1} -in [gi::getWindows 13]
[13:02:03.56] /i gi::setItemSelection {outputsTable} -index {1,1} -in [gi::getWindows 13]
[13:02:03.56] /i gi::setItemSelection {outputsTable} -index {1,1} -in [gi::getWindows 13]
[13:02:04.04] /# gi::executeAction saDelete -in [gi::getWindows 13]
[13:02:04.04] /i sa::deleteSelected -window 13
[13:02:04.04] /# gi::setCurrentIndex {outputsTable} -index {0,0} -in [gi::getWindows 13]
[13:02:04.04] /# gi::setItemSelection {outputsTable} -index {} -in [gi::getWindows 13]
[13:02:04.04] /# gi::setItemSelection {outputsTable} -index {} -in [gi::getWindows 13]
[13:02:04.46] /i gi::setItemSelection {outputsTable} -index {} -in [gi::getWindows 13]
[13:02:04.46] /i gi::setItemSelection {outputsTable} -index {} -in [gi::getWindows 13]
[13:02:05.05] /i gi::executeAction menuPreShow -in [gi::getWindows 13]
[13:02:05.05] /r giMenuAccess db::getNext [gi::getMenus saConsoleOutputsMenu -from [gi::getWindows 13]]
[13:02:05.90] /# gi::executeAction saSelectInDesign -in [gi::getWindows 13]
[13:02:05.90] /i sa::selectOutputs -window 13
[13:02:07.05] /# gi::executeAction deAddPoint -in [gi::getWindows 11]
[13:02:07.05] /i de::addPoint {1.75625 2.76875} -context [db::getNext [de::getContexts -window 11]]
[13:02:07.75] /# gi::executeAction deAddPoint -in [gi::getWindows 11]
[13:02:07.75] /i de::addPoint {1.6625 2.5875} -context [db::getNext [de::getContexts -window 11]]
[13:02:08.39] /# gi::executeAction deAddPoint -in [gi::getWindows 11]
[13:02:08.39] /i de::addPoint {1.94375 1.875} -context [db::getNext [de::getContexts -window 11]]
[13:02:09.86] /# gi::executeAction deAddPoint -in [gi::getWindows 11]
[13:02:09.86] /i de::addPoint {3.55625 2.7125} -context [db::getNext [de::getContexts -window 11]]
[13:02:11.34] /# gi::executeAction deAbortCommand -in [gi::getWindows 11]
[13:02:11.34] /i de::abortCommand -context [db::getNext [de::getContexts -window 11]]
[13:02:12.48] /i gi::setActiveWindow 11
[13:02:12.49] /i gi::setActiveWindow 11 -raise true
[13:02:13.36] /# gi::executeAction deStartDrag -in [gi::getWindows 11]
[13:02:13.37] /i de::startDrag {4.55625 1.55} -context [db::getNext [de::getContexts -window 11]]
[13:02:14.10] /# gi::executeAction deEndDrag -in [gi::getWindows 11]
[13:02:14.10] /i de::endDrag {3.625 1.95625} -context [db::getNext [de::getContexts -window 11]]
[13:02:14.12] /i de::setCursor -point {3.6875 1.9375 }
[13:02:14.15] /# gi::executeAction deAbortCommand -in [gi::getWindows 11]
[13:02:14.15] /i de::abortCommand -context [db::getNext [de::getContexts -window 11]]
[13:02:14.74] /# gi::executeAction deSelectActive -in [gi::getWindows 11]
[13:02:14.74] /i de::deselectAll [db::getNext [de::getContexts -window 11]]
[13:02:14.74] /i de::select [de::getActiveFigure [gi::getWindows 11] -point {4.3125 2.1} -index 0 -intent none]
[13:02:14.74] /o oa:0x1ed69e00
[13:02:15.43] /# gi::executeAction seDelete -in [gi::getWindows 11]
[13:02:15.43] /i ise::delete
[13:02:15.77] /# gi::executeAction deSelectActive -in [gi::getWindows 11]
[13:02:15.77] /i de::deselectAll [db::getNext [de::getContexts -window 11]]
[13:02:15.77] /i de::select [de::getActiveFigure [gi::getWindows 11] -point {4.25 1.9125} -index 0 -intent none]
[13:02:15.78] /o oa:0x2305c8e0
[13:02:16.02] /# gi::executeAction seDelete -in [gi::getWindows 11]
[13:02:16.02] /i ise::delete
[13:02:16.49] /# gi::executeAction deSelectActive -in [gi::getWindows 11]
[13:02:16.50] /i de::deselectAllLogic -context [db::getNext [de::getContexts -window 11]]
[13:02:16.66] /i de::select [se::getNetComponents [de::getActiveFigure [gi::getWindows 11] -point {4.54375 1.74375} -index 0 -intent none] -of branch]
[13:02:16.66] /o oa:0x1f5bf6a0
[13:02:16.76] /# gi::executeAction seDelete -in [gi::getWindows 11]
[13:02:16.76] /i ise::delete
[13:02:17.15] /# gi::executeAction deSelectActive -in [gi::getWindows 11]
[13:02:17.15] /i de::deselectAllLogic -context [db::getNext [de::getContexts -window 11]]
[13:02:17.18] /# gi::executeAction seDelete -in [gi::getWindows 11]
[13:02:17.18] /i ise::delete
[13:02:17.36] /# gi::executeAction deCompleteShape -in [gi::getWindows 11]
[13:02:17.36] /i de::completeShape -context [db::getNext [de::getContexts -window 11]]
[13:02:17.61] /# gi::executeAction seDelete -in [gi::getWindows 11]
[13:02:17.61] /i ise::delete
[13:02:17.85] /# gi::executeAction deAddPoint -in [gi::getWindows 11]
[13:02:17.85] /i de::addPoint {4.1625 2.025} -context [db::getNext [de::getContexts -window 11]]
[13:02:18.01] /i de::select [se::getNetComponents [de::getActiveFigure [gi::getWindows 11] -point {4.1625 2.0625} -index 0 -intent none] -of branch]
[13:02:18.01] /o oa:0x2789fce0
[13:02:18.05] /# gi::executeAction seDelete -in [gi::getWindows 11]
[13:02:18.05] /i ise::delete
[13:02:18.17] /# gi::executeAction deAddPoint -in [gi::getWindows 11]
[13:02:18.17] /i de::addPoint {4.1625 2.0625} -context [db::getNext [de::getContexts -window 11]]
[13:02:18.85] /# gi::executeAction deAbortCommand -in [gi::getWindows 11]
[13:02:18.85] /i de::abortCommand -context [db::getNext [de::getContexts -window 11]]
[13:02:19.36] /i gi::executeAction deSaveDesign -in [gi::getWindows 11]
[13:02:19.36] /m Information: Saving design 'new_dff d_ff schematic'. (DESIGN_WINDOW-004)
[13:02:19.49] /i gi::executeAction deSaveDesign -in [gi::getWindows 11]
[13:02:19.50] /m Information: Saving design 'new_dff d_ff schematic'. (DESIGN_WINDOW-004)
[13:02:20.15] /# gi::executeAction deSelectActive -in [gi::getWindows 11]
[13:02:20.15] /i de::deselectAll [db::getNext [de::getContexts -window 11]]
[13:02:20.15] /i de::select [de::getActiveFigure [gi::getWindows 11] -point {2.69375 2.40625} -index 0 -intent none]
[13:02:20.15] /o oa:0x2864ec10
[13:02:21.56] /# gi::executeAction deSelectActive -in [gi::getWindows 11]
[13:02:21.56] /i de::cycleActiveFigure [gi::getWindows 11] -direction next
[13:02:21.56] /o oa:0x27635ef0
[13:02:21.69] /# gi::executeAction deDescend -in [gi::getWindows 11]
[13:02:21.69] /i ide::descend 11 -inPlace false -promptView false -readOnly auto
[13:02:21.69] /# Navigating to new_dff/D_latch/schematic (I0)
[13:02:23.32] /i gi::setActiveWindow 13
[13:02:23.32] /i gi::setActiveWindow 13 -raise true
[13:02:23.76] /i gi::setActiveWindow 11
[13:02:23.76] /i gi::setActiveWindow 11 -raise true
[13:02:26.31] /# gi::executeAction deReturnToTop -in [gi::getWindows 11]
[13:02:26.31] /i de::return [db::getNext [de::getContexts -window 11]] -levels -1
[13:02:26.31] /# Navigating to new_dff/d_ff/schematic
[13:02:26.33] /o oa:0x1e50d190
[13:02:26.76] /i gi::setActiveWindow 13
[13:02:26.76] /i gi::setActiveWindow 13 -raise true
[13:02:27.27] /i gi::executeAction menuPreShow -in [gi::getWindows 13]
[13:02:27.27] /r giMenuAccess db::getNext [gi::getMenus saConsoleSimMenu -from [gi::getWindows 13]]
[13:02:27.95] /# gi::executeAction saNetlistAndRun -in [gi::getWindows 13]
[13:02:27.95] /i isa::netlistAndRun -testbench [sa::findActiveTestbench -window 13] -mode overwrite
[13:02:27.95] /w Warning: Final netlist "/home/itsupport/simulation/new_dff,d_ff,schematic/history_1/simulation/HSPICE_default/HSPICE/nominal/netlist/input.spi" is missing
[13:02:27.96] /r giWindowId 14
[13:02:27.98] /r giWindowGeometry 800x600
[13:02:28.02] /m Information: "Starting incremental netlisting for design "new_dff/d_ff/schematic"..." (NETLISTING-010)
[13:02:28.03] /m Information: 
[13:02:28.03] /o Checking "new_dff/d_ff/schematic"
[13:02:28.03] /o No rule violations found in "new_dff/d_ff/schematic"
[13:02:28.03] /o No Design Integrity rule violations found in "new_dff/d_ff/schematic"
[13:02:28.03] /m Information: 
[13:02:28.03] /o Checking "new_dff/D_latch/schematic"
[13:02:28.03] /o 	[error] Name Shorts
[13:02:28.03] /o 		Net 'gnd!' is shorted to the following nets: 'gnd'
[13:02:28.03] /o 		Net 'gnd' is shorted to the following nets: 'gnd!'
[13:02:28.03] /o 		Net 'vdd!' is shorted to the following nets: 'vdd'
[13:02:28.03] /o 		Net 'vdd' is shorted to the following nets: 'vdd!'
[13:02:28.03] /o 4 Error(s),0 Warning(s),0 Message(s) found   in "new_dff/D_latch/schematic"
[13:02:28.03] /e Error: "Design new_dff/D_latch/schematic is not netlistable because ERC check for design is out of date." (NETLISTING-039)
[13:02:28.03] /e Error: Fatal error occured, netlisting will be terminated. (NETLISTING-001)
[13:02:28.03] /m Information: "Netlisting design "new_dff/d_ff/schematic" didn't finish." (NETLISTING-013)
[13:02:28.04] /o 1
[13:02:30.14] /i gi::pressButton {ConsoleToggleButton} -in [db::getAttr statusbar -of [gi::getWindows 14]]
[13:02:40.55] /i gi::executeAction giCloseWindow -in [gi::getWindows 14]
[13:02:40.57] /i gi::setActiveWindow 13
[13:02:40.57] /i gi::setActiveWindow 13 -raise true
[13:02:41.22] /i gi::setActiveWindow 10
[13:02:41.22] /i gi::setActiveWindow 10 -raise true
[13:02:42.68] /i gi::setActiveWindow 13
[13:02:42.68] /i gi::setActiveWindow 13 -raise true
[13:02:43.16] /i gi::setActiveWindow 11
[13:02:43.16] /i gi::setActiveWindow 11 -raise true
[13:02:44.34] /# gi::executeAction deSelectActive -in [gi::getWindows 11]
[13:02:44.34] /i de::cycleActiveFigure [gi::getWindows 11] -direction next
[13:02:44.34] /o oa:0x25e925f0
[13:02:44.48] /# gi::executeAction deDescend -in [gi::getWindows 11]
[13:02:44.48] /i ide::descend 11 -inPlace false -promptView false -readOnly auto
[13:02:44.48] /# Navigating to new_dff/D_latch/schematic (I0)
[13:02:45.34] /# gi::executeAction deCanvasZoomInAtPoint -in [gi::getWindows 11]
[13:02:45.34] /i de::zoom -window [gi::getWindows 11] -factor 2.0 -center {2.3125 3.9125}
[13:02:45.34] /o {0.59375 0.88125} {4.925 5.45}
[13:02:45.44] /# gi::executeAction deCanvasZoomInAtPoint -in [gi::getWindows 11]
[13:02:45.44] /i de::zoom -window [gi::getWindows 11] -factor 2.0 -center {2.38125 3.7125}
[13:02:45.44] /o {1.4875 2.3} {3.65625 4.58125}
[13:02:45.99] /# gi::executeAction deSelectActive -in [gi::getWindows 11]
[13:02:45.99] /i de::deselectAll [db::getNext [de::getContexts -window 11]]
[13:02:45.99] /i de::select [de::getActiveFigure [gi::getWindows 11] -point {2.5 3.675} -index 0 -intent none]
[13:02:45.99] /o oa:0x24d76610
[13:02:46.60] /i gi::executeAction deCanvasDragCancel -in [gi::getWindows 11]
[13:02:46.93] /# gi::executeAction deSelectActive -in [gi::getWindows 11]
[13:02:46.93] /i de::deselectAll [db::getNext [de::getContexts -window 11]]
[13:02:46.93] /i de::select [de::getActiveFigure [gi::getWindows 11] -point {2.5375 3.675} -index 0 -intent none]
[13:02:46.93] /o oa:0x1ecab150
[13:02:47.71] /i gi::setItemSelection {attributes} -index {text,all} -in [gi::getAssistants dePropertyEditor -from [gi::getWindows 11]]
[13:02:47.71] /i gi::setCurrentIndex {attributes} -index {text,Value} -in [gi::getAssistants dePropertyEditor -from [gi::getWindows 11]]
[13:02:48.80] /i gi::setField {attributes} -value {gnd!} -index {text,Value} -in [gi::getAssistants dePropertyEditor -from [gi::getWindows 11]]
[13:02:48.80] /i gi::executeAction dePropertyEditorApplyChanges -in [gi::getAssistants dePropertyEditor -from [gi::getWindows 11]]
[13:02:49.39] /i gi::setField {attributes} -value {gnd!f} -index {text,Value} -in [gi::getAssistants dePropertyEditor -from [gi::getWindows 11]]
[13:02:51.17] /i gi::setField {attributes} -value {gnd!} -index {text,Value} -in [gi::getAssistants dePropertyEditor -from [gi::getWindows 11]]
[13:02:51.17] /i gi::executeAction dePropertyEditorApplyChanges -in [gi::getAssistants dePropertyEditor -from [gi::getWindows 11]]
[13:02:51.70] /i gi::setField {attributes} -value {gnd!f} -index {text,Value} -in [gi::getAssistants dePropertyEditor -from [gi::getWindows 11]]
[13:02:54.12] /i gi::setField {attributes} -value {gnd!} -index {text,Value} -in [gi::getAssistants dePropertyEditor -from [gi::getWindows 11]]
[13:02:54.12] /i gi::executeAction dePropertyEditorApplyChanges -in [gi::getAssistants dePropertyEditor -from [gi::getWindows 11]]
[13:02:55.09] /# gi::executeAction deSelectActive -in [gi::getWindows 11]
[13:02:55.09] /i de::deselectAll [db::getNext [de::getContexts -window 11]]
[13:02:55.09] /i de::deselectAllLogic -context [db::getNext [de::getContexts -window 11]]
[13:02:55.35] /# gi::executeAction deCanvasZoomOutAtPoint -in [gi::getWindows 11]
[13:02:55.35] /i de::zoom -window [gi::getWindows 11] -factor 0.5 -center {3.08125 3.49375}
[13:02:55.35] /o {-0.10625 1.1} {4.225 5.66875}
[13:02:55.39] /# gi::executeAction deCanvasZoomOutAtPoint -in [gi::getWindows 11]
[13:02:55.39] /i de::zoom -window [gi::getWindows 11] -factor 0.5 -center {3.03125 3.275}
[13:02:55.39] /o {-3.2375 -1.06875} {5.41875 8.05625}
[13:02:55.93] /# gi::executeAction deCanvasZoomInAtPoint -in [gi::getWindows 11]
[13:02:55.93] /i de::zoom -window [gi::getWindows 11] -factor 2.0 -center {2.68125 1.1375}
[13:02:55.93] /o {-0.28125 0.03125} {4.05 4.6}
[13:02:57.40] /# gi::executeAction deSelectActive -in [gi::getWindows 11]
[13:02:57.40] /i de::deselectAll [db::getNext [de::getContexts -window 11]]
[13:02:57.40] /i de::select [de::getActiveFigure [gi::getWindows 11] -point {0.275 3.875} -index 0 -intent none]
[13:02:57.40] /o oa:0x285679e0
[13:02:57.99] /# gi::executeAction deSelectActive -in [gi::getWindows 11]
[13:02:57.99] /i de::deselectAll [db::getNext [de::getContexts -window 11]]
[13:02:57.99] /i de::select [de::getActiveFigure [gi::getWindows 11] -point {0.2875 3.875} -index 0 -intent none]
[13:02:57.99] /o oa:0x1f5c7c20
[13:02:58.72] /i gi::setItemSelection {attributes} -index {text,all} -in [gi::getAssistants dePropertyEditor -from [gi::getWindows 11]]
[13:02:58.72] /i gi::setCurrentIndex {attributes} -index {text,Value} -in [gi::getAssistants dePropertyEditor -from [gi::getWindows 11]]
[13:03:01.09] /i gi::setField {attributes} -value {vdd!} -index {text,Value} -in [gi::getAssistants dePropertyEditor -from [gi::getWindows 11]]
[13:03:01.09] /i gi::executeAction dePropertyEditorApplyChanges -in [gi::getAssistants dePropertyEditor -from [gi::getWindows 11]]
[13:03:01.96] /i gi::executeAction deCanvasDragCancel -in [gi::getWindows 11]
[13:03:02.40] /# gi::executeAction deSelectActive -in [gi::getWindows 11]
[13:03:02.40] /i de::deselectAll [db::getNext [de::getContexts -window 11]]
[13:03:02.40] /i de::deselectAllLogic -context [db::getNext [de::getContexts -window 11]]
[13:03:02.65] /# gi::executeAction deFitEdit -in [gi::getWindows 11]
[13:03:02.65] /i de::fit -window 11 -fitEdit true
[13:03:02.65] /o {-1.11875 -2.14375} {7.5375 6.98125}
[13:03:03.30] /# gi::executeAction deCanvasZoomInAtPoint -in [gi::getWindows 11]
[13:03:03.30] /i de::zoom -window [gi::getWindows 11] -factor 2.0 -center {4.75 0.85}
[13:03:03.30] /o {1.8125 -0.65} {6.14375 3.91875}
[13:03:03.67] /# gi::executeAction deFitEdit -in [gi::getWindows 11]
[13:03:03.67] /i de::fit -window 11 -fitEdit true
[13:03:03.68] /o {-1.11875 -2.14375} {7.5375 6.98125}
[13:03:04.24] /# gi::executeAction deCanvasZoomInAtPoint -in [gi::getWindows 11]
[13:03:04.24] /i de::zoom -window [gi::getWindows 11] -factor 2.0 -center {5.3125 2.0375}
[13:03:04.24] /o {2.09375 -0.05625} {6.425 4.5125}
[13:03:05.40] /# gi::executeAction deSelectActive -in [gi::getWindows 11]
[13:03:05.40] /i de::deselectAll [db::getNext [de::getContexts -window 11]]
[13:03:05.40] /i de::select [de::getActiveFigure [gi::getWindows 11] -point {4.94375 2.35625} -index 0 -intent none]
[13:03:05.40] /o oa:0x2951e960
[13:03:06.19] /i gi::setItemSelection {attributes} -index {text,all} -in [gi::getAssistants dePropertyEditor -from [gi::getWindows 11]]
[13:03:06.19] /i gi::setCurrentIndex {attributes} -index {text,Value} -in [gi::getAssistants dePropertyEditor -from [gi::getWindows 11]]
[13:03:07.37] /i gi::setField {attributes} -value {gnd!} -index {text,Value} -in [gi::getAssistants dePropertyEditor -from [gi::getWindows 11]]
[13:03:07.37] /i gi::executeAction dePropertyEditorApplyChanges -in [gi::getAssistants dePropertyEditor -from [gi::getWindows 11]]
[13:03:08.44] /# gi::executeAction deSelectActive -in [gi::getWindows 11]
[13:03:08.44] /i de::deselectAll [db::getNext [de::getContexts -window 11]]
[13:03:08.44] /i de::deselectAllLogic -context [db::getNext [de::getContexts -window 11]]
[13:03:09.54] /# gi::executeAction deCanvasZoomOutAtPoint -in [gi::getWindows 11]
[13:03:09.54] /i de::zoom -window [gi::getWindows 11] -factor 0.5 -center {4.68125 0.8}
[13:03:09.54] /o {-0.4875 -0.90625} {8.16875 8.21875}
[13:03:10.17] /# gi::executeAction deCanvasZoomInAtPoint -in [gi::getWindows 11]
[13:03:10.18] /i de::zoom -window [gi::getWindows 11] -factor 2.0 -center {2.15625 0.90625}
[13:03:10.18] /o {0.83125 0.0} {5.1625 4.5625}
[13:03:11.32] /# gi::executeAction deSelectActive -in [gi::getWindows 11]
[13:03:11.32] /i de::deselectAll [db::getNext [de::getContexts -window 11]]
[13:03:11.32] /i de::select [de::getActiveFigure [gi::getWindows 11] -point {2.51875 1.33125} -index 0 -intent none]
[13:03:11.32] /o oa:0x247c6bc0
[13:03:12.31] /i gi::setItemSelection {attributes} -index {name,all} -in [gi::getAssistants dePropertyEditor -from [gi::getWindows 11]]
[13:03:12.31] /i gi::setCurrentIndex {attributes} -index {name,Value} -in [gi::getAssistants dePropertyEditor -from [gi::getWindows 11]]
[13:03:13.44] /i gi::setField {attributes} -value {gnd!} -index {name,Value} -in [gi::getAssistants dePropertyEditor -from [gi::getWindows 11]]
[13:03:13.44] /i gi::executeAction dePropertyEditorApplyChanges -in [gi::getAssistants dePropertyEditor -from [gi::getWindows 11]]
[13:03:15.11] /i gi::executeAction deCanvasDragCancel -in [gi::getWindows 11]
[13:03:15.47] /# gi::executeAction deCanvasZoomInAtPoint -in [gi::getWindows 11]
[13:03:15.47] /i de::zoom -window [gi::getWindows 11] -factor 2.0 -center {2.51875 2.9125}
[13:03:15.47] /o {1.675 1.45625} {3.84375 3.7375}
[13:03:15.50] /# gi::executeAction deCanvasZoomInAtPoint -in [gi::getWindows 11]
[13:03:15.50] /i de::zoom -window [gi::getWindows 11] -factor 2.0 -center {2.51875 2.9125}
[13:03:15.50] /o {2.1 2.18125} {3.18125 3.325}
[13:03:16.10] /# gi::executeAction deSelectActive -in [gi::getWindows 11]
[13:03:16.10] /i de::deselectAll [db::getNext [de::getContexts -window 11]]
[13:03:16.10] /i de::select [de::getActiveFigure [gi::getWindows 11] -point {2.525 2.9125} -index 0 -intent none]
[13:03:16.10] /o oa:0x237b9940
[13:03:16.63] /# gi::executeAction deSelectActive -in [gi::getWindows 11]
[13:03:16.63] /i de::deselectAll [db::getNext [de::getContexts -window 11]]
[13:03:16.63] /i de::select [de::getActiveFigure [gi::getWindows 11] -point {2.53125 2.9} -index 0 -intent none]
[13:03:16.63] /o oa:0x24a37680
[13:03:17.15] /# gi::executeAction deSelectActive -in [gi::getWindows 11]
[13:03:17.15] /i de::deselectAll [db::getNext [de::getContexts -window 11]]
[13:03:17.15] /i de::select [de::getActiveFigure [gi::getWindows 11] -point {2.4625 2.9125} -index 0 -intent none]
[13:03:17.16] /o oa:0x247bd4b0
[13:03:18.04] /i gi::setItemSelection {attributes} -index {text,all} -in [gi::getAssistants dePropertyEditor -from [gi::getWindows 11]]
[13:03:18.04] /i gi::setCurrentIndex {attributes} -index {text,Value} -in [gi::getAssistants dePropertyEditor -from [gi::getWindows 11]]
[13:03:19.02] /i gi::setField {attributes} -value {vdd!} -index {text,Value} -in [gi::getAssistants dePropertyEditor -from [gi::getWindows 11]]
[13:03:19.02] /i gi::executeAction dePropertyEditorApplyChanges -in [gi::getAssistants dePropertyEditor -from [gi::getWindows 11]]
[13:03:19.84] /# gi::executeAction deSelectActive -in [gi::getWindows 11]
[13:03:19.84] /i de::deselectAll [db::getNext [de::getContexts -window 11]]
[13:03:19.84] /i de::deselectAllLogic -context [db::getNext [de::getContexts -window 11]]
[13:03:20.06] /# gi::executeAction deCanvasZoomOutAtPoint -in [gi::getWindows 11]
[13:03:20.07] /i de::zoom -window [gi::getWindows 11] -factor 0.5 -center {2.825 2.56875}
[13:03:20.07] /o {1.36875 1.8} {3.5375 4.08125}
[13:03:20.08] /# gi::executeAction deCanvasZoomOutAtPoint -in [gi::getWindows 11]
[13:03:20.08] /i de::zoom -window [gi::getWindows 11] -factor 0.5 -center {2.81875 2.5625}
[13:03:20.08] /o {-0.08125 1.0375} {4.25 5.6}
[13:03:20.41] /# gi::executeAction deCanvasZoomOutAtPoint -in [gi::getWindows 11]
[13:03:20.41] /i de::zoom -window [gi::getWindows 11] -factor 0.5 -center {2.8125 2.56875}
[13:03:20.41] /o {-2.96875 -0.49375} {5.6875 8.63125}
[13:03:20.64] /# gi::executeAction deFitEdit -in [gi::getWindows 11]
[13:03:20.64] /i de::fit -window 11 -fitEdit true
[13:03:20.64] /o {-1.13125 -2.15} {7.5375 6.9875}
[13:03:24.62] /i gi::executeAction deSaveDesign -in [gi::getWindows 11]
[13:03:24.62] /m Information: Saving design 'new_dff D_latch schematic'. (DESIGN_WINDOW-004)
[13:03:25.97] /# gi::executeAction seSchCheckAndSave -in [gi::getWindows 11]
[13:03:25.97] /i ise::check
[13:03:25.98] /m Information: 
              /c Cross view checking for new_dff/D_latch/symbol with new_dff/D_latch/schematic
              /c No violations found. (DE_EDIT-007)
[13:03:25.98] /m Information: 
[13:03:25.98] /o Checking "new_dff/D_latch/schematic"
[13:03:25.98] /o 	[warning] Floating I/O Instance Pins
[13:03:25.98] /o 		I/O pin 'B' of instance 'M23' is floating
[13:03:25.98] /o 		I/O pin 'B' of instance 'M25' is floating
[13:03:25.98] /o 		I/O pin 'B' of instance 'M33' is floating
[13:03:25.98] /o 		I/O pin 'S' of instance 'M25' is floating
[13:03:25.98] /o 		I/O pin 'S' of instance 'M33' is floating
[13:03:25.98] /o 0 Error(s),5 Warning(s),0 Message(s) found   in "new_dff/D_latch/schematic"
[13:03:25.98] /m Information: Checking process is completed: marking the design violations
[13:03:26.01] /m Information: Marking of designs is completed
[13:03:26.01] /o true
[13:03:28.49] /i db::setAttr dockSize -of [gi::getAssistants dePropertyEditor -from [gi::getWindows 11]] -value 290x731
[13:03:28.49] /i db::setAttr dockSize -of [gi::getAssistants giConsole -from [gi::getWindows 11]] -value 1222x308
[13:03:31.61] /i db::setAttr dockSize -of [gi::getAssistants dePropertyEditor -from [gi::getWindows 11]] -value 290x866
[13:03:31.61] /i db::setAttr dockSize -of [gi::getAssistants giConsole -from [gi::getWindows 11]] -value 1222x173
[13:03:32.14] /i db::setAttr dockSize -of [gi::getAssistants dePropertyEditor -from [gi::getWindows 11]] -value 290x848
[13:03:32.14] /i db::setAttr dockSize -of [gi::getAssistants giConsole -from [gi::getWindows 11]] -value 1222x191
[13:03:34.61] /# gi::executeAction deSelectActive -in [gi::getWindows 11]
[13:03:34.61] /i de::deselectAllLogic -context [db::getNext [de::getContexts -window 11]]
[13:03:34.99] /i gi::executeAction deCanvasDragCancel -in [gi::getWindows 11]
[13:03:35.63] /# gi::executeAction deCanvasZoomInAtPoint -in [gi::getWindows 11]
[13:03:35.63] /i de::zoom -window [gi::getWindows 11] -factor 2.0 -center {4.80625 4.275}
[13:03:35.63] /o {1.8375 1.5375} {6.175 5.63125}
[13:03:36.21] /# gi::executeAction deCanvasZoomInAtPoint -in [gi::getWindows 11]
[13:03:36.21] /i de::zoom -window [gi::getWindows 11] -factor 2.0 -center {4.79375 4.20625}
[13:03:36.21] /o {3.3125 2.875} {5.48125 4.91875}
[13:03:36.79] /# gi::executeAction deCanvasZoomOutAtPoint -in [gi::getWindows 11]
[13:03:36.79] /i de::zoom -window [gi::getWindows 11] -factor 0.5 -center {4.79375 4.20625}
[13:03:36.79] /o {1.8375 1.5375} {6.175 5.63125}
[13:03:41.41] /# gi::executeAction deSelectActive -in [gi::getWindows 11]
[13:03:41.41] /i de::deselectAll [db::getNext [de::getContexts -window 11]]
[13:03:41.41] /i de::select [de::getActiveFigure [gi::getWindows 11] -point {4.74375 3.925} -index 0 -intent none]
[13:03:41.41] /o oa:0x248e3230
[13:03:42.43] /# gi::executeAction deCanvasZoomInAtPoint -in [gi::getWindows 11]
[13:03:42.43] /i de::zoom -window [gi::getWindows 11] -factor 2.0 -center {4.7875 3.9625}
[13:03:42.43] /o {3.3125 2.75} {5.48125 4.8}
[13:03:42.49] /# gi::executeAction deCanvasZoomInAtPoint -in [gi::getWindows 11]
[13:03:42.49] /i de::zoom -window [gi::getWindows 11] -factor 2.0 -center {4.7875 3.9625}
[13:03:42.49] /o {4.05 3.35625} {5.13125 4.38125}
[13:03:43.19] /# gi::executeAction seButton1DragStart -in [gi::getWindows 11]
[13:03:43.19] /i ise::stretch -point {4.75 3.9375}
[13:03:43.97] /# gi::executeAction deEndDrag -in [gi::getWindows 11]
[13:03:43.97] /i de::endDrag {4.7625 4.0375} -context [db::getNext [de::getContexts -window 11]]
[13:03:44.27] /# gi::executeAction deFitEdit -in [gi::getWindows 11]
[13:03:44.27] /i de::fit -window 11 -fitEdit true
[13:03:44.27] /o {-1.13125 -1.675} {7.5375 6.5125}
[13:03:45.26] /# gi::executeAction deCanvasZoomInAtPoint -in [gi::getWindows 11]
[13:03:45.26] /i de::zoom -window [gi::getWindows 11] -factor 2.0 -center {5.0875 2.28125}
[13:03:45.27] /o {1.975 0.30625} {6.3125 4.39375}
[13:03:45.41] /# gi::executeAction deCanvasZoomInAtPoint -in [gi::getWindows 11]
[13:03:45.41] /i de::zoom -window [gi::getWindows 11] -factor 2.0 -center {5.1125 2.4625}
[13:03:45.41] /o {3.54375 1.38125} {5.7125 3.43125}
[13:03:45.98] /# gi::executeAction deCanvasZoomOutAtPoint -in [gi::getWindows 11]
[13:03:45.98] /i de::zoom -window [gi::getWindows 11] -factor 0.5 -center {5.08125 2.425}
[13:03:45.98] /o {2.00625 0.34375} {6.34375 4.43125}
[13:03:51.55] /# gi::executeAction deCanvasZoomOutAtPoint -in [gi::getWindows 11]
[13:03:51.55] /i de::zoom -window [gi::getWindows 11] -factor 0.5 -center {4.33125 1.06875}
[13:03:51.55] /o {-0.3125 -0.3875} {8.35625 7.8}
[13:03:51.64] /# gi::executeAction deCanvasZoomOutAtPoint -in [gi::getWindows 11]
[13:03:51.64] /i de::zoom -window [gi::getWindows 11] -factor 0.5 -center {4.33125 0.5125}
[13:03:51.64] /o {-4.9625 -1.2875} {12.3875 15.0875}
[13:03:52.53] /# gi::executeAction deCanvasZoomInAtPoint -in [gi::getWindows 11]
[13:03:52.53] /i de::zoom -window [gi::getWindows 11] -factor 2.0 -center {4.3875 -0.2375}
[13:03:52.53] /o {-0.2875 -0.7625} {8.3875 7.425}
[13:03:53.19] /# gi::executeAction deCanvasZoomInAtPoint -in [gi::getWindows 11]
[13:03:53.19] /i de::zoom -window [gi::getWindows 11] -factor 2.0 -center {4.2375 0.04375}
[13:03:53.20] /o {1.975 -0.35625} {6.3125 3.73125}
[13:03:54.23] /i gi::executeAction deCanvasDragCancel -in [gi::getWindows 11]
[13:03:54.82] /# gi::executeAction deSelectActive -in [gi::getWindows 11]
[13:03:54.82] /i de::deselectAll [db::getNext [de::getContexts -window 11]]
[13:03:54.82] /i de::select [de::getActiveFigure [gi::getWindows 11] -point {4.80625 2.51875} -index 0 -intent none]
[13:03:54.82] /o oa:0x284c9360
[13:03:54.98] /# gi::executeAction seCopy -in [gi::getWindows 11]
[13:03:54.98] /i ise::copy
[13:03:55.23] /# gi::executeAction deAddPoint -in [gi::getWindows 11]
[13:03:55.23] /i de::addPoint {4.80625 2.51875} -context [db::getNext [de::getContexts -window 11]]
[13:03:56.46] /# gi::executeAction deAddPoint -in [gi::getWindows 11]
[13:03:56.46] /i de::addPoint {4.15 1.8875} -context [db::getNext [de::getContexts -window 11]]
[13:03:58.00] /i gi::setItemSelection {attributes} -index {name,all} -in [gi::getAssistants dePropertyEditor -from [gi::getWindows 11]]
[13:03:58.00] /i gi::setCurrentIndex {attributes} -index {name,Value} -in [gi::getAssistants dePropertyEditor -from [gi::getWindows 11]]
[13:04:00.14] /i gi::setField {attributes} -value {gnd!} -index {name,Value} -in [gi::getAssistants dePropertyEditor -from [gi::getWindows 11]]
[13:04:00.14] /i gi::executeAction dePropertyEditorApplyChanges -in [gi::getAssistants dePropertyEditor -from [gi::getWindows 11]]
[13:04:01.78] /# gi::executeAction seSchCreateWire -in [gi::getWindows 11]
[13:04:01.78] /i ise::createWire
[13:04:02.76] /# gi::executeAction deAbortCommand -in [gi::getWindows 11]
[13:04:02.76] /i de::abortCommand -context [db::getNext [de::getContexts -window 11]]
[13:04:04.09] /# gi::executeAction seButton1DragStart -in [gi::getWindows 11]
[13:04:04.09] /i ise::stretch -point {4.0625 1.875}
[13:04:05.34] /# gi::executeAction deEndDrag -in [gi::getWindows 11]
[13:04:05.34] /i de::endDrag {4.24375 -0.10625} -context [db::getNext [de::getContexts -window 11]]
[13:04:06.42] /# gi::executeAction seSchCreateWire -in [gi::getWindows 11]
[13:04:06.42] /i ise::createWire
[13:04:09.29] /# gi::executeAction deAddPoint -in [gi::getWindows 11]
[13:04:09.29] /i de::addPoint {4.41875 0.35625} -context [db::getNext [de::getContexts -window 11]]
[13:04:09.36] /i de::setCursor -point {4.4375 0.3125 }
[13:04:10.29] /# gi::executeAction deAddPoint -in [gi::getWindows 11]
[13:04:10.29] /i de::addPoint {4.425 -0.11875} -context [db::getNext [de::getContexts -window 11]]
[13:04:11.53] /# gi::executeAction deAddPoint -in [gi::getWindows 11]
[13:04:11.53] /i de::addPoint {4.41875 0.5625} -context [db::getNext [de::getContexts -window 11]]
[13:04:11.64] /i de::setCursor -point {4.375 0.5625 }
[13:04:13.18] /# gi::executeAction deAddPoint -in [gi::getWindows 11]
[13:04:13.18] /i de::addPoint {4.4375 0.15625} -context [db::getNext [de::getContexts -window 11]]
[13:04:14.20] /# gi::executeAction deAbortCommand -in [gi::getWindows 11]
[13:04:14.20] /i de::abortCommand -context [db::getNext [de::getContexts -window 11]]
[13:04:14.40] /# gi::executeAction deCanvasZoomOutAtPoint -in [gi::getWindows 11]
[13:04:14.40] /i de::zoom -window [gi::getWindows 11] -factor 0.5 -center {4.50625 2.18125}
[13:04:14.40] /o {-0.55625 -2.9} {8.11875 5.2875}
[13:04:16.62] /# gi::executeAction deSelectActive -in [gi::getWindows 11]
[13:04:16.62] /i de::deselectAll [db::getNext [de::getContexts -window 11]]
[13:04:16.62] /i de::select [de::getActiveFigure [gi::getWindows 11] -point {4.81875 4.95625} -index 0 -intent none]
[13:04:16.62] /o oa:0x1ea5e380
[13:04:16.92] /# gi::executeAction deFitEdit -in [gi::getWindows 11]
[13:04:16.92] /i de::fit -window 11 -fitEdit true
[13:04:16.92] /o {-1.13125 -1.675} {7.5375 6.5125}
[13:04:17.21] /# gi::executeAction deSelectActive -in [gi::getWindows 11]
[13:04:17.21] /i de::deselectAll [db::getNext [de::getContexts -window 11]]
[13:04:17.21] /i de::deselectAllLogic -context [db::getNext [de::getContexts -window 11]]
[13:04:17.56] /i gi::executeAction deCanvasDragCancel -in [gi::getWindows 11]
[13:04:18.67] /# gi::executeAction deSelectActive -in [gi::getWindows 11]
[13:04:18.67] /i de::deselectAll [db::getNext [de::getContexts -window 11]]
[13:04:18.67] /i de::select [de::getActiveFigure [gi::getWindows 11] -point {4.8625 4.91875} -index 0 -intent none]
[13:04:18.67] /o oa:0x2467a610
[13:04:18.77] /# gi::executeAction seCopy -in [gi::getWindows 11]
[13:04:18.77] /i ise::copy
[13:04:19.10] /# gi::executeAction deAddPoint -in [gi::getWindows 11]
[13:04:19.10] /i de::addPoint {4.8625 4.93125} -context [db::getNext [de::getContexts -window 11]]
[13:04:19.73] /# gi::executeAction deCanvasZoomInAtPoint -in [gi::getWindows 11]
[13:04:19.73] /i de::zoom -window [gi::getWindows 11] -factor 2.0 -center {4.54375 2.08125}
[13:04:19.73] /o {1.70625 0.20625} {6.04375 4.29375}
[13:04:20.07] /# gi::executeAction deCanvasZoomInAtPoint -in [gi::getWindows 11]
[13:04:20.07] /i de::zoom -window [gi::getWindows 11] -factor 2.0 -center {4.4375 1.8875}
[13:04:20.07] /o {3.06875 1.04375} {5.2375 3.09375}
[13:04:20.75] /# gi::executeAction deAddPoint -in [gi::getWindows 11]
[13:04:20.75] /i de::addPoint {4.425 1.875} -context [db::getNext [de::getContexts -window 11]]
[13:04:21.12] /i gi::executeAction deCanvasDragCancel -in [gi::getWindows 11]
[13:04:21.95] /# gi::executeAction seSchCreateWire -in [gi::getWindows 11]
[13:04:21.95] /i ise::createWire
[13:04:23.85] /# gi::executeAction deAddPoint -in [gi::getWindows 11]
[13:04:23.85] /i de::addPoint {4.41875 1.5625} -context [db::getNext [de::getContexts -window 11]]
[13:04:23.87] /i de::setCursor -point {4.375 1.5625 }
[13:04:24.68] /# gi::executeAction deAddPoint -in [gi::getWindows 11]
[13:04:24.68] /i de::addPoint {4.15625 1.8625} -context [db::getNext [de::getContexts -window 11]]
[13:04:25.57] /# gi::executeAction deAddPoint -in [gi::getWindows 11]
[13:04:25.57] /i de::addPoint {4.425 1.7625} -context [db::getNext [de::getContexts -window 11]]
[13:04:26.30] /# gi::executeAction deAddPoint -in [gi::getWindows 11]
[13:04:26.30] /i de::addPoint {4.19375 1.75625} -context [db::getNext [de::getContexts -window 11]]
[13:04:28.08] /i gi::executeAction deSaveDesign -in [gi::getWindows 11]
[13:04:28.08] /m Information: Saving design 'new_dff D_latch schematic'. (DESIGN_WINDOW-004)
[13:04:28.69] /i gi::executeAction deSaveDesign -in [gi::getWindows 11]
[13:04:28.69] /m Information: Saving design 'new_dff D_latch schematic'. (DESIGN_WINDOW-004)
[13:04:34.71] /# gi::executeAction seSchCheckAndSave -in [gi::getWindows 11]
[13:04:34.71] /i ise::check
[13:04:34.72] /m Information: 
              /c Cross view checking for new_dff/D_latch/symbol with new_dff/D_latch/schematic
              /c No violations found. (DE_EDIT-007)
[13:04:34.72] /m Information: 
[13:04:34.72] /o Checking "new_dff/D_latch/schematic"
[13:04:34.72] /o No rule violations found in "new_dff/D_latch/schematic"
[13:04:34.72] /m Information: Checking process is completed: marking the design violations
[13:04:34.75] /m Information: Marking of designs is completed
[13:04:34.75] /o true
[13:04:36.78] /# gi::executeAction deFitEdit -in [gi::getWindows 11]
[13:04:36.78] /i de::fit -window 11 -fitEdit true
[13:04:36.78] /o {-1.13125 -1.675} {7.5375 6.5125}
[13:04:38.05] /i gi::setActiveWindow 13
[13:04:38.05] /i gi::setActiveWindow 13 -raise true
[13:04:38.58] /i gi::executeAction menuPreShow -in [gi::getWindows 13]
[13:04:38.58] /r giMenuAccess db::getNext [gi::getMenus saConsoleOutputsMenu -from [gi::getWindows 13]]
[13:04:38.74] /i gi::executeAction menuPreShow -in [gi::getWindows 13]
[13:04:38.74] /r giMenuAccess db::getNext [gi::getMenus saConsoleSimMenu -from [gi::getWindows 13]]
[13:04:39.42] /# gi::executeAction saNetlistAndRun -in [gi::getWindows 13]
[13:04:39.42] /i isa::netlistAndRun -testbench [sa::findActiveTestbench -window 13] -mode overwrite
[13:04:39.42] /w Warning: Final netlist "/home/itsupport/simulation/new_dff,d_ff,schematic/history_1/simulation/HSPICE_default/HSPICE/nominal/netlist/input.spi" is missing
[13:04:39.43] /r giWindowId 15
[13:04:39.44] /r giWindowGeometry 800x600
[13:04:39.50] /m Information: "Starting incremental netlisting for design "new_dff/d_ff/schematic"..." (NETLISTING-010)
[13:04:39.52] /m Information: 
[13:04:39.52] /o Checking "new_dff/d_ff/schematic"
[13:04:39.52] /o No rule violations found in "new_dff/d_ff/schematic"
[13:04:39.52] /o No Design Integrity rule violations found in "new_dff/d_ff/schematic"
[13:04:39.54] /m Information: "new_dff D_latch schematic" renetlisted. (NETLISTING-056)
[13:04:39.56] /m Information: "new_dff d_ff schematic" renetlisted. (NETLISTING-056)
[13:04:39.56] /m Information: "Netlisting design "new_dff/d_ff/schematic" finished successfully." (NETLISTING-012)
[13:04:39.57] /m Information: "Composing simulator input file for design "new_dff/d_ff/schematic"..."
[13:04:39.59] /m Information: "Simulator input file composed successfully for design "new_dff/d_ff/schematic""
[13:04:39.78] /m Information: "Starting HSPICE simulation for design: new_dff/d_ff/schematic"
[13:04:39.78] /# gi::collapse {jobMonitorTable} -index {0.0.0.0,0} -in [gi::getWindows 15]
[13:04:39.81] /o 1
[13:04:40.22] /m Information: "Simulation completed successfully for design: new_dff/d_ff/schematic "
[13:04:40.43] /m Information: Launching Background sae_shell Server Process "cd /home/itsupport/Desktop/lab1vlsi && sae_shell -log sae_shell_session4_job2 -libDefFile /home/itsupport/Desktop/lab1vlsi/lib.defs"
[13:04:40.44] /m Information: "Evaluating and plotting outputs..."
[13:04:40.46] /m Information: Started sharing "Custom WaveView" license. (WAVEFORM-110)
[13:04:40.49] /m Information: Launching Waveform Viewer "cd /home/itsupport/simulation/new_dff,d_ff,schematic/history_1/simulation/HSPICE_default/HSPICE/nominal/results &&  wv -k -cdesigner -spxkey /usr/synopsys/customcompiler/N-2017.12-SP1-2/auxx/waveform/sae.spxkey -spxrc /tmp/sae_spxrc_xJAr15 -unique_string 0859c36a0176a1dd69aa7f613a217c24125e8d2b0833b894ed40d2f5efbf27a2fb0c0fc5bd6190663c78dd9d6a045db80b7f5010ba4aacc9 -lic_type 1    > /home/itsupport/simulation/new_dff,d_ff,schematic/history_1/simulation/HSPICE_default/HSPICE/nominal/results/viewer.log 2>&1"
[13:04:40.49] /i gi::collapse {jobMonitorTable} -index {0.0,0} -in [gi::getWindows 15]
[13:04:40.84] /m Information: Measurement calculations completed for testbench: HSPICE_default in 0s
[13:04:41.26] /j ::wf::WaveView::plotSuccess WaveView_2 {} {_6f77b50_void_pp _6fbf960_void_pp} 
[13:04:41.28] /j ::wf::WaveView::plotSuccess WaveView_2 {} {_6f77b50_void_pp _6fbfa28_void_pp} 
[13:04:41.31] /j ::wf::WaveView::plotSuccess WaveView_2 {} {_6f77b50_void_pp _6fbfaf0_void_pp} 
[13:04:41.36] /j ::wf::WaveView::plotSuccess WaveView_2 {} {_6f77b50_void_pp _6fbfbb8_void_pp} 
[13:04:43.22] /m Information: Received ready-for-commands signal from background job 'sae_shell_session4_job2' after 3 seconds.
[13:04:52.35] /i gi::setActiveWindow 11
[13:04:52.35] /i gi::setActiveWindow 11 -raise true
[13:04:53.29] /# gi::executeAction deAbortCommand -in [gi::getWindows 11]
[13:04:53.29] /i de::abortCommand -context [db::getNext [de::getContexts -window 11]]
[13:04:54.69] /i gi::setActiveWindow 13
[13:04:54.69] /i gi::setActiveWindow 13 -raise true
[13:04:55.83] /i gi::setActiveWindow 15
[13:04:55.83] /i gi::setActiveWindow 15 -raise true
[13:04:56.68] /i gi::executeAction giCloseWindow -in [gi::getWindows 15]
[13:04:56.72] /i gi::setActiveWindow 13
[13:04:56.72] /i gi::setActiveWindow 13 -raise true
[13:04:57.32] /i gi::setActiveWindow 11
[13:04:57.32] /i gi::setActiveWindow 11 -raise true
[13:04:58.80] /i gi::setActiveWindow 2
[13:04:58.80] /i gi::setActiveWindow 2 -raise true
[13:05:00.35] /i gi::setCurrentIndex {cells} -index {D_latch} -in [gi::getWindows 2]
[13:05:00.35] /i gi::setItemSelection {cells} -index {D_latch} -in [gi::getWindows 2]
[13:05:00.94] /i gi::setCurrentIndex {views} -index {schematic} -in [gi::getWindows 2]
[13:05:00.94] /i gi::setItemSelection {views} -index {schematic} -in [gi::getWindows 2]
[13:05:02.53] /i gi::executeAction dmOpen -in [gi::getWindows 2]
[13:05:02.53] /r giWindowId 16
[13:05:02.54] /r giWindowGeometry 1083x1120
[13:05:02.73] /o "new_dff/D_latch/schematic" design does not need checking
[13:05:44.21] /# gi::executeAction deCanvasZoomInAtPoint -in [gi::getWindows 16]
[13:05:44.21] /i de::zoom -window [gi::getWindows 16] -factor 2.0 -center {2.64375 -0.075}
[13:05:44.21] /o {0.75625 -1.1125} {5.09375 3.45625}
[13:05:45.88] /# gi::executeAction deCanvasZoomOutAtPoint -in [gi::getWindows 16]
[13:05:45.88] /i de::zoom -window [gi::getWindows 16] -factor 0.5 -center {2.3875 0.625}
[13:05:45.89] /o {-0.875 -2.85} {7.79375 6.2875}
[13:06:12.32] /# gi::executeAction deCanvasZoomInAtPoint -in [gi::getWindows 16]
[13:06:12.32] /i de::zoom -window [gi::getWindows 16] -factor 2.0 -center {4.375 -0.1375}
[13:06:12.32] /o {1.75 -1.49375} {6.0875 3.075}
[13:06:12.72] /# gi::executeAction deCanvasZoomInAtPoint -in [gi::getWindows 16]
[13:06:12.72] /i de::zoom -window [gi::getWindows 16] -factor 2.0 -center {4.375 -0.1375}
[13:06:12.72] /o {3.0625 -0.81875} {5.23125 1.46875}
[13:06:13.42] /# gi::executeAction deCanvasZoomOutAtPoint -in [gi::getWindows 16]
[13:06:13.42] /i de::zoom -window [gi::getWindows 16] -factor 0.5 -center {4.375 -0.1375}
[13:06:13.42] /o {1.75 -1.49375} {6.0875 3.075}
[13:06:16.36] /# gi::executeAction deCanvasZoomOutAtPoint -in [gi::getWindows 16]
[13:06:16.36] /i de::zoom -window [gi::getWindows 16] -factor 0.5 -center {2.9875 0.175}
[13:06:16.36] /o {0.5125 -3.1625} {9.18125 5.975}
[13:06:16.71] /# gi::executeAction deCanvasZoomInAtPoint -in [gi::getWindows 16]
[13:06:16.71] /i de::zoom -window [gi::getWindows 16] -factor 2.0 -center {2.2875 0.3375}
[13:06:16.71] /o {1.4 -1.4125} {5.7375 3.15625}
[13:06:21.74] /# gi::executeAction deCanvasZoomInAtPoint -in [gi::getWindows 16]
[13:06:21.74] /i de::zoom -window [gi::getWindows 16] -factor 2.0 -center {1.6125 0.71875}
[13:06:21.74] /o {1.50625 -0.35} {3.675 1.9375}
[13:06:21.88] /# gi::executeAction deCanvasZoomInAtPoint -in [gi::getWindows 16]
[13:06:21.88] /i de::zoom -window [gi::getWindows 16] -factor 2.0 -center {1.9125 0.7}
[13:06:21.88] /o {1.70625 0.175} {2.79375 1.31875}
[13:06:24.78] /# gi::executeAction deSelectActive -in [gi::getWindows 16]
[13:06:24.78] /i de::deselectAll [db::getNext [de::getContexts -window 16]]
[13:06:24.78] /i de::select [de::getActiveFigure [gi::getWindows 16] -point {2.475 0.7375} -index 0 -intent none]
[13:06:24.78] /o oa:0x27d09a30
[13:06:25.76] /i gi::executeAction deCanvasDragCancel -in [gi::getWindows 16]
[13:06:26.43] /# gi::executeAction deSelectActive -in [gi::getWindows 16]
[13:06:26.43] /i de::deselectAll [db::getNext [de::getContexts -window 16]]
[13:06:26.43] /i de::select [de::getActiveFigure [gi::getWindows 16] -point {2.45625 0.75} -index 0 -intent none]
[13:06:26.43] /o oa:0x1ef15330
[13:06:27.15] /i gi::setItemSelection {attributes} -index {text,all} -in [gi::getAssistants dePropertyEditor -from [gi::getWindows 16]]
[13:06:27.16] /i gi::setCurrentIndex {attributes} -index {text,Value} -in [gi::getAssistants dePropertyEditor -from [gi::getWindows 16]]
[13:06:28.62] /i gi::setField {attributes} -value {vdd!} -index {text,Value} -in [gi::getAssistants dePropertyEditor -from [gi::getWindows 16]]
[13:06:28.62] /i gi::executeAction dePropertyEditorApplyChanges -in [gi::getAssistants dePropertyEditor -from [gi::getWindows 16]]
[13:06:29.70] /# gi::executeAction deSelectActive -in [gi::getWindows 16]
[13:06:29.71] /i de::deselectAll [db::getNext [de::getContexts -window 16]]
[13:06:29.71] /i de::deselectAllLogic -context [db::getNext [de::getContexts -window 16]]
[13:06:29.96] /# gi::executeAction deFitEdit -in [gi::getWindows 16]
[13:06:29.96] /i de::fit -window 16 -fitEdit true
[13:06:29.96] /o {-1.13125 -2.15} {7.5375 6.9875}
[13:06:30.60] /# gi::executeAction deCanvasZoomInAtPoint -in [gi::getWindows 16]
[13:06:30.61] /i de::zoom -window [gi::getWindows 16] -factor 2.0 -center {2.49375 3.79375}
[13:06:30.61] /o {0.68125 0.81875} {5.01875 5.39375}
[13:06:30.86] /# gi::executeAction deCanvasZoomInAtPoint -in [gi::getWindows 16]
[13:06:30.86] /i de::zoom -window [gi::getWindows 16] -factor 2.0 -center {2.58125 3.625}
[13:06:30.86] /o {1.63125 2.225} {3.8 4.50625}
[13:06:31.26] /# gi::executeAction deFitEdit -in [gi::getWindows 16]
[13:06:31.26] /i de::fit -window 16 -fitEdit true
[13:06:31.26] /o {-1.13125 -2.15} {7.5375 6.9875}
[13:06:31.75] /# gi::executeAction deCanvasZoomInAtPoint -in [gi::getWindows 16]
[13:06:31.75] /i de::zoom -window [gi::getWindows 16] -factor 2.0 -center {2.725 2.66875}
[13:06:31.75] /o {0.79375 0.25625} {5.13125 4.83125}
[13:06:31.92] /# gi::executeAction deCanvasZoomInAtPoint -in [gi::getWindows 16]
[13:06:31.92] /i de::zoom -window [gi::getWindows 16] -factor 2.0 -center {2.725 2.71875}
[13:06:31.92] /o {1.7625 1.4875} {3.93125 3.775}
[13:06:32.90] /# gi::executeAction deFitEdit -in [gi::getWindows 16]
[13:06:32.90] /i de::fit -window 16 -fitEdit true
[13:06:32.90] /o {-1.13125 -2.15} {7.5375 6.9875}
[13:06:33.48] /# gi::executeAction deCanvasZoomInAtPoint -in [gi::getWindows 16]
[13:06:33.48] /i de::zoom -window [gi::getWindows 16] -factor 2.0 -center {5.25625 3.94375}
[13:06:33.48] /o {2.0625 0.89375} {6.4 5.46875}
[13:06:34.69] /# gi::executeAction deSelectActive -in [gi::getWindows 16]
[13:06:34.69] /i de::deselectAll [db::getNext [de::getContexts -window 16]]
[13:06:34.69] /i de::select [de::getActiveFigure [gi::getWindows 16] -point {4.7375 4.98125} -index 0 -intent none]
[13:06:34.69] /o oa:0x27da6b40
[13:06:35.22] /i gi::setItemSelection {attributes} -index {text,all} -in [gi::getAssistants dePropertyEditor -from [gi::getWindows 16]]
[13:06:35.22] /i gi::setCurrentIndex {attributes} -index {text,Value} -in [gi::getAssistants dePropertyEditor -from [gi::getWindows 16]]
[13:06:36.43] /i gi::setField {attributes} -value {vdd!} -index {text,Value} -in [gi::getAssistants dePropertyEditor -from [gi::getWindows 16]]
[13:06:36.43] /i gi::executeAction dePropertyEditorApplyChanges -in [gi::getAssistants dePropertyEditor -from [gi::getWindows 16]]
[13:06:38.03] /# gi::executeAction deFitEdit -in [gi::getWindows 16]
[13:06:38.03] /i de::fit -window 16 -fitEdit true
[13:06:38.03] /o {-1.13125 -2.15} {7.5375 6.9875}
[13:06:38.61] /# gi::executeAction deCanvasZoomInAtPoint -in [gi::getWindows 16]
[13:06:38.61] /i de::zoom -window [gi::getWindows 16] -factor 2.0 -center {4.83125 1.7}
[13:06:38.61] /o {1.85 -0.225} {6.1875 4.34375}
[13:06:38.75] /# gi::executeAction deCanvasZoomInAtPoint -in [gi::getWindows 16]
[13:06:38.75] /i de::zoom -window [gi::getWindows 16] -factor 2.0 -center {4.83125 1.7}
[13:06:38.75] /o {3.3375 0.7375} {5.50625 3.025}
[13:06:39.07] /i gi::executeAction deCanvasDragCancel -in [gi::getWindows 16]
[13:06:39.96] /# gi::executeAction deSelectActive -in [gi::getWindows 16]
[13:06:39.96] /i de::deselectAll [db::getNext [de::getContexts -window 16]]
[13:06:39.96] /i de::select [de::getActiveFigure [gi::getWindows 16] -point {4.2875 1.93125} -index 0 -intent none]
[13:06:39.96] /o oa:0x24590eb0
[13:06:40.50] /i gi::setItemSelection {attributes} -index {text,all} -in [gi::getAssistants dePropertyEditor -from [gi::getWindows 16]]
[13:06:40.50] /i gi::setCurrentIndex {attributes} -index {text,Value} -in [gi::getAssistants dePropertyEditor -from [gi::getWindows 16]]
[13:06:41.75] /i gi::setField {attributes} -value {vdd!} -index {text,Value} -in [gi::getAssistants dePropertyEditor -from [gi::getWindows 16]]
[13:06:41.75] /i gi::executeAction dePropertyEditorApplyChanges -in [gi::getAssistants dePropertyEditor -from [gi::getWindows 16]]
[13:06:42.68] /# gi::executeAction deCanvasZoomOutAtPoint -in [gi::getWindows 16]
[13:06:42.68] /i de::zoom -window [gi::getWindows 16] -factor 0.5 -center {4.75625 1.65625}
[13:06:42.68] /o {1.925 -0.18125} {6.2625 4.3875}
[13:06:43.07] /# gi::executeAction deCanvasZoomOutAtPoint -in [gi::getWindows 16]
[13:06:43.07] /i de::zoom -window [gi::getWindows 16] -factor 0.5 -center {4.89375 0.54375}
[13:06:43.07] /o {-1.04375 -0.90625} {7.625 8.23125}
[13:06:43.45] /# gi::executeAction deCanvasZoomInAtPoint -in [gi::getWindows 16]
[13:06:43.45] /i de::zoom -window [gi::getWindows 16] -factor 2.0 -center {4.75 0.11875}
[13:06:43.45] /o {1.85 -0.39375} {6.1875 4.175}
[13:06:44.14] /# gi::executeAction deFitEdit -in [gi::getWindows 16]
[13:06:44.14] /i de::fit -window 16 -fitEdit true
[13:06:44.14] /o {-1.13125 -2.15} {7.5375 6.9875}
[13:06:45.88] /i gi::executeAction deSaveDesign -in [gi::getWindows 16]
[13:06:45.88] /m Information: Saving design 'new_dff D_latch schematic'. (DESIGN_WINDOW-004)
[13:06:46.09] /i gi::executeAction deSaveDesign -in [gi::getWindows 16]
[13:06:46.09] /m Information: Saving design 'new_dff D_latch schematic'. (DESIGN_WINDOW-004)
[13:06:48.32] /i gi::setActiveWindow 13
[13:06:48.32] /i gi::setActiveWindow 13 -raise true
[13:06:49.74] /i gi::executeAction menuPreShow -in [gi::getWindows 13]
[13:06:49.74] /r giMenuAccess db::getNext [gi::getMenus saConsoleSimMenu -from [gi::getWindows 13]]
[13:06:50.23] /# gi::executeAction saNetlistAndRun -in [gi::getWindows 13]
[13:06:50.23] /i isa::netlistAndRun -testbench [sa::findActiveTestbench -window 13] -mode overwrite
[13:06:50.24] /r giWindowId 17
[13:06:50.26] /r giWindowGeometry 800x600
[13:06:50.33] /m Information: "Starting incremental netlisting for design "new_dff/d_ff/schematic"..." (NETLISTING-010)
[13:06:50.34] /m Information: 
[13:06:50.34] /o Checking "new_dff/d_ff/schematic"
[13:06:50.34] /o No rule violations found in "new_dff/d_ff/schematic"
[13:06:50.34] /o No Design Integrity rule violations found in "new_dff/d_ff/schematic"
[13:06:50.34] /m Information: 
[13:06:50.34] /o Checking "new_dff/D_latch/schematic"
[13:06:50.34] /o No rule violations found in "new_dff/D_latch/schematic"
[13:06:50.37] /m Information: "new_dff D_latch schematic" renetlisted. (NETLISTING-056)
[13:06:50.37] /m Information: "Netlisting design "new_dff/d_ff/schematic" finished successfully." (NETLISTING-012)
[13:06:50.38] /m Information: "Composing simulator input file for design "new_dff/d_ff/schematic"..."
[13:06:50.40] /m Information: "Simulator input file composed successfully for design "new_dff/d_ff/schematic""
[13:06:50.88] /m Information: "Starting HSPICE simulation for design: new_dff/d_ff/schematic"
[13:06:50.88] /# gi::collapse {jobMonitorTable} -index {0.0.0.0,0} -in [gi::getWindows 17]
[13:06:50.95] /o 1
[13:06:51.24] /m Information: "Simulation completed successfully for design: new_dff/d_ff/schematic "
[13:06:51.44] /m Information: "Evaluating and plotting outputs..."
[13:06:51.50] /j ::wf::WaveView::plotSuccess WaveView_2 {} {_6ff1ac0_void_pp _6fbfc80_void_pp} 
[13:06:51.52] /j ::wf::WaveView::plotSuccess WaveView_2 {} {_6ff1ac0_void_pp _6fbf960_void_pp} 
[13:06:51.55] /j ::wf::WaveView::plotSuccess WaveView_2 {} {_6ff1ac0_void_pp _6fbfa28_void_pp} 
[13:06:51.61] /j ::wf::WaveView::plotSuccess WaveView_2 {} {_6ff1ac0_void_pp _6fbfaf0_void_pp} 
[13:06:51.73] /m Information: Measurement calculations completed for testbench: HSPICE_default in 0s
[13:07:36.62] /i db::setAttr geometry -of [gi::getFrames 1] -value 1910x1101+5+56
[13:07:38.12] /i db::setAttr geometry -of [gi::getFrames 1] -value 1439x824+148+84
[13:07:39.85] /i db::setAttr geometry -of [gi::getFrames 1] -value 1266x1251+5+56
[13:07:40.41] /i db::setAttr geometry -of [gi::getFrames 1] -value 1265x1212+5+56
[13:08:34.02] /m Information: Waveform viewer exited normally.
[13:08:35.01] /i gi::executeAction giCloseWindow -in [gi::getWindows 17]
[13:08:35.03] /i gi::setActiveWindow 13
[13:08:35.03] /i gi::setActiveWindow 13 -raise true
[13:08:35.77] /i gi::setActiveWindow 11
[13:08:35.77] /i gi::setActiveWindow 11 -raise true
[13:08:36.99] /i gi::setActiveWindow 13
[13:08:36.99] /i gi::setActiveWindow 13 -raise true
[13:08:37.96] /i gi::setActiveWindow 10
[13:08:37.96] /i gi::setActiveWindow 10 -raise true
[13:08:39.68] /i gi::executeAction giCloseWindow -in [gi::getWindows 10]
[13:08:39.71] /i gi::setActiveWindow 13
[13:08:39.71] /i gi::setActiveWindow 13 -raise true
[13:08:40.44] /i gi::setActiveWindow 3
[13:08:40.44] /i gi::setActiveWindow 3 -raise true
[13:08:41.10] /# gi::executeAction deCanvasZoomOutAtPoint -in [gi::getWindows 3]
[13:08:41.10] /i de::zoom -window [gi::getWindows 3] -factor 0.5 -center {2.64375 3.0375}
[13:08:41.10] /o {-2.75 -3.59375} {6.05 5.6875}
[13:08:41.22] /# gi::executeAction deCanvasZoomOutAtPoint -in [gi::getWindows 3]
[13:08:41.22] /i de::zoom -window [gi::getWindows 3] -factor 0.5 -center {2.65 2.99375}
[13:08:41.22] /o {-8.15 -10.175} {9.45 8.38125}
[13:08:41.54] /# gi::executeAction deCanvasZoomInAtPoint -in [gi::getWindows 3]
[13:08:41.54] /i de::zoom -window [gi::getWindows 3] -factor 2.0 -center {2.64375 2.94375}
[13:08:41.54] /o {-2.75625 -3.61875} {6.05 5.6625}
[13:08:41.61] /# gi::executeAction deCanvasZoomInAtPoint -in [gi::getWindows 3]
[13:08:41.61] /i de::zoom -window [gi::getWindows 3] -factor 2.0 -center {2.64375 2.94375}
[13:08:41.61] /o {-0.05625 -0.3375} {4.34375 4.3}
[13:08:42.33] /# gi::executeAction deMarkerBrowserToggle -in [gi::getWindows 3]
[13:08:42.33] /i db::setAttr shown -of [gi::getAssistants deMarkerBrowser -from [gi::getWindows 3]] -value true
[13:08:42.62] /i db::setAttr dockSize -of [gi::getAssistants deMarkerBrowser -from [gi::getWindows 3]] -value 290x950
[13:08:43.08] /# gi::executeAction deFitEdit -in [gi::getWindows 3]
[13:08:43.08] /i de::fit -window 3 -fitEdit true
[13:08:43.08] /o {-1.13125 -2.15} {7.5375 6.9875}
[13:08:43.77] /# gi::executeAction deCanvasZoomInAtPoint -in [gi::getWindows 3]
[13:08:43.77] /i de::zoom -window [gi::getWindows 3] -factor 2.0 -center {2.63125 3.375}
[13:08:43.77] /o {0.75 0.6125} {5.0875 5.18125}
[13:08:43.97] /# gi::executeAction deCanvasZoomInAtPoint -in [gi::getWindows 3]
[13:08:43.97] /i de::zoom -window [gi::getWindows 3] -factor 2.0 -center {2.60625 3.34375}
[13:08:43.98] /o {1.675 1.975} {3.84375 4.2625}
[13:08:45.06] /# gi::executeAction deCanvasZoomOutAtPoint -in [gi::getWindows 3]
[13:08:45.06] /i de::zoom -window [gi::getWindows 3] -factor 0.5 -center {2.5625 2.78125}
[13:08:45.06] /o {0.79375 1.175} {5.13125 5.74375}
[13:08:45.17] /# gi::executeAction deCanvasZoomOutAtPoint -in [gi::getWindows 3]
[13:08:45.17] /i de::zoom -window [gi::getWindows 3] -factor 0.5 -center {2.625 2.5375}
[13:08:45.17] /o {-1.0375 -0.1875} {7.63125 8.95}
[13:08:45.54] /# gi::executeAction deCanvasZoomInAtPoint -in [gi::getWindows 3]
[13:08:45.54] /i de::zoom -window [gi::getWindows 3] -factor 2.0 -center {2.79375 1.5125}
[13:08:45.54] /o {0.875 0.6625} {5.2125 5.23125}
[13:08:45.73] /# gi::executeAction deCanvasZoomInAtPoint -in [gi::getWindows 3]
[13:08:45.73] /i de::zoom -window [gi::getWindows 3] -factor 2.0 -center {2.74375 1.45}
[13:08:45.73] /o {1.8125 1.05625} {3.98125 3.34375}
[13:08:46.31] /# gi::executeAction deFitEdit -in [gi::getWindows 3]
[13:08:46.31] /i de::fit -window 3 -fitEdit true
[13:08:46.31] /o {-1.13125 -2.15} {7.5375 6.9875}
[13:08:47.08] /# gi::executeAction deCanvasZoomInAtPoint -in [gi::getWindows 3]
[13:08:47.08] /i de::zoom -window [gi::getWindows 3] -factor 2.0 -center {4.71875 0.8}
[13:08:47.08] /o {1.79375 -0.675} {6.13125 3.89375}
[13:08:48.84] /# gi::executeAction deCanvasZoomInAtPoint -in [gi::getWindows 3]
[13:08:48.84] /i de::zoom -window [gi::getWindows 3] -factor 2.0 -center {4.58125 2}
[13:08:48.84] /o {3.1875 0.6625} {5.35625 2.95}
[13:08:49.05] /# gi::executeAction deCanvasZoomInAtPoint -in [gi::getWindows 3]
[13:08:49.05] /i de::zoom -window [gi::getWindows 3] -factor 2.0 -center {4.58125 2}
[13:08:49.05] /o {3.88125 1.33125} {4.96875 2.475}
[13:08:49.45] /# gi::executeAction deFitEdit -in [gi::getWindows 3]
[13:08:49.45] /i de::fit -window 3 -fitEdit true
[13:08:49.45] /o {-1.13125 -2.15} {7.5375 6.9875}
[13:08:50.89] /# gi::executeAction deCanvasZoomInAtPoint -in [gi::getWindows 3]
[13:08:50.89] /i de::zoom -window [gi::getWindows 3] -factor 2.0 -center {4.76875 3.90625}
[13:08:50.89] /o {1.81875 0.875} {6.15625 5.45}
[13:08:51.42] /# gi::executeAction deFitEdit -in [gi::getWindows 3]
[13:08:51.42] /i de::fit -window 3 -fitEdit true
[13:08:51.42] /o {-1.13125 -2.15} {7.5375 6.9875}
[13:08:52.42] /i gi::executeAction deCanvasDragCancel -in [gi::getWindows 3]
[13:10:33.06] /# gi::executeAction deCanvasZoomInAtPoint -in [gi::getWindows 3]
[13:10:33.06] /i de::zoom -window [gi::getWindows 3] -factor 2.0 -center {0.45 1.85625}
[13:10:33.06] /o {-0.34375 -0.15} {3.99375 4.425}
[13:10:34.50] /# gi::executeAction deSelectActive -in [gi::getWindows 3]
[13:10:34.50] /i de::deselectAll [db::getNext [de::getContexts -window 3]]
[13:10:34.51] /i de::select [de::getActiveFigure [gi::getWindows 3] -point {1.54375 2.36875} -index 0 -intent none]
[13:10:34.51] /o oa:0x2998e5d0
[13:10:34.93] /# gi::executeAction seButton1DragStart -in [gi::getWindows 3]
[13:10:34.93] /i ise::stretch -point {1.5625 2.375}
[13:10:35.85] /# gi::executeAction deEndDrag -in [gi::getWindows 3]
[13:10:35.85] /i de::endDrag {1.05 2.48125} -context [db::getNext [de::getContexts -window 3]]
[13:10:49.77] /# gi::executeAction deSelectActive -in [gi::getWindows 3]
[13:10:49.77] /i de::deselectAll [db::getNext [de::getContexts -window 3]]
[13:10:49.78] /i de::deselectAllLogic -context [db::getNext [de::getContexts -window 3]]
[13:10:50.24] /# gi::executeAction deSelectActive -in [gi::getWindows 3]
[13:10:50.24] /i de::deselectAll [db::getNext [de::getContexts -window 3]]
[13:10:50.24] /i de::select [de::getActiveFigure [gi::getWindows 3] -point {0.2625 1.98125} -index 0 -intent none]
[13:10:50.24] /o oa:0x2337ed40
[13:10:50.91] /i gi::executeAction deCanvasDragCancel -in [gi::getWindows 3]
[13:10:54.72] /i db::setAttr dockSize -of [gi::getAssistants deMarkerBrowser -from [gi::getWindows 3]] -value 290x562
[13:10:54.72] /i db::setAttr dockSize -of [gi::getAssistants giConsole -from [gi::getWindows 3]] -value 1396x89
[13:10:54.73] /i db::setAttr geometry -of [gi::getFrames 1] -value 1439x824+289+180
[13:10:57.14] /i db::setAttr dockSize -of [gi::getAssistants giConsole -from [gi::getWindows 3]] -value 1867x89
[13:10:57.31] /i db::setAttr dockSize -of [gi::getAssistants deMarkerBrowser -from [gi::getWindows 3]] -value 290x839
[13:10:57.32] /i db::setAttr geometry -of [gi::getFrames 1] -value 1910x1101+5+56
[13:10:58.48] /# gi::executeAction deSelectActive -in [gi::getWindows 3]
[13:10:58.48] /i de::deselectAll [db::getNext [de::getContexts -window 3]]
[13:10:58.48] /i de::select [de::getActiveFigure [gi::getWindows 3] -point {0.775 1.98125} -index 0 -intent none]
[13:10:58.48] /o oa:0x284e3400
[13:10:59.14] /i gi::executeAction deCanvasDragCancel -in [gi::getWindows 3]
[13:11:00.54] /i db::setAttr shown -of [gi::getAssistants deMarkerBrowser -from [gi::getWindows 3]] -value false
[13:11:00.83] /i db::setAttr dockSize -of [gi::getAssistants dePropertyEditor -from [gi::getWindows 3]] -value 290x865
[13:11:01.88] /# gi::executeAction deSelectActive -in [gi::getWindows 3]
[13:11:01.88] /i de::deselectAll [db::getNext [de::getContexts -window 3]]
[13:11:01.88] /i de::select [de::getActiveFigure [gi::getWindows 3] -point {0.30625 2} -index 0 -intent none]
[13:11:01.88] /o oa:0x245c6e40
[13:11:02.74] /i gi::setItemSelection {attributes} -index {text,all} -in [gi::getAssistants dePropertyEditor -from [gi::getWindows 3]]
[13:11:02.74] /i gi::setCurrentIndex {attributes} -index {text,Value} -in [gi::getAssistants dePropertyEditor -from [gi::getWindows 3]]
[13:11:03.74] /i gi::setField {attributes} -value {CLKB} -index {text,Value} -in [gi::getAssistants dePropertyEditor -from [gi::getWindows 3]]
[13:11:03.74] /i gi::executeAction dePropertyEditorApplyChanges -in [gi::getAssistants dePropertyEditor -from [gi::getWindows 3]]
[13:11:05.04] /# gi::executeAction deSelectActive -in [gi::getWindows 3]
[13:11:05.04] /i de::deselectAll [db::getNext [de::getContexts -window 3]]
[13:11:05.04] /i de::select [de::getActiveFigure [gi::getWindows 3] -point {0.325 1.15625} -index 0 -intent none]
[13:11:05.04] /o oa:0x23407fc0
[13:11:06.12] /i gi::setItemSelection {attributes} -index {text,all} -in [gi::getAssistants dePropertyEditor -from [gi::getWindows 3]]
[13:11:06.12] /i gi::setCurrentIndex {attributes} -index {text,Value} -in [gi::getAssistants dePropertyEditor -from [gi::getWindows 3]]
[13:11:07.13] /i gi::setField {attributes} -value {CLK} -index {text,Value} -in [gi::getAssistants dePropertyEditor -from [gi::getWindows 3]]
[13:11:07.13] /i gi::executeAction dePropertyEditorApplyChanges -in [gi::getAssistants dePropertyEditor -from [gi::getWindows 3]]
[13:11:08.94] /i gi::executeAction deSaveDesign -in [gi::getWindows 3]
[13:11:08.94] /m Information: Saving design 'new_dff D_latch schematic'. (DESIGN_WINDOW-004)
[13:11:09.44] /i gi::setActiveWindow 16
[13:11:09.44] /i gi::setActiveWindow 16 -raise true
[13:11:09.63] /i gi::setActiveWindow 3
[13:11:09.63] /i gi::setActiveWindow 3 -raise true
[13:11:09.67] /r giWindowId 18
[13:11:09.69] /r giWindowGeometry 1040x800
[13:11:09.76] /i gi::createFrame -window 16
[13:11:09.76] /i gi::setActiveWindow 18
[13:11:09.76] /i gi::setActiveWindow 18 -raise true
[13:11:10.11] /i db::setAttr geometry -of [gi::getFrames 2] -value 1910x1101+5+56
[13:11:11.72] /i gi::executeAction giCloseWindow -in [gi::getWindows 16]
[13:11:11.73] /i gi::setActiveWindow 18
[13:11:11.73] /i gi::setActiveWindow 18 -raise true
[13:11:13.71] /i gi::setActiveWindow 3
[13:11:13.71] /i gi::setActiveWindow 3 -raise true
[13:11:14.93] /i gi::executeAction giCloseWindow -in [gi::getWindows 18]
[13:11:16.03] /i gi::setActiveWindow 13
[13:11:16.03] /i gi::setActiveWindow 13 -raise true
[13:11:16.63] /i gi::executeAction menuPreShow -in [gi::getWindows 13]
[13:11:16.63] /r giMenuAccess db::getNext [gi::getMenus saConsoleSimMenu -from [gi::getWindows 13]]
[13:11:17.04] /# gi::executeAction saNetlistAndRun -in [gi::getWindows 13]
[13:11:17.04] /i isa::netlistAndRun -testbench [sa::findActiveTestbench -window 13] -mode overwrite
[13:11:17.06] /r giWindowId 19
[13:11:17.06] /r giWindowGeometry 800x600
[13:11:17.16] /m Information: "Starting incremental netlisting for design "new_dff/d_ff/schematic"..." (NETLISTING-010)
[13:11:17.17] /m Information: 
[13:11:17.17] /o Checking "new_dff/d_ff/schematic"
[13:11:17.17] /o No rule violations found in "new_dff/d_ff/schematic"
[13:11:17.17] /o No Design Integrity rule violations found in "new_dff/d_ff/schematic"
[13:11:17.18] /m Information: 
[13:11:17.18] /o Checking "new_dff/D_latch/schematic"
[13:11:17.18] /o No rule violations found in "new_dff/D_latch/schematic"
[13:11:17.20] /m Information: "new_dff D_latch schematic" renetlisted. (NETLISTING-056)
[13:11:17.22] /m Information: "new_dff d_ff schematic" renetlisted. (NETLISTING-056)
[13:11:17.22] /m Information: "Netlisting design "new_dff/d_ff/schematic" finished successfully." (NETLISTING-012)
[13:11:17.23] /m Information: "Composing simulator input file for design "new_dff/d_ff/schematic"..."
[13:11:17.26] /m Information: "Simulator input file composed successfully for design "new_dff/d_ff/schematic""
[13:11:17.45] /m Information: "Starting HSPICE simulation for design: new_dff/d_ff/schematic"
[13:11:17.45] /# gi::collapse {jobMonitorTable} -index {0.0.0.0,0} -in [gi::getWindows 19]
[13:11:17.49] /o 1
[13:11:17.83] /m Information: "Simulation completed successfully for design: new_dff/d_ff/schematic "
[13:11:18.05] /m Information: "Evaluating and plotting outputs..."
[13:11:18.07] /m Information: Launching Waveform Viewer "cd /home/itsupport/simulation/new_dff,d_ff,schematic/history_1/simulation/HSPICE_default/HSPICE/nominal/results &&  wv -k -cdesigner -spxkey /usr/synopsys/customcompiler/N-2017.12-SP1-2/auxx/waveform/sae.spxkey -spxrc /tmp/sae_spxrc_JlbSmM -unique_string 0859c36a0176a1dd69aa7f613a217c24125e8d2b0833b894ed40d2f5efbf27a2fb0c0fc5bd61906609d4a3c3b97a4b376649df0220ee50f7 -lic_type 1    > /home/itsupport/simulation/new_dff,d_ff,schematic/history_1/simulation/HSPICE_default/HSPICE/nominal/results/viewer.log 2>&1"
[13:11:18.08] /i gi::collapse {jobMonitorTable} -index {0.0,0} -in [gi::getWindows 19]
[13:11:18.35] /m Information: Measurement calculations completed for testbench: HSPICE_default in 0s
[13:11:18.76] /j ::wf::WaveView::plotSuccess WaveView_3 {} {_5ce7e20_void_pp _5d2f410_void_pp} 
[13:11:18.78] /j ::wf::WaveView::plotSuccess WaveView_3 {} {_5ce7e20_void_pp _5d2f4d8_void_pp} 
[13:11:18.82] /j ::wf::WaveView::plotSuccess WaveView_3 {} {_5ce7e20_void_pp _5d2f5a0_void_pp} 
[13:11:18.87] /j ::wf::WaveView::plotSuccess WaveView_3 {} {_5ce7e20_void_pp _5d2f668_void_pp} 
[13:11:34.72] /m Information: Waveform viewer exited normally.
[13:11:35.67] /i gi::executeAction giCloseWindow -in [gi::getWindows 19]
[13:11:35.68] /i gi::setActiveWindow 13
[13:11:35.68] /i gi::setActiveWindow 13 -raise true
[13:11:57.63] /i gi::setActiveWindow 11
[13:11:57.63] /i gi::setActiveWindow 11 -raise true
[13:11:58.09] /i gi::setActiveWindow 3
[13:11:58.09] /i gi::setActiveWindow 3 -raise true
[13:12:01.93] /i gi::setActiveWindow 11
[13:12:01.93] /i gi::setActiveWindow 11 -raise true
[13:12:03.06] /i gi::executeAction giCloseWindow -in [gi::getWindows 11]
[13:12:03.09] /i gi::setActiveWindow 3
[13:12:03.09] /i gi::setActiveWindow 3 -raise true
[13:12:04.48] /i de::undoTransaction -design [db::getAttr editDesign -of [de::getContexts -window 3]] -steps 1
[13:12:05.03] /i de::undoTransaction -design [db::getAttr editDesign -of [de::getContexts -window 3]] -steps 1
[13:12:07.05] /i gi::executeAction deSaveDesign -in [gi::getWindows 3]
[13:12:07.05] /m Information: Saving design 'new_dff D_latch schematic'. (DESIGN_WINDOW-004)
[13:12:07.72] /i gi::setActiveWindow 13
[13:12:07.72] /i gi::setActiveWindow 13 -raise true
[13:12:08.24] /i gi::executeAction menuPreShow -in [gi::getWindows 13]
[13:12:08.24] /r giMenuAccess db::getNext [gi::getMenus saConsoleOutputsMenu -from [gi::getWindows 13]]
[13:12:08.40] /i gi::executeAction menuPreShow -in [gi::getWindows 13]
[13:12:08.40] /r giMenuAccess db::getNext [gi::getMenus saConsoleSimMenu -from [gi::getWindows 13]]
[13:12:08.93] /# gi::executeAction saNetlistAndRun -in [gi::getWindows 13]
[13:12:08.93] /i isa::netlistAndRun -testbench [sa::findActiveTestbench -window 13] -mode overwrite
[13:12:08.94] /r giWindowId 20
[13:12:08.95] /r giWindowGeometry 800x600
[13:12:09.00] /m Information: "Starting incremental netlisting for design "new_dff/d_ff/schematic"..." (NETLISTING-010)
[13:12:09.04] /m Information: 
[13:12:09.04] /o Checking "new_dff/d_ff/schematic"
[13:12:09.04] /o No rule violations found in "new_dff/d_ff/schematic"
[13:12:09.04] /o No Design Integrity rule violations found in "new_dff/d_ff/schematic"
[13:12:09.04] /m Information: 
[13:12:09.04] /o Checking "new_dff/D_latch/schematic"
[13:12:09.04] /o No rule violations found in "new_dff/D_latch/schematic"
[13:12:09.07] /m Information: "new_dff D_latch schematic" renetlisted. (NETLISTING-056)
[13:12:09.08] /m Information: "new_dff d_ff schematic" renetlisted. (NETLISTING-056)
[13:12:09.09] /m Information: "Netlisting design "new_dff/d_ff/schematic" finished successfully." (NETLISTING-012)
[13:12:09.09] /m Information: "Composing simulator input file for design "new_dff/d_ff/schematic"..."
[13:12:09.13] /m Information: "Simulator input file composed successfully for design "new_dff/d_ff/schematic""
[13:12:09.32] /m Information: "Starting HSPICE simulation for design: new_dff/d_ff/schematic"
[13:12:09.32] /# gi::collapse {jobMonitorTable} -index {0.0.0.0,0} -in [gi::getWindows 20]
[13:12:09.34] /o 1
[13:12:09.71] /m Information: "Simulation completed successfully for design: new_dff/d_ff/schematic "
[13:12:09.95] /m Information: "Evaluating and plotting outputs..."
[13:12:09.97] /m Information: Launching Waveform Viewer "cd /home/itsupport/simulation/new_dff,d_ff,schematic/history_1/simulation/HSPICE_default/HSPICE/nominal/results &&  wv -k -cdesigner -spxkey /usr/synopsys/customcompiler/N-2017.12-SP1-2/auxx/waveform/sae.spxkey -spxrc /tmp/sae_spxrc_9XGH66 -unique_string 0859c36a0176a1dd69aa7f613a217c24125e8d2b0833b894ed40d2f5efbf27a2fb0c0fc5bd61906603acb6e60bc64dd81e23af16026175d4 -lic_type 1    > /home/itsupport/simulation/new_dff,d_ff,schematic/history_1/simulation/HSPICE_default/HSPICE/nominal/results/viewer.log 2>&1"
[13:12:09.97] /i gi::collapse {jobMonitorTable} -index {0.0,0} -in [gi::getWindows 20]
[13:12:10.24] /m Information: Measurement calculations completed for testbench: HSPICE_default in 0s
[13:12:10.67] /j ::wf::WaveView::plotSuccess WaveView_4 {} {_670d610_void_pp _6755c30_void_pp} 
[13:12:10.70] /j ::wf::WaveView::plotSuccess WaveView_4 {} {_670d610_void_pp _6755cf8_void_pp} 
[13:12:10.72] /j ::wf::WaveView::plotSuccess WaveView_4 {} {_670d610_void_pp _6755dc0_void_pp} 
[13:12:10.77] /j ::wf::WaveView::plotSuccess WaveView_4 {} {_670d610_void_pp _6755e88_void_pp} 
[13:12:15.39] /i gi::setActiveWindow 3
[13:12:15.39] /i gi::setActiveWindow 3 -raise true
[13:12:54.79] /# gi::executeAction deSelectActive -in [gi::getWindows 3]
[13:12:54.79] /i de::deselectAll [db::getNext [de::getContexts -window 3]]
[13:12:54.79] /i de::select [de::getActiveFigure [gi::getWindows 3] -point {6.86875 2.2375} -index 0 -intent none]
[13:12:54.79] /o oa:0x1ee7cc80
[13:12:55.30] /# gi::executeAction seButton1DragStart -in [gi::getWindows 3]
[13:12:55.30] /i ise::stretch -point {6.875 2.25}
[13:12:56.56] /# gi::executeAction deEndDrag -in [gi::getWindows 3]
[13:12:56.56] /i de::endDrag {6.56875 2.925} -context [db::getNext [de::getContexts -window 3]]
[13:12:58.24] /i de::undoTransaction -design [db::getAttr editDesign -of [de::getContexts -window 3]] -steps 1
[13:12:58.70] /i gi::executeAction deCanvasDragCancel -in [gi::getWindows 3]
[13:12:59.05] /# gi::executeAction deSelectActive -in [gi::getWindows 3]
[13:12:59.05] /i de::deselectAll [db::getNext [de::getContexts -window 3]]
[13:12:59.06] /i de::deselectAllLogic -context [db::getNext [de::getContexts -window 3]]
[13:12:59.54] /# gi::executeAction deSelectActive -in [gi::getWindows 3]
[13:12:59.54] /i de::deselectAll [db::getNext [de::getContexts -window 3]]
[13:12:59.54] /i de::select [de::getActiveFigure [gi::getWindows 3] -point {6.125 2.05625} -index 0 -intent none]
[13:12:59.54] /o oa:0x2550fdf0
[13:13:00.22] /# gi::executeAction seDelete -in [gi::getWindows 3]
[13:13:00.22] /i ise::delete
[13:13:00.51] /i gi::executeAction deCanvasDragCancel -in [gi::getWindows 3]
[13:13:00.87] /# gi::executeAction deCanvasZoomOutAtPoint -in [gi::getWindows 3]
[13:13:00.87] /i de::zoom -window [gi::getWindows 3] -factor 0.5 -center {5.425 1.16875}
[13:13:00.88] /o {-6.10625 -0.425} {8.60625 7.675}
[13:13:01.41] /# gi::executeAction deCanvasZoomInAtPoint -in [gi::getWindows 3]
[13:13:01.41] /i de::zoom -window [gi::getWindows 3] -factor 2.0 -center {5.84375 0.98125}
[13:13:01.41] /o {-0.13125 0.275} {7.225 4.33125}
[13:13:02.03] /# gi::executeAction deFitEdit -in [gi::getWindows 3]
[13:13:02.03] /i de::fit -window 3 -fitEdit true
[13:13:02.03] /o {-2.05625 -0.475} {8.4625 5.3125}
[13:13:19.53] /# gi::executeAction seButton1DragStart -in [gi::getWindows 3]
[13:13:19.53] /i ise::stretch -object [de::getActiveFigure [gi::getWindows 3] -point {6.88125 2.2125} -index 0 -intent none] -point {6.875 2.1875}
[13:13:20.72] /# gi::executeAction deEndDrag -in [gi::getWindows 3]
[13:13:20.72] /i de::endDrag {3.55625 1.99375} -context [db::getNext [de::getContexts -window 3]]
[13:13:21.66] /# gi::executeAction deSelectActive -in [gi::getWindows 3]
[13:13:21.66] /i de::deselectAllLogic -context [db::getNext [de::getContexts -window 3]]
[13:13:21.99] /# gi::executeAction deSelectActive -in [gi::getWindows 3]
[13:13:21.99] /i de::deselectAll [db::getNext [de::getContexts -window 3]]
[13:13:21.99] /i de::select [de::getActiveFigure [gi::getWindows 3] -point {6.5625 2.03125} -index 0 -intent none]
[13:13:21.99] /o oa:0x1efdcca0
[13:13:22.59] /# gi::executeAction seDelete -in [gi::getWindows 3]
[13:13:22.59] /i ise::delete
[13:13:25.15] /i gi::executeAction deSaveDesign -in [gi::getWindows 3]
[13:13:25.15] /m Information: Saving design 'new_dff D_latch schematic'. (DESIGN_WINDOW-004)
[13:13:34.77] /i gi::setActiveWindow 2
[13:13:34.77] /i gi::setActiveWindow 2 -raise true
[13:13:38.13] /i gi::setCurrentIndex {libs} -index {project_d_ff} -in [gi::getWindows 2]
[13:13:38.13] /i gi::setItemSelection {libs} -index {project_d_ff} -in [gi::getWindows 2]
[13:13:39.05] /i gi::setCurrentIndex {cellCategories} -index {D_LATCH_SLAVE} -in [gi::getWindows 2]
[13:13:39.05] /i gi::setItemSelection {cellCategories} -index {D_LATCH_SLAVE} -in [gi::getWindows 2]
[13:13:39.36] /i gi::setCurrentIndex {cellCategories} -index {D_FF} -in [gi::getWindows 2]
[13:13:39.37] /i gi::setItemSelection {cellCategories} -index {D_FF} -in [gi::getWindows 2]
[13:13:39.85] /i gi::setCurrentIndex {cells} -index {D_latch} -in [gi::getWindows 2]
[13:13:39.86] /i gi::setItemSelection {cells} -index {D_latch} -in [gi::getWindows 2]
[13:13:40.63] /i gi::setCurrentIndex {views} -index {layout} -in [gi::getWindows 2]
[13:13:40.63] /i gi::setItemSelection {views} -index {layout} -in [gi::getWindows 2]
[13:13:40.96] /i gi::setCurrentIndex {views} -index {schematic} -in [gi::getWindows 2]
[13:13:40.97] /i gi::setItemSelection {views} -index {schematic} -in [gi::getWindows 2]
[13:13:41.21] /i gi::executeAction dmOpen -in [gi::getWindows 2]
[13:13:41.25] /r giWindowId 21
[13:13:41.26] /r giWindowGeometry 1632x1020
[13:13:41.51] /m Information: 
[13:13:41.51] /o Checking "project_d_ff/D_latch/schematic"
[13:13:41.51] /o No rule violations found in "project_d_ff/D_latch/schematic"
[13:13:41.51] /m Information: Checking process is completed: marking the design violations
[13:13:41.51] /m Information: Marking of designs is completed
[13:13:47.88] /i gi::setActiveWindow 3
[13:13:47.88] /i gi::setActiveWindow 3 -raise true
[13:13:50.51] /# gi::executeAction deSelectActive -in [gi::getWindows 3]
[13:13:50.51] /i de::deselectAll [db::getNext [de::getContexts -window 3]]
[13:13:50.51] /i de::select [de::getActiveFigure [gi::getWindows 3] -point {2.93125 3.4} -index 0 -intent none]
[13:13:50.51] /o oa:0x1ec93090
[13:13:51.40] /i gi::setItemSelection {attributes} -index {name,all} -in [gi::getAssistants dePropertyEditor -from [gi::getWindows 3]]
[13:13:51.40] /i gi::setCurrentIndex {attributes} -index {name,Value} -in [gi::getAssistants dePropertyEditor -from [gi::getWindows 3]]
[13:13:52.86] /i gi::setField {attributes} -value {n1} -index {name,Value} -in [gi::getAssistants dePropertyEditor -from [gi::getWindows 3]]
[13:13:52.86] /i gi::executeAction dePropertyEditorApplyChanges -in [gi::getAssistants dePropertyEditor -from [gi::getWindows 3]]
[13:13:53.83] /# gi::executeAction deSelectActive -in [gi::getWindows 3]
[13:13:53.83] /i de::deselectAll [db::getNext [de::getContexts -window 3]]
[13:13:53.83] /i de::deselectAllLogic -context [db::getNext [de::getContexts -window 3]]
[13:13:54.91] /i gi::setActiveWindow 13
[13:13:54.91] /i gi::setActiveWindow 13 -raise true
[13:13:55.55] /i gi::setCurrentIndex {jobMonitorTable} -index {0,0} -in [gi::getWindows 20]
[13:13:55.55] /i gi::setActiveWindow 20
[13:13:55.55] /i gi::setActiveWindow 20 -raise true
[13:13:56.18] /i gi::setActiveWindow 3
[13:13:56.18] /i gi::setActiveWindow 3 -raise true
[13:13:56.84] /i gi::setActiveWindow 21
[13:13:56.84] /i gi::setActiveWindow 21 -raise true
[13:13:58.78] /i gi::setActiveWindow 3
[13:13:58.78] /i gi::setActiveWindow 3 -raise true
[13:14:00.06] /i gi::setActiveWindow 20
[13:14:00.06] /i gi::setActiveWindow 20 -raise true
[13:14:00.46] /i gi::setActiveWindow 13
[13:14:00.46] /i gi::setActiveWindow 13 -raise true
[13:14:02.35] /i gi::setActiveWindow 3
[13:14:02.35] /i gi::setActiveWindow 3 -raise true
[13:14:04.26] /i gi::setActiveWindow 21
[13:14:04.26] /i gi::setActiveWindow 21 -raise true
[13:14:07.33] /i gi::setActiveWindow 3
[13:14:07.33] /i gi::setActiveWindow 3 -raise true
[13:14:09.54] /# gi::executeAction deCanvasZoomInAtPoint -in [gi::getWindows 3]
[13:14:09.54] /i de::zoom -window [gi::getWindows 3] -factor 2.0 -center {2.8125 1.0875}
[13:14:09.54] /o {0.38125 0.30625} {5.6375 3.2}
[13:14:10.23] /# gi::executeAction deCanvasZoomOutAtPoint -in [gi::getWindows 3]
[13:14:10.23] /i de::zoom -window [gi::getWindows 3] -factor 0.5 -center {2.83125 1.13125}
[13:14:10.23] /o {-2.075 -0.51875} {8.44375 5.26875}
[13:14:13.74] /# gi::executeAction deSelectActive -in [gi::getWindows 3]
[13:14:13.74] /i de::deselectAll [db::getNext [de::getContexts -window 3]]
[13:14:13.74] /i de::select [de::getActiveFigure [gi::getWindows 3] -point {3.00625 1.1375} -index 0 -intent none]
[13:14:13.74] /o oa:0x1ede9330
[13:14:14.62] /i gi::setItemSelection {attributes} -index {name,all} -in [gi::getAssistants dePropertyEditor -from [gi::getWindows 3]]
[13:14:14.62] /i gi::setCurrentIndex {attributes} -index {name,Value} -in [gi::getAssistants dePropertyEditor -from [gi::getWindows 3]]
[13:14:20.13] /i gi::setField {attributes} -value {input_tg_out} -index {name,Value} -in [gi::getAssistants dePropertyEditor -from [gi::getWindows 3]]
[13:14:20.13] /i gi::executeAction dePropertyEditorApplyChanges -in [gi::getAssistants dePropertyEditor -from [gi::getWindows 3]]
[13:14:23.04] /i de::undoTransaction -design [db::getAttr editDesign -of [de::getContexts -window 3]] -steps 1
[13:14:24.07] /# gi::executeAction deSelectActive -in [gi::getWindows 3]
[13:14:24.07] /i de::deselectAll [db::getNext [de::getContexts -window 3]]
[13:14:24.07] /i de::deselectAllLogic -context [db::getNext [de::getContexts -window 3]]
[13:14:24.63] /# gi::executeAction deSelectActive -in [gi::getWindows 3]
[13:14:24.63] /i de::deselectAll [db::getNext [de::getContexts -window 3]]
[13:14:24.63] /i de::select [de::getActiveFigure [gi::getWindows 3] -point {3.125 2.9875} -index 0 -intent none]
[13:14:24.63] /o oa:0x1e55bf30
[13:14:26.61] /i gi::setItemSelection {attributes} -index {color,all} -in [gi::getAssistants dePropertyEditor -from [gi::getWindows 3]]
[13:14:26.61] /i gi::setCurrentIndex {attributes} -index {color,Value} -in [gi::getAssistants dePropertyEditor -from [gi::getWindows 3]]
[13:14:28.42] /i gi::setField {attributes} -value {ICC2_color14} -index {color,Value} -in [gi::getAssistants dePropertyEditor -from [gi::getWindows 3]]
[13:14:28.84] /# gi::executeAction deSelectActive -in [gi::getWindows 3]
[13:14:28.84] /i de::deselectAll [db::getNext [de::getContexts -window 3]]
[13:14:28.88] /r giDialog gi::setActiveDialog [gi::getDialogs {dbSelectionChange} -parent [gi::getWindows 3]]
[13:14:29.18] /r giDialog db::setAttr geometry -of [gi::getDialogs {dbSelectionChange} -parent [gi::getWindows 3]] -value 432x82+744+573
[13:14:29.88] /r giDialog gi::pressButton {apply} -in [gi::getDialogs {dbSelectionChange} -parent [gi::getWindows 3]]
[13:14:29.89] /i de::deselectAllLogic -context [db::getNext [de::getContexts -window 3]]
[13:14:41.59] /i gi::setActiveWindow 20
[13:14:41.60] /i gi::setActiveWindow 20 -raise true
[13:14:42.28] /i gi::setActiveWindow 13
[13:14:42.28] /i gi::setActiveWindow 13 -raise true
[13:14:43.17] /i gi::setActiveWindow 21
[13:14:43.17] /i gi::setActiveWindow 21 -raise true
[13:14:44.94] /i gi::setActiveWindow 20
[13:14:44.94] /i gi::setActiveWindow 20 -raise true
[13:14:46.39] /i gi::executeAction giCloseWindow -in [gi::getWindows 20]
[13:14:46.40] /i gi::setActiveWindow 21
[13:14:46.40] /i gi::setActiveWindow 21 -raise true
[13:14:46.98] /i gi::setActiveWindow 3
[13:14:46.98] /i gi::setActiveWindow 3 -raise true
[13:14:48.10] /i gi::setActiveWindow 13
[13:14:48.10] /i gi::setActiveWindow 13 -raise true
[13:14:48.79] /i gi::setActiveWindow 21
[13:14:48.79] /i gi::setActiveWindow 21 -raise true
[13:14:49.73] /i gi::setActiveWindow 2
[13:14:49.74] /i gi::setActiveWindow 2 -raise true
[13:14:53.34] /i gi::executeAction dmOpen -in [gi::getWindows 2]
[13:14:53.34] /r giWindowId 22
[13:14:53.35] /r giWindowGeometry 1632x1020
[13:14:53.53] /m Information: 
[13:14:53.53] /o Checking "project_d_ff/D_latch/schematic"
[13:14:53.53] /o No rule violations found in "project_d_ff/D_latch/schematic"
[13:14:53.53] /m Information: Checking process is completed: marking the design violations
[13:14:53.53] /m Information: Marking of designs is completed
[13:14:54.56] /i gi::setActiveWindow 3
[13:14:54.56] /i gi::setActiveWindow 3 -raise true
[13:14:55.43] /i gi::setActiveWindow 21
[13:14:55.43] /i gi::setActiveWindow 21 -raise true
[13:14:56.40] /i gi::executeAction giCloseWindow -in [gi::getWindows 22]
[13:14:57.85] /i gi::setActiveWindow 3
[13:14:57.85] /i gi::setActiveWindow 3 -raise true
[13:14:59.33] /i gi::setActiveWindow 21
[13:14:59.33] /i gi::setActiveWindow 21 -raise true
[13:15:00.80] /i gi::setActiveWindow 3
[13:15:00.80] /i gi::setActiveWindow 3 -raise true
[13:15:02.83] /# gi::executeAction deSelectActive -in [gi::getWindows 3]
[13:15:02.83] /i de::deselectAll [db::getNext [de::getContexts -window 3]]
[13:15:02.83] /i de::select [de::getActiveFigure [gi::getWindows 3] -point {5.025 3.25625} -index 0 -intent none]
[13:15:02.83] /o oa:0x1ee66640
[13:15:03.65] /i gi::setItemSelection {attributes} -index {name,all} -in [gi::getAssistants dePropertyEditor -from [gi::getWindows 3]]
[13:15:03.65] /i gi::setCurrentIndex {attributes} -index {name,Value} -in [gi::getAssistants dePropertyEditor -from [gi::getWindows 3]]
[13:15:04.99] /i gi::setField {attributes} -value {n2} -index {name,Value} -in [gi::getAssistants dePropertyEditor -from [gi::getWindows 3]]
[13:15:04.99] /i gi::executeAction dePropertyEditorApplyChanges -in [gi::getAssistants dePropertyEditor -from [gi::getWindows 3]]
[13:15:06.93] /i gi::executeAction deSaveDesign -in [gi::getWindows 3]
[13:15:06.93] /m Information: Saving design 'new_dff D_latch schematic'. (DESIGN_WINDOW-004)
[13:15:08.65] /i gi::setActiveWindow 13
[13:15:08.65] /i gi::setActiveWindow 13 -raise true
[13:15:10.62] /i gi::setActiveWindow 21
[13:15:10.62] /i gi::setActiveWindow 21 -raise true
[13:15:12.25] /i gi::setActiveWindow 3
[13:15:12.25] /i gi::setActiveWindow 3 -raise true
[13:15:17.90] /i gi::setActiveWindow 13
[13:15:17.90] /i gi::setActiveWindow 13 -raise true
[13:15:19.00] /i gi::setActiveWindow 3
[13:15:19.00] /i gi::setActiveWindow 3 -raise true
[13:15:21.49] /i gi::setActiveWindow 21
[13:15:21.49] /i gi::setActiveWindow 21 -raise true
[13:15:23.19] /i gi::setActiveWindow 3
[13:15:23.19] /i gi::setActiveWindow 3 -raise true
[13:15:41.47] /# gi::executeAction deCanvasZoomInAtPoint -in [gi::getWindows 3]
[13:15:41.47] /i de::zoom -window [gi::getWindows 3] -factor 2.0 -center {2.35 0.9375}
[13:15:41.47] /o {0.1375 0.20625} {5.39375 3.10625}
[13:15:50.68] /# gi::executeAction deCanvasZoomOutAtPoint -in [gi::getWindows 3]
[13:15:50.68] /i de::zoom -window [gi::getWindows 3] -factor 0.5 -center {3.15625 1.15}
[13:15:50.68] /o {-2.88125 -0.73125} {7.6375 5.05625}
[13:15:53.35] /i gi::executeAction deSaveDesign -in [gi::getWindows 3]
[13:15:53.35] /m Information: Saving design 'new_dff D_latch schematic'. (DESIGN_WINDOW-004)
[13:15:53.88] /i gi::setActiveWindow 21
[13:15:53.89] /i gi::setActiveWindow 21 -raise true
[13:15:54.98] /i gi::setActiveWindow 13
[13:15:54.98] /i gi::setActiveWindow 13 -raise true
[13:15:56.00] /i gi::executeAction menuPreShow -in [gi::getWindows 13]
[13:15:56.00] /r giMenuAccess db::getNext [gi::getMenus saConsoleSimMenu -from [gi::getWindows 13]]
[13:15:56.47] /# gi::executeAction saNetlistAndRun -in [gi::getWindows 13]
[13:15:56.47] /i isa::netlistAndRun -testbench [sa::findActiveTestbench -window 13] -mode overwrite
[13:15:56.48] /r giWindowId 23
[13:15:56.49] /r giWindowGeometry 800x600
[13:15:56.57] /m Information: "Starting incremental netlisting for design "new_dff/d_ff/schematic"..." (NETLISTING-010)
[13:15:56.61] /m Information: 
[13:15:56.61] /o Checking "new_dff/d_ff/schematic"
[13:15:56.61] /o No rule violations found in "new_dff/d_ff/schematic"
[13:15:56.61] /o No Design Integrity rule violations found in "new_dff/d_ff/schematic"
[13:15:56.61] /m Information: 
[13:15:56.61] /o Checking "new_dff/D_latch/schematic"
[13:15:56.61] /o No rule violations found in "new_dff/D_latch/schematic"
[13:15:56.64] /m Information: "new_dff D_latch schematic" renetlisted. (NETLISTING-056)
[13:15:56.65] /m Information: "Netlisting design "new_dff/d_ff/schematic" finished successfully." (NETLISTING-012)
[13:15:56.66] /m Information: "Composing simulator input file for design "new_dff/d_ff/schematic"..."
[13:15:56.69] /m Information: "Simulator input file composed successfully for design "new_dff/d_ff/schematic""
[13:15:56.85] /m Information: "Starting HSPICE simulation for design: new_dff/d_ff/schematic"
[13:15:56.86] /# gi::collapse {jobMonitorTable} -index {0.0.0.0,0} -in [gi::getWindows 23]
[13:15:56.87] /o 1
[13:15:57.36] /m Information: "Simulation completed successfully for design: new_dff/d_ff/schematic "
[13:15:57.56] /m Information: "Evaluating and plotting outputs..."
[13:15:57.62] /j ::wf::WaveView::plotSuccess WaveView_4 {} {_67865f0_void_pp _6755f50_void_pp} 
[13:15:57.66] /j ::wf::WaveView::plotSuccess WaveView_4 {} {_67865f0_void_pp _6755c30_void_pp} 
[13:15:57.68] /j ::wf::WaveView::plotSuccess WaveView_4 {} {_67865f0_void_pp _6755cf8_void_pp} 
[13:15:57.71] /j ::wf::WaveView::plotSuccess WaveView_4 {} {_67865f0_void_pp _6755dc0_void_pp} 
[13:15:57.85] /m Information: Measurement calculations completed for testbench: HSPICE_default in 0s
[13:16:01.57] /i gi::setActiveWindow 3
[13:16:01.57] /i gi::setActiveWindow 3 -raise true
[13:16:03.96] /# gi::executeAction deUpdateCellview -in [gi::getWindows 3]
[13:16:03.96] /i db::showUpdateCellView -parent 3
[13:16:03.97] /o oa:0x1f8a6da0
[13:16:04.03] /i gi::setActiveDialog [gi::getDialogs {dbUpdateCellView} -parent [gi::getWindows 3]]
[13:16:04.31] /i db::setAttr geometry -of [gi::getDialogs {dbUpdateCellView} -parent [gi::getWindows 3]] -value 484x262+780+495
[13:16:05.08] /i gi::pressButton {/ok} -in [gi::getDialogs {dbUpdateCellView} -parent [gi::getWindows 3]]
[13:16:05.12] /r giWindowId 24
[13:16:05.13] /r giWindowGeometry 1632x1020
[13:16:07.67] /# gi::executeAction deSelectActive -in [gi::getWindows 24]
[13:16:07.67] /i de::deselectAll [db::getNext [de::getContexts -window 24]]
[13:16:07.67] /i de::select [de::getActiveFigure [gi::getWindows 24] -point {1.375 -1.94375} -index 0 -intent none]
[13:16:07.68] /o oa:0x27d36fa0
[13:16:08.42] /# gi::executeAction seDelete -in [gi::getWindows 24]
[13:16:08.42] /i ise::delete
[13:16:09.23] /# gi::executeAction deSelectActive -in [gi::getWindows 24]
[13:16:09.23] /i de::deselectAllLogic -context [db::getNext [de::getContexts -window 24]]
[13:16:09.49] /i gi::executeAction deCanvasDragCancel -in [gi::getWindows 24]
[13:16:10.41] /# gi::executeAction deSelectActive -in [gi::getWindows 24]
[13:16:10.41] /i de::deselectAll [db::getNext [de::getContexts -window 24]]
[13:16:10.41] /i de::select [de::getActiveFigure [gi::getWindows 24] -point {1.76875 -1.625} -index 0 -intent none]
[13:16:10.41] /o oa:0x285ff2c0
[13:16:10.97] /# gi::executeAction seDelete -in [gi::getWindows 24]
[13:16:10.97] /i ise::delete
[13:16:11.18] /i gi::executeAction deCanvasDragCancel -in [gi::getWindows 24]
[13:16:11.76] /# gi::executeAction deSelectActive -in [gi::getWindows 24]
[13:16:11.76] /i de::deselectAllLogic -context [db::getNext [de::getContexts -window 24]]
[13:16:12.68] /i gi::executeAction deSaveDesign -in [gi::getWindows 24]
[13:16:12.68] /m Information: Saving design 'new_dff D_latch symbol'. (DESIGN_WINDOW-004)
[13:16:13.46] /i gi::setActiveWindow 13
[13:16:13.46] /i gi::setActiveWindow 13 -raise true
[13:16:13.93] /i gi::setActiveWindow 21
[13:16:13.93] /i gi::setActiveWindow 21 -raise true
[13:16:14.74] /i gi::setActiveWindow 2
[13:16:14.74] /i gi::setActiveWindow 2 -raise true
[13:16:16.33] /i gi::setCurrentIndex {libs} -index {new_dff} -in [gi::getWindows 2]
[13:16:16.34] /i gi::setItemSelection {cells} -index {D_latch} -in [gi::getWindows 2]
[13:16:16.34] /i gi::setItemSelection {views} -index {schematic} -in [gi::getWindows 2]
[13:16:16.34] /i gi::setItemSelection {libs} -index {new_dff} -in [gi::getWindows 2]
[13:16:17.45] /i gi::setCurrentIndex {cells} -index {d_ff} -in [gi::getWindows 2]
[13:16:17.45] /i gi::setItemSelection {cells} -index {d_ff} -in [gi::getWindows 2]
[13:16:18.42] /i gi::sortItems {views} -column {Views} -order {descending} -in [gi::getWindows 2]
[13:16:18.61] /i gi::setCurrentIndex {views} -index {schematic} -in [gi::getWindows 2]
[13:16:18.61] /i gi::setItemSelection {views} -index {schematic} -in [gi::getWindows 2]
[13:16:18.76] /i gi::executeAction dmOpen -in [gi::getWindows 2]
[13:16:18.78] /r giWindowId 25
[13:16:18.79] /r giWindowGeometry 1632x1020
[13:16:18.96] /m Information: 
[13:16:18.96] /o Checking "new_dff/d_ff/schematic"
[13:16:18.96] /o No rule violations found in "new_dff/d_ff/schematic"
[13:16:18.96] /m Information: Checking process is completed: marking the design violations
[13:16:18.96] /m Information: Marking of designs is completed
[13:16:22.06] /# gi::executeAction deCanvasZoomInAtPoint -in [gi::getWindows 25]
[13:16:22.06] /i de::zoom -window [gi::getWindows 25] -factor 2.0 -center {1.625 2.2375}
[13:16:22.06] /o {-0.46875 1.0625} {3.94375 3.4875}
[13:16:22.45] /# gi::executeAction deCanvasZoomInAtPoint -in [gi::getWindows 25]
[13:16:22.45] /i de::zoom -window [gi::getWindows 25] -factor 2.0 -center {1.575 2.2375}
[13:16:22.45] /o {0.55 1.65} {2.7625 2.8625}
[13:16:23.24] /# gi::executeAction deCanvasZoomOutAtPoint -in [gi::getWindows 25]
[13:16:23.24] /i de::zoom -window [gi::getWindows 25] -factor 0.5 -center {1.575 2.2375}
[13:16:23.25] /o {-0.46875 1.0625} {3.94375 3.4875}
[13:16:23.79] /# gi::executeAction deCanvasZoomOutAtPoint -in [gi::getWindows 25]
[13:16:23.79] /i de::zoom -window [gi::getWindows 25] -factor 0.5 -center {2.8625 1.5375}
[13:16:23.79] /o {-3.8 0.58125} {5.025 5.44375}
[13:16:24.34] /# gi::executeAction deCanvasZoomOutAtPoint -in [gi::getWindows 25]
[13:16:24.34] /i de::zoom -window [gi::getWindows 25] -factor 0.5 -center {2.675 1.15625}
[13:16:24.34] /o {-10.28125 0.00625} {7.38125 9.73125}
[13:16:24.38] /# gi::executeAction deCanvasZoomOutAtPoint -in [gi::getWindows 25]
[13:16:24.38] /i de::zoom -window [gi::getWindows 25] -factor 0.5 -center {2.68125 1.15625}
[13:16:24.39] /o {-23.2375 -1.14375} {12.075 18.30625}
[13:16:24.83] /# gi::executeAction deCanvasZoomInAtPoint -in [gi::getWindows 25]
[13:16:24.83] /i de::zoom -window [gi::getWindows 25] -factor 2.0 -center {2.475 0.31875}
[13:16:24.83] /o {-10.38125 -0.4125} {7.275 9.3125}
[13:16:24.89] /# gi::executeAction deCanvasZoomInAtPoint -in [gi::getWindows 25]
[13:16:24.89] /i de::zoom -window [gi::getWindows 25] -factor 2.0 -center {2.475 0.31875}
[13:16:24.90] /o {-3.95625 -0.04375} {4.875 4.8125}
[13:16:25.98] /# gi::executeAction deSelectActive -in [gi::getWindows 25]
[13:16:25.98] /i de::deselectAll [db::getNext [de::getContexts -window 25]]
[13:16:25.98] /i de::select [de::getActiveFigure [gi::getWindows 25] -point {2.5875 0.85625} -index 0 -intent none]
[13:16:25.98] /o oa:0x291f2480
[13:16:26.63] /# gi::executeAction seDelete -in [gi::getWindows 25]
[13:16:26.63] /i ise::delete
[13:16:27.48] /i gi::executeAction deCanvasDragCancel -in [gi::getWindows 25]
[13:16:27.82] /# gi::executeAction deSelectActive -in [gi::getWindows 25]
[13:16:27.82] /i de::deselectAll [db::getNext [de::getContexts -window 25]]
[13:16:27.82] /i de::select [de::getActiveFigure [gi::getWindows 25] -point {2.4 0.16875} -index 0 -intent none]
[13:16:27.82] /o oa:0x28303530
[13:16:28.20] /# gi::executeAction seButton1DragStart -in [gi::getWindows 25]
[13:16:28.20] /i ise::stretch -point {2.375 0.1875}
[13:16:29.77] /# gi::executeAction deEndDrag -in [gi::getWindows 25]
[13:16:29.77] /i de::endDrag {0.5 0.2} -context [db::getNext [de::getContexts -window 25]]
[13:16:30.36] /# gi::executeAction deSelectActive -in [gi::getWindows 25]
[13:16:30.36] /i de::deselectAll [db::getNext [de::getContexts -window 25]]
[13:16:30.36] /i de::select [de::getActiveFigure [gi::getWindows 25] -point {2.325 0.475} -index 0 -intent none]
[13:16:30.36] /o oa:0x24e931a0
[13:16:30.84] /w Warning: Nothing is bound to the 'BackSpace' in the current active set. (WINDOW-015)
[13:16:31.17] /# gi::executeAction seDelete -in [gi::getWindows 25]
[13:16:31.17] /i ise::delete
[13:16:31.56] /i gi::executeAction deCanvasDragCancel -in [gi::getWindows 25]
[13:16:33.31] /i gi::executeAction deSaveDesign -in [gi::getWindows 25]
[13:16:33.31] /m Information: Saving design 'new_dff d_ff schematic'. (DESIGN_WINDOW-004)
[13:16:34.15] /i gi::setActiveWindow 21
[13:16:34.15] /i gi::setActiveWindow 21 -raise true
[13:16:34.46] /i gi::setActiveWindow 13
[13:16:34.47] /i gi::setActiveWindow 13 -raise true
[13:16:35.03] /i gi::executeAction menuPreShow -in [gi::getWindows 13]
[13:16:35.03] /r giMenuAccess db::getNext [gi::getMenus saConsoleSimMenu -from [gi::getWindows 13]]
[13:16:35.49] /# gi::executeAction saNetlistAndRun -in [gi::getWindows 13]
[13:16:35.49] /i isa::netlistAndRun -testbench [sa::findActiveTestbench -window 13] -mode overwrite
[13:16:35.56] /m Information: "Starting incremental netlisting for design "new_dff/d_ff/schematic"..." (NETLISTING-010)
[13:16:35.57] /m Information: 
[13:16:35.57] /o Checking "new_dff/d_ff/schematic"
[13:16:35.57] /o No rule violations found in "new_dff/d_ff/schematic"
[13:16:35.57] /o No Design Integrity rule violations found in "new_dff/d_ff/schematic"
[13:16:35.58] /m Information: 
[13:16:35.58] /o Checking "new_dff/D_latch/schematic"
[13:16:35.58] /o No rule violations found in "new_dff/D_latch/schematic"
[13:16:35.60] /m Information: "new_dff D_latch schematic" renetlisted. (NETLISTING-056)
[13:16:35.62] /m Information: "new_dff d_ff schematic" renetlisted. (NETLISTING-056)
[13:16:35.62] /m Information: "Netlisting design "new_dff/d_ff/schematic" finished successfully." (NETLISTING-012)
[13:16:35.63] /m Information: "Composing simulator input file for design "new_dff/d_ff/schematic"..."
[13:16:35.65] /m Information: "Simulator input file composed successfully for design "new_dff/d_ff/schematic""
[13:16:35.83] /m Information: "Starting HSPICE simulation for design: new_dff/d_ff/schematic"
[13:16:35.84] /# gi::collapse {jobMonitorTable} -index {0.0.0.0,0} -in [gi::getWindows 23]
[13:16:35.88] /o 1
[13:16:36.33] /m Information: "Simulation completed successfully for design: new_dff/d_ff/schematic "
[13:16:36.55] /m Information: "Evaluating and plotting outputs..."
[13:16:36.62] /j ::wf::WaveView::plotSuccess WaveView_4 {} {_677c3f0_void_pp _6755e88_void_pp} 
[13:16:36.64] /j ::wf::WaveView::plotSuccess WaveView_4 {} {_677c3f0_void_pp _6755f50_void_pp} 
[13:16:36.70] /j ::wf::WaveView::plotSuccess WaveView_4 {} {_677c3f0_void_pp _6755c30_void_pp} 
[13:16:36.74] /j ::wf::WaveView::plotSuccess WaveView_4 {} {_677c3f0_void_pp _6755cf8_void_pp} 
[13:16:36.85] /m Information: Measurement calculations completed for testbench: HSPICE_default in 0s
[13:16:46.55] /i gi::setActiveWindow 13
[13:16:46.55] /i gi::setActiveWindow 13 -raise true
[13:16:47.60] /i gi::setActiveWindow 21
[13:16:47.60] /i gi::setActiveWindow 21 -raise true
[13:16:49.19] /i gi::setActiveWindow 3
[13:16:49.19] /i gi::setActiveWindow 3 -raise true
[13:20:21.29] /# gi::executeAction deCanvasZoomInAtPoint -in [gi::getWindows 3]
[13:20:21.29] /i de::zoom -window [gi::getWindows 3] -factor 2.0 -center {2.3625 2.85625}
[13:20:21.29] /o {-0.25625 1.0625} {5.0 3.95625}
[13:20:22.30] /# gi::executeAction deCanvasZoomOutAtPoint -in [gi::getWindows 3]
[13:20:22.30] /i de::zoom -window [gi::getWindows 3] -factor 0.5 -center {1.925 2.85}
[13:20:22.30] /o {-2.44375 -0.725} {8.075 5.0625}
[13:20:27.19] /# gi::executeAction deCanvasZoomInAtPoint -in [gi::getWindows 3]
[13:20:27.19] /i de::zoom -window [gi::getWindows 3] -factor 2.0 -center {2.29375 2.4625}
[13:20:27.19] /o {-0.075 0.86875} {5.18125 3.7625}
[13:20:27.78] /# gi::executeAction deCanvasZoomOutAtPoint -in [gi::getWindows 3]
[13:20:27.78] /i de::zoom -window [gi::getWindows 3] -factor 0.5 -center {2.3375 2.225}
[13:20:27.78] /o {-2.4875 -0.4875} {8.03125 5.3}
[13:20:28.38] /# gi::executeAction deCanvasZoomInAtPoint -in [gi::getWindows 3]
[13:20:28.38] /i de::zoom -window [gi::getWindows 3] -factor 2.0 -center {2.3375 2.2125}
[13:20:28.38] /o {-0.075 0.8625} {5.18125 3.75625}
[13:20:28.75] /# gi::executeAction deCanvasZoomOutAtPoint -in [gi::getWindows 3]
[13:20:28.75] /i de::zoom -window [gi::getWindows 3] -factor 0.5 -center {2.3375 2.2125}
[13:20:28.75] /o {-2.4875 -0.4875} {8.03125 5.3}
[13:20:29.69] /# gi::executeAction deSelectActive -in [gi::getWindows 3]
[13:20:29.69] /i de::deselectAll [db::getNext [de::getContexts -window 3]]
[13:20:29.69] /i de::deselectAllLogic -context [db::getNext [de::getContexts -window 3]]
[13:20:30.17] /# gi::executeAction deSelectActive -in [gi::getWindows 3]
[13:20:30.17] /i de::deselectAll [db::getNext [de::getContexts -window 3]]
[13:20:30.17] /i de::select [de::getActiveFigure [gi::getWindows 3] -point {1.29375 2.9375} -index 0 -intent none]
[13:20:30.17] /o oa:0x24ca92c0
[13:20:33.12] /# gi::executeAction seDelete -in [gi::getWindows 3]
[13:20:33.12] /i ise::delete
[13:20:34.63] /# gi::executeAction seSchCreateWire -in [gi::getWindows 3]
[13:20:34.63] /i ise::createWire
[13:20:36.58] /# gi::executeAction deAbortCommand -in [gi::getWindows 3]
[13:20:36.58] /i de::abortCommand -context [db::getNext [de::getContexts -window 3]]
[13:20:37.01] /# gi::executeAction deSelectActive -in [gi::getWindows 3]
[13:20:37.01] /i de::deselectAll [db::getNext [de::getContexts -window 3]]
[13:20:37.01] /i de::select [de::getActiveFigure [gi::getWindows 3] -point {2.2375 1.99375} -index 0 -intent none]
[13:20:37.01] /o oa:0x1e9b4550
[13:20:37.66] /# gi::executeAction seDelete -in [gi::getWindows 3]
[13:20:37.66] /i ise::delete
[13:20:37.89] /i gi::executeAction deCanvasDragCancel -in [gi::getWindows 3]
[13:20:39.07] /# gi::executeAction seSchCreateWire -in [gi::getWindows 3]
[13:20:39.07] /i ise::createWire
[13:20:40.16] /# gi::executeAction deAddPoint -in [gi::getWindows 3]
[13:20:40.16] /i de::addPoint {1.2875 4.18125} -context [db::getNext [de::getContexts -window 3]]
[13:20:40.27] /i de::setCursor -point {1.3125 4.125 }
[13:20:41.20] /# gi::executeAction deAddPoint -in [gi::getWindows 3]
[13:20:41.20] /i de::addPoint {0.49375 1.99375} -context [db::getNext [de::getContexts -window 3]]
[13:20:45.37] /# gi::executeAction deAddPoint -in [gi::getWindows 3]
[13:20:45.37] /i de::addPoint {1.29375 1.19375} -context [db::getNext [de::getContexts -window 3]]
[13:20:47.28] /# gi::executeAction deAddPoint -in [gi::getWindows 3]
[13:20:47.28] /i de::addPoint {1.775 2.3625} -context [db::getNext [de::getContexts -window 3]]
[13:20:47.54] /i de::setCursor -point {1.8125 2.375 }
[13:20:49.34] /# gi::executeAction deAddPoint -in [gi::getWindows 3]
[13:20:49.34] /i de::addPoint {2.48125 2.35625} -context [db::getNext [de::getContexts -window 3]]
[13:20:49.56] /# gi::executeAction deAbortCommand -in [gi::getWindows 3]
[13:20:49.56] /i de::abortCommand -context [db::getNext [de::getContexts -window 3]]
[13:20:49.99] /# gi::executeAction deSelectActive -in [gi::getWindows 3]
[13:20:49.99] /i de::deselectAll [db::getNext [de::getContexts -window 3]]
[13:20:49.99] /i de::select [de::getActiveFigure [gi::getWindows 3] -point {2.49375 2.24375} -index 0 -intent none]
[13:20:49.99] /o oa:0x28555750
[13:20:51.40] /# gi::executeAction deCanvasZoomInAtPoint -in [gi::getWindows 3]
[13:20:51.40] /i de::zoom -window [gi::getWindows 3] -factor 2.0 -center {2.64375 2.05625}
[13:20:51.40] /o {0.08125 0.78125} {5.3375 3.68125}
[13:20:52.00] /# gi::executeAction deSelectActive -in [gi::getWindows 3]
[13:20:52.00] /i de::deselectAll [db::getNext [de::getContexts -window 3]]
[13:20:52.00] /i de::select [de::getActiveFigure [gi::getWindows 3] -point {2.6125 2.04375} -index 0 -intent none]
[13:20:52.00] /o oa:0x1ea0d610
[13:20:52.66] /# gi::executeAction seDelete -in [gi::getWindows 3]
[13:20:52.66] /i ise::delete
[13:20:52.95] /i gi::executeAction deCanvasDragCancel -in [gi::getWindows 3]
[13:20:53.68] /# gi::executeAction deSelectActive -in [gi::getWindows 3]
[13:20:53.68] /i de::deselectAll [db::getNext [de::getContexts -window 3]]
[13:20:53.68] /i de::select [de::getActiveFigure [gi::getWindows 3] -point {2.525 2.0375} -index 0 -intent none]
[13:20:53.68] /o oa:0x242a15c0
[13:20:55.51] /# gi::executeAction deCanvasZoomOutAtPoint -in [gi::getWindows 3]
[13:20:55.51] /i de::zoom -window [gi::getWindows 3] -factor 0.5 -center {2.66875 2.00625}
[13:20:55.51] /o {-2.5125 -0.4375} {8.00625 5.35}
[13:21:03.57] /# gi::executeAction deSelectActive -in [gi::getWindows 3]
[13:21:03.57] /i de::deselectAll [db::getNext [de::getContexts -window 3]]
[13:21:03.57] /i de::select [de::getActiveFigure [gi::getWindows 3] -point {1.7125 0.14375} -index 0 -intent none]
[13:21:03.57] /o oa:0x29248960
[13:21:04.23] /# gi::executeAction seDelete -in [gi::getWindows 3]
[13:21:04.23] /i ise::delete
[13:21:04.97] /i gi::executeAction deCanvasDragCancel -in [gi::getWindows 3]
[13:21:05.84] /# gi::executeAction seSchCreateWire -in [gi::getWindows 3]
[13:21:05.84] /i ise::createWire
[13:21:06.94] /# gi::executeAction deAddPoint -in [gi::getWindows 3]
[13:21:06.94] /i de::addPoint {1.3125 2.03125} -context [db::getNext [de::getContexts -window 3]]
[13:21:06.94] /i de::setCursor -point {1.3125 2 }
[13:21:08.04] /# gi::executeAction deAddPoint -in [gi::getWindows 3]
[13:21:08.04] /i de::addPoint {1.65 0.24375} -context [db::getNext [de::getContexts -window 3]]
[13:21:08.20] /i de::setCursor -point {1.6875 0.25 }
[13:21:09.33] /# gi::executeAction deAddPoint -in [gi::getWindows 3]
[13:21:09.33] /i de::addPoint {2.475 0.14375} -context [db::getNext [de::getContexts -window 3]]
[13:21:09.56] /# gi::executeAction deAbortCommand -in [gi::getWindows 3]
[13:21:09.56] /i de::abortCommand -context [db::getNext [de::getContexts -window 3]]
[13:21:10.27] /# gi::executeAction deSelectActive -in [gi::getWindows 3]
[13:21:10.27] /i de::deselectAll [db::getNext [de::getContexts -window 3]]
[13:21:10.27] /i de::select [de::getActiveFigure [gi::getWindows 3] -point {1.325 0.40625} -index 0 -intent none]
[13:21:10.27] /o oa:0x23cd1a30
[13:21:10.90] /# gi::executeAction seDelete -in [gi::getWindows 3]
[13:21:10.90] /i ise::delete
[13:21:11.05] /i gi::executeAction deCanvasDragCancel -in [gi::getWindows 3]
[13:21:12.63] /i gi::executeAction deSaveDesign -in [gi::getWindows 3]
[13:21:12.63] /m Information: Saving design 'new_dff D_latch schematic'. (DESIGN_WINDOW-004)
[13:21:13.74] /i gi::setActiveWindow 21
[13:21:13.74] /i gi::setActiveWindow 21 -raise true
[13:21:14.12] /i gi::setActiveWindow 13
[13:21:14.12] /i gi::setActiveWindow 13 -raise true
[13:21:14.78] /i gi::executeAction menuPreShow -in [gi::getWindows 13]
[13:21:14.78] /r giMenuAccess db::getNext [gi::getMenus saResultsMenu -from [gi::getWindows 13]]
[13:21:14.97] /i gi::executeAction menuPreShow -in [gi::getWindows 13]
[13:21:14.97] /r giMenuAccess db::getNext [gi::getMenus saConsoleSimMenu -from [gi::getWindows 13]]
[13:21:15.63] /# gi::executeAction saNetlistAndRun -in [gi::getWindows 13]
[13:21:15.63] /i isa::netlistAndRun -testbench [sa::findActiveTestbench -window 13] -mode overwrite
[13:21:15.70] /m Information: "Starting incremental netlisting for design "new_dff/d_ff/schematic"..." (NETLISTING-010)
[13:21:15.71] /m Information: 
[13:21:15.71] /o Checking "new_dff/d_ff/schematic"
[13:21:15.71] /o No rule violations found in "new_dff/d_ff/schematic"
[13:21:15.71] /o No Design Integrity rule violations found in "new_dff/d_ff/schematic"
[13:21:15.71] /m Information: 
[13:21:15.71] /o Checking "new_dff/D_latch/schematic"
[13:21:15.71] /o No rule violations found in "new_dff/D_latch/schematic"
[13:21:15.74] /m Information: "new_dff D_latch schematic" renetlisted. (NETLISTING-056)
[13:21:15.76] /m Information: "new_dff d_ff schematic" renetlisted. (NETLISTING-056)
[13:21:15.76] /m Information: "Netlisting design "new_dff/d_ff/schematic" finished successfully." (NETLISTING-012)
[13:21:15.77] /m Information: "Composing simulator input file for design "new_dff/d_ff/schematic"..."
[13:21:15.80] /m Information: "Simulator input file composed successfully for design "new_dff/d_ff/schematic""
[13:21:16.00] /m Information: "Starting HSPICE simulation for design: new_dff/d_ff/schematic"
[13:21:16.00] /# gi::collapse {jobMonitorTable} -index {0.0.0.0,0} -in [gi::getWindows 23]
[13:21:16.03] /o 1
[13:21:16.43] /m Information: "Simulation completed successfully for design: new_dff/d_ff/schematic "
[13:21:16.65] /m Information: "Evaluating and plotting outputs..."
[13:21:16.72] /j ::wf::WaveView::plotSuccess WaveView_4 {} {_676b650_void_pp _6755dc0_void_pp} 
[13:21:16.75] /j ::wf::WaveView::plotSuccess WaveView_4 {} {_676b650_void_pp _6755e88_void_pp} 
[13:21:16.80] /j ::wf::WaveView::plotSuccess WaveView_4 {} {_676b650_void_pp _6755f50_void_pp} 
[13:21:16.84] /j ::wf::WaveView::plotSuccess WaveView_4 {} {_676b650_void_pp _6755c30_void_pp} 
[13:21:17.05] /m Information: Measurement calculations completed for testbench: HSPICE_default in 0s
[13:21:37.24] /i gi::setActiveWindow 13
[13:21:37.24] /i gi::setActiveWindow 13 -raise true
[13:21:38.12] /i gi::setActiveWindow 3
[13:21:38.12] /i gi::setActiveWindow 3 -raise true
[13:22:03.10] /i de::undoTransaction -design [db::getAttr editDesign -of [de::getContexts -window 3]] -steps 1
[13:22:03.24] /i de::undoTransaction -design [db::getAttr editDesign -of [de::getContexts -window 3]] -steps 1
[13:22:03.39] /i de::undoTransaction -design [db::getAttr editDesign -of [de::getContexts -window 3]] -steps 1
[13:22:03.53] /i de::undoTransaction -design [db::getAttr editDesign -of [de::getContexts -window 3]] -steps 1
[13:22:03.94] /i de::undoTransaction -design [db::getAttr editDesign -of [de::getContexts -window 3]] -steps 1
[13:22:04.23] /i de::undoTransaction -design [db::getAttr editDesign -of [de::getContexts -window 3]] -steps 1
[13:22:04.85] /i de::undoTransaction -design [db::getAttr editDesign -of [de::getContexts -window 3]] -steps 1
[13:22:05.21] /i de::undoTransaction -design [db::getAttr editDesign -of [de::getContexts -window 3]] -steps 1
[13:22:06.57] /# gi::executeAction deSelectActive -in [gi::getWindows 3]
[13:22:06.57] /i de::deselectAll [db::getNext [de::getContexts -window 3]]
[13:22:06.57] /i de::deselectAllLogic -context [db::getNext [de::getContexts -window 3]]
[13:22:07.84] /# gi::executeAction deSelectActive -in [gi::getWindows 3]
[13:22:07.84] /i de::deselectAll [db::getNext [de::getContexts -window 3]]
[13:22:07.84] /i de::select [de::getActiveFigure [gi::getWindows 3] -point {0.30625 2.00625} -index 0 -intent none]
[13:22:07.84] /o oa:0x29382fa0
[13:22:08.72] /i gi::setItemSelection {attributes} -index {text,all} -in [gi::getAssistants dePropertyEditor -from [gi::getWindows 3]]
[13:22:08.72] /i gi::setCurrentIndex {attributes} -index {text,Value} -in [gi::getAssistants dePropertyEditor -from [gi::getWindows 3]]
[13:22:12.35] /i gi::setField {attributes} -value {CLKB} -index {text,Value} -in [gi::getAssistants dePropertyEditor -from [gi::getWindows 3]]
[13:22:12.35] /i gi::executeAction dePropertyEditorApplyChanges -in [gi::getAssistants dePropertyEditor -from [gi::getWindows 3]]
[13:22:14.11] /# gi::executeAction deSelectActive -in [gi::getWindows 3]
[13:22:14.11] /i de::deselectAll [db::getNext [de::getContexts -window 3]]
[13:22:14.11] /i de::select [de::getActiveFigure [gi::getWindows 3] -point {0.26875 1.18125} -index 0 -intent none]
[13:22:14.11] /o oa:0x1ef33db0
[13:22:14.99] /i gi::setItemSelection {attributes} -index {text,all} -in [gi::getAssistants dePropertyEditor -from [gi::getWindows 3]]
[13:22:14.99] /i gi::setCurrentIndex {attributes} -index {text,Value} -in [gi::getAssistants dePropertyEditor -from [gi::getWindows 3]]
[13:22:15.58] /i gi::setField {attributes} -value {CLK} -index {text,Value} -in [gi::getAssistants dePropertyEditor -from [gi::getWindows 3]]
[13:22:15.58] /i gi::executeAction dePropertyEditorApplyChanges -in [gi::getAssistants dePropertyEditor -from [gi::getWindows 3]]
[13:22:17.14] /i gi::executeAction deSaveDesign -in [gi::getWindows 3]
[13:22:17.14] /m Information: Saving design 'new_dff D_latch schematic'. (DESIGN_WINDOW-004)
[13:22:17.55] /i gi::executeAction deSaveDesign -in [gi::getWindows 3]
[13:22:17.55] /m Information: Saving design 'new_dff D_latch schematic'. (DESIGN_WINDOW-004)
[13:22:17.71] /i gi::executeAction deSaveDesign -in [gi::getWindows 3]
[13:22:17.71] /m Information: Saving design 'new_dff D_latch schematic'. (DESIGN_WINDOW-004)
[13:22:18.43] /i gi::setActiveWindow 13
[13:22:18.43] /i gi::setActiveWindow 13 -raise true
[13:22:22.06] /i gi::setActiveWindow 3
[13:22:22.06] /i gi::setActiveWindow 3 -raise true
[13:22:24.03] /i gi::setActiveWindow 13
[13:22:24.03] /i gi::setActiveWindow 13 -raise true
[13:22:24.62] /i gi::executeAction menuPreShow -in [gi::getWindows 13]
[13:22:24.62] /r giMenuAccess db::getNext [gi::getMenus saConsoleSimMenu -from [gi::getWindows 13]]
[13:22:25.09] /# gi::executeAction saNetlistAndRun -in [gi::getWindows 13]
[13:22:25.09] /i isa::netlistAndRun -testbench [sa::findActiveTestbench -window 13] -mode overwrite
[13:22:25.17] /m Information: "Starting incremental netlisting for design "new_dff/d_ff/schematic"..." (NETLISTING-010)
[13:22:25.19] /m Information: 
[13:22:25.19] /o Checking "new_dff/d_ff/schematic"
[13:22:25.19] /o No rule violations found in "new_dff/d_ff/schematic"
[13:22:25.19] /o No Design Integrity rule violations found in "new_dff/d_ff/schematic"
[13:22:25.19] /m Information: 
[13:22:25.19] /o Checking "new_dff/D_latch/schematic"
[13:22:25.19] /o No rule violations found in "new_dff/D_latch/schematic"
[13:22:25.22] /m Information: "new_dff D_latch schematic" renetlisted. (NETLISTING-056)
[13:22:25.23] /m Information: "new_dff d_ff schematic" renetlisted. (NETLISTING-056)
[13:22:25.24] /m Information: "Netlisting design "new_dff/d_ff/schematic" finished successfully." (NETLISTING-012)
[13:22:25.24] /m Information: "Composing simulator input file for design "new_dff/d_ff/schematic"..."
[13:22:25.27] /m Information: "Simulator input file composed successfully for design "new_dff/d_ff/schematic""
[13:22:25.43] /m Information: "Starting HSPICE simulation for design: new_dff/d_ff/schematic"
[13:22:25.44] /# gi::collapse {jobMonitorTable} -index {0.0.0.0,0} -in [gi::getWindows 23]
[13:22:25.46] /o 1
[13:22:26.01] /m Information: "Simulation completed successfully for design: new_dff/d_ff/schematic "
[13:22:26.20] /m Information: "Evaluating and plotting outputs..."
[13:22:26.25] /j ::wf::WaveView::plotSuccess WaveView_4 {} {_678e3b0_void_pp _6755cf8_void_pp} 
[13:22:26.30] /j ::wf::WaveView::plotSuccess WaveView_4 {} {_678e3b0_void_pp _6755dc0_void_pp} 
[13:22:26.34] /j ::wf::WaveView::plotSuccess WaveView_4 {} {_678e3b0_void_pp _6755e88_void_pp} 
[13:22:26.38] /j ::wf::WaveView::plotSuccess WaveView_4 {} {_678e3b0_void_pp _6755f50_void_pp} 
[13:22:26.52] /m Information: Measurement calculations completed for testbench: HSPICE_default in 0s
[13:22:39.63] /m Information: Waveform viewer exited normally.
[13:22:40.26] /i gi::setActiveWindow 3
[13:22:40.26] /i gi::setActiveWindow 3 -raise true
[13:22:42.38] /i de::undoTransaction -design [db::getAttr editDesign -of [de::getContexts -window 3]] -steps 1
[13:22:42.81] /i de::undoTransaction -design [db::getAttr editDesign -of [de::getContexts -window 3]] -steps 1
[13:22:46.25] /i gi::executeAction deSaveDesign -in [gi::getWindows 3]
[13:22:46.25] /m Information: Saving design 'new_dff D_latch schematic'. (DESIGN_WINDOW-004)
[13:22:46.80] /i gi::setActiveWindow 13
[13:22:46.80] /i gi::setActiveWindow 13 -raise true
[13:22:47.69] /i gi::executeAction menuPreShow -in [gi::getWindows 13]
[13:22:47.69] /r giMenuAccess db::getNext [gi::getMenus saConsoleSimMenu -from [gi::getWindows 13]]
[13:22:48.08] /# gi::executeAction saNetlistAndRun -in [gi::getWindows 13]
[13:22:48.08] /i isa::netlistAndRun -testbench [sa::findActiveTestbench -window 13] -mode overwrite
[13:22:48.16] /m Information: "Starting incremental netlisting for design "new_dff/d_ff/schematic"..." (NETLISTING-010)
[13:22:48.18] /m Information: 
[13:22:48.18] /o Checking "new_dff/d_ff/schematic"
[13:22:48.18] /o No rule violations found in "new_dff/d_ff/schematic"
[13:22:48.18] /o No Design Integrity rule violations found in "new_dff/d_ff/schematic"
[13:22:48.18] /m Information: 
[13:22:48.18] /o Checking "new_dff/D_latch/schematic"
[13:22:48.18] /o No rule violations found in "new_dff/D_latch/schematic"
[13:22:48.20] /m Information: "new_dff D_latch schematic" renetlisted. (NETLISTING-056)
[13:22:48.22] /m Information: "new_dff d_ff schematic" renetlisted. (NETLISTING-056)
[13:22:48.22] /m Information: "Netlisting design "new_dff/d_ff/schematic" finished successfully." (NETLISTING-012)
[13:22:48.23] /m Information: "Composing simulator input file for design "new_dff/d_ff/schematic"..."
[13:22:48.26] /m Information: "Simulator input file composed successfully for design "new_dff/d_ff/schematic""
[13:22:48.43] /m Information: "Starting HSPICE simulation for design: new_dff/d_ff/schematic"
[13:22:48.44] /# gi::collapse {jobMonitorTable} -index {0.0.0.0,0} -in [gi::getWindows 23]
[13:22:48.45] /o 1
[13:22:48.93] /m Information: "Simulation completed successfully for design: new_dff/d_ff/schematic "
[13:22:49.14] /m Information: "Evaluating and plotting outputs..."
[13:22:49.16] /m Information: Launching Waveform Viewer "cd /home/itsupport/simulation/new_dff,d_ff,schematic/history_1/simulation/HSPICE_default/HSPICE/nominal/results &&  wv -k -cdesigner -spxkey /usr/synopsys/customcompiler/N-2017.12-SP1-2/auxx/waveform/sae.spxkey -spxrc /tmp/sae_spxrc_sRPq1R -unique_string 0859c36a0176a1dd69aa7f613a217c24125e8d2b0833b894ed40d2f5efbf27a2fb0c0fc5bd6190664b237d52b644ed1b1e23af16026175d4 -lic_type 1    > /home/itsupport/simulation/new_dff,d_ff,schematic/history_1/simulation/HSPICE_default/HSPICE/nominal/results/viewer.log 2>&1"
[13:22:49.16] /i gi::collapse {jobMonitorTable} -index {0.0,0} -in [gi::getWindows 23]
[13:22:49.55] /m Information: Measurement calculations completed for testbench: HSPICE_default in 0s
[13:22:49.86] /j ::wf::WaveView::plotSuccess WaveView_5 {} {_6812720_void_pp _685a580_void_pp} 
[13:22:49.88] /j ::wf::WaveView::plotSuccess WaveView_5 {} {_6812720_void_pp _685a648_void_pp} 
[13:22:49.91] /j ::wf::WaveView::plotSuccess WaveView_5 {} {_6812720_void_pp _685a710_void_pp} 
[13:22:49.96] /j ::wf::WaveView::plotSuccess WaveView_5 {} {_6812720_void_pp _685a7d8_void_pp} 
[13:23:10.85] /i gi::setActiveWindow 3
[13:23:10.85] /i gi::setActiveWindow 3 -raise true
[13:23:11.89] /# gi::executeAction deCanvasZoomInAtPoint -in [gi::getWindows 3]
[13:23:11.89] /i de::zoom -window [gi::getWindows 3] -factor 2.0 -center {0.3375 2.35}
[13:23:11.89] /o {-1.0875 0.95625} {4.16875 3.85}
[13:23:12.38] /# gi::executeAction deCanvasZoomOutAtPoint -in [gi::getWindows 3]
[13:23:12.38] /i de::zoom -window [gi::getWindows 3] -factor 0.5 -center {0.33125 2.35}
[13:23:12.38] /o {-2.50625 -0.4375} {8.0125 5.35}
[13:23:13.73] /# gi::executeAction seButton1DragStart -in [gi::getWindows 3]
[13:23:13.73] /i ise::stretch -object [de::getActiveFigure [gi::getWindows 3] -point {0.8375 3.35} -index 0 -intent none] -point {0.8125 3.375}
[13:23:14.90] /# gi::executeAction deEndDrag -in [gi::getWindows 3]
[13:23:14.90] /i de::endDrag {1.65625 3.375} -context [db::getNext [de::getContexts -window 3]]
[13:23:15.14] /# gi::executeAction deCanvasZoomInAtPoint -in [gi::getWindows 3]
[13:23:15.14] /i de::zoom -window [gi::getWindows 3] -factor 2.0 -center {1.7 3.66875}
[13:23:15.14] /o {-0.4 1.6125} {4.85625 4.5125}
[13:23:17.58] /i gi::executeAction deSaveDesign -in [gi::getWindows 3]
[13:23:17.58] /m Information: Saving design 'new_dff D_latch schematic'. (DESIGN_WINDOW-004)
[13:23:18.50] /# gi::executeAction deCanvasZoomOutAtPoint -in [gi::getWindows 3]
[13:23:18.50] /i de::zoom -window [gi::getWindows 3] -factor 0.5 -center {2.53125 1.94375}
[13:23:18.50] /o {-3.3375 1.2875} {7.18125 7.075}
[13:23:18.88] /# gi::executeAction deCanvasZoomOutAtPoint -in [gi::getWindows 3]
[13:23:18.88] /i de::zoom -window [gi::getWindows 3] -factor 0.5 -center {2.49375 2.1625}
[13:23:18.88] /o {-9.16875 0.40625} {11.86875 11.99375}
[13:23:19.91] /# gi::executeAction deFitEdit -in [gi::getWindows 3]
[13:23:19.91] /i de::fit -window 3 -fitEdit true
[13:23:19.91] /o {-2.73125 -0.475} {7.78125 5.3125}
[13:23:26.43] /# gi::executeAction deCanvasZoomInAtPoint -in [gi::getWindows 3]
[13:23:26.43] /i de::zoom -window [gi::getWindows 3] -factor 2.0 -center {2.25 0.7625}
[13:23:26.43] /o {-0.24375 0.14375} {5.01875 3.0375}
[13:23:27.23] /# gi::executeAction deCanvasZoomInAtPoint -in [gi::getWindows 3]
[13:23:27.23] /i de::zoom -window [gi::getWindows 3] -factor 2.0 -center {2.2625 1.40625}
[13:23:27.23] /o {1.0125 0.775} {3.6375 2.225}
[13:23:28.00] /# gi::executeAction deCanvasZoomOutAtPoint -in [gi::getWindows 3]
[13:23:28.00] /i de::zoom -window [gi::getWindows 3] -factor 0.5 -center {2.275 1.4125}
[13:23:28.00] /o {-0.25625 0.1375} {5.00625 3.03125}
[13:23:28.38] /i gi::executeAction deCanvasDragCancel -in [gi::getWindows 3]
[13:23:28.72] /# gi::executeAction deSelectActive -in [gi::getWindows 3]
[13:23:28.72] /i de::deselectAll [db::getNext [de::getContexts -window 3]]
[13:23:28.73] /i de::select [de::getActiveFigure [gi::getWindows 3] -point {2.55 1.65} -index 0 -intent none]
[13:23:28.73] /o oa:0x2790f2a0
[13:23:29.10] /# gi::executeAction seButton1DragStart -in [gi::getWindows 3]
[13:23:29.10] /i ise::stretch -point {2.5625 1.6875}
[13:23:30.11] /# gi::executeAction deEndDrag -in [gi::getWindows 3]
[13:23:30.11] /i de::endDrag {2.5375 1.6625} -context [db::getNext [de::getContexts -window 3]]
[13:23:30.67] /# gi::executeAction deCanvasZoomOutAtPoint -in [gi::getWindows 3]
[13:23:30.67] /i de::zoom -window [gi::getWindows 3] -factor 0.5 -center {2.99375 0.5875}
[13:23:30.67] /o {-3.5 -0.3125} {7.0125 5.475}
[13:23:31.07] /# gi::executeAction deCanvasZoomInAtPoint -in [gi::getWindows 3]
[13:23:31.07] /i de::zoom -window [gi::getWindows 3] -factor 2.0 -center {2.94375 0.36875}
[13:23:31.07] /o {-0.28125 0.025} {4.98125 2.925}
[13:23:31.19] /# gi::executeAction deCanvasZoomInAtPoint -in [gi::getWindows 3]
[13:23:31.19] /i de::zoom -window [gi::getWindows 3] -factor 2.0 -center {2.94375 0.36875}
[13:23:31.19] /o {1.33125 0.2} {3.9625 1.64375}
[13:23:31.81] /# gi::executeAction deFitEdit -in [gi::getWindows 3]
[13:23:31.81] /i de::fit -window 3 -fitEdit true
[13:23:31.81] /o {-2.73125 -0.475} {7.78125 5.3125}
[13:23:32.87] /# gi::executeAction deSelectActive -in [gi::getWindows 3]
[13:23:32.87] /i de::deselectAll [db::getNext [de::getContexts -window 3]]
[13:23:32.87] /i de::deselectAllLogic -context [db::getNext [de::getContexts -window 3]]
[13:23:41.68] /# gi::executeAction seButton1DragStart -in [gi::getWindows 3]
[13:23:41.68] /i ise::stretch -object [de::getActiveFigure [gi::getWindows 3] -point {0.96875 2.40625} -index 0 -intent none] -point {1 2.4375}
[13:23:42.80] /# gi::executeAction deEndDrag -in [gi::getWindows 3]
[13:23:42.80] /i de::endDrag {0.8875 2.10625} -context [db::getNext [de::getContexts -window 3]]
[13:23:43.22] /# gi::executeAction deSelectActive -in [gi::getWindows 3]
[13:23:43.22] /i de::deselectAllLogic -context [db::getNext [de::getContexts -window 3]]
[13:24:01.21] /# gi::executeAction deSelectActive -in [gi::getWindows 3]
[13:24:01.21] /i de::deselectAll [db::getNext [de::getContexts -window 3]]
[13:24:01.21] /i de::select [de::getActiveFigure [gi::getWindows 3] -point {0.88125 2.15} -index 0 -intent none]
[13:24:01.21] /o oa:0x249815b0
[13:24:01.82] /# gi::executeAction seButton1DragStart -in [gi::getWindows 3]
[13:24:01.82] /i ise::stretch -point {0.875 2.125}
[13:24:04.97] /# gi::executeAction deEndDrag -in [gi::getWindows 3]
[13:24:04.97] /i de::endDrag {1.46875 2.63125} -context [db::getNext [de::getContexts -window 3]]
[13:24:05.75] /# gi::executeAction deSelectActive -in [gi::getWindows 3]
[13:24:05.76] /i de::deselectAll [db::getNext [de::getContexts -window 3]]
[13:24:05.76] /i de::select [de::getActiveFigure [gi::getWindows 3] -point {2.59375 2.075} -index 0 -intent none]
[13:24:05.76] /o oa:0x23ab2fc0
[13:24:06.14] /# gi::executeAction seButton1DragStart -in [gi::getWindows 3]
[13:24:06.14] /i ise::stretch -point {2.625 2.0625}
[13:24:06.96] /# gi::executeAction deEndDrag -in [gi::getWindows 3]
[13:24:06.96] /i de::endDrag {2.175 2.075} -context [db::getNext [de::getContexts -window 3]]
[13:24:07.99] /# gi::executeAction seButton1DragStart -in [gi::getWindows 3]
[13:24:07.99] /i ise::stretch -object [de::getActiveFigure [gi::getWindows 3] -point {1.5625 1.975} -index 0 -intent none] -point {1.5625 2}
[13:24:09.15] /# gi::executeAction deEndDrag -in [gi::getWindows 3]
[13:24:09.15] /i de::endDrag {1.55 2.125} -context [db::getNext [de::getContexts -window 3]]
[13:24:09.93] /# gi::executeAction seButton1DragStart -in [gi::getWindows 3]
[13:24:09.93] /i ise::stretch -object [de::getActiveFigure [gi::getWindows 3] -point {0.4875 2.00625} -index 0 -intent none] -point {0.5 2}
[13:24:10.48] /# gi::executeAction deEndDrag -in [gi::getWindows 3]
[13:24:10.48] /i de::endDrag {0.48125 2.13125} -context [db::getNext [de::getContexts -window 3]]
[13:24:11.47] /i gi::executeAction deSaveDesign -in [gi::getWindows 3]
[13:24:11.47] /m Information: Saving design 'new_dff D_latch schematic'. (DESIGN_WINDOW-004)
[13:24:53.97] /i gi::setActiveWindow 23
[13:24:53.98] /i gi::setActiveWindow 23 -raise true
[13:24:54.66] /i gi::setActiveWindow 13
[13:24:54.66] /i gi::setActiveWindow 13 -raise true
[13:24:55.25] /i gi::executeAction menuPreShow -in [gi::getWindows 13]
[13:24:55.25] /r giMenuAccess db::getNext [gi::getMenus saConsoleSimMenu -from [gi::getWindows 13]]
[13:24:55.67] /# gi::executeAction saNetlistAndRun -in [gi::getWindows 13]
[13:24:55.67] /i isa::netlistAndRun -testbench [sa::findActiveTestbench -window 13] -mode overwrite
[13:24:55.82] /m Information: "Starting incremental netlisting for design "new_dff/d_ff/schematic"..." (NETLISTING-010)
[13:24:55.83] /m Information: 
[13:24:55.83] /o Checking "new_dff/d_ff/schematic"
[13:24:55.83] /o No rule violations found in "new_dff/d_ff/schematic"
[13:24:55.83] /o No Design Integrity rule violations found in "new_dff/d_ff/schematic"
[13:24:55.83] /m Information: 
[13:24:55.83] /o Checking "new_dff/D_latch/schematic"
[13:24:55.83] /o No rule violations found in "new_dff/D_latch/schematic"
[13:24:55.87] /m Information: "new_dff D_latch schematic" renetlisted. (NETLISTING-056)
[13:24:55.88] /m Information: "Netlisting design "new_dff/d_ff/schematic" finished successfully." (NETLISTING-012)
[13:24:55.89] /m Information: "Composing simulator input file for design "new_dff/d_ff/schematic"..."
[13:24:55.92] /m Information: "Simulator input file composed successfully for design "new_dff/d_ff/schematic""
[13:24:56.10] /m Information: "Starting HSPICE simulation for design: new_dff/d_ff/schematic"
[13:24:56.11] /# gi::collapse {jobMonitorTable} -index {0.0.0.0,0} -in [gi::getWindows 23]
[13:24:56.13] /o 1
[13:24:56.46] /m Information: "Simulation completed successfully for design: new_dff/d_ff/schematic "
[13:24:56.67] /m Information: "Evaluating and plotting outputs..."
[13:24:56.79] /j ::wf::WaveView::plotSuccess WaveView_5 {} {_6870180_void_pp _685a8a0_void_pp} 
[13:24:56.82] /j ::wf::WaveView::plotSuccess WaveView_5 {} {_6870180_void_pp _685a580_void_pp} 
[13:24:56.86] /j ::wf::WaveView::plotSuccess WaveView_5 {} {_6870180_void_pp _685a648_void_pp} 
[13:24:56.88] /j ::wf::WaveView::plotSuccess WaveView_5 {} {_6870180_void_pp _685a710_void_pp} 
[13:24:57.00] /m Information: Measurement calculations completed for testbench: HSPICE_default in 0s
[13:25:41.33] /i gi::setActiveWindow 13
[13:25:41.33] /i gi::setActiveWindow 13 -raise true
[13:25:43.01] /i gi::executeAction giCloseWindow -in [gi::getWindows 24]
[13:25:43.47] /i gi::setActiveWindow 3
[13:25:43.47] /i gi::setActiveWindow 3 -raise true
[13:25:44.32] /i gi::executeAction deCanvasDragCancel -in [gi::getWindows 3]
[13:25:47.77] /# gi::executeAction deSelectActive -in [gi::getWindows 3]
[13:25:47.77] /i de::deselectAll [db::getNext [de::getContexts -window 3]]
[13:25:47.77] /i de::select [de::getActiveFigure [gi::getWindows 3] -point {2.5375 1.6875} -index 0 -intent none]
[13:25:47.78] /o oa:0x275f8780
[13:25:50.15] /# gi::executeAction deSelectActive -in [gi::getWindows 3]
[13:25:50.15] /i de::deselectAll [db::getNext [de::getContexts -window 3]]
[13:25:50.15] /i de::select [de::getActiveFigure [gi::getWindows 3] -point {2.49375 0.61875} -index 0 -intent none]
[13:25:50.15] /o oa:0x29205540
[13:25:50.94] /i gi::setItemSelection {parameters} -index {w,all} -in [gi::getAssistants dePropertyEditor -from [gi::getWindows 3]]
[13:25:50.94] /i gi::setCurrentIndex {parameters} -index {w,Value} -in [gi::getAssistants dePropertyEditor -from [gi::getWindows 3]]
[13:25:52.87] /i gi::setField {parameters} -value {0.12u} -index {w,Value} -in [gi::getAssistants dePropertyEditor -from [gi::getWindows 3]]
[13:25:52.87] /i gi::executeAction dePropertyEditorApplyChanges -in [gi::getAssistants dePropertyEditor -from [gi::getWindows 3]]
[13:25:57.03] /# gi::executeAction deCanvasZoomInAtPoint -in [gi::getWindows 3]
[13:25:57.03] /i de::zoom -window [gi::getWindows 3] -factor 2.0 -center {4.64375 1.44375}
[13:25:57.03] /o {0.95625 0.48125} {6.2125 3.38125}
[13:25:57.64] /# gi::executeAction deCanvasZoomOutAtPoint -in [gi::getWindows 3]
[13:25:57.64] /i de::zoom -window [gi::getWindows 3] -factor 0.5 -center {4.575 1.075}
[13:25:57.64] /o {-2.6625 -0.10625} {7.85 5.68125}
[13:26:06.74] /# gi::executeAction deSelectActive -in [gi::getWindows 3]
[13:26:06.74] /i de::deselectAll [db::getNext [de::getContexts -window 3]]
[13:26:06.75] /i de::select [de::getActiveFigure [gi::getWindows 3] -point {4.325 4.04375} -index 0 -intent none]
[13:26:06.75] /o oa:0x292311f0
[13:26:07.89] /i gi::setItemSelection {parameters} -index {w,all} -in [gi::getAssistants dePropertyEditor -from [gi::getWindows 3]]
[13:26:07.89] /i gi::setCurrentIndex {parameters} -index {w,Value} -in [gi::getAssistants dePropertyEditor -from [gi::getWindows 3]]
[13:26:09.13] /i gi::setField {parameters} -value {0.12u} -index {w,Value} -in [gi::getAssistants dePropertyEditor -from [gi::getWindows 3]]
[13:26:09.13] /i gi::executeAction dePropertyEditorApplyChanges -in [gi::getAssistants dePropertyEditor -from [gi::getWindows 3]]
[13:26:10.50] /i gi::executeAction deSaveDesign -in [gi::getWindows 3]
[13:26:10.50] /m Information: Saving design 'new_dff D_latch schematic'. (DESIGN_WINDOW-004)
[13:26:11.74] /i gi::setActiveWindow 13
[13:26:11.74] /i gi::setActiveWindow 13 -raise true
[13:26:12.55] /i gi::executeAction menuPreShow -in [gi::getWindows 13]
[13:26:12.55] /r giMenuAccess db::getNext [gi::getMenus saConsoleSimMenu -from [gi::getWindows 13]]
[13:26:13.07] /# gi::executeAction saNetlistAndRun -in [gi::getWindows 13]
[13:26:13.07] /i isa::netlistAndRun -testbench [sa::findActiveTestbench -window 13] -mode overwrite
[13:26:13.12] /m Information: "Starting incremental netlisting for design "new_dff/d_ff/schematic"..." (NETLISTING-010)
[13:26:13.13] /m Information: 
[13:26:13.13] /o Checking "new_dff/d_ff/schematic"
[13:26:13.13] /o No rule violations found in "new_dff/d_ff/schematic"
[13:26:13.13] /o No Design Integrity rule violations found in "new_dff/d_ff/schematic"
[13:26:13.13] /m Information: 
[13:26:13.13] /o Checking "new_dff/D_latch/schematic"
[13:26:13.13] /o No rule violations found in "new_dff/D_latch/schematic"
[13:26:13.17] /m Information: "new_dff D_latch schematic" renetlisted. (NETLISTING-056)
[13:26:13.18] /m Information: "Netlisting design "new_dff/d_ff/schematic" finished successfully." (NETLISTING-012)
[13:26:13.19] /m Information: "Composing simulator input file for design "new_dff/d_ff/schematic"..."
[13:26:13.22] /m Information: "Simulator input file composed successfully for design "new_dff/d_ff/schematic""
[13:26:13.45] /m Information: "Starting HSPICE simulation for design: new_dff/d_ff/schematic"
[13:26:13.45] /# gi::collapse {jobMonitorTable} -index {0.0.0.0,0} -in [gi::getWindows 23]
[13:26:13.48] /o 1
[13:26:13.91] /m Information: "Simulation completed successfully for design: new_dff/d_ff/schematic "
[13:26:14.11] /m Information: "Evaluating and plotting outputs..."
[13:26:14.19] /j ::wf::WaveView::plotSuccess WaveView_5 {} {_68170a0_void_pp _685a7d8_void_pp} 
[13:26:14.23] /j ::wf::WaveView::plotSuccess WaveView_5 {} {_68170a0_void_pp _685a8a0_void_pp} 
[13:26:14.27] /j ::wf::WaveView::plotSuccess WaveView_5 {} {_68170a0_void_pp _685a580_void_pp} 
[13:26:14.32] /j ::wf::WaveView::plotSuccess WaveView_5 {} {_68170a0_void_pp _685a648_void_pp} 
[13:26:14.42] /m Information: Measurement calculations completed for testbench: HSPICE_default in 0s
[13:26:25.77] /i gi::setActiveWindow 13
[13:26:25.77] /i gi::setActiveWindow 13 -raise true
[13:26:26.65] /i gi::setCurrentIndex {variablesTable} -index {2,1} -in [gi::getWindows 13]
[13:26:26.65] /i gi::setItemSelection {variablesTable} -index {2,1} -in [gi::getWindows 13]
[13:26:30.41] /i gi::setField {variablesTable} -index {2,1} -value {300p} -in [gi::getWindows 13]
[13:26:30.41] /i gi::setField {variablesTable} -index {2,1} -value {300p} -in [gi::getWindows 13]
[13:26:31.52] /i gi::executeAction menuPreShow -in [gi::getWindows 13]
[13:26:31.52] /r giMenuAccess db::getNext [gi::getMenus saConsoleSimMenu -from [gi::getWindows 13]]
[13:26:31.95] /# gi::executeAction saNetlistAndRun -in [gi::getWindows 13]
[13:26:31.95] /i isa::netlistAndRun -testbench [sa::findActiveTestbench -window 13] -mode overwrite
[13:26:32.02] /m Information: "Starting incremental netlisting for design "new_dff/d_ff/schematic"..." (NETLISTING-010)
[13:26:32.03] /m Information: 
[13:26:32.03] /o Checking "new_dff/d_ff/schematic"
[13:26:32.03] /o No rule violations found in "new_dff/d_ff/schematic"
[13:26:32.03] /o No Design Integrity rule violations found in "new_dff/d_ff/schematic"
[13:26:32.04] /m Information: 
[13:26:32.04] /o Checking "new_dff/D_latch/schematic"
[13:26:32.04] /o No rule violations found in "new_dff/D_latch/schematic"
[13:26:32.05] /m Information: "Netlisting design "new_dff/d_ff/schematic" finished successfully." (NETLISTING-012)
[13:26:32.06] /m Information: "Composing simulator input file for design "new_dff/d_ff/schematic"..."
[13:26:32.09] /m Information: "Simulator input file composed successfully for design "new_dff/d_ff/schematic""
[13:26:32.30] /m Information: "Starting HSPICE simulation for design: new_dff/d_ff/schematic"
[13:26:32.30] /# gi::collapse {jobMonitorTable} -index {0.0.0.0,0} -in [gi::getWindows 23]
[13:26:32.32] /o 1
[13:26:32.73] /m Information: "Simulation completed successfully for design: new_dff/d_ff/schematic "
[13:26:32.93] /m Information: "Evaluating and plotting outputs..."
[13:26:33.01] /j ::wf::WaveView::plotSuccess WaveView_5 {} {_686d030_void_pp _685a710_void_pp} 
[13:26:33.05] /j ::wf::WaveView::plotSuccess WaveView_5 {} {_686d030_void_pp _685a7d8_void_pp} 
[13:26:33.10] /j ::wf::WaveView::plotSuccess WaveView_5 {} {_686d030_void_pp _685a8a0_void_pp} 
[13:26:33.16] /j ::wf::WaveView::plotSuccess WaveView_5 {} {_686d030_void_pp _685a580_void_pp} 
[13:26:33.23] /m Information: Measurement calculations completed for testbench: HSPICE_default in 0s
[13:26:43.03] /m Information: Waveform viewer exited normally.
[13:26:43.78] /i gi::setActiveWindow 21
[13:26:43.78] /i gi::setActiveWindow 21 -raise true
[13:26:44.31] /i gi::setActiveWindow 13
[13:26:44.31] /i gi::setActiveWindow 13 -raise true
[13:26:45.32] /i gi::setActiveWindow 21
[13:26:45.32] /i gi::setActiveWindow 21 -raise true
[13:26:45.43] /i gi::setActiveWindow 13
[13:26:45.43] /i gi::setActiveWindow 13 -raise true
[13:26:45.46] /r giWindowId 26
[13:26:45.48] /r giWindowGeometry 1040x800
[13:26:45.54] /i gi::createFrame -window 21
[13:26:45.55] /i gi::setActiveWindow 26
[13:26:45.55] /i gi::setActiveWindow 26 -raise true
[13:26:45.90] /i db::setAttr geometry -of [gi::getFrames 3] -value 1910x1101+5+56
[13:26:47.49] /i gi::executeAction giCloseWindow -in [gi::getWindows 21]
[13:26:47.50] /i gi::setActiveWindow 26
[13:26:47.50] /i gi::setActiveWindow 26 -raise true
[13:26:47.56] /i gi::executeAction giCloseWindow -in [gi::getWindows 26]
[13:26:47.62] /i gi::setActiveWindow 13
[13:26:47.62] /i gi::setActiveWindow 13 -raise true
[13:26:49.07] /i gi::executeAction giCloseWindow -in [gi::getWindows 13]
[13:26:49.15] /r giDialog gi::setActiveDialog [gi::getDialogs {giPrompt} -parent [gi::getWindows 13]]
[13:26:49.42] /r giDialog db::setAttr geometry -of [gi::getDialogs {giPrompt} -parent [gi::getWindows 13]] -value 292x82+814+573
[13:26:51.46] /r giDialog gi::closeWindows [gi::getDialogs {giPrompt} -parent [gi::getWindows 13]]
[13:26:52.09] /i gi::setActiveWindow 23
[13:26:52.09] /i gi::setActiveWindow 23 -raise true
[13:26:52.93] /i gi::executeAction giCloseWindow -in [gi::getWindows 23]
[13:26:52.95] /i gi::setActiveWindow 13
[13:26:52.95] /i gi::setActiveWindow 13 -raise true
[13:26:53.47] /i gi::setActiveWindow 25
[13:26:53.47] /i gi::setActiveWindow 25 -raise true
[13:26:54.72] /# gi::executeAction deSelectActive -in [gi::getWindows 25]
[13:26:54.72] /i de::deselectAll [db::getNext [de::getContexts -window 25]]
[13:26:54.72] /i de::select [de::getActiveFigure [gi::getWindows 25] -point {2.59375 2.525} -index 0 -intent none]
[13:26:54.72] /o oa:0x1e99d170
[13:26:55.39] /# gi::executeAction seDelete -in [gi::getWindows 25]
[13:26:55.39] /i ise::delete
[13:26:56.24] /i gi::executeAction deCanvasDragCancel -in [gi::getWindows 25]
[13:26:56.98] /i gi::setActiveWindow 13
[13:26:56.98] /i gi::setActiveWindow 13 -raise true
[13:26:58.56] /i gi::setActiveWindow 3
[13:26:58.56] /i gi::setActiveWindow 3 -raise true
[13:26:59.89] /i gi::executeAction deSaveDesign -in [gi::getWindows 3]
[13:26:59.89] /m Information: Saving design 'new_dff D_latch schematic'. (DESIGN_WINDOW-004)
[13:27:03.68] /# gi::executeAction deUpdateCellview -in [gi::getWindows 3]
[13:27:03.68] /i db::showUpdateCellView -parent 3
[13:27:03.69] /o oa:0x26863750
[13:27:03.78] /i gi::setActiveDialog [gi::getDialogs {dbUpdateCellView} -parent [gi::getWindows 3]]
[13:27:04.03] /i db::setAttr geometry -of [gi::getDialogs {dbUpdateCellView} -parent [gi::getWindows 3]] -value 484x262+780+458
[13:27:05.20] /i gi::pressButton {/ok} -in [gi::getDialogs {dbUpdateCellView} -parent [gi::getWindows 3]]
[13:27:05.23] /r giWindowId 27
[13:27:05.24] /r giWindowGeometry 1632x1020
[13:27:06.37] /# gi::executeAction deSelectActive -in [gi::getWindows 27]
[13:27:06.37] /i de::deselectAllLogic -context [db::getNext [de::getContexts -window 27]]
[13:27:06.92] /# gi::executeAction deSelectActive -in [gi::getWindows 27]
[13:27:06.92] /i de::deselectAll [db::getNext [de::getContexts -window 27]]
[13:27:06.92] /i de::select [de::getActiveFigure [gi::getWindows 27] -point {1.6375 -1.50625} -index 0 -intent none]
[13:27:06.92] /o oa:0x24d446d0
[13:27:07.49] /# gi::executeAction deSelectActive -in [gi::getWindows 27]
[13:27:07.49] /i de::deselectAll [db::getNext [de::getContexts -window 27]]
[13:27:07.49] /i de::deselectAllLogic -context [db::getNext [de::getContexts -window 27]]
[13:27:08.24] /# gi::executeAction deSelectActive -in [gi::getWindows 27]
[13:27:08.24] /i de::deselectAll [db::getNext [de::getContexts -window 27]]
[13:27:08.24] /i de::select [de::getActiveFigure [gi::getWindows 27] -point {0.675 -1.53125} -index 0 -intent none]
[13:27:08.24] /o oa:0x16f71c10
[13:27:08.65] /# gi::executeAction seButton1DragStart -in [gi::getWindows 27]
[13:27:08.65] /i ise::stretch -point {0.6875 -1.5625}
[13:27:08.94] /# gi::executeAction deEndDrag -in [gi::getWindows 27]
[13:27:08.94] /i de::endDrag {0.56875 -1.53125} -context [db::getNext [de::getContexts -window 27]]
[13:27:09.56] /# gi::executeAction deSelectActive -in [gi::getWindows 27]
[13:27:09.56] /i de::deselectAll [db::getNext [de::getContexts -window 27]]
[13:27:09.56] /i de::select [de::getActiveFigure [gi::getWindows 27] -point {1.1375 -1.1125} -index 0 -intent none]
[13:27:09.56] /o oa:0x1ea981b0
[13:27:09.88] /# gi::executeAction seButton1DragStart -in [gi::getWindows 27]
[13:27:09.88] /i ise::stretch -point {1.125 -1.125}
[13:27:10.15] /# gi::executeAction deEndDrag -in [gi::getWindows 27]
[13:27:10.15] /i de::endDrag {1.1625 -1.1125} -context [db::getNext [de::getContexts -window 27]]
[13:27:11.32] /# gi::executeAction deSelectActive -in [gi::getWindows 27]
[13:27:11.32] /i de::deselectAll [db::getNext [de::getContexts -window 27]]
[13:27:11.32] /i de::select [de::getActiveFigure [gi::getWindows 27] -point {1.0875 -0.94375} -index 0 -intent none]
[13:27:11.32] /o oa:0x23403410
[13:27:11.68] /# gi::executeAction seButton1DragStart -in [gi::getWindows 27]
[13:27:11.68] /i ise::stretch -point {1.0625 -0.9375}
[13:27:11.94] /# gi::executeAction deEndDrag -in [gi::getWindows 27]
[13:27:11.94] /i de::endDrag {1.10625 -0.94375} -context [db::getNext [de::getContexts -window 27]]
[13:27:12.83] /i gi::executeAction deSaveDesign -in [gi::getWindows 27]
[13:27:12.83] /m Information: Saving design 'new_dff D_latch symbol'. (DESIGN_WINDOW-004)
[13:27:15.66] /i gi::executeAction giCloseWindow -in [gi::getWindows 27]
[13:27:15.68] /i gi::setActiveWindow 3
[13:27:15.68] /i gi::setActiveWindow 3 -raise true
[13:27:16.95] /i gi::setActiveWindow 13
[13:27:16.95] /i gi::setActiveWindow 13 -raise true
[13:27:17.51] /i gi::setActiveWindow 25
[13:27:17.51] /i gi::setActiveWindow 25 -raise true
[13:27:18.42] /i gi::executeAction deCanvasDragCancel -in [gi::getWindows 25]
[13:27:18.62] /i gi::executeAction deCanvasDragCancel -in [gi::getWindows 25]
[13:27:19.45] /# gi::executeAction seCreateInst -in [gi::getWindows 25]
[13:27:19.45] /i ise::createInst
[13:27:19.50] /i gi::setActiveDialog [gi::getDialogs {seCreateInst} -parent [gi::getWindows 25]]
[13:27:19.80] /i db::setAttr geometry -of [gi::getDialogs {seCreateInst}] -value 359x337+0+65
[13:27:21.49] /i gi::setField {instMasterLib} -value {new_dff} -in [gi::getDialogs {seCreateInst} -parent [gi::getWindows 25]]
[13:27:21.81] /i db::setAttr geometry -of [gi::getDialogs {seCreateInst}] -value 359x337+0+65
[13:27:23.23] /i gi::setField {instMasterCell} -value {D_latch} -in [gi::getDialogs {seCreateInst} -parent [gi::getWindows 25]]
[13:27:23.53] /i db::setAttr geometry -of [gi::getDialogs {seCreateInst}] -value 359x337+0+65
[13:27:24.20] /# gi::executeAction deCanvasZoomInAtPoint -in [gi::getWindows 25]
[13:27:24.20] /i de::zoom -window [gi::getWindows 25] -factor 2.0 -center {1.45625 3.45625}
[13:27:24.20] /o {-1.25 1.70625} {3.16875 4.1375}
[13:27:24.76] /# gi::executeAction deCanvasZoomOutAtPoint -in [gi::getWindows 25]
[13:27:24.76] /i de::zoom -window [gi::getWindows 25] -factor 0.5 -center {1.41875 3.5125}
[13:27:24.76] /o {-3.91875 -0.1} {4.9125 4.75625}
[13:27:27.40] /# gi::executeAction deAddPoint -in [gi::getWindows 25]
[13:27:27.40] /i de::addPoint {1.15 3.7} -context [db::getNext [de::getContexts -window 25]]
[13:27:28.03] /# gi::executeAction deAbortCommand -in [gi::getWindows 25]
[13:27:28.03] /i de::abortCommand -context [db::getNext [de::getContexts -window 25]]
[13:27:28.61] /# gi::executeAction deCanvasZoomInAtPoint -in [gi::getWindows 25]
[13:27:28.61] /i de::zoom -window [gi::getWindows 25] -factor 2.0 -center {3.4875 2.6875}
[13:27:28.61] /o {-0.2125 1.29375} {4.2 3.725}
[13:27:29.78] /# gi::executeAction seButton1DragStart -in [gi::getWindows 25]
[13:27:29.78] /i ise::stretch -object [de::getActiveFigure [gi::getWindows 25] -point {3.425 2.69375} -index 0 -intent none] -point {3.4375 2.6875}
[13:27:30.19] /# gi::executeAction deEndDrag -in [gi::getWindows 25]
[13:27:30.19] /i de::endDrag {3.38125 2.6875} -context [db::getNext [de::getContexts -window 25]]
[13:27:30.51] /# gi::executeAction deSelectActive -in [gi::getWindows 25]
[13:27:30.51] /i de::deselectAllLogic -context [db::getNext [de::getContexts -window 25]]
[13:27:31.46] /# gi::executeAction deSelectActive -in [gi::getWindows 25]
[13:27:31.46] /i de::deselectAll [db::getNext [de::getContexts -window 25]]
[13:27:31.46] /i de::select [de::getActiveFigure [gi::getWindows 25] -point {2.15625 2.11875} -index 0 -intent none]
[13:27:31.46] /o oa:0x1e6cd1c0
[13:27:32.09] /# gi::executeAction deSelectActive -in [gi::getWindows 25]
[13:27:32.09] /i de::deselectAll [db::getNext [de::getContexts -window 25]]
[13:27:32.09] /i de::select [de::getActiveFigure [gi::getWindows 25] -point {2.14375 2.11875} -index 0 -intent none]
[13:27:32.09] /o oa:0x1f5abe10
[13:27:32.99] /# gi::executeAction seDelete -in [gi::getWindows 25]
[13:27:32.99] /i ise::delete
[13:27:33.38] /# gi::executeAction deAbortCommand -in [gi::getWindows 25]
[13:27:33.38] /i de::abortCommand -context [db::getNext [de::getContexts -window 25]]
[13:27:33.97] /# gi::executeAction seButton1DragStart -in [gi::getWindows 25]
[13:27:33.97] /i ise::stretch -object [de::getActiveFigure [gi::getWindows 25] -point {2.4875 2.15625} -index 0 -intent none] -point {2.5 2.1875}
[13:27:34.82] /# gi::executeAction deEndDrag -in [gi::getWindows 25]
[13:27:34.82] /i de::endDrag {2.5875 2.175} -context [db::getNext [de::getContexts -window 25]]
[13:27:35.43] /# gi::executeAction deSelectActive -in [gi::getWindows 25]
[13:27:35.43] /i de::deselectAllLogic -context [db::getNext [de::getContexts -window 25]]
[13:27:36.80] /# gi::executeAction seSchCheckAndSave -in [gi::getWindows 25]
[13:27:36.80] /i ise::check
[13:27:36.81] /m Information: 
[13:27:36.81] /o Checking "new_dff/d_ff/schematic"
[13:27:36.81] /o No rule violations found in "new_dff/d_ff/schematic"
[13:27:36.81] /m Information: Checking process is completed: marking the design violations
[13:27:36.83] /m Information: Marking of designs is completed
[13:27:36.83] /o true
[13:27:37.40] /i gi::executeAction deSaveDesign -in [gi::getWindows 25]
[13:27:37.40] /m Information: Saving design 'new_dff d_ff schematic'. (DESIGN_WINDOW-004)
[13:27:37.97] /# gi::executeAction deCanvasZoomOutAtPoint -in [gi::getWindows 25]
[13:27:37.97] /i de::zoom -window [gi::getWindows 25] -factor 0.5 -center {2.0375 1.75}
[13:27:37.97] /o {-2.46875 0.8375} {6.3625 5.69375}
[13:27:38.61] /# gi::executeAction deFitEdit -in [gi::getWindows 25]
[13:27:38.61] /i de::fit -window 25 -fitEdit true
[13:27:38.61] /o {-2.5625 -0.11875} {6.2625 4.74375}
[13:27:39.60] /i gi::setActiveWindow 13
[13:27:39.60] /i gi::setActiveWindow 13 -raise true
[13:27:40.19] /i gi::executeAction menuPreShow -in [gi::getWindows 13]
[13:27:40.19] /r giMenuAccess db::getNext [gi::getMenus saConsoleSimMenu -from [gi::getWindows 13]]
[13:27:40.61] /# gi::executeAction saNetlistAndRun -in [gi::getWindows 13]
[13:27:40.61] /i isa::netlistAndRun -testbench [sa::findActiveTestbench -window 13] -mode overwrite
[13:27:40.62] /r giWindowId 28
[13:27:40.63] /r giWindowGeometry 800x600
[13:27:40.70] /m Information: "Starting incremental netlisting for design "new_dff/d_ff/schematic"..." (NETLISTING-010)
[13:27:40.71] /o No Design Integrity rule violations found in "new_dff/d_ff/schematic"
[13:27:40.71] /m Information: 
[13:27:40.71] /o Checking "new_dff/D_latch/schematic"
[13:27:40.72] /o No rule violations found in "new_dff/D_latch/schematic"
[13:27:40.74] /m Information: "new_dff D_latch schematic" renetlisted. (NETLISTING-056)
[13:27:40.75] /m Information: "new_dff d_ff schematic" renetlisted. (NETLISTING-056)
[13:27:40.76] /m Information: "Netlisting design "new_dff/d_ff/schematic" finished successfully." (NETLISTING-012)
[13:27:40.77] /m Information: "Composing simulator input file for design "new_dff/d_ff/schematic"..."
[13:27:40.79] /m Information: "Simulator input file composed successfully for design "new_dff/d_ff/schematic""
[13:27:41.00] /m Information: "Starting HSPICE simulation for design: new_dff/d_ff/schematic"
[13:27:41.00] /# gi::collapse {jobMonitorTable} -index {0.0.0.0,0} -in [gi::getWindows 28]
[13:27:41.02] /o 1
[13:27:41.43] /m Information: "Simulation completed successfully for design: new_dff/d_ff/schematic "
[13:27:41.66] /m Information: "Evaluating and plotting outputs..."
[13:27:41.68] /m Information: Launching Waveform Viewer "cd /home/itsupport/simulation/new_dff,d_ff,schematic/history_1/simulation/HSPICE_default/HSPICE/nominal/results &&  wv -k -cdesigner -spxkey /usr/synopsys/customcompiler/N-2017.12-SP1-2/auxx/waveform/sae.spxkey -spxrc /tmp/sae_spxrc_pJzs2C -unique_string 0859c36a0176a1dd69aa7f613a217c24125e8d2b0833b894ed40d2f5efbf27a2fb0c0fc5bd619066db598c224ef32874c0ec6d94df3f6df4 -lic_type 1    > /home/itsupport/simulation/new_dff,d_ff,schematic/history_1/simulation/HSPICE_default/HSPICE/nominal/results/viewer.log 2>&1"
[13:27:41.68] /i gi::collapse {jobMonitorTable} -index {0.0,0} -in [gi::getWindows 28]
[13:27:42.05] /m Information: Measurement calculations completed for testbench: HSPICE_default in 1s
[13:27:42.46] /j ::wf::WaveView::plotSuccess WaveView_6 {} {_74b9580_void_pp _7507aa0_void_pp} 
[13:27:42.48] /j ::wf::WaveView::plotSuccess WaveView_6 {} {_74b9580_void_pp _7507b68_void_pp} 
[13:27:42.52] /j ::wf::WaveView::plotSuccess WaveView_6 {} {_74b9580_void_pp _7507c30_void_pp} 
[13:27:42.56] /j ::wf::WaveView::plotSuccess WaveView_6 {} {_74b9580_void_pp _7507cf8_void_pp} 
[13:27:54.32] /m Information: Waveform viewer exited normally.
[13:27:55.59] /i gi::executeAction giCloseWindow -in [gi::getWindows 28]
[13:27:55.61] /i gi::setActiveWindow 13
[13:27:55.61] /i gi::setActiveWindow 13 -raise true
[13:28:03.41] /i gi::setActiveWindow 25
[13:28:03.41] /i gi::setActiveWindow 25 -raise true
[13:28:04.78] /# gi::executeAction deSelectActive -in [gi::getWindows 25]
[13:28:04.78] /i de::deselectAll [db::getNext [de::getContexts -window 25]]
[13:28:04.78] /i de::select [de::getActiveFigure [gi::getWindows 25] -point {1.41875 1.425} -index 0 -intent none]
[13:28:04.78] /o oa:0x239f6da0
[13:28:05.19] /# gi::executeAction deSelectActive -in [gi::getWindows 25]
[13:28:05.19] /i de::deselectAll [db::getNext [de::getContexts -window 25]]
[13:28:05.19] /i de::select [de::getActiveFigure [gi::getWindows 25] -point {1.4875 1.38125} -index 0 -intent none]
[13:28:05.19] /o oa:0x29299ae0
[13:28:06.60] /# gi::executeAction deCanvasZoomInAtPoint -in [gi::getWindows 25]
[13:28:06.60] /i de::zoom -window [gi::getWindows 25] -factor 2.0 -center {1.4875 1.45}
[13:28:06.60] /o {-0.5375 0.66875} {3.875 3.09375}
[13:28:07.15] /# gi::executeAction deSelectActive -in [gi::getWindows 25]
[13:28:07.15] /i de::deselectAll [db::getNext [de::getContexts -window 25]]
[13:28:07.16] /i de::select [de::getActiveFigure [gi::getWindows 25] -point {1.51875 1.70625} -index 0 -intent none]
[13:28:07.16] /o oa:0x292ae5b0
[13:28:07.87] /# gi::executeAction seDelete -in [gi::getWindows 25]
[13:28:07.87] /i ise::delete
[13:28:08.16] /i gi::executeAction deCanvasDragCancel -in [gi::getWindows 25]
[13:28:08.98] /# gi::executeAction deCanvasZoomOutAtPoint -in [gi::getWindows 25]
[13:28:08.98] /i de::zoom -window [gi::getWindows 25] -factor 0.5 -center {1.06875 1.1625}
[13:28:08.98] /o {-2.14375 0.16875} {6.68125 5.03125}
[13:28:10.67] /# gi::executeAction seSchCreateWire -in [gi::getWindows 25]
[13:28:10.67] /i ise::createWire
[13:28:12.00] /# gi::executeAction deAddPoint -in [gi::getWindows 25]
[13:28:12.00] /i de::addPoint {1.49375 0.51875} -context [db::getNext [de::getContexts -window 25]]
[13:28:12.05] /i de::setCursor -point {1.5625 0.5 }
[13:28:13.44] /# gi::executeAction deAddPoint -in [gi::getWindows 25]
[13:28:13.44] /i de::addPoint {2.05625 1.81875} -context [db::getNext [de::getContexts -window 25]]
[13:28:14.36] /i gi::setActiveWindow 13
[13:28:14.36] /i gi::setActiveWindow 13 -raise true
[13:28:16.03] /i gi::setActiveWindow 25
[13:28:16.03] /i gi::setActiveWindow 25 -raise true
[13:28:17.23] /i gi::executeAction deSaveDesign -in [gi::getWindows 25]
[13:28:17.23] /m Information: Saving design 'new_dff d_ff schematic'. (DESIGN_WINDOW-004)
[13:28:18.07] /i gi::setActiveWindow 13
[13:28:18.07] /i gi::setActiveWindow 13 -raise true
[13:28:18.70] /i gi::executeAction menuPreShow -in [gi::getWindows 13]
[13:28:18.70] /r giMenuAccess db::getNext [gi::getMenus saConsoleSimMenu -from [gi::getWindows 13]]
[13:28:19.13] /# gi::executeAction saNetlistAndRun -in [gi::getWindows 13]
[13:28:19.13] /i isa::netlistAndRun -testbench [sa::findActiveTestbench -window 13] -mode overwrite
[13:28:19.14] /r giWindowId 29
[13:28:19.15] /r giWindowGeometry 800x600
[13:28:19.23] /m Information: "Starting incremental netlisting for design "new_dff/d_ff/schematic"..." (NETLISTING-010)
[13:28:19.24] /m Information: 
[13:28:19.24] /o Checking "new_dff/d_ff/schematic"
[13:28:19.24] /o No rule violations found in "new_dff/d_ff/schematic"
[13:28:19.24] /o No Design Integrity rule violations found in "new_dff/d_ff/schematic"
[13:28:19.24] /m Information: 
[13:28:19.24] /o Checking "new_dff/D_latch/schematic"
[13:28:19.24] /o No rule violations found in "new_dff/D_latch/schematic"
[13:28:19.27] /m Information: "new_dff d_ff schematic" renetlisted. (NETLISTING-056)
[13:28:19.27] /m Information: "Netlisting design "new_dff/d_ff/schematic" finished successfully." (NETLISTING-012)
[13:28:19.28] /m Information: "Composing simulator input file for design "new_dff/d_ff/schematic"..."
[13:28:19.31] /m Information: "Simulator input file composed successfully for design "new_dff/d_ff/schematic""
[13:28:19.49] /m Information: "Starting HSPICE simulation for design: new_dff/d_ff/schematic"
[13:28:19.50] /# gi::collapse {jobMonitorTable} -index {0.0.0.0,0} -in [gi::getWindows 29]
[13:28:19.52] /o 1
[13:28:20.07] /m Information: "Simulation completed successfully for design: new_dff/d_ff/schematic "
[13:28:20.31] /m Information: "Evaluating and plotting outputs..."
[13:28:20.32] /e Error: Evaluating 'v(/net15)': "Could not find net named: net15" (HIERARCHY_COMMANDS-007)
[13:28:20.33] /m Information: Launching Waveform Viewer "cd /home/itsupport/simulation/new_dff,d_ff,schematic/history_1/simulation/HSPICE_default/HSPICE/nominal/results &&  wv -k -cdesigner -spxkey /usr/synopsys/customcompiler/N-2017.12-SP1-2/auxx/waveform/sae.spxkey -spxrc /tmp/sae_spxrc_VP0kuh -unique_string 0859c36a0176a1dd69aa7f613a217c24125e8d2b0833b894ed40d2f5efbf27a2fb0c0fc5bd619066952b3e5cd96ff5500b7f5010ba4aacc9 -lic_type 1    > /home/itsupport/simulation/new_dff,d_ff,schematic/history_1/simulation/HSPICE_default/HSPICE/nominal/results/viewer.log 2>&1"
[13:28:20.33] /i gi::collapse {jobMonitorTable} -index {0.0,0} -in [gi::getWindows 29]
[13:28:20.63] /m Information: Measurement calculations completed for testbench: HSPICE_default in 0s
[13:28:21.02] /j ::wf::WaveView::plotSuccess WaveView_7 {} {_6b8c620_void_pp _6bd6b20_void_pp} 
[13:28:21.08] /j ::wf::WaveView::plotSuccess WaveView_7 {} {_6b8c620_void_pp _6bd6be8_void_pp} 
[13:28:21.12] /j ::wf::WaveView::plotSuccess WaveView_7 {} {_6b8c620_void_pp _6bd6cb0_void_pp} 
[13:28:29.73] /m Information: Waveform viewer exited normally.
[13:28:31.23] /i gi::executeAction giCloseWindow -in [gi::getWindows 29]
[13:28:31.24] /i gi::setActiveWindow 13
[13:28:31.24] /i gi::setActiveWindow 13 -raise true
[13:28:31.79] /i gi::setActiveWindow 25
[13:28:31.79] /i gi::setActiveWindow 25 -raise true
[13:28:33.67] /# gi::executeAction seSchCreateWire -in [gi::getWindows 25]
[13:28:33.67] /i ise::createWire
[13:28:34.06] /# gi::executeAction deCanvasZoomInAtPoint -in [gi::getWindows 25]
[13:28:34.06] /i de::zoom -window [gi::getWindows 25] -factor 2.0 -center {0.98125 1.78125}
[13:28:34.06] /o {-0.58125 0.975} {3.83125 3.40625}
[13:28:34.90] /# gi::executeAction deAddPoint -in [gi::getWindows 25]
[13:28:34.90] /i de::addPoint {1.51875 1.5125} -context [db::getNext [de::getContexts -window 25]]
[13:28:34.90] /i de::setCursor -point {1.5 1.5625 }
[13:28:35.85] /# gi::executeAction deAddPoint -in [gi::getWindows 25]
[13:28:35.85] /i de::addPoint {1.5125 1.8125} -context [db::getNext [de::getContexts -window 25]]
[13:28:36.55] /# gi::executeAction deAbortCommand -in [gi::getWindows 25]
[13:28:36.55] /i de::abortCommand -context [db::getNext [de::getContexts -window 25]]
[13:28:36.74] /# gi::executeAction deSelectActive -in [gi::getWindows 25]
[13:28:36.74] /i de::deselectAll [db::getNext [de::getContexts -window 25]]
[13:28:36.74] /i de::select [de::getActiveFigure [gi::getWindows 25] -point {2.05625 1.625} -index 0 -intent none]
[13:28:36.74] /o oa:0x1f361ff0
[13:28:37.41] /# gi::executeAction seDelete -in [gi::getWindows 25]
[13:28:37.41] /i ise::delete
[13:28:38.84] /i gi::executeAction deSaveDesign -in [gi::getWindows 25]
[13:28:38.84] /m Information: Saving design 'new_dff d_ff schematic'. (DESIGN_WINDOW-004)
[13:28:39.26] /i gi::setActiveWindow 13
[13:28:39.26] /i gi::setActiveWindow 13 -raise true
[13:28:39.75] /i gi::executeAction menuPreShow -in [gi::getWindows 13]
[13:28:39.75] /r giMenuAccess db::getNext [gi::getMenus saConsoleSimMenu -from [gi::getWindows 13]]
[13:28:40.26] /# gi::executeAction saNetlistAndRun -in [gi::getWindows 13]
[13:28:40.26] /i isa::netlistAndRun -testbench [sa::findActiveTestbench -window 13] -mode overwrite
[13:28:40.27] /r giWindowId 30
[13:28:40.28] /r giWindowGeometry 800x600
[13:28:40.35] /m Information: "Starting incremental netlisting for design "new_dff/d_ff/schematic"..." (NETLISTING-010)
[13:28:40.36] /m Information: 
[13:28:40.37] /o Checking "new_dff/d_ff/schematic"
[13:28:40.37] /o No rule violations found in "new_dff/d_ff/schematic"
[13:28:40.37] /o No Design Integrity rule violations found in "new_dff/d_ff/schematic"
[13:28:40.37] /m Information: 
[13:28:40.37] /o Checking "new_dff/D_latch/schematic"
[13:28:40.37] /o No rule violations found in "new_dff/D_latch/schematic"
[13:28:40.39] /m Information: "new_dff d_ff schematic" renetlisted. (NETLISTING-056)
[13:28:40.40] /m Information: "Netlisting design "new_dff/d_ff/schematic" finished successfully." (NETLISTING-012)
[13:28:40.40] /m Information: "Composing simulator input file for design "new_dff/d_ff/schematic"..."
[13:28:40.43] /m Information: "Simulator input file composed successfully for design "new_dff/d_ff/schematic""
[13:28:40.63] /m Information: "Starting HSPICE simulation for design: new_dff/d_ff/schematic"
[13:28:40.64] /# gi::collapse {jobMonitorTable} -index {0.0.0.0,0} -in [gi::getWindows 30]
[13:28:40.66] /o 1
[13:28:41.03] /m Information: "Simulation completed successfully for design: new_dff/d_ff/schematic "
[13:28:41.26] /m Information: "Evaluating and plotting outputs..."
[13:28:41.27] /e Error: Evaluating 'v(/net15)': "Could not find net named: net15" (HIERARCHY_COMMANDS-007)
[13:28:41.27] /m Information: Launching Waveform Viewer "cd /home/itsupport/simulation/new_dff,d_ff,schematic/history_1/simulation/HSPICE_default/HSPICE/nominal/results &&  wv -k -cdesigner -spxkey /usr/synopsys/customcompiler/N-2017.12-SP1-2/auxx/waveform/sae.spxkey -spxrc /tmp/sae_spxrc_TGZMtK -unique_string 0859c36a0176a1dd69aa7f613a217c24125e8d2b0833b894ed40d2f5efbf27a2fb0c0fc5bd619066509617e8850cfc2bc0ec6d94df3f6df4 -lic_type 1    > /home/itsupport/simulation/new_dff,d_ff,schematic/history_1/simulation/HSPICE_default/HSPICE/nominal/results/viewer.log 2>&1"
[13:28:41.27] /i gi::collapse {jobMonitorTable} -index {0.0,0} -in [gi::getWindows 30]
[13:28:41.55] /m Information: Measurement calculations completed for testbench: HSPICE_default in 0s
[13:28:41.95] /j ::wf::WaveView::plotSuccess WaveView_8 {} {_769ffe0_void_pp _76eeb80_void_pp} 
[13:28:41.97] /j ::wf::WaveView::plotSuccess WaveView_8 {} {_769ffe0_void_pp _76eec48_void_pp} 
[13:28:42.01] /j ::wf::WaveView::plotSuccess WaveView_8 {} {_769ffe0_void_pp _76eed10_void_pp} 
[13:28:53.94] /i gi::setActiveWindow 13
[13:28:53.95] /i gi::setActiveWindow 13 -raise true
[13:28:55.29] /i gi::setCurrentIndex {variablesTable} -index {1,1} -in [gi::getWindows 13]
[13:28:55.29] /i gi::setItemSelection {variablesTable} -index {1,1} -in [gi::getWindows 13]
[13:28:57.02] /i gi::setField {variablesTable} -index {1,1} -value {0.1p} -in [gi::getWindows 13]
[13:28:57.02] /i gi::setField {variablesTable} -index {1,1} -value {0.1p} -in [gi::getWindows 13]
[13:28:58.11] /i gi::executeAction menuPreShow -in [gi::getWindows 13]
[13:28:58.11] /r giMenuAccess db::getNext [gi::getMenus saConsoleSimMenu -from [gi::getWindows 13]]
[13:28:58.47] /# gi::executeAction saNetlistAndRun -in [gi::getWindows 13]
[13:28:58.47] /i isa::netlistAndRun -testbench [sa::findActiveTestbench -window 13] -mode overwrite
[13:28:58.51] /m Information: "Starting incremental netlisting for design "new_dff/d_ff/schematic"..." (NETLISTING-010)
[13:28:58.53] /m Information: 
[13:28:58.53] /o Checking "new_dff/d_ff/schematic"
[13:28:58.53] /o No rule violations found in "new_dff/d_ff/schematic"
[13:28:58.53] /o No Design Integrity rule violations found in "new_dff/d_ff/schematic"
[13:28:58.53] /m Information: 
[13:28:58.53] /o Checking "new_dff/D_latch/schematic"
[13:28:58.53] /o No rule violations found in "new_dff/D_latch/schematic"
[13:28:58.55] /m Information: "Netlisting design "new_dff/d_ff/schematic" finished successfully." (NETLISTING-012)
[13:28:58.55] /m Information: "Composing simulator input file for design "new_dff/d_ff/schematic"..."
[13:28:58.59] /m Information: "Simulator input file composed successfully for design "new_dff/d_ff/schematic""
[13:28:58.91] /m Information: "Starting HSPICE simulation for design: new_dff/d_ff/schematic"
[13:28:58.91] /# gi::collapse {jobMonitorTable} -index {0.0.0.0,0} -in [gi::getWindows 30]
[13:28:58.94] /o 1
[13:28:59.33] /m Information: "Simulation completed successfully for design: new_dff/d_ff/schematic "
[13:28:59.57] /m Information: "Evaluating and plotting outputs..."
[13:28:59.58] /e Error: Evaluating 'v(/net15)': "Could not find net named: net15" (HIERARCHY_COMMANDS-007)
[13:28:59.67] /j ::wf::WaveView::plotSuccess WaveView_8 {} {_7713230_void_pp _76eedd8_void_pp} 
[13:28:59.74] /j ::wf::WaveView::plotSuccess WaveView_8 {} {_7713230_void_pp _76eeb80_void_pp} 
[13:28:59.78] /j ::wf::WaveView::plotSuccess WaveView_8 {} {_7713230_void_pp _76eec48_void_pp} 
[13:28:59.90] /m Information: Measurement calculations completed for testbench: HSPICE_default in 0s
[13:29:08.42] /i gi::setActiveWindow 13
[13:29:08.42] /i gi::setActiveWindow 13 -raise true
[13:29:09.33] /i gi::executeAction menuPreShow -in [gi::getWindows 13]
[13:29:09.33] /r giMenuAccess db::getNext [gi::getMenus saConsoleSimMenu -from [gi::getWindows 13]]
[13:29:09.86] /i gi::executeAction menuPreShow -in [gi::getWindows 13]
[13:29:09.86] /r giMenuAccess db::getNext [gi::getMenus saResultsMenu -from [gi::getWindows 13]]
[13:29:09.98] /i gi::executeAction menuPreShow -in [gi::getWindows 13]
[13:29:09.98] /r giMenuAccess db::getNext [gi::getMenus saConsoleSimMenu -from [gi::getWindows 13]]
[13:29:10.70] /i gi::setActiveWindow 25
[13:29:10.70] /i gi::setActiveWindow 25 -raise true
[13:29:11.71] /# gi::executeAction deSelectActive -in [gi::getWindows 25]
[13:29:11.71] /i de::deselectAll [db::getNext [de::getContexts -window 25]]
[13:29:11.71] /i de::select [de::getActiveFigure [gi::getWindows 25] -point {2.04375 2.01875} -index 0 -intent none]
[13:29:11.71] /o oa:0x26aff730
[13:29:12.39] /i gi::setItemSelection {attributes} -index {name,all} -in [gi::getAssistants dePropertyEditor -from [gi::getWindows 25]]
[13:29:12.39] /i gi::setCurrentIndex {attributes} -index {name,Value} -in [gi::getAssistants dePropertyEditor -from [gi::getWindows 25]]
[13:29:14.84] /i gi::setField {attributes} -value {CLKB} -index {name,Value} -in [gi::getAssistants dePropertyEditor -from [gi::getWindows 25]]
[13:29:14.84] /i gi::executeAction dePropertyEditorApplyChanges -in [gi::getAssistants dePropertyEditor -from [gi::getWindows 25]]
[13:29:15.96] /i gi::setActiveWindow 13
[13:29:15.96] /i gi::setActiveWindow 13 -raise true
[13:29:17.11] /i gi::executeAction menuPreShow -in [gi::getWindows 13]
[13:29:17.11] /r giMenuAccess db::getNext [gi::getMenus saConsoleOutputsMenu -from [gi::getWindows 13]]
[13:29:18.24] /# gi::executeAction saSelectInDesign -in [gi::getWindows 13]
[13:29:18.24] /i sa::selectOutputs -window 13
[13:29:20.23] /# gi::executeAction deAddPoint -in [gi::getWindows 25]
[13:29:20.23] /i de::addPoint {1.80625 1.8125} -context [db::getNext [de::getContexts -window 25]]
[13:29:21.15] /i gi::setActiveWindow 30
[13:29:21.15] /i gi::setActiveWindow 30 -raise true
[13:29:21.46] /i gi::setActiveWindow 13
[13:29:21.46] /i gi::setActiveWindow 13 -raise true
[13:29:22.06] /i gi::executeAction menuPreShow -in [gi::getWindows 13]
[13:29:22.06] /r giMenuAccess db::getNext [gi::getMenus saResultsMenu -from [gi::getWindows 13]]
[13:29:22.19] /i gi::executeAction menuPreShow -in [gi::getWindows 13]
[13:29:22.19] /r giMenuAccess db::getNext [gi::getMenus saConsoleSimMenu -from [gi::getWindows 13]]
[13:29:22.87] /# gi::executeAction saNetlistAndRun -in [gi::getWindows 13]
[13:29:22.87] /i isa::netlistAndRun -testbench [sa::findActiveTestbench -window 13] -mode overwrite
[13:29:22.96] /r giDialog gi::setActiveDialog [gi::getDialogs {xtShowDesignsPrompt}]
[13:29:22.96] /r giDialog gi::setCurrentIndex {target} -index {0,0} -in [gi::getDialogs {xtShowDesignsPrompt}]
[13:29:23.21] /r giDialog db::setAttr geometry -of [gi::getDialogs {xtShowDesignsPrompt}] -value 649x290+626+410
[13:29:23.89] /r giDialog gi::pressButton {ok} -in [gi::getDialogs {xtShowDesignsPrompt}]
[13:29:23.91] /m Information: 
[13:29:23.91] /o Checking "new_dff/d_ff/schematic"
[13:29:23.91] /o No rule violations found in "new_dff/d_ff/schematic"
[13:29:23.91] /o No Design Integrity rule violations found in "new_dff/d_ff/schematic"
[13:29:23.91] /m Information: Checking process is completed: marking the design violations
[13:29:23.91] /m Information: Marking of designs is completed
[13:29:23.99] /m Information: "Starting incremental netlisting for design "new_dff/d_ff/schematic"..." (NETLISTING-010)
[13:29:24.00] /o No Design Integrity rule violations found in "new_dff/d_ff/schematic"
[13:29:24.00] /m Information: 
[13:29:24.00] /o Checking "new_dff/D_latch/schematic"
[13:29:24.00] /o No rule violations found in "new_dff/D_latch/schematic"
[13:29:24.03] /m Information: "new_dff d_ff schematic" renetlisted. (NETLISTING-056)
[13:29:24.03] /m Information: "Netlisting design "new_dff/d_ff/schematic" finished successfully." (NETLISTING-012)
[13:29:24.04] /m Information: "Composing simulator input file for design "new_dff/d_ff/schematic"..."
[13:29:24.07] /m Information: "Simulator input file composed successfully for design "new_dff/d_ff/schematic""
[13:29:24.28] /m Information: "Starting HSPICE simulation for design: new_dff/d_ff/schematic"
[13:29:24.28] /# gi::collapse {jobMonitorTable} -index {0.0.0.0,0} -in [gi::getWindows 30]
[13:29:24.30] /o 1
[13:29:24.74] /m Information: "Simulation completed successfully for design: new_dff/d_ff/schematic "
[13:29:24.99] /m Information: "Evaluating and plotting outputs..."
[13:29:25.00] /e Error: Evaluating 'v(/net15)': "Could not find net named: net15" (HIERARCHY_COMMANDS-007)
[13:29:25.11] /j ::wf::WaveView::plotSuccess WaveView_8 {} {_7721e40_void_pp _76eed10_void_pp} 
[13:29:25.19] /j ::wf::WaveView::plotSuccess WaveView_8 {} {_7721e40_void_pp _76eedd8_void_pp} 
[13:29:25.23] /j ::wf::WaveView::plotSuccess WaveView_8 {} {_7721e40_void_pp _76eeb80_void_pp} 
[13:29:25.30] /j ::wf::WaveView::plotSuccess WaveView_8 {} {_7721e40_void_pp _76eec48_void_pp} 
[13:29:25.42] /m Information: Measurement calculations completed for testbench: HSPICE_default in 0s
[13:30:33.71] /i gi::setActiveWindow 3
[13:30:33.72] /i gi::setActiveWindow 3 -raise true
[13:30:35.02] /# gi::executeAction deCanvasZoomInAtPoint -in [gi::getWindows 3]
[13:30:35.02] /i de::zoom -window [gi::getWindows 3] -factor 2.0 -center {1.71875 4.04375}
[13:30:35.02] /o {-0.475 1.96875} {4.7875 4.8625}
[13:30:35.70] /# gi::executeAction deCanvasZoomOutAtPoint -in [gi::getWindows 3]
[13:30:35.70] /i de::zoom -window [gi::getWindows 3] -factor 0.5 -center {1.8125 2.9125}
[13:30:35.70] /o {-2.75625 1.025} {7.75625 6.8125}
[13:30:36.48] /i gi::executeAction deCanvasDragCancel -in [gi::getWindows 3]
[13:30:36.94] /# gi::executeAction deSelectActive -in [gi::getWindows 3]
[13:30:36.94] /i de::deselectAll [db::getNext [de::getContexts -window 3]]
[13:30:36.94] /i de::select [de::getActiveFigure [gi::getWindows 3] -point {1.30625 1.6} -index 0 -intent none]
[13:30:36.94] /o oa:0x24b99030
[13:30:37.26] /# gi::executeAction deCanvasZoomOutAtPoint -in [gi::getWindows 3]
[13:30:37.26] /i de::zoom -window [gi::getWindows 3] -factor 0.5 -center {1.30625 1.6}
[13:30:37.26] /o {-6.825 0.44375} {14.2125 12.03125}
[13:30:37.74] /# gi::executeAction deFitEdit -in [gi::getWindows 3]
[13:30:37.74] /i de::fit -window 3 -fitEdit true
[13:30:37.74] /o {-2.73125 -0.475} {7.78125 5.3125}
[13:30:39.00] /# gi::executeAction seDelete -in [gi::getWindows 3]
[13:30:39.01] /i ise::delete
[13:30:39.69] /# gi::executeAction deSelectActive -in [gi::getWindows 3]
[13:30:39.69] /i de::deselectAll [db::getNext [de::getContexts -window 3]]
[13:30:39.69] /i de::select [de::getActiveFigure [gi::getWindows 3] -point {1.3125 0.88125} -index 0 -intent none]
[13:30:39.69] /o oa:0x27f2a050
[13:30:39.90] /# gi::executeAction seDelete -in [gi::getWindows 3]
[13:30:39.90] /i ise::delete
[13:30:40.56] /# gi::executeAction deSelectActive -in [gi::getWindows 3]
[13:30:40.56] /i de::deselectAllLogic -context [db::getNext [de::getContexts -window 3]]
[13:30:40.84] /i de::select [se::getNetComponents [de::getActiveFigure [gi::getWindows 3] -point {2.4375 0.11875} -index 0 -intent none] -of branch]
[13:30:40.84] /o oa:0x1e07ba80
[13:30:41.02] /# gi::executeAction seDelete -in [gi::getWindows 3]
[13:30:41.02] /i ise::delete
[13:30:42.55] /# gi::executeAction deSelectActive -in [gi::getWindows 3]
[13:30:42.55] /i de::deselectAll [db::getNext [de::getContexts -window 3]]
[13:30:42.55] /i de::select [de::getActiveFigure [gi::getWindows 3] -point {2.49375 2.2875} -index 0 -intent none]
[13:30:42.55] /o oa:0x240ac080
[13:30:42.72] /# gi::executeAction seDelete -in [gi::getWindows 3]
[13:30:42.72] /i ise::delete
[13:30:43.28] /# gi::executeAction deSelectActive -in [gi::getWindows 3]
[13:30:43.28] /i de::deselectAll [db::getNext [de::getContexts -window 3]]
[13:30:43.28] /i de::select [de::getActiveFigure [gi::getWindows 3] -point {2.49375 2.025} -index 0 -intent none]
[13:30:43.28] /o oa:0x24a90380
[13:30:43.48] /# gi::executeAction seDelete -in [gi::getWindows 3]
[13:30:43.49] /i ise::delete
[13:30:49.84] /# gi::executeAction deCanvasZoomInAtPoint -in [gi::getWindows 3]
[13:30:49.84] /i de::zoom -window [gi::getWindows 3] -factor 2.0 -center {2.79375 3.61875}
[13:30:49.84] /o {0.03125 1.56875} {5.2875 4.46875}
[13:30:51.85] /# gi::executeAction seSchCreateWire -in [gi::getWindows 3]
[13:30:51.85] /i ise::createWire
[13:30:52.99] /# gi::executeAction deAddPoint -in [gi::getWindows 3]
[13:30:52.99] /i de::addPoint {1.30625 4.18125} -context [db::getNext [de::getContexts -window 3]]
[13:30:53.05] /i de::setCursor -point {1.3125 4.125 }
[13:30:54.31] /# gi::executeAction deAddPoint -in [gi::getWindows 3]
[13:30:54.31] /i de::addPoint {1.28125 2.13125} -context [db::getNext [de::getContexts -window 3]]
[13:31:01.28] /# gi::executeAction deCanvasZoomOutAtPoint -in [gi::getWindows 3]
[13:31:01.28] /i de::zoom -window [gi::getWindows 3] -factor 0.5 -center {2.375 2.1125}
[13:31:01.28] /o {-2.3125 1.03125} {8.2 6.81875}
[13:31:01.50] /# gi::executeAction deCanvasZoomOutAtPoint -in [gi::getWindows 3]
[13:31:01.50] /i de::zoom -window [gi::getWindows 3] -factor 0.5 -center {1.64375 1.80625}
[13:31:01.50] /o {-6.275 0.25} {14.7625 11.8375}
[13:31:01.55] /# gi::executeAction deCanvasZoomOutAtPoint -in [gi::getWindows 3]
[13:31:01.55] /i de::zoom -window [gi::getWindows 3] -factor 0.5 -center {1.45 1.28125}
[13:31:01.55] /o {-14.0 -0.775} {28.075 22.3875}
[13:31:01.64] /# gi::executeAction deCanvasZoomInAtPoint -in [gi::getWindows 3]
[13:31:01.64] /i de::zoom -window [gi::getWindows 3] -factor 2.0 -center {1.45625 1.2875}
[13:31:01.64] /o {-6.26875 0.25625} {14.7625 11.8375}
[13:31:01.73] /# gi::executeAction deFitEdit -in [gi::getWindows 3]
[13:31:01.73] /i de::fit -window 3 -fitEdit true
[13:31:01.73] /o {-2.73125 -0.475} {7.78125 5.3125}
[13:31:03.21] /# gi::executeAction seSchCreateWire -in [gi::getWindows 3]
[13:31:03.21] /i ise::createWire
[13:31:04.21] /# gi::executeAction deAddPoint -in [gi::getWindows 3]
[13:31:04.21] /i de::addPoint {1.2875 1.1625} -context [db::getNext [de::getContexts -window 3]]
[13:31:04.26] /i de::setCursor -point {1.375 1.1875 }
[13:31:05.25] /# gi::executeAction deAddPoint -in [gi::getWindows 3]
[13:31:05.25] /i de::addPoint {1.65 2.55} -context [db::getNext [de::getContexts -window 3]]
[13:31:06.52] /# gi::executeAction deAddPoint -in [gi::getWindows 3]
[13:31:06.52] /i de::addPoint {2.50625 2.55} -context [db::getNext [de::getContexts -window 3]]
[13:31:15.85] /# gi::executeAction seSchCreateWire -in [gi::getWindows 3]
[13:31:15.85] /i ise::createWire
[13:31:17.14] /# gi::executeAction deAddPoint -in [gi::getWindows 3]
[13:31:17.14] /i de::addPoint {2.49375 2.15} -context [db::getNext [de::getContexts -window 3]]
[13:31:17.19] /i de::setCursor -point {2.5 2.0625 }
[13:31:18.71] /# gi::executeAction deCanvasZoomInAtPoint -in [gi::getWindows 3]
[13:31:18.71] /i de::zoom -window [gi::getWindows 3] -factor 2.0 -center {2.49375 1.85}
[13:31:18.71] /o {-0.11875 0.6875} {5.1375 3.58125}
[13:31:19.44] /# gi::executeAction deAddPoint -in [gi::getWindows 3]
[13:31:19.44] /i de::addPoint {2.48125 1.81875} -context [db::getNext [de::getContexts -window 3]]
[13:31:19.63] /# gi::executeAction deCanvasZoomOutAtPoint -in [gi::getWindows 3]
[13:31:19.63] /i de::zoom -window [gi::getWindows 3] -factor 0.5 -center {2.4625 1.1625}
[13:31:19.63] /o {-2.7 0.2125} {7.8125 6.0}
[13:31:19.65] /# gi::executeAction deCanvasZoomOutAtPoint -in [gi::getWindows 3]
[13:31:19.65] /i de::zoom -window [gi::getWindows 3] -factor 0.5 -center {2.46875 1.0875}
[13:31:19.65] /o {-7.875 -0.66875} {13.1625 10.91875}
[13:31:20.12] /# gi::executeAction deCanvasZoomInAtPoint -in [gi::getWindows 3]
[13:31:20.12] /i de::zoom -window [gi::getWindows 3] -factor 2.0 -center {2.38125 0.01875}
[13:31:20.12] /o {-2.74375 -0.325} {7.76875 5.46875}
[13:31:21.38] /# gi::executeAction deAddPoint -in [gi::getWindows 3]
[13:31:21.38] /i de::addPoint {2.5 0.4125} -context [db::getNext [de::getContexts -window 3]]
[13:31:21.42] /i de::setCursor -point {2.4375 0.4375 }
[13:31:22.40] /# gi::executeAction deAddPoint -in [gi::getWindows 3]
[13:31:22.40] /i de::addPoint {1.61875 1.19375} -context [db::getNext [de::getContexts -window 3]]
[13:31:23.63] /i gi::executeAction deSaveDesign -in [gi::getWindows 3]
[13:31:23.63] /m Information: Saving design 'new_dff D_latch schematic'. (DESIGN_WINDOW-004)
[13:31:27.06] /i gi::setActiveWindow 25
[13:31:27.06] /i gi::setActiveWindow 25 -raise true
[13:31:28.28] /i gi::setActiveWindow 13
[13:31:28.28] /i gi::setActiveWindow 13 -raise true
[13:31:29.00] /i gi::executeAction menuPreShow -in [gi::getWindows 13]
[13:31:29.00] /r giMenuAccess db::getNext [gi::getMenus saConsoleSimMenu -from [gi::getWindows 13]]
[13:31:29.49] /# gi::executeAction saNetlistAndRun -in [gi::getWindows 13]
[13:31:29.49] /i isa::netlistAndRun -testbench [sa::findActiveTestbench -window 13] -mode overwrite
[13:31:29.55] /m Information: "Starting incremental netlisting for design "new_dff/d_ff/schematic"..." (NETLISTING-010)
[13:31:29.56] /o No Design Integrity rule violations found in "new_dff/d_ff/schematic"
[13:31:29.56] /m Information: 
[13:31:29.56] /o Checking "new_dff/D_latch/schematic"
[13:31:29.56] /o No rule violations found in "new_dff/D_latch/schematic"
[13:31:29.60] /m Information: "new_dff D_latch schematic" renetlisted. (NETLISTING-056)
[13:31:29.60] /m Information: "Netlisting design "new_dff/d_ff/schematic" finished successfully." (NETLISTING-012)
[13:31:29.61] /m Information: "Composing simulator input file for design "new_dff/d_ff/schematic"..."
[13:31:29.64] /m Information: "Simulator input file composed successfully for design "new_dff/d_ff/schematic""
[13:31:29.84] /m Information: "Starting HSPICE simulation for design: new_dff/d_ff/schematic"
[13:31:29.84] /# gi::collapse {jobMonitorTable} -index {0.0.0.0,0} -in [gi::getWindows 30]
[13:31:29.86] /o 1
[13:31:30.34] /m Information: "Simulation completed successfully for design: new_dff/d_ff/schematic "
[13:31:30.57] /m Information: "Evaluating and plotting outputs..."
[13:31:30.58] /e Error: Evaluating 'v(/net15)': "Could not find net named: net15" (HIERARCHY_COMMANDS-007)
[13:31:30.67] /j ::wf::WaveView::plotSuccess WaveView_8 {} {_772a810_void_pp _76eeea0_void_pp} 
[13:31:30.72] /j ::wf::WaveView::plotSuccess WaveView_8 {} {_772a810_void_pp _76eed10_void_pp} 
[13:31:30.76] /j ::wf::WaveView::plotSuccess WaveView_8 {} {_772a810_void_pp _76eedd8_void_pp} 
[13:31:30.79] /j ::wf::WaveView::plotSuccess WaveView_8 {} {_772a810_void_pp _76eeb80_void_pp} 
[13:31:31.00] /m Information: Measurement calculations completed for testbench: HSPICE_default in 0s
[13:31:41.09] /i gi::setActiveWindow 13
[13:31:41.09] /i gi::setActiveWindow 13 -raise true
[13:31:42.35] /i gi::setCurrentIndex {analysisPane} -index {0,3} -in [gi::getWindows 13]
[13:31:42.35] /i gi::setItemSelection {analysisPane} -index {0,3} -in [gi::getWindows 13]
[13:31:42.35] /i gi::setItemSelection {variablesTable} -index {} -in [gi::getWindows 13]
[13:31:43.35] /i gi::setCurrentIndex {variablesTable} -index {2,1} -in [gi::getWindows 13]
[13:31:43.35] /i gi::setItemSelection {variablesTable} -index {2,1} -in [gi::getWindows 13]
[13:31:43.35] /i gi::setItemSelection {analysisPane} -index {} -in [gi::getWindows 13]
[13:31:44.58] /i gi::setField {variablesTable} -index {2,1} -value {1n} -in [gi::getWindows 13]
[13:31:44.59] /i gi::setField {variablesTable} -index {2,1} -value {1n} -in [gi::getWindows 13]
[13:31:45.40] /i gi::executeAction menuPreShow -in [gi::getWindows 13]
[13:31:45.40] /r giMenuAccess db::getNext [gi::getMenus saConsoleSimMenu -from [gi::getWindows 13]]
[13:31:45.77] /# gi::executeAction saNetlistAndRun -in [gi::getWindows 13]
[13:31:45.77] /i isa::netlistAndRun -testbench [sa::findActiveTestbench -window 13] -mode overwrite
[13:31:45.82] /m Information: "Starting incremental netlisting for design "new_dff/d_ff/schematic"..." (NETLISTING-010)
[13:31:45.84] /o No Design Integrity rule violations found in "new_dff/d_ff/schematic"
[13:31:45.84] /m Information: 
[13:31:45.84] /o Checking "new_dff/D_latch/schematic"
[13:31:45.84] /o No rule violations found in "new_dff/D_latch/schematic"
[13:31:45.86] /m Information: "Netlisting design "new_dff/d_ff/schematic" finished successfully." (NETLISTING-012)
[13:31:45.87] /m Information: "Composing simulator input file for design "new_dff/d_ff/schematic"..."
[13:31:45.89] /m Information: "Simulator input file composed successfully for design "new_dff/d_ff/schematic""
[13:31:46.09] /m Information: "Starting HSPICE simulation for design: new_dff/d_ff/schematic"
[13:31:46.09] /# gi::collapse {jobMonitorTable} -index {0.0.0.0,0} -in [gi::getWindows 30]
[13:31:46.11] /o 1
[13:31:46.43] /m Information: "Simulation completed successfully for design: new_dff/d_ff/schematic "
[13:31:46.65] /m Information: "Evaluating and plotting outputs..."
[13:31:46.66] /e Error: Evaluating 'v(/net15)': "Could not find net named: net15" (HIERARCHY_COMMANDS-007)
[13:31:46.73] /j ::wf::WaveView::plotSuccess WaveView_8 {} {_771d890_void_pp _76eec48_void_pp} 
[13:31:46.79] /j ::wf::WaveView::plotSuccess WaveView_8 {} {_771d890_void_pp _76eeea0_void_pp} 
[13:31:46.84] /j ::wf::WaveView::plotSuccess WaveView_8 {} {_771d890_void_pp _76eed10_void_pp} 
[13:31:46.91] /j ::wf::WaveView::plotSuccess WaveView_8 {} {_771d890_void_pp _76eedd8_void_pp} 
[13:31:47.04] /m Information: Measurement calculations completed for testbench: HSPICE_default in 0s
[13:32:23.07] /i gi::executeAction giCloseWindow -in [gi::getWindows 30]
[13:32:23.09] /i gi::setActiveWindow 13
[13:32:23.09] /i gi::setActiveWindow 13 -raise true
[13:32:23.89] /i gi::setActiveWindow 25
[13:32:23.89] /i gi::setActiveWindow 25 -raise true
[13:32:24.67] /i gi::setActiveWindow 3
[13:32:24.67] /i gi::setActiveWindow 3 -raise true
[13:32:33.72] /# gi::executeAction deAddPoint -in [gi::getWindows 3]
[13:32:33.72] /i de::addPoint {1.31875 2.7} -context [db::getNext [de::getContexts -window 3]]
[13:32:35.03] /# gi::executeAction deAbortCommand -in [gi::getWindows 3]
[13:32:35.03] /i de::abortCommand -context [db::getNext [de::getContexts -window 3]]
[13:32:37.68] /# gi::executeAction deSelectActive -in [gi::getWindows 3]
[13:32:37.68] /i de::deselectAllLogic -context [db::getNext [de::getContexts -window 3]]
[13:32:38.18] /# gi::executeAction deSelectActive -in [gi::getWindows 3]
[13:32:38.18] /i de::deselectAll [db::getNext [de::getContexts -window 3]]
[13:32:38.18] /i de::select [de::getActiveFigure [gi::getWindows 3] -point {1.33125 2.78125} -index 0 -intent none]
[13:32:38.18] /o oa:0x2767dab0
[13:32:39.05] /# gi::executeAction seDelete -in [gi::getWindows 3]
[13:32:39.05] /i ise::delete
[13:32:39.23] /i gi::executeAction deCanvasDragCancel -in [gi::getWindows 3]
[13:32:39.98] /# gi::executeAction deSelectActive -in [gi::getWindows 3]
[13:32:39.98] /i de::deselectAll [db::getNext [de::getContexts -window 3]]
[13:32:39.98] /i de::select [de::getActiveFigure [gi::getWindows 3] -point {1.9375 2.55} -index 0 -intent none]
[13:32:39.98] /o oa:0x1edc3410
[13:32:40.59] /# gi::executeAction seDelete -in [gi::getWindows 3]
[13:32:40.59] /i ise::delete
[13:32:40.74] /i gi::executeAction deCanvasDragCancel -in [gi::getWindows 3]
[13:32:42.34] /# gi::executeAction seSchCreateWire -in [gi::getWindows 3]
[13:32:42.34] /i ise::createWire
[13:32:43.54] /# gi::executeAction deAddPoint -in [gi::getWindows 3]
[13:32:43.54] /i de::addPoint {1.6 2.54375} -context [db::getNext [de::getContexts -window 3]]
[13:32:43.57] /i de::setCursor -point {1.5625 2.5625 }
[13:32:45.50] /# gi::executeAction deAddPoint -in [gi::getWindows 3]
[13:32:45.50] /i de::addPoint {1.3 4.1875} -context [db::getNext [de::getContexts -window 3]]
[13:32:46.84] /# gi::executeAction deAddPoint -in [gi::getWindows 3]
[13:32:46.84] /i de::addPoint {2.51875 2.10625} -context [db::getNext [de::getContexts -window 3]]
[13:32:46.87] /i de::setCursor -point {2.5 2.1875 }
[13:32:47.50] /# gi::executeAction deAddPoint -in [gi::getWindows 3]
[13:32:47.50] /i de::addPoint {2.5 2.5625} -context [db::getNext [de::getContexts -window 3]]
[13:32:58.82] /i gi::executeAction deSaveDesign -in [gi::getWindows 3]
[13:32:58.82] /m Information: Saving design 'new_dff D_latch schematic'. (DESIGN_WINDOW-004)
[13:32:59.26] /i gi::executeAction deSaveDesign -in [gi::getWindows 3]
[13:32:59.26] /m Information: Saving design 'new_dff D_latch schematic'. (DESIGN_WINDOW-004)
[13:32:59.41] /i gi::executeAction deSaveDesign -in [gi::getWindows 3]
[13:32:59.41] /m Information: Saving design 'new_dff D_latch schematic'. (DESIGN_WINDOW-004)
[13:32:59.56] /i gi::executeAction deSaveDesign -in [gi::getWindows 3]
[13:32:59.56] /m Information: Saving design 'new_dff D_latch schematic'. (DESIGN_WINDOW-004)
[13:32:59.71] /i gi::executeAction deSaveDesign -in [gi::getWindows 3]
[13:32:59.71] /m Information: Saving design 'new_dff D_latch schematic'. (DESIGN_WINDOW-004)
[13:32:59.88] /i gi::executeAction deSaveDesign -in [gi::getWindows 3]
[13:32:59.88] /m Information: Saving design 'new_dff D_latch schematic'. (DESIGN_WINDOW-004)
[13:33:03.32] /i gi::setActiveWindow 13
[13:33:03.32] /i gi::setActiveWindow 13 -raise true
[13:33:03.85] /i gi::executeAction menuPreShow -in [gi::getWindows 13]
[13:33:03.85] /r giMenuAccess db::getNext [gi::getMenus saConsoleSimMenu -from [gi::getWindows 13]]
[13:33:04.20] /# gi::executeAction saNetlistAndRun -in [gi::getWindows 13]
[13:33:04.20] /i isa::netlistAndRun -testbench [sa::findActiveTestbench -window 13] -mode overwrite
[13:33:04.22] /r giWindowId 31
[13:33:04.22] /r giWindowGeometry 800x600
[13:33:04.29] /m Information: "Starting incremental netlisting for design "new_dff/d_ff/schematic"..." (NETLISTING-010)
[13:33:04.30] /o No Design Integrity rule violations found in "new_dff/d_ff/schematic"
[13:33:04.31] /m Information: 
[13:33:04.31] /o Checking "new_dff/D_latch/schematic"
[13:33:04.31] /o No rule violations found in "new_dff/D_latch/schematic"
[13:33:04.33] /m Information: "new_dff D_latch schematic" renetlisted. (NETLISTING-056)
[13:33:04.34] /m Information: "Netlisting design "new_dff/d_ff/schematic" finished successfully." (NETLISTING-012)
[13:33:04.34] /m Information: "Composing simulator input file for design "new_dff/d_ff/schematic"..."
[13:33:04.37] /m Information: "Simulator input file composed successfully for design "new_dff/d_ff/schematic""
[13:33:04.57] /m Information: "Starting HSPICE simulation for design: new_dff/d_ff/schematic"
[13:33:04.58] /# gi::collapse {jobMonitorTable} -index {0.0.0.0,0} -in [gi::getWindows 31]
[13:33:04.60] /o 1
[13:33:05.03] /m Information: "Simulation completed successfully for design: new_dff/d_ff/schematic "
[13:33:05.24] /m Information: "Evaluating and plotting outputs..."
[13:33:05.26] /e Error: Evaluating 'v(/net15)': "Could not find net named: net15" (HIERARCHY_COMMANDS-007)
[13:33:05.34] /j ::wf::WaveView::plotSuccess WaveView_8 {} {_769ffe0_void_pp _76eeb80_void_pp} 
[13:33:05.39] /j ::wf::WaveView::plotSuccess WaveView_8 {} {_769ffe0_void_pp _76eec48_void_pp} 
[13:33:05.44] /j ::wf::WaveView::plotSuccess WaveView_8 {} {_769ffe0_void_pp _76eeea0_void_pp} 
[13:33:05.53] /j ::wf::WaveView::plotSuccess WaveView_8 {} {_769ffe0_void_pp _76eed10_void_pp} 
[13:33:05.63] /m Information: Measurement calculations completed for testbench: HSPICE_default in 0s
[13:33:51.48] /i gi::setActiveWindow 13
[13:33:51.49] /i gi::setActiveWindow 13 -raise true
[13:33:51.89] /i gi::setActiveWindow 25
[13:33:51.89] /i gi::setActiveWindow 25 -raise true
[13:33:53.37] /i gi::setActiveWindow 3
[13:33:53.37] /i gi::setActiveWindow 3 -raise true
[13:33:54.53] /# gi::executeAction deCanvasZoomInAtPoint -in [gi::getWindows 3]
[13:33:54.53] /i de::zoom -window [gi::getWindows 3] -factor 2.0 -center {2.6625 4.13125}
[13:33:54.53] /o {-0.04375 1.90625} {5.21875 4.8}
[13:33:56.00] /# gi::executeAction deFitEdit -in [gi::getWindows 3]
[13:33:56.00] /i de::fit -window 3 -fitEdit true
[13:33:56.01] /o {-2.73125 -0.475} {7.78125 5.3125}
[13:34:05.16] /# gi::executeAction deCanvasZoomInAtPoint -in [gi::getWindows 3]
[13:34:05.16] /i de::zoom -window [gi::getWindows 3] -factor 2.0 -center {2.03125 4.48125}
[13:34:05.16] /o {-0.35 2.0} {4.90625 4.9}
[13:34:06.16] /# gi::executeAction deCanvasZoomOutAtPoint -in [gi::getWindows 3]
[13:34:06.16] /i de::zoom -window [gi::getWindows 3] -factor 0.5 -center {2.9875 2.48125}
[13:34:06.16] /o {-3.6875 1.525} {6.825 7.3125}
[13:34:06.24] /# gi::executeAction deCanvasZoomOutAtPoint -in [gi::getWindows 3]
[13:34:06.24] /i de::zoom -window [gi::getWindows 3] -factor 0.5 -center {2.9875 2.3875}
[13:34:06.24] /o {-10.36875 0.65625} {10.66875 12.24375}
[13:34:06.93] /# gi::executeAction deCanvasZoomInAtPoint -in [gi::getWindows 3]
[13:34:06.93] /i de::zoom -window [gi::getWindows 3] -factor 2.0 -center {3.14375 1.825}
[13:34:06.94] /o {-3.6125 1.24375} {6.90625 7.03125}
[13:34:07.44] /# gi::executeAction deCanvasZoomInAtPoint -in [gi::getWindows 3]
[13:34:07.44] /i de::zoom -window [gi::getWindows 3] -factor 2.0 -center {2.5625 3.08125}
[13:34:07.44] /o {-0.525 2.1625} {4.73125 5.05625}
[13:34:46.84] /# gi::executeAction deCanvasZoomOutAtPoint -in [gi::getWindows 3]
[13:34:46.84] /i de::zoom -window [gi::getWindows 3] -factor 0.5 -center {2.3875 3.125}
[13:34:46.84] /o {-3.4375 1.2} {7.08125 6.9875}
[13:34:46.86] /# gi::executeAction deCanvasZoomOutAtPoint -in [gi::getWindows 3]
[13:34:46.86] /i de::zoom -window [gi::getWindows 3] -factor 0.5 -center {2.3875 3.11875}
[13:34:46.86] /o {-9.2625 -0.725} {11.775 10.8625}
[13:34:46.87] /# gi::executeAction deCanvasZoomOutAtPoint -in [gi::getWindows 3]
[13:34:46.87] /i de::zoom -window [gi::getWindows 3] -factor 0.5 -center {2.3875 3.11875}
[13:34:46.87] /o {-20.9125 -4.5625} {21.1625 18.6}
[13:34:46.89] /# gi::executeAction deCanvasZoomOutAtPoint -in [gi::getWindows 3]
[13:34:46.89] /i de::zoom -window [gi::getWindows 3] -factor 0.5 -center {2.3875 3.125}
[13:34:46.89] /o {-44.2125 -12.25625} {39.9375 34.08125}
[13:34:46.93] /# gi::executeAction deCanvasZoomOutAtPoint -in [gi::getWindows 3]
[13:34:46.93] /i de::zoom -window [gi::getWindows 3] -factor 0.5 -center {2.3875 3.11875}
[13:34:46.93] /o {-90.8125 -27.625} {77.4875 65.0375}
[13:34:46.96] /# gi::executeAction deCanvasZoomOutAtPoint -in [gi::getWindows 3]
[13:34:46.96] /i de::zoom -window [gi::getWindows 3] -factor 0.5 -center {2.3875 3.11875}
[13:34:46.96] /o {-184.0125 -58.375} {152.5875 126.9625}
[13:34:47.19] /# gi::executeAction deCanvasZoomInAtPoint -in [gi::getWindows 3]
[13:34:47.19] /i de::zoom -window [gi::getWindows 3] -factor 2.0 -center {5.175 -7.59375}
[13:34:47.19] /o {-89.41875 -32.98125} {78.88125 59.68125}
[13:34:47.24] /# gi::executeAction deCanvasZoomInAtPoint -in [gi::getWindows 3]
[13:34:47.24] /i de::zoom -window [gi::getWindows 3] -factor 2.0 -center {5.3875 -8.025}
[13:34:47.24] /o {-42.0125 -20.50625} {42.13125 25.83125}
[13:34:47.29] /# gi::executeAction deCanvasZoomInAtPoint -in [gi::getWindows 3]
[13:34:47.29] /i de::zoom -window [gi::getWindows 3] -factor 2.0 -center {5.3875 -8.025}
[13:34:47.29] /o {-18.3125 -14.2625} {23.7625 8.9}
[13:34:47.36] /# gi::executeAction deCanvasZoomInAtPoint -in [gi::getWindows 3]
[13:34:47.36] /i de::zoom -window [gi::getWindows 3] -factor 2.0 -center {5.3875 -8.025}
[13:34:47.37] /o {-6.4625 -11.14375} {14.575 0.4375}
[13:34:48.04] /# gi::executeAction deFitEdit -in [gi::getWindows 3]
[13:34:48.04] /i de::fit -window 3 -fitEdit true
[13:34:48.04] /o {-2.73125 -0.475} {7.78125 5.3125}
[13:35:46.24] /# gi::executeAction deAddPoint -in [gi::getWindows 3]
[13:35:46.24] /i de::addPoint {1.64375 1.64375} -context [db::getNext [de::getContexts -window 3]]
[13:35:47.02] /# gi::executeAction seDelete -in [gi::getWindows 3]
[13:35:47.02] /i ise::delete
[13:35:47.85] /# gi::executeAction deAddPoint -in [gi::getWindows 3]
[13:35:47.85] /i de::addPoint {1.64375 1.65} -context [db::getNext [de::getContexts -window 3]]
[13:35:49.17] /# gi::executeAction seSchCreateWire -in [gi::getWindows 3]
[13:35:49.17] /i ise::createWire
[13:35:50.40] /# gi::executeAction deAddPoint -in [gi::getWindows 3]
[13:35:50.40] /i de::addPoint {1.3 2.55625} -context [db::getNext [de::getContexts -window 3]]
[13:35:50.44] /i de::setCursor -point {1.3125 2.5 }
[13:35:51.60] /# gi::executeAction deAddPoint -in [gi::getWindows 3]
[13:35:51.60] /i de::addPoint {1.2875 2.09375} -context [db::getNext [de::getContexts -window 3]]
[13:35:52.00] /# gi::executeAction deAbortCommand -in [gi::getWindows 3]
[13:35:52.00] /i de::abortCommand -context [db::getNext [de::getContexts -window 3]]
[13:35:52.58] /# gi::executeAction deSelectActive -in [gi::getWindows 3]
[13:35:52.58] /i de::deselectAll [db::getNext [de::getContexts -window 3]]
[13:35:52.59] /i de::select [de::getActiveFigure [gi::getWindows 3] -point {1.46875 2.5375} -index 0 -intent none]
[13:35:52.59] /o oa:0x23a181d0
[13:35:53.24] /# gi::executeAction seDelete -in [gi::getWindows 3]
[13:35:53.24] /i ise::delete
[13:35:53.40] /i gi::executeAction deCanvasDragCancel -in [gi::getWindows 3]
[13:35:58.50] /# gi::executeAction deSelectActive -in [gi::getWindows 3]
[13:35:58.50] /i de::deselectAll [db::getNext [de::getContexts -window 3]]
[13:35:58.50] /i de::select [de::getActiveFigure [gi::getWindows 3] -point {2.475 2.2875} -index 0 -intent none]
[13:35:58.50] /o oa:0x1f895580
[13:35:59.12] /# gi::executeAction seDelete -in [gi::getWindows 3]
[13:35:59.12] /i ise::delete
[13:35:59.80] /i gi::executeAction deCanvasDragCancel -in [gi::getWindows 3]
[13:36:00.45] /# gi::executeAction seSchCreateWire -in [gi::getWindows 3]
[13:36:00.45] /i ise::createWire
[13:36:01.78] /# gi::executeAction deAddPoint -in [gi::getWindows 3]
[13:36:01.78] /i de::addPoint {1.6125 1.20625} -context [db::getNext [de::getContexts -window 3]]
[13:36:01.80] /i de::setCursor -point {1.625 1.25 }
[13:36:04.54] /# gi::executeAction deAddPoint -in [gi::getWindows 3]
[13:36:04.54] /i de::addPoint {2.49375 2.55} -context [db::getNext [de::getContexts -window 3]]
[13:36:05.97] /i gi::executeAction deSaveDesign -in [gi::getWindows 3]
[13:36:05.97] /m Information: Saving design 'new_dff D_latch schematic'. (DESIGN_WINDOW-004)
[13:36:26.15] /# gi::executeAction deCanvasZoomInAtPoint -in [gi::getWindows 3]
[13:36:26.15] /i de::zoom -window [gi::getWindows 3] -factor 2.0 -center {2.9375 0.36875}
[13:36:26.15] /o {0.1 -0.05625} {5.3625 2.84375}
[13:36:26.89] /# gi::executeAction deCanvasZoomOutAtPoint -in [gi::getWindows 3]
[13:36:26.89] /i de::zoom -window [gi::getWindows 3] -factor 0.5 -center {1.4625 1.0375}
[13:36:26.89] /o {-1.25625 -1.14375} {9.25625 4.64375}
[13:36:27.70] /# gi::executeAction seSchCreateWire -in [gi::getWindows 3]
[13:36:27.70] /i ise::createWire
[13:36:28.74] /# gi::executeAction deAddPoint -in [gi::getWindows 3]
[13:36:28.74] /i de::addPoint {1.3 2.11875} -context [db::getNext [de::getContexts -window 3]]
[13:36:28.80] /i de::setCursor -point {1.25 2.0625 }
[13:36:28.81] /i de::setCursor -point {1.25 2 }
[13:36:30.06] /# gi::executeAction deAddPoint -in [gi::getWindows 3]
[13:36:30.06] /i de::addPoint {1.63125 0.4} -context [db::getNext [de::getContexts -window 3]]
[13:36:30.65] /# gi::executeAction deAbortCommand -in [gi::getWindows 3]
[13:36:30.65] /i de::abortCommand -context [db::getNext [de::getContexts -window 3]]
[13:36:30.98] /# gi::executeAction deSelectActive -in [gi::getWindows 3]
[13:36:30.98] /i de::deselectAll [db::getNext [de::getContexts -window 3]]
[13:36:30.98] /i de::select [de::getActiveFigure [gi::getWindows 3] -point {1.59375 0.725} -index 0 -intent none]
[13:36:30.99] /o oa:0x24a853b0
[13:36:31.69] /# gi::executeAction seDelete -in [gi::getWindows 3]
[13:36:31.69] /i ise::delete
[13:36:32.02] /i gi::executeAction deCanvasDragCancel -in [gi::getWindows 3]
[13:36:36.00] /# gi::executeAction deSelectActive -in [gi::getWindows 3]
[13:36:36.00] /i de::deselectAll [db::getNext [de::getContexts -window 3]]
[13:36:36.00] /i de::select [de::getActiveFigure [gi::getWindows 3] -point {2.49375 1.91875} -index 0 -intent none]
[13:36:36.00] /o oa:0x259ab780
[13:36:36.62] /# gi::executeAction seDelete -in [gi::getWindows 3]
[13:36:36.62] /i ise::delete
[13:36:37.18] /i gi::executeAction deCanvasDragCancel -in [gi::getWindows 3]
[13:36:38.17] /# gi::executeAction seSchCreateWire -in [gi::getWindows 3]
[13:36:38.17] /i ise::createWire
[13:36:39.32] /# gi::executeAction deAddPoint -in [gi::getWindows 3]
[13:36:39.32] /i de::addPoint {1.61875 1.81875} -context [db::getNext [de::getContexts -window 3]]
[13:36:39.39] /i de::setCursor -point {1.6875 1.8125 }
[13:36:40.39] /# gi::executeAction deAddPoint -in [gi::getWindows 3]
[13:36:40.39] /i de::addPoint {2.48125 1.81875} -context [db::getNext [de::getContexts -window 3]]
[13:36:40.53] /# gi::executeAction deAbortCommand -in [gi::getWindows 3]
[13:36:40.53] /i de::abortCommand -context [db::getNext [de::getContexts -window 3]]
[13:36:40.98] /# gi::executeAction deSelectActive -in [gi::getWindows 3]
[13:36:40.98] /i de::deselectAll [db::getNext [de::getContexts -window 3]]
[13:36:40.98] /i de::select [de::getActiveFigure [gi::getWindows 3] -point {2.08125 2.14375} -index 0 -intent none]
[13:36:40.98] /o oa:0x2774eb20
[13:36:41.67] /# gi::executeAction seDelete -in [gi::getWindows 3]
[13:36:41.67] /i ise::delete
[13:36:41.88] /i gi::executeAction deCanvasDragCancel -in [gi::getWindows 3]
[13:36:42.95] /i gi::executeAction deSaveDesign -in [gi::getWindows 3]
[13:36:42.95] /m Information: Saving design 'new_dff D_latch schematic'. (DESIGN_WINDOW-004)
[13:36:44.80] /i gi::setActiveWindow 13
[13:36:44.80] /i gi::setActiveWindow 13 -raise true
[13:36:45.84] /i gi::executeAction menuPreShow -in [gi::getWindows 13]
[13:36:45.84] /r giMenuAccess db::getNext [gi::getMenus saConsoleSimMenu -from [gi::getWindows 13]]
[13:36:46.26] /# gi::executeAction saNetlistAndRun -in [gi::getWindows 13]
[13:36:46.26] /i isa::netlistAndRun -testbench [sa::findActiveTestbench -window 13] -mode overwrite
[13:36:46.37] /m Information: "Starting incremental netlisting for design "new_dff/d_ff/schematic"..." (NETLISTING-010)
[13:36:46.38] /o No Design Integrity rule violations found in "new_dff/d_ff/schematic"
[13:36:46.38] /m Information: 
[13:36:46.38] /o Checking "new_dff/D_latch/schematic"
[13:36:46.39] /o No rule violations found in "new_dff/D_latch/schematic"
[13:36:46.41] /m Information: "new_dff D_latch schematic" renetlisted. (NETLISTING-056)
[13:36:46.43] /m Information: "new_dff d_ff schematic" renetlisted. (NETLISTING-056)
[13:36:46.43] /m Information: "Netlisting design "new_dff/d_ff/schematic" finished successfully." (NETLISTING-012)
[13:36:46.44] /m Information: "Composing simulator input file for design "new_dff/d_ff/schematic"..."
[13:36:46.47] /m Information: "Simulator input file composed successfully for design "new_dff/d_ff/schematic""
[13:36:46.67] /m Information: "Starting HSPICE simulation for design: new_dff/d_ff/schematic"
[13:36:46.67] /# gi::collapse {jobMonitorTable} -index {0.0.0.0,0} -in [gi::getWindows 31]
[13:36:46.70] /o 1
[13:36:47.13] /m Information: "Simulation completed successfully for design: new_dff/d_ff/schematic "
[13:36:47.38] /m Information: "Evaluating and plotting outputs..."
[13:36:47.39] /e Error: Evaluating 'v(/net15)': "Could not find net named: net15" (HIERARCHY_COMMANDS-007)
[13:36:47.48] /j ::wf::WaveView::plotSuccess WaveView_8 {} {_76a4920_void_pp _76eedd8_void_pp} 
[13:36:47.52] /j ::wf::WaveView::plotSuccess WaveView_8 {} {_76a4920_void_pp _76eeb80_void_pp} 
[13:36:47.60] /j ::wf::WaveView::plotSuccess WaveView_8 {} {_76a4920_void_pp _76eec48_void_pp} 
[13:36:47.62] /j ::wf::WaveView::plotSuccess WaveView_8 {} {_76a4920_void_pp _76eeea0_void_pp} 
[13:36:47.70] /m Information: Measurement calculations completed for testbench: HSPICE_default in 0s
[13:36:53.94] /i gi::setActiveWindow 3
[13:36:53.94] /i gi::setActiveWindow 3 -raise true
[13:36:54.99] /# gi::executeAction deCanvasZoomInAtPoint -in [gi::getWindows 3]
[13:36:54.99] /i de::zoom -window [gi::getWindows 3] -factor 2.0 -center {0.89375 1.88125}
[13:36:54.99] /o {-0.18125 0.36875} {5.075 3.2625}
[13:36:55.93] /# gi::executeAction deSelectActive -in [gi::getWindows 3]
[13:36:55.93] /i de::deselectAll [db::getNext [de::getContexts -window 3]]
[13:36:55.93] /i de::select [de::getActiveFigure [gi::getWindows 3] -point {1.3125 2.2625} -index 0 -intent none]
[13:36:55.93] /o oa:0x248d7c20
[13:36:57.43] /# gi::executeAction deCanvasZoomOutAtPoint -in [gi::getWindows 3]
[13:36:57.43] /i de::zoom -window [gi::getWindows 3] -factor 0.5 -center {1.7375 1.89375}
[13:36:57.43] /o {-2.1 -1.15625} {8.4125 4.63125}
[13:36:58.06] /# gi::executeAction deSelectActive -in [gi::getWindows 3]
[13:36:58.06] /i de::deselectAll [db::getNext [de::getContexts -window 3]]
[13:36:58.06] /i de::deselectAllLogic -context [db::getNext [de::getContexts -window 3]]
[13:36:58.44] /# gi::executeAction deSelectActive -in [gi::getWindows 3]
[13:36:58.44] /i de::deselectAll [db::getNext [de::getContexts -window 3]]
[13:36:58.44] /i de::select [de::getActiveFigure [gi::getWindows 3] -point {1 2.09375} -index 0 -intent none]
[13:36:58.44] /o oa:0x245b4a50
[13:37:00.54] /# gi::executeAction deSelectActive -in [gi::getWindows 3]
[13:37:00.54] /i de::deselectAll [db::getNext [de::getContexts -window 3]]
[13:37:00.54] /i de::select [de::getActiveFigure [gi::getWindows 3] -point {1.31875 3.75625} -index 0 -intent none]
[13:37:00.54] /o oa:0x28565140
[13:37:20.94] /# gi::executeAction deSelectActive -in [gi::getWindows 3]
[13:37:20.94] /i de::deselectAll [db::getNext [de::getContexts -window 3]]
[13:37:20.94] /i de::select [de::getActiveFigure [gi::getWindows 3] -point {1.3 1.7125} -index 0 -intent none]
[13:37:20.94] /o oa:0x1f9121f0
[13:37:22.60] /i gi::setItemSelection {attributes} -index {color,all} -in [gi::getAssistants dePropertyEditor -from [gi::getWindows 3]]
[13:37:22.61] /i gi::setCurrentIndex {attributes} -index {color,Value} -in [gi::getAssistants dePropertyEditor -from [gi::getWindows 3]]
[13:37:24.09] /i gi::setField {attributes} -value {ICC2_color14} -index {color,Value} -in [gi::getAssistants dePropertyEditor -from [gi::getWindows 3]]
[13:37:25.26] /# gi::executeAction deSelectActive -in [gi::getWindows 3]
[13:37:25.26] /i de::cycleActiveFigure [gi::getWindows 3] -direction next
[13:37:25.26] /o oa:0x24130fb0
[13:37:26.39] /# gi::executeAction deSelectActive -in [gi::getWindows 3]
[13:37:26.39] /i de::deselectAll [db::getNext [de::getContexts -window 3]]
[13:37:26.39] /i de::select [de::getActiveFigure [gi::getWindows 3] -point {1.3375 2.4125} -index 0 -intent none]
[13:37:26.39] /o oa:0x240cdc80
[13:37:26.44] /r giDialog gi::setActiveDialog [gi::getDialogs {dbSelectionChange} -parent [gi::getWindows 3]]
[13:37:26.72] /r giDialog db::setAttr geometry -of [gi::getDialogs {dbSelectionChange} -parent [gi::getWindows 3]] -value 432x82+744+573
[13:37:27.42] /r giDialog gi::pressButton {apply} -in [gi::getDialogs {dbSelectionChange} -parent [gi::getWindows 3]]
[13:37:28.58] /# gi::executeAction deDeselectActive -in [gi::getWindows 3]
[13:37:28.58] /i de::deselect [de::getActiveFigure [gi::getWindows 3] -point {1.075 2.15} -index 0 -intent deselect]
[13:37:28.58] /o oa:0x284d0390
[13:37:30.63] /i gi::setItemSelection {attributes} -index {color,all} -in [gi::getAssistants dePropertyEditor -from [gi::getWindows 3]]
[13:37:30.64] /i gi::setCurrentIndex {attributes} -index {color,Value} -in [gi::getAssistants dePropertyEditor -from [gi::getWindows 3]]
[13:37:34.24] /i gi::setField {attributes} -value {ICC2_color14} -index {color,Value} -in [gi::getAssistants dePropertyEditor -from [gi::getWindows 3]]
[13:37:35.30] /# gi::executeAction deSelectActive -in [gi::getWindows 3]
[13:37:35.30] /i de::deselectAll [db::getNext [de::getContexts -window 3]]
[13:37:35.35] /r giDialog gi::setActiveDialog [gi::getDialogs {dbSelectionChange} -parent [gi::getWindows 3]]
[13:37:35.63] /r giDialog db::setAttr geometry -of [gi::getDialogs {dbSelectionChange} -parent [gi::getWindows 3]] -value 432x82+744+573
[13:37:36.58] /r giDialog gi::pressButton {apply} -in [gi::getDialogs {dbSelectionChange} -parent [gi::getWindows 3]]
[13:37:36.59] /i de::deselectAllLogic -context [db::getNext [de::getContexts -window 3]]
[13:37:37.07] /# gi::executeAction deSelectActive -in [gi::getWindows 3]
[13:37:37.07] /i de::deselectAllLogic -context [db::getNext [de::getContexts -window 3]]
[13:38:08.94] /i gi::setActiveWindow 31
[13:38:08.94] /i gi::setActiveWindow 31 -raise true
[13:41:48.25] /i db::setAttr iconified -of [gi::getFrames 1] -value true
[13:41:48.31] /i db::setAttr iconified -of [gi::getFrames 1] -value false
[13:41:48.32] /i db::setAttr iconified -of [gi::getFrames 1] -value true
[13:41:48.61] /i db::setAttr geometry -of [gi::getFrames 1] -value 1439x824+289+180
[13:41:52.41] /m Information: Stopped sharing "Custom WaveView" license. (WAVEFORM-111)
[13:50:45.23] /i db::setAttr iconified -of [gi::getFrames 1] -value false
[13:50:48.69] /i db::setAttr geometry -of [gi::getFrames 1] -value 1439x824+292+180
[13:50:48.73] /i db::setAttr iconified -of [gi::getFrames 1] -value true
[13:50:49.84] /m Information: Waveform viewer exited normally.
[13:50:55.39] /i db::setAttr iconified -of [gi::getFrames 1] -value false
[13:50:56.37] /i gi::setActiveWindow 25
[13:50:56.37] /i gi::setActiveWindow 25 -raise true
[13:50:56.99] /i gi::setActiveWindow 2
[13:50:56.99] /i gi::setActiveWindow 2 -raise true
[13:51:02.68] /i gi::executeAction dmCellOpenParamDefEditor -in [gi::getWindows 2]
[13:51:02.68] /# oa::getAccess [oa::LibFind [oa::ScalarName [oa::CdbaNS] new_dff ]] read
[13:51:02.68] /# db::openParamDefEditor -cell [dm::findCell d\_ff -libName [oa::ScalarName [oa::CdbaNS] new\_dff ]] 
[13:51:02.68] /r giWindowId 32
[13:51:02.69] /r giWindowGeometry 625x400
[13:51:02.80] /# oa::releaseAccess [oa::LibFind [oa::ScalarName [oa::CdbaNS] new\_dff ]] 
[13:51:07.09] /i gi::executeAction giCloseWindow -in [gi::getWindows 32]
[13:51:07.19] /i gi::setActiveWindow 2
[13:51:07.19] /i gi::setActiveWindow 2 -raise true
[13:51:07.88] /i gi::setActiveWindow 25
[13:51:07.88] /i gi::setActiveWindow 25 -raise true
[13:51:08.90] /i gi::setActiveWindow 2
[13:51:08.90] /i gi::setActiveWindow 2 -raise true
[13:51:09.77] /i gi::setItemSelection {cells} -index {} -in [gi::getWindows 2]
[13:51:10.48] /# gi::executeAction dmShowNewCell -in [gi::getWindows 2]
[13:51:10.48] /i dm::showNewCell -parent 2
[13:51:10.49] /o oa:0x1e05ceb0
[13:51:10.53] /i gi::setActiveDialog [gi::getDialogs {dmNewCell} -parent [gi::getWindows 2]]
[13:51:10.80] /i db::setAttr geometry -of [gi::getDialogs {dmNewCell} -parent [gi::getWindows 2]] -value 448x227+725+417
[13:51:19.62] /i gi::setField {cellName} -value {d_latch_tb} -in [gi::getDialogs {dmNewCell} -parent [gi::getWindows 2]]
[13:51:19.62] /i gi::pressButton {ok} -in [gi::getDialogs {dmNewCell} -parent [gi::getWindows 2]]
[13:51:19.62] /# dm::createCell d\_latch\_tb -lib [ oa::LibFind [oa::ScalarName [oa::CdbaNS] new\_dff]]
[13:51:19.62] /# gi::setItemSelection {cells} -index {d_latch_tb} -in [gi::getDialogs {dmNewCell} -parent [gi::getWindows 2]]
[13:51:20.78] /i gi::setCurrentIndex {cells} -index {d_latch_tb} -in [gi::getWindows 2]
[13:51:20.78] /i gi::setItemSelection {cells} -index {d_latch_tb} -in [gi::getWindows 2]
[13:51:22.52] /i db::setAttr maximized -of [gi::getFrames 1] -value true
[13:51:22.82] /i db::setAttr dockSize -of [gi::getAssistants giConsole -from [gi::getWindows 2]] -value 1910x207
[13:51:22.83] /i db::setAttr geometry -of [gi::getFrames 1] -value 1910x1101+5+56
[13:51:23.95] /# gi::executeAction dmShowNewCellView -in [gi::getWindows 2]
[13:51:23.95] /i dm::showNewCellView -parent 2
[13:51:23.97] /o oa:0x27d0a0f0
[13:51:24.01] /i gi::setActiveDialog [gi::getDialogs {dmNewCellView} -parent [gi::getWindows 2]]
[13:51:24.29] /i db::setAttr geometry -of [gi::getDialogs {dmNewCellView} -parent [gi::getWindows 2]] -value 588x285+854+351
[13:51:28.66] /i gi::setField {cellViewName} -value {schematic} -in [gi::getDialogs {dmNewCellView} -parent [gi::getWindows 2]]
[13:51:29.11] /i gi::pressButton {ok} -in [gi::getDialogs {dmNewCellView} -parent [gi::getWindows 2]]
[13:51:29.11] /# db::getAttr viewType -of [dm::findCellView schematic -cell [dm::findCell d\_latch\_tb -lib [oa::LibFind [oa::ScalarName [oa::CdbaNS] new\_dff]]]]
[13:51:29.11] /# dm::createCellView schematic -cell [dm::findCell d\_latch\_tb -lib [ oa::LibFind [oa::ScalarName [oa::CdbaNS] new\_dff]]] -viewType schematic
[13:51:29.11] /# de::open [dm::findCellView schematic -cell [dm::findCell d\_latch\_tb -lib [oa::LibFind [oa::ScalarName [oa::CdbaNS] new\_dff]]]] -application seSchematic
[13:51:29.14] /r giWindowId 33
[13:51:29.15] /r giWindowGeometry 1632x1020
[13:51:29.36] /m Information: 
[13:51:29.37] /o Checking "new_dff/d_latch_tb/schematic"
[13:51:29.37] /o No rule violations found in "new_dff/d_latch_tb/schematic"
[13:51:29.37] /m Information: Checking process is completed: marking the design violations
[13:51:29.37] /m Information: Marking of designs is completed
[13:51:30.24] /i gi::setActiveWindow 2
[13:51:30.24] /i gi::setActiveWindow 2 -raise true
[13:51:31.23] /i gi::setCurrentIndex {cells} -index {d_ff} -in [gi::getWindows 2]
[13:51:31.23] /i gi::setItemSelection {cells} -index {d_ff} -in [gi::getWindows 2]
[13:51:32.42] /i gi::setCurrentIndex {views} -index {schematic} -in [gi::getWindows 2]
[13:51:32.42] /i gi::setItemSelection {views} -index {schematic} -in [gi::getWindows 2]
[13:51:33.41] /i gi::executeAction dmOpen -in [gi::getWindows 2]
[13:51:33.42] /r giWindowId 34
[13:51:33.43] /r giWindowGeometry 1632x1020
[13:51:33.62] /o "new_dff/d_ff/schematic" design does not need checking
[13:51:34.51] /i gi::executeAction deCanvasDragSelect -in [gi::getWindows 34]
[13:51:34.51] /r deCanvasDragStart -0.94375 4.6
[13:51:35.69] /# gi::executeAction deCanvasDragEnd -in [gi::getWindows 34]
[13:51:35.69] /i gi::executeAction deCanvasDragEnd -in [gi::getWindows 34]
[13:51:35.70] /r deCanvasDragEnd 5.33125 -0.00625
[13:51:36.06] /# gi::executeAction seCopy -in [gi::getWindows 34]
[13:51:36.06] /i ise::copy
[13:51:36.32] /# gi::executeAction deAddPoint -in [gi::getWindows 34]
[13:51:36.32] /i de::addPoint {2.3625 2.74375} -context [db::getNext [de::getContexts -window 34]]
[13:51:37.16] /i gi::setActiveWindow 2
[13:51:37.16] /i gi::setActiveWindow 2 -raise true
[13:51:38.03] /i gi::setCurrentIndex {cells} -index {d_latch_tb} -in [gi::getWindows 2]
[13:51:38.03] /i gi::setItemSelection {cells} -index {d_latch_tb} -in [gi::getWindows 2]
[13:51:39.09] /i gi::setCurrentIndex {views} -index {schematic} -in [gi::getWindows 2]
[13:51:39.09] /i gi::setItemSelection {views} -index {schematic} -in [gi::getWindows 2]
[13:51:39.90] /i gi::executeAction dmOpen -in [gi::getWindows 2]
[13:51:39.90] /r giWindowId 35
[13:51:39.92] /r giWindowGeometry 1632x1020
[13:51:40.16] /m Information: 
[13:51:40.16] /o Checking "new_dff/d_latch_tb/schematic"
[13:51:40.16] /o No rule violations found in "new_dff/d_latch_tb/schematic"
[13:51:40.16] /m Information: Checking process is completed: marking the design violations
[13:51:40.16] /m Information: Marking of designs is completed
[13:51:40.98] /# gi::executeAction deAddPoint -in [gi::getWindows 35]
[13:51:40.98] /i de::addPoint {4.21875 2.225} -context [db::getNext [de::getContexts -window 35]]
[13:51:42.23] /i gi::executeAction giCloseWindow -in [gi::getWindows 34]
[13:51:45.98] /# gi::executeAction seShowConsoleForWindow -in [gi::getWindows 35]
[13:51:45.98] /i sa::showConsole -context [db::getNext [de::getContexts -window 35]]
[13:51:46.01] /r giWindowId 36
[13:51:46.03] /r giWindowGeometry 600x500
[13:51:46.12] /o oa:0x241836d0
[13:51:46.16] /m Information: Launching Background sae_shell Server Process "cd /home/itsupport/Desktop/lab1vlsi && sae_shell -log sae_shell_session6_job1 -libDefFile /home/itsupport/Desktop/lab1vlsi/lib.defs"
[13:51:47.52] /# gi::executeAction saLoadState -in [gi::getWindows 36]
[13:51:47.52] /i sa::showLoadState -parent 36
[13:51:47.62] /o oa:0x286936b0
[13:51:47.68] /i gi::setActiveDialog [gi::getDialogs {saShowLoadState} -parent [gi::getWindows 36]]
[13:51:47.98] /i db::setAttr geometry -of [gi::getDialogs {saShowLoadState} -parent [gi::getWindows 36]] -value 603x720+778+424
[13:51:48.89] /i gi::setField {/cells} -value {d_latch_tb} -in [gi::getDialogs {saShowLoadState} -parent [gi::getWindows 36]]
[13:51:49.23] /m Information: Received ready-for-commands signal from background job 'sae_shell_session6_job1' after 3 seconds.
[13:51:49.79] /i gi::setField {/cells} -value {d_ff} -in [gi::getDialogs {saShowLoadState} -parent [gi::getWindows 36]]
[13:51:51.26] /i gi::setField {/simulators} -value {HSPICE} -in [gi::getDialogs {saShowLoadState} -parent [gi::getWindows 36]]
[13:51:51.61] /i db::setAttr geometry -of [gi::getDialogs {saShowLoadState} -parent [gi::getWindows 36]] -value 603x720+778+424
[13:51:55.22] /i gi::pressButton {/ok} -in [gi::getDialogs {saShowLoadState} -parent [gi::getWindows 36]]
[13:51:57.03] /i gi::executeAction giCloseWindow -in [gi::getWindows 36]
[13:51:57.11] /r giDialog gi::setActiveDialog [gi::getDialogs {giPrompt} -parent [gi::getWindows 36]]
[13:51:57.40] /r giDialog db::setAttr geometry -of [gi::getDialogs {giPrompt} -parent [gi::getWindows 36]] -value 292x82+814+573
[13:51:57.96] /r giDialog gi::pressButton {save} -in [gi::getDialogs {giPrompt} -parent [gi::getWindows 36]]
[13:51:58.16] /r giDialog gi::setActiveDialog [gi::getDialogs {saShowSaveState} -parent [gi::getWindows 36]]
[13:51:58.43] /r giDialog db::setAttr geometry -of [gi::getDialogs {saShowSaveState} -parent [gi::getWindows 36]] -value 462x528+729+350
[13:52:03.36] /r giDialog gi::setField {/name} -value {HSPICE_d_latch_tb} -in [gi::getDialogs {saShowSaveState} -parent [gi::getWindows 36]]
[13:52:03.36] /r giDialog gi::pressButton {/ok} -in [gi::getDialogs {saShowSaveState} -parent [gi::getWindows 36]]
[13:52:03.42] /i gi::setActiveWindow 35
[13:52:03.42] /i gi::setActiveWindow 35 -raise true
[13:52:04.77] /i gi::executeAction giCloseWindow -in [gi::getWindows 35]
[13:52:04.79] /i gi::setActiveWindow 2
[13:52:04.79] /i gi::setActiveWindow 2 -raise true
[13:52:05.18] /i gi::setActiveWindow 33
[13:52:05.18] /i gi::setActiveWindow 33 -raise true
[13:52:05.55] /i gi::executeAction giCloseWindow -in [gi::getWindows 33]
[13:52:05.60] /r giDialog gi::setActiveDialog [gi::getDialogs {deCloseDesign} -parent [gi::getWindows 33]]
[13:52:05.89] /r giDialog db::setAttr geometry -of [gi::getDialogs {deCloseDesign} -parent [gi::getWindows 33]] -value 468x82+726+573
[13:52:08.37] /r giDialog gi::pressButton {save} -in [gi::getDialogs {deCloseDesign} -parent [gi::getWindows 33]]
[13:52:08.37] /m Information: Saving design 'new_dff d_latch_tb schematic'. (DESIGN_WINDOW-004)
[13:52:08.42] /i gi::setActiveWindow 2
[13:52:08.42] /i gi::setActiveWindow 2 -raise true
[13:52:11.35] /i gi::setCurrentIndex {cells} -index {d_ff} -in [gi::getWindows 2]
[13:52:11.36] /i gi::setItemSelection {cells} -index {d_ff} -in [gi::getWindows 2]
[13:52:12.11] /i gi::setCurrentIndex {views} -index {schematic} -in [gi::getWindows 2]
[13:52:12.11] /i gi::setItemSelection {views} -index {schematic} -in [gi::getWindows 2]
[13:52:12.64] /i gi::executeAction dmOpen -in [gi::getWindows 2]
[13:52:12.65] /r giWindowId 37
[13:52:12.66] /r giWindowGeometry 1632x1020
[13:52:12.86] /o "new_dff/d_ff/schematic" design does not need checking
[13:52:13.95] /# gi::executeAction deSelectActive -in [gi::getWindows 37]
[13:52:13.95] /i de::deselectAll [db::getNext [de::getContexts -window 37]]
[13:52:13.95] /i de::select [de::getActiveFigure [gi::getWindows 37] -point {-0.61875 4.46875} -index 0 -intent none]
[13:52:13.95] /o oa:0x27cb31e0
[13:52:14.35] /i gi::executeAction deCanvasDragSelect -in [gi::getWindows 37]
[13:52:14.35] /r deCanvasDragStart -1.08125 4.7125
[13:52:15.54] /# gi::executeAction deCanvasDragEnd -in [gi::getWindows 37]
[13:52:15.54] /i gi::executeAction deCanvasDragEnd -in [gi::getWindows 37]
[13:52:15.54] /r deCanvasDragEnd 5.46875 -0.075
[13:52:16.27] /# gi::executeAction deCanvasZoomOutAtPoint -in [gi::getWindows 37]
[13:52:16.27] /i de::zoom -window [gi::getWindows 37] -factor 0.5 -center {5.1625 0.625}
[13:52:16.27] /o {-10.29375 -0.8625} {7.36875 8.8625}
[13:52:16.65] /# gi::executeAction seDelete -in [gi::getWindows 37]
[13:52:16.65] /i ise::delete
[13:52:17.31] /i gi::executeAction deCanvasDragCancel -in [gi::getWindows 37]
[13:52:17.53] /# gi::executeAction deFitEdit -in [gi::getWindows 37]
[13:52:17.53] /i de::fit -window 37 -fitEdit true
[13:52:17.53] /o {-1.46875 -0.80625} {8.35 4.6}
[13:52:18.58] /# gi::executeAction seCreateInst -in [gi::getWindows 37]
[13:52:18.58] /i ise::createInst
[13:52:18.61] /o seSchematic
[13:52:18.66] /i gi::setActiveDialog [gi::getDialogs {seCreateInst} -parent [gi::getWindows 37]]
[13:52:18.94] /i db::setAttr geometry -of [gi::getDialogs {seCreateInst}] -value 359x337+0+65
[13:52:20.12] /# gi::executeAction deAddPoint -in [gi::getWindows 37]
[13:52:20.12] /i de::addPoint {3.43125 3.35} -context [db::getNext [de::getContexts -window 37]]
[13:52:23.31] /# gi::executeAction deAddPoint -in [gi::getWindows 37]
[13:52:23.31] /i de::addPoint {5.775 3.3375} -context [db::getNext [de::getContexts -window 37]]
[13:52:24.52] /# gi::executeAction deAbortCommand -in [gi::getWindows 37]
[13:52:24.52] /i de::abortCommand -context [db::getNext [de::getContexts -window 37]]
[13:52:25.89] /i gi::setActiveWindow 2
[13:52:25.89] /i gi::setActiveWindow 2 -raise true
[13:52:27.52] /i gi::setCurrentIndex {libs} -index {parasitics} -in [gi::getWindows 2]
[13:52:27.53] /i gi::setItemSelection {libs} -index {parasitics} -in [gi::getWindows 2]
[13:52:27.92] /i gi::setCurrentIndex {libs} -index {project_d_ff} -in [gi::getWindows 2]
[13:52:27.93] /i gi::setItemSelection {libs} -index {project_d_ff} -in [gi::getWindows 2]
[13:52:29.03] /i gi::executeAction giCloseWindow -in [gi::getWindows 13]
[13:52:29.05] /i gi::setActiveWindow 13
[13:52:29.05] /i gi::setActiveWindow 13 -raise true
[13:52:29.14] /r giDialog gi::setActiveDialog [gi::getDialogs {giPrompt} -parent [gi::getWindows 13]]
[13:52:29.41] /r giDialog db::setAttr geometry -of [gi::getDialogs {giPrompt} -parent [gi::getWindows 13]] -value 292x82+814+573
[13:52:30.18] /r giDialog gi::pressButton {save} -in [gi::getDialogs {giPrompt} -parent [gi::getWindows 13]]
[13:52:30.34] /r giDialog gi::setActiveDialog [gi::getDialogs {saShowSaveState} -parent [gi::getWindows 13]]
[13:52:30.61] /r giDialog db::setAttr geometry -of [gi::getDialogs {saShowSaveState} -parent [gi::getWindows 13]] -value 501x558+710+335
[13:52:33.76] /r giDialog gi::setField {/name} -value {HSPICE_default} -in [gi::getDialogs {saShowSaveState} -parent [gi::getWindows 13]]
[13:52:33.84] /r giDialog gi::pressButton {/ok} -in [gi::getDialogs {saShowSaveState} -parent [gi::getWindows 13]]
[13:52:33.88] /i gi::setActiveWindow 2
[13:52:33.88] /i gi::setActiveWindow 2 -raise true
[13:52:35.11] /i gi::executeAction giCloseWindow -in [gi::getWindows 31]
[13:52:35.59] /i gi::executeAction giCloseWindow -in [gi::getWindows 3]
[13:52:35.64] /r giDialog gi::setActiveDialog [gi::getDialogs {deCloseDesign} -parent [gi::getWindows 3]]
[13:52:35.91] /r giDialog db::setAttr geometry -of [gi::getDialogs {deCloseDesign} -parent [gi::getWindows 3]] -value 460x82+730+573
[13:52:37.03] /r giDialog gi::closeWindows [gi::getDialogs {deCloseDesign} -parent [gi::getWindows 3]]
[13:52:37.56] /# gi::executeAction deCanvasZoomOutAtPoint -in [gi::getWindows 25]
[13:52:37.56] /i de::zoom -window [gi::getWindows 25] -factor 0.5 -center {1.88125 3.1125}
[13:52:37.56] /o {-3.04375 -1.1625} {5.78125 3.7}
[13:52:38.08] /i gi::setActiveWindow 3
[13:52:38.08] /i gi::setActiveWindow 3 -raise true
[13:52:39.00] /i gi::executeAction giCloseWindow -in [gi::getWindows 3]
[13:52:39.04] /r giDialog gi::setActiveDialog [gi::getDialogs {deCloseDesign} -parent [gi::getWindows 3]]
[13:52:39.31] /r giDialog db::setAttr geometry -of [gi::getDialogs {deCloseDesign} -parent [gi::getWindows 3]] -value 460x82+730+573
[13:52:40.05] /r giDialog gi::pressButton {save} -in [gi::getDialogs {deCloseDesign} -parent [gi::getWindows 3]]
[13:52:40.05] /m Information: Saving design 'new_dff D_latch schematic'. (DESIGN_WINDOW-004)
[13:52:40.09] /i gi::setActiveWindow 25
[13:52:40.09] /i gi::setActiveWindow 25 -raise true
[13:52:41.43] /i gi::setActiveWindow 2
[13:52:41.43] /i gi::setActiveWindow 2 -raise true
[13:52:42.52] /i gi::setCurrentIndex {cellCategories} -index {D_FF} -in [gi::getWindows 2]
[13:52:42.52] /i gi::setItemSelection {cellCategories} -index {D_FF} -in [gi::getWindows 2]
[13:52:44.04] /i gi::setCurrentIndex {cells} -index {D_latch} -in [gi::getWindows 2]
[13:52:44.04] /i gi::setItemSelection {cells} -index {D_latch} -in [gi::getWindows 2]
[13:52:44.38] /i gi::setCurrentIndex {cells} -index {D_FF} -in [gi::getWindows 2]
[13:52:44.38] /i gi::setItemSelection {cells} -index {D_FF} -in [gi::getWindows 2]
[13:52:45.13] /i gi::setCurrentIndex {views} -index {schematic} -in [gi::getWindows 2]
[13:52:45.14] /i gi::setItemSelection {views} -index {schematic} -in [gi::getWindows 2]
[13:52:45.38] /i gi::executeAction dmOpen -in [gi::getWindows 2]
[13:52:45.41] /r giWindowId 38
[13:52:45.41] /r giWindowGeometry 1632x1020
[13:52:45.59] /m Information: 
[13:52:45.59] /o Checking "project_d_ff/D_FF/schematic"
[13:52:45.59] /o No rule violations found in "project_d_ff/D_FF/schematic"
[13:52:45.59] /m Information: Checking process is completed: marking the design violations
[13:52:45.59] /m Information: Marking of designs is completed
[13:52:48.56] /i gi::setActiveWindow 37
[13:52:48.56] /i gi::setActiveWindow 37 -raise true
[13:52:50.00] /# gi::executeAction seCreateInst -in [gi::getWindows 37]
[13:52:50.00] /i ise::createInst
[13:52:50.03] /o seSchematic
[13:52:50.06] /i gi::setActiveDialog [gi::getDialogs {seCreateInst} -parent [gi::getWindows 37]]
[13:52:50.33] /i db::setAttr geometry -of [gi::getDialogs {seCreateInst}] -value 359x337+0+65
[13:52:52.69] /i gi::closeWindows [gi::getDialogs {seCreateInst} -parent [gi::getWindows 37]]
[13:52:54.28] /# gi::executeAction seSchCreateSchematicPin -in [gi::getWindows 37]
[13:52:54.28] /i ise::createSchematicPin
[13:52:55.93] /i gi::executeAction deObjectActivation -in [gi::getWindows 37]
[13:52:56.16] /# gi::executeAction deDeselectByRectangle -in [gi::getWindows 37]
[13:52:56.16] /i ide::selectByRegion -region rectangle -select false
[13:52:56.31] /i gi::executeAction deObjectActivation -in [gi::getWindows 37]
[13:52:59.89] /# gi::executeAction seCreateInst -in [gi::getWindows 37]
[13:52:59.89] /i ise::createInst
[13:52:59.93] /o seSchematic
[13:52:59.96] /i gi::setActiveDialog [gi::getDialogs {seCreateInst} -parent [gi::getWindows 37]]
[13:53:00.24] /i db::setAttr geometry -of [gi::getDialogs {seCreateInst}] -value 359x337+0+65
[13:53:00.95] /i de::abortCommand
[13:53:04.99] /# gi::executeAction seSchCreateWire -in [gi::getWindows 37]
[13:53:04.99] /i ise::createWire
[13:53:07.60] /# gi::executeAction seSchCreateWire -in [gi::getWindows 37]
[13:53:07.60] /i ise::createWire
[13:53:09.33] /i gi::setField {wiringNetName} -value {D} -in [gi::getToolbars {deCommandOptions} -from [gi::getWindows 37]]
[13:53:10.49] /# gi::executeAction seSchCreateSchematicPin -in [gi::getWindows 37]
[13:53:10.49] /i ise::createSchematicPin
[13:53:11.34] /i gi::executeAction deObjectActivation -in [gi::getWindows 37]
[13:53:11.44] /i gi::setField {schematicPinName} -value {D} -in [gi::getToolbars {deCommandOptions} -from [gi::getWindows 37]]
[13:53:11.53] /i gi::executeAction deObjectActivation -in [gi::getWindows 37]
[13:53:12.38] /# gi::executeAction deAddPoint -in [gi::getWindows 37]
[13:53:12.38] /i de::addPoint {2.2125 2.45} -context [db::getNext [de::getContexts -window 37]]
[13:53:13.36] /i gi::executeAction deObjectActivation -in [gi::getWindows 37]
[13:53:14.27] /i gi::setField {schematicPinName} -value {CLK} -in [gi::getToolbars {deCommandOptions} -from [gi::getWindows 37]]
[13:53:14.27] /i gi::executeAction deObjectActivation -in [gi::getWindows 37]
[13:53:15.53] /# gi::executeAction deAddPoint -in [gi::getWindows 37]
[13:53:15.53] /i de::addPoint {2.1375 0.8375} -context [db::getNext [de::getContexts -window 37]]
[13:53:16.77] /i gi::executeAction deObjectActivation -in [gi::getWindows 37]
[13:53:17.27] /i gi::setField {schematicPinName} -value {Q} -in [gi::getToolbars {deCommandOptions} -from [gi::getWindows 37]]
[13:53:17.28] /i gi::executeAction deObjectActivation -in [gi::getWindows 37]
[13:53:18.81] /i gi::setField {schematicPinType} -value {output} -in [gi::getToolbars {deCommandOptions} -from [gi::getWindows 37]]
[13:53:20.24] /# gi::executeAction deAddPoint -in [gi::getWindows 37]
[13:53:20.24] /i de::addPoint {8.11875 2.3} -context [db::getNext [de::getContexts -window 37]]
[13:53:21.52] /i gi::executeAction deObjectActivation -in [gi::getWindows 37]
[13:53:22.75] /i gi::setField {schematicPinName} -value {Qm} -in [gi::getToolbars {deCommandOptions} -from [gi::getWindows 37]]
[13:53:22.75] /i gi::executeAction deObjectActivation -in [gi::getWindows 37]
[13:53:23.28] /# gi::executeAction deAddPoint -in [gi::getWindows 37]
[13:53:23.28] /i de::addPoint {6.31875 3.43125} -context [db::getNext [de::getContexts -window 37]]
[13:53:28.68] /# gi::executeAction deAbortCommand -in [gi::getWindows 37]
[13:53:28.68] /i de::abortCommand -context [db::getNext [de::getContexts -window 37]]
[13:53:29.98] /# gi::executeAction seSchCreateWire -in [gi::getWindows 37]
[13:53:29.98] /i ise::createWire
[13:53:31.08] /# gi::executeAction deAddPoint -in [gi::getWindows 37]
[13:53:31.08] /i de::addPoint {2.09375 2.45} -context [db::getNext [de::getContexts -window 37]]
[13:53:31.12] /i de::setCursor -point {2.1875 2.4375 }
[13:53:32.09] /# gi::executeAction deAddPoint -in [gi::getWindows 37]
[13:53:32.09] /i de::addPoint {4.3875 2.45625} -context [db::getNext [de::getContexts -window 37]]
[13:53:34.32] /# gi::executeAction deAddPoint -in [gi::getWindows 37]
[13:53:34.32] /i de::addPoint {5.25 2.39375} -context [db::getNext [de::getContexts -window 37]]
[13:53:35.47] /# gi::executeAction deAddPoint -in [gi::getWindows 37]
[13:53:35.47] /i de::addPoint {6.35 3.4625} -context [db::getNext [de::getContexts -window 37]]
[13:53:36.50] /# gi::executeAction deAddPoint -in [gi::getWindows 37]
[13:53:36.50] /i de::addPoint {7.575 2.30625} -context [db::getNext [de::getContexts -window 37]]
[13:53:37.33] /# gi::executeAction deAddPoint -in [gi::getWindows 37]
[13:53:37.33] /i de::addPoint {8.19375 2.2875} -context [db::getNext [de::getContexts -window 37]]
[13:53:37.60] /# gi::executeAction deFitEdit -in [gi::getWindows 37]
[13:53:37.60] /i de::fit -window 37 -fitEdit true
[13:53:37.60] /o {1.43125 0.1} {8.7875 4.15}
[13:53:39.52] /# gi::executeAction seCreateInst -in [gi::getWindows 37]
[13:53:39.52] /i ise::createInst
[13:53:39.55] /o seSchematic
[13:53:39.60] /i gi::setActiveDialog [gi::getDialogs {seCreateInst} -parent [gi::getWindows 37]]
[13:53:39.91] /i db::setAttr geometry -of [gi::getDialogs {seCreateInst}] -value 359x337+0+65
[13:53:43.85] /i gi::setField {instMasterLib} -value {project_d_ff} -in [gi::getDialogs {seCreateInst} -parent [gi::getWindows 37]]
[13:53:44.14] /i db::setAttr geometry -of [gi::getDialogs {seCreateInst}] -value 359x337+0+65
[13:53:45.77] /i gi::setField {instMasterCell} -value {CLOCK_inv} -in [gi::getDialogs {seCreateInst} -parent [gi::getWindows 37]]
[13:53:46.13] /i db::setAttr geometry -of [gi::getDialogs {seCreateInst}] -value 359x337+0+65
[13:53:47.61] /# gi::executeAction deAddPoint -in [gi::getWindows 37]
[13:53:47.61] /i de::addPoint {4.775 0.2625} -context [db::getNext [de::getContexts -window 37]]
[13:53:47.69] /# gi::executeAction deAbortCommand -in [gi::getWindows 37]
[13:53:47.69] /i de::abortCommand -context [db::getNext [de::getContexts -window 37]]
[13:53:48.52] /# gi::executeAction seSchCreateWire -in [gi::getWindows 37]
[13:53:48.52] /i ise::createWire
[13:53:49.29] /# gi::executeAction deAddPoint -in [gi::getWindows 37]
[13:53:49.29] /i de::addPoint {2.04375 0.83125} -context [db::getNext [de::getContexts -window 37]]
[13:53:49.32] /i de::setCursor -point {2.125 0.8125 }
[13:53:50.05] /# gi::executeAction deAddPoint -in [gi::getWindows 37]
[13:53:50.05] /i de::addPoint {3.2375 0.8125} -context [db::getNext [de::getContexts -window 37]]
[13:53:51.57] /# gi::executeAction deAddPoint -in [gi::getWindows 37]
[13:53:51.57] /i de::addPoint {4.7625 0.8} -context [db::getNext [de::getContexts -window 37]]
[13:53:53.18] /# gi::executeAction deAddPoint -in [gi::getWindows 37]
[13:53:53.18] /i de::addPoint {6.66875 1.76875} -context [db::getNext [de::getContexts -window 37]]
[13:53:53.78] /# gi::executeAction deAbortCommand -in [gi::getWindows 37]
[13:53:53.78] /i de::abortCommand -context [db::getNext [de::getContexts -window 37]]
[13:53:54.22] /# gi::executeAction seButton1DragStart -in [gi::getWindows 37]
[13:53:54.22] /i ise::stretch -object [de::getActiveFigure [gi::getWindows 37] -point {3.9625 0.8} -index 0 -intent none] -point {3.9375 0.8125}
[13:53:54.73] /# gi::executeAction deEndDrag -in [gi::getWindows 37]
[13:53:54.73] /i de::endDrag {3.38125 0.7875} -context [db::getNext [de::getContexts -window 37]]
[13:53:55.65] /# gi::executeAction seSchCreateWire -in [gi::getWindows 37]
[13:53:55.65] /i ise::createWire
[13:53:56.75] /# gi::executeAction deAddPoint -in [gi::getWindows 37]
[13:53:56.75] /i de::addPoint {4.34375 1.80625} -context [db::getNext [de::getContexts -window 37]]
[13:53:56.76] /i de::setCursor -point {4.3125 1.8125 }
[13:53:56.77] /i de::setCursor -point {4.3125 1.75 }
[13:53:56.80] /i de::setCursor -point {4.25 1.625 }
[13:53:57.73] /# gi::executeAction deAddPoint -in [gi::getWindows 37]
[13:53:57.73] /i de::addPoint {4.2625 0.8125} -context [db::getNext [de::getContexts -window 37]]
[13:53:58.08] /# gi::executeAction deAbortCommand -in [gi::getWindows 37]
[13:53:58.08] /i de::abortCommand -context [db::getNext [de::getContexts -window 37]]
[13:53:59.26] /# gi::executeAction seSchCreateWire -in [gi::getWindows 37]
[13:53:59.26] /i ise::createWire
[13:54:00.19] /# gi::executeAction deAbortCommand -in [gi::getWindows 37]
[13:54:00.19] /i de::abortCommand -context [db::getNext [de::getContexts -window 37]]
[13:54:00.45] /# gi::executeAction deSelectActive -in [gi::getWindows 37]
[13:54:00.45] /i de::deselectAll [db::getNext [de::getContexts -window 37]]
[13:54:00.45] /i de::select [de::getActiveFigure [gi::getWindows 37] -point {2.45 0.8375} -index 0 -intent none]
[13:54:00.45] /o oa:0x1e4b5810
[13:54:02.37] /# gi::executeAction seSchCreateWire -in [gi::getWindows 37]
[13:54:02.37] /i ise::createWire
[13:54:03.32] /# gi::executeAction deAddPoint -in [gi::getWindows 37]
[13:54:03.32] /i de::addPoint {2.45 0.8125} -context [db::getNext [de::getContexts -window 37]]
[13:54:03.36] /i de::setCursor -point {2.4375 0.875 }
[13:54:04.54] /# gi::executeAction deAddPoint -in [gi::getWindows 37]
[13:54:04.54] /i de::addPoint {4.3875 2.24375} -context [db::getNext [de::getContexts -window 37]]
[13:54:05.85] /# gi::executeAction deAddPoint -in [gi::getWindows 37]
[13:54:05.85] /i de::addPoint {6.70625 2.175} -context [db::getNext [de::getContexts -window 37]]
[13:54:05.87] /i de::setCursor -point {6.625 2.1875 }
[13:54:06.94] /# gi::executeAction deAddPoint -in [gi::getWindows 37]
[13:54:06.94] /i de::addPoint {6.25 0.5} -context [db::getNext [de::getContexts -window 37]]
[13:54:07.07] /# gi::executeAction deAbortCommand -in [gi::getWindows 37]
[13:54:07.07] /i de::abortCommand -context [db::getNext [de::getContexts -window 37]]
[13:54:07.37] /# gi::executeAction deSelectActive -in [gi::getWindows 37]
[13:54:07.37] /i de::deselectAll [db::getNext [de::getContexts -window 37]]
[13:54:07.37] /i de::select [de::getActiveFigure [gi::getWindows 37] -point {6.49375 0.65} -index 0 -intent none]
[13:54:07.37] /o oa:0x2aa911a0
[13:54:08.21] /i gi::setItemSelection {attributes} -index {name,all} -in [gi::getAssistants dePropertyEditor -from [gi::getWindows 37]]
[13:54:08.21] /i gi::setCurrentIndex {attributes} -index {name,Value} -in [gi::getAssistants dePropertyEditor -from [gi::getWindows 37]]
[13:54:09.80] /i gi::setField {attributes} -value {CLK} -index {name,Value} -in [gi::getAssistants dePropertyEditor -from [gi::getWindows 37]]
[13:54:09.80] /i gi::executeAction dePropertyEditorApplyChanges -in [gi::getAssistants dePropertyEditor -from [gi::getWindows 37]]
[13:54:11.32] /# gi::executeAction seSchCreateWire -in [gi::getWindows 37]
[13:54:11.32] /i ise::createWire
[13:54:13.24] /# gi::executeAction deAddPoint -in [gi::getWindows 37]
[13:54:13.24] /i de::addPoint {6.66875 2.34375} -context [db::getNext [de::getContexts -window 37]]
[13:54:13.29] /i de::setCursor -point {6.625 2.375 }
[13:54:14.35] /# gi::executeAction deAddPoint -in [gi::getWindows 37]
[13:54:14.35] /i de::addPoint {5.80625 2.35} -context [db::getNext [de::getContexts -window 37]]
[13:54:15.43] /i gi::executeAction deSaveDesign -in [gi::getWindows 37]
[13:54:15.43] /m Information: Saving design 'new_dff d_ff schematic'. (DESIGN_WINDOW-004)
[13:54:15.58] /i gi::executeAction deSaveDesign -in [gi::getWindows 37]
[13:54:15.58] /m Information: Saving design 'new_dff d_ff schematic'. (DESIGN_WINDOW-004)
[13:54:15.72] /i gi::executeAction deSaveDesign -in [gi::getWindows 37]
[13:54:15.72] /m Information: Saving design 'new_dff d_ff schematic'. (DESIGN_WINDOW-004)
[13:54:15.87] /i gi::executeAction deSaveDesign -in [gi::getWindows 37]
[13:54:15.87] /m Information: Saving design 'new_dff d_ff schematic'. (DESIGN_WINDOW-004)
[13:54:16.00] /i gi::executeAction deSaveDesign -in [gi::getWindows 37]
[13:54:16.00] /m Information: Saving design 'new_dff d_ff schematic'. (DESIGN_WINDOW-004)
[13:54:16.16] /i gi::executeAction deSaveDesign -in [gi::getWindows 37]
[13:54:16.16] /m Information: Saving design 'new_dff d_ff schematic'. (DESIGN_WINDOW-004)
[13:54:16.31] /i gi::executeAction deSaveDesign -in [gi::getWindows 37]
[13:54:16.31] /m Information: Saving design 'new_dff d_ff schematic'. (DESIGN_WINDOW-004)
[13:54:17.19] /i gi::setActiveWindow 25
[13:54:17.19] /i gi::setActiveWindow 25 -raise true
[13:54:17.86] /i gi::executeAction giCloseWindow -in [gi::getWindows 25]
[13:54:17.91] /i gi::setActiveWindow 37
[13:54:17.91] /i gi::setActiveWindow 37 -raise true
[13:54:18.92] /i gi::executeAction deSaveDesign -in [gi::getWindows 37]
[13:54:18.92] /m Information: Saving design 'new_dff d_ff schematic'. (DESIGN_WINDOW-004)
[13:54:19.07] /i gi::executeAction deSaveDesign -in [gi::getWindows 37]
[13:54:19.07] /m Information: Saving design 'new_dff d_ff schematic'. (DESIGN_WINDOW-004)
[13:54:22.16] /# gi::executeAction deAbortCommand -in [gi::getWindows 37]
[13:54:22.16] /i de::abortCommand -context [db::getNext [de::getContexts -window 37]]
[13:54:22.38] /# gi::executeAction deSelectActive -in [gi::getWindows 37]
[13:54:22.38] /i de::deselectAll [db::getNext [de::getContexts -window 37]]
[13:54:22.38] /i de::select [de::getActiveFigure [gi::getWindows 37] -point {7.2375 1.75} -index 0 -intent none]
[13:54:22.38] /o oa:0x271adc20
[13:54:22.54] /# gi::executeAction deDescend -in [gi::getWindows 37]
[13:54:22.54] /i ide::descend 37 -inPlace false -promptView false -readOnly auto
[13:54:22.55] /# Navigating to new_dff/D_latch/schematic (I9)
[13:54:22.62] /o true
[13:54:24.84] /i gi::executeAction giCloseWindow -in [gi::getWindows 37]
[13:54:24.85] /i gi::setActiveWindow 38
[13:54:24.85] /i gi::setActiveWindow 38 -raise true
[13:54:25.96] /# gi::executeAction deSelectActive -in [gi::getWindows 38]
[13:54:25.96] /i de::deselectAll [db::getNext [de::getContexts -window 38]]
[13:54:25.96] /i de::select [de::getActiveFigure [gi::getWindows 38] -point {18.60625 5.15625} -index 0 -intent none]
[13:54:25.96] /o oa:0x1a7a8ca0
[13:54:29.49] /i gi::setActiveWindow 2
[13:54:29.49] /i gi::setActiveWindow 2 -raise true
[13:54:31.55] /i gi::executeAction giCloseWindow -in [gi::getWindows 38]
[13:54:32.14] /i gi::setCurrentIndex {libs} -index {parasitics} -in [gi::getWindows 2]
[13:54:32.15] /i gi::setItemSelection {libs} -index {parasitics} -in [gi::getWindows 2]
[13:54:32.58] /i gi::setCurrentIndex {libs} -index {new_dff} -in [gi::getWindows 2]
[13:54:32.58] /i gi::setItemSelection {libs} -index {new_dff} -in [gi::getWindows 2]
[13:54:33.25] /i gi::setCurrentIndex {cells} -index {d_latch_tb} -in [gi::getWindows 2]
[13:54:33.25] /i gi::setItemSelection {cells} -index {d_latch_tb} -in [gi::getWindows 2]
[13:54:34.22] /i gi::setCurrentIndex {cells} -index {d_ff} -in [gi::getWindows 2]
[13:54:34.22] /i gi::setItemSelection {cells} -index {d_ff} -in [gi::getWindows 2]
[13:54:34.87] /i gi::setCurrentIndex {cells} -index {d_latch_tb} -in [gi::getWindows 2]
[13:54:34.87] /i gi::setItemSelection {cells} -index {d_latch_tb} -in [gi::getWindows 2]
[13:54:35.48] /i gi::setCurrentIndex {cells} -index {trans_gate} -in [gi::getWindows 2]
[13:54:35.48] /i gi::setItemSelection {cells} -index {trans_gate} -in [gi::getWindows 2]
[13:54:37.53] /i gi::setCurrentIndex {cells} -index {d_ff} -in [gi::getWindows 2]
[13:54:37.53] /i gi::setItemSelection {cells} -index {d_ff} -in [gi::getWindows 2]
[13:54:38.36] /i gi::setCurrentIndex {views} -index {schematic} -in [gi::getWindows 2]
[13:54:38.36] /i gi::setItemSelection {views} -index {schematic} -in [gi::getWindows 2]
[13:54:38.87] /i gi::executeAction dmOpen -in [gi::getWindows 2]
[13:54:38.89] /r giWindowId 39
[13:54:38.89] /r giWindowGeometry 1632x1020
[13:54:39.08] /m Information: 
[13:54:39.08] /o Checking "new_dff/d_ff/schematic"
[13:54:39.08] /o No rule violations found in "new_dff/d_ff/schematic"
[13:54:39.08] /m Information: Checking process is completed: marking the design violations
[13:54:39.08] /m Information: Marking of designs is completed
[13:54:40.49] /# gi::executeAction deSelectActive -in [gi::getWindows 39]
[13:54:40.49] /i de::deselectAll [db::getNext [de::getContexts -window 39]]
[13:54:40.49] /i de::select [de::getActiveFigure [gi::getWindows 39] -point {7.1375 1.8625} -index 0 -intent none]
[13:54:40.49] /o oa:0x24c2c0a0
[13:54:41.57] /i gi::setItemSelection {attributes} -index {name,all} -in [gi::getAssistants dePropertyEditor -from [gi::getWindows 39]]
[13:54:41.57] /i gi::setCurrentIndex {attributes} -index {name,Value} -in [gi::getAssistants dePropertyEditor -from [gi::getWindows 39]]
[13:54:42.75] /i gi::setItemSelection {attributes} -index {} -in [gi::getAssistants dePropertyEditor -from [gi::getWindows 39]]
[13:54:42.75] /i gi::setCurrentIndex {attributes} -index {} -in [gi::getAssistants dePropertyEditor -from [gi::getWindows 39]]
[13:54:43.17] /# gi::executeAction deSelectActive -in [gi::getWindows 39]
[13:54:43.17] /i de::cycleActiveFigure [gi::getWindows 39] -direction next
[13:54:43.17] /o oa:0x1f8911b0
[13:54:44.35] /# gi::executeAction deSelectActive -in [gi::getWindows 39]
[13:54:44.35] /i de::cycleActiveFigure [gi::getWindows 39] -direction next
[13:54:44.35] /o oa:0x28675970
[13:54:44.51] /# gi::executeAction deDescend -in [gi::getWindows 39]
[13:54:44.51] /i ide::descend 39 -inPlace false -promptView false -readOnly auto
[13:54:44.51] /# Navigating to new_dff/D_latch/schematic (I9)
[13:54:44.55] /o true
[13:54:49.42] /# gi::executeAction deUpdateCellview -in [gi::getWindows 39]
[13:54:49.42] /i db::showUpdateCellView -parent 39
[13:54:49.43] /o oa:0x1b468f80
[13:54:49.80] /i db::setAttr geometry -of [gi::getDialogs {dbUpdateCellView} -parent [gi::getWindows 39]] -value 484x262+780+495
[13:54:50.90] /i gi::setActiveDialog [gi::getDialogs {dbUpdateCellView} -parent [gi::getWindows 39]]
[13:54:50.97] /i gi::pressButton {/ok} -in [gi::getDialogs {dbUpdateCellView} -parent [gi::getWindows 39]]
[13:54:50.99] /r giWindowId 40
[13:54:51.00] /r giWindowGeometry 1632x1020
[13:54:53.63] /i gi::executeAction giCloseWindow -in [gi::getWindows 40]
[13:54:53.64] /i gi::setActiveWindow 39
[13:54:53.64] /i gi::setActiveWindow 39 -raise true
[13:54:55.21] /i gi::executeAction giCloseWindow -in [gi::getWindows 39]
[13:54:55.26] /r giDialog gi::setActiveDialog [gi::getDialogs {deCloseDesign} -parent [gi::getWindows 39]]
[13:54:55.53] /r giDialog db::setAttr geometry -of [gi::getDialogs {deCloseDesign} -parent [gi::getWindows 39]] -value 460x82+730+573
[13:54:56.78] /r giDialog gi::pressButton {save} -in [gi::getDialogs {deCloseDesign} -parent [gi::getWindows 39]]
[13:54:56.78] /m Information: Saving design 'new_dff d_ff schematic'. (DESIGN_WINDOW-004)
[13:54:56.80] /i gi::setActiveWindow 2
[13:54:56.80] /i gi::setActiveWindow 2 -raise true
[13:54:58.42] /i gi::executeAction dmOpen -in [gi::getWindows 2]
[13:54:58.44] /r giWindowId 41
[13:54:58.44] /r giWindowGeometry 1632x1020
[13:54:58.62] /m Information: 
[13:54:58.62] /o Checking "new_dff/d_ff/schematic"
[13:54:58.62] /o No rule violations found in "new_dff/d_ff/schematic"
[13:54:58.62] /m Information: Checking process is completed: marking the design violations
[13:54:58.62] /m Information: Marking of designs is completed
[13:54:59.24] /# gi::executeAction deSelectActive -in [gi::getWindows 41]
[13:54:59.24] /i de::deselectAll [db::getNext [de::getContexts -window 41]]
[13:54:59.24] /i de::select [de::getActiveFigure [gi::getWindows 41] -point {7.29375 2.1125} -index 0 -intent none]
[13:54:59.24] /o oa:0x28175d70
[13:54:59.86] /# gi::executeAction seDelete -in [gi::getWindows 41]
[13:54:59.86] /i ise::delete
[13:55:00.04] /i gi::executeAction deCanvasDragCancel -in [gi::getWindows 41]
[13:55:00.76] /# gi::executeAction deSelectActive -in [gi::getWindows 41]
[13:55:00.76] /i de::deselectAll [db::getNext [de::getContexts -window 41]]
[13:55:00.76] /i de::select [de::getActiveFigure [gi::getWindows 41] -point {4.80625 2.16875} -index 0 -intent none]
[13:55:00.76] /o oa:0x1daac700
[13:55:00.91] /# gi::executeAction seCopy -in [gi::getWindows 41]
[13:55:00.91] /i ise::copy
[13:55:01.13] /# gi::executeAction deAddPoint -in [gi::getWindows 41]
[13:55:01.13] /i de::addPoint {4.80625 2.16875} -context [db::getNext [de::getContexts -window 41]]
[13:55:03.25] /# gi::executeAction deAddPoint -in [gi::getWindows 41]
[13:55:03.25] /i de::addPoint {7.15 2.1125} -context [db::getNext [de::getContexts -window 41]]
[13:55:03.36] /i gi::executeAction deCanvasDragCancel -in [gi::getWindows 41]
[13:55:03.67] /# gi::executeAction deSelectActive -in [gi::getWindows 41]
[13:55:03.67] /i de::deselectAll [db::getNext [de::getContexts -window 41]]
[13:55:03.67] /i de::deselectAllLogic -context [db::getNext [de::getContexts -window 41]]
[13:55:05.51] /# gi::executeAction deSelectActive -in [gi::getWindows 41]
[13:55:05.51] /i de::deselectAll [db::getNext [de::getContexts -window 41]]
[13:55:05.51] /i de::select [de::getActiveFigure [gi::getWindows 41] -point {7.29375 1.7875} -index 0 -intent none]
[13:55:05.51] /o oa:0x1ec1dc80
[13:55:05.94] /# gi::executeAction deSelectActive -in [gi::getWindows 41]
[13:55:05.94] /i de::deselectAll [db::getNext [de::getContexts -window 41]]
[13:55:05.94] /i de::deselectAllLogic -context [db::getNext [de::getContexts -window 41]]
[13:55:06.62] /# gi::executeAction deSelectActive -in [gi::getWindows 41]
[13:55:06.62] /i de::deselectAll [db::getNext [de::getContexts -window 41]]
[13:55:06.62] /i de::select [de::getActiveFigure [gi::getWindows 41] -point {7.28125 1.875} -index 0 -intent none]
[13:55:06.62] /o oa:0x1e636ce0
[13:55:07.77] /i gi::setItemSelection {attributes} -index {master,all} -in [gi::getAssistants dePropertyEditor -from [gi::getWindows 41]]
[13:55:07.78] /i gi::setCurrentIndex {attributes} -index {master,Value} -in [gi::getAssistants dePropertyEditor -from [gi::getWindows 41]]
[13:55:11.86] /# gi::executeAction deSelectActive -in [gi::getWindows 41]
[13:55:11.86] /i de::deselectAll [db::getNext [de::getContexts -window 41]]
[13:55:11.86] /i de::deselectAllLogic -context [db::getNext [de::getContexts -window 41]]
[13:55:15.56] /# gi::executeAction seButton1DragStart -in [gi::getWindows 41]
[13:55:15.57] /i ise::stretch -object [de::getActiveFigure [gi::getWindows 41] -point {3.6125 0.775} -index 0 -intent none] -point {3.625 0.75}
[13:55:15.97] /# gi::executeAction deEndDrag -in [gi::getWindows 41]
[13:55:15.97] /i de::endDrag {3.53125 0.775} -context [db::getNext [de::getContexts -window 41]]
[13:55:16.88] /# gi::executeAction seButton1DragStart -in [gi::getWindows 41]
[13:55:16.88] /i ise::stretch -object [de::getActiveFigure [gi::getWindows 41] -point {2 0.775} -index 0 -intent none] -point {2 0.75}
[13:55:17.37] /# gi::executeAction deEndDrag -in [gi::getWindows 41]
[13:55:17.37] /i de::endDrag {1.3625 0.7625} -context [db::getNext [de::getContexts -window 41]]
[13:55:18.09] /# gi::executeAction deSelectActive -in [gi::getWindows 41]
[13:55:18.09] /i de::deselectAll [db::getNext [de::getContexts -window 41]]
[13:55:18.09] /i de::select [de::getActiveFigure [gi::getWindows 41] -point {2.41875 1.56875} -index 0 -intent none]
[13:55:18.09] /o oa:0x2449c0c0
[13:55:18.65] /# gi::executeAction seDelete -in [gi::getWindows 41]
[13:55:18.65] /i ise::delete
[13:55:18.96] /i gi::executeAction deCanvasDragCancel -in [gi::getWindows 41]
[13:55:19.60] /# gi::executeAction deSelectActive -in [gi::getWindows 41]
[13:55:19.60] /i de::deselectAll [db::getNext [de::getContexts -window 41]]
[13:55:19.60] /i de::select [de::getActiveFigure [gi::getWindows 41] -point {3.44375 2.2625} -index 0 -intent none]
[13:55:19.60] /o oa:0x1dc23160
[13:55:22.08] /i gi::setItemSelection {attributes} -index {name,all} -in [gi::getAssistants dePropertyEditor -from [gi::getWindows 41]]
[13:55:22.08] /i gi::setCurrentIndex {attributes} -index {name,Value} -in [gi::getAssistants dePropertyEditor -from [gi::getWindows 41]]
[13:55:23.96] /i gi::setField {attributes} -value {CLK} -index {name,Value} -in [gi::getAssistants dePropertyEditor -from [gi::getWindows 41]]
[13:55:23.96] /i gi::executeAction dePropertyEditorApplyChanges -in [gi::getAssistants dePropertyEditor -from [gi::getWindows 41]]
[13:55:25.37] /i gi::executeAction deSaveDesign -in [gi::getWindows 41]
[13:55:25.37] /m Information: Saving design 'new_dff d_ff schematic'. (DESIGN_WINDOW-004)
[13:55:25.51] /i gi::executeAction deSaveDesign -in [gi::getWindows 41]
[13:55:25.51] /m Information: Saving design 'new_dff d_ff schematic'. (DESIGN_WINDOW-004)
[13:55:25.64] /i gi::executeAction deSaveDesign -in [gi::getWindows 41]
[13:55:25.65] /m Information: Saving design 'new_dff d_ff schematic'. (DESIGN_WINDOW-004)
[13:55:25.99] /i gi::setActiveWindow 2
[13:55:25.99] /i gi::setActiveWindow 2 -raise true
[13:55:26.99] /# gi::executeAction dmShowNewCell -in [gi::getWindows 2]
[13:55:26.99] /i dm::showNewCell -parent 2
[13:55:27.01] /o oa:0x1dc0b020
[13:55:27.05] /i gi::setActiveDialog [gi::getDialogs {dmNewCell} -parent [gi::getWindows 2]]
[13:55:27.31] /i db::setAttr geometry -of [gi::getDialogs {dmNewCell} -parent [gi::getWindows 2]] -value 448x227+725+417
[13:55:31.24] /i gi::setField {cellName} -value {d_ff_tb} -in [gi::getDialogs {dmNewCell} -parent [gi::getWindows 2]]
[13:55:31.25] /i gi::pressButton {ok} -in [gi::getDialogs {dmNewCell} -parent [gi::getWindows 2]]
[13:55:31.25] /# dm::createCell d\_ff\_tb -lib [ oa::LibFind [oa::ScalarName [oa::CdbaNS] new\_dff]]
[13:55:31.25] /# gi::setItemSelection {cells} -index {} -in [gi::getDialogs {dmNewCell} -parent [gi::getWindows 2]]
[13:55:31.25] /# gi::setItemSelection {cells} -index {d_ff_tb} -in [gi::getDialogs {dmNewCell} -parent [gi::getWindows 2]]
[13:55:32.25] /i gi::setCurrentIndex {cells} -index {d_ff_tb} -in [gi::getWindows 2]
[13:55:32.25] /i gi::setItemSelection {cells} -index {d_ff_tb} -in [gi::getWindows 2]
[13:55:33.30] /# gi::executeAction dmShowNewCellView -in [gi::getWindows 2]
[13:55:33.30] /i dm::showNewCellView -parent 2
[13:55:33.33] /o oa:0x27710d90
[13:55:33.37] /i gi::setActiveDialog [gi::getDialogs {dmNewCellView} -parent [gi::getWindows 2]]
[13:55:33.62] /i db::setAttr geometry -of [gi::getDialogs {dmNewCellView} -parent [gi::getWindows 2]] -value 588x285+854+351
[13:55:35.80] /i gi::setField {cellViewName} -value {schematic} -in [gi::getDialogs {dmNewCellView} -parent [gi::getWindows 2]]
[13:55:36.38] /i gi::pressButton {ok} -in [gi::getDialogs {dmNewCellView} -parent [gi::getWindows 2]]
[13:55:36.38] /# db::getAttr viewType -of [dm::findCellView schematic -cell [dm::findCell d\_ff\_tb -lib [oa::LibFind [oa::ScalarName [oa::CdbaNS] new\_dff]]]]
[13:55:36.39] /# dm::createCellView schematic -cell [dm::findCell d\_ff\_tb -lib [ oa::LibFind [oa::ScalarName [oa::CdbaNS] new\_dff]]] -viewType schematic
[13:55:36.39] /# de::open [dm::findCellView schematic -cell [dm::findCell d\_ff\_tb -lib [oa::LibFind [oa::ScalarName [oa::CdbaNS] new\_dff]]]] -application seSchematic
[13:55:36.40] /r giWindowId 42
[13:55:36.41] /r giWindowGeometry 1632x1020
[13:55:36.57] /m Information: 
[13:55:36.57] /o Checking "new_dff/d_ff_tb/schematic"
[13:55:36.57] /o No rule violations found in "new_dff/d_ff_tb/schematic"
[13:55:36.57] /m Information: Checking process is completed: marking the design violations
[13:55:36.57] /m Information: Marking of designs is completed
[13:55:37.30] /i gi::setActiveWindow 2
[13:55:37.30] /i gi::setActiveWindow 2 -raise true
[13:55:38.01] /i gi::setCurrentIndex {cells} -index {d_ff} -in [gi::getWindows 2]
[13:55:38.01] /i gi::setItemSelection {cells} -index {d_ff} -in [gi::getWindows 2]
[13:55:38.66] /i gi::setCurrentIndex {views} -index {schematic} -in [gi::getWindows 2]
[13:55:38.66] /i gi::setItemSelection {views} -index {schematic} -in [gi::getWindows 2]
[13:55:40.05] /i gi::executeAction dmOpen -in [gi::getWindows 2]
[13:55:40.06] /r giWindowId 43
[13:55:40.06] /r giWindowGeometry 1632x1020
[13:55:40.25] /m Information: 
[13:55:40.25] /o Checking "new_dff/d_ff/schematic"
[13:55:40.25] /o No rule violations found in "new_dff/d_ff/schematic"
[13:55:40.25] /m Information: Checking process is completed: marking the design violations
[13:55:40.25] /m Information: Marking of designs is completed
[13:55:44.76] /# gi::executeAction deCellviewFromCellview -in [gi::getWindows 43]
[13:55:44.76] /i db::showCellViewFromCellView -src [db::getAttr container -of [db::getAttr editFile -of [db::getNext [de::getContexts -window 43]]]] 
[13:55:44.83] /o oa:0x1ee3a480
[13:55:44.87] /i gi::setActiveDialog [gi::getDialogs {dbCellViewFromCellView}]
[13:55:45.11] /i db::setAttr geometry -of [gi::getDialogs {dbCellViewFromCellView}] -value 628x339+636+409
[13:55:46.00] /i gi::pressButton {ok} -in [gi::getDialogs {dbCellViewFromCellView}]
[13:55:46.02] /r giWindowId 44
[13:55:46.03] /r giWindowGeometry 1632x1020
[13:55:47.09] /# gi::executeAction deCanvasZoomOutAtPoint -in [gi::getWindows 44]
[13:55:47.09] /i de::zoom -window [gi::getWindows 44] -factor 0.5 -center {0.75 0.76875}
[13:55:47.10] /o {-3.875 -2.21875} {4.0125 1.83125}
[13:55:47.27] /# gi::executeAction deCanvasZoomOutAtPoint -in [gi::getWindows 44]
[13:55:47.28] /i de::zoom -window [gi::getWindows 44] -factor 0.5 -center {0.75625 0.775}
[13:55:47.28] /o {-8.50625 -5.21875} {7.26875 2.89375}
[13:55:47.77] /# gi::executeAction deCanvasZoomInAtPoint -in [gi::getWindows 44]
[13:55:47.77] /i de::zoom -window [gi::getWindows 44] -factor 2.0 -center {-0.03125 1.38125}
[13:55:47.77] /o {-4.26875 -1.91875} {3.61875 2.1375}
[13:55:48.14] /# gi::executeAction deCanvasZoomInAtPoint -in [gi::getWindows 44]
[13:55:48.14] /i de::zoom -window [gi::getWindows 44] -factor 2.0 -center {0.2375 1.1}
[13:55:48.14] /o {-2.0125 -0.40625} {1.925 1.61875}
[13:55:48.68] /i gi::executeAction deCanvasDragSelect -in [gi::getWindows 44]
[13:55:48.69] /r deCanvasDragStart 0.2875 1.25625
[13:55:49.26] /# gi::executeAction deCanvasDragEnd -in [gi::getWindows 44]
[13:55:49.26] /i gi::executeAction deCanvasDragEnd -in [gi::getWindows 44]
[13:55:49.27] /r deCanvasDragEnd 0.65 0.31875
[13:55:52.20] /# gi::executeAction seRotateCCWCenter -in [gi::getWindows 44]
[13:55:52.20] /i se::move [de::getSelected -design [db::getAttr editDesign -of [db::getNext [de::getContexts -window 44]]]]  -rotate R90
[13:55:55.72] /# gi::executeAction seFlipHorizontalCenter -in [gi::getWindows 44]
[13:55:55.72] /i se::move [de::getSelected -design [db::getAttr editDesign -of [db::getNext [de::getContexts -window 44]]]]  -rotate MY
[13:55:57.00] /# gi::executeAction seButton1DragStart -in [gi::getWindows 44]
[13:55:57.00] /i ise::stretch -point {0.3125 0.75}
[13:55:58.68] /# gi::executeAction deEndDrag -in [gi::getWindows 44]
[13:55:58.68] /i de::endDrag {0.875 0.3} -context [db::getNext [de::getContexts -window 44]]
[13:55:59.06] /# gi::executeAction deSelectActive -in [gi::getWindows 44]
[13:55:59.06] /i de::deselectAll [db::getNext [de::getContexts -window 44]]
[13:55:59.06] /i de::deselectAllLogic -context [db::getNext [de::getContexts -window 44]]
[13:55:59.27] /# gi::executeAction deCanvasZoomOutAtPoint -in [gi::getWindows 44]
[13:55:59.27] /i de::zoom -window [gi::getWindows 44] -factor 0.5 -center {1.11875 0.14375}
[13:55:59.28] /o {-5.15 -0.9625} {2.7375 3.09375}
[13:55:59.31] /# gi::executeAction deCanvasZoomOutAtPoint -in [gi::getWindows 44]
[13:55:59.31] /i de::zoom -window [gi::getWindows 44] -factor 0.5 -center {1.1125 0.14375}
[13:55:59.31] /o {-11.4125 -2.06875} {4.3625 6.04375}
[13:55:59.61] /# gi::executeAction deFitView -in [gi::getWindows 44]
[13:55:59.61] /i de::fit -window 44 -fitView true
[13:55:59.61] /o {-0.925 -0.69375} {1.78125 0.69375}
[13:56:01.11] /# gi::executeAction deSelectActive -in [gi::getWindows 44]
[13:56:01.11] /i de::deselectAll [db::getNext [de::getContexts -window 44]]
[13:56:01.11] /i de::select [de::getActiveFigure [gi::getWindows 44] -point {0.60625 -0.06875} -index 0 -intent none]
[13:56:01.11] /o oa:0x1ef93810
[13:56:01.82] /# gi::executeAction seDelete -in [gi::getWindows 44]
[13:56:01.82] /i ise::delete
[13:56:02.25] /# gi::executeAction deSelectActive -in [gi::getWindows 44]
[13:56:02.25] /i de::deselectAll [db::getNext [de::getContexts -window 44]]
[13:56:02.25] /i de::select [de::getActiveFigure [gi::getWindows 44] -point {0.5625 -0.175} -index 0 -intent none]
[13:56:02.25] /o oa:0x29a1b680
[13:56:04.23] /i de::undoTransaction -design [db::getAttr editDesign -of [de::getContexts -window 44]] -steps 1
[13:56:04.95] /# gi::executeAction deSelectActive -in [gi::getWindows 44]
[13:56:04.95] /i de::deselectAll [db::getNext [de::getContexts -window 44]]
[13:56:04.95] /i de::select [de::getActiveFigure [gi::getWindows 44] -point {0.43125 -0.25} -index 0 -intent none]
[13:56:04.95] /o oa:0x277473e0
[13:56:05.21] /# gi::executeAction seDelete -in [gi::getWindows 44]
[13:56:05.21] /i ise::delete
[13:56:05.54] /# gi::executeAction deSelectActive -in [gi::getWindows 44]
[13:56:05.55] /i de::deselectAll [db::getNext [de::getContexts -window 44]]
[13:56:05.55] /i de::select [de::getActiveFigure [gi::getWindows 44] -point {0.4375 -0.1875} -index 0 -intent none]
[13:56:05.55] /o oa:0x285ca990
[13:56:05.66] /# gi::executeAction seDelete -in [gi::getWindows 44]
[13:56:05.66] /i ise::delete
[13:56:06.26] /# gi::executeAction deSelectActive -in [gi::getWindows 44]
[13:56:06.27] /i de::deselectAll [db::getNext [de::getContexts -window 44]]
[13:56:06.27] /i de::select [de::getActiveFigure [gi::getWindows 44] -point {0.44375 -0.40625} -index 0 -intent none]
[13:56:06.27] /o oa:0x25ea0b40
[13:56:06.42] /# gi::executeAction seDelete -in [gi::getWindows 44]
[13:56:06.42] /i ise::delete
[13:56:06.89] /i gi::executeAction deCanvasDragCancel -in [gi::getWindows 44]
[13:56:07.25] /# gi::executeAction deSelectActive -in [gi::getWindows 44]
[13:56:07.25] /i de::deselectAll [db::getNext [de::getContexts -window 44]]
[13:56:07.25] /i de::select [de::getActiveFigure [gi::getWindows 44] -point {0.325 -0.08125} -index 0 -intent none]
[13:56:07.25] /o oa:0x255b1730
[13:56:07.54] /# gi::executeAction seButton1DragStart -in [gi::getWindows 44]
[13:56:07.54] /i ise::stretch -point {0.3125 -0.0625}
[13:56:09.00] /# gi::executeAction deEndDrag -in [gi::getWindows 44]
[13:56:09.00] /i de::endDrag {0.33125 0.4125} -context [db::getNext [de::getContexts -window 44]]
[13:56:09.54] /# gi::executeAction deSelectActive -in [gi::getWindows 44]
[13:56:09.54] /i de::deselectAll [db::getNext [de::getContexts -window 44]]
[13:56:09.54] /i de::select [de::getActiveFigure [gi::getWindows 44] -point {0.90625 0.5375} -index 0 -intent none]
[13:56:09.54] /o oa:0x2464cb90
[13:56:10.02] /# gi::executeAction seButton1DragStart -in [gi::getWindows 44]
[13:56:10.02] /i ise::stretch -point {0.9375 0.5}
[13:56:10.74] /# gi::executeAction deEndDrag -in [gi::getWindows 44]
[13:56:10.74] /i de::endDrag {0.45 0.69375} -context [db::getNext [de::getContexts -window 44]]
[13:56:11.79] /i gi::executeAction deCanvasDragSelect -in [gi::getWindows 44]
[13:56:11.79] /r deCanvasDragStart -0.66875 0.1375
[13:56:12.54] /# gi::executeAction deCanvasDragEnd -in [gi::getWindows 44]
[13:56:12.54] /i gi::executeAction deCanvasDragEnd -in [gi::getWindows 44]
[13:56:12.54] /r deCanvasDragEnd 0.51875 -0.0875
[13:56:13.26] /# gi::executeAction seButton1DragStart -in [gi::getWindows 44]
[13:56:13.26] /i ise::stretch -object [de::getActiveFigure [gi::getWindows 44] -point {0.16875 0} -index 0 -intent none] -point {0.1875 0}
[13:56:13.95] /# gi::executeAction deEndDrag -in [gi::getWindows 44]
[13:56:13.95] /i de::endDrag {0.1625 -0.4} -context [db::getNext [de::getContexts -window 44]]
[13:56:15.03] /i de::undoTransaction -design [db::getAttr editDesign -of [de::getContexts -window 44]] -steps 1
[13:56:16.01] /# gi::executeAction seButton1DragStart -in [gi::getWindows 44]
[13:56:16.01] /i ise::stretch -point {0 0}
[13:56:16.53] /# gi::executeAction deEndDrag -in [gi::getWindows 44]
[13:56:16.53] /i de::endDrag {-0.01875 -0.45} -context [db::getNext [de::getContexts -window 44]]
[13:56:17.02] /i gi::executeAction deCanvasDragSelect -in [gi::getWindows 44]
[13:56:17.02] /r deCanvasDragStart -0.64375 0.05
[13:56:17.49] /# gi::executeAction deCanvasDragEnd -in [gi::getWindows 44]
[13:56:17.49] /i gi::executeAction deCanvasDragEnd -in [gi::getWindows 44]
[13:56:17.49] /r deCanvasDragEnd 0.525 -0.24375
[13:56:18.29] /# gi::executeAction seButton1DragStart -in [gi::getWindows 44]
[13:56:18.29] /i ise::stretch -point {0 -0.125}
[13:56:19.49] /# gi::executeAction deEndDrag -in [gi::getWindows 44]
[13:56:19.49] /i de::endDrag {0.0125 0.1125} -context [db::getNext [de::getContexts -window 44]]
[13:56:20.33] /# gi::executeAction deSelectActive -in [gi::getWindows 44]
[13:56:20.33] /i de::deselectAll [db::getNext [de::getContexts -window 44]]
[13:56:20.33] /i de::deselectAllLogic -context [db::getNext [de::getContexts -window 44]]
[13:56:20.61] /i gi::executeAction deCanvasDragSelect -in [gi::getWindows 44]
[13:56:20.61] /r deCanvasDragStart 1.55625 -0.3
[13:56:21.09] /# gi::executeAction deCanvasDragEnd -in [gi::getWindows 44]
[13:56:21.09] /i gi::executeAction deCanvasDragEnd -in [gi::getWindows 44]
[13:56:21.09] /r deCanvasDragEnd 0.575 0.06875
[13:56:21.85] /# gi::executeAction seButton1DragStart -in [gi::getWindows 44]
[13:56:21.85] /i ise::stretch -point {0.875 -0.0625}
[13:56:23.64] /# gi::executeAction deEndDrag -in [gi::getWindows 44]
[13:56:23.64] /i de::endDrag {0.86875 0.0875} -context [db::getNext [de::getContexts -window 44]]
[13:56:24.60] /# gi::executeAction deSelectActive -in [gi::getWindows 44]
[13:56:24.60] /i de::deselectAll [db::getNext [de::getContexts -window 44]]
[13:56:24.60] /i de::deselectAllLogic -context [db::getNext [de::getContexts -window 44]]
[13:56:26.76] /i gi::executeAction deSaveDesign -in [gi::getWindows 44]
[13:56:26.76] /m Information: Saving design 'new_dff d_ff symbol'. (DESIGN_WINDOW-004)
[13:56:27.29] /i gi::setActiveWindow 43
[13:56:27.29] /i gi::setActiveWindow 43 -raise true
[13:56:28.56] /i gi::executeAction giCloseWindow -in [gi::getWindows 43]
[13:56:28.57] /i gi::setActiveWindow 44
[13:56:28.57] /i gi::setActiveWindow 44 -raise true
[13:56:29.03] /i gi::executeAction giCloseWindow -in [gi::getWindows 44]
[13:56:29.04] /i gi::setActiveWindow 42
[13:56:29.04] /i gi::setActiveWindow 42 -raise true
[13:56:29.51] /i gi::setActiveWindow 2
[13:56:29.52] /i gi::setActiveWindow 2 -raise true
[13:56:30.60] /i gi::setCurrentIndex {cells} -index {d_ff_tb} -in [gi::getWindows 2]
[13:56:30.61] /i gi::setItemSelection {cells} -index {d_ff_tb} -in [gi::getWindows 2]
[13:56:30.92] /i gi::setCurrentIndex {cells} -index {d_latch_tb} -in [gi::getWindows 2]
[13:56:30.92] /i gi::setItemSelection {cells} -index {d_latch_tb} -in [gi::getWindows 2]
[13:56:31.65] /i gi::setCurrentIndex {cells} -index {d_ff} -in [gi::getWindows 2]
[13:56:31.65] /i gi::setItemSelection {cells} -index {d_ff} -in [gi::getWindows 2]
[13:56:32.37] /i gi::setCurrentIndex {cells} -index {d_latch_tb} -in [gi::getWindows 2]
[13:56:32.37] /i gi::setItemSelection {cells} -index {d_latch_tb} -in [gi::getWindows 2]
[13:56:32.73] /i gi::setCurrentIndex {cells} -index {d_ff_tb} -in [gi::getWindows 2]
[13:56:32.73] /i gi::setItemSelection {cells} -index {d_ff_tb} -in [gi::getWindows 2]
[13:56:33.69] /i gi::setCurrentIndex {views} -index {schematic} -in [gi::getWindows 2]
[13:56:33.69] /i gi::setItemSelection {views} -index {schematic} -in [gi::getWindows 2]
[13:56:33.84] /i gi::executeAction dmOpen -in [gi::getWindows 2]
[13:56:33.84] /r giWindowId 45
[13:56:33.85] /r giWindowGeometry 1632x1020
[13:56:34.02] /m Information: 
[13:56:34.02] /o Checking "new_dff/d_ff_tb/schematic"
[13:56:34.02] /o No rule violations found in "new_dff/d_ff_tb/schematic"
[13:56:34.02] /m Information: Checking process is completed: marking the design violations
[13:56:34.02] /m Information: Marking of designs is completed
[13:57:19.70] /# gi::executeAction seCreateInst -in [gi::getWindows 45]
[13:57:19.71] /i ise::createInst
[13:57:19.75] /i gi::setActiveDialog [gi::getDialogs {seCreateInst} -parent [gi::getWindows 45]]
[13:57:20.02] /i db::setAttr geometry -of [gi::getDialogs {seCreateInst}] -value 359x337+0+65
[13:57:21.81] /i gi::setField {instMasterLib} -value {new_dff} -in [gi::getDialogs {seCreateInst} -parent [gi::getWindows 45]]
[13:57:22.12] /i db::setAttr geometry -of [gi::getDialogs {seCreateInst}] -value 359x337+0+65
[13:57:25.18] /i gi::setField {instMasterCell} -value {d_ff} -in [gi::getDialogs {seCreateInst} -parent [gi::getWindows 45]]
[13:57:25.51] /i db::setAttr geometry -of [gi::getDialogs {seCreateInst}] -value 359x337+0+65
[13:57:27.03] /# gi::executeAction deAddPoint -in [gi::getWindows 45]
[13:57:27.03] /i de::addPoint {1.90625 2.31875} -context [db::getNext [de::getContexts -window 45]]
[13:57:28.52] /# gi::executeAction deAbortCommand -in [gi::getWindows 45]
[13:57:28.52] /i de::abortCommand -context [db::getNext [de::getContexts -window 45]]
[13:57:29.65] /# gi::executeAction seButton1DragStart -in [gi::getWindows 45]
[13:57:29.65] /i ise::stretch -object [de::getActiveFigure [gi::getWindows 45] -point {2.25 2.375} -index 0 -intent none] -point {2.25 2.375}
[13:57:30.09] /# gi::executeAction deEndDrag -in [gi::getWindows 45]
[13:57:30.09] /i de::endDrag {5.46875 1.70625} -context [db::getNext [de::getContexts -window 45]]
[13:57:30.27] /# gi::executeAction deSelectActive -in [gi::getWindows 45]
[13:57:30.27] /i de::deselectAllLogic -context [db::getNext [de::getContexts -window 45]]
[13:57:31.72] /i gi::setActiveWindow 2
[13:57:31.72] /i gi::setActiveWindow 2 -raise true
[13:57:37.11] /i gi::setCurrentIndex {libs} -index {project_d_ff} -in [gi::getWindows 2]
[13:57:37.12] /i gi::setItemSelection {libs} -index {project_d_ff} -in [gi::getWindows 2]
[13:57:37.91] /i gi::setCurrentIndex {cellCategories} -index {D_FF} -in [gi::getWindows 2]
[13:57:37.92] /i gi::setItemSelection {cellCategories} -index {D_FF} -in [gi::getWindows 2]
[13:57:38.43] /i gi::setCurrentIndex {cells} -index {D_FF} -in [gi::getWindows 2]
[13:57:38.43] /i gi::setItemSelection {cells} -index {D_FF} -in [gi::getWindows 2]
[13:57:39.20] /i gi::setCurrentIndex {views} -index {symbol} -in [gi::getWindows 2]
[13:57:39.21] /i gi::setItemSelection {views} -index {symbol} -in [gi::getWindows 2]
[13:57:39.66] /i gi::setCurrentIndex {cells} -index {D_latch_MS_TG} -in [gi::getWindows 2]
[13:57:39.66] /i gi::setItemSelection {cells} -index {D_latch_MS_TG} -in [gi::getWindows 2]
[13:57:39.90] /i gi::setCurrentIndex {cells} -index {D_FF_tb} -in [gi::getWindows 2]
[13:57:39.90] /i gi::setItemSelection {cells} -index {D_FF_tb} -in [gi::getWindows 2]
[13:57:40.44] /i gi::setCurrentIndex {views} -index {schematic} -in [gi::getWindows 2]
[13:57:40.45] /i gi::setItemSelection {views} -index {schematic} -in [gi::getWindows 2]
[13:57:40.65] /i gi::executeAction dmOpen -in [gi::getWindows 2]
[13:57:40.67] /r giWindowId 46
[13:57:40.68] /r giWindowGeometry 1632x1020
[13:57:40.84] /o "project_d_ff/D_FF_tb/schematic" design does not need checking
[13:57:42.02] /i gi::executeAction deCanvasDragSelect -in [gi::getWindows 46]
[13:57:42.02] /r deCanvasDragStart 2.125 5.31875
[13:57:42.60] /# gi::executeAction deCanvasDragEnd -in [gi::getWindows 46]
[13:57:42.60] /i gi::executeAction deCanvasDragEnd -in [gi::getWindows 46]
[13:57:42.60] /r deCanvasDragEnd 7.775 1.99375
[13:57:42.91] /# gi::executeAction seCopy -in [gi::getWindows 46]
[13:57:42.91] /i ise::copy
[13:57:43.20] /# gi::executeAction deAddPoint -in [gi::getWindows 46]
[13:57:43.20] /i de::addPoint {4.83125 3.8875} -context [db::getNext [de::getContexts -window 46]]
[13:57:44.04] /i gi::setActiveWindow 45
[13:57:44.04] /i gi::setActiveWindow 45 -raise true
[13:57:44.91] /# gi::executeAction deAddPoint -in [gi::getWindows 45]
[13:57:44.91] /i de::addPoint {2.4375 2.45} -context [db::getNext [de::getContexts -window 45]]
[13:57:45.07] /i gi::executeAction deCanvasDragCancel -in [gi::getWindows 45]
[13:57:45.35] /# gi::executeAction deSelectActive -in [gi::getWindows 45]
[13:57:45.35] /i de::deselectAll [db::getNext [de::getContexts -window 45]]
[13:57:45.35] /i de::select [de::getActiveFigure [gi::getWindows 45] -point {2.54375 2.64375} -index 0 -intent none]
[13:57:45.35] /o oa:0x273b0140
[13:57:46.07] /# gi::executeAction seDelete -in [gi::getWindows 45]
[13:57:46.07] /i ise::delete
[13:57:46.22] /i gi::executeAction deCanvasDragCancel -in [gi::getWindows 45]
[13:57:47.07] /# gi::executeAction deSelectActive -in [gi::getWindows 45]
[13:57:47.07] /i de::deselectAll [db::getNext [de::getContexts -window 45]]
[13:57:47.07] /i de::select [de::getActiveFigure [gi::getWindows 45] -point {5.83125 1.30625} -index 0 -intent none]
[13:57:47.07] /o oa:0x293f3e10
[13:57:47.48] /# gi::executeAction seButton1DragStart -in [gi::getWindows 45]
[13:57:47.48] /i ise::stretch -point {5.8125 1.375}
[13:57:49.41] /# gi::executeAction deEndDrag -in [gi::getWindows 45]
[13:57:49.41] /i de::endDrag {2.475 2.30625} -context [db::getNext [de::getContexts -window 45]]
[13:57:49.73] /# gi::executeAction deSelectActive -in [gi::getWindows 45]
[13:57:49.74] /i de::deselectAll [db::getNext [de::getContexts -window 45]]
[13:57:49.74] /i de::deselectAllLogic -context [db::getNext [de::getContexts -window 45]]
[13:57:49.99] /# gi::executeAction deCanvasZoomInAtPoint -in [gi::getWindows 45]
[13:57:49.99] /i de::zoom -window [gi::getWindows 45] -factor 2.0 -center {1.9875 1.95}
[13:57:49.99] /o {0.25625 0.56875} {5.16875 3.275}
[13:57:50.11] /# gi::executeAction deCanvasZoomInAtPoint -in [gi::getWindows 45]
[13:57:50.11] /i de::zoom -window [gi::getWindows 45] -factor 2.0 -center {1.925 1.95625}
[13:57:50.11] /o {1.09375 1.2625} {3.54375 2.6125}
[13:57:50.98] /# gi::executeAction seButton1DragStart -in [gi::getWindows 45]
[13:57:50.98] /i ise::stretch -object [de::getActiveFigure [gi::getWindows 45] -point {1.75625 2.0375} -index 0 -intent none] -point {1.75 2.0625}
[13:57:51.32] /# gi::executeAction deEndDrag -in [gi::getWindows 45]
[13:57:51.32] /i de::endDrag {1.79375 2.09375} -context [db::getNext [de::getContexts -window 45]]
[13:57:51.56] /# gi::executeAction deSelectActive -in [gi::getWindows 45]
[13:57:51.56] /i de::deselectAllLogic -context [db::getNext [de::getContexts -window 45]]
[13:57:51.77] /# gi::executeAction deCanvasZoomOutAtPoint -in [gi::getWindows 45]
[13:57:51.77] /i de::zoom -window [gi::getWindows 45] -factor 0.5 -center {2.5625 1.59375}
[13:57:51.77] /o {-0.38125 0.93125} {4.53125 3.6375}
[13:57:52.70] /i gi::executeAction deCanvasDragSelect -in [gi::getWindows 45]
[13:57:52.70] /r deCanvasDragStart 1.99375 1.85
[13:57:53.09] /# gi::executeAction deCanvasDragEnd -in [gi::getWindows 45]
[13:57:53.09] /i gi::executeAction deCanvasDragEnd -in [gi::getWindows 45]
[13:57:53.10] /r deCanvasDragEnd 3.16875 1.1
[13:57:53.90] /# gi::executeAction seDelete -in [gi::getWindows 45]
[13:57:53.90] /i ise::delete
[13:57:54.05] /i gi::executeAction deCanvasDragCancel -in [gi::getWindows 45]
[13:57:54.94] /# gi::executeAction seButton1DragStart -in [gi::getWindows 45]
[13:57:54.94] /i ise::stretch -object [de::getActiveFigure [gi::getWindows 45] -point {3.425 1.575} -index 0 -intent none] -point {3.4375 1.5625}
[13:57:55.56] /# gi::executeAction deEndDrag -in [gi::getWindows 45]
[13:57:55.56] /i de::endDrag {4 2.31875} -context [db::getNext [de::getContexts -window 45]]
[13:57:56.57] /# gi::executeAction seButton1DragStart -in [gi::getWindows 45]
[13:57:56.57] /i ise::stretch -object [de::getActiveFigure [gi::getWindows 45] -point {2.71875 2.80625} -index 0 -intent none] -point {2.75 2.8125}
[13:57:57.23] /# gi::executeAction deEndDrag -in [gi::getWindows 45]
[13:57:57.23] /i de::endDrag {4.10625 2.6375} -context [db::getNext [de::getContexts -window 45]]
[13:57:57.30] /# gi::executeAction deFitEdit -in [gi::getWindows 45]
[13:57:57.30] /i de::fit -window 45 -fitEdit true
[13:57:57.30] /o {-1.025 0.3875} {5.40625 3.925}
[13:57:59.70] /i de::undoTransaction -design [db::getAttr editDesign -of [de::getContexts -window 45]] -steps 1
[13:58:00.02] /# gi::executeAction deSelectActive -in [gi::getWindows 45]
[13:58:00.02] /i de::deselectAllLogic -context [db::getNext [de::getContexts -window 45]]
[13:58:00.97] /# gi::executeAction seButton1DragStart -in [gi::getWindows 45]
[13:58:00.97] /i ise::stretch -object [de::getActiveFigure [gi::getWindows 45] -point {3.06875 2.75} -index 0 -intent none] -point {3.0625 2.75}
[13:58:02.27] /# gi::executeAction deEndDrag -in [gi::getWindows 45]
[13:58:02.27] /i de::endDrag {3.06875 2.60625} -context [db::getNext [de::getContexts -window 45]]
[13:58:03.22] /# gi::executeAction seButton1DragStart -in [gi::getWindows 45]
[13:58:03.22] /i ise::stretch -object [de::getActiveFigure [gi::getWindows 45] -point {3.9875 2.75} -index 0 -intent none] -point {4 2.75}
[13:58:03.63] /# gi::executeAction deEndDrag -in [gi::getWindows 45]
[13:58:03.63] /i de::endDrag {4.175 2.63125} -context [db::getNext [de::getContexts -window 45]]
[13:58:04.34] /# gi::executeAction seButton1DragStart -in [gi::getWindows 45]
[13:58:04.34] /i ise::stretch -object [de::getActiveFigure [gi::getWindows 45] -point {4.0375 2.3125} -index 0 -intent none] -point {4.0625 2.3125}
[13:58:05.01] /# gi::executeAction deEndDrag -in [gi::getWindows 45]
[13:58:05.01] /i de::endDrag {4.41875 2.925} -context [db::getNext [de::getContexts -window 45]]
[13:58:05.81] /# gi::executeAction seButton1DragStart -in [gi::getWindows 45]
[13:58:05.81] /i ise::stretch -object [de::getActiveFigure [gi::getWindows 45] -point {3.575 1.575} -index 0 -intent none] -point {3.5625 1.5625}
[13:58:07.35] /# gi::executeAction deEndDrag -in [gi::getWindows 45]
[13:58:07.35] /i de::endDrag {3.5375 2.85} -context [db::getNext [de::getContexts -window 45]]
[13:58:08.25] /# gi::executeAction seButton1DragStart -in [gi::getWindows 45]
[13:58:08.25] /i ise::stretch -object [de::getActiveFigure [gi::getWindows 45] -point {4.43125 2.9375} -index 0 -intent none] -point {4.4375 2.9375}
[13:58:09.20] /# gi::executeAction deEndDrag -in [gi::getWindows 45]
[13:58:09.20] /i de::endDrag {4.2375 2.8625} -context [db::getNext [de::getContexts -window 45]]
[13:58:09.50] /# gi::executeAction deSelectActive -in [gi::getWindows 45]
[13:58:09.50] /i de::deselectAllLogic -context [db::getNext [de::getContexts -window 45]]
[13:58:10.58] /# gi::executeAction deSelectActive -in [gi::getWindows 45]
[13:58:10.58] /i de::deselectAll [db::getNext [de::getContexts -window 45]]
[13:58:10.58] /i de::select [de::getActiveFigure [gi::getWindows 45] -point {1.9875 0.875} -index 0 -intent none]
[13:58:10.58] /o oa:0x24750080
[13:58:11.44] /# gi::executeAction seDelete -in [gi::getWindows 45]
[13:58:11.44] /i ise::delete
[13:58:11.62] /i gi::executeAction deCanvasDragCancel -in [gi::getWindows 45]
[13:58:16.23] /i gi::executeAction deSaveDesign -in [gi::getWindows 45]
[13:58:16.23] /m Information: Saving design 'new_dff d_ff_tb schematic'. (DESIGN_WINDOW-004)
[13:58:17.87] /# gi::executeAction seShowConsoleForWindow -in [gi::getWindows 45]
[13:58:17.87] /i sa::showConsole -context [db::getNext [de::getContexts -window 45]]
[13:58:17.89] /r giWindowId 47
[13:58:17.91] /r giWindowGeometry 600x500
[13:58:17.97] /o oa:0x2ac7f4e0
[13:58:17.99] /m Information: Launching Background sae_shell Server Process "cd /home/itsupport/Desktop/lab1vlsi && sae_shell -log sae_shell_session9_job1 -libDefFile /home/itsupport/Desktop/lab1vlsi/lib.defs"
[13:58:19.67] /# gi::executeAction saLoadState -in [gi::getWindows 47]
[13:58:19.67] /i sa::showLoadState -parent 47
[13:58:19.74] /o oa:0x1ddf0e40
[13:58:19.81] /i gi::setActiveDialog [gi::getDialogs {saShowLoadState} -parent [gi::getWindows 47]]
[13:58:20.11] /i db::setAttr geometry -of [gi::getDialogs {saShowLoadState} -parent [gi::getWindows 47]] -value 603x720+778+424
[13:58:20.42] /m Information: Received ready-for-commands signal from background job 'sae_shell_session9_job1' after 3 seconds.
[13:58:21.64] /i gi::setField {/cells} -value {d_ff_tb} -in [gi::getDialogs {saShowLoadState} -parent [gi::getWindows 47]]
[13:58:23.57] /i gi::setField {/cells} -value {d_latch_tb} -in [gi::getDialogs {saShowLoadState} -parent [gi::getWindows 47]]
[13:58:24.93] /i gi::setField {/simulators} -value {HSPICE} -in [gi::getDialogs {saShowLoadState} -parent [gi::getWindows 47]]
[13:58:25.22] /i db::setAttr geometry -of [gi::getDialogs {saShowLoadState} -parent [gi::getWindows 47]] -value 603x720+778+424
[13:58:25.67] /i gi::pressButton {/ok} -in [gi::getDialogs {saShowLoadState} -parent [gi::getWindows 47]]
[13:58:26.75] /i gi::executeAction menuPreShow -in [gi::getWindows 47]
[13:58:26.75] /r giMenuAccess db::getNext [gi::getMenus saConsoleOutputsMenu -from [gi::getWindows 47]]
[13:58:27.53] /# gi::executeAction saSelectInDesign -in [gi::getWindows 47]
[13:58:27.53] /i sa::selectOutputs -window 47
[13:58:28.91] /# gi::executeAction deAddPoint -in [gi::getWindows 45]
[13:58:28.91] /i de::addPoint {1.68125 2.6875} -context [db::getNext [de::getContexts -window 45]]
[13:58:29.82] /# gi::executeAction deAddPoint -in [gi::getWindows 45]
[13:58:29.82] /i de::addPoint {1.70625 2.125} -context [db::getNext [de::getContexts -window 45]]
[13:58:30.53] /# gi::executeAction deAddPoint -in [gi::getWindows 45]
[13:58:30.53] /i de::addPoint {3.1875 2.63125} -context [db::getNext [de::getContexts -window 45]]
[13:58:31.32] /# gi::executeAction deAddPoint -in [gi::getWindows 45]
[13:58:31.32] /i de::addPoint {1.6875 2.68125} -context [db::getNext [de::getContexts -window 45]]
[13:58:31.94] /# gi::executeAction deAddPoint -in [gi::getWindows 45]
[13:58:31.94] /i de::addPoint {1.74375 2.1125} -context [db::getNext [de::getContexts -window 45]]
[13:58:32.60] /# gi::executeAction deAddPoint -in [gi::getWindows 45]
[13:58:32.60] /i de::addPoint {3.05625 2.8375} -context [db::getNext [de::getContexts -window 45]]
[13:58:32.93] /# gi::executeAction deAddPoint -in [gi::getWindows 45]
[13:58:32.93] /i de::addPoint {3.08125 2.88125} -context [db::getNext [de::getContexts -window 45]]
[13:58:33.36] /# gi::executeAction deAddPoint -in [gi::getWindows 45]
[13:58:33.36] /i de::addPoint {3.08125 2.68125} -context [db::getNext [de::getContexts -window 45]]
[13:58:33.69] /# gi::executeAction deAddPoint -in [gi::getWindows 45]
[13:58:33.69] /i de::addPoint {3.08125 2.63125} -context [db::getNext [de::getContexts -window 45]]
[13:58:34.31] /i gi::setActiveWindow 47
[13:58:34.31] /i gi::setActiveWindow 47 -raise true
[13:58:40.75] /i gi::setActiveWindow 42
[13:58:40.76] /i gi::setActiveWindow 42 -raise true
[13:58:41.73] /i gi::executeAction giCloseWindow -in [gi::getWindows 42]
[13:58:41.76] /i gi::setActiveWindow 47
[13:58:41.76] /i gi::setActiveWindow 47 -raise true
[13:58:42.41] /i gi::executeAction giCloseWindow -in [gi::getWindows 41]
[13:58:43.55] /i gi::executeAction menuPreShow -in [gi::getWindows 47]
[13:58:43.55] /r giMenuAccess db::getNext [gi::getMenus saConsoleOutputsMenu -from [gi::getWindows 47]]
[13:58:43.82] /i gi::executeAction menuPreShow -in [gi::getWindows 47]
[13:58:43.82] /r giMenuAccess db::getNext [gi::getMenus saConsoleSimMenu -from [gi::getWindows 47]]
[13:58:44.33] /# gi::executeAction saNetlistAndRun -in [gi::getWindows 47]
[13:58:44.33] /i isa::netlistAndRun -testbench [sa::findActiveTestbench -window 47] -mode overwrite
[13:58:44.37] /r giWindowId 48
[13:58:44.38] /r giWindowGeometry 800x600
[13:58:44.46] /m Information: "Starting incremental netlisting for design "new_dff/d_ff_tb/schematic"..." (NETLISTING-010)
[13:58:44.48] /m Information: 
[13:58:44.48] /o Checking "new_dff/d_ff_tb/schematic"
[13:58:44.48] /o No rule violations found in "new_dff/d_ff_tb/schematic"
[13:58:44.48] /o No Design Integrity rule violations found in "new_dff/d_ff_tb/schematic"
[13:58:44.48] /m Information: 
[13:58:44.48] /o Checking "new_dff/d_ff/schematic"
[13:58:44.48] /o No rule violations found in "new_dff/d_ff/schematic"
[13:58:44.49] /m Information: 
[13:58:44.49] /o Checking "project_d_ff/CLOCK_inv/schematic"
[13:58:44.49] /o No rule violations found in "project_d_ff/CLOCK_inv/schematic"
[13:58:44.50] /m Information: 
[13:58:44.50] /o Checking "new_dff/D_latch/schematic"
[13:58:44.50] /o No rule violations found in "new_dff/D_latch/schematic"
[13:58:44.51] /m Information: "project_d_ff CLOCK_inv schematic" renetlisted. (NETLISTING-056)
[13:58:44.53] /m Information: "new_dff D_latch schematic" renetlisted. (NETLISTING-056)
[13:58:44.53] /m Information: "new_dff d_ff schematic" renetlisted. (NETLISTING-056)
[13:58:44.54] /m Information: "new_dff d_ff_tb schematic" renetlisted. (NETLISTING-056)
[13:58:44.55] /m Information: "Netlisting design "new_dff/d_ff_tb/schematic" finished successfully." (NETLISTING-012)
[13:58:44.55] /m Information: "Composing simulator input file for design "new_dff/d_ff_tb/schematic"..."
[13:58:44.58] /m Information: "Simulator input file composed successfully for design "new_dff/d_ff_tb/schematic""
[13:58:44.75] /m Information: "Starting HSPICE simulation for design: new_dff/d_ff_tb/schematic"
[13:58:44.75] /# gi::collapse {jobMonitorTable} -index {0.0,0} -in [gi::getWindows 48]
[13:58:44.77] /o 1
[13:58:45.12] /m Information: "Simulation completed successfully for design: new_dff/d_ff_tb/schematic "
[13:58:45.30] /m Information: Launching Background sae_shell Server Process "cd /home/itsupport/Desktop/lab1vlsi && sae_shell -log sae_shell_session9_job2 -libDefFile /home/itsupport/Desktop/lab1vlsi/lib.defs"
[13:58:45.31] /m Information: "Evaluating and plotting outputs..."
[13:58:45.32] /m Information: Started sharing "Custom WaveView" license. (WAVEFORM-110)
[13:58:45.33] /e Error: Evaluating 'v(/Qbar)': "Could not find net named: Qbar" (HIERARCHY_COMMANDS-007)
[13:58:45.35] /m Information: Launching Waveform Viewer "cd /home/itsupport/simulation/new_dff,d_ff_tb,schematic/history_1/simulation/HSPICE_d_latch_tb/HSPICE/nominal/results &&  wv -k -cdesigner -spxkey /usr/synopsys/customcompiler/N-2017.12-SP1-2/auxx/waveform/sae.spxkey -spxrc /tmp/sae_spxrc_Y2fsWi -unique_string 0859c36a0176a1dd69aa7f613a217c24125e8d2b0833b894ed40d2f5efbf27a2fb0c0fc5bd619066219ebbd9f4edf2d4e32182756ab0657d -lic_type 1    > /home/itsupport/simulation/new_dff,d_ff_tb,schematic/history_1/simulation/HSPICE_d_latch_tb/HSPICE/nominal/results/viewer.log 2>&1"
[13:58:45.35] /i gi::collapse {jobMonitorTable} -index {0.0,0} -in [gi::getWindows 48]
[13:58:45.83] /m Information: Measurement calculations completed for testbench: HSPICE_d_latch_tb in 0s
[13:58:46.11] /j ::wf::WaveView::plotSuccess WaveView_9 {} {_6e530b0_void_pp _6e9d1f0_void_pp} 
[13:58:46.19] /j ::wf::WaveView::plotSuccess WaveView_9 {} {_6e530b0_void_pp _6e9d2b8_void_pp} 
[13:58:46.24] /j ::wf::WaveView::plotSuccess WaveView_9 {} {_6e530b0_void_pp _6e9d380_void_pp} 
[13:58:46.27] /j ::wf::WaveView::plotSuccess WaveView_9 {} {_6e530b0_void_pp _6e9d448_void_pp} 
[13:58:47.82] /m Information: Received ready-for-commands signal from background job 'sae_shell_session9_job2' after 2 seconds.
[13:58:58.66] /i gi::setActiveWindow 47
[13:58:58.66] /i gi::setActiveWindow 47 -raise true
[13:58:59.64] /i gi::setCurrentIndex {variablesTable} -index {2,1} -in [gi::getWindows 47]
[13:58:59.64] /i gi::setItemSelection {variablesTable} -index {2,1} -in [gi::getWindows 47]
[13:59:01.08] /i gi::setField {variablesTable} -index {2,1} -value {300p} -in [gi::getWindows 47]
[13:59:01.08] /i gi::setField {variablesTable} -index {2,1} -value {300p} -in [gi::getWindows 47]
[13:59:02.09] /i gi::setActiveWindow 48
[13:59:02.09] /i gi::setActiveWindow 48 -raise true
[13:59:02.59] /i gi::setActiveWindow 47
[13:59:02.59] /i gi::setActiveWindow 47 -raise true
[13:59:03.29] /i gi::executeAction menuPreShow -in [gi::getWindows 47]
[13:59:03.29] /r giMenuAccess db::getNext [gi::getMenus saResultsMenu -from [gi::getWindows 47]]
[13:59:03.45] /i gi::executeAction menuPreShow -in [gi::getWindows 47]
[13:59:03.45] /r giMenuAccess db::getNext [gi::getMenus saConsoleSimMenu -from [gi::getWindows 47]]
[13:59:04.03] /# gi::executeAction saNetlistAndRun -in [gi::getWindows 47]
[13:59:04.03] /i isa::netlistAndRun -testbench [sa::findActiveTestbench -window 47] -mode overwrite
[13:59:04.10] /m Information: "Starting incremental netlisting for design "new_dff/d_ff_tb/schematic"..." (NETLISTING-010)
[13:59:04.11] /m Information: 
[13:59:04.11] /o Checking "new_dff/d_ff_tb/schematic"
[13:59:04.11] /o No rule violations found in "new_dff/d_ff_tb/schematic"
[13:59:04.11] /o No Design Integrity rule violations found in "new_dff/d_ff_tb/schematic"
[13:59:04.12] /m Information: 
[13:59:04.12] /o Checking "new_dff/d_ff/schematic"
[13:59:04.12] /o No rule violations found in "new_dff/d_ff/schematic"
[13:59:04.12] /m Information: 
[13:59:04.12] /o Checking "project_d_ff/CLOCK_inv/schematic"
[13:59:04.12] /o No rule violations found in "project_d_ff/CLOCK_inv/schematic"
[13:59:04.12] /m Information: 
[13:59:04.12] /o Checking "new_dff/D_latch/schematic"
[13:59:04.12] /o No rule violations found in "new_dff/D_latch/schematic"
[13:59:04.14] /m Information: "Netlisting design "new_dff/d_ff_tb/schematic" finished successfully." (NETLISTING-012)
[13:59:04.15] /m Information: "Composing simulator input file for design "new_dff/d_ff_tb/schematic"..."
[13:59:04.18] /m Information: "Simulator input file composed successfully for design "new_dff/d_ff_tb/schematic""
[13:59:04.41] /m Information: "Starting HSPICE simulation for design: new_dff/d_ff_tb/schematic"
[13:59:04.42] /# gi::collapse {jobMonitorTable} -index {0.0.0.0,0} -in [gi::getWindows 48]
[13:59:04.44] /o 1
[13:59:05.03] /m Information: "Simulation completed successfully for design: new_dff/d_ff_tb/schematic "
[13:59:05.26] /m Information: "Evaluating and plotting outputs..."
[13:59:05.27] /e Error: Evaluating 'v(/Qbar)': "Could not find net named: Qbar" (HIERARCHY_COMMANDS-007)
[13:59:05.37] /j ::wf::WaveView::plotSuccess WaveView_9 {} {_6edac00_void_pp _6e9d510_void_pp} 
[13:59:05.40] /j ::wf::WaveView::plotSuccess WaveView_9 {} {_6edac00_void_pp _6e9d1f0_void_pp} 
[13:59:05.46] /j ::wf::WaveView::plotSuccess WaveView_9 {} {_6edac00_void_pp _6e9d2b8_void_pp} 
[13:59:05.52] /j ::wf::WaveView::plotSuccess WaveView_9 {} {_6edac00_void_pp _6e9d380_void_pp} 
[13:59:05.59] /m Information: Measurement calculations completed for testbench: HSPICE_d_latch_tb in 0s
[13:59:16.42] /i gi::setActiveWindow 47
[13:59:16.42] /i gi::setActiveWindow 47 -raise true
[13:59:19.89] /i gi::setField {variablesTable} -index {2,1} -value {200p} -in [gi::getWindows 47]
[13:59:19.89] /i gi::setField {variablesTable} -index {2,1} -value {200p} -in [gi::getWindows 47]
[13:59:20.81] /i gi::executeAction menuPreShow -in [gi::getWindows 47]
[13:59:20.81] /r giMenuAccess db::getNext [gi::getMenus saConsoleSimMenu -from [gi::getWindows 47]]
[13:59:21.23] /# gi::executeAction saNetlistAndRun -in [gi::getWindows 47]
[13:59:21.23] /i isa::netlistAndRun -testbench [sa::findActiveTestbench -window 47] -mode overwrite
[13:59:21.29] /m Information: "Starting incremental netlisting for design "new_dff/d_ff_tb/schematic"..." (NETLISTING-010)
[13:59:21.31] /m Information: 
[13:59:21.31] /o Checking "new_dff/d_ff_tb/schematic"
[13:59:21.31] /o No rule violations found in "new_dff/d_ff_tb/schematic"
[13:59:21.31] /o No Design Integrity rule violations found in "new_dff/d_ff_tb/schematic"
[13:59:21.31] /m Information: 
[13:59:21.31] /o Checking "new_dff/d_ff/schematic"
[13:59:21.31] /o No rule violations found in "new_dff/d_ff/schematic"
[13:59:21.32] /m Information: 
[13:59:21.32] /o Checking "project_d_ff/CLOCK_inv/schematic"
[13:59:21.32] /o No rule violations found in "project_d_ff/CLOCK_inv/schematic"
[13:59:21.32] /m Information: 
[13:59:21.32] /o Checking "new_dff/D_latch/schematic"
[13:59:21.32] /o No rule violations found in "new_dff/D_latch/schematic"
[13:59:21.35] /m Information: "Netlisting design "new_dff/d_ff_tb/schematic" finished successfully." (NETLISTING-012)
[13:59:21.35] /m Information: "Composing simulator input file for design "new_dff/d_ff_tb/schematic"..."
[13:59:21.38] /m Information: "Simulator input file composed successfully for design "new_dff/d_ff_tb/schematic""
[13:59:21.59] /m Information: "Starting HSPICE simulation for design: new_dff/d_ff_tb/schematic"
[13:59:21.60] /# gi::collapse {jobMonitorTable} -index {0.0.0.0,0} -in [gi::getWindows 48]
[13:59:21.63] /o 1
[13:59:22.23] /m Information: "Simulation completed successfully for design: new_dff/d_ff_tb/schematic "
[13:59:22.48] /m Information: "Evaluating and plotting outputs..."
[13:59:22.49] /e Error: Evaluating 'v(/Qbar)': "Could not find net named: Qbar" (HIERARCHY_COMMANDS-007)
[13:59:22.59] /j ::wf::WaveView::plotSuccess WaveView_9 {} {_6ef9190_void_pp _6e9d448_void_pp} 
[13:59:22.65] /j ::wf::WaveView::plotSuccess WaveView_9 {} {_6ef9190_void_pp _6e9d510_void_pp} 
[13:59:22.69] /j ::wf::WaveView::plotSuccess WaveView_9 {} {_6ef9190_void_pp _6e9d1f0_void_pp} 
[13:59:22.71] /j ::wf::WaveView::plotSuccess WaveView_9 {} {_6ef9190_void_pp _6e9d2b8_void_pp} 
[13:59:22.81] /m Information: Measurement calculations completed for testbench: HSPICE_d_latch_tb in 0s
[13:59:25.32] /i gi::setActiveWindow 47
[13:59:25.32] /i gi::setActiveWindow 47 -raise true
[13:59:27.26] /i gi::setField {variablesTable} -index {2,1} -value {88p} -in [gi::getWindows 47]
[13:59:27.26] /i gi::setField {variablesTable} -index {2,1} -value {88p} -in [gi::getWindows 47]
[13:59:28.20] /i gi::executeAction menuPreShow -in [gi::getWindows 47]
[13:59:28.20] /r giMenuAccess db::getNext [gi::getMenus saConsoleSimMenu -from [gi::getWindows 47]]
[13:59:28.55] /# gi::executeAction saNetlistAndRun -in [gi::getWindows 47]
[13:59:28.55] /i isa::netlistAndRun -testbench [sa::findActiveTestbench -window 47] -mode overwrite
[13:59:28.60] /m Information: "Starting incremental netlisting for design "new_dff/d_ff_tb/schematic"..." (NETLISTING-010)
[13:59:28.61] /m Information: 
[13:59:28.61] /o Checking "new_dff/d_ff_tb/schematic"
[13:59:28.61] /o No rule violations found in "new_dff/d_ff_tb/schematic"
[13:59:28.61] /o No Design Integrity rule violations found in "new_dff/d_ff_tb/schematic"
[13:59:28.63] /m Information: 
[13:59:28.63] /o Checking "new_dff/d_ff/schematic"
[13:59:28.63] /o No rule violations found in "new_dff/d_ff/schematic"
[13:59:28.64] /m Information: 
[13:59:28.64] /o Checking "project_d_ff/CLOCK_inv/schematic"
[13:59:28.64] /o No rule violations found in "project_d_ff/CLOCK_inv/schematic"
[13:59:28.65] /m Information: 
[13:59:28.65] /o Checking "new_dff/D_latch/schematic"
[13:59:28.65] /o No rule violations found in "new_dff/D_latch/schematic"
[13:59:28.67] /m Information: "Netlisting design "new_dff/d_ff_tb/schematic" finished successfully." (NETLISTING-012)
[13:59:28.68] /m Information: "Composing simulator input file for design "new_dff/d_ff_tb/schematic"..."
[13:59:28.71] /m Information: "Simulator input file composed successfully for design "new_dff/d_ff_tb/schematic""
[13:59:28.97] /m Information: "Starting HSPICE simulation for design: new_dff/d_ff_tb/schematic"
[13:59:28.97] /# gi::collapse {jobMonitorTable} -index {0.0.0.0,0} -in [gi::getWindows 48]
[13:59:28.99] /o 1
[13:59:29.83] /m Information: "Simulation completed successfully for design: new_dff/d_ff_tb/schematic "
[13:59:30.08] /m Information: "Evaluating and plotting outputs..."
[13:59:30.08] /e Error: Evaluating 'v(/Qbar)': "Could not find net named: Qbar" (HIERARCHY_COMMANDS-007)
[13:59:30.16] /j ::wf::WaveView::plotSuccess WaveView_9 {} {_6edac00_void_pp _6e9d380_void_pp} 
[13:59:30.23] /j ::wf::WaveView::plotSuccess WaveView_9 {} {_6edac00_void_pp _6e9d448_void_pp} 
[13:59:30.27] /j ::wf::WaveView::plotSuccess WaveView_9 {} {_6edac00_void_pp _6e9d510_void_pp} 
[13:59:30.32] /j ::wf::WaveView::plotSuccess WaveView_9 {} {_6edac00_void_pp _6e9d1f0_void_pp} 
[13:59:30.41] /m Information: Measurement calculations completed for testbench: HSPICE_d_latch_tb in 0s
[13:59:35.30] /i gi::setActiveWindow 45
[13:59:35.30] /i gi::setActiveWindow 45 -raise true
[13:59:35.90] /i gi::setActiveWindow 47
[13:59:35.91] /i gi::setActiveWindow 47 -raise true
[13:59:36.59] /i gi::setCurrentIndex {variablesTable} -index {1,1} -in [gi::getWindows 47]
[13:59:36.59] /i gi::setItemSelection {variablesTable} -index {1,1} -in [gi::getWindows 47]
[13:59:36.94] /i gi::setField {variablesTable} -index {1,1} -value {5p} -in [gi::getWindows 47]
[13:59:36.95] /i gi::setCurrentIndex {variablesTable} -index {2,1} -in [gi::getWindows 47]
[13:59:36.95] /i gi::setItemSelection {variablesTable} -index {2,1} -in [gi::getWindows 47]
[13:59:39.84] /i gi::setField {variablesTable} -index {2,1} -value {100p} -in [gi::getWindows 47]
[13:59:39.84] /i gi::setField {variablesTable} -index {2,1} -value {100p} -in [gi::getWindows 47]
[13:59:40.76] /i gi::executeAction menuPreShow -in [gi::getWindows 47]
[13:59:40.76] /r giMenuAccess db::getNext [gi::getMenus saConsoleSimMenu -from [gi::getWindows 47]]
[13:59:41.18] /# gi::executeAction saNetlistAndRun -in [gi::getWindows 47]
[13:59:41.18] /i isa::netlistAndRun -testbench [sa::findActiveTestbench -window 47] -mode overwrite
[13:59:41.22] /m Information: "Starting incremental netlisting for design "new_dff/d_ff_tb/schematic"..." (NETLISTING-010)
[13:59:41.24] /m Information: 
[13:59:41.24] /o Checking "new_dff/d_ff_tb/schematic"
[13:59:41.24] /o No rule violations found in "new_dff/d_ff_tb/schematic"
[13:59:41.24] /o No Design Integrity rule violations found in "new_dff/d_ff_tb/schematic"
[13:59:41.25] /m Information: 
[13:59:41.25] /o Checking "new_dff/d_ff/schematic"
[13:59:41.25] /o No rule violations found in "new_dff/d_ff/schematic"
[13:59:41.26] /m Information: 
[13:59:41.26] /o Checking "project_d_ff/CLOCK_inv/schematic"
[13:59:41.26] /o No rule violations found in "project_d_ff/CLOCK_inv/schematic"
[13:59:41.26] /m Information: 
[13:59:41.26] /o Checking "new_dff/D_latch/schematic"
[13:59:41.26] /o No rule violations found in "new_dff/D_latch/schematic"
[13:59:41.29] /m Information: "Netlisting design "new_dff/d_ff_tb/schematic" finished successfully." (NETLISTING-012)
[13:59:41.30] /m Information: "Composing simulator input file for design "new_dff/d_ff_tb/schematic"..."
[13:59:41.33] /m Information: "Simulator input file composed successfully for design "new_dff/d_ff_tb/schematic""
[13:59:41.55] /m Information: "Starting HSPICE simulation for design: new_dff/d_ff_tb/schematic"
[13:59:41.56] /# gi::collapse {jobMonitorTable} -index {0.0.0.0,0} -in [gi::getWindows 48]
[13:59:41.58] /o 1
[13:59:42.33] /m Information: "Simulation completed successfully for design: new_dff/d_ff_tb/schematic "
[13:59:42.57] /m Information: "Evaluating and plotting outputs..."
[13:59:42.58] /e Error: Evaluating 'v(/Qbar)': "Could not find net named: Qbar" (HIERARCHY_COMMANDS-007)
[13:59:42.65] /j ::wf::WaveView::plotSuccess WaveView_9 {} {_6efd870_void_pp _6e9d2b8_void_pp} 
[13:59:42.71] /j ::wf::WaveView::plotSuccess WaveView_9 {} {_6efd870_void_pp _6e9d380_void_pp} 
[13:59:42.77] /j ::wf::WaveView::plotSuccess WaveView_9 {} {_6efd870_void_pp _6e9d448_void_pp} 
[13:59:42.79] /j ::wf::WaveView::plotSuccess WaveView_9 {} {_6efd870_void_pp _6e9d510_void_pp} 
[13:59:43.01] /m Information: Measurement calculations completed for testbench: HSPICE_d_latch_tb in 0s
[14:00:31.83] /i gi::setActiveWindow 47
[14:00:31.84] /i gi::setActiveWindow 47 -raise true
[14:00:33.14] /i gi::setActiveWindow 45
[14:00:33.14] /i gi::setActiveWindow 45 -raise true
[14:00:33.79] /i gi::setActiveWindow 46
[14:00:33.79] /i gi::setActiveWindow 46 -raise true
[14:00:34.22] /i gi::setActiveWindow 2
[14:00:34.23] /i gi::setActiveWindow 2 -raise true
[14:00:39.74] /i gi::executeAction dmOpen -in [gi::getWindows 2]
[14:00:39.75] /r giWindowId 49
[14:00:39.76] /r giWindowGeometry 1632x1020
[14:00:39.98] /o "project_d_ff/D_FF_tb/schematic" design does not need checking
[14:00:42.24] /# gi::executeAction seShowConsoleForWindow -in [gi::getWindows 49]
[14:00:42.24] /i sa::showConsole -context [db::getNext [de::getContexts -window 49]]
[14:00:42.29] /r giWindowId 50
[14:00:42.30] /r giWindowGeometry 600x500
[14:00:42.40] /o oa:0x279141b0
[14:00:42.44] /m Information: Launching Background sae_shell Server Process "cd /home/itsupport/Desktop/lab1vlsi && sae_shell -log sae_shell_session11_job1 -libDefFile /home/itsupport/Desktop/lab1vlsi/lib.defs"
[14:00:44.55] /# gi::executeAction saLoadState -in [gi::getWindows 50]
[14:00:44.55] /i sa::showLoadState -parent 50
[14:00:44.79] /o oa:0x1def90c0
[14:00:44.86] /i gi::setActiveDialog [gi::getDialogs {saShowLoadState} -parent [gi::getWindows 50]]
[14:00:45.03] /m Information: Received ready-for-commands signal from background job 'sae_shell_session11_job1' after 3 seconds.
[14:00:45.14] /i db::setAttr geometry -of [gi::getDialogs {saShowLoadState} -parent [gi::getWindows 50]] -value 603x720+778+424
[14:00:46.36] /i gi::pressButton {/ok} -in [gi::getDialogs {saShowLoadState} -parent [gi::getWindows 50]]
[14:00:47.94] /i gi::setCurrentIndex {variablesTable} -index {1,1} -in [gi::getWindows 50]
[14:00:47.94] /i gi::setItemSelection {variablesTable} -index {1,1} -in [gi::getWindows 50]
[14:00:49.32] /i gi::setField {variablesTable} -index {1,1} -value {100p} -in [gi::getWindows 50]
[14:00:49.33] /i gi::setField {variablesTable} -index {1,1} -value {100p} -in [gi::getWindows 50]
[14:00:51.08] /i gi::setActiveWindow 46
[14:00:51.08] /i gi::setActiveWindow 46 -raise true
[14:00:52.19] /# gi::executeAction deSelectActive -in [gi::getWindows 46]
[14:00:52.19] /i de::deselectAll [db::getNext [de::getContexts -window 46]]
[14:00:52.19] /i de::deselectAllLogic -context [db::getNext [de::getContexts -window 46]]
[14:00:55.18] /i gi::setActiveWindow 50
[14:00:55.18] /i gi::setActiveWindow 50 -raise true
[14:00:55.60] /i gi::executeAction menuPreShow -in [gi::getWindows 50]
[14:00:55.60] /r giMenuAccess db::getNext [gi::getMenus saConsoleSimMenu -from [gi::getWindows 50]]
[14:00:56.12] /# gi::executeAction saNetlistAndRun -in [gi::getWindows 50]
[14:00:56.12] /i isa::netlistAndRun -testbench [sa::findActiveTestbench -window 50] -mode overwrite
[14:00:56.17] /m Information: "Starting incremental netlisting for design "project_d_ff/D_FF_tb/schematic"..." (NETLISTING-010)
[14:00:56.20] /o No Design Integrity rule violations found in "project_d_ff/D_FF_tb/schematic"
[14:00:56.21] /m Information: 
[14:00:56.21] /o Checking "project_d_ff/D_FF/schematic"
[14:00:56.21] /o No rule violations found in "project_d_ff/D_FF/schematic"
[14:00:56.21] /m Information: 
[14:00:56.21] /o Checking "project_d_ff/CLOCK_inv/schematic"
[14:00:56.21] /o No rule violations found in "project_d_ff/CLOCK_inv/schematic"
[14:00:56.22] /m Information: 
[14:00:56.22] /o Checking "project_d_ff/D_latch/schematic"
[14:00:56.22] /o No rule violations found in "project_d_ff/D_latch/schematic"
[14:00:56.23] /m Information: 
[14:00:56.23] /o Checking "project_d_ff/TG_out/schematic"
[14:00:56.23] /o No rule violations found in "project_d_ff/TG_out/schematic"
[14:00:56.26] /m Information: "project_d_ff D_latch schematic" renetlisted. (NETLISTING-056)
[14:00:56.27] /m Information: "Netlisting design "project_d_ff/D_FF_tb/schematic" finished successfully." (NETLISTING-012)
[14:00:56.28] /m Information: "Composing simulator input file for design "project_d_ff/D_FF_tb/schematic"..."
[14:00:56.40] /m Information: "Simulator input file composed successfully for design "project_d_ff/D_FF_tb/schematic""
[14:00:56.61] /m Information: "Starting HSPICE simulation for design: project_d_ff/D_FF_tb/schematic"
[14:00:56.65] /o 1
[14:00:57.03] /m Information: "Simulation completed successfully for design: project_d_ff/D_FF_tb/schematic "
[14:00:57.24] /m Information: Launching Background sae_shell Server Process "cd /home/itsupport/Desktop/lab1vlsi && sae_shell -log sae_shell_session11_job2 -libDefFile /home/itsupport/Desktop/lab1vlsi/lib.defs"
[14:00:57.25] /m Information: "Evaluating and plotting outputs..."
[14:00:57.32] /j ::wf::WaveView::plotSuccess WaveView_9 {} {_6d70b00_void_pp _6e9d1f0_void_pp} 
[14:00:57.43] /j ::wf::WaveView::plotSuccess WaveView_9 {} {_6d70b00_void_pp _6e9d2b8_void_pp} 
[14:00:57.53] /j ::wf::WaveView::plotSuccess WaveView_9 {} {_6d70b00_void_pp _6e9d380_void_pp} 
[14:00:57.60] /j ::wf::WaveView::plotSuccess WaveView_9 {} {_6d70b00_void_pp _6e9d510_void_pp} 
[14:00:57.84] /m Information: Measurement calculations completed for testbench: HSPICE_d_Fff in 0s
[14:01:00.07] /m Information: Received ready-for-commands signal from background job 'sae_shell_session11_job2' after 3 seconds.
[14:01:01.12] /i gi::setActiveWindow 50
[14:01:01.13] /i gi::setActiveWindow 50 -raise true
[14:01:03.72] /i gi::setActiveWindow 49
[14:01:03.73] /i gi::setActiveWindow 49 -raise true
[14:01:05.07] /i gi::executeAction deCanvasDragCancel -in [gi::getWindows 49]
[14:01:05.37] /# gi::executeAction deSelectActive -in [gi::getWindows 49]
[14:01:05.37] /i de::deselectAll [db::getNext [de::getContexts -window 49]]
[14:01:05.37] /i de::select [de::getActiveFigure [gi::getWindows 49] -point {3.24375 3.75} -index 0 -intent none]
[14:01:05.37] /o oa:0x294d5280
[14:01:07.59] /i gi::setItemSelection {parameters} -index {td,all} -in [gi::getAssistants dePropertyEditor -from [gi::getWindows 49]]
[14:01:07.59] /i gi::setCurrentIndex {parameters} -index {td,Value} -in [gi::getAssistants dePropertyEditor -from [gi::getWindows 49]]
[14:01:10.21] /i gi::setField {parameters} -value {0.25*tper} -index {td,Value} -in [gi::getAssistants dePropertyEditor -from [gi::getWindows 49]]
[14:01:10.21] /i gi::executeAction dePropertyEditorApplyChanges -in [gi::getAssistants dePropertyEditor -from [gi::getWindows 49]]
[14:01:12.33] /i gi::setActiveWindow 50
[14:01:12.33] /i gi::setActiveWindow 50 -raise true
[14:01:14.29] /i gi::setCurrentIndex {analysisPane} -index {1,3} -in [gi::getWindows 50]
[14:01:14.29] /i gi::setItemSelection {analysisPane} -index {1,3} -in [gi::getWindows 50]
[14:01:14.29] /i gi::setItemSelection {variablesTable} -index {} -in [gi::getWindows 50]
[14:01:15.47] /i gi::setActiveDialog [gi::getDialogs {saEditAnalysesDialogXsaeSession5} -parent [gi::getWindows 50]]
[14:01:15.73] /i db::setAttr geometry -of [gi::getDialogs {saEditAnalysesDialogXsaeSession5} -parent [gi::getWindows 50]] -value 633x680+762+450
[14:01:18.97] /i gi::setField {/analysesGroups/tabGeneral/anaPane/step} -value {20p} -in [gi::getDialogs {saEditAnalysesDialogXsaeSession5} -parent [gi::getWindows 50]]
[14:01:18.97] /i gi::pressButton {/ok} -in [gi::getDialogs {saEditAnalysesDialogXsaeSession5} -parent [gi::getWindows 50]]
[14:01:20.19] /i gi::executeAction menuPreShow -in [gi::getWindows 50]
[14:01:20.19] /r giMenuAccess db::getNext [gi::getMenus saConsoleSimMenu -from [gi::getWindows 50]]
[14:01:20.59] /# gi::executeAction saNetlistAndRun -in [gi::getWindows 50]
[14:01:20.59] /i isa::netlistAndRun -testbench [sa::findActiveTestbench -window 50] -mode overwrite
[14:01:20.65] /r giDialog gi::setActiveDialog [gi::getDialogs {xtShowDesignsPrompt}]
[14:01:20.65] /r giDialog gi::setCurrentIndex {target} -index {0,0} -in [gi::getDialogs {xtShowDesignsPrompt}]
[14:01:20.91] /r giDialog db::setAttr geometry -of [gi::getDialogs {xtShowDesignsPrompt}] -value 649x290+626+410
[14:01:21.56] /r giDialog gi::pressButton {ok} -in [gi::getDialogs {xtShowDesignsPrompt}]
[14:01:21.61] /m Information: 
[14:01:21.61] /o Checking "project_d_ff/D_FF_tb/schematic"
[14:01:21.61] /o No rule violations found in "project_d_ff/D_FF_tb/schematic"
[14:01:21.61] /o No Design Integrity rule violations found in "project_d_ff/D_FF_tb/schematic"
[14:01:21.61] /m Information: Checking process is completed: marking the design violations
[14:01:21.61] /m Information: Marking of designs is completed
[14:01:21.70] /m Information: "Starting incremental netlisting for design "project_d_ff/D_FF_tb/schematic"..." (NETLISTING-010)
[14:01:21.71] /o No Design Integrity rule violations found in "project_d_ff/D_FF_tb/schematic"
[14:01:21.72] /m Information: 
[14:01:21.72] /o Checking "project_d_ff/D_FF/schematic"
[14:01:21.72] /o No rule violations found in "project_d_ff/D_FF/schematic"
[14:01:21.73] /m Information: 
[14:01:21.73] /o Checking "project_d_ff/CLOCK_inv/schematic"
[14:01:21.73] /o No rule violations found in "project_d_ff/CLOCK_inv/schematic"
[14:01:21.73] /m Information: 
[14:01:21.73] /o Checking "project_d_ff/D_latch/schematic"
[14:01:21.73] /o No rule violations found in "project_d_ff/D_latch/schematic"
[14:01:21.73] /m Information: 
[14:01:21.73] /o Checking "project_d_ff/TG_out/schematic"
[14:01:21.74] /o No rule violations found in "project_d_ff/TG_out/schematic"
[14:01:21.76] /m Information: "project_d_ff D_FF_tb schematic" renetlisted. (NETLISTING-056)
[14:01:21.77] /m Information: "Netlisting design "project_d_ff/D_FF_tb/schematic" finished successfully." (NETLISTING-012)
[14:01:21.77] /m Information: "Composing simulator input file for design "project_d_ff/D_FF_tb/schematic"..."
[14:01:21.80] /m Information: "Simulator input file composed successfully for design "project_d_ff/D_FF_tb/schematic""
[14:01:21.98] /m Information: "Starting HSPICE simulation for design: project_d_ff/D_FF_tb/schematic"
[14:01:21.98] /# gi::collapse {jobMonitorTable} -index {0.0.0.0,0} -in [gi::getWindows 48]
[14:01:22.00] /o 1
[14:01:22.56] /m Information: "Simulation completed successfully for design: project_d_ff/D_FF_tb/schematic "
[14:01:22.73] /m Information: "Evaluating and plotting outputs..."
[14:01:22.82] /j ::wf::WaveView::plotSuccess WaveView_9 {} {_6f0c9e0_void_pp _6e9d448_void_pp} 
[14:01:22.86] /j ::wf::WaveView::plotSuccess WaveView_9 {} {_6f0c9e0_void_pp _6e9d1f0_void_pp} 
[14:01:22.94] /j ::wf::WaveView::plotSuccess WaveView_9 {} {_6f0c9e0_void_pp _6e9d2b8_void_pp} 
[14:01:23.03] /j ::wf::WaveView::plotSuccess WaveView_9 {} {_6f0c9e0_void_pp _6e9d380_void_pp} 
[14:01:23.14] /m Information: Measurement calculations completed for testbench: HSPICE_d_Fff in 1s
[14:01:37.83] /m Information: Waveform viewer exited normally.
[14:01:38.93] /i gi::executeAction giCloseWindow -in [gi::getWindows 48]
[14:01:38.94] /i gi::setActiveWindow 50
[14:01:38.94] /i gi::setActiveWindow 50 -raise true
[14:01:44.22] /i gi::setActiveDialog [gi::getDialogs {saEditAnalysesDialogXsaeSession5} -parent [gi::getWindows 50]]
[14:01:44.50] /i db::setAttr geometry -of [gi::getDialogs {saEditAnalysesDialogXsaeSession5} -parent [gi::getWindows 50]] -value 633x680+762+413
[14:01:46.56] /i gi::setField {/analysesGroups/tabGeneral/anaPane/step} -value {5p} -in [gi::getDialogs {saEditAnalysesDialogXsaeSession5} -parent [gi::getWindows 50]]
[14:01:46.56] /i gi::pressButton {/ok} -in [gi::getDialogs {saEditAnalysesDialogXsaeSession5} -parent [gi::getWindows 50]]
[14:01:47.69] /i gi::setActiveWindow 49
[14:01:47.69] /i gi::setActiveWindow 49 -raise true
[14:01:50.17] /i gi::setItemSelection {parameters} -index {tr,all} -in [gi::getAssistants dePropertyEditor -from [gi::getWindows 49]]
[14:01:50.17] /i gi::setCurrentIndex {parameters} -index {tr,Value} -in [gi::getAssistants dePropertyEditor -from [gi::getWindows 49]]
[14:01:52.78] /i gi::setField {parameters} -value {t} -index {tr,Value} -in [gi::getAssistants dePropertyEditor -from [gi::getWindows 49]]
[14:01:52.78] /i gi::executeAction dePropertyEditorApplyChanges -in [gi::getAssistants dePropertyEditor -from [gi::getWindows 49]]
[14:01:53.34] /i gi::setItemSelection {parameters} -index {tf,all} -in [gi::getAssistants dePropertyEditor -from [gi::getWindows 49]]
[14:01:53.34] /i gi::setCurrentIndex {parameters} -index {tf,Value} -in [gi::getAssistants dePropertyEditor -from [gi::getWindows 49]]
[14:01:54.30] /i gi::setField {parameters} -value {t} -index {tf,Value} -in [gi::getAssistants dePropertyEditor -from [gi::getWindows 49]]
[14:01:54.30] /i gi::executeAction dePropertyEditorApplyChanges -in [gi::getAssistants dePropertyEditor -from [gi::getWindows 49]]
[14:01:55.73] /# gi::executeAction deSelectActive -in [gi::getWindows 49]
[14:01:55.73] /i de::deselectAll [db::getNext [de::getContexts -window 49]]
[14:01:55.73] /i de::select [de::getActiveFigure [gi::getWindows 49] -point {3.675 3.16875} -index 0 -intent none]
[14:01:55.73] /o oa:0x2aefce80
[14:01:57.01] /i gi::setItemSelection {parameters} -index {tr,all} -in [gi::getAssistants dePropertyEditor -from [gi::getWindows 49]]
[14:01:57.01] /i gi::setCurrentIndex {parameters} -index {tr,Value} -in [gi::getAssistants dePropertyEditor -from [gi::getWindows 49]]
[14:01:58.14] /i gi::setField {parameters} -value {t} -index {tr,Value} -in [gi::getAssistants dePropertyEditor -from [gi::getWindows 49]]
[14:01:58.14] /i gi::executeAction dePropertyEditorApplyChanges -in [gi::getAssistants dePropertyEditor -from [gi::getWindows 49]]
[14:01:58.84] /i gi::setItemSelection {parameters} -index {tf,all} -in [gi::getAssistants dePropertyEditor -from [gi::getWindows 49]]
[14:01:58.84] /i gi::setCurrentIndex {parameters} -index {tf,Value} -in [gi::getAssistants dePropertyEditor -from [gi::getWindows 49]]
[14:02:01.10] /i gi::setField {parameters} -value {t} -index {tf,Value} -in [gi::getAssistants dePropertyEditor -from [gi::getWindows 49]]
[14:02:01.10] /i gi::executeAction dePropertyEditorApplyChanges -in [gi::getAssistants dePropertyEditor -from [gi::getWindows 49]]
[14:02:02.28] /i gi::setActiveWindow 50
[14:02:02.28] /i gi::setActiveWindow 50 -raise true
[14:02:02.73] /i gi::setCurrentIndex {variablesTable} -index {2,0} -in [gi::getWindows 50]
[14:02:02.73] /i gi::setItemSelection {analysisPane} -index {} -in [gi::getWindows 50]
[14:02:04.00] /i gi::setField {variablesTable} -index {2,0} -value {t} -in [gi::getWindows 50]
[14:02:04.01] /i gi::setCurrentIndex {variablesTable} -index {2,1} -in [gi::getWindows 50]
[14:02:04.01] /i gi::setItemSelection {variablesTable} -index {2,1} -in [gi::getWindows 50]
[14:02:05.48] /i gi::setField {variablesTable} -index {2,1} -value {5p} -in [gi::getWindows 50]
[14:02:05.49] /i gi::setField {variablesTable} -index {2,1} -value {5p} -in [gi::getWindows 50]
[14:02:07.15] /i gi::executeAction menuPreShow -in [gi::getWindows 50]
[14:02:07.15] /r giMenuAccess db::getNext [gi::getMenus saConsoleSimMenu -from [gi::getWindows 50]]
[14:02:07.59] /# gi::executeAction saNetlistAndRun -in [gi::getWindows 50]
[14:02:07.59] /i isa::netlistAndRun -testbench [sa::findActiveTestbench -window 50] -mode overwrite
[14:02:07.68] /r giDialog gi::setActiveDialog [gi::getDialogs {xtShowDesignsPrompt}]
[14:02:07.68] /r giDialog gi::setCurrentIndex {target} -index {0,0} -in [gi::getDialogs {xtShowDesignsPrompt}]
[14:02:07.91] /r giDialog db::setAttr geometry -of [gi::getDialogs {xtShowDesignsPrompt}] -value 649x290+626+410
[14:02:08.97] /r giDialog gi::pressButton {ok} -in [gi::getDialogs {xtShowDesignsPrompt}]
[14:02:09.02] /m Information: 
[14:02:09.02] /o Checking "project_d_ff/D_FF_tb/schematic"
[14:02:09.02] /o No rule violations found in "project_d_ff/D_FF_tb/schematic"
[14:02:09.02] /o No Design Integrity rule violations found in "project_d_ff/D_FF_tb/schematic"
[14:02:09.02] /m Information: Checking process is completed: marking the design violations
[14:02:09.02] /m Information: Marking of designs is completed
[14:02:09.05] /r giWindowId 51
[14:02:09.06] /r giWindowGeometry 800x600
[14:02:09.14] /m Information: "Starting incremental netlisting for design "project_d_ff/D_FF_tb/schematic"..." (NETLISTING-010)
[14:02:09.15] /o No Design Integrity rule violations found in "project_d_ff/D_FF_tb/schematic"
[14:02:09.15] /m Information: 
[14:02:09.15] /o Checking "project_d_ff/D_FF/schematic"
[14:02:09.15] /o No rule violations found in "project_d_ff/D_FF/schematic"
[14:02:09.15] /m Information: 
[14:02:09.15] /o Checking "project_d_ff/CLOCK_inv/schematic"
[14:02:09.15] /o No rule violations found in "project_d_ff/CLOCK_inv/schematic"
[14:02:09.16] /m Information: 
[14:02:09.16] /o Checking "project_d_ff/D_latch/schematic"
[14:02:09.16] /o No rule violations found in "project_d_ff/D_latch/schematic"
[14:02:09.16] /m Information: 
[14:02:09.16] /o Checking "project_d_ff/TG_out/schematic"
[14:02:09.16] /o No rule violations found in "project_d_ff/TG_out/schematic"
[14:02:09.19] /m Information: "project_d_ff D_FF_tb schematic" renetlisted. (NETLISTING-056)
[14:02:09.20] /m Information: "Netlisting design "project_d_ff/D_FF_tb/schematic" finished successfully." (NETLISTING-012)
[14:02:09.21] /m Information: "Composing simulator input file for design "project_d_ff/D_FF_tb/schematic"..."
[14:02:09.24] /m Information: "Simulator input file composed successfully for design "project_d_ff/D_FF_tb/schematic""
[14:02:09.46] /m Information: "Starting HSPICE simulation for design: project_d_ff/D_FF_tb/schematic"
[14:02:09.46] /# gi::collapse {jobMonitorTable} -index {0.0.0.0,0} -in [gi::getWindows 51]
[14:02:09.48] /o 1
[14:02:09.93] /m Information: "Simulation completed successfully for design: project_d_ff/D_FF_tb/schematic "
[14:02:10.15] /m Information: "Evaluating and plotting outputs..."
[14:02:10.16] /m Information: Launching Waveform Viewer "cd /home/itsupport/simulation/project_d_ff,D_FF_tb,schematic/history_1/simulation/HSPICE_d_Fff/HSPICE/nominal/results &&  wv -k -cdesigner -spxkey /usr/synopsys/customcompiler/N-2017.12-SP1-2/auxx/waveform/sae.spxkey -spxrc /tmp/sae_spxrc_mEZ1fR -unique_string 0859c36a0176a1dd69aa7f613a217c24125e8d2b0833b894ed40d2f5efbf27a2fb0c0fc5bd6190663f35e5bc9b920e900b7f5010ba4aacc9 -lic_type 1    > /home/itsupport/simulation/project_d_ff,D_FF_tb,schematic/history_1/simulation/HSPICE_d_Fff/HSPICE/nominal/results/viewer.log 2>&1"
[14:02:10.17] /i gi::collapse {jobMonitorTable} -index {0.0,0} -in [gi::getWindows 51]
[14:02:10.64] /m Information: Measurement calculations completed for testbench: HSPICE_d_Fff in 0s
[14:02:11.09] /j ::wf::WaveView::plotSuccess WaveView_10 {} {_6a89650_void_pp _6ad3590_void_pp} 
[14:02:11.11] /j ::wf::WaveView::plotSuccess WaveView_10 {} {_6a89650_void_pp _6ad3658_void_pp} 
[14:02:11.15] /j ::wf::WaveView::plotSuccess WaveView_10 {} {_6a89650_void_pp _6ad3720_void_pp} 
[14:02:11.17] /j ::wf::WaveView::plotSuccess WaveView_10 {} {_6a89650_void_pp _6ad37e8_void_pp} 
[14:02:21.39] /i gi::setActiveWindow 50
[14:02:21.40] /i gi::setActiveWindow 50 -raise true
[14:02:22.99] /i gi::setField {variablesTable} -index {2,1} -value {1n} -in [gi::getWindows 50]
[14:02:22.99] /i gi::setField {variablesTable} -index {2,1} -value {1n} -in [gi::getWindows 50]
[14:02:23.97] /i gi::executeAction menuPreShow -in [gi::getWindows 50]
[14:02:23.97] /r giMenuAccess db::getNext [gi::getMenus saConsoleSimMenu -from [gi::getWindows 50]]
[14:02:24.39] /# gi::executeAction saNetlistAndRun -in [gi::getWindows 50]
[14:02:24.39] /i isa::netlistAndRun -testbench [sa::findActiveTestbench -window 50] -mode overwrite
[14:02:24.48] /m Information: "Starting incremental netlisting for design "project_d_ff/D_FF_tb/schematic"..." (NETLISTING-010)
[14:02:24.49] /o No Design Integrity rule violations found in "project_d_ff/D_FF_tb/schematic"
[14:02:24.49] /m Information: 
[14:02:24.49] /o Checking "project_d_ff/D_FF/schematic"
[14:02:24.49] /o No rule violations found in "project_d_ff/D_FF/schematic"
[14:02:24.50] /m Information: 
[14:02:24.50] /o Checking "project_d_ff/CLOCK_inv/schematic"
[14:02:24.50] /o No rule violations found in "project_d_ff/CLOCK_inv/schematic"
[14:02:24.50] /m Information: 
[14:02:24.50] /o Checking "project_d_ff/D_latch/schematic"
[14:02:24.50] /o No rule violations found in "project_d_ff/D_latch/schematic"
[14:02:24.51] /m Information: 
[14:02:24.51] /o Checking "project_d_ff/TG_out/schematic"
[14:02:24.51] /o No rule violations found in "project_d_ff/TG_out/schematic"
[14:02:24.54] /m Information: "Netlisting design "project_d_ff/D_FF_tb/schematic" finished successfully." (NETLISTING-012)
[14:02:24.54] /m Information: "Composing simulator input file for design "project_d_ff/D_FF_tb/schematic"..."
[14:02:24.57] /m Information: "Simulator input file composed successfully for design "project_d_ff/D_FF_tb/schematic""
[14:02:24.84] /m Information: "Starting HSPICE simulation for design: project_d_ff/D_FF_tb/schematic"
[14:02:24.84] /# gi::collapse {jobMonitorTable} -index {0.0.0.0,0} -in [gi::getWindows 51]
[14:02:24.87] /o 1
[14:02:25.24] /m Information: "Simulation completed successfully for design: project_d_ff/D_FF_tb/schematic "
[14:02:25.44] /m Information: "Evaluating and plotting outputs..."
[14:02:25.53] /j ::wf::WaveView::plotSuccess WaveView_10 {} {_6ae4750_void_pp _6ad38b0_void_pp} 
[14:02:25.57] /j ::wf::WaveView::plotSuccess WaveView_10 {} {_6ae4750_void_pp _6ad3590_void_pp} 
[14:02:25.64] /j ::wf::WaveView::plotSuccess WaveView_10 {} {_6ae4750_void_pp _6ad3658_void_pp} 
[14:02:25.67] /j ::wf::WaveView::plotSuccess WaveView_10 {} {_6ae4750_void_pp _6ad3720_void_pp} 
[14:02:25.75] /m Information: Measurement calculations completed for testbench: HSPICE_d_Fff in 0s
[14:02:31.31] /i gi::setActiveWindow 50
[14:02:31.31] /i gi::setActiveWindow 50 -raise true
[14:02:34.96] /i gi::setField {variablesTable} -index {2,1} -value {5p} -in [gi::getWindows 50]
[14:02:34.96] /i gi::setField {variablesTable} -index {2,1} -value {5p} -in [gi::getWindows 50]
[14:02:35.57] /i gi::setCurrentIndex {variablesTable} -index {1,1} -in [gi::getWindows 50]
[14:02:35.57] /i gi::setItemSelection {variablesTable} -index {1,1} -in [gi::getWindows 50]
[14:02:36.73] /i gi::setField {variablesTable} -index {1,1} -value {1n} -in [gi::getWindows 50]
[14:02:36.73] /i gi::setField {variablesTable} -index {1,1} -value {1n} -in [gi::getWindows 50]
[14:02:37.76] /i gi::executeAction menuPreShow -in [gi::getWindows 50]
[14:02:37.76] /r giMenuAccess db::getNext [gi::getMenus saConsoleSimMenu -from [gi::getWindows 50]]
[14:02:38.20] /# gi::executeAction saNetlistAndRun -in [gi::getWindows 50]
[14:02:38.20] /i isa::netlistAndRun -testbench [sa::findActiveTestbench -window 50] -mode overwrite
[14:02:38.25] /m Information: "Starting incremental netlisting for design "project_d_ff/D_FF_tb/schematic"..." (NETLISTING-010)
[14:02:38.27] /o No Design Integrity rule violations found in "project_d_ff/D_FF_tb/schematic"
[14:02:38.27] /m Information: 
[14:02:38.27] /o Checking "project_d_ff/D_FF/schematic"
[14:02:38.27] /o No rule violations found in "project_d_ff/D_FF/schematic"
[14:02:38.27] /m Information: 
[14:02:38.27] /o Checking "project_d_ff/CLOCK_inv/schematic"
[14:02:38.27] /o No rule violations found in "project_d_ff/CLOCK_inv/schematic"
[14:02:38.28] /m Information: 
[14:02:38.28] /o Checking "project_d_ff/D_latch/schematic"
[14:02:38.28] /o No rule violations found in "project_d_ff/D_latch/schematic"
[14:02:38.28] /m Information: 
[14:02:38.28] /o Checking "project_d_ff/TG_out/schematic"
[14:02:38.28] /o No rule violations found in "project_d_ff/TG_out/schematic"
[14:02:38.33] /m Information: "Netlisting design "project_d_ff/D_FF_tb/schematic" finished successfully." (NETLISTING-012)
[14:02:38.34] /m Information: "Composing simulator input file for design "project_d_ff/D_FF_tb/schematic"..."
[14:02:38.37] /m Information: "Simulator input file composed successfully for design "project_d_ff/D_FF_tb/schematic""
[14:02:38.55] /m Information: "Starting HSPICE simulation for design: project_d_ff/D_FF_tb/schematic"
[14:02:38.55] /# gi::collapse {jobMonitorTable} -index {0.0.0.0,0} -in [gi::getWindows 51]
[14:02:38.57] /o 1
[14:02:39.13] /m Information: "Simulation completed successfully for design: project_d_ff/D_FF_tb/schematic "
[14:02:39.32] /m Information: "Evaluating and plotting outputs..."
[14:02:39.41] /j ::wf::WaveView::plotSuccess WaveView_10 {} {_6a89650_void_pp _6ad37e8_void_pp} 
[14:02:39.45] /j ::wf::WaveView::plotSuccess WaveView_10 {} {_6a89650_void_pp _6ad38b0_void_pp} 
[14:02:39.52] /j ::wf::WaveView::plotSuccess WaveView_10 {} {_6a89650_void_pp _6ad3590_void_pp} 
[14:02:39.54] /j ::wf::WaveView::plotSuccess WaveView_10 {} {_6a89650_void_pp _6ad3658_void_pp} 
[14:02:39.73] /m Information: Measurement calculations completed for testbench: HSPICE_d_Fff in 0s
[14:02:46.60] /i gi::setActiveWindow 50
[14:02:46.61] /i gi::setActiveWindow 50 -raise true
[14:02:48.69] /i gi::setField {variablesTable} -index {1,1} -value {500p} -in [gi::getWindows 50]
[14:02:48.69] /i gi::setField {variablesTable} -index {1,1} -value {500p} -in [gi::getWindows 50]
[14:02:49.60] /i gi::executeAction menuPreShow -in [gi::getWindows 50]
[14:02:49.60] /r giMenuAccess db::getNext [gi::getMenus saConsoleSimMenu -from [gi::getWindows 50]]
[14:02:49.98] /# gi::executeAction saNetlistAndRun -in [gi::getWindows 50]
[14:02:49.98] /i isa::netlistAndRun -testbench [sa::findActiveTestbench -window 50] -mode overwrite
[14:02:50.02] /m Information: "Starting incremental netlisting for design "project_d_ff/D_FF_tb/schematic"..." (NETLISTING-010)
[14:02:50.04] /o No Design Integrity rule violations found in "project_d_ff/D_FF_tb/schematic"
[14:02:50.05] /m Information: 
[14:02:50.05] /o Checking "project_d_ff/D_FF/schematic"
[14:02:50.05] /o No rule violations found in "project_d_ff/D_FF/schematic"
[14:02:50.06] /m Information: 
[14:02:50.06] /o Checking "project_d_ff/CLOCK_inv/schematic"
[14:02:50.06] /o No rule violations found in "project_d_ff/CLOCK_inv/schematic"
[14:02:50.06] /m Information: 
[14:02:50.06] /o Checking "project_d_ff/D_latch/schematic"
[14:02:50.06] /o No rule violations found in "project_d_ff/D_latch/schematic"
[14:02:50.07] /m Information: 
[14:02:50.07] /o Checking "project_d_ff/TG_out/schematic"
[14:02:50.07] /o No rule violations found in "project_d_ff/TG_out/schematic"
[14:02:50.10] /m Information: "Netlisting design "project_d_ff/D_FF_tb/schematic" finished successfully." (NETLISTING-012)
[14:02:50.10] /m Information: "Composing simulator input file for design "project_d_ff/D_FF_tb/schematic"..."
[14:02:50.13] /m Information: "Simulator input file composed successfully for design "project_d_ff/D_FF_tb/schematic""
[14:02:50.30] /m Information: "Starting HSPICE simulation for design: project_d_ff/D_FF_tb/schematic"
[14:02:50.30] /# gi::collapse {jobMonitorTable} -index {0.0.0.0,0} -in [gi::getWindows 51]
[14:02:50.32] /o 1
[14:02:50.72] /m Information: "Simulation completed successfully for design: project_d_ff/D_FF_tb/schematic "
[14:02:50.91] /m Information: "Evaluating and plotting outputs..."
[14:02:51.02] /j ::wf::WaveView::plotSuccess WaveView_10 {} {_6ae4750_void_pp _6ad3720_void_pp} 
[14:02:51.08] /j ::wf::WaveView::plotSuccess WaveView_10 {} {_6ae4750_void_pp _6ad37e8_void_pp} 
[14:02:51.13] /j ::wf::WaveView::plotSuccess WaveView_10 {} {_6ae4750_void_pp _6ad38b0_void_pp} 
[14:02:51.21] /j ::wf::WaveView::plotSuccess WaveView_10 {} {_6ae4750_void_pp _6ad3590_void_pp} 
[14:02:51.33] /m Information: Measurement calculations completed for testbench: HSPICE_d_Fff in 0s
[14:02:53.97] /i gi::setActiveWindow 50
[14:02:53.97] /i gi::setActiveWindow 50 -raise true
[14:02:56.24] /i gi::setField {variablesTable} -index {1,1} -value {400p} -in [gi::getWindows 50]
[14:02:56.25] /i gi::setField {variablesTable} -index {1,1} -value {400p} -in [gi::getWindows 50]
[14:02:57.08] /i gi::executeAction menuPreShow -in [gi::getWindows 50]
[14:02:57.08] /r giMenuAccess db::getNext [gi::getMenus saConsoleSimMenu -from [gi::getWindows 50]]
[14:02:57.44] /# gi::executeAction saNetlistAndRun -in [gi::getWindows 50]
[14:02:57.44] /i isa::netlistAndRun -testbench [sa::findActiveTestbench -window 50] -mode overwrite
[14:02:57.48] /m Information: "Starting incremental netlisting for design "project_d_ff/D_FF_tb/schematic"..." (NETLISTING-010)
[14:02:57.49] /o No Design Integrity rule violations found in "project_d_ff/D_FF_tb/schematic"
[14:02:57.51] /m Information: 
[14:02:57.51] /o Checking "project_d_ff/D_FF/schematic"
[14:02:57.51] /o No rule violations found in "project_d_ff/D_FF/schematic"
[14:02:57.52] /m Information: 
[14:02:57.52] /o Checking "project_d_ff/CLOCK_inv/schematic"
[14:02:57.52] /o No rule violations found in "project_d_ff/CLOCK_inv/schematic"
[14:02:57.53] /m Information: 
[14:02:57.53] /o Checking "project_d_ff/D_latch/schematic"
[14:02:57.53] /o No rule violations found in "project_d_ff/D_latch/schematic"
[14:02:57.53] /m Information: 
[14:02:57.53] /o Checking "project_d_ff/TG_out/schematic"
[14:02:57.53] /o No rule violations found in "project_d_ff/TG_out/schematic"
[14:02:57.57] /m Information: "Netlisting design "project_d_ff/D_FF_tb/schematic" finished successfully." (NETLISTING-012)
[14:02:57.57] /m Information: "Composing simulator input file for design "project_d_ff/D_FF_tb/schematic"..."
[14:02:57.64] /m Information: "Simulator input file composed successfully for design "project_d_ff/D_FF_tb/schematic""
[14:02:58.10] /m Information: "Starting HSPICE simulation for design: project_d_ff/D_FF_tb/schematic"
[14:02:58.10] /# gi::collapse {jobMonitorTable} -index {0.0.0.0,0} -in [gi::getWindows 51]
[14:02:58.12] /o 1
[14:02:58.54] /m Information: "Simulation completed successfully for design: project_d_ff/D_FF_tb/schematic "
[14:02:58.73] /m Information: "Evaluating and plotting outputs..."
[14:02:58.82] /j ::wf::WaveView::plotSuccess WaveView_10 {} {_6afb4b0_void_pp _6ad3658_void_pp} 
[14:02:58.88] /j ::wf::WaveView::plotSuccess WaveView_10 {} {_6afb4b0_void_pp _6ad3720_void_pp} 
[14:02:58.94] /j ::wf::WaveView::plotSuccess WaveView_10 {} {_6afb4b0_void_pp _6ad37e8_void_pp} 
[14:02:59.02] /j ::wf::WaveView::plotSuccess WaveView_10 {} {_6afb4b0_void_pp _6ad38b0_void_pp} 
[14:02:59.13] /m Information: Measurement calculations completed for testbench: HSPICE_d_Fff in 1s
[14:03:01.52] /i gi::setActiveWindow 50
[14:03:01.52] /i gi::setActiveWindow 50 -raise true
[14:03:02.21] /i gi::setCurrentIndex {variablesTable} -index {2,1} -in [gi::getWindows 50]
[14:03:02.21] /i gi::setItemSelection {variablesTable} -index {2,1} -in [gi::getWindows 50]
[14:03:04.18] /i gi::setField {variablesTable} -index {2,1} -value {5p} -in [gi::getWindows 50]
[14:03:04.18] /i gi::setCurrentIndex {variablesTable} -index {1,1} -in [gi::getWindows 50]
[14:03:04.18] /i gi::setItemSelection {variablesTable} -index {1,1} -in [gi::getWindows 50]
[14:03:05.64] /i gi::setField {variablesTable} -index {1,1} -value {200p} -in [gi::getWindows 50]
[14:03:05.64] /i gi::setField {variablesTable} -index {1,1} -value {200p} -in [gi::getWindows 50]
[14:03:06.73] /i gi::executeAction menuPreShow -in [gi::getWindows 50]
[14:03:06.73] /r giMenuAccess db::getNext [gi::getMenus saConsoleSimMenu -from [gi::getWindows 50]]
[14:03:07.13] /# gi::executeAction saNetlistAndRun -in [gi::getWindows 50]
[14:03:07.13] /i isa::netlistAndRun -testbench [sa::findActiveTestbench -window 50] -mode overwrite
[14:03:07.20] /m Information: "Starting incremental netlisting for design "project_d_ff/D_FF_tb/schematic"..." (NETLISTING-010)
[14:03:07.22] /o No Design Integrity rule violations found in "project_d_ff/D_FF_tb/schematic"
[14:03:07.23] /m Information: 
[14:03:07.23] /o Checking "project_d_ff/D_FF/schematic"
[14:03:07.24] /o No rule violations found in "project_d_ff/D_FF/schematic"
[14:03:07.24] /m Information: 
[14:03:07.24] /o Checking "project_d_ff/CLOCK_inv/schematic"
[14:03:07.24] /o No rule violations found in "project_d_ff/CLOCK_inv/schematic"
[14:03:07.24] /m Information: 
[14:03:07.24] /o Checking "project_d_ff/D_latch/schematic"
[14:03:07.25] /o No rule violations found in "project_d_ff/D_latch/schematic"
[14:03:07.25] /m Information: 
[14:03:07.25] /o Checking "project_d_ff/TG_out/schematic"
[14:03:07.25] /o No rule violations found in "project_d_ff/TG_out/schematic"
[14:03:07.29] /m Information: "Netlisting design "project_d_ff/D_FF_tb/schematic" finished successfully." (NETLISTING-012)
[14:03:07.29] /m Information: "Composing simulator input file for design "project_d_ff/D_FF_tb/schematic"..."
[14:03:07.32] /m Information: "Simulator input file composed successfully for design "project_d_ff/D_FF_tb/schematic""
[14:03:07.56] /m Information: "Starting HSPICE simulation for design: project_d_ff/D_FF_tb/schematic"
[14:03:07.56] /# gi::collapse {jobMonitorTable} -index {0.0.0.0,0} -in [gi::getWindows 51]
[14:03:07.58] /o 1
[14:03:08.05] /m Information: "Simulation completed successfully for design: project_d_ff/D_FF_tb/schematic "
[14:03:08.24] /m Information: "Evaluating and plotting outputs..."
[14:03:08.35] /j ::wf::WaveView::plotSuccess WaveView_10 {} {_6b19ab0_void_pp _6ad3590_void_pp} 
[14:03:08.39] /j ::wf::WaveView::plotSuccess WaveView_10 {} {_6b19ab0_void_pp _6ad3658_void_pp} 
[14:03:08.43] /j ::wf::WaveView::plotSuccess WaveView_10 {} {_6b19ab0_void_pp _6ad3720_void_pp} 
[14:03:08.49] /j ::wf::WaveView::plotSuccess WaveView_10 {} {_6b19ab0_void_pp _6ad37e8_void_pp} 
[14:03:08.55] /m Information: Measurement calculations completed for testbench: HSPICE_d_Fff in 0s
[14:03:23.54] /i gi::setActiveWindow 50
[14:03:23.54] /i gi::setActiveWindow 50 -raise true
[14:03:26.35] /i gi::setField {variablesTable} -index {1,1} -value {88p} -in [gi::getWindows 50]
[14:03:26.35] /i gi::setField {variablesTable} -index {1,1} -value {88p} -in [gi::getWindows 50]
[14:03:27.36] /i gi::executeAction menuPreShow -in [gi::getWindows 50]
[14:03:27.36] /r giMenuAccess db::getNext [gi::getMenus saConsoleSimMenu -from [gi::getWindows 50]]
[14:03:27.87] /# gi::executeAction saNetlistAndRun -in [gi::getWindows 50]
[14:03:27.87] /i isa::netlistAndRun -testbench [sa::findActiveTestbench -window 50] -mode overwrite
[14:03:27.91] /m Information: "Starting incremental netlisting for design "project_d_ff/D_FF_tb/schematic"..." (NETLISTING-010)
[14:03:27.93] /o No Design Integrity rule violations found in "project_d_ff/D_FF_tb/schematic"
[14:03:27.93] /m Information: 
[14:03:27.93] /o Checking "project_d_ff/D_FF/schematic"
[14:03:27.93] /o No rule violations found in "project_d_ff/D_FF/schematic"
[14:03:27.93] /m Information: 
[14:03:27.93] /o Checking "project_d_ff/CLOCK_inv/schematic"
[14:03:27.94] /o No rule violations found in "project_d_ff/CLOCK_inv/schematic"
[14:03:27.94] /m Information: 
[14:03:27.94] /o Checking "project_d_ff/D_latch/schematic"
[14:03:27.94] /o No rule violations found in "project_d_ff/D_latch/schematic"
[14:03:27.95] /m Information: 
[14:03:27.95] /o Checking "project_d_ff/TG_out/schematic"
[14:03:27.95] /o No rule violations found in "project_d_ff/TG_out/schematic"
[14:03:28.11] /m Information: "Netlisting design "project_d_ff/D_FF_tb/schematic" finished successfully." (NETLISTING-012)
[14:03:28.11] /m Information: "Composing simulator input file for design "project_d_ff/D_FF_tb/schematic"..."
[14:03:28.19] /m Information: "Simulator input file composed successfully for design "project_d_ff/D_FF_tb/schematic""
[14:03:28.47] /m Information: "Starting HSPICE simulation for design: project_d_ff/D_FF_tb/schematic"
[14:03:28.47] /# gi::collapse {jobMonitorTable} -index {0.0.0.0,0} -in [gi::getWindows 51]
[14:03:28.50] /o 1
[14:03:28.94] /m Information: "Simulation completed successfully for design: project_d_ff/D_FF_tb/schematic "
[14:03:29.16] /m Information: "Evaluating and plotting outputs..."
[14:03:29.24] /j ::wf::WaveView::plotSuccess WaveView_10 {} {_6b02370_void_pp _6ad38b0_void_pp} 
[14:03:29.30] /j ::wf::WaveView::plotSuccess WaveView_10 {} {_6b02370_void_pp _6ad3590_void_pp} 
[14:03:29.32] /j ::wf::WaveView::plotSuccess WaveView_10 {} {_6b02370_void_pp _6ad3658_void_pp} 
[14:03:29.35] /j ::wf::WaveView::plotSuccess WaveView_10 {} {_6b02370_void_pp _6ad3720_void_pp} 
[14:03:29.55] /m Information: Measurement calculations completed for testbench: HSPICE_d_Fff in 0s
[14:03:38.49] /i gi::setActiveWindow 50
[14:03:38.49] /i gi::setActiveWindow 50 -raise true
[14:03:41.55] /i gi::setField {variablesTable} -index {1,1} -value {100p} -in [gi::getWindows 50]
[14:03:41.56] /i gi::setCurrentIndex {variablesTable} -index {2,1} -in [gi::getWindows 50]
[14:03:41.56] /i gi::setItemSelection {variablesTable} -index {2,1} -in [gi::getWindows 50]
[14:03:42.50] /i gi::setField {variablesTable} -index {2,1} -value {1p} -in [gi::getWindows 50]
[14:03:42.50] /i gi::setField {variablesTable} -index {2,1} -value {1p} -in [gi::getWindows 50]
[14:03:43.26] /i gi::setActiveWindow 2
[14:03:43.26] /i gi::setActiveWindow 2 -raise true
[14:03:43.82] /i gi::setActiveWindow 49
[14:03:43.82] /i gi::setActiveWindow 49 -raise true
[14:03:44.29] /i gi::setActiveWindow 50
[14:03:44.29] /i gi::setActiveWindow 50 -raise true
[14:03:44.91] /i gi::executeAction menuPreShow -in [gi::getWindows 50]
[14:03:44.91] /r giMenuAccess db::getNext [gi::getMenus saConsoleSimMenu -from [gi::getWindows 50]]
[14:03:45.69] /# gi::executeAction saNetlistAndRun -in [gi::getWindows 50]
[14:03:45.69] /i isa::netlistAndRun -testbench [sa::findActiveTestbench -window 50] -mode overwrite
[14:03:45.79] /m Information: "Starting incremental netlisting for design "project_d_ff/D_FF_tb/schematic"..." (NETLISTING-010)
[14:03:45.80] /o No Design Integrity rule violations found in "project_d_ff/D_FF_tb/schematic"
[14:03:45.81] /m Information: 
[14:03:45.81] /o Checking "project_d_ff/D_FF/schematic"
[14:03:45.81] /o No rule violations found in "project_d_ff/D_FF/schematic"
[14:03:45.81] /m Information: 
[14:03:45.81] /o Checking "project_d_ff/CLOCK_inv/schematic"
[14:03:45.81] /o No rule violations found in "project_d_ff/CLOCK_inv/schematic"
[14:03:45.81] /m Information: 
[14:03:45.81] /o Checking "project_d_ff/D_latch/schematic"
[14:03:45.81] /o No rule violations found in "project_d_ff/D_latch/schematic"
[14:03:45.82] /m Information: 
[14:03:45.82] /o Checking "project_d_ff/TG_out/schematic"
[14:03:45.82] /o No rule violations found in "project_d_ff/TG_out/schematic"
[14:03:45.85] /m Information: "Netlisting design "project_d_ff/D_FF_tb/schematic" finished successfully." (NETLISTING-012)
[14:03:45.85] /m Information: "Composing simulator input file for design "project_d_ff/D_FF_tb/schematic"..."
[14:03:45.88] /m Information: "Simulator input file composed successfully for design "project_d_ff/D_FF_tb/schematic""
[14:03:46.07] /m Information: "Starting HSPICE simulation for design: project_d_ff/D_FF_tb/schematic"
[14:03:46.07] /# gi::collapse {jobMonitorTable} -index {0.0.0.0,0} -in [gi::getWindows 51]
[14:03:46.09] /o 1
[14:03:46.53] /m Information: "Simulation completed successfully for design: project_d_ff/D_FF_tb/schematic "
[14:03:46.75] /m Information: "Evaluating and plotting outputs..."
[14:03:46.84] /j ::wf::WaveView::plotSuccess WaveView_10 {} {_6b1c5e0_void_pp _6ad37e8_void_pp} 
[14:03:46.89] /j ::wf::WaveView::plotSuccess WaveView_10 {} {_6b1c5e0_void_pp _6ad38b0_void_pp} 
[14:03:46.94] /j ::wf::WaveView::plotSuccess WaveView_10 {} {_6b1c5e0_void_pp _6ad3590_void_pp} 
[14:03:47.00] /j ::wf::WaveView::plotSuccess WaveView_10 {} {_6b1c5e0_void_pp _6ad3658_void_pp} 
[14:03:47.14] /m Information: Measurement calculations completed for testbench: HSPICE_d_Fff in 1s
[14:03:54.79] /i gi::setActiveWindow 50
[14:03:54.79] /i gi::setActiveWindow 50 -raise true
[14:03:55.53] /i gi::setCurrentIndex {variablesTable} -index {1,1} -in [gi::getWindows 50]
[14:03:55.53] /i gi::setItemSelection {variablesTable} -index {1,1} -in [gi::getWindows 50]
[14:03:59.54] /i gi::setField {variablesTable} -index {1,1} -value {150p} -in [gi::getWindows 50]
[14:03:59.54] /i gi::setField {variablesTable} -index {1,1} -value {150p} -in [gi::getWindows 50]
[14:04:01.03] /i gi::executeAction menuPreShow -in [gi::getWindows 50]
[14:04:01.03] /r giMenuAccess db::getNext [gi::getMenus saConsoleSimMenu -from [gi::getWindows 50]]
[14:04:01.83] /# gi::executeAction saNetlistAndRun -in [gi::getWindows 50]
[14:04:01.83] /i isa::netlistAndRun -testbench [sa::findActiveTestbench -window 50] -mode overwrite
[14:04:01.90] /m Information: "Starting incremental netlisting for design "project_d_ff/D_FF_tb/schematic"..." (NETLISTING-010)
[14:04:01.92] /o No Design Integrity rule violations found in "project_d_ff/D_FF_tb/schematic"
[14:04:01.93] /m Information: 
[14:04:01.93] /o Checking "project_d_ff/D_FF/schematic"
[14:04:01.93] /o No rule violations found in "project_d_ff/D_FF/schematic"
[14:04:01.93] /m Information: 
[14:04:01.93] /o Checking "project_d_ff/CLOCK_inv/schematic"
[14:04:01.93] /o No rule violations found in "project_d_ff/CLOCK_inv/schematic"
[14:04:01.94] /m Information: 
[14:04:01.94] /o Checking "project_d_ff/D_latch/schematic"
[14:04:01.94] /o No rule violations found in "project_d_ff/D_latch/schematic"
[14:04:01.94] /m Information: 
[14:04:01.94] /o Checking "project_d_ff/TG_out/schematic"
[14:04:01.94] /o No rule violations found in "project_d_ff/TG_out/schematic"
[14:04:01.98] /m Information: "Netlisting design "project_d_ff/D_FF_tb/schematic" finished successfully." (NETLISTING-012)
[14:04:01.98] /m Information: "Composing simulator input file for design "project_d_ff/D_FF_tb/schematic"..."
[14:04:02.01] /m Information: "Simulator input file composed successfully for design "project_d_ff/D_FF_tb/schematic""
[14:04:02.18] /m Information: "Starting HSPICE simulation for design: project_d_ff/D_FF_tb/schematic"
[14:04:02.18] /# gi::collapse {jobMonitorTable} -index {0.0.0.0,0} -in [gi::getWindows 51]
[14:04:02.20] /o 1
[14:04:02.64] /m Information: "Simulation completed successfully for design: project_d_ff/D_FF_tb/schematic "
[14:04:02.84] /m Information: "Evaluating and plotting outputs..."
[14:04:02.92] /j ::wf::WaveView::plotSuccess WaveView_10 {} {_6b02370_void_pp _6ad3720_void_pp} 
[14:04:02.99] /j ::wf::WaveView::plotSuccess WaveView_10 {} {_6b02370_void_pp _6ad37e8_void_pp} 
[14:04:03.03] /j ::wf::WaveView::plotSuccess WaveView_10 {} {_6b02370_void_pp _6ad38b0_void_pp} 
[14:04:03.05] /j ::wf::WaveView::plotSuccess WaveView_10 {} {_6b02370_void_pp _6ad3590_void_pp} 
[14:04:03.15] /m Information: Measurement calculations completed for testbench: HSPICE_d_Fff in 1s
[14:04:50.95] /i gi::setActiveWindow 50
[14:04:50.95] /i gi::setActiveWindow 50 -raise true
[14:04:52.79] /i gi::setField {variablesTable} -index {1,1} -value {200p} -in [gi::getWindows 50]
[14:04:52.79] /i gi::setField {variablesTable} -index {1,1} -value {200p} -in [gi::getWindows 50]
[14:04:53.58] /i gi::executeAction menuPreShow -in [gi::getWindows 50]
[14:04:53.58] /r giMenuAccess db::getNext [gi::getMenus saConsoleSimMenu -from [gi::getWindows 50]]
[14:04:53.94] /# gi::executeAction saNetlistAndRun -in [gi::getWindows 50]
[14:04:53.94] /i isa::netlistAndRun -testbench [sa::findActiveTestbench -window 50] -mode overwrite
[14:04:54.01] /m Information: "Starting incremental netlisting for design "project_d_ff/D_FF_tb/schematic"..." (NETLISTING-010)
[14:04:54.03] /o No Design Integrity rule violations found in "project_d_ff/D_FF_tb/schematic"
[14:04:54.05] /m Information: 
[14:04:54.05] /o Checking "project_d_ff/D_FF/schematic"
[14:04:54.05] /o No rule violations found in "project_d_ff/D_FF/schematic"
[14:04:54.07] /m Information: 
[14:04:54.07] /o Checking "project_d_ff/CLOCK_inv/schematic"
[14:04:54.08] /o No rule violations found in "project_d_ff/CLOCK_inv/schematic"
[14:04:54.10] /m Information: 
[14:04:54.10] /o Checking "project_d_ff/D_latch/schematic"
[14:04:54.10] /o No rule violations found in "project_d_ff/D_latch/schematic"
[14:04:54.11] /m Information: 
[14:04:54.11] /o Checking "project_d_ff/TG_out/schematic"
[14:04:54.11] /o No rule violations found in "project_d_ff/TG_out/schematic"
[14:04:54.15] /m Information: "Netlisting design "project_d_ff/D_FF_tb/schematic" finished successfully." (NETLISTING-012)
[14:04:54.16] /m Information: "Composing simulator input file for design "project_d_ff/D_FF_tb/schematic"..."
[14:04:54.19] /m Information: "Simulator input file composed successfully for design "project_d_ff/D_FF_tb/schematic""
[14:04:54.38] /m Information: "Starting HSPICE simulation for design: project_d_ff/D_FF_tb/schematic"
[14:04:54.39] /# gi::collapse {jobMonitorTable} -index {0.0.0.0,0} -in [gi::getWindows 51]
[14:04:54.42] /o 1
[14:04:55.04] /m Information: "Simulation completed successfully for design: project_d_ff/D_FF_tb/schematic "
[14:04:55.25] /m Information: "Evaluating and plotting outputs..."
[14:04:55.33] /j ::wf::WaveView::plotSuccess WaveView_10 {} {_6b2dca0_void_pp _6ad3658_void_pp} 
[14:04:55.38] /j ::wf::WaveView::plotSuccess WaveView_10 {} {_6b2dca0_void_pp _6ad3720_void_pp} 
[14:04:55.44] /j ::wf::WaveView::plotSuccess WaveView_10 {} {_6b2dca0_void_pp _6ad37e8_void_pp} 
[14:04:55.47] /j ::wf::WaveView::plotSuccess WaveView_10 {} {_6b2dca0_void_pp _6ad38b0_void_pp} 
[14:04:55.64] /m Information: Measurement calculations completed for testbench: HSPICE_d_Fff in 0s
[14:05:18.81] /i gi::setActiveWindow 50
[14:05:18.81] /i gi::setActiveWindow 50 -raise true
[14:05:19.25] /i gi::setActiveWindow 49
[14:05:19.25] /i gi::setActiveWindow 49 -raise true
[14:05:20.76] /# gi::executeAction deSelectActive -in [gi::getWindows 49]
[14:05:20.76] /i de::deselectAll [db::getNext [de::getContexts -window 49]]
[14:05:20.76] /i de::deselectAllLogic -context [db::getNext [de::getContexts -window 49]]
[14:05:20.85] /i gi::executeAction deCanvasDragCancel -in [gi::getWindows 49]
[14:05:21.64] /# gi::executeAction deSelectActive -in [gi::getWindows 49]
[14:05:21.64] /i de::deselectAll [db::getNext [de::getContexts -window 49]]
[14:05:21.64] /i de::select [de::getActiveFigure [gi::getWindows 49] -point {4.75625 4.19375} -index 0 -intent none]
[14:05:21.64] /o oa:0x1dce8ea0
[14:05:22.50] /# gi::executeAction deSelectActive -in [gi::getWindows 49]
[14:05:22.50] /i de::cycleActiveFigure [gi::getWindows 49] -direction next
[14:05:22.50] /o oa:0x29b9b9a0
[14:05:22.65] /# gi::executeAction deDescend -in [gi::getWindows 49]
[14:05:22.65] /i ide::descend 49 -inPlace false -promptView false -readOnly auto
[14:05:22.65] /# Navigating to project_d_ff/D_FF/schematic (I0)
[14:05:22.69] /o true
[14:05:23.94] /# gi::executeAction deSelectActive -in [gi::getWindows 49]
[14:05:23.94] /i de::deselectAll [db::getNext [de::getContexts -window 49]]
[14:05:23.94] /i de::select [de::getActiveFigure [gi::getWindows 49] -point {18.71875 5.61875} -index 0 -intent none]
[14:05:23.94] /o oa:0x28260c10
[14:05:24.09] /# gi::executeAction deDescend -in [gi::getWindows 49]
[14:05:24.09] /i ide::descend 49 -inPlace false -promptView false -readOnly auto
[14:05:24.10] /# Navigating to project_d_ff/D_latch/schematic (I10)
[14:05:24.14] /o true
[14:05:25.23] /# gi::executeAction deSelectActive -in [gi::getWindows 49]
[14:05:25.23] /i de::deselectAll [db::getNext [de::getContexts -window 49]]
[14:05:25.23] /i de::select [de::getActiveFigure [gi::getWindows 49] -point {8.21875 2.53125} -index 0 -intent none]
[14:05:25.23] /o oa:0x24b17c30
[14:05:26.26] /# gi::executeAction deSelectActive -in [gi::getWindows 49]
[14:05:26.26] /i de::deselectAll [db::getNext [de::getContexts -window 49]]
[14:05:26.26] /i de::select [de::getActiveFigure [gi::getWindows 49] -point {4.8625 2.53125} -index 0 -intent none]
[14:05:26.26] /o oa:0x242e2d40
[14:05:26.41] /# gi::executeAction deDescend -in [gi::getWindows 49]
[14:05:26.41] /i ide::descend 49 -inPlace false -promptView false -readOnly auto
[14:05:26.41] /# Navigating to project_d_ff/inv_store/schematic (I3)
[14:05:26.47] /o true
[14:05:28.52] /# gi::executeAction deReturnToTop -in [gi::getWindows 49]
[14:05:28.53] /i de::return [db::getNext [de::getContexts -window 49]] -levels -1
[14:05:28.53] /# Navigating to project_d_ff/D_FF_tb/schematic
[14:05:28.62] /o oa:0x230d37a0
[14:05:29.38] /# gi::executeAction deSelectActive -in [gi::getWindows 49]
[14:05:29.38] /i de::cycleActiveFigure [gi::getWindows 49] -direction next
[14:05:29.38] /o oa:0x1f8c7460
[14:05:29.54] /# gi::executeAction deDescend -in [gi::getWindows 49]
[14:05:29.54] /i ide::descend 49 -inPlace false -promptView false -readOnly auto
[14:05:29.54] /# Navigating to project_d_ff/D_FF/schematic (I0)
[14:05:29.58] /o true
[14:05:30.09] /# gi::executeAction deSelectActive -in [gi::getWindows 49]
[14:05:30.09] /i de::deselectAll [db::getNext [de::getContexts -window 49]]
[14:05:30.09] /i de::select [de::getActiveFigure [gi::getWindows 49] -point {18.65625 5.725} -index 0 -intent none]
[14:05:30.09] /o oa:0x250de500
[14:05:30.24] /# gi::executeAction deDescend -in [gi::getWindows 49]
[14:05:30.24] /i ide::descend 49 -inPlace false -promptView false -readOnly auto
[14:05:30.24] /# Navigating to project_d_ff/D_latch/schematic (I10)
[14:05:30.28] /o true
[14:05:30.78] /# gi::executeAction deSelectActive -in [gi::getWindows 49]
[14:05:30.78] /i de::deselectAll [db::getNext [de::getContexts -window 49]]
[14:05:30.78] /i de::select [de::getActiveFigure [gi::getWindows 49] -point {8.5 2.68125} -index 0 -intent none]
[14:05:30.78] /o oa:0x247aeae0
[14:05:30.93] /# gi::executeAction deDescend -in [gi::getWindows 49]
[14:05:30.93] /i ide::descend 49 -inPlace false -promptView false -readOnly auto
[14:05:30.93] /# Navigating to project_d_ff/inv_out/schematic (c)
[14:05:30.97] /o true
[14:05:33.79] /# gi::executeAction deReturn -in [gi::getWindows 49]
[14:05:33.79] /i de::return [db::getNext [de::getContexts -window 49]]
[14:05:33.79] /# Navigating to project_d_ff/D_latch/schematic (I10)
[14:05:33.81] /o oa:0x290a4880
[14:05:34.81] /# gi::executeAction deSelectActive -in [gi::getWindows 49]
[14:05:34.81] /i de::deselectAll [db::getNext [de::getContexts -window 49]]
[14:05:34.81] /i de::select [de::getActiveFigure [gi::getWindows 49] -point {2.46875 2.475} -index 0 -intent none]
[14:05:34.81] /o oa:0x1df215a0
[14:05:34.95] /# gi::executeAction deDescend -in [gi::getWindows 49]
[14:05:34.95] /i ide::descend 49 -inPlace false -promptView false -readOnly auto
[14:05:34.96] /# Navigating to project_d_ff/TG_in/schematic (I1)
[14:05:34.99] /o true
[14:05:38.77] /# gi::executeAction deReturn -in [gi::getWindows 49]
[14:05:38.77] /i de::return [db::getNext [de::getContexts -window 49]]
[14:05:38.77] /# Navigating to project_d_ff/D_latch/schematic (I10)
[14:05:38.79] /o oa:0x28e96b30
[14:05:46.74] /# gi::executeAction deSelectActive -in [gi::getWindows 49]
[14:05:46.74] /i de::deselectAll [db::getNext [de::getContexts -window 49]]
[14:05:46.75] /i de::select [de::getActiveFigure [gi::getWindows 49] -point {2.45 2.46875} -index 0 -intent none]
[14:05:46.75] /o oa:0x1df20d80
[14:05:46.95] /# gi::executeAction deDescend -in [gi::getWindows 49]
[14:05:46.95] /i ide::descend 49 -inPlace false -promptView false -readOnly auto
[14:05:46.95] /# Navigating to project_d_ff/TG_in/schematic (I1)
[14:05:46.98] /o true
[14:05:49.35] /# gi::executeAction deSelectActive -in [gi::getWindows 49]
[14:05:49.35] /i de::deselectAll [db::getNext [de::getContexts -window 49]]
[14:05:49.35] /i de::select [de::getActiveFigure [gi::getWindows 49] -point {2.84375 1.725} -index 0 -intent none]
[14:05:49.35] /o oa:0x1e69a4f0
[14:05:50.37] /i gi::setItemSelection {parameters} -index {w,all} -in [gi::getAssistants dePropertyEditor -from [gi::getWindows 49]]
[14:05:50.37] /i gi::setCurrentIndex {parameters} -index {w,Value} -in [gi::getAssistants dePropertyEditor -from [gi::getWindows 49]]
[14:06:42.94] /i gi::executeAction giCloseWindow -in [gi::getWindows 49]
[14:06:42.96] /i gi::setActiveWindow 50
[14:06:42.96] /i gi::setActiveWindow 50 -raise true
[14:06:43.98] /i gi::executeAction giCloseWindow -in [gi::getWindows 50]
[14:06:44.05] /r giDialog gi::setActiveDialog [gi::getDialogs {giPrompt} -parent [gi::getWindows 50]]
[14:06:44.34] /r giDialog db::setAttr geometry -of [gi::getDialogs {giPrompt} -parent [gi::getWindows 50]] -value 292x82+814+573
[14:06:45.55] /r giDialog gi::pressButton {save} -in [gi::getDialogs {giPrompt} -parent [gi::getWindows 50]]
[14:06:45.71] /r giDialog gi::setActiveDialog [gi::getDialogs {saShowSaveState} -parent [gi::getWindows 50]]
[14:06:46.01] /r giDialog db::setAttr geometry -of [gi::getDialogs {saShowSaveState} -parent [gi::getWindows 50]] -value 501x558+710+335
[14:06:46.78] /r giDialog gi::pressButton {/ok} -in [gi::getDialogs {saShowSaveState} -parent [gi::getWindows 50]]
[14:06:46.82] /i gi::setActiveWindow 51
[14:06:46.82] /i gi::setActiveWindow 51 -raise true
[14:06:47.83] /i gi::setActiveWindow 46
[14:06:47.83] /i gi::setActiveWindow 46 -raise true
[14:06:48.58] /i gi::setActiveWindow 51
[14:06:48.58] /i gi::setActiveWindow 51 -raise true
[14:06:49.19] /i gi::executeAction giCloseWindow -in [gi::getWindows 51]
[14:06:49.20] /i gi::setActiveWindow 46
[14:06:49.20] /i gi::setActiveWindow 46 -raise true
[14:06:49.86] /i gi::executeAction giCloseWindow -in [gi::getWindows 46]
[14:06:49.90] /i gi::setActiveWindow 45
[14:06:49.90] /i gi::setActiveWindow 45 -raise true
[14:06:52.12] /i gi::setActiveWindow 47
[14:06:52.12] /i gi::setActiveWindow 47 -raise true
[14:06:52.60] /i gi::setActiveWindow 45
[14:06:52.60] /i gi::setActiveWindow 45 -raise true
[14:06:54.11] /i gi::executeAction deCanvasDragCancel -in [gi::getWindows 45]
[14:06:54.95] /i gi::setActiveWindow 2
[14:06:54.95] /i gi::setActiveWindow 2 -raise true
[14:06:57.49] /i gi::setCurrentIndex {libs} -index {new_dff} -in [gi::getWindows 2]
[14:06:57.49] /i gi::setItemSelection {libs} -index {new_dff} -in [gi::getWindows 2]
[14:06:58.32] /i gi::setCurrentIndex {cells} -index {D_latch} -in [gi::getWindows 2]
[14:06:58.33] /i gi::setItemSelection {cells} -index {D_latch} -in [gi::getWindows 2]
[14:06:59.04] /i gi::setCurrentIndex {cells} -index {d_ff} -in [gi::getWindows 2]
[14:06:59.04] /i gi::setItemSelection {cells} -index {d_ff} -in [gi::getWindows 2]
[14:07:01.26] /i gi::setCurrentIndex {cells} -index {D_latch} -in [gi::getWindows 2]
[14:07:01.26] /i gi::setItemSelection {cells} -index {D_latch} -in [gi::getWindows 2]
[14:07:01.90] /i gi::setCurrentIndex {views} -index {symbol} -in [gi::getWindows 2]
[14:07:01.90] /i gi::setItemSelection {views} -index {symbol} -in [gi::getWindows 2]
[14:07:02.55] /i gi::setCurrentIndex {views} -index {schematic} -in [gi::getWindows 2]
[14:07:02.55] /i gi::setItemSelection {views} -index {schematic} -in [gi::getWindows 2]
[14:07:02.77] /i gi::executeAction dmOpen -in [gi::getWindows 2]
[14:07:02.79] /r giWindowId 52
[14:07:02.80] /r giWindowGeometry 1632x1020
[14:07:03.00] /m Information: 
[14:07:03.00] /o Checking "new_dff/D_latch/schematic"
[14:07:03.00] /o No rule violations found in "new_dff/D_latch/schematic"
[14:07:03.00] /m Information: Checking process is completed: marking the design violations
[14:07:03.00] /m Information: Marking of designs is completed
[14:07:05.84] /i gi::setActiveWindow 45
[14:07:05.84] /i gi::setActiveWindow 45 -raise true
[14:07:07.16] /i gi::setActiveWindow 47
[14:07:07.16] /i gi::setActiveWindow 47 -raise true
[14:07:07.73] /i gi::executeAction menuPreShow -in [gi::getWindows 47]
[14:07:07.74] /r giMenuAccess db::getNext [gi::getMenus saConsoleSimMenu -from [gi::getWindows 47]]
[14:07:08.35] /# gi::executeAction saNetlistAndRun -in [gi::getWindows 47]
[14:07:08.35] /i isa::netlistAndRun -testbench [sa::findActiveTestbench -window 47] -mode overwrite
[14:07:08.37] /r giWindowId 53
[14:07:08.37] /r giWindowGeometry 800x600
[14:07:08.45] /m Information: "Starting incremental netlisting for design "new_dff/d_ff_tb/schematic"..." (NETLISTING-010)
[14:07:08.46] /m Information: 
[14:07:08.46] /o Checking "new_dff/d_ff_tb/schematic"
[14:07:08.46] /o No rule violations found in "new_dff/d_ff_tb/schematic"
[14:07:08.46] /o No Design Integrity rule violations found in "new_dff/d_ff_tb/schematic"
[14:07:08.47] /m Information: 
[14:07:08.47] /o Checking "new_dff/d_ff/schematic"
[14:07:08.47] /o No rule violations found in "new_dff/d_ff/schematic"
[14:07:08.47] /m Information: 
[14:07:08.47] /o Checking "project_d_ff/CLOCK_inv/schematic"
[14:07:08.47] /o No rule violations found in "project_d_ff/CLOCK_inv/schematic"
[14:07:08.47] /m Information: 
[14:07:08.47] /o Checking "new_dff/D_latch/schematic"
[14:07:08.47] /o No rule violations found in "new_dff/D_latch/schematic"
[14:07:08.51] /m Information: "Netlisting design "new_dff/d_ff_tb/schematic" finished successfully." (NETLISTING-012)
[14:07:08.51] /m Information: "Composing simulator input file for design "new_dff/d_ff_tb/schematic"..."
[14:07:08.54] /m Information: "Simulator input file composed successfully for design "new_dff/d_ff_tb/schematic""
[14:07:08.72] /m Information: "Starting HSPICE simulation for design: new_dff/d_ff_tb/schematic"
[14:07:08.72] /# gi::collapse {jobMonitorTable} -index {0.0.1.0,0} -in [gi::getWindows 53]
[14:07:08.74] /o 1
[14:07:09.53] /m Information: "Simulation completed successfully for design: new_dff/d_ff_tb/schematic "
[14:07:09.75] /m Information: "Evaluating and plotting outputs..."
[14:07:09.75] /e Error: Evaluating 'v(/Qbar)': "Could not find net named: Qbar" (HIERARCHY_COMMANDS-007)
[14:07:09.80] /j ::wf::WaveView::plotSuccess WaveView_10 {} {_6bee510_void_pp _6ad3590_void_pp} 
[14:07:09.86] /j ::wf::WaveView::plotSuccess WaveView_10 {} {_6bee510_void_pp _6ad3658_void_pp} 
[14:07:09.90] /j ::wf::WaveView::plotSuccess WaveView_10 {} {_6bee510_void_pp _6ad3720_void_pp} 
[14:07:09.95] /j ::wf::WaveView::plotSuccess WaveView_10 {} {_6bee510_void_pp _6ad38b0_void_pp} 
[14:07:10.14] /m Information: Measurement calculations completed for testbench: HSPICE_d_latch_tb in 1s
[14:07:13.76] /i gi::pressButton {ConsoleToggleButton} -in [db::getAttr statusbar -of [gi::getWindows 53]]
[14:07:17.14] /i gi::setActiveWindow 47
[14:07:17.14] /i gi::setActiveWindow 47 -raise true
[14:07:18.00] /i gi::setActiveWindow 45
[14:07:18.00] /i gi::setActiveWindow 45 -raise true
[14:07:20.26] /i gi::setActiveWindow 52
[14:07:20.26] /i gi::setActiveWindow 52 -raise true
[14:07:23.30] /i gi::setActiveWindow 45
[14:07:23.30] /i gi::setActiveWindow 45 -raise true
[14:07:23.90] /i gi::setActiveWindow 47
[14:07:23.90] /i gi::setActiveWindow 47 -raise true
[14:07:26.97] /i gi::setActiveWindow 45
[14:07:26.98] /i gi::setActiveWindow 45 -raise true
[14:07:28.15] /i gi::setActiveWindow 52
[14:07:28.15] /i gi::setActiveWindow 52 -raise true
[14:07:29.73] /i gi::setActiveWindow 45
[14:07:29.73] /i gi::setActiveWindow 45 -raise true
[14:07:31.84] /i gi::executeAction deCanvasDragCancel -in [gi::getWindows 45]
[14:07:32.15] /# gi::executeAction deSelectActive -in [gi::getWindows 45]
[14:07:32.15] /i de::deselectAll [db::getNext [de::getContexts -window 45]]
[14:07:32.16] /i de::select [de::getActiveFigure [gi::getWindows 45] -point {2.1875 2.825} -index 0 -intent none]
[14:07:32.16] /o oa:0x240a5200
[14:07:32.30] /# gi::executeAction deDescend -in [gi::getWindows 45]
[14:07:32.30] /i ide::descend 45 -inPlace false -promptView false -readOnly auto
[14:07:32.31] /# Navigating to new_dff/d_ff/schematic (I0)
[14:07:32.37] /o true
[14:07:36.64] /i gi::setActiveWindow 47
[14:07:36.65] /i gi::setActiveWindow 47 -raise true
[14:07:38.25] /i gi::setCurrentIndex {outputsTable} -index {0,1} -in [gi::getWindows 47]
[14:07:38.25] /i gi::setItemSelection {outputsTable} -index {0,1} -in [gi::getWindows 47]
[14:07:38.25] /i gi::setItemSelection {outputsTable} -index {0,1} -in [gi::getWindows 47]
[14:07:38.25] /i gi::setItemSelection {variablesTable} -index {} -in [gi::getWindows 47]
[14:07:39.72] /i gi::setField {outputsTable} -index {0,1} -value {v(/Qbar)} -in [gi::getWindows 47]
[14:07:39.80] /i gi::setItemSelection {outputsTable} -index {} -in [gi::getWindows 47]
[14:07:39.80] /i gi::setItemSelection {outputsTable} -index {} -in [gi::getWindows 47]
[14:07:40.51] /i gi::setItemSelection {outputsTable} -index {0,1} -in [gi::getWindows 47]
[14:07:40.51] /i gi::setItemSelection {outputsTable} -index {0,1} -in [gi::getWindows 47]
[14:07:41.65] /i gi::setField {outputsTable} -index {0,1} -value {} -in [gi::getWindows 47]
[14:07:41.65] /i gi::setCurrentIndex {outputsTable} -index {1,1} -in [gi::getWindows 47]
[14:07:41.65] /i gi::setItemSelection {outputsTable} -index {} -in [gi::getWindows 47]
[14:07:41.65] /i gi::setItemSelection {outputsTable} -index {} -in [gi::getWindows 47]
[14:07:43.00] /i gi::executeAction menuPreShow -in [gi::getWindows 47]
[14:07:43.00] /r giMenuAccess db::getNext [gi::getMenus saConsoleSimMenu -from [gi::getWindows 47]]
[14:07:43.47] /# gi::executeAction saNetlistAndRun -in [gi::getWindows 47]
[14:07:43.47] /i isa::netlistAndRun -testbench [sa::findActiveTestbench -window 47] -mode overwrite
[14:07:43.71] /m Information: "Starting incremental netlisting for design "new_dff/d_ff_tb/schematic"..." (NETLISTING-010)
[14:07:43.72] /m Information: 
[14:07:43.72] /o Checking "new_dff/d_ff_tb/schematic"
[14:07:43.72] /o No rule violations found in "new_dff/d_ff_tb/schematic"
[14:07:43.72] /o No Design Integrity rule violations found in "new_dff/d_ff_tb/schematic"
[14:07:43.72] /m Information: 
[14:07:43.72] /o Checking "new_dff/d_ff/schematic"
[14:07:43.72] /o No rule violations found in "new_dff/d_ff/schematic"
[14:07:43.73] /m Information: 
[14:07:43.73] /o Checking "project_d_ff/CLOCK_inv/schematic"
[14:07:43.73] /o No rule violations found in "project_d_ff/CLOCK_inv/schematic"
[14:07:43.73] /m Information: 
[14:07:43.73] /o Checking "new_dff/D_latch/schematic"
[14:07:43.73] /o No rule violations found in "new_dff/D_latch/schematic"
[14:07:43.75] /m Information: "Netlisting design "new_dff/d_ff_tb/schematic" finished successfully." (NETLISTING-012)
[14:07:43.76] /m Information: "Composing simulator input file for design "new_dff/d_ff_tb/schematic"..."
[14:07:43.79] /m Information: "Simulator input file composed successfully for design "new_dff/d_ff_tb/schematic""
[14:07:44.01] /m Information: "Starting HSPICE simulation for design: new_dff/d_ff_tb/schematic"
[14:07:44.01] /# gi::collapse {jobMonitorTable} -index {0.0.1.0,0} -in [gi::getWindows 53]
[14:07:44.03] /o 1
[14:07:44.74] /m Information: "Simulation completed successfully for design: new_dff/d_ff_tb/schematic "
[14:07:44.94] /m Information: "Evaluating and plotting outputs..."
[14:07:45.02] /j ::wf::WaveView::plotSuccess WaveView_10 {} {_6b713f0_void_pp _6ad37e8_void_pp} 
[14:07:45.09] /j ::wf::WaveView::plotSuccess WaveView_10 {} {_6b713f0_void_pp _6ad3590_void_pp} 
[14:07:45.16] /j ::wf::WaveView::plotSuccess WaveView_10 {} {_6b713f0_void_pp _6ad3658_void_pp} 
[14:07:45.22] /j ::wf::WaveView::plotSuccess WaveView_10 {} {_6b713f0_void_pp _6ad3720_void_pp} 
[14:07:45.33] /m Information: Measurement calculations completed for testbench: HSPICE_d_latch_tb in 0s
[14:07:48.33] /i gi::setActiveWindow 47
[14:07:48.33] /i gi::setActiveWindow 47 -raise true
[14:07:49.15] /i gi::setCurrentIndex {variablesTable} -index {1,1} -in [gi::getWindows 47]
[14:07:49.15] /i gi::setItemSelection {variablesTable} -index {1,1} -in [gi::getWindows 47]
[14:07:49.85] /i gi::setField {variablesTable} -index {1,1} -value {5p} -in [gi::getWindows 47]
[14:07:49.85] /i gi::setCurrentIndex {variablesTable} -index {2,1} -in [gi::getWindows 47]
[14:07:49.85] /i gi::setItemSelection {variablesTable} -index {2,1} -in [gi::getWindows 47]
[14:07:51.43] /i gi::setField {variablesTable} -index {2,1} -value {200p} -in [gi::getWindows 47]
[14:07:51.43] /i gi::setField {variablesTable} -index {2,1} -value {200p} -in [gi::getWindows 47]
[14:07:52.80] /i gi::executeAction menuPreShow -in [gi::getWindows 47]
[14:07:52.80] /r giMenuAccess db::getNext [gi::getMenus saConsoleSimMenu -from [gi::getWindows 47]]
[14:07:53.20] /# gi::executeAction saNetlistAndRun -in [gi::getWindows 47]
[14:07:53.20] /i isa::netlistAndRun -testbench [sa::findActiveTestbench -window 47] -mode overwrite
[14:07:53.26] /m Information: "Starting incremental netlisting for design "new_dff/d_ff_tb/schematic"..." (NETLISTING-010)
[14:07:53.27] /m Information: 
[14:07:53.27] /o Checking "new_dff/d_ff_tb/schematic"
[14:07:53.27] /o No rule violations found in "new_dff/d_ff_tb/schematic"
[14:07:53.27] /o No Design Integrity rule violations found in "new_dff/d_ff_tb/schematic"
[14:07:53.27] /m Information: 
[14:07:53.27] /o Checking "new_dff/d_ff/schematic"
[14:07:53.27] /o No rule violations found in "new_dff/d_ff/schematic"
[14:07:53.28] /m Information: 
[14:07:53.28] /o Checking "project_d_ff/CLOCK_inv/schematic"
[14:07:53.28] /o No rule violations found in "project_d_ff/CLOCK_inv/schematic"
[14:07:53.28] /m Information: 
[14:07:53.28] /o Checking "new_dff/D_latch/schematic"
[14:07:53.28] /o No rule violations found in "new_dff/D_latch/schematic"
[14:07:53.31] /m Information: "Netlisting design "new_dff/d_ff_tb/schematic" finished successfully." (NETLISTING-012)
[14:07:53.32] /m Information: "Composing simulator input file for design "new_dff/d_ff_tb/schematic"..."
[14:07:53.35] /m Information: "Simulator input file composed successfully for design "new_dff/d_ff_tb/schematic""
[14:07:53.55] /m Information: "Starting HSPICE simulation for design: new_dff/d_ff_tb/schematic"
[14:07:53.56] /# gi::collapse {jobMonitorTable} -index {0.0.1.0,0} -in [gi::getWindows 53]
[14:07:53.57] /o 1
[14:07:54.15] /m Information: "Simulation completed successfully for design: new_dff/d_ff_tb/schematic "
[14:07:54.35] /m Information: "Evaluating and plotting outputs..."
[14:07:54.43] /j ::wf::WaveView::plotSuccess WaveView_10 {} {_6b53600_void_pp _6ad38b0_void_pp} 
[14:07:54.50] /j ::wf::WaveView::plotSuccess WaveView_10 {} {_6b53600_void_pp _6ad37e8_void_pp} 
[14:07:54.56] /j ::wf::WaveView::plotSuccess WaveView_10 {} {_6b53600_void_pp _6ad3590_void_pp} 
[14:07:54.65] /j ::wf::WaveView::plotSuccess WaveView_10 {} {_6b53600_void_pp _6ad3658_void_pp} 
[14:07:54.74] /m Information: Measurement calculations completed for testbench: HSPICE_d_latch_tb in 0s
[14:08:08.04] /i gi::setActiveWindow 47
[14:08:08.04] /i gi::setActiveWindow 47 -raise true
[14:08:13.02] /i gi::createWindow -windowType [gi::getWindowTypes giHomePage]
[14:08:13.02] /r giWindowId 54
[14:08:13.03] /r giWindowGeometry 1040x800
[14:08:14.26] /# gi::pressButton {/scroll/scrollArea/scrollAreaInnerWidget/applications/dmLibraryManager} -in [gi::getWindows 54]
[14:08:14.26] /# 
[14:08:14.26] /i dm::openLibraryManager
[14:08:14.26] /r giWindowId 55
[14:08:14.27] /r giWindowGeometry 1910x1077+292+204
[14:08:14.38] /o oa:0x1eab3350
[14:08:14.38] /i gi::closeWindows [gi::getWindows 54]
[14:08:14.50] /i gi::setSectionSizes {libs} -values {521} -in [gi::getWindows 55]
[14:08:15.27] /i gi::setCurrentIndex {libs} -index {new_dff} -in [gi::getWindows 55]
[14:08:15.28] /i gi::setItemSelection {libs} -index {new_dff} -in [gi::getWindows 55]
[14:08:19.31] /i gi::setCurrentIndex {libs} -index {project_d_ff} -in [gi::getWindows 55]
[14:08:19.31] /i gi::setItemSelection {libs} -index {project_d_ff} -in [gi::getWindows 55]
[14:08:20.50] /i gi::setCurrentIndex {cellCategories} -index {D_FF} -in [gi::getWindows 55]
[14:08:20.50] /i gi::setItemSelection {cellCategories} -index {D_FF} -in [gi::getWindows 55]
[14:08:21.58] /i gi::setCurrentIndex {cells} -index {D_FF_tb} -in [gi::getWindows 55]
[14:08:21.58] /i gi::setItemSelection {cells} -index {D_FF_tb} -in [gi::getWindows 55]
[14:08:22.39] /i gi::setCurrentIndex {views} -index {schematic} -in [gi::getWindows 55]
[14:08:22.39] /i gi::setItemSelection {views} -index {schematic} -in [gi::getWindows 55]
[14:08:22.54] /i gi::executeAction dmOpen -in [gi::getWindows 55]
[14:08:22.56] /r giWindowId 56
[14:08:22.57] /r giWindowGeometry 1632x1020
[14:08:22.77] /o "project_d_ff/D_FF_tb/schematic" design does not need checking
[14:08:23.94] /# gi::executeAction deSelectActive -in [gi::getWindows 56]
[14:08:23.94] /i de::deselectAll [db::getNext [de::getContexts -window 56]]
[14:08:23.94] /i de::select [de::getActiveFigure [gi::getWindows 56] -point {4.80625 3.84375} -index 0 -intent none]
[14:08:23.94] /o oa:0x2486cdf0
[14:08:25.04] /# gi::executeAction deSelectActive -in [gi::getWindows 56]
[14:08:25.04] /i de::deselectAll [db::getNext [de::getContexts -window 56]]
[14:08:25.04] /i de::deselectAllLogic -context [db::getNext [de::getContexts -window 56]]
[14:08:25.38] /# gi::executeAction deSelectActive -in [gi::getWindows 56]
[14:08:25.38] /i de::deselectAll [db::getNext [de::getContexts -window 56]]
[14:08:25.38] /i de::select [de::getActiveFigure [gi::getWindows 56] -point {5.13125 2.875} -index 0 -intent none]
[14:08:25.38] /o oa:0x255d6f20
[14:08:26.25] /# gi::executeAction seDelete -in [gi::getWindows 56]
[14:08:26.25] /i ise::delete
[14:08:26.82] /i gi::executeAction deCanvasDragCancel -in [gi::getWindows 56]
[14:08:27.29] /# gi::executeAction deSelectActive -in [gi::getWindows 56]
[14:08:27.29] /i de::deselectAll [db::getNext [de::getContexts -window 56]]
[14:08:27.29] /i de::select [de::getActiveFigure [gi::getWindows 56] -point {4.8625 3.65} -index 0 -intent none]
[14:08:27.29] /o oa:0x1de437a0
[14:08:30.09] /# gi::executeAction seShowConsoleForWindow -in [gi::getWindows 56]
[14:08:30.09] /i sa::showConsole -context [db::getNext [de::getContexts -window 56]]
[14:08:30.12] /r giWindowId 57
[14:08:30.13] /r giWindowGeometry 600x500
[14:08:30.20] /o oa:0x233d9710
[14:08:30.23] /m Information: Launching Background sae_shell Server Process "cd /home/itsupport/Desktop/lab1vlsi && sae_shell -log sae_shell_session13_job1 -libDefFile /home/itsupport/Desktop/lab1vlsi/lib.defs"
[14:08:31.75] /# gi::executeAction saLoadState -in [gi::getWindows 57]
[14:08:31.75] /i sa::showLoadState -parent 57
[14:08:31.97] /o oa:0x234d87a0
[14:08:32.04] /i gi::setActiveDialog [gi::getDialogs {saShowLoadState} -parent [gi::getWindows 57]]
[14:08:32.31] /i db::setAttr geometry -of [gi::getDialogs {saShowLoadState} -parent [gi::getWindows 57]] -value 603x720+778+424
[14:08:32.83] /m Information: Received ready-for-commands signal from background job 'sae_shell_session13_job1' after 2 seconds.
[14:08:35.77] /i gi::setField {/libs} -value {new_dff} -in [gi::getDialogs {saShowLoadState} -parent [gi::getWindows 57]]
[14:08:36.10] /i db::setAttr geometry -of [gi::getDialogs {saShowLoadState} -parent [gi::getWindows 57]] -value 603x720+778+424
[14:08:37.73] /i gi::setField {/cells} -value {d_ff} -in [gi::getDialogs {saShowLoadState} -parent [gi::getWindows 57]]
[14:08:39.18] /i gi::setField {/simulators} -value {HSPICE} -in [gi::getDialogs {saShowLoadState} -parent [gi::getWindows 57]]
[14:08:39.50] /i db::setAttr geometry -of [gi::getDialogs {saShowLoadState} -parent [gi::getWindows 57]] -value 603x720+778+424
[14:08:41.93] /i gi::pressButton {/ok} -in [gi::getDialogs {saShowLoadState} -parent [gi::getWindows 57]]
[14:08:43.84] /i gi::executeAction menuPreShow -in [gi::getWindows 57]
[14:08:43.84] /r giMenuAccess db::getNext [gi::getMenus saConsoleOutputsMenu -from [gi::getWindows 57]]
[14:08:44.63] /# gi::executeAction saSelectInDesign -in [gi::getWindows 57]
[14:08:44.63] /i sa::selectOutputs -window 57
[14:08:46.37] /# gi::executeAction deAddPoint -in [gi::getWindows 56]
[14:08:46.37] /i de::addPoint {5.24375 3} -context [db::getNext [de::getContexts -window 56]]
[14:08:47.92] /i gi::setActiveWindow 57
[14:08:47.92] /i gi::setActiveWindow 57 -raise true
[14:08:50.11] /i gi::setCurrentIndex {outputsTable} -index {4,1} -in [gi::getWindows 57]
[14:08:50.11] /i gi::setItemSelection {outputsTable} -index {4,1} -in [gi::getWindows 57]
[14:08:50.11] /i gi::setItemSelection {outputsTable} -index {4,1} -in [gi::getWindows 57]
[14:08:52.02] /i gi::setField {outputsTable} -index {4,1} -value {} -in [gi::getWindows 57]
[14:08:52.02] /i gi::setCurrentIndex {outputsTable} -index {3,1} -in [gi::getWindows 57]
[14:08:52.02] /i gi::setItemSelection {outputsTable} -index {} -in [gi::getWindows 57]
[14:08:52.02] /i gi::setItemSelection {outputsTable} -index {} -in [gi::getWindows 57]
[14:08:53.25] /i gi::setCurrentIndex {outputsTable} -index {2,1} -in [gi::getWindows 57]
[14:08:53.25] /i gi::setItemSelection {outputsTable} -index {2,1} -in [gi::getWindows 57]
[14:08:53.25] /i gi::setItemSelection {outputsTable} -index {2,1} -in [gi::getWindows 57]
[14:08:53.88] /i gi::setField {outputsTable} -index {2,1} -value {} -in [gi::getWindows 57]
[14:08:53.88] /i gi::setCurrentIndex {outputsTable} -index {1,1} -in [gi::getWindows 57]
[14:08:53.88] /i gi::setItemSelection {outputsTable} -index {} -in [gi::getWindows 57]
[14:08:53.88] /i gi::setItemSelection {outputsTable} -index {} -in [gi::getWindows 57]
[14:08:58.31] /i gi::executeAction menuPreShow -in [gi::getWindows 57]
[14:08:58.31] /r giMenuAccess db::getNext [gi::getMenus saConsoleSimMenu -from [gi::getWindows 57]]
[14:08:58.75] /# gi::executeAction saNetlistAndRun -in [gi::getWindows 57]
[14:08:58.75] /i isa::netlistAndRun -testbench [sa::findActiveTestbench -window 57] -mode overwrite
[14:08:58.83] /r giDialog gi::setActiveDialog [gi::getDialogs {xtShowDesignsPrompt}]
[14:08:58.84] /r giDialog gi::setCurrentIndex {target} -index {0,0} -in [gi::getDialogs {xtShowDesignsPrompt}]
[14:08:59.08] /r giDialog db::setAttr geometry -of [gi::getDialogs {xtShowDesignsPrompt}] -value 649x290+626+410
[14:09:01.33] /r giDialog gi::pressButton {ok} -in [gi::getDialogs {xtShowDesignsPrompt}]
[14:09:01.36] /m Information: 
[14:09:01.36] /o Checking "project_d_ff/D_FF_tb/schematic"
[14:09:01.36] /o No rule violations found in "project_d_ff/D_FF_tb/schematic"
[14:09:01.36] /o No Design Integrity rule violations found in "project_d_ff/D_FF_tb/schematic"
[14:09:01.36] /m Information: Checking process is completed: marking the design violations
[14:09:01.36] /m Information: Marking of designs is completed
[14:09:01.47] /m Information: "Starting incremental netlisting for design "project_d_ff/D_FF_tb/schematic"..." (NETLISTING-010)
[14:09:01.48] /o No Design Integrity rule violations found in "project_d_ff/D_FF_tb/schematic"
[14:09:01.49] /m Information: 
[14:09:01.49] /o Checking "project_d_ff/D_FF/schematic"
[14:09:01.49] /o No rule violations found in "project_d_ff/D_FF/schematic"
[14:09:01.49] /m Information: 
[14:09:01.49] /o Checking "project_d_ff/CLOCK_inv/schematic"
[14:09:01.49] /o No rule violations found in "project_d_ff/CLOCK_inv/schematic"
[14:09:01.49] /m Information: 
[14:09:01.49] /o Checking "project_d_ff/D_latch/schematic"
[14:09:01.49] /o No rule violations found in "project_d_ff/D_latch/schematic"
[14:09:01.50] /m Information: 
[14:09:01.50] /o Checking "project_d_ff/TG_out/schematic"
[14:09:01.50] /o No rule violations found in "project_d_ff/TG_out/schematic"
[14:09:01.53] /m Information: "project_d_ff D_FF_tb schematic" renetlisted. (NETLISTING-056)
[14:09:01.54] /m Information: "Netlisting design "project_d_ff/D_FF_tb/schematic" finished successfully." (NETLISTING-012)
[14:09:01.54] /m Information: "Composing simulator input file for design "project_d_ff/D_FF_tb/schematic"..."
[14:09:01.57] /m Information: "Simulator input file composed successfully for design "project_d_ff/D_FF_tb/schematic""
[14:09:01.71] /m Information: "Starting HSPICE simulation for design: project_d_ff/D_FF_tb/schematic"
[14:09:01.73] /o 1
[14:09:02.13] /m Information: "Simulation completed successfully for design: project_d_ff/D_FF_tb/schematic "
[14:09:02.31] /m Information: Launching Background sae_shell Server Process "cd /home/itsupport/Desktop/lab1vlsi && sae_shell -log sae_shell_session13_job2 -libDefFile /home/itsupport/Desktop/lab1vlsi/lib.defs"
[14:09:02.31] /m Information: "Evaluating and plotting outputs..."
[14:09:02.38] /j ::wf::WaveView::plotSuccess WaveView_10 {} {_6c12820_void_pp _6ad3720_void_pp} 
[14:09:02.45] /j ::wf::WaveView::plotSuccess WaveView_10 {} {_6c12820_void_pp _6ad38b0_void_pp} 
[14:09:02.51] /j ::wf::WaveView::plotSuccess WaveView_10 {} {_6c12820_void_pp _6ad37e8_void_pp} 
[14:09:02.57] /j ::wf::WaveView::plotSuccess WaveView_10 {} {_6c12820_void_pp _6ad3658_void_pp} 
[14:09:02.83] /m Information: Measurement calculations completed for testbench: HSPICE_default in 0s
[14:09:04.83] /m Information: Received ready-for-commands signal from background job 'sae_shell_session13_job2' after 2 seconds.
[14:09:08.49] /i gi::executeAction giCloseWindow -in [gi::getWindows 53]
[14:09:08.53] /i gi::setActiveWindow 57
[14:09:08.53] /i gi::setActiveWindow 57 -raise true
[14:09:10.69] /i gi::setActiveWindow 56
[14:09:10.69] /i gi::setActiveWindow 56 -raise true
[14:09:11.57] /i gi::setActiveWindow 47
[14:09:11.57] /i gi::setActiveWindow 47 -raise true
[14:09:12.90] /i gi::setActiveWindow 57
[14:09:12.90] /i gi::setActiveWindow 57 -raise true
[14:09:18.87] /i gi::setCurrentIndex {variablesTable} -index {1,1} -in [gi::getWindows 57]
[14:09:18.87] /i gi::setItemSelection {variablesTable} -index {1,1} -in [gi::getWindows 57]
[14:09:20.73] /i gi::setField {variablesTable} -index {1,1} -value {0.1p} -in [gi::getWindows 57]
[14:09:20.73] /i gi::setCurrentIndex {variablesTable} -index {2,1} -in [gi::getWindows 57]
[14:09:20.73] /i gi::setItemSelection {variablesTable} -index {2,1} -in [gi::getWindows 57]
[14:09:22.55] /i gi::setField {variablesTable} -index {2,1} -value {200p} -in [gi::getWindows 57]
[14:09:22.55] /i gi::setField {variablesTable} -index {2,1} -value {200p} -in [gi::getWindows 57]
[14:09:23.38] /i gi::executeAction menuPreShow -in [gi::getWindows 57]
[14:09:23.38] /r giMenuAccess db::getNext [gi::getMenus saConsoleSimMenu -from [gi::getWindows 57]]
[14:09:23.94] /# gi::executeAction saNetlistAndRun -in [gi::getWindows 57]
[14:09:23.94] /i isa::netlistAndRun -testbench [sa::findActiveTestbench -window 57] -mode overwrite
[14:09:23.95] /r giWindowId 58
[14:09:23.97] /r giWindowGeometry 800x600
[14:09:24.05] /m Information: "Starting incremental netlisting for design "project_d_ff/D_FF_tb/schematic"..." (NETLISTING-010)
[14:09:24.07] /o No Design Integrity rule violations found in "project_d_ff/D_FF_tb/schematic"
[14:09:24.08] /m Information: 
[14:09:24.08] /o Checking "project_d_ff/D_FF/schematic"
[14:09:24.08] /o No rule violations found in "project_d_ff/D_FF/schematic"
[14:09:24.08] /m Information: 
[14:09:24.08] /o Checking "project_d_ff/CLOCK_inv/schematic"
[14:09:24.08] /o No rule violations found in "project_d_ff/CLOCK_inv/schematic"
[14:09:24.09] /m Information: 
[14:09:24.09] /o Checking "project_d_ff/D_latch/schematic"
[14:09:24.09] /o No rule violations found in "project_d_ff/D_latch/schematic"
[14:09:24.09] /m Information: 
[14:09:24.09] /o Checking "project_d_ff/TG_out/schematic"
[14:09:24.09] /o No rule violations found in "project_d_ff/TG_out/schematic"
[14:09:24.12] /m Information: "Netlisting design "project_d_ff/D_FF_tb/schematic" finished successfully." (NETLISTING-012)
[14:09:24.12] /m Information: "Composing simulator input file for design "project_d_ff/D_FF_tb/schematic"..."
[14:09:24.15] /m Information: "Simulator input file composed successfully for design "project_d_ff/D_FF_tb/schematic""
[14:09:24.33] /m Information: "Starting HSPICE simulation for design: project_d_ff/D_FF_tb/schematic"
[14:09:24.33] /# gi::collapse {jobMonitorTable} -index {0.0.0.1,0} -in [gi::getWindows 58]
[14:09:24.35] /o 1
[14:09:24.94] /m Information: "Simulation completed successfully for design: project_d_ff/D_FF_tb/schematic "
[14:09:25.13] /m Information: "Evaluating and plotting outputs..."
[14:09:25.21] /j ::wf::WaveView::plotSuccess WaveView_10 {} {_6c20890_void_pp _6ad3590_void_pp} 
[14:09:25.28] /j ::wf::WaveView::plotSuccess WaveView_10 {} {_6c20890_void_pp _6ad3720_void_pp} 
[14:09:25.34] /j ::wf::WaveView::plotSuccess WaveView_10 {} {_6c20890_void_pp _6ad38b0_void_pp} 
[14:09:25.36] /j ::wf::WaveView::plotSuccess WaveView_10 {} {_6c20890_void_pp _6ad37e8_void_pp} 
[14:09:25.53] /m Information: Measurement calculations completed for testbench: HSPICE_default in 0s
[14:09:38.94] /i gi::setActiveWindow 45
[14:09:38.94] /i gi::setActiveWindow 45 -raise true
[14:09:39.44] /i gi::setActiveWindow 47
[14:09:39.44] /i gi::setActiveWindow 47 -raise true
[14:09:40.34] /i gi::setActiveWindow 55
[14:09:40.34] /i gi::setActiveWindow 55 -raise true
[14:09:41.18] /i gi::executeAction giCloseWindow -in [gi::getWindows 55]
[14:09:41.20] /i gi::setActiveWindow 47
[14:09:41.20] /i gi::setActiveWindow 47 -raise true
[14:09:43.47] /i gi::setActiveWindow 45
[14:09:43.47] /i gi::setActiveWindow 45 -raise true
[14:09:45.11] /i gi::setActiveWindow 47
[14:09:45.11] /i gi::setActiveWindow 47 -raise true
[14:09:46.21] /i gi::executeAction menuPreShow -in [gi::getWindows 47]
[14:09:46.21] /r giMenuAccess db::getNext [gi::getMenus saConsoleSimMenu -from [gi::getWindows 47]]
[14:09:48.31] /# gi::executeAction saNetlistAndRun -in [gi::getWindows 47]
[14:09:48.31] /i isa::netlistAndRun -testbench [sa::findActiveTestbench -window 47] -mode overwrite
[14:09:48.40] /m Information: "Starting incremental netlisting for design "new_dff/d_ff_tb/schematic"..." (NETLISTING-010)
[14:09:48.41] /m Information: 
[14:09:48.41] /o Checking "new_dff/d_ff_tb/schematic"
[14:09:48.41] /o No rule violations found in "new_dff/d_ff_tb/schematic"
[14:09:48.41] /o No Design Integrity rule violations found in "new_dff/d_ff_tb/schematic"
[14:09:48.42] /m Information: 
[14:09:48.42] /o Checking "new_dff/d_ff/schematic"
[14:09:48.42] /o No rule violations found in "new_dff/d_ff/schematic"
[14:09:48.42] /m Information: 
[14:09:48.42] /o Checking "project_d_ff/CLOCK_inv/schematic"
[14:09:48.42] /o No rule violations found in "project_d_ff/CLOCK_inv/schematic"
[14:09:48.42] /m Information: 
[14:09:48.42] /o Checking "new_dff/D_latch/schematic"
[14:09:48.42] /o No rule violations found in "new_dff/D_latch/schematic"
[14:09:48.44] /m Information: "Netlisting design "new_dff/d_ff_tb/schematic" finished successfully." (NETLISTING-012)
[14:09:48.45] /m Information: "Composing simulator input file for design "new_dff/d_ff_tb/schematic"..."
[14:09:48.48] /m Information: "Simulator input file composed successfully for design "new_dff/d_ff_tb/schematic""
[14:09:48.66] /m Information: "Starting HSPICE simulation for design: new_dff/d_ff_tb/schematic"
[14:09:48.68] /o 1
[14:09:49.26] /m Information: "Simulation completed successfully for design: new_dff/d_ff_tb/schematic "
[14:09:49.45] /m Information: "Evaluating and plotting outputs..."
[14:09:49.54] /j ::wf::WaveView::plotSuccess WaveView_10 {} {_6c17360_void_pp _6ad3658_void_pp} 
[14:09:49.60] /j ::wf::WaveView::plotSuccess WaveView_10 {} {_6c17360_void_pp _6ad3590_void_pp} 
[14:09:49.66] /j ::wf::WaveView::plotSuccess WaveView_10 {} {_6c17360_void_pp _6ad3720_void_pp} 
[14:09:49.74] /j ::wf::WaveView::plotSuccess WaveView_10 {} {_6c17360_void_pp _6ad37e8_void_pp} 
[14:09:49.84] /m Information: Measurement calculations completed for testbench: HSPICE_d_latch_tb in 0s
[14:11:21.10] /i gi::executeAction giCloseWindow -in [gi::getWindows 58]
[14:11:21.13] /i gi::setActiveWindow 47
[14:11:21.13] /i gi::setActiveWindow 47 -raise true
[14:11:24.28] /i gi::setActiveWindow 56
[14:11:24.28] /i gi::setActiveWindow 56 -raise true
[14:11:25.15] /i gi::setActiveWindow 47
[14:11:25.15] /i gi::setActiveWindow 47 -raise true
[14:11:25.78] /i gi::setActiveWindow 45
[14:11:25.78] /i gi::setActiveWindow 45 -raise true
[14:11:28.13] /i gi::setActiveWindow 57
[14:11:28.13] /i gi::setActiveWindow 57 -raise true
[14:11:29.89] /i gi::setCurrentIndex {variablesTable} -index {3,1} -in [gi::getWindows 57]
[14:11:29.90] /i gi::setItemSelection {variablesTable} -index {} -in [gi::getWindows 57]
[14:11:30.70] /w Warning: Invalid design variable value: ''. (SAE-632)
[14:11:30.70] /w Warning: Invalid design variable value: ''. (SAE-632)
[14:11:30.70] /w Warning: Invalid design variable value: ''. (SAE-632)
[14:11:30.70] /w Warning: Invalid design variable value: ''. (SAE-632)
[14:11:30.70] /i gi::setField {variablesTable} -index {3,1} -value {} -in [gi::getWindows 57]
[14:11:30.70] /i gi::setCurrentIndex {variablesTable} -index {2,1} -in [gi::getWindows 57]
[14:11:30.70] /i gi::setItemSelection {variablesTable} -index {2,1} -in [gi::getWindows 57]
[14:11:32.15] /i gi::setField {variablesTable} -index {2,1} -value {100p} -in [gi::getWindows 57]
[14:11:32.15] /i gi::setField {variablesTable} -index {2,1} -value {100p} -in [gi::getWindows 57]
[14:11:32.84] /i gi::setCurrentIndex {variablesTable} -index {1,1} -in [gi::getWindows 57]
[14:11:32.84] /i gi::setItemSelection {variablesTable} -index {1,1} -in [gi::getWindows 57]
[14:11:33.89] /i gi::setField {variablesTable} -index {1,1} -value {5p} -in [gi::getWindows 57]
[14:11:33.89] /i gi::setField {variablesTable} -index {1,1} -value {5p} -in [gi::getWindows 57]
[14:11:35.10] /i gi::setActiveWindow 47
[14:11:35.10] /i gi::setActiveWindow 47 -raise true
[14:11:36.73] /i gi::setActiveWindow 57
[14:11:36.73] /i gi::setActiveWindow 57 -raise true
[14:11:38.08] /i gi::executeAction menuPreShow -in [gi::getWindows 57]
[14:11:38.08] /r giMenuAccess db::getNext [gi::getMenus saConsoleSimMenu -from [gi::getWindows 57]]
[14:11:38.54] /# gi::executeAction saNetlistAndRun -in [gi::getWindows 57]
[14:11:38.54] /i isa::netlistAndRun -testbench [sa::findActiveTestbench -window 57] -mode overwrite
[14:11:38.55] /r giWindowId 59
[14:11:38.57] /r giWindowGeometry 800x600
[14:11:38.67] /m Information: "Starting incremental netlisting for design "project_d_ff/D_FF_tb/schematic"..." (NETLISTING-010)
[14:11:38.68] /o No Design Integrity rule violations found in "project_d_ff/D_FF_tb/schematic"
[14:11:38.69] /m Information: 
[14:11:38.69] /o Checking "project_d_ff/D_FF/schematic"
[14:11:38.69] /o No rule violations found in "project_d_ff/D_FF/schematic"
[14:11:38.69] /m Information: 
[14:11:38.69] /o Checking "project_d_ff/CLOCK_inv/schematic"
[14:11:38.69] /o No rule violations found in "project_d_ff/CLOCK_inv/schematic"
[14:11:38.69] /m Information: 
[14:11:38.69] /o Checking "project_d_ff/D_latch/schematic"
[14:11:38.69] /o No rule violations found in "project_d_ff/D_latch/schematic"
[14:11:38.70] /m Information: 
[14:11:38.70] /o Checking "project_d_ff/TG_out/schematic"
[14:11:38.70] /o No rule violations found in "project_d_ff/TG_out/schematic"
[14:11:38.73] /m Information: "Netlisting design "project_d_ff/D_FF_tb/schematic" finished successfully." (NETLISTING-012)
[14:11:38.73] /m Information: "Composing simulator input file for design "project_d_ff/D_FF_tb/schematic"..."
[14:11:38.76] /m Information: "Simulator input file composed successfully for design "project_d_ff/D_FF_tb/schematic""
[14:11:38.96] /m Information: "Starting HSPICE simulation for design: project_d_ff/D_FF_tb/schematic"
[14:11:38.96] /# gi::collapse {jobMonitorTable} -index {0.0.0.1,0} -in [gi::getWindows 59]
[14:11:38.98] /o 1
[14:11:39.74] /m Information: "Simulation completed successfully for design: project_d_ff/D_FF_tb/schematic "
[14:11:39.94] /m Information: "Evaluating and plotting outputs..."
[14:11:40.03] /j ::wf::WaveView::plotSuccess WaveView_10 {} {_6c072e0_void_pp _6ad38b0_void_pp} 
[14:11:40.06] /j ::wf::WaveView::plotSuccess WaveView_10 {} {_6c072e0_void_pp _6ad3658_void_pp} 
[14:11:40.12] /j ::wf::WaveView::plotSuccess WaveView_10 {} {_6c072e0_void_pp _6ad3590_void_pp} 
[14:11:40.19] /j ::wf::WaveView::plotSuccess WaveView_10 {} {_6c072e0_void_pp _6ad37e8_void_pp} 
[14:11:40.34] /m Information: Measurement calculations completed for testbench: HSPICE_default in 0s
[14:11:48.09] /i gi::setActiveWindow 57
[14:11:48.09] /i gi::setActiveWindow 57 -raise true
[14:11:50.20] /i gi::setField {variablesTable} -index {1,1} -value {0.1p} -in [gi::getWindows 57]
[14:11:50.20] /i gi::setField {variablesTable} -index {1,1} -value {0.1p} -in [gi::getWindows 57]
[14:11:51.16] /i gi::executeAction menuPreShow -in [gi::getWindows 57]
[14:11:51.16] /r giMenuAccess db::getNext [gi::getMenus saConsoleSimMenu -from [gi::getWindows 57]]
[14:11:51.53] /# gi::executeAction saNetlistAndRun -in [gi::getWindows 57]
[14:11:51.53] /i isa::netlistAndRun -testbench [sa::findActiveTestbench -window 57] -mode overwrite
[14:11:51.58] /m Information: "Starting incremental netlisting for design "project_d_ff/D_FF_tb/schematic"..." (NETLISTING-010)
[14:11:51.59] /o No Design Integrity rule violations found in "project_d_ff/D_FF_tb/schematic"
[14:11:51.59] /m Information: 
[14:11:51.59] /o Checking "project_d_ff/D_FF/schematic"
[14:11:51.59] /o No rule violations found in "project_d_ff/D_FF/schematic"
[14:11:51.59] /m Information: 
[14:11:51.59] /o Checking "project_d_ff/CLOCK_inv/schematic"
[14:11:51.59] /o No rule violations found in "project_d_ff/CLOCK_inv/schematic"
[14:11:51.60] /m Information: 
[14:11:51.60] /o Checking "project_d_ff/D_latch/schematic"
[14:11:51.60] /o No rule violations found in "project_d_ff/D_latch/schematic"
[14:11:51.60] /m Information: 
[14:11:51.60] /o Checking "project_d_ff/TG_out/schematic"
[14:11:51.60] /o No rule violations found in "project_d_ff/TG_out/schematic"
[14:11:51.62] /m Information: "Netlisting design "project_d_ff/D_FF_tb/schematic" finished successfully." (NETLISTING-012)
[14:11:51.63] /m Information: "Composing simulator input file for design "project_d_ff/D_FF_tb/schematic"..."
[14:11:51.66] /m Information: "Simulator input file composed successfully for design "project_d_ff/D_FF_tb/schematic""
[14:11:51.88] /m Information: "Starting HSPICE simulation for design: project_d_ff/D_FF_tb/schematic"
[14:11:51.88] /# gi::collapse {jobMonitorTable} -index {0.0.0.1,0} -in [gi::getWindows 59]
[14:11:51.92] /o 1
[14:11:52.83] /m Information: "Simulation completed successfully for design: project_d_ff/D_FF_tb/schematic "
[14:11:53.05] /m Information: "Evaluating and plotting outputs..."
[14:11:53.15] /j ::wf::WaveView::plotSuccess WaveView_10 {} {_6a5efe0_void_pp _6ad3720_void_pp} 
[14:11:53.22] /j ::wf::WaveView::plotSuccess WaveView_10 {} {_6a5efe0_void_pp _6ad38b0_void_pp} 
[14:11:53.30] /j ::wf::WaveView::plotSuccess WaveView_10 {} {_6a5efe0_void_pp _6ad3658_void_pp} 
[14:11:53.35] /j ::wf::WaveView::plotSuccess WaveView_10 {} {_6a5efe0_void_pp _6ad3590_void_pp} 
[14:11:53.37] /m Information: Measurement calculations completed for testbench: HSPICE_default in 0s
[14:11:56.44] /i gi::executeAction giCloseWindow -in [gi::getWindows 59]
[14:11:56.45] /i gi::setActiveWindow 57
[14:11:56.45] /i gi::setActiveWindow 57 -raise true
[14:11:56.94] /i gi::setActiveWindow 56
[14:11:56.94] /i gi::setActiveWindow 56 -raise true
[14:11:57.43] /i gi::setActiveWindow 47
[14:11:57.43] /i gi::setActiveWindow 47 -raise true
[14:11:59.21] /i gi::setField {variablesTable} -index {2,1} -value {100p} -in [gi::getWindows 47]
[14:11:59.21] /i gi::setField {variablesTable} -index {2,1} -value {100p} -in [gi::getWindows 47]
[14:12:00.04] /i gi::executeAction menuPreShow -in [gi::getWindows 47]
[14:12:00.04] /r giMenuAccess db::getNext [gi::getMenus saConsoleSimMenu -from [gi::getWindows 47]]
[14:12:00.46] /# gi::executeAction saNetlistAndRun -in [gi::getWindows 47]
[14:12:00.46] /i isa::netlistAndRun -testbench [sa::findActiveTestbench -window 47] -mode overwrite
[14:12:00.47] /r giWindowId 60
[14:12:00.48] /r giWindowGeometry 800x600
[14:12:00.56] /m Information: "Starting incremental netlisting for design "new_dff/d_ff_tb/schematic"..." (NETLISTING-010)
[14:12:00.58] /m Information: 
[14:12:00.58] /o Checking "new_dff/d_ff_tb/schematic"
[14:12:00.58] /o No rule violations found in "new_dff/d_ff_tb/schematic"
[14:12:00.58] /o No Design Integrity rule violations found in "new_dff/d_ff_tb/schematic"
[14:12:00.58] /m Information: 
[14:12:00.58] /o Checking "new_dff/d_ff/schematic"
[14:12:00.58] /o No rule violations found in "new_dff/d_ff/schematic"
[14:12:00.58] /m Information: 
[14:12:00.58] /o Checking "project_d_ff/CLOCK_inv/schematic"
[14:12:00.58] /o No rule violations found in "project_d_ff/CLOCK_inv/schematic"
[14:12:00.58] /m Information: 
[14:12:00.58] /o Checking "new_dff/D_latch/schematic"
[14:12:00.58] /o No rule violations found in "new_dff/D_latch/schematic"
[14:12:00.60] /m Information: "Netlisting design "new_dff/d_ff_tb/schematic" finished successfully." (NETLISTING-012)
[14:12:00.61] /m Information: "Composing simulator input file for design "new_dff/d_ff_tb/schematic"..."
[14:12:00.64] /m Information: "Simulator input file composed successfully for design "new_dff/d_ff_tb/schematic""
[14:12:00.83] /m Information: "Starting HSPICE simulation for design: new_dff/d_ff_tb/schematic"
[14:12:00.84] /# gi::collapse {jobMonitorTable} -index {0.0.1.0,0} -in [gi::getWindows 60]
[14:12:00.85] /o 1
[14:12:01.64] /m Information: "Simulation completed successfully for design: new_dff/d_ff_tb/schematic "
[14:12:01.81] /m Information: "Evaluating and plotting outputs..."
[14:12:01.94] /j ::wf::WaveView::plotSuccess WaveView_10 {} {_6c0bd60_void_pp _6ad37e8_void_pp} 
[14:12:01.97] /j ::wf::WaveView::plotSuccess WaveView_10 {} {_6c0bd60_void_pp _6ad3720_void_pp} 
[14:12:02.00] /j ::wf::WaveView::plotSuccess WaveView_10 {} {_6c0bd60_void_pp _6ad38b0_void_pp} 
[14:12:02.06] /j ::wf::WaveView::plotSuccess WaveView_10 {} {_6c0bd60_void_pp _6ad3590_void_pp} 
[14:12:02.24] /m Information: Measurement calculations completed for testbench: HSPICE_d_latch_tb in 1s
[14:12:04.05] /i gi::setActiveWindow 47
[14:12:04.05] /i gi::setActiveWindow 47 -raise true
[14:12:06.15] /i gi::setField {variablesTable} -index {2,1} -value {120p} -in [gi::getWindows 47]
[14:12:06.15] /i gi::setField {variablesTable} -index {2,1} -value {120p} -in [gi::getWindows 47]
[14:12:07.03] /i gi::executeAction menuPreShow -in [gi::getWindows 47]
[14:12:07.03] /r giMenuAccess db::getNext [gi::getMenus saConsoleSimMenu -from [gi::getWindows 47]]
[14:12:08.61] /# gi::executeAction saNetlistAndRun -in [gi::getWindows 47]
[14:12:08.61] /i isa::netlistAndRun -testbench [sa::findActiveTestbench -window 47] -mode overwrite
[14:12:08.71] /m Information: "Starting incremental netlisting for design "new_dff/d_ff_tb/schematic"..." (NETLISTING-010)
[14:12:08.73] /m Information: 
[14:12:08.73] /o Checking "new_dff/d_ff_tb/schematic"
[14:12:08.73] /o No rule violations found in "new_dff/d_ff_tb/schematic"
[14:12:08.73] /o No Design Integrity rule violations found in "new_dff/d_ff_tb/schematic"
[14:12:08.73] /m Information: 
[14:12:08.73] /o Checking "new_dff/d_ff/schematic"
[14:12:08.73] /o No rule violations found in "new_dff/d_ff/schematic"
[14:12:08.73] /m Information: 
[14:12:08.73] /o Checking "project_d_ff/CLOCK_inv/schematic"
[14:12:08.73] /o No rule violations found in "project_d_ff/CLOCK_inv/schematic"
[14:12:08.73] /m Information: 
[14:12:08.73] /o Checking "new_dff/D_latch/schematic"
[14:12:08.73] /o No rule violations found in "new_dff/D_latch/schematic"
[14:12:08.75] /m Information: "Netlisting design "new_dff/d_ff_tb/schematic" finished successfully." (NETLISTING-012)
[14:12:08.76] /m Information: "Composing simulator input file for design "new_dff/d_ff_tb/schematic"..."
[14:12:08.79] /m Information: "Simulator input file composed successfully for design "new_dff/d_ff_tb/schematic""
[14:12:08.97] /m Information: "Starting HSPICE simulation for design: new_dff/d_ff_tb/schematic"
[14:12:08.97] /# gi::collapse {jobMonitorTable} -index {0.0.1.0,0} -in [gi::getWindows 60]
[14:12:08.99] /o 1
[14:12:09.74] /m Information: "Simulation completed successfully for design: new_dff/d_ff_tb/schematic "
[14:12:09.94] /m Information: "Evaluating and plotting outputs..."
[14:12:09.97] /# gi::executeAction saNetlistAndRun -in [gi::getWindows 47]
[14:12:09.97] /i isa::netlistAndRun -testbench [sa::findActiveTestbench -window 47] -mode overwrite
[14:12:10.03] /# ::wf::WaveView::plotSuccess WaveView_10 {} {_6c19e90_void_pp _6ad3658_void_pp} 
[14:12:10.06] /m Information: "Starting incremental netlisting for design "new_dff/d_ff_tb/schematic"..." (NETLISTING-010)
[14:12:10.07] /m Information: 
[14:12:10.07] /o Checking "new_dff/d_ff_tb/schematic"
[14:12:10.07] /o No rule violations found in "new_dff/d_ff_tb/schematic"
[14:12:10.07] /o No Design Integrity rule violations found in "new_dff/d_ff_tb/schematic"
[14:12:10.07] /m Information: 
[14:12:10.07] /o Checking "new_dff/d_ff/schematic"
[14:12:10.07] /o No rule violations found in "new_dff/d_ff/schematic"
[14:12:10.08] /m Information: 
[14:12:10.08] /o Checking "project_d_ff/CLOCK_inv/schematic"
[14:12:10.08] /o No rule violations found in "project_d_ff/CLOCK_inv/schematic"
[14:12:10.08] /m Information: 
[14:12:10.08] /o Checking "new_dff/D_latch/schematic"
[14:12:10.08] /o No rule violations found in "new_dff/D_latch/schematic"
[14:12:10.10] /m Information: "Netlisting design "new_dff/d_ff_tb/schematic" finished successfully." (NETLISTING-012)
[14:12:10.10] /m Information: "Composing simulator input file for design "new_dff/d_ff_tb/schematic"..."
[14:12:10.14] /m Information: "Simulator input file composed successfully for design "new_dff/d_ff_tb/schematic""
[14:12:10.19] /# ::wf::WaveView::plotSuccess WaveView_10 {} {_6c19e90_void_pp _6ad37e8_void_pp} 
[14:12:10.20] /# ::wf::WaveView::plotSuccess WaveView_10 {} {_6c19e90_void_pp _6ad3720_void_pp} 
[14:12:10.40] /m Information: "Starting HSPICE simulation for design: new_dff/d_ff_tb/schematic"
[14:12:10.40] /# gi::collapse {jobMonitorTable} -index {0.0.1.0,0} -in [gi::getWindows 60]
[14:12:10.43] /o 1
[14:12:10.43] /j ::wf::WaveView::plotSuccess WaveView_10 {} {_6c19e90_void_pp _6ad38b0_void_pp} 
[14:12:10.48] /m Information: Measurement calculations completed for testbench: HSPICE_d_latch_tb in 0s
[14:12:11.19] /m Information: "Simulation completed successfully for design: new_dff/d_ff_tb/schematic "
[14:12:11.37] /m Information: "Evaluating and plotting outputs..."
[14:12:11.45] /j ::wf::WaveView::plotSuccess WaveView_10 {} {_6c0dd70_void_pp _6ad3590_void_pp} 
[14:12:11.53] /j ::wf::WaveView::plotSuccess WaveView_10 {} {_6c0dd70_void_pp _6ad3658_void_pp} 
[14:12:11.59] /j ::wf::WaveView::plotSuccess WaveView_10 {} {_6c0dd70_void_pp _6ad37e8_void_pp} 
[14:12:11.65] /j ::wf::WaveView::plotSuccess WaveView_10 {} {_6c0dd70_void_pp _6ad3720_void_pp} 
[14:12:11.80] /m Information: Measurement calculations completed for testbench: HSPICE_d_latch_tb in 0s
[14:12:13.54] /i gi::createWindow -windowType [gi::getWindowTypes giHomePage]
[14:12:13.54] /r giWindowId 61
[14:12:13.55] /r giWindowGeometry 1040x800
[14:12:14.31] /i gi::executeAction giCloseWindow -in [gi::getWindows 61]
[14:12:14.32] /i gi::setActiveWindow 60
[14:12:14.32] /i gi::setActiveWindow 60 -raise true
[14:12:14.95] /i gi::executeAction giCloseWindow -in [gi::getWindows 57]
[14:12:14.97] /i gi::setActiveWindow 57
[14:12:14.97] /i gi::setActiveWindow 57 -raise true
[14:12:15.05] /r giDialog gi::setActiveDialog [gi::getDialogs {giPrompt} -parent [gi::getWindows 57]]
[14:12:15.31] /r giDialog db::setAttr geometry -of [gi::getDialogs {giPrompt} -parent [gi::getWindows 57]] -value 292x82+814+573
[14:12:16.42] /r giDialog gi::pressButton {save} -in [gi::getDialogs {giPrompt} -parent [gi::getWindows 57]]
[14:12:16.58] /r giDialog gi::setActiveDialog [gi::getDialogs {saShowSaveState} -parent [gi::getWindows 57]]
[14:12:16.92] /r giDialog db::setAttr geometry -of [gi::getDialogs {saShowSaveState} -parent [gi::getWindows 57]] -value 462x528+729+350
[14:12:24.36] /r giDialog gi::setField {/name} -value {HSPICE_tb_D_FF} -in [gi::getDialogs {saShowSaveState} -parent [gi::getWindows 57]]
[14:12:24.36] /r giDialog gi::pressButton {/ok} -in [gi::getDialogs {saShowSaveState} -parent [gi::getWindows 57]]
[14:12:24.42] /i gi::setActiveWindow 60
[14:12:24.42] /i gi::setActiveWindow 60 -raise true
[14:12:27.26] /i gi::executeAction giCloseWindow -in [gi::getWindows 56]
[14:12:27.28] /i gi::setActiveWindow 60
[14:12:27.28] /i gi::setActiveWindow 60 -raise true
[14:12:28.70] /i gi::setActiveWindow 47
[14:12:28.70] /i gi::setActiveWindow 47 -raise true
[14:12:31.98] /i gi::setActiveWindow 45
[14:12:31.98] /i gi::setActiveWindow 45 -raise true
[14:12:33.08] /i gi::setCurrentIndex {analysisPane} -index {0,0} -in [gi::getWindows 47]
[14:12:33.09] /i gi::setActiveWindow 47
[14:12:33.09] /i gi::setActiveWindow 47 -raise true
[14:12:35.02] /i gi::executeAction menuPreShow -in [gi::getWindows 47]
[14:12:35.02] /r giMenuAccess db::getNext [gi::getMenus saConsoleSimMenu -from [gi::getWindows 47]]
[14:12:35.63] /# gi::executeAction saNetlistAndRun -in [gi::getWindows 47]
[14:12:35.63] /i isa::netlistAndRun -testbench [sa::findActiveTestbench -window 47] -mode overwrite
[14:12:35.72] /m Information: "Starting incremental netlisting for design "new_dff/d_ff_tb/schematic"..." (NETLISTING-010)
[14:12:35.74] /m Information: 
[14:12:35.74] /o Checking "new_dff/d_ff_tb/schematic"
[14:12:35.74] /o No rule violations found in "new_dff/d_ff_tb/schematic"
[14:12:35.74] /o No Design Integrity rule violations found in "new_dff/d_ff_tb/schematic"
[14:12:35.74] /m Information: 
[14:12:35.74] /o Checking "new_dff/d_ff/schematic"
[14:12:35.74] /o No rule violations found in "new_dff/d_ff/schematic"
[14:12:35.75] /m Information: 
[14:12:35.75] /o Checking "project_d_ff/CLOCK_inv/schematic"
[14:12:35.75] /o No rule violations found in "project_d_ff/CLOCK_inv/schematic"
[14:12:35.75] /m Information: 
[14:12:35.75] /o Checking "new_dff/D_latch/schematic"
[14:12:35.75] /o No rule violations found in "new_dff/D_latch/schematic"
[14:12:35.78] /m Information: "Netlisting design "new_dff/d_ff_tb/schematic" finished successfully." (NETLISTING-012)
[14:12:35.79] /m Information: "Composing simulator input file for design "new_dff/d_ff_tb/schematic"..."
[14:12:35.82] /m Information: "Simulator input file composed successfully for design "new_dff/d_ff_tb/schematic""
[14:12:36.05] /m Information: "Starting HSPICE simulation for design: new_dff/d_ff_tb/schematic"
[14:12:36.05] /# gi::collapse {jobMonitorTable} -index {0.0.1.0,0} -in [gi::getWindows 60]
[14:12:36.07] /o 1
[14:12:36.83] /m Information: "Simulation completed successfully for design: new_dff/d_ff_tb/schematic "
[14:12:37.04] /m Information: "Evaluating and plotting outputs..."
[14:12:37.14] /j ::wf::WaveView::plotSuccess WaveView_10 {} {_6c1c9c0_void_pp _6ad38b0_void_pp} 
[14:12:37.21] /j ::wf::WaveView::plotSuccess WaveView_10 {} {_6c1c9c0_void_pp _6ad3590_void_pp} 
[14:12:37.29] /j ::wf::WaveView::plotSuccess WaveView_10 {} {_6c1c9c0_void_pp _6ad3658_void_pp} 
[14:12:37.34] /j ::wf::WaveView::plotSuccess WaveView_10 {} {_6c1c9c0_void_pp _6ad37e8_void_pp} 
[14:12:37.45] /m Information: Measurement calculations completed for testbench: HSPICE_d_latch_tb in 0s
[14:12:40.14] /i gi::setActiveWindow 47
[14:12:40.14] /i gi::setActiveWindow 47 -raise true
[14:12:43.47] /i gi::setField {variablesTable} -index {2,1} -value {150p} -in [gi::getWindows 47]
[14:12:43.47] /i gi::setField {variablesTable} -index {2,1} -value {150p} -in [gi::getWindows 47]
[14:12:44.38] /i gi::executeAction menuPreShow -in [gi::getWindows 47]
[14:12:44.38] /r giMenuAccess db::getNext [gi::getMenus saConsoleSimMenu -from [gi::getWindows 47]]
[14:12:44.80] /# gi::executeAction saNetlistAndRun -in [gi::getWindows 47]
[14:12:44.80] /i isa::netlistAndRun -testbench [sa::findActiveTestbench -window 47] -mode overwrite
[14:12:44.88] /m Information: "Starting incremental netlisting for design "new_dff/d_ff_tb/schematic"..." (NETLISTING-010)
[14:12:44.89] /m Information: 
[14:12:44.89] /o Checking "new_dff/d_ff_tb/schematic"
[14:12:44.89] /o No rule violations found in "new_dff/d_ff_tb/schematic"
[14:12:44.89] /o No Design Integrity rule violations found in "new_dff/d_ff_tb/schematic"
[14:12:44.89] /m Information: 
[14:12:44.89] /o Checking "new_dff/d_ff/schematic"
[14:12:44.89] /o No rule violations found in "new_dff/d_ff/schematic"
[14:12:44.90] /m Information: 
[14:12:44.90] /o Checking "project_d_ff/CLOCK_inv/schematic"
[14:12:44.90] /o No rule violations found in "project_d_ff/CLOCK_inv/schematic"
[14:12:44.90] /m Information: 
[14:12:44.90] /o Checking "new_dff/D_latch/schematic"
[14:12:44.90] /o No rule violations found in "new_dff/D_latch/schematic"
[14:12:44.93] /m Information: "Netlisting design "new_dff/d_ff_tb/schematic" finished successfully." (NETLISTING-012)
[14:12:44.93] /m Information: "Composing simulator input file for design "new_dff/d_ff_tb/schematic"..."
[14:12:44.97] /m Information: "Simulator input file composed successfully for design "new_dff/d_ff_tb/schematic""
[14:12:45.16] /m Information: "Starting HSPICE simulation for design: new_dff/d_ff_tb/schematic"
[14:12:45.16] /# gi::collapse {jobMonitorTable} -index {0.0.1.0,0} -in [gi::getWindows 60]
[14:12:45.18] /o 1
[14:12:45.83] /m Information: "Simulation completed successfully for design: new_dff/d_ff_tb/schematic "
[14:12:46.07] /m Information: "Evaluating and plotting outputs..."
[14:12:46.16] /j ::wf::WaveView::plotSuccess WaveView_10 {} {_6baf8e0_void_pp _6ad3720_void_pp} 
[14:12:46.21] /j ::wf::WaveView::plotSuccess WaveView_10 {} {_6baf8e0_void_pp _6ad38b0_void_pp} 
[14:12:46.23] /j ::wf::WaveView::plotSuccess WaveView_10 {} {_6baf8e0_void_pp _6ad3590_void_pp} 
[14:12:46.27] /j ::wf::WaveView::plotSuccess WaveView_10 {} {_6baf8e0_void_pp _6ad3658_void_pp} 
[14:12:46.51] /m Information: Measurement calculations completed for testbench: HSPICE_d_latch_tb in 0s
[14:13:02.88] /i gi::setActiveWindow 47
[14:13:02.88] /i gi::setActiveWindow 47 -raise true
[14:13:03.55] /i gi::setCurrentIndex {variablesTable} -index {1,1} -in [gi::getWindows 47]
[14:13:03.55] /i gi::setItemSelection {variablesTable} -index {1,1} -in [gi::getWindows 47]
[14:13:04.54] /i gi::setField {variablesTable} -index {1,1} -value {1p} -in [gi::getWindows 47]
[14:13:04.54] /i gi::setField {variablesTable} -index {1,1} -value {1p} -in [gi::getWindows 47]
[14:13:05.38] /i gi::executeAction menuPreShow -in [gi::getWindows 47]
[14:13:05.38] /r giMenuAccess db::getNext [gi::getMenus saConsoleSimMenu -from [gi::getWindows 47]]
[14:13:05.87] /# gi::executeAction saNetlistAndRun -in [gi::getWindows 47]
[14:13:05.87] /i isa::netlistAndRun -testbench [sa::findActiveTestbench -window 47] -mode overwrite
[14:13:05.95] /m Information: "Starting incremental netlisting for design "new_dff/d_ff_tb/schematic"..." (NETLISTING-010)
[14:13:05.96] /m Information: 
[14:13:05.96] /o Checking "new_dff/d_ff_tb/schematic"
[14:13:05.96] /o No rule violations found in "new_dff/d_ff_tb/schematic"
[14:13:05.96] /o No Design Integrity rule violations found in "new_dff/d_ff_tb/schematic"
[14:13:05.96] /m Information: 
[14:13:05.96] /o Checking "new_dff/d_ff/schematic"
[14:13:05.96] /o No rule violations found in "new_dff/d_ff/schematic"
[14:13:05.97] /m Information: 
[14:13:05.97] /o Checking "project_d_ff/CLOCK_inv/schematic"
[14:13:05.97] /o No rule violations found in "project_d_ff/CLOCK_inv/schematic"
[14:13:05.97] /m Information: 
[14:13:05.97] /o Checking "new_dff/D_latch/schematic"
[14:13:05.97] /o No rule violations found in "new_dff/D_latch/schematic"
[14:13:05.99] /m Information: "Netlisting design "new_dff/d_ff_tb/schematic" finished successfully." (NETLISTING-012)
[14:13:06.00] /m Information: "Composing simulator input file for design "new_dff/d_ff_tb/schematic"..."
[14:13:06.03] /m Information: "Simulator input file composed successfully for design "new_dff/d_ff_tb/schematic""
[14:13:06.22] /m Information: "Starting HSPICE simulation for design: new_dff/d_ff_tb/schematic"
[14:13:06.22] /# gi::collapse {jobMonitorTable} -index {0.0.1.0,0} -in [gi::getWindows 60]
[14:13:06.24] /o 1
[14:13:06.93] /m Information: "Simulation completed successfully for design: new_dff/d_ff_tb/schematic "
[14:13:07.16] /m Information: "Evaluating and plotting outputs..."
[14:13:07.26] /j ::wf::WaveView::plotSuccess WaveView_10 {} {_6b63680_void_pp _6ad37e8_void_pp} 
[14:13:07.31] /j ::wf::WaveView::plotSuccess WaveView_10 {} {_6b63680_void_pp _6ad3720_void_pp} 
[14:13:07.35] /j ::wf::WaveView::plotSuccess WaveView_10 {} {_6b63680_void_pp _6ad38b0_void_pp} 
[14:13:07.43] /j ::wf::WaveView::plotSuccess WaveView_10 {} {_6b63680_void_pp _6ad3590_void_pp} 
[14:13:07.50] /m Information: Measurement calculations completed for testbench: HSPICE_d_latch_tb in 0s
[14:14:32.85] /i db::setAttr iconified -of [gi::getFrames 1] -value true
[14:14:32.89] /i db::setAttr iconified -of [gi::getFrames 1] -value false
[14:14:32.89] /i db::setAttr iconified -of [gi::getFrames 1] -value true
[14:14:33.19] /i db::setAttr geometry -of [gi::getFrames 1] -value 1439x824+292+180
[14:15:26.16] /i db::setAttr iconified -of [gi::getFrames 1] -value false
[14:15:27.87] /i db::setAttr maximized -of [gi::getFrames 1] -value true
[14:15:28.21] /i db::setAttr geometry -of [gi::getFrames 1] -value 1910x1101+5+56
[14:15:28.58] /i gi::setActiveWindow 47
[14:15:28.58] /i gi::setActiveWindow 47 -raise true
[14:15:29.06] /i gi::setActiveWindow 45
[14:15:29.06] /i gi::setActiveWindow 45 -raise true
[14:15:31.01] /i gi::executeAction giCloseWindow -in [gi::getWindows 52]
[14:15:31.96] /# gi::executeAction deSelectActive -in [gi::getWindows 45]
[14:15:31.96] /i de::deselectAll [db::getNext [de::getContexts -window 45]]
[14:15:31.96] /i de::select [de::getActiveFigure [gi::getWindows 45] -point {4.83125 2.2125} -index 0 -intent none]
[14:15:31.96] /o oa:0x1df5d220
[14:15:32.16] /# gi::executeAction deDescend -in [gi::getWindows 45]
[14:15:32.16] /i ide::descend 45 -inPlace false -promptView false -readOnly auto
[14:15:32.17] /# Navigating to new_dff/D_latch/schematic (I8)
[14:15:32.21] /o true
[14:15:33.84] /# gi::executeAction deSelectActive -in [gi::getWindows 45]
[14:15:33.84] /i de::deselectAll [db::getNext [de::getContexts -window 45]]
[14:15:33.84] /i de::select [de::getActiveFigure [gi::getWindows 45] -point {2.55625 3.98125} -index 0 -intent none]
[14:15:33.85] /o oa:0x1dc2d120
[14:15:36.56] /# gi::executeAction deSelectActive -in [gi::getWindows 45]
[14:15:36.56] /i de::deselectAll [db::getNext [de::getContexts -window 45]]
[14:15:36.56] /i de::select [de::getActiveFigure [gi::getWindows 45] -point {2.575 2.75} -index 0 -intent none]
[14:15:36.56] /o oa:0x1f2887f0
[14:15:38.13] /# gi::executeAction deSelectActive -in [gi::getWindows 45]
[14:15:38.13] /i de::deselectAll [db::getNext [de::getContexts -window 45]]
[14:15:38.13] /i de::select [de::getActiveFigure [gi::getWindows 45] -point {2.575 1.56875} -index 0 -intent none]
[14:15:38.13] /o oa:0x184b1550
[14:15:39.50] /# gi::executeAction deSelectActive -in [gi::getWindows 45]
[14:15:39.50] /i de::deselectAll [db::getNext [de::getContexts -window 45]]
[14:15:39.50] /i de::select [de::getActiveFigure [gi::getWindows 45] -point {2.575 0.58125} -index 0 -intent none]
[14:15:39.50] /o oa:0x248d8170
[14:15:58.65] /# gi::executeAction deSelectActive -in [gi::getWindows 45]
[14:15:58.65] /i de::deselectAll [db::getNext [de::getContexts -window 45]]
[14:15:58.65] /i de::deselectAllLogic -context [db::getNext [de::getContexts -window 45]]
[14:15:59.78] /i gi::executeAction deCanvasDragCancel -in [gi::getWindows 45]
[14:16:00.55] /# gi::executeAction deSelectActive -in [gi::getWindows 45]
[14:16:00.55] /i de::deselectAll [db::getNext [de::getContexts -window 45]]
[14:16:00.55] /i de::select [de::getActiveFigure [gi::getWindows 45] -point {4.35625 2.75} -index 0 -intent none]
[14:16:00.55] /o oa:0x28256f70
[14:16:02.29] /# gi::executeAction deSelectActive -in [gi::getWindows 45]
[14:16:02.29] /i de::deselectAll [db::getNext [de::getContexts -window 45]]
[14:16:02.29] /i de::select [de::getActiveFigure [gi::getWindows 45] -point {4.28125 4.025} -index 0 -intent none]
[14:16:02.29] /o oa:0x255c59c0
[14:16:03.48] /# gi::executeAction deSelectActive -in [gi::getWindows 45]
[14:16:03.48] /i de::deselectAll [db::getNext [de::getContexts -window 45]]
[14:16:03.48] /i de::select [de::getActiveFigure [gi::getWindows 45] -point {4.425 2.75} -index 0 -intent none]
[14:16:03.48] /o oa:0x25975b30
[14:16:18.31] /i gi::setActiveWindow 47
[14:16:18.31] /i gi::setActiveWindow 47 -raise true
[14:16:23.75] /i db::setAttr iconified -of [gi::getFrames 1] -value true
[14:18:12.41] /m Information: Stopped sharing "Custom WaveView" license. (WAVEFORM-111)
