[00:33:00.23] /r giWindowId 0
[00:33:00.24] /r giWindowGeometry 600x300
[00:33:00.26] /o 
              /c                                 Custom Compiler 
              /c 
              /c               Version N-2017.12-SP1-2 for linux64 - May 16, 2018 
              /c 
              /c                     Copyright (c) 2004 - 2018 Synopsys, Inc.
              /c    This software and the associated documentation are proprietary to Synopsys,
              /c  Inc. This software may only be used in accordance with the terms and conditions
              /c  of a written license agreement with Synopsys, Inc. All other use, reproduction,
              /c             or distribution of this software is strictly prohibited.
              /c 
              /c Build  (OPT) Config 4182185 compiled on Wed May 16 15:20:56 2018 for RHEL64 6.6
              /c Invocation: /usr/synopsys/customcompiler/N-2017.12-SP1-2/linux64/platform/bin/cdesigner
              /c Execution time: Thu May 21 00:32:55 2026
              /c Host: localhost.localdomain
              /c Working directory: /home/itsupport/Desktop/lab1vlsi
              /c 
[00:33:04.29] /r giShowFrameTabs true
[00:33:04.30] /r giWindowId 1
[00:33:04.30] /r giWindowGeometry 1040x800
[00:33:26.82] /# gi::pressButton {/scroll/scrollArea/scrollAreaInnerWidget/applications/dmLibraryManager} -in [gi::getWindows 1]
[00:33:26.82] /# 
[00:33:26.82] /i dm::openLibraryManager
[00:33:26.82] /r giWindowId 2
[00:33:26.82] /r giWindowGeometry 660x600+50+78
[00:33:26.86] /o oa:0x16f669a0
[00:33:26.96] /i gi::setSectionSizes {libs} -values {249} -in [gi::getWindows 2]
[00:33:27.80] /i gi::setCurrentIndex {libs} -index {parasitics} -in [gi::getWindows 2]
[00:33:27.81] /i gi::setItemSelection {libs} -index {parasitics} -in [gi::getWindows 2]
[00:33:28.17] /i gi::setCurrentIndex {libs} -index {project_d_ff} -in [gi::getWindows 2]
[00:33:28.17] /i gi::setItemSelection {libs} -index {project_d_ff} -in [gi::getWindows 2]
[00:33:28.48] /i gi::setCurrentIndex {libs} -index {basic} -in [gi::getWindows 2]
[00:33:28.50] /i gi::setItemSelection {libs} -index {basic} -in [gi::getWindows 2]
[00:33:29.15] /i gi::setCurrentIndex {libs} -index {inverter} -in [gi::getWindows 2]
[00:33:29.16] /i gi::setItemSelection {libs} -index {inverter} -in [gi::getWindows 2]
[00:33:29.23] /i gi::setItemSelection {libs} -index {{inverter} - {parasitics}} -in [gi::getWindows 2]
[00:33:29.23] /i gi::setCurrentIndex {libs} -index {parasitics} -in [gi::getWindows 2]
[00:33:29.43] /i gi::setCurrentIndex {libs} -index {project_d_ff} -in [gi::getWindows 2]
[00:33:29.43] /i gi::setItemSelection {libs} -index {project_d_ff} -in [gi::getWindows 2]
[00:33:30.50] /i gi::setCurrentIndex {cells} -index {inv_store_tb} -in [gi::getWindows 2]
[00:33:30.50] /i gi::setItemSelection {cells} -index {inv_store_tb} -in [gi::getWindows 2]
[00:33:30.91] /i gi::setCurrentIndex {cells} -index {inv_store} -in [gi::getWindows 2]
[00:33:30.92] /i gi::setItemSelection {cells} -index {inv_store} -in [gi::getWindows 2]
[00:33:31.28] /i gi::setCurrentIndex {cells} -index {inv_store_tb} -in [gi::getWindows 2]
[00:33:31.28] /i gi::setItemSelection {cells} -index {inv_store_tb} -in [gi::getWindows 2]
[00:33:32.15] /i gi::setCurrentIndex {cellCategories} -index {INV} -in [gi::getWindows 2]
[00:33:32.15] /i gi::setItemSelection {cellCategories} -index {INV} -in [gi::getWindows 2]
[00:33:32.93] /i gi::setCurrentIndex {cells} -index {inv_store} -in [gi::getWindows 2]
[00:33:32.93] /i gi::setItemSelection {cells} -index {inv_store} -in [gi::getWindows 2]
[00:33:33.29] /i gi::setCurrentIndex {cells} -index {inv_store_tb} -in [gi::getWindows 2]
[00:33:33.29] /i gi::setItemSelection {cells} -index {inv_store_tb} -in [gi::getWindows 2]
[00:33:33.91] /i gi::setCurrentIndex {cells} -index {inv_store} -in [gi::getWindows 2]
[00:33:33.92] /i gi::setItemSelection {cells} -index {inv_store} -in [gi::getWindows 2]
[00:33:35.06] /# gi::executeAction dmShowNewCell -in [gi::getWindows 2]
[00:33:35.06] /i dm::showNewCell -parent 2
[00:33:35.09] /o oa:0x18cffe10
[00:33:35.12] /i gi::setActiveDialog [gi::getDialogs {dmNewCell} -parent [gi::getWindows 2]]
[00:33:35.40] /i db::setAttr geometry -of [gi::getDialogs {dmNewCell} -parent [gi::getWindows 2]] -value 448x227+725+417
[00:33:48.28] /i gi::setField {cellName} -value {inv_out} -in [gi::getDialogs {dmNewCell} -parent [gi::getWindows 2]]
[00:33:48.87] /i gi::pressButton {apply} -in [gi::getDialogs {dmNewCell} -parent [gi::getWindows 2]]
[00:33:48.87] /# dm::createCell inv\_out -lib [ oa::LibFind [oa::ScalarName [oa::CdbaNS] project\_d\_ff]]
[00:33:48.87] /# dm::addToCellCategory [db::getNext [dm::getCellCategories -libName project\_d\_ff -filter "%name == \"INV\""]] -cell [dm::findCell inv\_out -libName project\_d\_ff]
[00:33:48.87] /# gi::setItemSelection {cells} -index {} -in [gi::getDialogs {dmNewCell} -parent [gi::getWindows 2]]
[00:33:48.87] /# gi::setItemSelection {cells} -index {inv_out} -in [gi::getDialogs {dmNewCell} -parent [gi::getWindows 2]]
[00:33:49.20] /i gi::pressButton {ok} -in [gi::getDialogs {dmNewCell} -parent [gi::getWindows 2]]
[00:33:49.23] /r giDialog gi::setActiveDialog [gi::getDialogs {dmOverwrite}]
[00:33:49.50] /r giDialog db::setAttr geometry -of [gi::getDialogs {dmOverwrite}] -value 223x82+839+514
[00:33:50.61] /r giDialog gi::pressButton {overwrite} -in [gi::getDialogs {dmOverwrite}]
[00:33:50.62] /# db::destroy [dm::findCell inv\_out -libName project\_d\_ff]
[00:33:50.62] /# gi::setItemSelection {cells} -index {} -in [gi::getDialogs {dmNewCell} -parent [gi::getWindows 2]]
[00:33:50.62] /# dm::createCell inv\_out -lib [ oa::LibFind [oa::ScalarName [oa::CdbaNS] project\_d\_ff]]
[00:33:50.62] /# dm::addToCellCategory [db::getNext [dm::getCellCategories -libName project\_d\_ff -filter "%name == \"INV\""]] -cell [dm::findCell inv\_out -libName project\_d\_ff]
[00:33:50.62] /# gi::setItemSelection {cells} -index {inv_out} -in [gi::getDialogs {dmNewCell} -parent [gi::getWindows 2]]
[00:33:52.85] /i gi::setCurrentIndex {cells} -index {inv_out} -in [gi::getWindows 2]
[00:33:52.85] /i gi::setItemSelection {cells} -index {inv_out} -in [gi::getWindows 2]
[00:33:53.65] /i gi::setCurrentIndex {cells} -index {inv_store} -in [gi::getWindows 2]
[00:33:53.65] /i gi::setItemSelection {cells} -index {inv_store} -in [gi::getWindows 2]
[00:33:54.11] /i gi::setCurrentIndex {cells} -index {inv_out} -in [gi::getWindows 2]
[00:33:54.11] /i gi::setItemSelection {cells} -index {inv_out} -in [gi::getWindows 2]
[00:33:54.54] /i gi::setCurrentIndex {cells} -index {inv_store_tb} -in [gi::getWindows 2]
[00:33:54.54] /i gi::setItemSelection {cells} -index {inv_store_tb} -in [gi::getWindows 2]
[00:33:55.06] /i gi::setCurrentIndex {cells} -index {inv_out} -in [gi::getWindows 2]
[00:33:55.06] /i gi::setItemSelection {cells} -index {inv_out} -in [gi::getWindows 2]
[00:33:57.22] /# gi::executeAction dmShowNewCellView -in [gi::getWindows 2]
[00:33:57.22] /i dm::showNewCellView -parent 2
[00:33:57.24] /o oa:0x1b426c00
[00:33:57.28] /i gi::setActiveDialog [gi::getDialogs {dmNewCellView} -parent [gi::getWindows 2]]
[00:33:57.53] /i db::setAttr geometry -of [gi::getDialogs {dmNewCellView} -parent [gi::getWindows 2]] -value 588x285+655+388
[00:34:00.48] /i gi::setField {cellViewName} -value {schematic} -in [gi::getDialogs {dmNewCellView} -parent [gi::getWindows 2]]
[00:34:01.08] /i gi::pressButton {apply} -in [gi::getDialogs {dmNewCellView} -parent [gi::getWindows 2]]
[00:34:01.08] /# db::getAttr viewType -of [dm::findCellView schematic -cell [dm::findCell inv\_out -lib [oa::LibFind [oa::ScalarName [oa::CdbaNS] project\_d\_ff]]]]
[00:34:01.08] /# dm::createCellView schematic -cell [dm::findCell inv\_out -lib [ oa::LibFind [oa::ScalarName [oa::CdbaNS] project\_d\_ff]]] -viewType schematic
[00:34:01.08] /# dm::addToCellCategory [db::getNext [dm::getCellCategories -libName project\_d\_ff -filter "%name == \"INV\""]] -cell [dm::findCell inv\_out -libName project\_d\_ff]
[00:34:01.09] /# de::open [dm::findCellView schematic -cell [dm::findCell inv\_out -lib [oa::LibFind [oa::ScalarName [oa::CdbaNS] project\_d\_ff]]]] -application seSchematic
[00:34:01.09] /m Information: License 'Schematic' checked out. (LICENSE-003)
[00:34:01.15] /r giWindowId 3
[00:34:01.15] /r giWindowGeometry 1632x1020
[00:34:01.36] /m Information: 
[00:34:01.36] /o Checking "project_d_ff/inv_out/schematic"
[00:34:01.36] /o No rule violations found in "project_d_ff/inv_out/schematic"
[00:34:01.36] /m Information: Checking process is completed: marking the design violations
[00:34:01.37] /m Information: Marking of designs is completed
[00:34:01.49] /i gi::setActiveWindow 2
[00:34:01.49] /i gi::setActiveWindow 2 -raise true
[00:34:01.50] /i gi::pressButton {ok} -in [gi::getDialogs {dmNewCellView} -parent [gi::getWindows 2]]
[00:34:01.50] /# db::getAttr viewType -of [dm::findCellView schematic -cell [dm::findCell inv\_out -lib [oa::LibFind [oa::ScalarName [oa::CdbaNS] project\_d\_ff]]]]
[00:34:01.57] /r giDialog gi::setActiveDialog [gi::getDialogs {dmOverwrite}]
[00:34:01.80] /r giDialog db::setAttr geometry -of [gi::getDialogs {dmOverwrite}] -value 272x82+814+514
[00:34:02.64] /r giDialog gi::pressButton {overwrite} -in [gi::getDialogs {dmOverwrite}]
[00:34:02.66] /# db::destroy [dm::findCellView schematic -cellName inv\_out -libName project\_d\_ff]
[00:34:02.69] /m Information: The context with top design project_d_ff/inv_out/schematic was closed because all the designs in its hierarchy were unexpectedly purged. (DESIGN-113)
[00:34:02.69] /# dm::createCellView schematic -cell [dm::findCell inv\_out -lib [ oa::LibFind [oa::ScalarName [oa::CdbaNS] project\_d\_ff]]] -viewType schematic
[00:34:02.69] /# dm::addToCellCategory [db::getNext [dm::getCellCategories -libName project\_d\_ff -filter "%name == \"INV\""]] -cell [dm::findCell inv\_out -libName project\_d\_ff]
[00:34:02.70] /# de::open [dm::findCellView schematic -cell [dm::findCell inv\_out -lib [oa::LibFind [oa::ScalarName [oa::CdbaNS] project\_d\_ff]]]] -application seSchematic
[00:34:02.72] /r giWindowId 4
[00:34:02.72] /r giWindowGeometry 1632x1020
[00:34:02.88] /m Information: 
[00:34:02.88] /o Checking "project_d_ff/inv_out/schematic"
[00:34:02.88] /o No rule violations found in "project_d_ff/inv_out/schematic"
[00:34:02.88] /m Information: Checking process is completed: marking the design violations
[00:34:02.88] /m Information: Marking of designs is completed
[00:34:03.88] /i db::setAttr maximized -of [gi::getFrames 1] -value true
[00:34:04.20] /i db::setAttr dockSize -of [gi::getAssistants dePropertyEditor -from [gi::getWindows 4]] -value 290x865
[00:34:04.20] /i db::setAttr dockSize -of [gi::getAssistants giConsole -from [gi::getWindows 4]] -value 1867x89
[00:34:04.28] /i db::setAttr geometry -of [gi::getFrames 1] -value 1910x1101+5+56
[00:34:05.16] /i gi::setActiveWindow 2
[00:34:05.16] /i gi::setActiveWindow 2 -raise true
[00:34:05.98] /i gi::setCurrentIndex {cells} -index {inv_store_tb} -in [gi::getWindows 2]
[00:34:05.99] /i gi::setItemSelection {cells} -index {inv_store_tb} -in [gi::getWindows 2]
[00:34:06.37] /i gi::setCurrentIndex {cells} -index {inv_store} -in [gi::getWindows 2]
[00:34:06.37] /i gi::setItemSelection {cells} -index {inv_store} -in [gi::getWindows 2]
[00:34:07.12] /i gi::setCurrentIndex {views} -index {schematic} -in [gi::getWindows 2]
[00:34:07.13] /i gi::setItemSelection {views} -index {schematic} -in [gi::getWindows 2]
[00:34:07.29] /i gi::executeAction dmOpen -in [gi::getWindows 2]
[00:34:07.34] /w Warning: Preference 'leActiveLPP' is deprecated and scheduled for removal in a future release with no replacement. For migration assistance, see the Custom Compiler Tcl Reference Manual. (PREFERENCE-058)
[00:34:07.35] /o 	#######################################
[00:34:07.35] /o 	PDK Library Name	: reference90RF
[00:34:07.35] /o 	PDK Version		: 2.0
[00:34:07.35] /o 	PDK Release Date	: 25-March-2010 
[00:34:07.35] /o 	#######################################
[00:34:07.35] /o 
[00:34:07.39] /r giWindowId 5
[00:34:07.39] /r giWindowGeometry 1632x1020
[00:34:07.54] /m Information: 
[00:34:07.54] /o Checking "project_d_ff/inv_store/schematic"
[00:34:07.54] /o No rule violations found in "project_d_ff/inv_store/schematic"
[00:34:07.54] /m Information: Checking process is completed: marking the design violations
[00:34:07.54] /m Information: Marking of designs is completed
[00:34:08.52] /i gi::executeAction deCanvasDragSelect -in [gi::getWindows 5]
[00:34:08.52] /r deCanvasDragStart 0.64375 4.0625
[00:34:09.10] /# gi::executeAction deCanvasDragEnd -in [gi::getWindows 5]
[00:34:09.10] /i gi::executeAction deCanvasDragEnd -in [gi::getWindows 5]
[00:34:09.10] /r deCanvasDragEnd 4.29375 0.2125
[00:34:10.00] /# gi::executeAction seCopy -in [gi::getWindows 5]
[00:34:10.00] /i ise::copy
[00:34:10.78] /# gi::executeAction deAddPoint -in [gi::getWindows 5]
[00:34:10.78] /i de::addPoint {2.2625 2.81875} -context [db::getNext [de::getContexts -window 5]]
[00:34:11.43] /i gi::setActiveWindow 4
[00:34:11.44] /i gi::setActiveWindow 4 -raise true
[00:34:12.95] /# gi::executeAction deAddPoint -in [gi::getWindows 4]
[00:34:12.95] /i de::addPoint {3.4 2.00625} -context [db::getNext [de::getContexts -window 4]]
[00:34:20.89] /i gi::executeAction deCanvasDragCancel -in [gi::getWindows 4]
[00:34:21.19] /# gi::executeAction deSelectActive -in [gi::getWindows 4]
[00:34:21.19] /i de::deselectAll [db::getNext [de::getContexts -window 4]]
[00:34:21.19] /i de::deselectAllLogic -context [db::getNext [de::getContexts -window 4]]
[00:34:21.67] /# gi::executeAction deCanvasZoomInAtPoint -in [gi::getWindows 4]
[00:34:21.67] /i de::zoom -window [gi::getWindows 4] -factor 2.0 -center {2.63125 1.89375}
[00:34:21.67] /o {0.9875 -0.19375} {5.89375 2.5125}
[00:34:22.15] /# gi::executeAction deSelectActive -in [gi::getWindows 4]
[00:34:22.15] /i de::deselectAll [db::getNext [de::getContexts -window 4]]
[00:34:22.15] /i de::select [de::getActiveFigure [gi::getWindows 4] -point {2.95625 1.94375} -index 0 -intent none]
[00:34:22.16] /o oa:0x1e302290
[00:34:23.16] /i gi::setItemSelection {parameters} -index {w,all} -in [gi::getAssistants dePropertyEditor -from [gi::getWindows 4]]
[00:34:23.16] /i gi::setCurrentIndex {parameters} -index {w,Value} -in [gi::getAssistants dePropertyEditor -from [gi::getWindows 4]]
[00:34:25.12] /i gi::setField {parameters} -value {0.42u} -index {w,Value} -in [gi::getAssistants dePropertyEditor -from [gi::getWindows 4]]
[00:34:25.13] /i gi::executeAction dePropertyEditorApplyChanges -in [gi::getAssistants dePropertyEditor -from [gi::getWindows 4]]
[00:34:27.26] /# gi::executeAction deSelectActive -in [gi::getWindows 4]
[00:34:27.26] /i de::deselectAll [db::getNext [de::getContexts -window 4]]
[00:34:27.26] /i de::select [de::getActiveFigure [gi::getWindows 4] -point {2.925 0.66875} -index 0 -intent none]
[00:34:27.26] /o oa:0x1ed2d2e0
[00:34:28.09] /i gi::setItemSelection {parameters} -index {w,all} -in [gi::getAssistants dePropertyEditor -from [gi::getWindows 4]]
[00:34:28.09] /i gi::setCurrentIndex {parameters} -index {w,Value} -in [gi::getAssistants dePropertyEditor -from [gi::getWindows 4]]
[00:34:30.12] /i gi::setField {parameters} -value {0.18u} -index {w,Value} -in [gi::getAssistants dePropertyEditor -from [gi::getWindows 4]]
[00:34:30.12] /i gi::executeAction dePropertyEditorApplyChanges -in [gi::getAssistants dePropertyEditor -from [gi::getWindows 4]]
[00:34:32.18] /# gi::executeAction seSchCheckAndSave -in [gi::getWindows 4]
[00:34:32.18] /i ise::check
[00:34:32.19] /m Information: 
[00:34:32.19] /o Checking "project_d_ff/inv_out/schematic"
[00:34:32.19] /o No rule violations found in "project_d_ff/inv_out/schematic"
[00:34:32.19] /m Information: Checking process is completed: marking the design violations
[00:34:32.20] /m Information: Marking of designs is completed
[00:34:32.20] /o true
[00:34:32.47] /i gi::executeAction deSaveDesign -in [gi::getWindows 4]
[00:34:32.47] /m Information: Saving design 'project_d_ff inv_out schematic'. (DESIGN_WINDOW-004)
[00:34:39.35] /# gi::executeAction deCellviewFromCellview -in [gi::getWindows 4]
[00:34:39.35] /i db::showCellViewFromCellView -src [db::getAttr container -of [db::getAttr editFile -of [db::getNext [de::getContexts -window 4]]]] 
[00:34:39.37] /o oa:0x1d359490
[00:34:39.40] /i gi::setActiveDialog [gi::getDialogs {dbCellViewFromCellView}]
[00:34:39.68] /i db::setAttr geometry -of [gi::getDialogs {dbCellViewFromCellView}] -value 628x339+636+409
[00:34:40.72] /i gi::pressButton {apply} -in [gi::getDialogs {dbCellViewFromCellView}]
[00:34:40.75] /r giWindowId 6
[00:34:40.76] /r giWindowGeometry 1632x1020
[00:34:41.66] /# gi::executeAction deCanvasZoomOutAtPoint -in [gi::getWindows 6]
[00:34:41.66] /i de::zoom -window [gi::getWindows 6] -factor 0.5 -center {0.30625 0.24375}
[00:34:41.66] /o {-1.6 -1.225} {2.5625 0.9125}
[00:34:41.75] /# gi::executeAction deCanvasZoomOutAtPoint -in [gi::getWindows 6]
[00:34:41.75] /i de::zoom -window [gi::getWindows 6] -factor 0.5 -center {0.3125 0.275}
[00:34:41.75] /o {-3.5125 -2.725} {4.8125 1.55}
[00:34:42.36] /i gi::executeAction deCanvasDragSelect -in [gi::getWindows 6]
[00:34:42.36] /r deCanvasDragStart -0.95 0.8625
[00:34:42.58] /# gi::executeAction deCanvasDragEnd -in [gi::getWindows 6]
[00:34:42.58] /i gi::executeAction deCanvasDragEnd -in [gi::getWindows 6]
[00:34:42.59] /r deCanvasDragEnd 2.1875 -0.96875
[00:34:43.04] /# gi::executeAction deFitView -in [gi::getWindows 6]
[00:34:43.04] /i de::fit -window 6 -fitView true
[00:34:43.04] /o {-0.63125 -0.49375} {1.44375 0.58125}
[00:34:43.75] /# gi::executeAction deCanvasZoomOutAtPoint -in [gi::getWindows 6]
[00:34:43.75] /i de::zoom -window [gi::getWindows 6] -factor 0.5 -center {0.28125 0.28125}
[00:34:43.75] /o {-1.55 -1.2625} {2.6125 0.875}
[00:34:43.77] /# gi::executeAction deCanvasZoomOutAtPoint -in [gi::getWindows 6]
[00:34:43.77] /i de::zoom -window [gi::getWindows 6] -factor 0.5 -center {0.28125 0.28125}
[00:34:43.77] /o {-3.38125 -2.80625} {4.94375 1.46875}
[00:34:44.70] /# gi::executeAction seStretch -in [gi::getWindows 6]
[00:34:44.70] /i ise::stretch
[00:34:44.87] /# gi::executeAction deAddPoint -in [gi::getWindows 6]
[00:34:44.87] /i de::addPoint {0.2625 0.2875} -context [db::getNext [de::getContexts -window 6]]
[00:34:45.60] /# gi::executeAction deAddPoint -in [gi::getWindows 6]
[00:34:45.60] /i de::addPoint {1.30625 0.95625} -context [db::getNext [de::getContexts -window 6]]
[00:34:45.84] /i gi::executeAction deCanvasDragCancel -in [gi::getWindows 6]
[00:34:46.04] /# gi::executeAction deSelectActive -in [gi::getWindows 6]
[00:34:46.04] /i de::deselectAll [db::getNext [de::getContexts -window 6]]
[00:34:46.04] /i de::deselectAllLogic -context [db::getNext [de::getContexts -window 6]]
[00:34:47.45] /i gi::setActiveWindow 4
[00:34:47.45] /i gi::setActiveWindow 4 -raise true
[00:34:48.04] /i gi::setActiveWindow 5
[00:34:48.04] /i gi::setActiveWindow 5 -raise true
[00:34:48.84] /# gi::executeAction deSelectActive -in [gi::getWindows 5]
[00:34:48.84] /i de::deselectAll [db::getNext [de::getContexts -window 5]]
[00:34:48.84] /i de::deselectAllLogic -context [db::getNext [de::getContexts -window 5]]
[00:34:49.82] /i gi::setActiveWindow 4
[00:34:49.82] /i gi::setActiveWindow 4 -raise true
[00:34:51.30] /i gi::setActiveWindow 2
[00:34:51.31] /i gi::setActiveWindow 2 -raise true
[00:34:52.26] /i gi::setCurrentIndex {views} -index {symbol} -in [gi::getWindows 2]
[00:34:52.27] /i gi::setItemSelection {views} -index {symbol} -in [gi::getWindows 2]
[00:34:52.43] /i gi::executeAction dmOpen -in [gi::getWindows 2]
[00:34:52.45] /r giWindowId 7
[00:34:52.46] /r giWindowGeometry 1632x1020
[00:34:53.26] /# gi::executeAction deCanvasZoomOutAtPoint -in [gi::getWindows 7]
[00:34:53.26] /i de::zoom -window [gi::getWindows 7] -factor 0.5 -center {3.325 1.89375}
[00:34:53.26] /o {1.1125 -0.35625} {6.8125 2.56875}
[00:34:53.32] /# gi::executeAction deCanvasZoomOutAtPoint -in [gi::getWindows 7]
[00:34:53.32] /i de::zoom -window [gi::getWindows 7] -factor 0.5 -center {3.33125 1.8875}
[00:34:53.32] /o {-1.1 -2.6} {10.2875 3.25}
[00:34:53.77] /i gi::executeAction deCanvasDragSelect -in [gi::getWindows 7]
[00:34:53.77] /r deCanvasDragStart 1.725 2.4375
[00:34:54.04] /# gi::executeAction deCanvasDragEnd -in [gi::getWindows 7]
[00:34:54.04] /i gi::executeAction deCanvasDragEnd -in [gi::getWindows 7]
[00:34:54.04] /r deCanvasDragEnd 6.1875 0.5
[00:34:54.38] /# gi::executeAction seCopy -in [gi::getWindows 7]
[00:34:54.38] /i ise::copy
[00:34:54.64] /# gi::executeAction deAddPoint -in [gi::getWindows 7]
[00:34:54.64] /i de::addPoint {4.04375 1.51875} -context [db::getNext [de::getContexts -window 7]]
[00:34:55.48] /i gi::setActiveWindow 6 -raise true
[00:34:55.48] /i gi::setActiveWindow 6 -raise true
[00:34:59.20] /# gi::executeAction deAddPoint -in [gi::getWindows 6]
[00:34:59.20] /i de::addPoint {-0.30625 0.5625} -context [db::getNext [de::getContexts -window 6]]
[00:34:59.92] /# gi::executeAction deSelectActive -in [gi::getWindows 6]
[00:34:59.92] /i de::deselectAll [db::getNext [de::getContexts -window 6]]
[00:34:59.92] /i de::deselectAllLogic -context [db::getNext [de::getContexts -window 6]]
[00:35:00.95] /# gi::executeAction deCanvasZoomInAtPoint -in [gi::getWindows 6]
[00:35:00.95] /i de::zoom -window [gi::getWindows 6] -factor 2.0 -center {0.6375 1.16875}
[00:35:00.95] /o {-1.36875 -0.81875} {2.7875 1.31875}
[00:35:01.43] /# gi::executeAction deCanvasZoomOutAtPoint -in [gi::getWindows 6]
[00:35:01.43] /i de::zoom -window [gi::getWindows 6] -factor 0.5 -center {0.6125 1.0875}
[00:35:01.43] /o {-3.35625 -2.725} {4.96875 1.55}
[00:35:01.59] /# gi::executeAction deFitView -in [gi::getWindows 6]
[00:35:01.59] /i de::fit -window 6 -fitView true
[00:35:01.59] /o {-2.20625 -0.625} {2.58125 1.8375}
[00:35:02.55] /i gi::executeAction deCanvasDragSelect -in [gi::getWindows 6]
[00:35:02.55] /r deCanvasDragStart 0.26875 1.5625
[00:35:03.28] /# gi::executeAction deCanvasDragEnd -in [gi::getWindows 6]
[00:35:03.28] /i gi::executeAction deCanvasDragEnd -in [gi::getWindows 6]
[00:35:03.28] /r deCanvasDragEnd 2.56875 -0.175
[00:35:04.54] /# gi::executeAction seDelete -in [gi::getWindows 6]
[00:35:04.54] /i ise::delete
[00:35:06.06] /i gi::executeAction deCanvasDragSelect -in [gi::getWindows 6]
[00:35:06.07] /r deCanvasDragStart -1.875 1.325
[00:35:06.43] /# gi::executeAction deCanvasDragEnd -in [gi::getWindows 6]
[00:35:06.43] /i gi::executeAction deCanvasDragEnd -in [gi::getWindows 6]
[00:35:06.44] /r deCanvasDragEnd 1.125 -0.60625
[00:35:06.72] /# gi::executeAction seCopy -in [gi::getWindows 6]
[00:35:06.72] /i ise::copy
[00:35:06.97] /# gi::executeAction deAddPoint -in [gi::getWindows 6]
[00:35:06.97] /i de::addPoint {-0.58125 0.56875} -context [db::getNext [de::getContexts -window 6]]
[00:35:07.76] /# gi::executeAction deAbortCommand -in [gi::getWindows 6]
[00:35:07.76] /i de::abortCommand -context [db::getNext [de::getContexts -window 6]]
[00:35:08.18] /# gi::executeAction deCanvasZoomOutAtPoint -in [gi::getWindows 6]
[00:35:08.18] /i de::zoom -window [gi::getWindows 6] -factor 0.5 -center {0.03125 0.98125}
[00:35:08.18] /o {-4.45 -2.23125} {5.1375 2.69375}
[00:35:09.03] /i gi::executeAction deSaveDesign -in [gi::getWindows 6]
[00:35:09.03] /m Information: Saving design 'project_d_ff inv_out symbol'. (DESIGN_WINDOW-004)
[00:35:09.20] /i gi::executeAction deSaveDesign -in [gi::getWindows 6]
[00:35:09.20] /m Information: Saving design 'project_d_ff inv_out symbol'. (DESIGN_WINDOW-004)
[00:35:09.33] /i gi::executeAction deSaveDesign -in [gi::getWindows 6]
[00:35:09.33] /m Information: Saving design 'project_d_ff inv_out symbol'. (DESIGN_WINDOW-004)
[00:35:09.48] /i gi::executeAction deSaveDesign -in [gi::getWindows 6]
[00:35:09.48] /m Information: Saving design 'project_d_ff inv_out symbol'. (DESIGN_WINDOW-004)
[00:35:09.61] /i gi::executeAction deSaveDesign -in [gi::getWindows 6]
[00:35:09.61] /m Information: Saving design 'project_d_ff inv_out symbol'. (DESIGN_WINDOW-004)
[00:35:10.78] /# gi::executeAction deSelectActive -in [gi::getWindows 6]
[00:35:10.78] /i de::deselectAll [db::getNext [de::getContexts -window 6]]
[00:35:10.78] /i de::deselectAllLogic -context [db::getNext [de::getContexts -window 6]]
[00:35:12.78] /i gi::executeAction giCloseWindow -in [gi::getWindows 6]
[00:35:12.80] /i gi::setActiveWindow 7
[00:35:12.80] /i gi::setActiveWindow 7 -raise true
[00:35:14.43] /i gi::executeAction giCloseWindow -in [gi::getWindows 7]
[00:35:14.45] /i gi::setActiveWindow 2
[00:35:14.45] /i gi::setActiveWindow 2 -raise true
[00:35:15.03] /i gi::executeAction giCloseWindow -in [gi::getWindows 5]
[00:35:15.60] /i gi::executeAction giCloseWindow -in [gi::getWindows 4]
[00:35:16.81] /i gi::setCurrentIndex {cells} -index {inv_out} -in [gi::getWindows 2]
[00:35:16.81] /i gi::setItemSelection {cells} -index {inv_out} -in [gi::getWindows 2]
[00:35:17.42] /i gi::setCurrentIndex {views} -index {symbol} -in [gi::getWindows 2]
[00:35:17.42] /i gi::setItemSelection {views} -index {symbol} -in [gi::getWindows 2]
[00:35:18.12] /i gi::executeAction dmOpen -in [gi::getWindows 2]
[00:35:18.14] /r giWindowId 8
[00:35:18.14] /r giWindowGeometry 1632x1020
[00:35:20.19] /i gi::setActiveWindow 2
[00:35:20.19] /i gi::setActiveWindow 2 -raise true
[00:35:23.30] /i gi::setItemSelection {cells} -index {} -in [gi::getWindows 2]
[00:35:24.40] /# gi::executeAction dmShowCopyCell -in [gi::getWindows 2]
[00:35:24.40] /i dm::showCopyCell -parent 2
[00:35:24.42] /o oa:0x1d8fa750
[00:35:24.46] /i gi::setActiveDialog [gi::getDialogs {dmCopyCell} -parent [gi::getWindows 2]]
[00:35:24.70] /i db::setAttr geometry -of [gi::getDialogs {dmCopyCell} -parent [gi::getWindows 2]] -value 472x629+714+241
[00:35:28.79] /i gi::setCurrentIndex {fromCells} -index {inv_out} -in [gi::getDialogs {dmCopyCell} -parent [gi::getWindows 2]]
[00:35:28.79] /i gi::setItemSelection {fromCells} -index {inv_out} -in [gi::getDialogs {dmCopyCell} -parent [gi::getWindows 2]]
[00:35:30.44] /i gi::setField {toCellName} -value {inv_out} -in [gi::getDialogs {dmCopyCell} -parent [gi::getWindows 2]]
[00:35:49.71] /i gi::setField {toCellName} -value {TG_in} -in [gi::getDialogs {dmCopyCell} -parent [gi::getWindows 2]]
[00:35:49.77] /i gi::pressButton {apply} -in [gi::getDialogs {dmCopyCell} -parent [gi::getWindows 2]]
[00:35:49.78] /# dm::copyCells [db::createCollection [list [dm::findCell inv\_out -libName project\_d\_ff] ] ] -libDestName project\_d\_ff -cellDestName TG\_in -updateSearch changed -maintainCategories true -includeViews { * }
[00:35:54.39] /i gi::setField {toCellName} -value {TG_out} -in [gi::getDialogs {dmCopyCell} -parent [gi::getWindows 2]]
[00:35:54.46] /i gi::pressButton {apply} -in [gi::getDialogs {dmCopyCell} -parent [gi::getWindows 2]]
[00:35:54.46] /# dm::copyCells [db::createCollection [list [dm::findCell inv\_out -libName project\_d\_ff] ] ] -libDestName project\_d\_ff -cellDestName TG\_out -updateSearch changed -maintainCategories true -includeViews { * }
[00:35:57.60] /i db::setAttr geometry -of [gi::getDialogs {dmCopyCell} -parent [gi::getWindows 2]] -value 472x629+395+317
[00:35:58.41] /i db::setAttr geometry -of [gi::getDialogs {dmCopyCell} -parent [gi::getWindows 2]] -value 472x629+459+311
[00:35:58.94] /i gi::setCurrentIndex {fromCells} -index {inv_store} -in [gi::getDialogs {dmCopyCell} -parent [gi::getWindows 2]]
[00:35:58.94] /i gi::setItemSelection {fromCells} -index {inv_store} -in [gi::getDialogs {dmCopyCell} -parent [gi::getWindows 2]]
[00:35:59.43] /i gi::setCurrentIndex {fromCells} -index {inv_out} -in [gi::getDialogs {dmCopyCell} -parent [gi::getWindows 2]]
[00:35:59.43] /i gi::setItemSelection {fromCells} -index {inv_out} -in [gi::getDialogs {dmCopyCell} -parent [gi::getWindows 2]]
[00:36:04.03] /i gi::pressButton {ok} -in [gi::getDialogs {dmCopyCell} -parent [gi::getWindows 2]]
[00:36:04.09] /r giDialog gi::setActiveDialog [gi::getDialogs {dmMultipleOverwrite}]
[00:36:04.33] /r giDialog db::setAttr geometry -of [gi::getDialogs {dmMultipleOverwrite}] -value 609x384+646+363
[00:36:05.94] /r giDialog gi::closeWindows [gi::getDialogs {dmMultipleOverwrite}]
[00:36:05.95] /i gi::setActiveDialog [gi::getDialogs {dmCopyCell} -parent [gi::getWindows 2]]
[00:36:06.89] /i gi::closeWindows [gi::getDialogs {dmCopyCell} -parent [gi::getWindows 2]]
[00:36:07.56] /i gi::setCurrentIndex {cellCategories} -index {Uncategorized} -in [gi::getWindows 2]
[00:36:07.56] /i gi::setItemSelection {cellCategories} -index {Uncategorized} -in [gi::getWindows 2]
[00:36:07.95] /i gi::setCurrentIndex {cellCategories} -index {INV} -in [gi::getWindows 2]
[00:36:07.95] /i gi::setItemSelection {cellCategories} -index {INV} -in [gi::getWindows 2]
[00:36:08.74] /i gi::setCurrentIndex {cells} -index {TG_out} -in [gi::getWindows 2]
[00:36:08.74] /i gi::setItemSelection {cells} -index {TG_out} -in [gi::getWindows 2]
[00:36:09.18] /i gi::setCurrentIndex {cells} -index {TG_in} -in [gi::getWindows 2]
[00:36:09.18] /i gi::setItemSelection {cells} -index {TG_in} -in [gi::getWindows 2]
[00:36:35.75] /i gi::setCurrentIndex {views} -index {symbol} -in [gi::getWindows 2]
[00:36:35.76] /i gi::setItemSelection {views} -index {symbol} -in [gi::getWindows 2]
[00:36:36.31] /i gi::setCurrentIndex {views} -index {schematic} -in [gi::getWindows 2]
[00:36:36.31] /i gi::setItemSelection {views} -index {schematic} -in [gi::getWindows 2]
[00:36:36.47] /i gi::executeAction dmOpen -in [gi::getWindows 2]
[00:36:36.49] /r giWindowId 9
[00:36:36.50] /r giWindowGeometry 1632x1020
[00:36:36.62] /o "project_d_ff/TG_in/schematic" design does not need checking
[00:36:37.80] /# gi::executeAction deSelectActive -in [gi::getWindows 9]
[00:36:37.80] /i de::deselectAll [db::getNext [de::getContexts -window 9]]
[00:36:37.80] /i de::select [de::getActiveFigure [gi::getWindows 9] -point {2.90625 1.95} -index 0 -intent none]
[00:36:37.80] /o oa:0x1fd50690
[00:36:38.82] /i gi::setItemSelection {parameters} -index {w,all} -in [gi::getAssistants dePropertyEditor -from [gi::getWindows 9]]
[00:36:38.82] /i gi::setCurrentIndex {parameters} -index {w,Value} -in [gi::getAssistants dePropertyEditor -from [gi::getWindows 9]]
[00:36:42.01] /i gi::setField {parameters} -value {0.28u} -index {w,Value} -in [gi::getAssistants dePropertyEditor -from [gi::getWindows 9]]
[00:36:42.01] /i gi::executeAction dePropertyEditorApplyChanges -in [gi::getAssistants dePropertyEditor -from [gi::getWindows 9]]
[00:36:43.23] /# gi::executeAction deSelectActive -in [gi::getWindows 9]
[00:36:43.23] /i de::deselectAll [db::getNext [de::getContexts -window 9]]
[00:36:43.23] /i de::select [de::getActiveFigure [gi::getWindows 9] -point {2.975 0.7} -index 0 -intent none]
[00:36:43.23] /o oa:0x1e9c5130
[00:36:43.97] /# gi::executeAction deSelectActive -in [gi::getWindows 9]
[00:36:43.97] /i de::deselectAll [db::getNext [de::getContexts -window 9]]
[00:36:43.97] /i de::select [de::getActiveFigure [gi::getWindows 9] -point {2.88125 0.7} -index 0 -intent none]
[00:36:43.97] /o oa:0x1dc29460
[00:36:46.61] /# gi::executeAction seSchCheckAndSave -in [gi::getWindows 9]
[00:36:46.62] /i ise::check
[00:36:46.62] /m Information: 
              /c Cross view checking for project_d_ff/TG_in/symbol with project_d_ff/TG_in/schematic
              /c No violations found. (DE_EDIT-007)
[00:36:46.62] /m Information: 
[00:36:46.62] /o Checking "project_d_ff/TG_in/schematic"
[00:36:46.63] /o No rule violations found in "project_d_ff/TG_in/schematic"
[00:36:46.63] /m Information: Checking process is completed: marking the design violations
[00:36:46.64] /m Information: Marking of designs is completed
[00:36:46.64] /o true
[00:37:02.49] /i gi::executeAction giCloseWindow -in [gi::getWindows 9]
[00:37:02.51] /i gi::setActiveWindow 2
[00:37:02.51] /i gi::setActiveWindow 2 -raise true
[00:37:03.78] /i gi::setCurrentIndex {cells} -index {TG_out} -in [gi::getWindows 2]
[00:37:03.78] /i gi::setItemSelection {cells} -index {TG_out} -in [gi::getWindows 2]
[00:37:07.47] /i gi::executeAction dmCellOpenParamDefEditor -in [gi::getWindows 2]
[00:37:07.47] /# oa::getAccess [oa::LibFind [oa::ScalarName [oa::CdbaNS] project_d_ff ]] read
[00:37:07.47] /# db::openParamDefEditor -cell [dm::findCell TG\_out -libName [oa::ScalarName [oa::CdbaNS] project\_d\_ff ]] 
[00:37:07.47] /r giWindowId 10
[00:37:07.47] /r giWindowGeometry 625x400
[00:37:07.50] /# oa::releaseAccess [oa::LibFind [oa::ScalarName [oa::CdbaNS] project\_d\_ff ]] 
[00:37:10.17] /i gi::executeAction giCloseWindow -in [gi::getWindows 10]
[00:37:10.18] /i gi::setActiveWindow 2
[00:37:10.18] /i gi::setActiveWindow 2 -raise true
[00:37:21.92] /i gi::setCurrentIndex {cells} -index {inv_store} -in [gi::getWindows 2]
[00:37:21.92] /i gi::setItemSelection {cells} -index {inv_store} -in [gi::getWindows 2]
[00:37:22.62] /i gi::setCurrentIndex {cells} -index {inv_out} -in [gi::getWindows 2]
[00:37:22.62] /i gi::setItemSelection {cells} -index {inv_out} -in [gi::getWindows 2]
[00:37:24.37] /# gi::executeAction dmShowNewCell -in [gi::getWindows 2]
[00:37:24.37] /i dm::showNewCell -parent 2
[00:37:24.39] /o oa:0x1e3babc0
[00:37:24.44] /i gi::setActiveDialog [gi::getDialogs {dmNewCell} -parent [gi::getWindows 2]]
[00:37:24.70] /i db::setAttr geometry -of [gi::getDialogs {dmNewCell} -parent [gi::getWindows 2]] -value 448x227+725+417
[00:37:25.42] /i gi::closeWindows [gi::getDialogs {dmNewCell} -parent [gi::getWindows 2]]
[00:37:26.56] /# gi::executeAction dmShowCopyCell -in [gi::getWindows 2]
[00:37:26.56] /i dm::showCopyCell -parent 2
[00:37:26.59] /o oa:0x1d8b7cc0
[00:37:26.64] /i gi::setActiveDialog [gi::getDialogs {dmCopyCell} -parent [gi::getWindows 2]]
[00:37:26.90] /i db::setAttr geometry -of [gi::getDialogs {dmCopyCell} -parent [gi::getWindows 2]] -value 472x629+459+274
[00:37:37.09] /i gi::setField {toCellName} -value {CLOCK_inv} -in [gi::getDialogs {dmCopyCell} -parent [gi::getWindows 2]]
[00:37:37.17] /i gi::pressButton {apply} -in [gi::getDialogs {dmCopyCell} -parent [gi::getWindows 2]]
[00:37:37.18] /# dm::copyCells [db::createCollection [list [dm::findCell inv\_out -libName project\_d\_ff] ] ] -libDestName project\_d\_ff -cellDestName CLOCK\_inv -updateSearch changed -maintainCategories true -includeViews { * }
[00:37:37.54] /i gi::pressButton {ok} -in [gi::getDialogs {dmCopyCell} -parent [gi::getWindows 2]]
[00:37:37.59] /r giDialog gi::setActiveDialog [gi::getDialogs {dmMultipleOverwrite}]
[00:37:37.87] /r giDialog db::setAttr geometry -of [gi::getDialogs {dmMultipleOverwrite}] -value 609x384+646+363
[00:37:38.85] /r giDialog gi::closeWindows [gi::getDialogs {dmMultipleOverwrite}]
[00:37:38.86] /i gi::setActiveDialog [gi::getDialogs {dmCopyCell} -parent [gi::getWindows 2]]
[00:37:41.68] /i gi::pressButton {ok} -in [gi::getDialogs {dmCopyCell} -parent [gi::getWindows 2]]
[00:37:41.72] /r giDialog gi::setActiveDialog [gi::getDialogs {dmMultipleOverwrite}]
[00:37:42.00] /r giDialog db::setAttr geometry -of [gi::getDialogs {dmMultipleOverwrite}] -value 609x384+646+363
[00:37:42.78] /r giDialog gi::pressButton {overwrite} -in [gi::getDialogs {dmMultipleOverwrite}]
[00:37:42.78] /# dm::copyCells [db::createCollection [list [dm::findCell inv\_out -libName project\_d\_ff] ] ] -libDestName project\_d\_ff -cellDestName CLOCK\_inv -updateSearch changed -maintainCategories true -includeViews { * } -renamePattern %C_%L
[00:37:47.16] /i gi::setCurrentIndex {cellCategories} -index {All} -in [gi::getWindows 2]
[00:37:47.16] /i gi::setItemSelection {cellCategories} -index {All} -in [gi::getWindows 2]
[00:37:48.39] /i gi::setCurrentIndex {cells} -index {CLOCK_inv} -in [gi::getWindows 2]
[00:37:48.39] /i gi::setItemSelection {cells} -index {CLOCK_inv} -in [gi::getWindows 2]
[00:37:49.17] /i gi::setCurrentIndex {views} -index {schematic} -in [gi::getWindows 2]
[00:37:49.17] /i gi::setItemSelection {views} -index {schematic} -in [gi::getWindows 2]
[00:37:50.31] /i gi::executeAction dmOpen -in [gi::getWindows 2]
[00:37:50.33] /r giWindowId 11
[00:37:50.33] /r giWindowGeometry 1632x1020
[00:37:50.47] /o "project_d_ff/CLOCK_inv/schematic" design does not need checking
[00:37:55.72] /# gi::executeAction deSelectActive -in [gi::getWindows 11]
[00:37:55.72] /i de::deselectAll [db::getNext [de::getContexts -window 11]]
[00:37:55.72] /i de::select [de::getActiveFigure [gi::getWindows 11] -point {2.94375 1.95} -index 0 -intent none]
[00:37:55.72] /o oa:0x1f8ba400
[00:37:56.77] /i gi::setItemSelection {parameters} -index {w,all} -in [gi::getAssistants dePropertyEditor -from [gi::getWindows 11]]
[00:37:56.78] /i gi::setCurrentIndex {parameters} -index {w,Value} -in [gi::getAssistants dePropertyEditor -from [gi::getWindows 11]]
[00:37:58.48] /i gi::setField {parameters} -value {0.6u} -index {w,Value} -in [gi::getAssistants dePropertyEditor -from [gi::getWindows 11]]
[00:37:58.48] /i gi::executeAction dePropertyEditorApplyChanges -in [gi::getAssistants dePropertyEditor -from [gi::getWindows 11]]
[00:37:59.71] /# gi::executeAction deSelectActive -in [gi::getWindows 11]
[00:37:59.71] /i de::deselectAll [db::getNext [de::getContexts -window 11]]
[00:37:59.71] /i de::select [de::getActiveFigure [gi::getWindows 11] -point {2.89375 0.7} -index 0 -intent none]
[00:37:59.72] /o oa:0x1eca1ff0
[00:38:00.54] /i gi::setItemSelection {parameters} -index {w,all} -in [gi::getAssistants dePropertyEditor -from [gi::getWindows 11]]
[00:38:00.54] /i gi::setCurrentIndex {parameters} -index {w,Value} -in [gi::getAssistants dePropertyEditor -from [gi::getWindows 11]]
[00:38:02.91] /i gi::setField {parameters} -value {0.24u} -index {w,Value} -in [gi::getAssistants dePropertyEditor -from [gi::getWindows 11]]
[00:38:02.91] /i gi::executeAction dePropertyEditorApplyChanges -in [gi::getAssistants dePropertyEditor -from [gi::getWindows 11]]
[00:38:04.36] /# gi::executeAction seSchCheckAndSave -in [gi::getWindows 11]
[00:38:04.36] /i ise::check
[00:38:04.37] /m Information: 
              /c Cross view checking for project_d_ff/CLOCK_inv/symbol with project_d_ff/CLOCK_inv/schematic
              /c No violations found. (DE_EDIT-007)
[00:38:04.37] /m Information: 
[00:38:04.37] /o Checking "project_d_ff/CLOCK_inv/schematic"
[00:38:04.37] /o No rule violations found in "project_d_ff/CLOCK_inv/schematic"
[00:38:04.37] /m Information: Checking process is completed: marking the design violations
[00:38:04.38] /m Information: Marking of designs is completed
[00:38:04.38] /o true
[00:38:04.70] /i gi::executeAction deSaveDesign -in [gi::getWindows 11]
[00:38:04.70] /m Information: Saving design 'project_d_ff CLOCK_inv schematic'. (DESIGN_WINDOW-004)
[00:38:04.89] /i gi::executeAction deSaveDesign -in [gi::getWindows 11]
[00:38:04.89] /m Information: Saving design 'project_d_ff CLOCK_inv schematic'. (DESIGN_WINDOW-004)
[00:38:05.73] /i gi::setActiveWindow 2
[00:38:05.73] /i gi::setActiveWindow 2 -raise true
[00:38:06.73] /i gi::setCurrentIndex {cells} -index {TG_out} -in [gi::getWindows 2]
[00:38:06.73] /i gi::setItemSelection {cells} -index {TG_out} -in [gi::getWindows 2]
[00:38:07.30] /i gi::setCurrentIndex {cells} -index {CLOCK_inv} -in [gi::getWindows 2]
[00:38:07.30] /i gi::setItemSelection {cells} -index {CLOCK_inv} -in [gi::getWindows 2]
[00:38:08.20] /i gi::setCurrentIndex {views} -index {schematic} -in [gi::getWindows 2]
[00:38:08.20] /i gi::setItemSelection {views} -index {schematic} -in [gi::getWindows 2]
[00:56:08.34] /i gi::setItemSelection {cells} -index {} -in [gi::getWindows 2]
[00:56:10.02] /i gi::setCurrentIndex {cellCategories} -index {INV} -in [gi::getWindows 2]
[00:56:10.02] /i gi::setItemSelection {cellCategories} -index {INV} -in [gi::getWindows 2]
[00:56:10.47] /i gi::setCurrentIndex {cellCategories} -index {Uncategorized} -in [gi::getWindows 2]
[00:56:10.47] /i gi::setItemSelection {cellCategories} -index {Uncategorized} -in [gi::getWindows 2]
[00:56:11.40] /i gi::setCurrentIndex {cellCategories} -index {INV} -in [gi::getWindows 2]
[00:56:11.40] /i gi::setItemSelection {cellCategories} -index {INV} -in [gi::getWindows 2]
[00:56:12.02] /i gi::setCurrentIndex {cellCategories} -index {Uncategorized} -in [gi::getWindows 2]
[00:56:12.02] /i gi::setItemSelection {cellCategories} -index {Uncategorized} -in [gi::getWindows 2]
[00:56:13.27] /i gi::executeAction dmShowNewCellCategory -in [gi::getWindows 2]
[00:56:13.32] /i gi::setActiveDialog [gi::getDialogs {dmCreateCellCategory} -parent [gi::getWindows 2]]
[00:56:13.59] /i db::setAttr geometry -of [gi::getDialogs {dmCreateCellCategory} -parent [gi::getWindows 2]] -value 340x67+780+522
[00:56:19.32] /i gi::setField {newName} -value {D_Latch} -in [gi::getDialogs {dmCreateCellCategory} -parent [gi::getWindows 2]]
[00:56:19.33] /i gi::pressButton {create} -in [gi::getDialogs {dmCreateCellCategory} -parent [gi::getWindows 2]]
[00:56:19.33] /# dm::createCellCategory D\_Latch -libName project\_d\_ff
[00:56:21.26] /i gi::setCurrentIndex {cellCategories} -index {D_Latch} -in [gi::getWindows 2]
[00:56:21.26] /i gi::setItemSelection {cellCategories} -index {D_Latch} -in [gi::getWindows 2]
[00:56:22.43] /# gi::executeAction dmShowNewCell -in [gi::getWindows 2]
[00:56:22.43] /i dm::showNewCell -parent 2
[00:56:22.46] /o oa:0x1d7bbc00
[00:56:22.49] /i gi::setActiveDialog [gi::getDialogs {dmNewCell} -parent [gi::getWindows 2]]
[00:56:22.78] /i db::setAttr geometry -of [gi::getDialogs {dmNewCell} -parent [gi::getWindows 2]] -value 448x227+725+417
[00:56:26.82] /i gi::setField {cellName} -value {D_latch} -in [gi::getDialogs {dmNewCell} -parent [gi::getWindows 2]]
[00:56:26.82] /i gi::pressButton {ok} -in [gi::getDialogs {dmNewCell} -parent [gi::getWindows 2]]
[00:56:26.82] /# dm::createCell D\_latch -lib [ oa::LibFind [oa::ScalarName [oa::CdbaNS] project\_d\_ff]]
[00:56:26.83] /# dm::addToCellCategory [db::getNext [dm::getCellCategories -libName project\_d\_ff -filter "%name == \"D\_Latch\""]] -cell [dm::findCell D\_latch -libName project\_d\_ff]
[00:56:26.83] /# gi::setItemSelection {cells} -index {D_latch} -in [gi::getDialogs {dmNewCell} -parent [gi::getWindows 2]]
[00:56:27.92] /i gi::setCurrentIndex {cells} -index {D_latch} -in [gi::getWindows 2]
[00:56:27.92] /i gi::setItemSelection {cells} -index {D_latch} -in [gi::getWindows 2]
[00:56:28.94] /# gi::executeAction dmShowNewCellView -in [gi::getWindows 2]
[00:56:28.94] /i dm::showNewCellView -parent 2
[00:56:28.97] /o oa:0x1fa5ad10
[00:56:29.00] /i gi::setActiveDialog [gi::getDialogs {dmNewCellView} -parent [gi::getWindows 2]]
[00:56:29.29] /i db::setAttr geometry -of [gi::getDialogs {dmNewCellView} -parent [gi::getWindows 2]] -value 588x285+655+388
[00:56:33.89] /i gi::pressButton {apply} -in [gi::getDialogs {dmNewCellView} -parent [gi::getWindows 2]]
[00:56:33.89] /# db::getAttr viewType -of [dm::findCellView schematic -cell [dm::findCell D\_latch -lib [oa::LibFind [oa::ScalarName [oa::CdbaNS] project\_d\_ff]]]]
[00:56:33.89] /# dm::createCellView schematic -cell [dm::findCell D\_latch -lib [ oa::LibFind [oa::ScalarName [oa::CdbaNS] project\_d\_ff]]] -viewType schematic
[00:56:33.89] /# dm::addToCellCategory [db::getNext [dm::getCellCategories -libName project\_d\_ff -filter "%name == \"D\_Latch\""]] -cell [dm::findCell D\_latch -libName project\_d\_ff]
[00:56:33.89] /# de::open [dm::findCellView schematic -cell [dm::findCell D\_latch -lib [oa::LibFind [oa::ScalarName [oa::CdbaNS] project\_d\_ff]]]] -application seSchematic
[00:56:33.92] /r giWindowId 12
[00:56:33.93] /r giWindowGeometry 1632x1020
[00:56:34.08] /m Information: 
[00:56:34.09] /o Checking "project_d_ff/D_latch/schematic"
[00:56:34.09] /o No rule violations found in "project_d_ff/D_latch/schematic"
[00:56:34.09] /m Information: Checking process is completed: marking the design violations
[00:56:34.09] /m Information: Marking of designs is completed
[00:56:34.16] /i gi::setActiveWindow 2
[00:56:34.16] /i gi::setActiveWindow 2 -raise true
[00:56:34.17] /i gi::pressButton {ok} -in [gi::getDialogs {dmNewCellView} -parent [gi::getWindows 2]]
[00:56:34.18] /# db::getAttr viewType -of [dm::findCellView schematic -cell [dm::findCell D\_latch -lib [oa::LibFind [oa::ScalarName [oa::CdbaNS] project\_d\_ff]]]]
[00:56:34.24] /r giDialog gi::setActiveDialog [gi::getDialogs {dmOverwrite}]
[00:56:34.50] /r giDialog db::setAttr geometry -of [gi::getDialogs {dmOverwrite}] -value 274x82+813+514
[00:56:35.11] /r giDialog gi::pressButton {overwrite} -in [gi::getDialogs {dmOverwrite}]
[00:56:35.13] /# db::destroy [dm::findCellView schematic -cellName D\_latch -libName project\_d\_ff]
[00:56:35.16] /m Information: The context with top design project_d_ff/D_latch/schematic was closed because all the designs in its hierarchy were unexpectedly purged. (DESIGN-113)
[00:56:35.17] /# dm::createCellView schematic -cell [dm::findCell D\_latch -lib [ oa::LibFind [oa::ScalarName [oa::CdbaNS] project\_d\_ff]]] -viewType schematic
[00:56:35.17] /# dm::addToCellCategory [db::getNext [dm::getCellCategories -libName project\_d\_ff -filter "%name == \"D\_Latch\""]] -cell [dm::findCell D\_latch -libName project\_d\_ff]
[00:56:35.17] /# de::open [dm::findCellView schematic -cell [dm::findCell D\_latch -lib [oa::LibFind [oa::ScalarName [oa::CdbaNS] project\_d\_ff]]]] -application seSchematic
[00:56:35.19] /r giWindowId 13
[00:56:35.20] /r giWindowGeometry 1632x1020
[00:56:35.33] /m Information: 
[00:56:35.33] /o Checking "project_d_ff/D_latch/schematic"
[00:56:35.33] /o No rule violations found in "project_d_ff/D_latch/schematic"
[00:56:35.33] /m Information: Checking process is completed: marking the design violations
[00:56:35.33] /m Information: Marking of designs is completed
[00:56:36.67] /# gi::executeAction seCreateInst -in [gi::getWindows 13]
[00:56:36.67] /i ise::createInst
[00:56:36.73] /i gi::setActiveDialog [gi::getDialogs {seCreateInst} -parent [gi::getWindows 13]]
[00:56:37.00] /i db::setAttr geometry -of [gi::getDialogs {seCreateInst}] -value 359x337+0+65
[00:56:40.18] /i gi::setField {instMasterLib} -value {project_d_ff} -in [gi::getDialogs {seCreateInst} -parent [gi::getWindows 13]]
[00:56:40.50] /i db::setAttr geometry -of [gi::getDialogs {seCreateInst}] -value 359x337+0+65
[00:56:41.89] /i gi::setField {instMasterCell} -value {CLOCK_inv} -in [gi::getDialogs {seCreateInst} -parent [gi::getWindows 13]]
[00:56:42.22] /i db::setAttr geometry -of [gi::getDialogs {seCreateInst}] -value 359x337+0+65
[00:56:43.09] /# gi::executeAction deAddPoint -in [gi::getWindows 13]
[00:56:43.09] /i de::addPoint {2.95625 2.325} -context [db::getNext [de::getContexts -window 13]]
[00:56:45.40] /i gi::setField {instMasterCell} -value {TG_in} -in [gi::getDialogs {seCreateInst} -parent [gi::getWindows 13]]
[00:56:45.72] /i db::setAttr geometry -of [gi::getDialogs {seCreateInst}] -value 359x337+0+65
[00:56:45.90] /# gi::executeAction deAddPoint -in [gi::getWindows 13]
[00:56:45.90] /i de::addPoint {4.30625 2.95625} -context [db::getNext [de::getContexts -window 13]]
[00:56:48.39] /i gi::setField {instMasterCell} -value {inv_out} -in [gi::getDialogs {seCreateInst} -parent [gi::getWindows 13]]
[00:56:48.70] /i db::setAttr geometry -of [gi::getDialogs {seCreateInst}] -value 359x337+0+65
[00:56:49.00] /# gi::executeAction deAddPoint -in [gi::getWindows 13]
[00:56:49.00] /i de::addPoint {3.36875 0.89375} -context [db::getNext [de::getContexts -window 13]]
[00:56:50.99] /i gi::setField {instMasterCell} -value {inv_store} -in [gi::getDialogs {seCreateInst} -parent [gi::getWindows 13]]
[00:56:51.33] /i db::setAttr geometry -of [gi::getDialogs {seCreateInst}] -value 359x337+0+65
[00:56:52.13] /# gi::executeAction deAddPoint -in [gi::getWindows 13]
[00:56:52.13] /i de::addPoint {2.00625 0.1875} -context [db::getNext [de::getContexts -window 13]]
[00:56:55.78] /i gi::setField {instMasterCell} -value {TG_out} -in [gi::getDialogs {seCreateInst} -parent [gi::getWindows 13]]
[00:56:56.10] /i db::setAttr geometry -of [gi::getDialogs {seCreateInst}] -value 359x337+0+65
[00:56:56.85] /# gi::executeAction deAddPoint -in [gi::getWindows 13]
[00:56:56.85] /i de::addPoint {6.48125 2.775} -context [db::getNext [de::getContexts -window 13]]
[00:56:57.32] /# gi::executeAction deAbortCommand -in [gi::getWindows 13]
[00:56:57.32] /i de::abortCommand -context [db::getNext [de::getContexts -window 13]]
[00:56:57.85] /# gi::executeAction deCanvasZoomOutAtPoint -in [gi::getWindows 13]
[00:56:57.85] /i de::zoom -window [gi::getWindows 13] -factor 0.5 -center {2.88125 3.2375}
[00:56:57.85] /o {-5.825 -4.85625} {13.8125 5.95625}
[00:56:57.88] /# gi::executeAction deCanvasZoomOutAtPoint -in [gi::getWindows 13]
[00:56:57.88] /i de::zoom -window [gi::getWindows 13] -factor 0.5 -center {2.875 3.23125}
[00:56:57.88] /o {-14.525 -12.94375} {24.75 8.68125}
[00:56:58.30] /# gi::executeAction deCanvasZoomInAtPoint -in [gi::getWindows 13]
[00:56:58.30] /i de::zoom -window [gi::getWindows 13] -factor 2.0 -center {1.7 4.05625}
[00:56:58.30] /o {-6.4125 -4.44375} {13.225 6.36875}
[00:56:58.43] /# gi::executeAction deCanvasZoomInAtPoint -in [gi::getWindows 13]
[00:56:58.43] /i de::zoom -window [gi::getWindows 13] -factor 2.0 -center {1.7 4.05625}
[00:56:58.43] /o {-2.35625 -0.19375} {7.4625 5.2125}
[00:56:58.87] /# gi::executeAction deFitEdit -in [gi::getWindows 13]
[00:56:58.87] /i de::fit -window 13 -fitEdit true
[00:56:58.87] /o {0.5875 0.59375} {7.3875 4.34375}
[00:56:59.38] /# gi::executeAction deCanvasZoomOutAtPoint -in [gi::getWindows 13]
[00:56:59.38] /i de::zoom -window [gi::getWindows 13] -factor 0.5 -center {2.8875 3.7625}
[00:56:59.38] /o {-1.71875 -2.575} {11.89375 4.925}
[00:56:59.43] /# gi::executeAction deCanvasZoomOutAtPoint -in [gi::getWindows 13]
[00:56:59.43] /i de::zoom -window [gi::getWindows 13] -factor 0.5 -center {2.8625 3.7625}
[00:56:59.43] /o {-6.3 -8.90625} {20.925 6.08125}
[00:56:59.82] /# gi::executeAction deCanvasZoomInAtPoint -in [gi::getWindows 13]
[00:56:59.82] /i de::zoom -window [gi::getWindows 13] -factor 2.0 -center {2.7125 3.8125}
[00:56:59.82] /o {-1.79375 -2.55} {11.81875 4.95}
[00:57:08.14] /# gi::executeAction seSchCreateSchematicPin -in [gi::getWindows 13]
[00:57:08.14] /i ise::createSchematicPin
[00:57:09.03] /i gi::executeAction deObjectActivation -in [gi::getWindows 13]
[00:57:09.22] /i gi::setField {schematicPinName} -value {D} -in [gi::getToolbars {deCommandOptions} -from [gi::getWindows 13]]
[00:57:09.33] /i gi::executeAction deObjectActivation -in [gi::getWindows 13]
[00:57:12.52] /# gi::executeAction deAddPoint -in [gi::getWindows 13]
[00:57:12.52] /i de::addPoint {0.49375 1.99375} -context [db::getNext [de::getContexts -window 13]]
[00:57:13.76] /i gi::executeAction deObjectActivation -in [gi::getWindows 13]
[00:57:14.31] /i gi::setField {schematicPinName} -value {Q} -in [gi::getToolbars {deCommandOptions} -from [gi::getWindows 13]]
[00:57:14.31] /i gi::executeAction deObjectActivation -in [gi::getWindows 13]
[00:57:16.14] /i gi::setField {schematicPinType} -value {output} -in [gi::getToolbars {deCommandOptions} -from [gi::getWindows 13]]
[00:57:17.23] /# gi::executeAction deAddPoint -in [gi::getWindows 13]
[00:57:17.23] /i de::addPoint {8.19375 3.2375} -context [db::getNext [de::getContexts -window 13]]
[00:57:17.40] /# gi::executeAction deAbortCommand -in [gi::getWindows 13]
[00:57:17.40] /i de::abortCommand -context [db::getNext [de::getContexts -window 13]]
[00:57:23.79] /# gi::executeAction deCanvasZoomInAtPoint -in [gi::getWindows 13]
[00:57:23.79] /i de::zoom -window [gi::getWindows 13] -factor 2.0 -center {-0.06875 1.55}
[00:57:23.79] /o {-0.93125 -0.5} {5.875 3.25}
[00:57:23.89] /# gi::executeAction deCanvasZoomInAtPoint -in [gi::getWindows 13]
[00:57:23.89] /i de::zoom -window [gi::getWindows 13] -factor 2.0 -center {-0.06875 1.55}
[00:57:23.89] /o {-0.5 0.525} {2.9 2.4}
[00:57:24.34] /# gi::executeAction deCanvasZoomOutAtPoint -in [gi::getWindows 13]
[00:57:24.34] /i de::zoom -window [gi::getWindows 13] -factor 0.5 -center {0.1 2.1875}
[00:57:24.34] /o {-1.1 -1.1375} {5.70625 2.6125}
[00:57:24.38] /# gi::executeAction deCanvasZoomOutAtPoint -in [gi::getWindows 13]
[00:57:24.38] /i de::zoom -window [gi::getWindows 13] -factor 0.5 -center {0.1 2.1875}
[00:57:24.38] /o {-2.3 -4.4625} {11.3125 3.0375}
[00:57:25.64] /# gi::executeAction deFitEdit -in [gi::getWindows 13]
[00:57:25.64] /i de::fit -window 13 -fitEdit true
[00:57:25.64] /o {-0.25625 -0.0625} {8.94375 5.0}
[00:57:27.50] /# gi::executeAction deSelectActive -in [gi::getWindows 13]
[00:57:27.50] /i de::deselectAll [db::getNext [de::getContexts -window 13]]
[00:57:27.50] /i de::select [de::getActiveFigure [gi::getWindows 13] -point {1.7375 2.84375} -index 0 -intent none]
[00:57:27.50] /o oa:0x1f2d1370
[00:57:28.05] /# gi::executeAction seButton1DragStart -in [gi::getWindows 13]
[00:57:28.05] /i ise::stretch -point {1.8125 2.875}
[00:57:28.50] /# gi::executeAction deEndDrag -in [gi::getWindows 13]
[00:57:28.50] /i de::endDrag {1.95625 2.81875} -context [db::getNext [de::getContexts -window 13]]
[00:57:28.95] /# gi::executeAction seButton1DragStart -in [gi::getWindows 13]
[00:57:28.95] /i ise::stretch -point {1.9375 2.8125}
[00:57:29.88] /# gi::executeAction deEndDrag -in [gi::getWindows 13]
[00:57:29.88] /i de::endDrag {7.3875 2.3875} -context [db::getNext [de::getContexts -window 13]]
[00:57:30.35] /# gi::executeAction deSelectActive -in [gi::getWindows 13]
[00:57:30.35] /i de::deselectAll [db::getNext [de::getContexts -window 13]]
[00:57:30.35] /i de::select [de::getActiveFigure [gi::getWindows 13] -point {2.125 1.2875} -index 0 -intent none]
[00:57:30.35] /o oa:0x1f52c280
[00:57:30.70] /# gi::executeAction seButton1DragStart -in [gi::getWindows 13]
[00:57:30.70] /i ise::stretch -point {2.25 1.4375}
[00:57:31.14] /# gi::executeAction deEndDrag -in [gi::getWindows 13]
[00:57:31.14] /i de::endDrag {6.01875 0.475} -context [db::getNext [de::getContexts -window 13]]
[00:57:31.89] /# gi::executeAction seButton1DragStart -in [gi::getWindows 13]
[00:57:31.89] /i ise::stretch -object [de::getActiveFigure [gi::getWindows 13] -point {3.25625 3.6} -index 0 -intent none] -point {3.25 3.625}
[00:57:32.93] /# gi::executeAction deEndDrag -in [gi::getWindows 13]
[00:57:32.93] /i de::endDrag {1.8 2.10625} -context [db::getNext [de::getContexts -window 13]]
[00:57:33.82] /# gi::executeAction seSchCreateWire -in [gi::getWindows 13]
[00:57:33.82] /i ise::createWire
[00:57:35.17] /# gi::executeAction deAddPoint -in [gi::getWindows 13]
[00:57:35.17] /i de::addPoint {0.4 1.975} -context [db::getNext [de::getContexts -window 13]]
[00:57:35.22] /i de::setCursor -point {0.4375 2 }
[00:57:36.46] /# gi::executeAction deAddPoint -in [gi::getWindows 13]
[00:57:36.46] /i de::addPoint {1.36875 1.9875} -context [db::getNext [de::getContexts -window 13]]
[00:58:05.24] /# gi::executeAction deAbortCommand -in [gi::getWindows 13]
[00:58:05.24] /i de::abortCommand -context [db::getNext [de::getContexts -window 13]]
[00:58:05.63] /# gi::executeAction deSelectActive -in [gi::getWindows 13]
[00:58:05.63] /i de::deselectAll [db::getNext [de::getContexts -window 13]]
[00:58:05.63] /i de::select [de::getActiveFigure [gi::getWindows 13] -point {5.15625 1.70625} -index 0 -intent none]
[00:58:05.63] /o oa:0x1fac2000
[00:58:06.13] /# gi::executeAction seButton1DragStart -in [gi::getWindows 13]
[00:58:06.13] /i ise::stretch -point {5.3125 1.75}
[00:58:07.55] /# gi::executeAction deEndDrag -in [gi::getWindows 13]
[00:58:07.55] /i de::endDrag {4.96875 2.075} -context [db::getNext [de::getContexts -window 13]]
[00:58:08.63] /# gi::executeAction seSchCreateWire -in [gi::getWindows 13]
[00:58:08.63] /i ise::createWire
[00:58:09.68] /# gi::executeAction deAddPoint -in [gi::getWindows 13]
[00:58:09.68] /i de::addPoint {2.8625 1.9875} -context [db::getNext [de::getContexts -window 13]]
[00:58:09.71] /i de::setCursor -point {2.9375 2 }
[00:58:10.82] /# gi::executeAction deAddPoint -in [gi::getWindows 13]
[00:58:10.82] /i de::addPoint {4.55625 2.00625} -context [db::getNext [de::getContexts -window 13]]
[00:58:16.76] /# gi::executeAction deAbortCommand -in [gi::getWindows 13]
[00:58:16.76] /i de::abortCommand -context [db::getNext [de::getContexts -window 13]]
[00:58:17.60] /# gi::executeAction deSelectActive -in [gi::getWindows 13]
[00:58:17.60] /i de::deselectAll [db::getNext [de::getContexts -window 13]]
[00:58:17.60] /i de::select [de::getActiveFigure [gi::getWindows 13] -point {3.975 2.00625} -index 0 -intent none]
[00:58:17.60] /o oa:0x1f4e87f0
[00:58:18.65] /i gi::setItemSelection {attributes} -index {name,all} -in [gi::getAssistants dePropertyEditor -from [gi::getWindows 13]]
[00:58:18.65] /i gi::setCurrentIndex {attributes} -index {name,Value} -in [gi::getAssistants dePropertyEditor -from [gi::getWindows 13]]
[00:58:20.50] /i gi::setField {attributes} -value {n1} -index {name,Value} -in [gi::getAssistants dePropertyEditor -from [gi::getWindows 13]]
[00:58:20.50] /i gi::executeAction dePropertyEditorApplyChanges -in [gi::getAssistants dePropertyEditor -from [gi::getWindows 13]]
[00:58:25.86] /# gi::executeAction seButton1DragStart -in [gi::getWindows 13]
[00:58:25.86] /i ise::stretch -object [de::getActiveFigure [gi::getWindows 13] -point {6.09375 0.5} -index 0 -intent none] -point {6.125 0.5}
[00:58:26.22] /# gi::executeAction deEndDrag -in [gi::getWindows 13]
[00:58:26.22] /i de::endDrag {7.9625 1.25} -context [db::getNext [de::getContexts -window 13]]
[00:58:26.57] /# gi::executeAction deSelectActive -in [gi::getWindows 13]
[00:58:26.57] /i de::deselectAll [db::getNext [de::getContexts -window 13]]
[00:58:26.58] /i de::select [de::getActiveFigure [gi::getWindows 13] -point {7.7875 2.4125} -index 0 -intent none]
[00:58:26.58] /o oa:0x1e590f60
[00:58:26.90] /# gi::executeAction seButton1DragStart -in [gi::getWindows 13]
[00:58:26.90] /i ise::stretch -point {7.8125 2.4375}
[00:58:27.21] /# gi::executeAction deEndDrag -in [gi::getWindows 13]
[00:58:27.21] /i de::endDrag {5.475 0.36875} -context [db::getNext [de::getContexts -window 13]]
[00:58:27.65] /# gi::executeAction deSelectActive -in [gi::getWindows 13]
[00:58:27.65] /i de::deselectAll [db::getNext [de::getContexts -window 13]]
[00:58:27.65] /i de::select [de::getActiveFigure [gi::getWindows 13] -point {8.2 1.3375} -index 0 -intent none]
[00:58:27.65] /o oa:0x1d6aa260
[00:58:28.10] /# gi::executeAction seButton1DragStart -in [gi::getWindows 13]
[00:58:28.10] /i ise::stretch -point {8.125 1.3125}
[00:58:28.91] /# gi::executeAction deEndDrag -in [gi::getWindows 13]
[00:58:28.91] /i de::endDrag {7.61875 2.05625} -context [db::getNext [de::getContexts -window 13]]
[00:58:30.00] /# gi::executeAction seSchCreateWire -in [gi::getWindows 13]
[00:58:30.00] /i ise::createWire
[00:58:31.25] /# gi::executeAction deAddPoint -in [gi::getWindows 13]
[00:58:31.25] /i de::addPoint {6.93125 2.00625} -context [db::getNext [de::getContexts -window 13]]
[00:58:31.29] /i de::setCursor -point {6.875 2 }
[00:58:32.49] /# gi::executeAction deAddPoint -in [gi::getWindows 13]
[00:58:32.49] /i de::addPoint {6.06875 1.9875} -context [db::getNext [de::getContexts -window 13]]
[00:58:33.24] /# gi::executeAction deAbortCommand -in [gi::getWindows 13]
[00:58:33.24] /i de::abortCommand -context [db::getNext [de::getContexts -window 13]]
[00:58:33.60] /# gi::executeAction deSelectActive -in [gi::getWindows 13]
[00:58:33.60] /i de::deselectAll [db::getNext [de::getContexts -window 13]]
[00:58:33.60] /i de::select [de::getActiveFigure [gi::getWindows 13] -point {6.4625 2.01875} -index 0 -intent none]
[00:58:33.60] /o oa:0x1e7bab40
[00:58:34.56] /i gi::setItemSelection {attributes} -index {name,all} -in [gi::getAssistants dePropertyEditor -from [gi::getWindows 13]]
[00:58:34.56] /i gi::setCurrentIndex {attributes} -index {name,Value} -in [gi::getAssistants dePropertyEditor -from [gi::getWindows 13]]
[00:58:35.61] /i gi::setField {attributes} -value {n2} -index {name,Value} -in [gi::getAssistants dePropertyEditor -from [gi::getWindows 13]]
[00:58:35.61] /i gi::executeAction dePropertyEditorApplyChanges -in [gi::getAssistants dePropertyEditor -from [gi::getWindows 13]]
[00:59:04.46] /i gi::executeAction deCanvasDragCancel -in [gi::getWindows 13]
[00:59:04.82] /# gi::executeAction deSelectActive -in [gi::getWindows 13]
[00:59:04.82] /i de::deselectAll [db::getNext [de::getContexts -window 13]]
[00:59:04.82] /i de::select [de::getActiveFigure [gi::getWindows 13] -point {8.23125 3.2125} -index 0 -intent none]
[00:59:04.82] /o oa:0x1e014170
[00:59:05.28] /# gi::executeAction seButton1DragStart -in [gi::getWindows 13]
[00:59:05.28] /i ise::stretch -point {8.25 3.25}
[00:59:06.58] /# gi::executeAction deEndDrag -in [gi::getWindows 13]
[00:59:06.58] /i de::endDrag {8.8625 1.95} -context [db::getNext [de::getContexts -window 13]]
[00:59:06.60] /# gi::executeAction deFitEdit -in [gi::getWindows 13]
[00:59:06.60] /i de::fit -window 13 -fitEdit true
[00:59:06.60] /o {-0.2875 -0.9125} {9.6 4.5375}
[00:59:07.71] /# gi::executeAction seButton1DragStart -in [gi::getWindows 13]
[00:59:07.71] /i ise::stretch -point {8.875 1.9375}
[00:59:08.09] /# gi::executeAction deEndDrag -in [gi::getWindows 13]
[00:59:08.09] /i de::endDrag {9.00625 2.03125} -context [db::getNext [de::getContexts -window 13]]
[00:59:08.98] /# gi::executeAction seButton1DragStart -in [gi::getWindows 13]
[00:59:08.98] /i ise::stretch -point {9 2.0625}
[00:59:09.36] /# gi::executeAction deEndDrag -in [gi::getWindows 13]
[00:59:09.36] /i de::endDrag {9.08125 1.99375} -context [db::getNext [de::getContexts -window 13]]
[00:59:10.55] /# gi::executeAction seSchCreateWire -in [gi::getWindows 13]
[00:59:10.55] /i ise::createWire
[00:59:11.75] /# gi::executeAction deAddPoint -in [gi::getWindows 13]
[00:59:11.75] /i de::addPoint {9.0875 1.99375} -context [db::getNext [de::getContexts -window 13]]
[00:59:11.84] /i de::setCursor -point {9 2 }
[00:59:12.55] /# gi::executeAction deAddPoint -in [gi::getWindows 13]
[00:59:12.55] /i de::addPoint {8.425 1.99375} -context [db::getNext [de::getContexts -window 13]]
[00:59:13.86] /# gi::executeAction deAbortCommand -in [gi::getWindows 13]
[00:59:13.86] /i de::abortCommand -context [db::getNext [de::getContexts -window 13]]
[00:59:24.77] /# gi::executeAction deSelectActive -in [gi::getWindows 13]
[00:59:24.77] /i de::deselectAll [db::getNext [de::getContexts -window 13]]
[00:59:24.77] /i de::select [de::getActiveFigure [gi::getWindows 13] -point {5.66875 3.425} -index 0 -intent none]
[00:59:24.77] /o oa:0x1f28bd30
[00:59:25.30] /# gi::executeAction seButton1DragStart -in [gi::getWindows 13]
[00:59:25.30] /i ise::stretch -point {5.625 3.4375}
[00:59:26.08] /# gi::executeAction deEndDrag -in [gi::getWindows 13]
[00:59:26.08] /i de::endDrag {8.90625 0.46875} -context [db::getNext [de::getContexts -window 13]]
[00:59:27.44] /# gi::executeAction seSchCreateWire -in [gi::getWindows 13]
[00:59:27.44] /i ise::createWire
[00:59:29.25] /# gi::executeAction deAddPoint -in [gi::getWindows 13]
[00:59:29.25] /i de::addPoint {8.3125 0.3875} -context [db::getNext [de::getContexts -window 13]]
[00:59:29.27] /i de::setCursor -point {8.3125 0.4375 }
[00:59:30.41] /# gi::executeAction deAddPoint -in [gi::getWindows 13]
[00:59:30.41] /i de::addPoint {8.6625 1.975} -context [db::getNext [de::getContexts -window 13]]
[00:59:31.02] /# gi::executeAction deAbortCommand -in [gi::getWindows 13]
[00:59:31.02] /i de::abortCommand -context [db::getNext [de::getContexts -window 13]]
[00:59:31.17] /# gi::executeAction deCanvasZoomOutAtPoint -in [gi::getWindows 13]
[00:59:31.17] /i de::zoom -window [gi::getWindows 13] -factor 0.5 -center {8.8875 1.33125}
[00:59:31.17] /o {-9.4625 -3.15} {10.3125 7.7375}
[00:59:31.20] /# gi::executeAction deCanvasZoomOutAtPoint -in [gi::getWindows 13]
[00:59:31.20] /i de::zoom -window [gi::getWindows 13] -factor 0.5 -center {8.89375 1.33125}
[00:59:31.20] /o {-27.81875 -7.63125} {11.73125 14.14375}
[00:59:31.92] /# gi::executeAction seButton1DragStart -in [gi::getWindows 13]
[00:59:31.92] /i ise::stretch -point {8.5625 0.8125}
[00:59:33.39] /# gi::executeAction deEndDrag -in [gi::getWindows 13]
[00:59:33.39] /i de::endDrag {9.0375 0.725} -context [db::getNext [de::getContexts -window 13]]
[00:59:33.86] /# gi::executeAction deFitEdit -in [gi::getWindows 13]
[00:59:33.86] /i de::fit -window 13 -fitEdit true
[00:59:33.86] /o {-0.3875 -2.10625} {11.45625 4.41875}
[00:59:34.44] /# gi::executeAction deSelectActive -in [gi::getWindows 13]
[00:59:34.44] /i de::deselectAll [db::getNext [de::getContexts -window 13]]
[00:59:34.44] /i de::deselectAllLogic -context [db::getNext [de::getContexts -window 13]]
[01:00:39.84] /# gi::executeAction deSelectActive -in [gi::getWindows 13]
[01:00:39.84] /i de::deselectAll [db::getNext [de::getContexts -window 13]]
[01:00:39.84] /i de::select [de::getActiveFigure [gi::getWindows 13] -point {5.06875 0.51875} -index 0 -intent none]
[01:00:39.84] /o oa:0x1fa4e020
[01:00:40.47] /# gi::executeAction seDelete -in [gi::getWindows 13]
[01:00:40.47] /i ise::delete
[01:00:42.07] /i gi::executeAction deSaveDesign -in [gi::getWindows 13]
[01:00:42.07] /m Information: Saving design 'project_d_ff D_latch schematic'. (DESIGN_WINDOW-004)
[01:01:47.93] /# gi::executeAction seSchCreateSchematicPin -in [gi::getWindows 13]
[01:01:47.93] /i ise::createSchematicPin
[01:01:50.31] /i gi::executeAction deObjectActivation -in [gi::getWindows 13]
[01:01:55.33] /i gi::setField {schematicPinName} -value {tg_fb} -in [gi::getToolbars {deCommandOptions} -from [gi::getWindows 13]]
[01:01:55.33] /i gi::executeAction deObjectActivation -in [gi::getWindows 13]
[01:01:57.53] /# gi::executeAction deAddPoint -in [gi::getWindows 13]
[01:01:57.53] /i de::addPoint {10.9875 0.30625} -context [db::getNext [de::getContexts -window 13]]
[01:01:59.32] /# gi::executeAction seSchCreateWire -in [gi::getWindows 13]
[01:01:59.32] /i ise::createWire
[01:02:00.77] /# gi::executeAction deAddPoint -in [gi::getWindows 13]
[01:02:00.77] /i de::addPoint {11.0875 0.33125} -context [db::getNext [de::getContexts -window 13]]
[01:02:00.82] /i de::setCursor -point {11 0.3125 }
[01:02:02.30] /# gi::executeAction deAddPoint -in [gi::getWindows 13]
[01:02:02.30] /i de::addPoint {10.33125 0.31875} -context [db::getNext [de::getContexts -window 13]]
[01:02:03.86] /# gi::executeAction seSchCheckAndSave -in [gi::getWindows 13]
[01:02:03.86] /i ise::check
[01:02:03.87] /m Information: 
[01:02:03.87] /o Checking "project_d_ff/D_latch/schematic"
[01:02:03.87] /o No rule violations found in "project_d_ff/D_latch/schematic"
[01:02:03.87] /m Information: Checking process is completed: marking the design violations
[01:02:03.89] /m Information: Marking of designs is completed
[01:02:03.89] /o true
[01:02:04.20] /i gi::executeAction deSaveDesign -in [gi::getWindows 13]
[01:02:04.20] /m Information: Saving design 'project_d_ff D_latch schematic'. (DESIGN_WINDOW-004)
[01:02:22.61] /# gi::executeAction deAddPoint -in [gi::getWindows 13]
[01:02:22.61] /i de::addPoint {9.3125 0.31875} -context [db::getNext [de::getContexts -window 13]]
[01:02:23.36] /# gi::executeAction deAbortCommand -in [gi::getWindows 13]
[01:02:23.36] /i de::abortCommand -context [db::getNext [de::getContexts -window 13]]
[01:02:24.23] /# gi::executeAction deSelectActive -in [gi::getWindows 13]
[01:02:24.23] /i de::deselectAll [db::getNext [de::getContexts -window 13]]
[01:02:24.23] /i de::select [de::getActiveFigure [gi::getWindows 13] -point {11.05625 0.29375} -index 0 -intent none]
[01:02:24.23] /o oa:0x1e6a0dc0
[01:02:24.59] /# gi::executeAction seDelete -in [gi::getWindows 13]
[01:02:24.59] /i ise::delete
[01:02:25.19] /# gi::executeAction deSelectActive -in [gi::getWindows 13]
[01:02:25.19] /i de::deselectAll [db::getNext [de::getContexts -window 13]]
[01:02:25.19] /i de::select [de::getActiveFigure [gi::getWindows 13] -point {10.74375 0.29375} -index 0 -intent none]
[01:02:25.19] /o oa:0x1f8e2400
[01:02:25.30] /# gi::executeAction seDelete -in [gi::getWindows 13]
[01:02:25.30] /i ise::delete
[01:02:25.96] /# gi::executeAction deSelectActive -in [gi::getWindows 13]
[01:02:25.96] /i de::deselectAll [db::getNext [de::getContexts -window 13]]
[01:02:25.96] /i de::select [de::getActiveFigure [gi::getWindows 13] -point {9.73125 0.2875} -index 0 -intent none]
[01:02:25.96] /o oa:0x1f3ca6f0
[01:02:29.78] /# gi::executeAction seFlipHorizontalCenter -in [gi::getWindows 13]
[01:02:29.78] /i se::move [de::getSelected -design [db::getAttr editDesign -of [db::getNext [de::getContexts -window 13]]]]  -rotate MY
[01:02:30.73] /# gi::executeAction seButton1DragStart -in [gi::getWindows 13]
[01:02:30.73] /i ise::stretch -point {10.25 0.3125}
[01:02:31.24] /# gi::executeAction deEndDrag -in [gi::getWindows 13]
[01:02:31.24] /i de::endDrag {7.08125 0.26875} -context [db::getNext [de::getContexts -window 13]]
[01:02:32.24] /# gi::executeAction deSelectActive -in [gi::getWindows 13]
[01:02:32.24] /i de::deselectAll [db::getNext [de::getContexts -window 13]]
[01:02:32.24] /i de::select [de::getActiveFigure [gi::getWindows 13] -point {7.65 0.78125} -index 0 -intent none]
[01:02:32.24] /o oa:0x1f5aa8a0
[01:02:32.88] /# gi::executeAction seDelete -in [gi::getWindows 13]
[01:02:32.88] /i ise::delete
[01:02:34.84] /# gi::executeAction seSchCreateWire -in [gi::getWindows 13]
[01:02:34.84] /i ise::createWire
[01:02:35.94] /# gi::executeAction deAddPoint -in [gi::getWindows 13]
[01:02:35.94] /i de::addPoint {8.6875 0.83125} -context [db::getNext [de::getContexts -window 13]]
[01:02:35.99] /i de::setCursor -point {8.6875 0.75 }
[01:02:37.20] /# gi::executeAction deAddPoint -in [gi::getWindows 13]
[01:02:37.20] /i de::addPoint {7.14375 0.21875} -context [db::getNext [de::getContexts -window 13]]
[01:02:38.43] /# gi::executeAction deAddPoint -in [gi::getWindows 13]
[01:02:38.43] /i de::addPoint {5.6125 0.21875} -context [db::getNext [de::getContexts -window 13]]
[01:02:38.44] /i de::setCursor -point {5.5625 0.25 }
[01:02:39.91] /# gi::executeAction deAddPoint -in [gi::getWindows 13]
[01:02:39.91] /i de::addPoint {3.55 2.00625} -context [db::getNext [de::getContexts -window 13]]
[01:02:40.16] /# gi::executeAction deAbortCommand -in [gi::getWindows 13]
[01:02:40.16] /i de::abortCommand -context [db::getNext [de::getContexts -window 13]]
[01:02:41.21] /# gi::executeAction deCanvasZoomInAtPoint -in [gi::getWindows 13]
[01:02:41.21] /i de::zoom -window [gi::getWindows 13] -factor 2.0 -center {5.59375 0.58125}
[01:02:41.21] /o {2.60625 -0.7625} {8.525 2.5}
[01:02:41.76] /# gi::executeAction seDelete -in [gi::getWindows 13]
[01:02:41.76] /i ise::delete
[01:02:42.16] /# gi::executeAction deAddPoint -in [gi::getWindows 13]
[01:02:42.16] /i de::addPoint {5.55 0.59375} -context [db::getNext [de::getContexts -window 13]]
[01:02:42.51] /# gi::executeAction deAbortCommand -in [gi::getWindows 13]
[01:02:42.51] /i de::abortCommand -context [db::getNext [de::getContexts -window 13]]
[01:02:43.44] /# gi::executeAction seSchCheckAndSave -in [gi::getWindows 13]
[01:02:43.44] /i ise::check
[01:02:43.44] /m Information: 
[01:02:43.44] /o Checking "project_d_ff/D_latch/schematic"
[01:02:43.44] /o 	[warning] Shorted Output Pins
[01:02:43.44] /o 		Output pin 'out' on instance 'I1' is shorted to the following output pin(s): 'out' on instance 'I4'
[01:02:43.44] /o 		Output pin 'out' on instance 'I4' is shorted to the following output pin(s): 'out' on instance 'I1'
[01:02:43.45] /o 0 Error(s),2 Warning(s),0 Message(s) found   in "project_d_ff/D_latch/schematic"
[01:02:43.45] /m Information: Checking process is completed: marking the design violations
[01:02:43.46] /m Information: Marking of designs is completed
[01:02:43.46] /o true
[01:02:43.78] /i gi::executeAction deSaveDesign -in [gi::getWindows 13]
[01:02:43.79] /m Information: Saving design 'project_d_ff D_latch schematic'. (DESIGN_WINDOW-004)
[01:02:50.06] /# gi::executeAction deCanvasZoomOutAtPoint -in [gi::getWindows 13]
[01:02:50.06] /i de::zoom -window [gi::getWindows 13] -factor 0.5 -center {7.20625 -0.1875}
[01:02:50.06] /o {-2.0 -1.3375} {9.84375 5.1875}
[01:03:08.99] /# gi::executeAction deCanvasZoomInAtPoint -in [gi::getWindows 13]
[01:03:08.99] /i de::zoom -window [gi::getWindows 13] -factor 2.0 -center {6.34375 0.25}
[01:03:08.99] /o {2.175 -0.54375} {8.09375 2.71875}
[01:03:11.17] /# gi::executeAction deCanvasZoomOutAtPoint -in [gi::getWindows 13]
[01:03:11.17] /i de::zoom -window [gi::getWindows 13] -factor 0.5 -center {5.7625 0.9375}
[01:03:11.17] /o {-1.41875 -2.025} {10.425 4.5}
[01:03:11.94] /i gi::executeAction deCanvasDragSelect -in [gi::getWindows 13]
[01:03:11.94] /r deCanvasDragStart -0.59375 3.05625
[01:03:12.33] /# gi::executeAction deCanvasDragEnd -in [gi::getWindows 13]
[01:03:12.33] /i gi::executeAction deCanvasDragEnd -in [gi::getWindows 13]
[01:03:12.33] /r deCanvasDragEnd 11.025 -0.94375
[01:03:13.68] /# gi::executeAction seStretch -in [gi::getWindows 13]
[01:03:13.68] /i ise::stretch
[01:03:13.85] /# gi::executeAction deAddPoint -in [gi::getWindows 13]
[01:03:13.85] /i de::addPoint {7.56875 2.05} -context [db::getNext [de::getContexts -window 13]]
[01:03:14.48] /# gi::executeAction deAddPoint -in [gi::getWindows 13]
[01:03:14.48] /i de::addPoint {7.58125 2.69375} -context [db::getNext [de::getContexts -window 13]]
[01:03:14.70] /i gi::executeAction deCanvasDragCancel -in [gi::getWindows 13]
[01:03:17.36] /# gi::executeAction deSelectActive -in [gi::getWindows 13]
[01:03:17.36] /i de::deselectAll [db::getNext [de::getContexts -window 13]]
[01:03:17.36] /i de::deselectAllLogic -context [db::getNext [de::getContexts -window 13]]
[01:03:19.73] /i gi::executeAction deSaveDesign -in [gi::getWindows 13]
[01:03:19.73] /m Information: Saving design 'project_d_ff D_latch schematic'. (DESIGN_WINDOW-004)
[01:03:54.67] /i gi::setActiveWindow 2
[01:03:54.67] /i gi::setActiveWindow 2 -raise true
[01:03:58.95] /i gi::executeAction dmShowRenameCellCategory -in [gi::getWindows 2]
[01:03:59.00] /i gi::setActiveDialog [gi::getDialogs {dmRenameCellCategory} -parent [gi::getWindows 2]]
[01:03:59.28] /i db::setAttr geometry -of [gi::getDialogs {dmRenameCellCategory} -parent [gi::getWindows 2]] -value 340x130+780+490
[01:04:01.20] /i gi::setField {newName} -value {D_FF} -in [gi::getDialogs {dmRenameCellCategory} -parent [gi::getWindows 2]]
[01:04:01.20] /i gi::pressButton {rename} -in [gi::getDialogs {dmRenameCellCategory} -parent [gi::getWindows 2]]
[01:04:01.20] /# dm::renameCellCategory [db::getNext [dm::getCellCategories -libName project\_d\_ff -filter "%name == \"D\_Latch\""]] -name D\_FF
[01:04:01.20] /i gi::setCurrentIndex {cellCategories} -index {All} -in [gi::getWindows 2]
[01:04:01.21] /i gi::setItemSelection {cellCategories} -index {} -in [gi::getWindows 2]
[01:04:02.42] /i gi::setCurrentIndex {cellCategories} -index {D_FF} -in [gi::getWindows 2]
[01:04:02.42] /i gi::setItemSelection {cellCategories} -index {D_FF} -in [gi::getWindows 2]
[01:04:04.01] /i gi::setCurrentIndex {cells} -index {D_latch} -in [gi::getWindows 2]
[01:04:04.01] /# gi::executeAction dmShowNewCell -in [gi::getWindows 2]
[01:04:04.01] /i dm::showNewCell -parent 2
[01:04:04.03] /o oa:0x1f6c9e90
[01:04:04.06] /i gi::setActiveDialog [gi::getDialogs {dmNewCell} -parent [gi::getWindows 2]]
[01:04:04.31] /i db::setAttr geometry -of [gi::getDialogs {dmNewCell} -parent [gi::getWindows 2]] -value 448x227+725+417
[01:04:06.52] /i gi::setField {cellName} -value {D_FF} -in [gi::getDialogs {dmNewCell} -parent [gi::getWindows 2]]
[01:04:06.52] /i gi::pressButton {ok} -in [gi::getDialogs {dmNewCell} -parent [gi::getWindows 2]]
[01:04:06.52] /# dm::createCell D\_FF -lib [ oa::LibFind [oa::ScalarName [oa::CdbaNS] project\_d\_ff]]
[01:04:06.52] /# dm::addToCellCategory [db::getNext [dm::getCellCategories -libName project\_d\_ff -filter "%name == \"D\_FF\""]] -cell [dm::findCell D\_FF -libName project\_d\_ff]
[01:04:06.53] /# gi::setItemSelection {cells} -index {D_FF} -in [gi::getDialogs {dmNewCell} -parent [gi::getWindows 2]]
[01:04:07.70] /i gi::sortItems {cells} -column {Cells} -order {descending} -in [gi::getWindows 2]
[01:04:07.95] /i gi::setItemSelection {cells} -index {D_latch} -in [gi::getWindows 2]
[01:04:08.60] /i gi::setCurrentIndex {cells} -index {D_FF} -in [gi::getWindows 2]
[01:04:08.60] /i gi::setItemSelection {cells} -index {D_FF} -in [gi::getWindows 2]
[01:04:09.81] /# gi::executeAction dmShowNewCellView -in [gi::getWindows 2]
[01:04:09.81] /i dm::showNewCellView -parent 2
[01:04:09.82] /o oa:0x1dd45d40
[01:04:09.86] /i gi::setActiveDialog [gi::getDialogs {dmNewCellView} -parent [gi::getWindows 2]]
[01:04:10.11] /i db::setAttr geometry -of [gi::getDialogs {dmNewCellView} -parent [gi::getWindows 2]] -value 588x285+655+388
[01:04:13.34] /i gi::setField {cellViewName} -value {schematic} -in [gi::getDialogs {dmNewCellView} -parent [gi::getWindows 2]]
[01:04:13.93] /i gi::pressButton {apply} -in [gi::getDialogs {dmNewCellView} -parent [gi::getWindows 2]]
[01:04:13.94] /# db::getAttr viewType -of [dm::findCellView schematic -cell [dm::findCell D\_FF -lib [oa::LibFind [oa::ScalarName [oa::CdbaNS] project\_d\_ff]]]]
[01:04:13.94] /# dm::createCellView schematic -cell [dm::findCell D\_FF -lib [ oa::LibFind [oa::ScalarName [oa::CdbaNS] project\_d\_ff]]] -viewType schematic
[01:04:13.94] /# dm::addToCellCategory [db::getNext [dm::getCellCategories -libName project\_d\_ff -filter "%name == \"D\_FF\""]] -cell [dm::findCell D\_FF -libName project\_d\_ff]
[01:04:13.95] /# de::open [dm::findCellView schematic -cell [dm::findCell D\_FF -lib [oa::LibFind [oa::ScalarName [oa::CdbaNS] project\_d\_ff]]]] -application seSchematic
[01:04:13.97] /r giWindowId 14
[01:04:13.97] /r giWindowGeometry 1632x1020
[01:04:14.12] /m Information: 
[01:04:14.12] /o Checking "project_d_ff/D_FF/schematic"
[01:04:14.12] /o No rule violations found in "project_d_ff/D_FF/schematic"
[01:04:14.12] /m Information: Checking process is completed: marking the design violations
[01:04:14.12] /m Information: Marking of designs is completed
[01:04:15.20] /i gi::closeWindows [gi::getDialogs {dmNewCellView} -parent [gi::getWindows 2]]
[01:04:15.97] /i gi::setActiveWindow 2
[01:04:15.97] /i gi::setActiveWindow 2 -raise true
[01:04:16.82] /i gi::setCurrentIndex {cells} -index {D_latch} -in [gi::getWindows 2]
[01:04:16.82] /i gi::setItemSelection {cells} -index {D_latch} -in [gi::getWindows 2]
[01:04:17.55] /i gi::setCurrentIndex {views} -index {schematic} -in [gi::getWindows 2]
[01:04:17.55] /i gi::setItemSelection {views} -index {schematic} -in [gi::getWindows 2]
[01:04:17.70] /i gi::executeAction dmOpen -in [gi::getWindows 2]
[01:04:17.71] /r giWindowId 15
[01:04:17.72] /r giWindowGeometry 1632x1020
[01:04:17.88] /m Information: 
[01:04:17.88] /o Checking "project_d_ff/D_latch/schematic"
[01:04:17.88] /o No rule violations found in "project_d_ff/D_latch/schematic"
[01:04:17.88] /m Information: Checking process is completed: marking the design violations
[01:04:17.88] /m Information: Marking of designs is completed
[01:04:19.71] /# gi::executeAction seSchCheckAndSave -in [gi::getWindows 15]
[01:04:19.71] /i ise::check
[01:04:19.72] /m Information: 
[01:04:19.72] /o Checking "project_d_ff/D_latch/schematic"
[01:04:19.72] /o 	[warning] Shorted Output Pins
[01:04:19.72] /o 		Output pin 'out' on instance 'I1' is shorted to the following output pin(s): 'out' on instance 'I4'
[01:04:19.72] /o 		Output pin 'out' on instance 'I4' is shorted to the following output pin(s): 'out' on instance 'I1'
[01:04:19.72] /o 0 Error(s),2 Warning(s),0 Message(s) found   in "project_d_ff/D_latch/schematic"
[01:04:19.72] /m Information: Checking process is completed: marking the design violations
[01:04:19.78] /m Information: Marking of designs is completed
[01:04:19.78] /o true
[01:04:29.35] /# gi::executeAction deCanvasZoomInAtPoint -in [gi::getWindows 15]
[01:04:29.35] /i de::zoom -window [gi::getWindows 15] -factor 2.0 -center {5.4375 0.625}
[01:04:29.35] /o {2.56875 -0.2} {7.61875 2.575}
[01:04:29.59] /# gi::executeAction deCanvasZoomInAtPoint -in [gi::getWindows 15]
[01:04:29.59] /i de::zoom -window [gi::getWindows 15] -factor 2.0 -center {5.48125 0.625}
[01:04:29.59] /o {4.025 0.2125} {6.55 1.6}
[01:04:31.01] /# gi::executeAction deFitEdit -in [gi::getWindows 15]
[01:04:31.01] /i de::fit -window 15 -fitEdit true
[01:04:31.01] /o {-0.3 -1.03125} {9.8 4.53125}
[01:04:31.64] /i gi::executeAction deCanvasDragCancel -in [gi::getWindows 15]
[01:04:32.04] /# gi::executeAction deCanvasZoomInAtPoint -in [gi::getWindows 15]
[01:04:32.04] /i de::zoom -window [gi::getWindows 15] -factor 2.0 -center {5.56875 0.5875}
[01:04:32.04] /o {2.6375 -0.21875} {7.68125 2.55625}
[01:04:32.10] /# gi::executeAction deCanvasZoomInAtPoint -in [gi::getWindows 15]
[01:04:32.10] /i de::zoom -window [gi::getWindows 15] -factor 2.0 -center {5.58125 0.59375}
[01:04:32.10] /o {4.10625 0.1875} {6.63125 1.575}
[01:04:32.17] /# gi::executeAction deCanvasZoomInAtPoint -in [gi::getWindows 15]
[01:04:32.17] /i de::zoom -window [gi::getWindows 15] -factor 2.0 -center {5.5875 0.6}
[01:04:32.17] /o {4.85 0.39375} {6.1125 1.0875}
[01:04:32.81] /# gi::executeAction deCanvasZoomOutAtPoint -in [gi::getWindows 15]
[01:04:32.81] /i de::zoom -window [gi::getWindows 15] -factor 0.5 -center {5.65 0.7875}
[01:04:32.81] /o {4.04375 0.0} {6.56875 1.3875}
[01:04:32.87] /# gi::executeAction deCanvasZoomOutAtPoint -in [gi::getWindows 15]
[01:04:32.87] /i de::zoom -window [gi::getWindows 15] -factor 0.5 -center {5.65 0.79375}
[01:04:32.87] /o {2.44375 -0.79375} {7.4875 1.98125}
[01:04:33.00] /# gi::executeAction deCanvasZoomOutAtPoint -in [gi::getWindows 15]
[01:04:33.00] /i de::zoom -window [gi::getWindows 15] -factor 0.5 -center {5.76875 0.825}
[01:04:33.00] /o {-0.8875 -2.41875} {9.2125 3.14375}
[01:04:33.82] /# gi::executeAction seButton1DragStart -in [gi::getWindows 15]
[01:04:33.82] /i ise::stretch -object [de::getActiveFigure [gi::getWindows 15] -point {6.25625 1.025} -index 0 -intent none] -point {6.25 1}
[01:04:38.34] /# gi::executeAction deEndDrag -in [gi::getWindows 15]
[01:04:38.34] /i de::endDrag {7.45 1.0875} -context [db::getNext [de::getContexts -window 15]]
[01:04:39.00] /# gi::executeAction deSelectActive -in [gi::getWindows 15]
[01:04:39.00] /i de::deselectAllLogic -context [db::getNext [de::getContexts -window 15]]
[01:04:42.57] /i gi::executeAction deSaveDesign -in [gi::getWindows 15]
[01:04:42.57] /m Information: Saving design 'project_d_ff D_latch schematic'. (DESIGN_WINDOW-004)
[01:04:45.04] /i gi::executeAction deCanvasDragSelect -in [gi::getWindows 15]
[01:04:45.04] /r deCanvasDragStart 2.96875 -2.40625
[01:04:45.82] /# gi::executeAction deCanvasDragEnd -in [gi::getWindows 15]
[01:04:45.82] /i gi::executeAction deCanvasDragEnd -in [gi::getWindows 15]
[01:04:45.82] /r deCanvasDragEnd 3.325 -1.20625
[01:04:46.16] /# gi::executeAction deFitEdit -in [gi::getWindows 15]
[01:04:46.16] /i de::fit -window 15 -fitEdit true
[01:04:46.16] /o {-0.3 -1.0} {9.8 4.5625}
[01:04:48.50] /i db::setAttr dockSize -of [gi::getAssistants dePropertyEditor -from [gi::getWindows 15]] -value 290x559
[01:04:48.50] /i db::setAttr dockSize -of [gi::getAssistants giConsole -from [gi::getWindows 15]] -value 1867x395
[01:04:51.95] /# gi::executeAction deCanvasZoomOutAtPoint -in [gi::getWindows 15]
[01:04:51.95] /i de::zoom -window [gi::getWindows 15] -factor 0.5 -center {6.975 2.3}
[01:04:51.95] /o {-7.575 -0.3625} {12.625 6.825}
[01:04:52.38] /# gi::executeAction deFitEdit -in [gi::getWindows 15]
[01:04:52.38] /i de::fit -window 15 -fitEdit true
[01:04:52.38] /o {-0.3 -0.0125} {9.8 3.575}
[01:05:37.09] /i gi::setActiveDialog [gi::getDialogs {dbCellViewFromCellView}]
[01:06:03.47] /i gi::closeWindows [gi::getDialogs {dbCellViewFromCellView}]
[01:06:04.93] /# gi::executeAction deSelectActive -in [gi::getWindows 15]
[01:06:04.93] /i de::deselectAll [db::getNext [de::getContexts -window 15]]
[01:06:04.93] /i de::select [de::getActiveFigure [gi::getWindows 15] -point {5.33125 2.6} -index 0 -intent none]
[01:06:04.93] /o oa:0x20fe31f0
[01:06:05.12] /# gi::executeAction deDescend -in [gi::getWindows 15]
[01:06:05.12] /i ide::descend 15 -inPlace false -promptView false -readOnly auto
[01:06:05.13] /# Navigating to project_d_ff/inv_store/schematic (I3)
[01:06:05.17] /o true
[01:06:07.06] /# gi::executeAction deCanvasZoomInAtPoint -in [gi::getWindows 15]
[01:06:07.06] /i de::zoom -window [gi::getWindows 15] -factor 2.0 -center {2.2125 1.0375}
[01:06:07.06] /o {-0.51875 0.6375} {5.04375 2.61875}
[01:06:07.25] /# gi::executeAction deCanvasZoomInAtPoint -in [gi::getWindows 15]
[01:06:07.25] /i de::zoom -window [gi::getWindows 15] -factor 2.0 -center {2.1375 1.01875}
[01:06:07.25] /o {0.8125 0.83125} {3.5875 1.81875}
[01:06:11.91] /# gi::executeAction seSchCheckAndSave -in [gi::getWindows 15]
[01:06:11.91] /i ise::check
[01:06:11.92] /m Information: 
              /c Cross view checking for project_d_ff/inv_store/symbol with project_d_ff/inv_store/schematic
              /c No violations found. (DE_EDIT-007)
[01:06:11.92] /m Information: 
[01:06:11.92] /o Checking "project_d_ff/inv_store/schematic"
[01:06:11.92] /o No rule violations found in "project_d_ff/inv_store/schematic"
[01:06:11.92] /m Information: Checking process is completed: marking the design violations
[01:06:11.93] /m Information: Marking of designs is completed
[01:06:11.93] /o true
[01:06:13.97] /i gi::executeAction deSaveDesign -in [gi::getWindows 15]
[01:06:13.97] /m Information: Saving design 'project_d_ff inv_store schematic'. (DESIGN_WINDOW-004)
[01:06:20.24] /# gi::executeAction deCanvasZoomOutAtPoint -in [gi::getWindows 15]
[01:06:20.24] /i de::zoom -window [gi::getWindows 15] -factor 0.5 -center {2.65625 1.525}
[01:06:20.24] /o {-1.0375 0.13125} {4.525 2.1125}
[01:06:20.28] /# gi::executeAction deCanvasZoomOutAtPoint -in [gi::getWindows 15]
[01:06:20.28] /i de::zoom -window [gi::getWindows 15] -factor 0.5 -center {2.65 1.51875}
[01:06:20.28] /o {-4.725 -1.25625} {6.4 2.70625}
[01:06:20.35] /# gi::executeAction deCanvasZoomOutAtPoint -in [gi::getWindows 15]
[01:06:20.35] /i de::zoom -window [gi::getWindows 15] -factor 0.5 -center {2.65625 1.51875}
[01:06:20.35] /o {-12.10625 -4.025} {10.14375 3.8875}
[01:06:21.18] /# gi::executeAction deFitEdit -in [gi::getWindows 15]
[01:06:21.18] /i de::fit -window 15 -fitEdit true
[01:06:21.18] /o {-3.25 0.2375} {7.875 4.2}
[01:06:22.30] /i gi::executeAction giCloseWindow -in [gi::getWindows 15]
[01:06:22.32] /i gi::setActiveWindow 2
[01:06:22.32] /i gi::setActiveWindow 2 -raise true
[01:06:24.05] /i gi::setActiveWindow 13
[01:06:24.05] /i gi::setActiveWindow 13 -raise true
[01:06:25.13] /# gi::executeAction deSelectActive -in [gi::getWindows 13]
[01:06:25.13] /i de::deselectAll [db::getNext [de::getContexts -window 13]]
[01:06:25.13] /i de::deselectAllLogic -context [db::getNext [de::getContexts -window 13]]
[01:06:25.74] /# gi::executeAction deSelectActive -in [gi::getWindows 13]
[01:06:25.74] /i de::deselectAll [db::getNext [de::getContexts -window 13]]
[01:06:25.74] /i de::select [de::getActiveFigure [gi::getWindows 13] -point {7.76875 1.1} -index 0 -intent none]
[01:06:25.74] /o oa:0x2090e010
[01:06:26.13] /# gi::executeAction deSelectActive -in [gi::getWindows 13]
[01:06:26.13] /i de::cycleActiveFigure [gi::getWindows 13] -direction next
[01:06:26.13] /o oa:0x1d1e9420
[01:06:26.24] /# gi::executeAction deDescend -in [gi::getWindows 13]
[01:06:26.24] /i ide::descend 13 -inPlace false -promptView false -readOnly auto
[01:06:26.25] /# Navigating to project_d_ff/TG_out/schematic (I4)
[01:06:26.29] /o true
[01:06:28.73] /# gi::executeAction deSelectActive -in [gi::getWindows 13]
[01:06:28.73] /i de::deselectAll [db::getNext [de::getContexts -window 13]]
[01:06:28.73] /i de::select [de::getActiveFigure [gi::getWindows 13] -point {4.69375 1.1375} -index 0 -intent none]
[01:06:28.73] /o oa:0x20fbec60
[01:06:33.38] /i gi::executeAction deCanvasDragCancel -in [gi::getWindows 13]
[01:06:33.81] /# gi::executeAction deSelectActive -in [gi::getWindows 13]
[01:06:33.81] /i de::cycleActiveFigure [gi::getWindows 13] -direction next
[01:06:33.81] /o oa:0x20107590
[01:06:33.81] /i de::deselectAll [db::getNext [de::getContexts -window 13]]
[01:06:33.81] /i de::select [de::getActiveFigure [gi::getWindows 13] -point {4.675 1.18125} -index 1 -intent none]
[01:06:33.81] /o oa:0x1e03b150
[01:06:33.97] /i gi::executeAction sePropertyEditorToggle -in [gi::getWindows 13]
[01:06:33.97] /# db::setAttr shown -of [gi::getAssistants dePropertyEditor -from [gi::getWindows 13]] -value false
[01:06:34.42] /# gi::executeAction deSelectActive -in [gi::getWindows 13]
[01:06:34.42] /i de::cycleActiveFigure [gi::getWindows 13] -direction next
[01:06:34.42] /o oa:0x208f81b0
[01:06:34.42] /i de::deselectAll [db::getNext [de::getContexts -window 13]]
[01:06:34.42] /i de::select [de::getActiveFigure [gi::getWindows 13] -point {4.675 1.18125} -index 2 -intent none]
[01:06:34.42] /o oa:0x1f4f2f70
[01:06:35.11] /i gi::executeAction deCanvasDragCancel -in [gi::getWindows 13]
[01:06:35.67] /# gi::executeAction deSelectActive -in [gi::getWindows 13]
[01:06:35.67] /i de::deselectAll [db::getNext [de::getContexts -window 13]]
[01:06:35.67] /i de::deselectAllLogic -context [db::getNext [de::getContexts -window 13]]
[01:06:35.73] /i gi::executeAction deCanvasDragCancel -in [gi::getWindows 13]
[01:06:36.46] /# gi::executeAction deSelectActive -in [gi::getWindows 13]
[01:06:36.46] /i de::deselectAll [db::getNext [de::getContexts -window 13]]
[01:06:36.46] /i de::select [de::getActiveFigure [gi::getWindows 13] -point {4.70625 1.15} -index 0 -intent none]
[01:06:36.46] /o oa:0x2096e080
[01:06:36.78] /i gi::executeAction sePropertyEditorToggle -in [gi::getWindows 13]
[01:06:36.78] /# db::setAttr shown -of [gi::getAssistants dePropertyEditor -from [gi::getWindows 13]] -value true
[01:06:37.82] /i gi::setItemSelection {attributes} -index {accessDir,all} -in [gi::getAssistants dePropertyEditor -from [gi::getWindows 13]]
[01:06:37.82] /i gi::setCurrentIndex {attributes} -index {accessDir,Value} -in [gi::getAssistants dePropertyEditor -from [gi::getWindows 13]]
[01:06:39.91] /i gi::setField {attributes} -value {inputOutput} -index {accessDir,Value} -in [gi::getAssistants dePropertyEditor -from [gi::getWindows 13]]
[01:06:40.33] /# gi::executeAction deSelectActive -in [gi::getWindows 13]
[01:06:40.33] /i de::deselectAll [db::getNext [de::getContexts -window 13]]
[01:06:40.38] /r giDialog gi::setActiveDialog [gi::getDialogs {dbSelectionChange} -parent [gi::getWindows 13]]
[01:06:40.67] /r giDialog db::setAttr geometry -of [gi::getDialogs {dbSelectionChange} -parent [gi::getWindows 13]] -value 432x82+744+573
[01:06:41.61] /r giDialog gi::pressButton {apply} -in [gi::getDialogs {dbSelectionChange} -parent [gi::getWindows 13]]
[01:06:41.64] /i de::deselectAllLogic -context [db::getNext [de::getContexts -window 13]]
[01:07:01.39] /# gi::executeAction deSelectActive -in [gi::getWindows 13]
[01:07:01.39] /i de::deselectAll [db::getNext [de::getContexts -window 13]]
[01:07:01.39] /i de::select [de::getActiveFigure [gi::getWindows 13] -point {2.16875 1.16875} -index 0 -intent none]
[01:07:01.39] /o oa:0x20e60150
[01:07:01.65] /i gi::executeAction sePropertyEditorToggle -in [gi::getWindows 13]
[01:07:01.65] /# db::setAttr shown -of [gi::getAssistants dePropertyEditor -from [gi::getWindows 13]] -value false
[01:07:01.97] /i gi::executeAction sePropertyEditorToggle -in [gi::getWindows 13]
[01:07:01.97] /# db::setAttr shown -of [gi::getAssistants dePropertyEditor -from [gi::getWindows 13]] -value true
[01:07:03.17] /i gi::setItemSelection {attributes} -index {accessDir,all} -in [gi::getAssistants dePropertyEditor -from [gi::getWindows 13]]
[01:07:03.17] /i gi::setCurrentIndex {attributes} -index {accessDir,Value} -in [gi::getAssistants dePropertyEditor -from [gi::getWindows 13]]
[01:07:04.87] /i gi::setField {attributes} -value {inputOutput} -index {accessDir,Value} -in [gi::getAssistants dePropertyEditor -from [gi::getWindows 13]]
[01:07:05.83] /# gi::executeAction deSelectActive -in [gi::getWindows 13]
[01:07:05.83] /i de::deselectAll [db::getNext [de::getContexts -window 13]]
[01:07:05.88] /r giDialog gi::setActiveDialog [gi::getDialogs {dbSelectionChange} -parent [gi::getWindows 13]]
[01:07:06.21] /r giDialog db::setAttr geometry -of [gi::getDialogs {dbSelectionChange} -parent [gi::getWindows 13]] -value 432x82+744+573
[01:07:06.81] /r giDialog gi::pressButton {apply} -in [gi::getDialogs {dbSelectionChange} -parent [gi::getWindows 13]]
[01:07:06.82] /i de::deselectAllLogic -context [db::getNext [de::getContexts -window 13]]
[01:07:07.81] /i gi::setActiveWindow 11
[01:07:07.82] /i gi::setActiveWindow 11 -raise true
[01:07:09.08] /i gi::setActiveWindow 13
[01:07:09.08] /i gi::setActiveWindow 13 -raise true
[01:07:09.65] /i gi::executeAction giCloseWindow -in [gi::getWindows 13]
[01:07:09.71] /r giDialog gi::setActiveDialog [gi::getDialogs {deCloseDesign} -parent [gi::getWindows 13]]
[01:07:10.00] /r giDialog db::setAttr geometry -of [gi::getDialogs {deCloseDesign} -parent [gi::getWindows 13]] -value 472x82+724+573
[01:07:11.03] /r giDialog gi::pressButton {save} -in [gi::getDialogs {deCloseDesign} -parent [gi::getWindows 13]]
[01:07:11.03] /m Information: Saving design 'project_d_ff TG_out schematic'. (DESIGN_WINDOW-004)
[01:07:11.08] /i gi::setActiveWindow 11
[01:07:11.08] /i gi::setActiveWindow 11 -raise true
[01:07:12.99] /i gi::executeAction giCloseWindow -in [gi::getWindows 11]
[01:07:13.01] /i gi::setActiveWindow 8
[01:07:13.01] /i gi::setActiveWindow 8 -raise true
[01:07:14.36] /i gi::executeAction giCloseWindow -in [gi::getWindows 8]
[01:07:14.37] /i gi::setActiveWindow 2
[01:07:14.37] /i gi::setActiveWindow 2 -raise true
[01:07:15.18] /i gi::setActiveWindow 14
[01:07:15.18] /i gi::setActiveWindow 14 -raise true
[01:07:16.90] /i gi::setActiveWindow 2
[01:07:16.91] /i gi::setActiveWindow 2 -raise true
[01:07:19.11] /i gi::executeAction dmOpen -in [gi::getWindows 2]
[01:07:19.14] /r giWindowId 16
[01:07:19.14] /r giWindowGeometry 1632x1020
[01:07:19.26] /m Information: 
[01:07:19.26] /o Checking "project_d_ff/D_latch/schematic"
[01:07:19.26] /o No rule violations found in "project_d_ff/D_latch/schematic"
[01:07:19.26] /m Information: Checking process is completed: marking the design violations
[01:07:19.26] /m Information: Marking of designs is completed
[01:07:20.58] /# gi::executeAction deSelectActive -in [gi::getWindows 16]
[01:07:20.58] /i de::deselectAll [db::getNext [de::getContexts -window 16]]
[01:07:20.58] /i de::select [de::getActiveFigure [gi::getWindows 16] -point {5.49375 2.475} -index 0 -intent none]
[01:07:20.58] /o oa:0x20f91160
[01:07:21.51] /# gi::executeAction deSelectActive -in [gi::getWindows 16]
[01:07:21.51] /i de::deselectAll [db::getNext [de::getContexts -window 16]]
[01:07:21.51] /i de::select [de::getActiveFigure [gi::getWindows 16] -point {1.7875 2.61875} -index 0 -intent none]
[01:07:21.51] /o oa:0x20f560a0
[01:07:22.29] /# gi::executeAction deSelectActive -in [gi::getWindows 16]
[01:07:22.29] /i de::cycleActiveFigure [gi::getWindows 16] -direction next
[01:07:22.29] /o oa:0x1e306120
[01:07:22.66] /# gi::executeAction deSelectActive -in [gi::getWindows 16]
[01:07:22.66] /i de::cycleActiveFigure [gi::getWindows 16] -direction next
[01:07:22.66] /o oa:0x1cea9a00
[01:07:22.81] /# gi::executeAction deDescend -in [gi::getWindows 16]
[01:07:22.81] /i ide::descend 16 -inPlace false -promptView false -readOnly auto
[01:07:22.81] /# Navigating to project_d_ff/TG_in/schematic (I1)
[01:07:22.84] /o true
[01:07:24.25] /# gi::executeAction deSelectActive -in [gi::getWindows 16]
[01:07:24.25] /i de::deselectAll [db::getNext [de::getContexts -window 16]]
[01:07:24.25] /i de::select [de::getActiveFigure [gi::getWindows 16] -point {4.70625 1.19375} -index 0 -intent none]
[01:07:24.25] /o oa:0x1e186760
[01:07:26.04] /i gi::setItemSelection {attributes} -index {accessDir,all} -in [gi::getAssistants dePropertyEditor -from [gi::getWindows 16]]
[01:07:26.04] /i gi::setCurrentIndex {attributes} -index {accessDir,Value} -in [gi::getAssistants dePropertyEditor -from [gi::getWindows 16]]
[01:07:27.28] /i gi::setField {attributes} -value {inputOutput} -index {accessDir,Value} -in [gi::getAssistants dePropertyEditor -from [gi::getWindows 16]]
[01:07:28.44] /# gi::executeAction deSelectActive -in [gi::getWindows 16]
[01:07:28.44] /i de::cycleActiveFigure [gi::getWindows 16] -direction next
[01:07:28.44] /o oa:0x1e5ddd20
[01:07:29.18] /# gi::executeAction deSelectActive -in [gi::getWindows 16]
[01:07:29.19] /i de::cycleActiveFigure [gi::getWindows 16] -direction next
[01:07:29.19] /o oa:0x1e5de650
[01:07:30.37] /# gi::executeAction deSelectActive -in [gi::getWindows 16]
[01:07:30.37] /i de::deselectAll [db::getNext [de::getContexts -window 16]]
[01:07:30.42] /r giDialog gi::setActiveDialog [gi::getDialogs {dbSelectionChange} -parent [gi::getWindows 16]]
[01:07:30.70] /r giDialog db::setAttr geometry -of [gi::getDialogs {dbSelectionChange} -parent [gi::getWindows 16]] -value 432x82+744+573
[01:07:31.47] /r giDialog gi::pressButton {apply} -in [gi::getDialogs {dbSelectionChange} -parent [gi::getWindows 16]]
[01:07:31.50] /i de::deselectAllLogic -context [db::getNext [de::getContexts -window 16]]
[01:07:32.37] /# gi::executeAction deSelectActive -in [gi::getWindows 16]
[01:07:32.37] /i de::deselectAll [db::getNext [de::getContexts -window 16]]
[01:07:32.38] /i de::select [de::getActiveFigure [gi::getWindows 16] -point {2.15625 1.18125} -index 0 -intent none]
[01:07:32.38] /o oa:0x1dc3da30
[01:07:33.04] /i gi::setItemSelection {attributes} -index {accessDir,all} -in [gi::getAssistants dePropertyEditor -from [gi::getWindows 16]]
[01:07:33.04] /i gi::setCurrentIndex {attributes} -index {accessDir,Value} -in [gi::getAssistants dePropertyEditor -from [gi::getWindows 16]]
[01:07:34.11] /i gi::setField {attributes} -value {inputOutput} -index {accessDir,Value} -in [gi::getAssistants dePropertyEditor -from [gi::getWindows 16]]
[01:07:35.17] /# gi::executeAction deSelectActive -in [gi::getWindows 16]
[01:07:35.17] /i de::cycleActiveFigure [gi::getWindows 16] -direction next
[01:07:35.17] /o oa:0x209b5f20
[01:07:35.17] /i de::deselectAll [db::getNext [de::getContexts -window 16]]
[01:07:35.17] /i de::select [de::getActiveFigure [gi::getWindows 16] -point {2.19375 1.16875} -index 1 -intent none]
[01:07:35.17] /o oa:0x1e2f4410
[01:07:35.22] /r giDialog gi::setActiveDialog [gi::getDialogs {dbSelectionChange} -parent [gi::getWindows 16]]
[01:07:35.50] /r giDialog db::setAttr geometry -of [gi::getDialogs {dbSelectionChange} -parent [gi::getWindows 16]] -value 432x82+744+573
[01:07:36.00] /r giDialog gi::pressButton {apply} -in [gi::getDialogs {dbSelectionChange} -parent [gi::getWindows 16]]
[01:07:37.96] /# gi::executeAction seSchCheckAndSave -in [gi::getWindows 16]
[01:07:37.96] /i ise::check
[01:07:37.96] /m Information: 
              /c Cross view checking for project_d_ff/TG_in/symbol with project_d_ff/TG_in/schematic
              /c 	[error] Terminal Type Mismatch
              /c 		Terminal in is type inputOutput in schematic and type input in symbol
              /c 	[error] Terminal Type Mismatch
              /c 		Terminal out is type inputOutput in schematic and type output in symbol (DE_EDIT-007)
[01:07:37.96] /m Information: 
[01:07:37.96] /o Checking "project_d_ff/TG_in/schematic"
[01:07:37.96] /o 2 Error(s),0 Warning(s),0 Message(s) found   in "project_d_ff/TG_in/schematic"
[01:07:37.96] /m Information: Checking process is completed: marking the design violations
[01:07:37.96] /m Information: Marking of designs is completed
[01:07:37.96] /# db::setAttr shown -of [ gi::getAssistants deMarkerBrowser -from [ gi::getWindows 16 ]] -value true
[01:07:38.02] /r giDialog gi::setActiveDialog [gi::getDialogs {seSchCheckSaveDesign} -parent [gi::getWindows 16]]
[01:07:38.29] /# db::setAttr dockSize -of [gi::getAssistants dePropertyEditor -from [gi::getWindows 16]] -value 290x839
[01:07:38.32] /# db::setAttr dockSize -of [gi::getAssistants deMarkerBrowser -from [gi::getWindows 16]] -value 290x839
[01:07:38.32] /r giDialog db::setAttr geometry -of [gi::getDialogs {seSchCheckSaveDesign} -parent [gi::getWindows 16]] -value 259x82+831+573
[01:07:39.91] /r giDialog gi::pressButton {save} -in [gi::getDialogs {seSchCheckSaveDesign} -parent [gi::getWindows 16]]
[01:07:44.60] /i db::setAttr dockSize -of [gi::getAssistants deMarkerBrowser -from [gi::getWindows 16]] -value 290x578
[01:07:44.60] /i db::setAttr dockSize -of [gi::getAssistants giConsole -from [gi::getWindows 16]] -value 1867x350
[01:08:03.09] /# gi::executeAction deCanvasZoomOutAtPoint -in [gi::getWindows 16]
[01:08:03.09] /i de::zoom -window [gi::getWindows 16] -factor 0.5 -center {2.90625 1.525}
[01:08:03.09] /o {-3.21875 -0.28125} {11.15625 5.24375}
[01:08:03.69] /# gi::executeAction deCanvasZoomInAtPoint -in [gi::getWindows 16]
[01:08:03.69] /i de::zoom -window [gi::getWindows 16] -factor 2.0 -center {2.99375 0.3125}
[01:08:03.69] /o {-0.1125 0.0125} {7.075 2.78125}
[01:08:22.63] /i gi::executeAction deCanvasDragCancel -in [gi::getWindows 16]
[01:08:23.01] /# gi::executeAction deSelectActive -in [gi::getWindows 16]
[01:08:23.01] /i de::deselectAll [db::getNext [de::getContexts -window 16]]
[01:08:23.01] /i de::select [de::getActiveFigure [gi::getWindows 16] -point {2.21875 1.175} -index 0 -intent none]
[01:08:23.01] /o oa:0x1e3ef0d0
[01:08:23.68] /i gi::executeAction deCanvasDragCancel -in [gi::getWindows 16]
[01:08:25.00] /i gi::executeAction sePropertyEditorToggle -in [gi::getWindows 16]
[01:08:25.00] /# db::setAttr shown -of [gi::getAssistants dePropertyEditor -from [gi::getWindows 16]] -value true
[01:08:25.32] /i db::setAttr dockSize -of [gi::getAssistants dePropertyEditor -from [gi::getWindows 16]] -value 290x578
[01:08:26.42] /i gi::setItemSelection {attributes} -index {name,all} -in [gi::getAssistants dePropertyEditor -from [gi::getWindows 16]]
[01:08:26.43] /i gi::setCurrentIndex {attributes} -index {name,Value} -in [gi::getAssistants dePropertyEditor -from [gi::getWindows 16]]
[01:08:27.27] /i gi::setField {attributes} -value {A} -index {name,Value} -in [gi::getAssistants dePropertyEditor -from [gi::getWindows 16]]
[01:08:27.27] /i gi::executeAction dePropertyEditorApplyChanges -in [gi::getAssistants dePropertyEditor -from [gi::getWindows 16]]
[01:08:28.71] /# gi::executeAction deSelectActive -in [gi::getWindows 16]
[01:08:28.71] /i de::deselectAll [db::getNext [de::getContexts -window 16]]
[01:08:28.71] /i de::select [de::getActiveFigure [gi::getWindows 16] -point {4.66875 1.125} -index 0 -intent none]
[01:08:28.71] /o oa:0x1f77d6b0
[01:08:29.70] /i gi::setItemSelection {attributes} -index {name,all} -in [gi::getAssistants dePropertyEditor -from [gi::getWindows 16]]
[01:08:29.71] /i gi::setCurrentIndex {attributes} -index {name,Value} -in [gi::getAssistants dePropertyEditor -from [gi::getWindows 16]]
[01:08:31.54] /i gi::setField {attributes} -value {B} -index {name,Value} -in [gi::getAssistants dePropertyEditor -from [gi::getWindows 16]]
[01:08:31.54] /i gi::executeAction dePropertyEditorApplyChanges -in [gi::getAssistants dePropertyEditor -from [gi::getWindows 16]]
[01:08:37.81] /i gi::executeAction deSaveDesign -in [gi::getWindows 16]
[01:08:37.82] /m Information: Saving design 'project_d_ff TG_in schematic'. (DESIGN_WINDOW-004)
[01:08:39.60] /# gi::executeAction seSchCheckAndSave -in [gi::getWindows 16]
[01:08:39.60] /i ise::check
[01:08:39.60] /m Information: 
              /c Cross view checking for project_d_ff/TG_in/symbol with project_d_ff/TG_in/schematic
              /c 	[error] Missing Terminal
              /c 		Terminal A found in schematic is missing in symbol
              /c 	[error] Missing Terminal
              /c 		Terminal B found in schematic is missing in symbol
              /c 	[error] Extra Terminal
              /c 		Extra terminal in found in symbol not found in schematic
              /c 	[error] Extra Terminal
              /c 		Extra terminal out found in symbol not found in schematic (DE_EDIT-007)
[01:08:39.60] /m Information: 
[01:08:39.60] /o Checking "project_d_ff/TG_in/schematic"
[01:08:39.61] /o 4 Error(s),0 Warning(s),0 Message(s) found   in "project_d_ff/TG_in/schematic"
[01:08:39.61] /m Information: Checking process is completed: marking the design violations
[01:08:39.61] /m Information: Marking of designs is completed
[01:08:39.66] /r giDialog gi::setActiveDialog [gi::getDialogs {seSchCheckSaveDesign} -parent [gi::getWindows 16]]
[01:08:39.93] /r giDialog db::setAttr geometry -of [gi::getDialogs {seSchCheckSaveDesign} -parent [gi::getWindows 16]] -value 259x82+831+573
[01:08:42.13] /r giDialog gi::pressButton {save} -in [gi::getDialogs {seSchCheckSaveDesign} -parent [gi::getWindows 16]]
[01:08:46.93] /# gi::executeAction deCellviewFromCellview -in [gi::getWindows 16]
[01:08:46.93] /i db::showCellViewFromCellView -src [db::getAttr container -of [db::getAttr editFile -of [db::getNext [de::getContexts -window 16]]]] 
[01:08:46.93] /o oa:0x2063a1c0
[01:08:46.97] /i gi::setActiveDialog [gi::getDialogs {dbCellViewFromCellView}]
[01:08:47.23] /i db::setAttr geometry -of [gi::getDialogs {dbCellViewFromCellView}] -value 628x339+636+409
[01:08:48.26] /i gi::pressButton {apply} -in [gi::getDialogs {dbCellViewFromCellView}]
[01:08:48.31] /r giDialog gi::setActiveDialog [gi::getDialogs {giPrompt}]
[01:08:48.58] /r giDialog db::setAttr geometry -of [gi::getDialogs {giPrompt}] -value 620x82+640+514
[01:08:49.37] /r giDialog gi::pressButton {update} -in [gi::getDialogs {giPrompt}]
[01:08:49.40] /r giWindowId 17
[01:08:49.41] /r giWindowGeometry 1632x1020
[01:08:49.51] /i gi::setActiveDialog [gi::getDialogs {dbCellViewFromCellView}]
[01:08:50.39] /# gi::executeAction deCanvasZoomOutAtPoint -in [gi::getWindows 17]
[01:08:50.39] /i de::zoom -window [gi::getWindows 17] -factor 0.5 -center {-0.59375 0.2}
[01:08:50.39] /o {-4.74375 -1.825} {2.93125 2.125}
[01:08:51.19] /# gi::executeAction deSelectActive -in [gi::getWindows 17]
[01:08:51.19] /i de::deselectAll [db::getNext [de::getContexts -window 17]]
[01:08:51.19] /i de::select [de::getActiveFigure [gi::getWindows 17] -point {-1.2375 -0.2875} -index 0 -intent none]
[01:08:51.19] /o oa:0x1f7d4640
[01:08:53.78] /i gi::executeAction deCanvasDragSelect -in [gi::getWindows 17]
[01:08:53.78] /r deCanvasDragStart -1.44375 -0.01875
[01:08:54.14] /# gi::executeAction deCanvasDragEnd -in [gi::getWindows 17]
[01:08:54.14] /i gi::executeAction deCanvasDragEnd -in [gi::getWindows 17]
[01:08:54.14] /r deCanvasDragEnd -1.275 -0.6125
[01:08:56.14] /# gi::executeAction seButton1DragStart -in [gi::getWindows 17]
[01:08:56.14] /i ise::stretch -point {-1.375 -0.1875}
[01:08:56.81] /# gi::executeAction deEndDrag -in [gi::getWindows 17]
[01:08:56.81] /i de::endDrag {-2.31875 0.75625} -context [db::getNext [de::getContexts -window 17]]
[01:08:58.09] /# gi::executeAction deSelectActive -in [gi::getWindows 17]
[01:08:58.09] /i de::deselectAll [db::getNext [de::getContexts -window 17]]
[01:08:58.09] /i de::deselectAllLogic -context [db::getNext [de::getContexts -window 17]]
[01:08:58.94] /# gi::executeAction seButton1DragStart -in [gi::getWindows 17]
[01:08:58.94] /i ise::stretch -object [de::getActiveFigure [gi::getWindows 17] -point {-2.3125 0.75625} -index 0 -intent none] -point {-2.3125 0.75}
[01:08:59.93] /# gi::executeAction deEndDrag -in [gi::getWindows 17]
[01:08:59.93] /i de::endDrag {-1.6625 0.575} -context [db::getNext [de::getContexts -window 17]]
[01:09:00.91] /# gi::executeAction deSelectActive -in [gi::getWindows 17]
[01:09:00.91] /i de::deselectAll [db::getNext [de::getContexts -window 17]]
[01:09:00.91] /i de::select [de::getActiveFigure [gi::getWindows 17] -point {-0.03125 0.83125} -index 0 -intent none]
[01:09:00.91] /o oa:0x1fcc00d0
[01:09:01.64] /# gi::executeAction seDelete -in [gi::getWindows 17]
[01:09:01.64] /i ise::delete
[01:09:01.87] /i gi::executeAction deCanvasDragCancel -in [gi::getWindows 17]
[01:09:02.16] /# gi::executeAction deFitView -in [gi::getWindows 17]
[01:09:02.16] /i de::fit -window 17 -fitView true
[01:09:02.16] /o {-2.725 -0.74375} {0.98125 1.15625}
[01:09:03.35] /# gi::executeAction deSelectActive -in [gi::getWindows 17]
[01:09:03.35] /i de::deselectAll [db::getNext [de::getContexts -window 17]]
[01:09:03.36] /i de::select [de::getActiveFigure [gi::getWindows 17] -point {-1.6625 0.7} -index 0 -intent none]
[01:09:03.36] /o oa:0x1e0887f0
[01:09:03.87] /i gi::executeAction deCanvasDragSelect -in [gi::getWindows 17]
[01:09:03.87] /r deCanvasDragStart -1.6875 0.71875
[01:09:04.44] /# gi::executeAction deCanvasDragEnd -in [gi::getWindows 17]
[01:09:04.44] /i gi::executeAction deCanvasDragEnd -in [gi::getWindows 17]
[01:09:04.44] /r deCanvasDragEnd -1.5625 0.6875
[01:09:05.75] /i gi::executeAction deCanvasDragSelect -in [gi::getWindows 17]
[01:09:05.75] /r deCanvasDragStart -1.8375 0.81875
[01:09:06.12] /# gi::executeAction deCanvasDragEnd -in [gi::getWindows 17]
[01:09:06.12] /i gi::executeAction deCanvasDragEnd -in [gi::getWindows 17]
[01:09:06.12] /r deCanvasDragEnd -1.53125 -0.0875
[01:09:08.71] /# gi::executeAction seRotateCCWCenter -in [gi::getWindows 17]
[01:09:08.71] /i se::move [de::getSelected -design [db::getAttr editDesign -of [db::getNext [de::getContexts -window 17]]]]  -rotate R90
[01:09:11.84] /# gi::executeAction seFlipHorizontalCenter -in [gi::getWindows 17]
[01:09:11.84] /i se::move [de::getSelected -design [db::getAttr editDesign -of [db::getNext [de::getContexts -window 17]]]]  -rotate MY
[01:09:12.62] /# gi::executeAction deSelectActive -in [gi::getWindows 17]
[01:09:12.62] /i de::deselectAll [db::getNext [de::getContexts -window 17]]
[01:09:12.62] /i de::deselectAllLogic -context [db::getNext [de::getContexts -window 17]]
[01:09:14.19] /# gi::executeAction deSelectActive -in [gi::getWindows 17]
[01:09:14.19] /i de::deselectAll [db::getNext [de::getContexts -window 17]]
[01:09:14.19] /i de::select [de::getActiveFigure [gi::getWindows 17] -point {-1.575 0.425} -index 0 -intent none]
[01:09:14.19] /o oa:0x1d8f1410
[01:09:14.57] /# gi::executeAction seButton1DragStart -in [gi::getWindows 17]
[01:09:14.57] /i ise::stretch -point {-1.5625 0.4375}
[01:09:15.38] /# gi::executeAction deEndDrag -in [gi::getWindows 17]
[01:09:15.38] /i de::endDrag {-1.51875 0.55} -context [db::getNext [de::getContexts -window 17]]
[01:09:16.01] /# gi::executeAction deSelectActive -in [gi::getWindows 17]
[01:09:16.01] /i de::deselectAll [db::getNext [de::getContexts -window 17]]
[01:09:16.01] /i de::select [de::getActiveFigure [gi::getWindows 17] -point {-1.34375 0.575} -index 0 -intent none]
[01:09:16.02] /o oa:0x1d94d9f0
[01:09:16.43] /# gi::executeAction seButton1DragStart -in [gi::getWindows 17]
[01:09:16.43] /i ise::stretch -point {-1.375 0.5625}
[01:09:16.76] /# gi::executeAction deEndDrag -in [gi::getWindows 17]
[01:09:16.76] /i de::endDrag {-1.29375 0.575} -context [db::getNext [de::getContexts -window 17]]
[01:09:17.84] /i gi::executeAction deCanvasDragSelect -in [gi::getWindows 17]
[01:09:17.84] /r deCanvasDragStart -1.35625 -0.00625
[01:09:18.21] /# gi::executeAction deCanvasDragEnd -in [gi::getWindows 17]
[01:09:18.21] /i gi::executeAction deCanvasDragEnd -in [gi::getWindows 17]
[01:09:18.22] /r deCanvasDragEnd -0.9125 -0.6875
[01:09:20.76] /# gi::executeAction seRotateCWCenter -in [gi::getWindows 17]
[01:09:20.76] /i se::move [de::getSelected -design [db::getAttr editDesign -of [db::getNext [de::getContexts -window 17]]]]  -rotate R270
[01:09:24.69] /# gi::executeAction seFlipHorizontalCenter -in [gi::getWindows 17]
[01:09:24.69] /i se::move [de::getSelected -design [db::getAttr editDesign -of [db::getNext [de::getContexts -window 17]]]]  -rotate MY
[01:09:25.56] /i gi::executeAction deCanvasDragSelect -in [gi::getWindows 17]
[01:09:25.56] /r deCanvasDragStart -1.16875 -0.34375
[01:09:26.16] /# gi::executeAction deCanvasDragEnd -in [gi::getWindows 17]
[01:09:26.16] /i gi::executeAction deCanvasDragEnd -in [gi::getWindows 17]
[01:09:26.16] /r deCanvasDragEnd 0.1 0.3
[01:09:26.63] /i gi::executeAction deCanvasDragSelect -in [gi::getWindows 17]
[01:09:26.63] /r deCanvasDragStart -1.65625 -0.23125
[01:09:26.89] /# gi::executeAction deCanvasDragEnd -in [gi::getWindows 17]
[01:09:26.89] /i gi::executeAction deCanvasDragEnd -in [gi::getWindows 17]
[01:09:26.90] /r deCanvasDragEnd -0.59375 -0.49375
[01:09:27.46] /# gi::executeAction seButton1DragStart -in [gi::getWindows 17]
[01:09:27.46] /i ise::stretch -point {-1.25 -0.3125}
[01:09:30.32] /# gi::executeAction deEndDrag -in [gi::getWindows 17]
[01:09:30.32] /i de::endDrag {0.13125 0.54375} -context [db::getNext [de::getContexts -window 17]]
[01:09:31.10] /i gi::executeAction deSaveDesign -in [gi::getWindows 17]
[01:09:31.10] /m Information: Saving design 'project_d_ff TG_in symbol'. (DESIGN_WINDOW-004)
[01:09:32.82] /i gi::setActiveWindow 16
[01:09:32.82] /i gi::setActiveWindow 16 -raise true
[01:09:33.33] /i gi::setActiveWindow 2
[01:09:33.33] /i gi::setActiveWindow 2 -raise true
[01:09:35.52] /i gi::executeAction dmOpen -in [gi::getWindows 2]
[01:09:35.52] /r giWindowId 18
[01:09:35.53] /r giWindowGeometry 1632x1020
[01:09:35.68] /m Information: 
[01:09:35.68] /o Checking "project_d_ff/D_latch/schematic"
[01:09:35.68] /o No rule violations found in "project_d_ff/D_latch/schematic"
[01:09:35.68] /m Information: Checking process is completed: marking the design violations
[01:09:35.68] /m Information: Marking of designs is completed
[01:09:36.91] /# gi::executeAction deSelectActive -in [gi::getWindows 18]
[01:09:36.91] /i de::deselectAll [db::getNext [de::getContexts -window 18]]
[01:09:36.91] /i de::deselectAllLogic -context [db::getNext [de::getContexts -window 18]]
[01:09:40.42] /i gi::setActiveWindow 14
[01:09:40.42] /i gi::setActiveWindow 14 -raise true
[01:09:40.93] /i gi::setActiveWindow 17
[01:09:40.93] /i gi::setActiveWindow 17 -raise true
[01:09:43.48] /# gi::executeAction seCreateSelection -in [gi::getWindows 17]
[01:09:43.48] /i ise::createSelectionShape
[01:09:44.28] /i gi::setField {selectionShapeOverwrite} -value {false} -in [gi::getToolbars {deCommandOptions} -from [gi::getWindows 17]]
[01:09:44.82] /i gi::setField {selectionShapeOverwrite} -value {true} -in [gi::getToolbars {deCommandOptions} -from [gi::getWindows 17]]
[01:09:47.48] /# gi::executeAction seCreateSelection -in [gi::getWindows 17]
[01:09:47.48] /i ise::createSelectionShape
[01:09:49.35] /i gi::pressButton {autoCreate} -in [gi::getToolbars {deCommandOptions} -from [gi::getWindows 17]]
[01:09:50.63] /i gi::executeAction deSaveDesign -in [gi::getWindows 17]
[01:09:50.63] /m Information: Saving design 'project_d_ff TG_in symbol'. (DESIGN_WINDOW-004)
[01:09:51.77] /i gi::executeAction giCloseWindow -in [gi::getWindows 17]
[01:09:51.78] /i gi::setActiveWindow 14
[01:09:51.78] /i gi::setActiveWindow 14 -raise true
[01:09:52.79] /i gi::setActiveWindow 16
[01:09:52.79] /i gi::setActiveWindow 16 -raise true
[01:09:53.27] /i gi::executeAction giCloseWindow -in [gi::getWindows 16]
[01:09:53.28] /i gi::setActiveWindow 14
[01:09:53.28] /i gi::setActiveWindow 14 -raise true
[01:09:54.22] /i gi::setActiveWindow 18
[01:09:54.22] /i gi::setActiveWindow 18 -raise true
[01:09:55.18] /i gi::executeAction giCloseWindow -in [gi::getWindows 14]
[01:09:56.05] /# gi::executeAction deSelectActive -in [gi::getWindows 18]
[01:09:56.05] /i de::deselectAll [db::getNext [de::getContexts -window 18]]
[01:09:56.05] /i de::select [de::getActiveFigure [gi::getWindows 18] -point {8.05 0.68125} -index 0 -intent none]
[01:09:56.05] /o oa:0x20feb810
[01:09:56.20] /# gi::executeAction deDescend -in [gi::getWindows 18]
[01:09:56.20] /i ide::descend 18 -inPlace false -promptView false -readOnly auto
[01:09:56.21] /# Navigating to project_d_ff/TG_out/schematic (I4)
[01:09:56.25] /o true
[01:09:57.91] /# gi::executeAction deSelectActive -in [gi::getWindows 18]
[01:09:57.91] /i de::deselectAll [db::getNext [de::getContexts -window 18]]
[01:09:57.91] /i de::select [de::getActiveFigure [gi::getWindows 18] -point {4.6375 1.16875} -index 0 -intent none]
[01:09:57.92] /o oa:0x192e7410
[01:09:59.42] /# gi::executeAction seSchCheckAndSave -in [gi::getWindows 18]
[01:09:59.42] /i ise::check
[01:09:59.42] /m Information: 
              /c Cross view checking for project_d_ff/TG_out/symbol with project_d_ff/TG_out/schematic
              /c 	[error] Terminal Type Mismatch
              /c 		Terminal in is type inputOutput in schematic and type input in symbol
              /c 	[error] Terminal Type Mismatch
              /c 		Terminal out is type inputOutput in schematic and type output in symbol (DE_EDIT-007)
[01:09:59.42] /m Information: 
[01:09:59.42] /o Checking "project_d_ff/TG_out/schematic"
[01:09:59.42] /o 2 Error(s),0 Warning(s),0 Message(s) found   in "project_d_ff/TG_out/schematic"
[01:09:59.42] /m Information: Checking process is completed: marking the design violations
[01:09:59.42] /m Information: Marking of designs is completed
[01:09:59.42] /# db::setAttr shown -of [ gi::getAssistants deMarkerBrowser -from [ gi::getWindows 18 ]] -value true
[01:09:59.49] /r giDialog gi::setActiveDialog [gi::getDialogs {seSchCheckSaveDesign} -parent [gi::getWindows 18]]
[01:09:59.71] /# db::setAttr dockSize -of [gi::getAssistants dePropertyEditor -from [gi::getWindows 18]] -value 290x839
[01:09:59.72] /# db::setAttr dockSize -of [gi::getAssistants deMarkerBrowser -from [gi::getWindows 18]] -value 290x839
[01:09:59.80] /r giDialog db::setAttr geometry -of [gi::getDialogs {seSchCheckSaveDesign} -parent [gi::getWindows 18]] -value 259x82+831+573
[01:10:00.67] /r giDialog gi::pressButton {save} -in [gi::getDialogs {seSchCheckSaveDesign} -parent [gi::getWindows 18]]
[01:10:19.36] /# gi::executeAction deCellviewFromCellview -in [gi::getWindows 18]
[01:10:19.36] /i db::showCellViewFromCellView -src [db::getAttr container -of [db::getAttr editFile -of [db::getNext [de::getContexts -window 18]]]] 
[01:10:19.36] /o oa:0x1f0a7ef0
[01:10:19.68] /i db::setAttr geometry -of [gi::getDialogs {dbCellViewFromCellView}] -value 628x339+636+409
[01:10:20.94] /i gi::pressButton {apply} -in [gi::getDialogs {dbCellViewFromCellView}]
[01:10:20.99] /r giDialog gi::setActiveDialog [gi::getDialogs {giPrompt}]
[01:10:21.27] /r giDialog db::setAttr geometry -of [gi::getDialogs {giPrompt}] -value 620x82+640+514
[01:10:22.08] /r giDialog gi::pressButton {update} -in [gi::getDialogs {giPrompt}]
[01:10:22.11] /r giWindowId 19
[01:10:22.12] /r giWindowGeometry 1632x1020
[01:10:22.26] /i gi::setActiveDialog [gi::getDialogs {dbCellViewFromCellView}]
[01:10:25.46] /i gi::setActiveWindow 18
[01:10:25.46] /i gi::setActiveWindow 18 -raise true
[01:10:27.82] /# gi::executeAction seSchCheckAndSave -in [gi::getWindows 18]
[01:10:27.82] /i ise::check
[01:10:27.82] /m Information: 
              /c Cross view checking for project_d_ff/TG_out/symbol with project_d_ff/TG_out/schematic
              /c No violations found. (DE_EDIT-007)
[01:10:27.82] /m Information: 
[01:10:27.82] /o Checking "project_d_ff/TG_out/schematic"
[01:10:27.82] /o No rule violations found in "project_d_ff/TG_out/schematic"
[01:10:27.82] /m Information: Checking process is completed: marking the design violations
[01:10:27.84] /m Information: Marking of designs is completed
[01:10:27.84] /o true
[01:10:28.65] /i gi::executeAction deSaveDesign -in [gi::getWindows 18]
[01:10:28.65] /m Information: Saving design 'project_d_ff TG_out schematic'. (DESIGN_WINDOW-004)
[01:10:29.27] /i gi::executeAction deSaveDesign -in [gi::getWindows 18]
[01:10:29.27] /m Information: Saving design 'project_d_ff TG_out schematic'. (DESIGN_WINDOW-004)
[01:10:29.46] /i gi::executeAction deSaveDesign -in [gi::getWindows 18]
[01:10:29.46] /m Information: Saving design 'project_d_ff TG_out schematic'. (DESIGN_WINDOW-004)
[01:10:29.61] /i gi::executeAction deSaveDesign -in [gi::getWindows 18]
[01:10:29.61] /m Information: Saving design 'project_d_ff TG_out schematic'. (DESIGN_WINDOW-004)
[01:10:30.31] /i gi::setActiveWindow 19
[01:10:30.31] /i gi::setActiveWindow 19 -raise true
[01:10:31.29] /# gi::executeAction deCanvasZoomOutAtPoint -in [gi::getWindows 19]
[01:10:31.29] /i de::zoom -window [gi::getWindows 19] -factor 0.5 -center {-1.33125 0.55}
[01:10:31.29] /o {-2.98125 -0.8875} {2.71875 2.0375}
[01:10:32.87] /i gi::setActiveWindow 18
[01:10:32.87] /i gi::setActiveWindow 18 -raise true
[01:10:35.17] /# gi::executeAction deCanvasZoomInAtPoint -in [gi::getWindows 18]
[01:10:35.17] /i de::zoom -window [gi::getWindows 18] -factor 2.0 -center {4.44375 1.16875}
[01:10:35.17] /o {2.08125 0.3} {5.675 2.275}
[01:10:35.22] /# gi::executeAction deCanvasZoomInAtPoint -in [gi::getWindows 18]
[01:10:35.22] /i de::zoom -window [gi::getWindows 18] -factor 2.0 -center {4.45625 1.175}
[01:10:35.22] /o {3.26875 0.7375} {5.06875 1.725}
[01:10:35.46] /i gi::executeAction deCanvasDragCancel -in [gi::getWindows 18]
[01:10:35.85] /# gi::executeAction deSelectActive -in [gi::getWindows 18]
[01:10:35.85] /i de::deselectAll [db::getNext [de::getContexts -window 18]]
[01:10:35.85] /i de::deselectAllLogic -context [db::getNext [de::getContexts -window 18]]
[01:10:36.92] /# gi::executeAction deSelectActive -in [gi::getWindows 18]
[01:10:36.92] /i de::deselectAll [db::getNext [de::getContexts -window 18]]
[01:10:36.93] /i de::select [de::getActiveFigure [gi::getWindows 18] -point {4.4375 1.15625} -index 0 -intent none]
[01:10:36.93] /o oa:0x1d8a0cc0
[01:10:37.38] /# gi::executeAction seButton1DragStart -in [gi::getWindows 18]
[01:10:37.38] /i ise::stretch -point {4.4375 1.1875}
[01:10:37.96] /# gi::executeAction deEndDrag -in [gi::getWindows 18]
[01:10:37.96] /i de::endDrag {4.55 1.3125} -context [db::getNext [de::getContexts -window 18]]
[01:10:38.82] /i gi::executeAction giCloseWindow -in [gi::getWindows 18]
[01:10:38.87] /r giDialog gi::setActiveDialog [gi::getDialogs {deCloseDesigns} -parent [gi::getWindows 18]]
[01:10:38.88] /r giDialog gi::setCurrentIndex {target} -index {0,1} -in [gi::getDialogs {deCloseDesigns} -parent [gi::getWindows 18]]
[01:10:39.18] /r giDialog db::setAttr geometry -of [gi::getDialogs {deCloseDesigns} -parent [gi::getWindows 18]] -value 347x280+787+474
[01:10:40.59] /r giDialog gi::pressButton {checkAndSave} -in [gi::getDialogs {deCloseDesigns} -parent [gi::getWindows 18]]
[01:10:40.59] /# se::check -design [dm::findCellView {schematic} -cellName {D_latch} -libName {project_d_ff}] -forceChecks true -autoSave true
[01:10:40.59] /m Information: 
[01:10:40.59] /o Checking "project_d_ff/D_latch/schematic"
[01:10:40.60] /o No rule violations found in "project_d_ff/D_latch/schematic"
[01:10:40.60] /o No Design Integrity rule violations found in "project_d_ff/D_latch/schematic"
[01:10:40.60] /m Information: Checking process is completed: marking the design violations
[01:10:40.61] /m Information: Marking of designs is completed
[01:10:40.61] /m Information: Saving design 'project_d_ff D_latch schematic'. (DESIGN_WINDOW-004)
[01:10:40.62] /# se::check -design [dm::findCellView {schematic} -cellName {TG_out} -libName {project_d_ff}] -forceChecks true -autoSave true
[01:10:40.62] /m Information: 
              /c Cross view checking for project_d_ff/TG_out/symbol with project_d_ff/TG_out/schematic
              /c No violations found. (DE_EDIT-007)
[01:10:40.62] /m Information: 
[01:10:40.62] /o Checking "project_d_ff/TG_out/schematic"
[01:10:40.62] /o No rule violations found in "project_d_ff/TG_out/schematic"
[01:10:40.62] /o No Design Integrity rule violations found in "project_d_ff/TG_out/schematic"
[01:10:40.62] /m Information: Checking process is completed: marking the design violations
[01:10:40.63] /m Information: Marking of designs is completed
[01:10:40.63] /m Information: Saving design 'project_d_ff TG_out schematic'. (DESIGN_WINDOW-004)
[01:10:40.68] /i gi::setActiveWindow 19
[01:10:40.68] /i gi::setActiveWindow 19 -raise true
[01:10:43.47] /r giDialog gi::setActiveDialog [gi::getDialogs {giCloseFrame}]
[01:10:43.77] /r giDialog db::setAttr geometry -of [gi::getDialogs {giCloseFrame}] -value 299x108+811+560
[01:10:44.41] /r giDialog gi::pressButton {giCloseTabsButton} -in [gi::getDialogs {giCloseFrame}]
[01:10:44.42] /i exit
[01:10:44.50] /r giDialog gi::setActiveDialog [gi::getDialogs {deExitDialog}]
[01:10:44.72] /r giDialog db::setAttr geometry -of [gi::getDialogs {deExitDialog}] -value 419x181+741+465
[01:10:45.52] /r giDialog gi::pressButton {ok} -in [gi::getDialogs {deExitDialog}]
[01:10:45.55] /i gi::setActiveWindow 2
[01:10:45.55] /i gi::setActiveWindow 2 -raise true
[01:10:45.57] /i gi::setActiveWindow 1
[01:10:45.57] /i gi::setActiveWindow 1 -raise true
[01:10:45.67] /o Shutdown time: Thu May 21 01:10:45 2026
[01:10:45.67] /o Elapsed session real time: 37.76 minutes
[01:10:45.67] /o Session terminated. Log is at /home/itsupport/Desktop/lab1vlsi/synopsys_custom/logs/ccompiler.itsupport.2026_5_21_003255_3312.log
