[01:32:33.96] /r giWindowId 0
[01:32:33.96] /r giWindowGeometry 600x300
[01:32:33.97] /o 
              /c                                 Custom Compiler 
              /c 
              /c               Version N-2017.12-SP1-2 for linux64 - May 16, 2018 
              /c 
              /c                     Copyright (c) 2004 - 2018 Synopsys, Inc.
              /c    This software and the associated documentation are proprietary to Synopsys,
              /c  Inc. This software may only be used in accordance with the terms and conditions
              /c  of a written license agreement with Synopsys, Inc. All other use, reproduction,
              /c             or distribution of this software is strictly prohibited.
              /c 
              /c Build  (OPT) Config 4182185 compiled on Wed May 16 15:20:56 2018 for RHEL64 6.6
              /c Invocation: /usr/synopsys/customcompiler/N-2017.12-SP1-2/linux64/platform/bin/cdesigner
              /c Execution time: Wed May 20 01:32:31 2026
              /c Host: localhost.localdomain
              /c Working directory: /home/itsupport/Desktop/lab1vlsi
              /c 
[01:32:36.08] /r giShowFrameTabs true
[01:32:36.08] /r giWindowId 1
[01:32:36.08] /r giWindowGeometry 1040x800
[01:32:48.85] /# gi::pressButton {/scroll/scrollArea/scrollAreaInnerWidget/applications/dmLibraryManager} -in [gi::getWindows 1]
[01:32:48.86] /# 
[01:32:48.86] /i dm::openLibraryManager
[01:32:48.86] /r giWindowId 2
[01:32:48.86] /r giWindowGeometry 660x600+50+78
[01:32:48.96] /o oa:0x1da1af10
[01:32:51.11] /i gi::setCurrentIndex {libs} -index {inverter} -in [gi::getWindows 2]
[01:32:51.11] /i gi::setItemSelection {libs} -index {inverter} -in [gi::getWindows 2]
[01:32:55.12] /i gi::setCurrentIndex {cells} -index {full_adder} -in [gi::getWindows 2]
[01:32:55.12] /i gi::setItemSelection {cells} -index {full_adder} -in [gi::getWindows 2]
[01:32:56.22] /i gi::setCurrentIndex {views} -index {symbol} -in [gi::getWindows 2]
[01:32:56.22] /i gi::setItemSelection {views} -index {symbol} -in [gi::getWindows 2]
[01:32:56.77] /i gi::executeAction dmOpen -in [gi::getWindows 2]
[01:32:56.78] /m Information: License 'Schematic' checked out. (LICENSE-003)
[01:32:56.79] /w Warning: Preference 'leActiveLPP' is deprecated and scheduled for removal in a future release with no replacement. For migration assistance, see the Custom Compiler Tcl Reference Manual. (PREFERENCE-058)
[01:32:56.80] /o 	#######################################
[01:32:56.80] /o 	PDK Library Name	: reference90RF
[01:32:56.80] /o 	PDK Version		: 2.0
[01:32:56.80] /o 	PDK Release Date	: 25-March-2010 
[01:32:56.80] /o 	#######################################
[01:32:56.80] /o 
[01:32:56.82] /r giWindowId 3
[01:32:56.82] /r giWindowGeometry 1632x1020
[01:32:58.17] /i gi::executeAction giCloseWindow -in [gi::getWindows 3]
[01:32:58.18] /i gi::setActiveWindow 2
[01:32:58.18] /i gi::setActiveWindow 2 -raise true
[01:32:58.90] /i gi::setCurrentIndex {views} -index {schematic} -in [gi::getWindows 2]
[01:32:58.91] /i gi::setItemSelection {views} -index {schematic} -in [gi::getWindows 2]
[01:32:59.07] /i gi::executeAction dmOpen -in [gi::getWindows 2]
[01:32:59.12] /r giWindowId 4
[01:32:59.12] /r giWindowGeometry 1632x1020
[01:32:59.26] /o "inverter/full_adder/schematic" design does not need checking
[01:33:00.91] /i gi::executeAction giCloseWindow -in [gi::getWindows 4]
[01:33:00.91] /i gi::setActiveWindow 2
[01:33:00.92] /i gi::setActiveWindow 2 -raise true
[01:33:01.48] /i gi::setCurrentIndex {views} -index {layout} -in [gi::getWindows 2]
[01:33:01.48] /i gi::setItemSelection {views} -index {layout} -in [gi::getWindows 2]
[01:33:01.64] /i gi::executeAction dmOpen -in [gi::getWindows 2]
[01:33:01.64] /m Information: License 'Basic' checked out. (LICENSE-003)
[01:33:01.64] /m Information: License 'Schematic' checked in. (LICENSE-004)
[01:33:01.67] /r giWindowId 5
[01:33:01.67] /r giWindowGeometry 1632x1020
[01:33:01.70] /# de::setActiveLPP [de::getLPPs "exclude blockage" -from [db::getAttr editDesign -of [de::getContexts -window 5]]]
[01:33:03.11] /i db::setAttr maximized -of [gi::getFrames 1] -value true
[01:33:03.45] /i db::setAttr dockSize -of [gi::getAssistants dePropertyEditor -from [gi::getWindows 5]] -value 290x926
[01:33:03.46] /i db::setAttr geometry -of [gi::getFrames 1] -value 1910x1101+5+56
[01:33:05.05] /i gi::setField {stopLevel} -value {2} -in [gi::getToolbars {leHierarchy} -from [gi::getWindows 5]]
[01:33:05.12] /# gi::executeAction deFitView -in [gi::getWindows 5]
[01:33:05.12] /i de::fit -window 5 -fitView true
[01:33:05.12] /o {-0.334 -0.15} {10.949 6.5}
[01:33:07.84] /# gi::executeAction leVia -in [gi::getWindows 5]
[01:33:07.84] /i ile::createVia
[01:33:07.88] /o oa:0x1e72cc40
[01:33:09.80] /i gi::setField {viaAuto} -value {true} -in [gi::getToolbars {deCommandOptions} -from [gi::getWindows 5]]
[01:33:11.05] /# gi::executeAction deAddPoint -in [gi::getWindows 5]
[01:33:11.05] /i de::addPoint {1.742 3.218} -context [db::getNext [de::getContexts -window 5]]
[01:33:12.01] /# gi::executeAction deAddPoint -in [gi::getWindows 5]
[01:33:12.01] /i de::addPoint {1.713 4.303} -context [db::getNext [de::getContexts -window 5]]
[01:33:12.35] /# gi::executeAction deCanvasZoomInAtPoint -in [gi::getWindows 5]
[01:33:12.35] /i de::zoom -window [gi::getWindows 5] -factor 2.0 -center {1.26 4.497}
[01:33:12.35] /o {0.463 2.173} {6.105 5.499}
[01:33:12.46] /# gi::executeAction deCanvasZoomInAtPoint -in [gi::getWindows 5]
[01:33:12.46] /i de::zoom -window [gi::getWindows 5] -factor 2.0 -center {1.26 4.504}
[01:33:12.46] /o {0.861 3.339} {3.682 5.001}
[01:33:15.04] /# gi::executeAction leVia -in [gi::getWindows 5]
[01:33:15.04] /i ile::createVia
[01:33:15.74] /# gi::executeAction deCanvasZoomOutAtPoint -in [gi::getWindows 5]
[01:33:15.74] /i de::zoom -window [gi::getWindows 5] -factor 0.5 -center {1.228 4.919}
[01:33:15.74] /o {0.495 1.758} {6.137 5.084}
[01:33:16.14] /# gi::executeAction deFitView -in [gi::getWindows 5]
[01:33:16.14] /i de::fit -window 5 -fitView true
[01:33:16.14] /o {-0.334 -0.15} {10.949 6.5}
[01:33:16.91] /# gi::executeAction deCanvasZoomInAtPoint -in [gi::getWindows 5]
[01:33:16.91] /i de::zoom -window [gi::getWindows 5] -factor 2.0 -center {0.75 4.971}
[01:33:16.91] /o {0.208 2.41} {5.85 5.736}
[01:33:17.32] /# gi::executeAction deCanvasZoomOutAtPoint -in [gi::getWindows 5]
[01:33:17.32] /i de::zoom -window [gi::getWindows 5] -factor 0.5 -center {0.966 4.989}
[01:33:17.32] /o {-0.55 -0.168} {10.733 6.482}
[01:33:18.59] /# gi::executeAction deAbortCommand -in [gi::getWindows 5]
[01:33:18.59] /i de::abortCommand -context [db::getNext [de::getContexts -window 5]]
[01:33:19.01] /# gi::executeAction deSelectActive -in [gi::getWindows 5]
[01:33:19.01] /i de::deselectAll [db::getNext [de::getContexts -window 5]]
[01:33:19.01] /i de::select [de::getActiveFigure [gi::getWindows 5] -point {0.642 5.664} -index 0 -intent none]
[01:33:19.02] /o oa:0x1f409200
[01:33:19.78] /# gi::executeAction leStartStretchDrag -in [gi::getWindows 5]
[01:33:19.78] /i layout_editor::directStretch [de::getActiveFigure [gi::getWindows 5] -point {0.642 5.664} -index 0 -intent none] 5
[01:33:19.78] /# ile::stretch -point {0.64 5.665}
[01:33:22.53] /# gi::executeAction deEndDrag -in [gi::getWindows 5]
[01:33:22.53] /i de::endDrag {0.664 5.721} -context [db::getNext [de::getContexts -window 5]]
[01:33:23.09] /# gi::executeAction deSelectActive -in [gi::getWindows 5]
[01:33:23.09] /i de::deselectAll [db::getNext [de::getContexts -window 5]]
[01:33:23.09] /i de::deselectAllLogic -context [db::getNext [de::getContexts -window 5]]
[01:33:24.00] /# gi::executeAction deCanvasZoomInAtPoint -in [gi::getWindows 5]
[01:33:24.00] /i de::zoom -window [gi::getWindows 5] -factor 2.0 -center {0.355 6.26}
[01:33:24.00] /o {-0.098 3.046} {5.544 6.371}
[01:33:24.15] /# gi::executeAction deCanvasZoomInAtPoint -in [gi::getWindows 5]
[01:33:24.15] /i de::zoom -window [gi::getWindows 5] -factor 2.0 -center {0.423 6.228}
[01:33:24.15] /o {0.163 4.637} {2.984 6.3}
[01:33:25.62] /# gi::executeAction deFitView -in [gi::getWindows 5]
[01:33:25.62] /i de::fit -window 5 -fitView true
[01:33:25.62] /o {-0.334 -0.123} {10.949 6.528}
[01:33:27.54] /# gi::executeAction deSelectActive -in [gi::getWindows 5]
[01:33:27.54] /i de::deselectAll [db::getNext [de::getContexts -window 5]]
[01:33:27.54] /i de::select [de::getActiveFigure [gi::getWindows 5] -point {0.463 5.874} -index 0 -intent none]
[01:33:27.54] /o oa:0x1e2b59a0
[01:33:27.79] /# gi::executeAction deCanvasZoomInAtPoint -in [gi::getWindows 5]
[01:33:27.79] /i de::zoom -window [gi::getWindows 5] -factor 2.0 -center {0.463 5.874}
[01:33:27.79] /o {0.064 2.876} {5.706 6.201}
[01:33:27.87] /# gi::executeAction deCanvasZoomInAtPoint -in [gi::getWindows 5]
[01:33:27.87] /i de::zoom -window [gi::getWindows 5] -factor 2.0 -center {0.463 5.874}
[01:33:27.87] /o {0.264 4.375} {3.085 6.037}
[01:33:28.73] /# gi::executeAction deCanvasZoomInAtPoint -in [gi::getWindows 5]
[01:33:28.73] /i de::zoom -window [gi::getWindows 5] -factor 2.0 -center {1.416 5.912}
[01:33:28.73] /o {0.84 5.143} {2.25 5.975}
[01:33:29.44] /# gi::executeAction deSelectActive -in [gi::getWindows 5]
[01:33:29.44] /i de::deselectAll [db::getNext [de::getContexts -window 5]]
[01:33:29.44] /i de::select [de::getActiveFigure [gi::getWindows 5] -point {1.401 5.905} -index 0 -intent none]
[01:33:29.44] /o oa:0x1f3c12d0
[01:33:30.15] /# gi::executeAction leStartStretchDrag -in [gi::getWindows 5]
[01:33:30.15] /i layout_editor::directStretch [de::getActiveFigure [gi::getWindows 5] -point {1.401 5.905} -index 0 -intent none] 5
[01:33:30.15] /# ile::stretch -point {1.4 5.905}
[01:33:30.75] /# gi::executeAction deEndDrag -in [gi::getWindows 5]
[01:33:30.75] /i de::endDrag {1.401 5.901} -context [db::getNext [de::getContexts -window 5]]
[01:33:31.22] /# gi::executeAction deFitView -in [gi::getWindows 5]
[01:33:31.22] /i de::fit -window 5 -fitView true
[01:33:31.22] /o {-0.334 -0.123} {10.949 6.528}
[01:33:31.83] /# gi::executeAction deCanvasZoomInAtPoint -in [gi::getWindows 5]
[01:33:31.83] /i de::zoom -window [gi::getWindows 5] -factor 2.0 -center {3.293 6.348}
[01:33:31.83] /o {1.479 3.113} {7.121 6.438}
[01:33:31.99] /# gi::executeAction deCanvasZoomInAtPoint -in [gi::getWindows 5]
[01:33:31.99] /i de::zoom -window [gi::getWindows 5] -factor 2.0 -center {3.153 6.294}
[01:33:31.99] /o {2.316 4.703} {5.137 6.366}
[01:33:32.94] /# gi::executeAction deSelectActive -in [gi::getWindows 5]
[01:33:32.94] /i de::deselectAll [db::getNext [de::getContexts -window 5]]
[01:33:32.94] /i de::select [de::getActiveFigure [gi::getWindows 5] -point {3.347 5.906} -index 0 -intent none]
[01:33:32.94] /o oa:0x1f3bf4e0
[01:33:33.51] /# gi::executeAction leStartStretchDrag -in [gi::getWindows 5]
[01:33:33.51] /i layout_editor::directStretch [de::getActiveFigure [gi::getWindows 5] -point {3.347 5.906} -index 0 -intent none] 5
[01:33:33.51] /# ile::stretch -point {3.345 5.905}
[01:33:38.71] /# gi::executeAction deEndDrag -in [gi::getWindows 5]
[01:33:38.71] /i de::endDrag {3.352 5.901} -context [db::getNext [de::getContexts -window 5]]
[01:33:39.80] /i de::undoTransaction -design [db::getAttr editDesign -of [de::getContexts -window 5]] -steps 1
[01:33:39.93] /i de::undoTransaction -design [db::getAttr editDesign -of [de::getContexts -window 5]] -steps 1
[01:33:40.22] /i de::undoTransaction -design [db::getAttr editDesign -of [de::getContexts -window 5]] -steps 1
[01:33:41.62] /# gi::executeAction deCanvasZoomOutAtPoint -in [gi::getWindows 5]
[01:33:41.62] /i de::zoom -window [gi::getWindows 5] -factor 0.5 -center {3.993 5.971}
[01:33:41.62] /o {0.639 3.436} {6.281 6.761}
[01:33:42.05] /# gi::executeAction deFitView -in [gi::getWindows 5]
[01:33:42.05] /i de::fit -window 5 -fitView true
[01:33:42.05] /o {-0.334 -0.15} {10.949 6.5}
[01:33:43.00] /# gi::executeAction deSelectActive -in [gi::getWindows 5]
[01:33:43.00] /i de::deselectAll [db::getNext [de::getContexts -window 5]]
[01:33:43.00] /i de::deselectAllLogic -context [db::getNext [de::getContexts -window 5]]
[01:33:43.66] /# gi::executeAction deCanvasZoomInAtPoint -in [gi::getWindows 5]
[01:33:43.66] /i de::zoom -window [gi::getWindows 5] -factor 2.0 -center {10.339 6.17}
[01:33:43.66] /o {5.002 3.01} {10.644 6.335}
[01:33:43.94] /# gi::executeAction deCanvasZoomInAtPoint -in [gi::getWindows 5]
[01:33:43.94] /i de::zoom -window [gi::getWindows 5] -factor 2.0 -center {10.166 5.922}
[01:33:43.94] /o {7.584 4.466} {10.405 6.129}
[01:33:43.99] /# gi::executeAction deCanvasZoomInAtPoint -in [gi::getWindows 5]
[01:33:43.99] /i de::zoom -window [gi::getWindows 5] -factor 2.0 -center {10.166 5.922}
[01:33:43.99] /o {8.875 5.194} {10.286 6.025}
[01:33:44.11] /# gi::executeAction deCanvasZoomInAtPoint -in [gi::getWindows 5]
[01:33:44.11] /i de::zoom -window [gi::getWindows 5] -factor 2.0 -center {10.165 5.919}
[01:33:44.11] /o {9.52 5.556} {10.225 5.972}
[01:33:44.59] /# gi::executeAction deFitView -in [gi::getWindows 5]
[01:33:44.59] /i de::fit -window 5 -fitView true
[01:33:44.59] /o {-0.334 -0.15} {10.949 6.5}
[01:33:45.28] /# gi::executeAction deCanvasZoomInAtPoint -in [gi::getWindows 5]
[01:33:45.28] /i de::zoom -window [gi::getWindows 5] -factor 2.0 -center {0.018 6.342}
[01:33:45.28] /o {-0.158 3.096} {5.484 6.421}
[01:33:45.43] /# gi::executeAction deCanvasZoomInAtPoint -in [gi::getWindows 5]
[01:33:45.43] /i de::zoom -window [gi::getWindows 5] -factor 2.0 -center {0.133 6.31}
[01:33:45.43] /o {-0.013 4.703} {2.808 6.366}
[01:33:46.02] /# gi::executeAction deSelectActive -in [gi::getWindows 5]
[01:33:46.02] /i de::deselectAll [db::getNext [de::getContexts -window 5]]
[01:33:46.02] /i de::select [de::getActiveFigure [gi::getWindows 5] -point {0.506 5.741} -index 0 -intent none]
[01:33:46.02] /o oa:0x1f496fe0
[01:33:46.57] /# gi::executeAction leStartStretchDrag -in [gi::getWindows 5]
[01:33:46.57] /i layout_editor::directStretch [de::getActiveFigure [gi::getWindows 5] -point {0.506 5.746} -index 0 -intent none] 5
[01:33:46.57] /# ile::stretch -point {0.505 5.745}
[01:33:49.27] /# gi::executeAction deEndDrag -in [gi::getWindows 5]
[01:33:49.27] /i de::endDrag {0.542 5.804} -context [db::getNext [de::getContexts -window 5]]
[01:33:51.81] /i gi::executeAction deSaveDesign -in [gi::getWindows 5]
[01:33:51.81] /m Information: Saving design 'inverter full_adder layout'. (DESIGN_WINDOW-004)
[01:33:52.84] /# gi::executeAction xtDRCRun -in [gi::getWindows 5]
[01:33:52.84] /i xt::physicalVerification::executeRun drc 5
[01:33:52.96] /# xt::physicalVerification::executePve drc 5
[01:33:52.97] /e Error: xtDRCHerculesRunsetFile: preference value is empty in '/home/itsupport/Desktop/lab1vlsi/synopsys_custom/full_adder.hercules.drc_pve' scope.
[01:33:53.15] /# gi::executeAction xtDRCRun -in [gi::getWindows 5]
[01:33:53.15] /i xt::physicalVerification::executeRun drc 5
[01:33:53.21] /# xt::physicalVerification::executePve drc 5
[01:33:53.22] /e Error: xtDRCHerculesRunsetFile: preference value is empty in '/home/itsupport/Desktop/lab1vlsi/synopsys_custom/full_adder.hercules.drc_pve' scope.
[01:33:53.23] /# gi::executeAction xtDRCRun -in [gi::getWindows 5]
[01:33:53.23] /i xt::physicalVerification::executeRun drc 5
[01:33:53.29] /# xt::physicalVerification::executePve drc 5
[01:33:53.29] /e Error: xtDRCHerculesRunsetFile: preference value is empty in '/home/itsupport/Desktop/lab1vlsi/synopsys_custom/full_adder.hercules.drc_pve' scope.
[01:33:53.54] /i db::setAttr geometry -of [gi::getDialogs {xtDRCSetup} -parent [gi::getWindows 5]] -value 475x427+865+447
[01:33:55.96] /i gi::pressButton {/tabGroup/mainTab/runDir/browseButton} -in [gi::getDialogs {xtDRCSetup} -parent [gi::getWindows 5]]
[01:33:58.85] /r giFileDialog accept .
[01:34:00.45] /i gi::pressButton {/tabGroup/mainTab/jobParametersGroup/runsetFile/browseButton} -in [gi::getDialogs {xtDRCSetup} -parent [gi::getWindows 5]]
[01:34:04.34] /r giFileDialog accept PDK/hercules/drc/reference_drc.ev
[01:34:04.99] /i gi::pressButton {/apply} -in [gi::getDialogs {xtDRCSetup} -parent [gi::getWindows 5]]
[01:34:04.99] /# gi::setActiveTab {/tabGroup} -tabName {/tabGroup/customOptionsTab} -in [gi::getDialogs {xtDRCSetup} -parent [gi::getWindows 5]]
[01:34:04.99] /e Error: The requested action could not be completed because one or more inputs are incomplete or invalid. (CUSTOM_WIDGETS-001)
[01:34:06.08] /i gi::setField {/tabGroup/customOptionsTab/layerMapFile/entryField} -value {/remote/dept-seg-cae2/FTK/agarwals/PERFORCE/IPL/reference/90nm/techfiles/reference90RF_layer.map} -in [gi::getDialogs {xtDRCSetup} -parent [gi::getWindows 5]]
[01:34:06.16] /i gi::pressButton {/apply} -in [gi::getDialogs {xtDRCSetup} -parent [gi::getWindows 5]]
[01:34:06.16] /e Error: The requested action could not be completed because one or more inputs are incomplete or invalid. (CUSTOM_WIDGETS-001)
[01:34:06.32] /i gi::pressButton {/apply} -in [gi::getDialogs {xtDRCSetup} -parent [gi::getWindows 5]]
[01:34:06.32] /e Error: The requested action could not be completed because one or more inputs are incomplete or invalid. (CUSTOM_WIDGETS-001)
[01:34:07.32] /i gi::pressButton {/tabGroup/customOptionsTab/layerMapFile/browseButton} -in [gi::getDialogs {xtDRCSetup} -parent [gi::getWindows 5]]
[01:34:13.56] /r giFileDialog accept PDK/techfiles/reference90RF_layer.map
[01:34:14.06] /i gi::pressButton {/apply} -in [gi::getDialogs {xtDRCSetup} -parent [gi::getWindows 5]]
[01:34:14.47] /# xt::physicalVerification::executePve drc 5
[01:34:15.46] /r giWindowId 6
[01:34:15.46] /r giWindowGeometry 800x600
[01:34:16.99] /m Information: 
              /c =============================
              /c JobID: hercules_drc_414
              /c --- ERROR SUMMARY -----------
              /c 1.11: Active Diffusion (touching Polysilicon) spacing to Active Diffusion  >= 0.13
              /c  EXTERNAL diff_int_poly DIFN { } (100) .................. 4 violations found.
              /c 7.6: Minimum spacing for Diffusion >= 0.09
              /c  EXTERNAL DIFN { } (101) ................................ 2 violations found.
              /c 7.30: Minimum area of Metal 1 >= 0.04
              /c  AREA M1S { } (101) ..................................... 3 violations found.
              /c 7.32: Minimum width for Metal 2 >= 0.15
              /c  INTERNAL M2S { } (101) ................................. 1 violation found.
              /c 7.35: Minimum area of Metal 2 >= 0.06
              /c  AREA M2S { } (101) ..................................... 1 violation found.
              /c =============================
              /c 
[01:34:17.36] /j ::xt::hercules::vue::_private::registerConnection localhost:60849 tcp6 herculesVue_1 
[01:34:17.40] /j ::xt::hercules::vue::_private::isJobReady 
[01:34:17.40] /o false
[01:34:18.40] /j ::xt::hercules::vue::_private::isJobReady 
[01:34:18.40] /o false
[01:34:19.40] /m Information: Connection established with 'Hercules-VUE' running on 'localhost'.
[01:34:19.40] /j ::xt::hercules::vue::_private::isJobReady 
[01:34:19.40] /o true
[01:34:19.41] /j ::xt::hercules::vue::startFilter LAY 
[01:34:19.42] /i gi::closeWindows [gi::getDialogs {xtDRCSetup} -parent [gi::getWindows 5]]
[01:34:19.59] /j ::xt::hercules::vue::setInlibPath /home/itsupport/Desktop/lab1vlsi/. 
[01:34:19.61] /j ::xt::hercules::vue::setTopLayLCV inverter full_adder layout 
[01:34:19.61] /j ::xt::hercules::vue::openCell inverter full_adder layout 
[01:34:20.72] /i gi::pressButton {ConsoleToggleButton} -in [db::getAttr statusbar -of [gi::getWindows 6]]
[01:34:22.69] /i gi::setActiveWindow 5
[01:34:22.69] /i gi::setActiveWindow 5 -raise true
[01:34:23.10] /# gi::executeAction deCanvasZoomOutAtPoint -in [gi::getWindows 5]
[01:34:23.10] /i de::zoom -window [gi::getWindows 5] -factor 0.5 -center {1.519 5.739}
[01:34:23.10] /o {-1.544 3.667} {4.098 6.992}
[01:34:23.14] /# gi::executeAction deCanvasZoomOutAtPoint -in [gi::getWindows 5]
[01:34:23.14] /i de::zoom -window [gi::getWindows 5] -factor 0.5 -center {1.595 5.599}
[01:34:23.14] /o {-4.683 1.735} {6.6 8.385}
[01:34:23.20] /# gi::executeAction deCanvasZoomOutAtPoint -in [gi::getWindows 5]
[01:34:23.20] /i de::zoom -window [gi::getWindows 5] -factor 0.5 -center {1.637 5.469}
[01:34:23.20] /o {-11.003 -2.0} {11.563 11.302}
[01:34:23.82] /# gi::executeAction deSelectActive -in [gi::getWindows 5]
[01:34:23.82] /i de::deselectAll [db::getNext [de::getContexts -window 5]]
[01:34:23.82] /i de::deselectAllLogic -context [db::getNext [de::getContexts -window 5]]
[01:34:24.16] /# gi::executeAction deCanvasZoomInAtPoint -in [gi::getWindows 5]
[01:34:24.16] /i de::zoom -window [gi::getWindows 5] -factor 2.0 -center {4.683 2.022}
[01:34:24.16] /o {-3.16 0.011} {8.123 6.662}
[01:34:24.24] /# gi::executeAction deCanvasZoomInAtPoint -in [gi::getWindows 5]
[01:34:24.24] /i de::zoom -window [gi::getWindows 5] -factor 2.0 -center {4.453 1.922}
[01:34:24.24] /o {0.646 0.967} {6.288 4.292}
[01:34:24.66] /# gi::executeAction deCanvasZoomOutAtPoint -in [gi::getWindows 5]
[01:34:24.66] /i de::zoom -window [gi::getWindows 5] -factor 0.5 -center {3.483 2.04}
[01:34:24.66] /o {-2.19 -0.107} {9.093 6.544}
[01:34:26.99] /i gi::pressButton {ConsoleToggleButton} -in [db::getAttr statusbar -of [gi::getWindows 5]]
[01:34:35.15] /i db::setAttr shown -of [gi::getAssistants giConsole -from [gi::getWindows 5]] -value false
[01:34:35.82] /# gi::executeAction deSelectActive -in [gi::getWindows 5]
[01:34:35.82] /i de::deselectAll [db::getNext [de::getContexts -window 5]]
[01:34:35.82] /i de::select [de::getActiveFigure [gi::getWindows 5] -point {0.489 5.933} -index 0 -intent none]
[01:34:35.82] /o oa:0x1f868140
[01:34:36.49] /# gi::executeAction leStartStretchDrag -in [gi::getWindows 5]
[01:34:36.50] /i layout_editor::directStretch [de::getActiveFigure [gi::getWindows 5] -point {0.489 5.79} -index 0 -intent none] 5
[01:34:36.50] /# ile::stretch -point {0.49 5.79}
[01:34:37.28] /# gi::executeAction deEndDrag -in [gi::getWindows 5]
[01:34:37.28] /i de::endDrag {-0.373 5.783} -context [db::getNext [de::getContexts -window 5]]
[01:34:38.03] /i gi::executeAction giCloseWindow -in [gi::getWindows 5]
[01:34:38.07] /r giDialog gi::setActiveDialog [gi::getDialogs {deCloseDesign} -parent [gi::getWindows 5]]
[01:34:38.36] /r giDialog db::setAttr geometry -of [gi::getDialogs {deCloseDesign} -parent [gi::getWindows 5]] -value 440x82+740+573
[01:34:39.56] /r giDialog gi::pressButton {discard} -in [gi::getDialogs {deCloseDesign} -parent [gi::getWindows 5]]
[01:34:39.58] /i gi::setActiveWindow 6
[01:34:39.58] /i gi::setActiveWindow 6 -raise true
[01:34:41.18] /i gi::executeAction giCloseWindow -in [gi::getWindows 6]
[01:34:41.19] /i gi::setActiveWindow 2
[01:34:41.19] /i gi::setActiveWindow 2 -raise true
[01:34:43.25] /i gi::setCurrentIndex {views} -index {schematic} -in [gi::getWindows 2]
[01:34:43.25] /i gi::setItemSelection {views} -index {schematic} -in [gi::getWindows 2]
[01:34:43.61] /i gi::setCurrentIndex {views} -index {symbol} -in [gi::getWindows 2]
[01:34:43.61] /i gi::setItemSelection {views} -index {symbol} -in [gi::getWindows 2]
[01:34:45.04] /i gi::setCurrentIndex {cells} -index {full_adder_2bit} -in [gi::getWindows 2]
[01:34:45.04] /i gi::setItemSelection {cells} -index {full_adder_2bit} -in [gi::getWindows 2]
[01:34:45.61] /i gi::setCurrentIndex {cells} -index {full_adder} -in [gi::getWindows 2]
[01:34:45.61] /i gi::setItemSelection {cells} -index {full_adder} -in [gi::getWindows 2]
[01:34:46.03] /i gi::setCurrentIndex {cells} -index {full_adder_2bit} -in [gi::getWindows 2]
[01:34:46.04] /i gi::setItemSelection {cells} -index {full_adder_2bit} -in [gi::getWindows 2]
[01:34:47.05] /i gi::executeAction dmDelete -in [gi::getWindows 2]
[01:34:47.09] /r giDialog gi::setActiveDialog [gi::getDialogs {dmDelete}]
[01:34:47.36] /r giDialog db::setAttr geometry -of [gi::getDialogs {dmDelete}] -value 354x92+773+509
[01:34:48.22] /r giDialog gi::pressButton {delete} -in [gi::getDialogs {dmDelete}]
[01:34:48.23] /i gi::setCurrentIndex {cells} -index {2cmos} -in [gi::getWindows 2]
[01:34:48.74] /i gi::setCurrentIndex {cells} -index {inv} -in [gi::getWindows 2]
[01:34:48.74] /i gi::setItemSelection {cells} -index {inv} -in [gi::getWindows 2]
[01:34:49.11] /i gi::setCurrentIndex {cells} -index {run_details} -in [gi::getWindows 2]
[01:34:49.11] /i gi::setItemSelection {cells} -index {run_details} -in [gi::getWindows 2]
[01:34:51.73] /i gi::setCurrentIndex {cells} -index {tb} -in [gi::getWindows 2]
[01:34:51.73] /i gi::setItemSelection {cells} -index {tb} -in [gi::getWindows 2]
[01:34:52.03] /i gi::setCurrentIndex {cells} -index {tb_full_adder_2bit} -in [gi::getWindows 2]
[01:34:52.03] /i gi::setItemSelection {cells} -index {tb_full_adder_2bit} -in [gi::getWindows 2]
[01:34:52.36] /i gi::setCurrentIndex {cells} -index {tb_nmos} -in [gi::getWindows 2]
[01:34:52.36] /i gi::setItemSelection {cells} -index {tb_nmos} -in [gi::getWindows 2]
[01:34:52.77] /i gi::setCurrentIndex {cells} -index {tb_pmos} -in [gi::getWindows 2]
[01:34:52.77] /i gi::setItemSelection {cells} -index {tb_pmos} -in [gi::getWindows 2]
[01:34:53.15] /i gi::setCurrentIndex {cells} -index {TB_CMOS_2} -in [gi::getWindows 2]
[01:34:53.16] /i gi::setItemSelection {cells} -index {TB_CMOS_2} -in [gi::getWindows 2]
[01:34:53.51] /i gi::setCurrentIndex {cells} -index {NAND2_tb} -in [gi::getWindows 2]
[01:34:53.52] /i gi::setItemSelection {cells} -index {NAND2_tb} -in [gi::getWindows 2]
[01:34:53.80] /i gi::setCurrentIndex {cells} -index {Final} -in [gi::getWindows 2]
[01:34:53.80] /i gi::setItemSelection {cells} -index {Final} -in [gi::getWindows 2]
[01:34:54.30] /i gi::setCurrentIndex {cells} -index {NAND2_2} -in [gi::getWindows 2]
[01:34:54.30] /i gi::setItemSelection {cells} -index {NAND2_2} -in [gi::getWindows 2]
[01:34:54.66] /i gi::setCurrentIndex {cells} -index {NAND2} -in [gi::getWindows 2]
[01:34:54.66] /i gi::setItemSelection {cells} -index {NAND2} -in [gi::getWindows 2]
[01:34:55.77] /i gi::setCurrentIndex {cells} -index {NAND2_2} -in [gi::getWindows 2]
[01:34:55.78] /i gi::setItemSelection {cells} -index {NAND2_2} -in [gi::getWindows 2]
[01:34:57.25] /i gi::setCurrentIndex {cells} -index {NAND2} -in [gi::getWindows 2]
[01:34:57.25] /i gi::setItemSelection {cells} -index {NAND2} -in [gi::getWindows 2]
[01:34:58.06] /i gi::setCurrentIndex {cells} -index {NAND2_2} -in [gi::getWindows 2]
[01:34:58.06] /i gi::setItemSelection {cells} -index {NAND2_2} -in [gi::getWindows 2]
[01:35:00.00] /i gi::setCurrentIndex {views} -index {symbol} -in [gi::getWindows 2]
[01:35:00.00] /i gi::setItemSelection {views} -index {symbol} -in [gi::getWindows 2]
[01:35:01.24] /i gi::setCurrentIndex {views} -index {layout} -in [gi::getWindows 2]
[01:35:01.24] /i gi::setItemSelection {views} -index {layout} -in [gi::getWindows 2]
[01:35:02.02] /i gi::executeAction dmOpen -in [gi::getWindows 2]
[01:35:02.06] /r giWindowId 7
[01:35:02.07] /r giWindowGeometry 1632x1020
[01:35:02.09] /# de::setActiveLPP [de::getLPPs "exclude blockage" -from [db::getAttr editDesign -of [de::getContexts -window 7]]]
[01:35:03.79] /i gi::setActiveWindow 2
[01:35:03.79] /i gi::setActiveWindow 2 -raise true
[01:35:06.95] /i gi::setCurrentIndex {cells} -index {NAND2} -in [gi::getWindows 2]
[01:35:06.95] /i gi::setItemSelection {cells} -index {NAND2} -in [gi::getWindows 2]
[01:35:07.29] /i gi::setCurrentIndex {cells} -index {NAND2_2} -in [gi::getWindows 2]
[01:35:07.29] /i gi::setItemSelection {cells} -index {NAND2_2} -in [gi::getWindows 2]
[01:35:09.33] /i gi::setCurrentIndex {cells} -index {full_adder} -in [gi::getWindows 2]
[01:35:09.33] /i gi::setItemSelection {cells} -index {full_adder} -in [gi::getWindows 2]
[01:35:09.98] /i gi::setCurrentIndex {views} -index {symbol} -in [gi::getWindows 2]
[01:35:09.98] /i gi::setItemSelection {views} -index {symbol} -in [gi::getWindows 2]
[01:35:10.54] /i gi::setCurrentIndex {views} -index {schematic} -in [gi::getWindows 2]
[01:35:10.54] /i gi::setItemSelection {views} -index {schematic} -in [gi::getWindows 2]
[01:35:11.66] /i gi::executeAction dmOpen -in [gi::getWindows 2]
[01:35:11.68] /r giWindowId 8
[01:35:11.68] /r giWindowGeometry 1632x1020
[01:35:11.80] /o "inverter/full_adder/schematic" design does not need checking
[01:35:12.54] /# gi::executeAction deSelectActive -in [gi::getWindows 8]
[01:35:12.54] /i de::deselectAll [db::getNext [de::getContexts -window 8]]
[01:35:12.54] /i de::select [de::getActiveFigure [gi::getWindows 8] -point {7.1875 9.26875} -index 0 -intent none]
[01:35:12.54] /o oa:0x1e784820
[01:35:14.91] /# gi::executeAction deSelectActive -in [gi::getWindows 8]
[01:35:14.91] /i de::deselectAll [db::getNext [de::getContexts -window 8]]
[01:35:14.91] /i de::select [de::getActiveFigure [gi::getWindows 8] -point {10.4 7.7125} -index 0 -intent none]
[01:35:14.91] /o oa:0x1ff33050
[01:35:16.67] /# gi::executeAction deSelectActive -in [gi::getWindows 8]
[01:35:16.67] /i de::deselectAll [db::getNext [de::getContexts -window 8]]
[01:35:16.67] /i de::select [de::getActiveFigure [gi::getWindows 8] -point {19.15625 6.6875} -index 0 -intent none]
[01:35:16.67] /o oa:0x1fb50d20
[01:35:17.55] /# gi::executeAction deSelectActive -in [gi::getWindows 8]
[01:35:17.55] /i de::deselectAll [db::getNext [de::getContexts -window 8]]
[01:35:17.55] /i de::select [de::getActiveFigure [gi::getWindows 8] -point {19.01875 3.28125} -index 0 -intent none]
[01:35:17.55] /o oa:0x1dd443e0
[01:35:18.01] /# gi::executeAction deSelectActive -in [gi::getWindows 8]
[01:35:18.01] /i de::deselectAll [db::getNext [de::getContexts -window 8]]
[01:35:18.01] /i de::select [de::getActiveFigure [gi::getWindows 8] -point {15.9125 4.7375} -index 0 -intent none]
[01:35:18.01] /o oa:0x1ed15020
[01:35:18.43] /# gi::executeAction deSelectActive -in [gi::getWindows 8]
[01:35:18.43] /i de::deselectAll [db::getNext [de::getContexts -window 8]]
[01:35:18.43] /i de::select [de::getActiveFigure [gi::getWindows 8] -point {13.38125 5.8625} -index 0 -intent none]
[01:35:18.44] /o oa:0x1ff5a910
[01:35:19.16] /i gi::setActiveWindow 7
[01:35:19.16] /i gi::setActiveWindow 7 -raise true
[01:35:20.36] /# gi::executeAction deCanvasZoomInAtPoint -in [gi::getWindows 7]
[01:35:20.36] /i de::zoom -window [gi::getWindows 7] -factor 2.0 -center {-10.631 7.404}
[01:35:20.36] /o {-13.492 4.997} {-8.402 7.997}
[01:35:20.44] /# gi::executeAction deCanvasZoomInAtPoint -in [gi::getWindows 7]
[01:35:20.44] /i de::zoom -window [gi::getWindows 7] -factor 2.0 -center {-10.718 7.44}
[01:35:20.44] /o {-12.105 6.219} {-9.56 7.719}
[01:35:20.60] /# gi::executeAction deCanvasZoomInAtPoint -in [gi::getWindows 7]
[01:35:20.60] /i de::zoom -window [gi::getWindows 7] -factor 2.0 -center {-10.764 7.446}
[01:35:20.60] /o {-11.434 6.832} {-10.162 7.582}
[01:35:21.13] /# gi::executeAction deCanvasZoomOutAtPoint -in [gi::getWindows 7]
[01:35:21.13] /i de::zoom -window [gi::getWindows 7] -factor 0.5 -center {-10.914 7.419}
[01:35:21.13] /o {-11.955 6.246} {-9.41 7.746}
[01:35:21.25] /# gi::executeAction deCanvasZoomOutAtPoint -in [gi::getWindows 7]
[01:35:21.25] /i de::zoom -window [gi::getWindows 7] -factor 0.5 -center {-10.918 7.418}
[01:35:21.25] /o {-12.992 5.073} {-7.902 8.073}
[01:35:21.84] /# gi::executeAction deCanvasZoomInAtPoint -in [gi::getWindows 7]
[01:35:21.84] /i de::zoom -window [gi::getWindows 7] -factor 2.0 -center {-11.56 7.613}
[01:35:21.85] /o {-12.276 6.343} {-9.731 7.843}
[01:35:23.37] /i gi::setField {stopLevel} -value {1} -in [gi::getToolbars {leHierarchy} -from [gi::getWindows 7]]
[01:35:23.99] /# gi::executeAction deCanvasZoomOutAtPoint -in [gi::getWindows 7]
[01:35:23.99] /i de::zoom -window [gi::getWindows 7] -factor 0.5 -center {-11.017 7.526}
[01:35:23.99] /o {-13.535 5.16} {-8.445 8.16}
[01:35:24.85] /# gi::executeAction deCanvasZoomOutAtPoint -in [gi::getWindows 7]
[01:35:24.85] /i de::zoom -window [gi::getWindows 7] -factor 0.5 -center {-10.548 7.003}
[01:35:24.85] /o {-16.521 3.317} {-6.342 9.317}
[01:35:24.90] /# gi::executeAction deCanvasZoomOutAtPoint -in [gi::getWindows 7]
[01:35:24.90] /i de::zoom -window [gi::getWindows 7] -factor 0.5 -center {-10.528 6.822}
[01:35:24.90] /o {-22.514 -0.188} {-2.156 11.812}
[01:35:25.50] /# gi::executeAction deFitView -in [gi::getWindows 7]
[01:35:25.50] /i de::fit -window 7 -fitView true
[01:35:25.51] /o {-16.352 2.59} {-6.173 8.59}
[01:35:26.81] /i gi::setActiveWindow 2
[01:35:26.81] /i gi::setActiveWindow 2 -raise true
[01:35:29.12] /i gi::setCurrentIndex {cells} -index {NAND2} -in [gi::getWindows 2]
[01:35:29.12] /i gi::setItemSelection {cells} -index {NAND2} -in [gi::getWindows 2]
[01:35:30.84] /i gi::setCurrentIndex {cells} -index {NAND2_2} -in [gi::getWindows 2]
[01:35:30.84] /i gi::setItemSelection {cells} -index {NAND2_2} -in [gi::getWindows 2]
[01:35:31.64] /i gi::setCurrentIndex {views} -index {starrc} -in [gi::getWindows 2]
[01:35:31.64] /i gi::setItemSelection {views} -index {starrc} -in [gi::getWindows 2]
[01:35:32.96] /i gi::setCurrentIndex {cells} -index {NAND2_tb} -in [gi::getWindows 2]
[01:35:32.96] /i gi::setItemSelection {cells} -index {NAND2_tb} -in [gi::getWindows 2]
[01:35:33.42] /i gi::setCurrentIndex {cells} -index {NAND2_tb_2} -in [gi::getWindows 2]
[01:35:33.42] /i gi::setItemSelection {cells} -index {NAND2_tb_2} -in [gi::getWindows 2]
[01:35:33.96] /i gi::setCurrentIndex {cells} -index {NAND2_tb} -in [gi::getWindows 2]
[01:35:33.96] /i gi::setItemSelection {cells} -index {NAND2_tb} -in [gi::getWindows 2]
[01:35:34.73] /i gi::setCurrentIndex {cells} -index {NAND2_tb_2} -in [gi::getWindows 2]
[01:35:34.73] /i gi::setItemSelection {cells} -index {NAND2_tb_2} -in [gi::getWindows 2]
[01:35:35.09] /i gi::setCurrentIndex {cells} -index {NMOS} -in [gi::getWindows 2]
[01:35:35.09] /i gi::setItemSelection {cells} -index {NMOS} -in [gi::getWindows 2]
[01:35:35.42] /i gi::setCurrentIndex {cells} -index {TB_CMOS} -in [gi::getWindows 2]
[01:35:35.43] /i gi::setItemSelection {cells} -index {TB_CMOS} -in [gi::getWindows 2]
[01:35:35.73] /i gi::setCurrentIndex {cells} -index {TB_CMOS_2} -in [gi::getWindows 2]
[01:35:35.73] /i gi::setItemSelection {cells} -index {TB_CMOS_2} -in [gi::getWindows 2]
[01:35:36.01] /i gi::setCurrentIndex {cells} -index {full_adder} -in [gi::getWindows 2]
[01:35:36.02] /i gi::setItemSelection {cells} -index {full_adder} -in [gi::getWindows 2]
[01:35:37.26] /i gi::setCurrentIndex {views} -index {schematic} -in [gi::getWindows 2]
[01:35:37.26] /i gi::setItemSelection {views} -index {schematic} -in [gi::getWindows 2]
[01:35:37.76] /i gi::setCurrentIndex {views} -index {symbol} -in [gi::getWindows 2]
[01:35:37.76] /i gi::setItemSelection {views} -index {symbol} -in [gi::getWindows 2]
[01:35:38.55] /i gi::setCurrentIndex {views} -index {layout} -in [gi::getWindows 2]
[01:35:38.55] /i gi::setItemSelection {views} -index {layout} -in [gi::getWindows 2]
[01:36:05.31] /i gi::setCurrentIndex {views} -index {schematic} -in [gi::getWindows 2]
[01:36:05.31] /i gi::setItemSelection {views} -index {schematic} -in [gi::getWindows 2]
[01:36:06.40] /i gi::setCurrentIndex {views} -index {layout} -in [gi::getWindows 2]
[01:36:06.41] /i gi::setItemSelection {views} -index {layout} -in [gi::getWindows 2]
[01:36:06.93] /i gi::executeAction dmOpen -in [gi::getWindows 2]
[01:36:06.95] /r giWindowId 9
[01:36:06.96] /r giWindowGeometry 1632x1020
[01:36:06.98] /# de::setActiveLPP [de::getLPPs "exclude blockage" -from [db::getAttr editDesign -of [de::getContexts -window 9]]]
[01:36:09.96] /i gi::setField {stopLevel} -value {2} -in [gi::getToolbars {leHierarchy} -from [gi::getWindows 9]]
[01:36:18.41] /# gi::executeAction deSelectActive -in [gi::getWindows 9]
[01:36:18.41] /i de::deselectAll [db::getNext [de::getContexts -window 9]]
[01:36:18.41] /i de::select [de::getActiveFigure [gi::getWindows 9] -point {8.852 3.203} -index 0 -intent none]
[01:36:18.41] /o oa:0x1dd07a60
[01:36:19.10] /# gi::executeAction leDelete -in [gi::getWindows 9]
[01:36:19.10] /i ile::delete
[01:36:20.23] /# gi::executeAction deSelectByWindow -in [gi::getWindows 9]
[01:36:20.23] /i db::setPrefValue deSelectMode -value Replace -scope [db::getScopes [db::getNext [de::getContexts -window 9]]]; ide::selectByRegion -region rectangle -point {-0.07 6.135} 
[01:36:20.80] /# gi::executeAction deEndDrag -in [gi::getWindows 9]
[01:36:20.80] /i de::endDrag {11.179 -0.073} -context [db::getNext [de::getContexts -window 9]]
[01:36:22.77] /# gi::executeAction leDelete -in [gi::getWindows 9]
[01:36:22.77] /i ile::delete
[01:36:22.89] /# gi::executeAction leDelete -in [gi::getWindows 9]
[01:36:22.89] /i ile::delete
[01:36:23.52] /# gi::executeAction deAddPoint -in [gi::getWindows 9]
[01:36:23.52] /i de::addPoint {7.925 1.96} -context [db::getNext [de::getContexts -window 9]]
[01:36:24.58] /i gi::executeAction deSaveDesign -in [gi::getWindows 9]
[01:36:24.58] /m Information: Saving design 'inverter full_adder layout'. (DESIGN_WINDOW-004)
[01:36:24.71] /i gi::executeAction deSaveDesign -in [gi::getWindows 9]
[01:36:24.71] /m Information: Saving design 'inverter full_adder layout'. (DESIGN_WINDOW-004)
[01:36:25.97] /# gi::executeAction leInstance -in [gi::getWindows 9]
[01:36:25.97] /i ile::createInst
[01:36:26.07] /i gi::setActiveDialog [gi::getDialogs {leCreateInst} -parent [gi::getWindows 9]]
[01:36:26.35] /i db::setAttr geometry -of [gi::getDialogs {leCreateInst}] -value 612x532+654+253
[01:36:27.61] /i gi::setCurrentIndex {instLCVCellCategories} -index {LAB3} -in [gi::getDialogs {leCreateInst} -parent [gi::getWindows 9]]
[01:36:27.62] /i gi::setItemSelection {instLCVCellCategories} -index {LAB3} -in [gi::getDialogs {leCreateInst} -parent [gi::getWindows 9]]
[01:36:30.18] /i gi::setCurrentIndex {instLCVCells} -index {NAND2_2} -in [gi::getDialogs {leCreateInst} -parent [gi::getWindows 9]]
[01:36:30.18] /i gi::setItemSelection {instLCVCells} -index {NAND2_2} -in [gi::getDialogs {leCreateInst} -parent [gi::getWindows 9]]
[01:36:31.68] /# gi::executeAction deAddPoint -in [gi::getWindows 9]
[01:36:31.68] /i de::addPoint {2.496 3.073} -context [db::getNext [de::getContexts -window 9]]
[01:36:32.52] /# gi::executeAction deCanvasZoomOutAtPoint -in [gi::getWindows 9]
[01:36:32.52] /i de::zoom -window [gi::getWindows 9] -factor 0.5 -center {2.036 4.265}
[01:36:32.52] /o {-2.704 -4.511} {19.862 8.791}
[01:36:32.57] /# gi::executeAction deCanvasZoomOutAtPoint -in [gi::getWindows 9]
[01:36:32.57] /i de::zoom -window [gi::getWindows 9] -factor 0.5 -center {2.137 4.266}
[01:36:32.57] /o {-7.546 -13.288} {37.588 13.316}
[01:36:32.59] /# gi::executeAction deCanvasZoomOutAtPoint -in [gi::getWindows 9]
[01:36:32.59] /i de::zoom -window [gi::getWindows 9] -factor 0.5 -center {2.308 4.323}
[01:36:32.60] /o {-17.399 -30.898} {72.867 22.308}
[01:36:33.89] /# gi::executeAction deAbortCommand -in [gi::getWindows 9]
[01:36:33.89] /i de::abortCommand -context [db::getNext [de::getContexts -window 9]]
[01:36:34.40] /# gi::executeAction deSelectByWindow -in [gi::getWindows 9]
[01:36:34.40] /i db::setPrefValue deSelectMode -value Replace -scope [db::getScopes [db::getNext [de::getContexts -window 9]]]; ide::selectByRegion -region rectangle -point {-9.815 12.31} 
[01:36:34.60] /# gi::executeAction deEndDrag -in [gi::getWindows 9]
[01:36:34.60] /i de::endDrag {-4.241 2.945} -context [db::getNext [de::getContexts -window 9]]
[01:36:35.38] /# gi::executeAction leStartStretchDrag -in [gi::getWindows 9]
[01:36:35.38] /i layout_editor::directStretch [de::getActiveFigure [gi::getWindows 9] -point {-8.378 8.978} -index 0 -intent none] 9
[01:36:35.38] /# ile::stretch -point {-8.38 8.98}
[01:36:35.76] /# gi::executeAction deEndDrag -in [gi::getWindows 9]
[01:36:35.76] /i de::endDrag {18.512 9.15} -context [db::getNext [de::getContexts -window 9]]
[01:36:36.03] /# gi::executeAction deCanvasZoomInAtPoint -in [gi::getWindows 9]
[01:36:36.03] /i de::zoom -window [gi::getWindows 9] -factor 2.0 -center {18.684 11.449}
[01:36:36.04] /o {0.642 -9.725} {45.776 16.879}
[01:36:36.07] /# gi::executeAction deCanvasZoomInAtPoint -in [gi::getWindows 9]
[01:36:36.07] /i de::zoom -window [gi::getWindows 9] -factor 2.0 -center {18.684 11.449}
[01:36:36.07] /o {9.663 0.862} {32.23 14.164}
[01:36:36.58] /# gi::executeAction deSelectActive -in [gi::getWindows 9]
[01:36:36.58] /i de::deselectAll [db::getNext [de::getContexts -window 9]]
[01:36:36.58] /i de::deselectAllLogic -context [db::getNext [de::getContexts -window 9]]
[01:36:36.74] /# gi::executeAction deCanvasZoomInAtPoint -in [gi::getWindows 9]
[01:36:36.74] /i de::zoom -window [gi::getWindows 9] -factor 2.0 -center {19.417 9.337}
[01:36:36.74] /o {14.54 5.1} {25.823 11.75}
[01:36:36.80] /# gi::executeAction deCanvasZoomInAtPoint -in [gi::getWindows 9]
[01:36:36.80] /i de::zoom -window [gi::getWindows 9] -factor 2.0 -center {19.137 9.438}
[01:36:36.80] /o {16.839 7.269} {22.48 10.594}
[01:36:37.27] /# gi::executeAction deCanvasZoomOutAtPoint -in [gi::getWindows 9]
[01:36:37.27] /i de::zoom -window [gi::getWindows 9] -factor 0.5 -center {18.986 9.528}
[01:36:37.27] /o {14.691 5.01} {25.974 11.66}
[01:36:41.36] /i gi::executeAction deSaveDesign -in [gi::getWindows 9]
[01:36:41.36] /m Information: Saving design 'inverter full_adder layout'. (DESIGN_WINDOW-004)
[01:36:42.48] /# gi::executeAction xtDRCRun -in [gi::getWindows 9]
[01:36:42.48] /i xt::physicalVerification::executeRun drc 9
[01:36:42.54] /# xt::physicalVerification::executePve drc 9
[01:36:42.55] /e Error: xtDRCHerculesRunsetFile: preference value is empty in '/home/itsupport/Desktop/lab1vlsi/synopsys_custom/full_adder.hercules.drc_pve' scope.
[01:36:42.76] /i gi::setActiveDialog [gi::getDialogs {xtDRCSetup} -parent [gi::getWindows 9]]
[01:36:43.05] /i db::setAttr geometry -of [gi::getDialogs {xtDRCSetup} -parent [gi::getWindows 9]] -value 475x427+865+447
[01:36:45.14] /i gi::pressButton {/tabGroup/mainTab/runDir/browseButton} -in [gi::getDialogs {xtDRCSetup} -parent [gi::getWindows 9]]
[01:36:47.98] /r giFileDialog accept .
[01:36:49.92] /i gi::pressButton {/apply} -in [gi::getDialogs {xtDRCSetup} -parent [gi::getWindows 9]]
[01:36:50.34] /# xt::physicalVerification::executePve drc 9
[01:36:51.13] /r giWindowId 10
[01:36:51.14] /r giWindowGeometry 800x600
[01:36:52.06] /m Information: 
              /c =============================
              /c JobID: hercules_drc_415
              /c --- ERROR SUMMARY -----------
              /c 7.30: Minimum area of Metal 1 >= 0.04
              /c  AREA M1S { } (101) ..................................... 3 violations found.
              /c 7.32: Minimum width for Metal 2 >= 0.15
              /c  INTERNAL M2S { } (101) ................................. 1 violation found.
              /c 7.35: Minimum area of Metal 2 >= 0.06
              /c  AREA M2S { } (101) ..................................... 1 violation found.
              /c =============================
              /c 
[01:36:52.29] /j ::xt::hercules::vue::_private::registerConnection localhost:49365 tcp13 herculesVue_2 
[01:36:52.35] /j ::xt::hercules::vue::_private::isJobReady 
[01:36:52.35] /o false
[01:36:53.35] /j ::xt::hercules::vue::_private::isJobReady 
[01:36:53.35] /o false
[01:36:53.35] /m Information: Connection established with 'Hercules-VUE' running on 'localhost'.
[01:36:54.35] /i gi::closeWindows [gi::getDialogs {xtDRCSetup} -parent [gi::getWindows 9]]
[01:36:54.36] /j ::xt::hercules::vue::_private::isJobReady 
[01:36:54.36] /o true
[01:36:54.37] /j ::xt::hercules::vue::startFilter LAY 
[01:36:54.52] /j ::xt::hercules::vue::setInlibPath /home/itsupport/Desktop/lab1vlsi/. 
[01:36:54.55] /j ::xt::hercules::vue::setTopLayLCV inverter full_adder layout 
[01:36:54.55] /j ::xt::hercules::vue::openCell inverter full_adder layout 
[01:37:00.74] /j ::xt::hercules::vue::clearAllHighlights full_adder layout 
[01:37:00.77] /j ::xt::hercules::vue::clearAllHighlights full_adder layout 
[01:37:00.96] /m Information: Connection closed with 'Hercules-VUE' running on 'localhost'.
[01:37:01.82] /i gi::setActiveWindow 9
[01:37:01.82] /i gi::setActiveWindow 9 -raise true
[01:37:02.79] /i gi::executeAction giCloseWindow -in [gi::getWindows 10]
[01:37:03.21] /# gi::executeAction deCanvasZoomInAtPoint -in [gi::getWindows 9]
[01:37:03.21] /i de::zoom -window [gi::getWindows 9] -factor 2.0 -center {17.973 11.014}
[01:37:03.21] /o {16.332 8.012} {21.974 11.337}
[01:37:03.45] /# gi::executeAction deCanvasZoomInAtPoint -in [gi::getWindows 9]
[01:37:03.45] /i de::zoom -window [gi::getWindows 9] -factor 2.0 -center {17.962 10.87}
[01:37:03.46] /o {17.147 9.441} {19.968 11.104}
[01:37:03.75] /# gi::executeAction deCanvasZoomInAtPoint -in [gi::getWindows 9]
[01:37:03.75] /i de::zoom -window [gi::getWindows 9] -factor 2.0 -center {18.091 10.655}
[01:37:03.75] /o {17.619 10.048} {19.029 10.879}
[01:37:05.52] /# gi::executeAction leVia -in [gi::getWindows 9]
[01:37:05.52] /i ile::createVia
[01:37:05.55] /o oa:0x20cd0300
[01:37:07.13] /i gi::setField {viaAuto} -value {true} -in [gi::getToolbars {deCommandOptions} -from [gi::getWindows 9]]
[01:37:08.29] /# gi::executeAction deAddPoint -in [gi::getWindows 9]
[01:37:08.29] /i de::addPoint {18.088 10.432} -context [db::getNext [de::getContexts -window 9]]
[01:37:08.74] /# gi::executeAction deAddPoint -in [gi::getWindows 9]
[01:37:08.74] /i de::addPoint {18.533 10.434} -context [db::getNext [de::getContexts -window 9]]
[01:37:09.04] /# gi::executeAction deCompleteShape -in [gi::getWindows 9]
[01:37:09.04] /i de::completeShape -context [db::getNext [de::getContexts -window 9]]
[01:37:21.35] /i gi::pressButton {ConsoleToggleButton} -in [db::getAttr statusbar -of [gi::getWindows 9]]
[01:37:23.77] /i db::setAttr shown -of [gi::getAssistants giConsole -from [gi::getWindows 9]] -value false
[01:37:24.76] /# gi::executeAction leVia -in [gi::getWindows 9]
[01:37:24.76] /i ile::createVia
[01:37:25.36] /# gi::executeAction deAddPoint -in [gi::getWindows 9]
[01:37:25.36] /i de::addPoint {18.112 10.453} -context [db::getNext [de::getContexts -window 9]]
[01:37:25.54] /# gi::executeAction deCompleteShape -in [gi::getWindows 9]
[01:37:25.54] /i de::completeShape -context [db::getNext [de::getContexts -window 9]]
[01:37:25.69] /# gi::executeAction deAddPoint -in [gi::getWindows 9]
[01:37:25.69] /i de::addPoint {18.096 10.451} -context [db::getNext [de::getContexts -window 9]]
[01:37:26.05] /# gi::executeAction deAddPoint -in [gi::getWindows 9]
[01:37:26.05] /i de::addPoint {18.056 10.469} -context [db::getNext [de::getContexts -window 9]]
[01:37:26.24] /# gi::executeAction deCompleteShape -in [gi::getWindows 9]
[01:37:26.24] /i de::completeShape -context [db::getNext [de::getContexts -window 9]]
[01:37:26.47] /# gi::executeAction deCanvasZoomOutAtPoint -in [gi::getWindows 9]
[01:37:26.47] /i de::zoom -window [gi::getWindows 9] -factor 0.5 -center {18.263 10.394}
[01:37:26.47] /o {16.975 9.702} {19.796 11.365}
[01:37:27.09] /# gi::executeAction deAddPoint -in [gi::getWindows 9]
[01:37:27.09] /i de::addPoint {18.28 10.42} -context [db::getNext [de::getContexts -window 9]]
[01:37:28.28] /# gi::executeAction leRectangle -in [gi::getWindows 9]
[01:37:28.28] /i ile::createRectangle
[01:37:35.43] /i de::setActiveLPP [de::getLPPs "m2 drawing" -from [db::getAttr editDesign -of [de::getContexts -window 9]]]
[01:37:37.11] /# gi::executeAction leRectangle -in [gi::getWindows 9]
[01:37:37.11] /i ile::createRectangle
[01:37:37.50] /# gi::executeAction deCanvasZoomInAtPoint -in [gi::getWindows 9]
[01:37:37.50] /i de::zoom -window [gi::getWindows 9] -factor 2.0 -center {18.07 10.345}
[01:37:37.50] /o {17.523 10.023} {18.933 10.855}
[01:37:39.09] /# gi::executeAction deAddPoint -in [gi::getWindows 9]
[01:37:39.09] /i de::addPoint {18.024 10.499} -context [db::getNext [de::getContexts -window 9]]
[01:37:41.05] /# gi::executeAction deAddPoint -in [gi::getWindows 9]
[01:37:41.05] /i de::addPoint {18.479 10.394} -context [db::getNext [de::getContexts -window 9]]
[01:37:43.19] /# gi::executeAction leVia -in [gi::getWindows 9]
[01:37:43.19] /i ile::createVia
[01:37:43.21] /o oa:0x21005db0
[01:37:47.28] /i de::setActiveLPP [de::getLPPs "m1 drawing" -from [db::getAttr editDesign -of [de::getContexts -window 9]]]
[01:37:48.13] /# gi::executeAction leRectangle -in [gi::getWindows 9]
[01:37:48.13] /i ile::createRectangle
[01:37:49.17] /# gi::executeAction deStartDrag -in [gi::getWindows 9]
[01:37:49.17] /i de::startDrag {18.371 10.502} -context [db::getNext [de::getContexts -window 9]]
[01:37:49.56] /# gi::executeAction deEndDrag -in [gi::getWindows 9]
[01:37:49.56] /i de::endDrag {18.524 10.094} -context [db::getNext [de::getContexts -window 9]]
[01:37:50.76] /# gi::executeAction leVia -in [gi::getWindows 9]
[01:37:50.76] /i ile::createVia
[01:37:50.79] /o oa:0x2152cb00
[01:37:51.56] /# gi::executeAction deAddPoint -in [gi::getWindows 9]
[01:37:51.56] /i de::addPoint {18.102 10.466} -context [db::getNext [de::getContexts -window 9]]
[01:37:52.45] /# gi::executeAction deAbortCommand -in [gi::getWindows 9]
[01:37:52.45] /i de::abortCommand -context [db::getNext [de::getContexts -window 9]]
[01:37:53.48] /# gi::executeAction leVia -in [gi::getWindows 9]
[01:37:53.48] /i ile::createVia
[01:37:53.50] /o oa:0x20c91eb0
[01:37:53.63] /# gi::executeAction leVia -in [gi::getWindows 9]
[01:37:53.63] /i ile::createVia
[01:37:53.78] /# gi::executeAction leVia -in [gi::getWindows 9]
[01:37:53.78] /i ile::createVia
[01:37:53.91] /# gi::executeAction leVia -in [gi::getWindows 9]
[01:37:53.91] /i ile::createVia
[01:37:54.05] /# gi::executeAction leVia -in [gi::getWindows 9]
[01:37:54.05] /i ile::createVia
[01:37:57.15] /# gi::executeAction leShowDesignOptions -in [gi::getWindows 9]
[01:37:57.15] /i le::showDesignOptions
[01:37:57.16] /# gi::setActiveTab {tabWidget} -tabName {grids} -in [gi::getDialogs {deLayoutDesignOptions} -parent [gi::getWindows 9]]
[01:37:57.16] /# gi::setActiveTab {tabWidget} -tabName {general} -in [gi::getDialogs {deLayoutDesignOptions} -parent [gi::getWindows 9]]
[01:37:57.16] /o oa:0x1ae81b10
[01:37:57.22] /i gi::setActiveDialog [gi::getDialogs {deLayoutDesignOptions} -parent [gi::getWindows 9]]
[01:37:57.48] /i db::setAttr geometry -of [gi::getDialogs {deLayoutDesignOptions} -parent [gi::getWindows 9]] -value 645x597+0+65
[01:37:58.00] /i gi::setActiveTab {tabWidget} -tabName {grids} -in [gi::getDialogs {deLayoutDesignOptions} -parent [gi::getWindows 9]]
[01:37:59.07] /i gi::setActiveTab {tabWidget} -tabName {command} -in [gi::getDialogs {deLayoutDesignOptions} -parent [gi::getWindows 9]]
[01:38:00.27] /i gi::setField {autoAbutment} -value {true} -in [gi::getDialogs {deLayoutDesignOptions} -parent [gi::getWindows 9]]
[01:38:02.31] /i gi::setField {postAutoAbutmentProcedure} -value {true} -in [gi::getDialogs {deLayoutDesignOptions} -parent [gi::getWindows 9]]
[01:38:02.87] /i gi::pressButton {ok} -in [gi::getDialogs {deLayoutDesignOptions} -parent [gi::getWindows 9]]
[01:38:03.39] /# gi::executeAction deAddPoint -in [gi::getWindows 9]
[01:38:03.39] /i de::addPoint {18.108 10.426} -context [db::getNext [de::getContexts -window 9]]
[01:38:04.03] /# gi::executeAction leVia -in [gi::getWindows 9]
[01:38:04.03] /i ile::createVia
[01:38:04.45] /# gi::executeAction leVia -in [gi::getWindows 9]
[01:38:04.45] /i ile::createVia
[01:38:04.61] /# gi::executeAction leVia -in [gi::getWindows 9]
[01:38:04.62] /i ile::createVia
[01:38:04.75] /# gi::executeAction leVia -in [gi::getWindows 9]
[01:38:04.75] /i ile::createVia
[01:38:04.90] /# gi::executeAction leVia -in [gi::getWindows 9]
[01:38:04.90] /i ile::createVia
[01:38:05.04] /# gi::executeAction leVia -in [gi::getWindows 9]
[01:38:05.04] /i ile::createVia
[01:38:05.19] /# gi::executeAction leVia -in [gi::getWindows 9]
[01:38:05.19] /i ile::createVia
[01:38:07.14] /i gi::pressButton {dnSyncButton} -in [gi::getToolbars {deCommandOptions} -from [gi::getWindows 9]]
[01:38:07.14] /i gi::setField {/nets/textEdit} -value {} -in [gi::getToolbars {deCommandOptions} -from [gi::getWindows 9 ]]
[01:38:07.75] /i gi::setField {viaAutoAllowExceed} -value {false} -in [gi::getToolbars {deCommandOptions} -from [gi::getWindows 9]]
[01:38:09.18] /i gi::setField {viaAuto} -value {false} -in [gi::getToolbars {deCommandOptions} -from [gi::getWindows 9]]
[01:38:20.79] /# gi::executeAction deCanvasZoomOutAtPoint -in [gi::getWindows 9]
[01:38:20.79] /i de::zoom -window [gi::getWindows 9] -factor 0.5 -center {18.353 10.396}
[01:38:20.79] /o {16.692 9.651} {19.513 11.314}
[01:38:20.85] /# gi::executeAction deCanvasZoomOutAtPoint -in [gi::getWindows 9]
[01:38:20.85] /i de::zoom -window [gi::getWindows 9] -factor 0.5 -center {18.364 10.391}
[01:38:20.85] /o {15.02 8.911} {20.662 12.236}
[01:38:21.31] /# gi::executeAction deCanvasZoomOutAtPoint -in [gi::getWindows 9]
[01:38:21.31] /i de::zoom -window [gi::getWindows 9] -factor 0.5 -center {18.794 9.906}
[01:38:21.31] /o {11.246 7.916} {22.529 14.566}
[01:38:21.33] /# gi::executeAction deCanvasZoomOutAtPoint -in [gi::getWindows 9]
[01:38:21.33] /i de::zoom -window [gi::getWindows 9] -factor 0.5 -center {18.787 9.797}
[01:38:21.34] /o {3.705 6.034} {26.272 19.336}
[01:38:21.39] /# gi::executeAction deCanvasZoomOutAtPoint -in [gi::getWindows 9]
[01:38:21.39] /i de::zoom -window [gi::getWindows 9] -factor 0.5 -center {18.716 9.539}
[01:38:21.39] /o {-11.306 2.529} {33.828 29.133}
[01:38:22.54] /# gi::executeAction deCanvasZoomInAtPoint -in [gi::getWindows 9]
[01:38:22.54] /i de::zoom -window [gi::getWindows 9] -factor 2.0 -center {18.285 7.212}
[01:38:22.54] /o {3.49 4.871} {26.056 18.172}
[01:38:22.65] /# gi::executeAction deCanvasZoomInAtPoint -in [gi::getWindows 9]
[01:38:22.65] /i de::zoom -window [gi::getWindows 9] -factor 2.0 -center {18.271 7.169}
[01:38:22.65] /o {10.88 6.02} {22.164 12.671}
[01:38:30.04] /# gi::executeAction deCanvasZoomInAtPoint -in [gi::getWindows 9]
[01:38:30.04] /i de::zoom -window [gi::getWindows 9] -factor 2.0 -center {18.314 10.013}
[01:38:30.04] /o {14.597 8.016} {20.239 11.342}
[01:38:30.28] /# gi::executeAction deAbortCommand -in [gi::getWindows 9]
[01:38:30.28] /i de::abortCommand -context [db::getNext [de::getContexts -window 9]]
[01:38:30.69] /# gi::executeAction deCanvasZoomOutAtPoint -in [gi::getWindows 9]
[01:38:30.69] /i de::zoom -window [gi::getWindows 9] -factor 0.5 -center {18.206 10.153}
[01:38:30.69] /o {10.988 5.88} {22.272 12.531}
[01:38:31.19] /# gi::executeAction deSelectActive -in [gi::getWindows 9]
[01:38:31.19] /i de::deselectAll [db::getNext [de::getContexts -window 9]]
[01:38:31.19] /i de::select [de::getActiveFigure [gi::getWindows 9] -point {18.946 9.658} -index 0 -intent none]
[01:38:31.19] /o oa:0x215ae8c0
[01:38:33.87] /# gi::executeAction deCanvasZoomInAtPoint -in [gi::getWindows 9]
[01:38:33.87] /i de::zoom -window [gi::getWindows 9] -factor 2.0 -center {18.731 10.175}
[01:38:33.87] /o {14.86 8.027} {20.501 11.353}
[01:38:35.29] /# gi::executeAction deSelectActive -in [gi::getWindows 9]
[01:38:35.29] /i de::cycleActiveFigure [gi::getWindows 9] -direction next
[01:38:35.29] /o oa:0x20e7b350
[01:38:35.46] /# gi::executeAction deDescend -in [gi::getWindows 9]
[01:38:35.46] /i ide::descend 9 -inPlace false -promptView false -readOnly auto
[01:38:35.46] /# Navigating to inverter/NAND2_2/layout (I182)
[01:38:35.46] /# de::setActiveLPP [de::getLPPs "exclude blockage" -from [db::getAttr editDesign -of [de::getContexts -window 7]]]
[01:38:35.48] /# de::setActiveLPP [de::getLPPs "m1 drawing" -from [db::getAttr editDesign -of [de::getContexts -window 9]]]
[01:38:36.15] /# gi::executeAction deCanvasZoomInAtPoint -in [gi::getWindows 9]
[01:38:36.15] /i de::zoom -window [gi::getWindows 9] -factor 2.0 -center {-11.428 7.599}
[01:38:36.15] /o {-13.89 5.095} {-8.8 8.095}
[01:38:36.24] /# gi::executeAction deCanvasZoomInAtPoint -in [gi::getWindows 9]
[01:38:36.24] /i de::zoom -window [gi::getWindows 9] -factor 2.0 -center {-11.408 7.615}
[01:38:36.24] /o {-12.649 6.355} {-10.104 7.855}
[01:38:37.72] /# gi::executeAction leVia -in [gi::getWindows 9]
[01:38:37.72] /i ile::createVia
[01:38:37.76] /o oa:0x2153abc0
[01:38:39.60] /i gi::setField {viaAuto} -value {true} -in [gi::getToolbars {deCommandOptions} -from [gi::getWindows 9]]
[01:38:40.54] /# gi::executeAction deAddPoint -in [gi::getWindows 9]
[01:38:40.54] /i de::addPoint {-11.292 7.357} -context [db::getNext [de::getContexts -window 9]]
[01:38:41.19] /# gi::executeAction deAddPoint -in [gi::getWindows 9]
[01:38:41.19] /i de::addPoint {-10.937 7.338} -context [db::getNext [de::getContexts -window 9]]
[01:38:42.40] /i gi::executeAction deSaveDesign -in [gi::getWindows 9]
[01:38:42.40] /m Information: Saving design 'inverter NAND2_2 layout'. (DESIGN_WINDOW-004)
[01:38:42.61] /i gi::executeAction deSaveDesign -in [gi::getWindows 9]
[01:38:42.61] /m Information: Saving design 'inverter NAND2_2 layout'. (DESIGN_WINDOW-004)
[01:38:42.76] /i gi::executeAction deSaveDesign -in [gi::getWindows 9]
[01:38:42.76] /m Information: Saving design 'inverter NAND2_2 layout'. (DESIGN_WINDOW-004)
[01:38:45.36] /# gi::executeAction xtDRCSetup -in [gi::getWindows 9]
[01:38:45.36] /i xt::showDRCSetup -job drc -window 9
[01:38:45.94] /# gi::setActiveDialog [gi::getDialogs {xtDRCSetup} -parent [gi::getWindows 9]]
[01:38:46.04] /o oa:0x20e8cae0
[01:38:46.14] /i db::setAttr geometry -of [gi::getDialogs {xtDRCSetup} -parent [gi::getWindows 9]] -value 475x427+865+410
[01:38:47.51] /i gi::pressButton {/apply} -in [gi::getDialogs {xtDRCSetup} -parent [gi::getWindows 9]]
[01:38:47.96] /r giDialog gi::setActiveDialog [gi::getDialogs {xtShowDesignsPrompt}]
[01:38:47.96] /r giDialog gi::setCurrentIndex {target} -index {0,0} -in [gi::getDialogs {xtShowDesignsPrompt}]
[01:38:48.23] /r giDialog db::setAttr geometry -of [gi::getDialogs {xtShowDesignsPrompt}] -value 649x290+626+410
[01:38:50.25] /r giDialog gi::pressButton {ok} -in [gi::getDialogs {xtShowDesignsPrompt}]
[01:38:50.27] /# xt::physicalVerification::executePve drc 9
[01:38:50.71] /# gi::setActiveDialog [gi::getDialogs {xtDRCSetup} -parent [gi::getWindows 9]]
[01:38:51.16] /r giWindowId 11
[01:38:51.17] /r giWindowGeometry 800x600
[01:38:52.08] /m Information: 
              /c =============================
              /c JobID: hercules_drc_416
              /c --- ERROR SUMMARY -----------
              /c 7.30: Minimum area of Metal 1 >= 0.04
              /c  AREA M1S { } (101) ..................................... 3 violations found.
              /c 7.32: Minimum width for Metal 2 >= 0.15
              /c  INTERNAL M2S { } (101) ................................. 1 violation found.
              /c 7.34: Minimum spacing for Metal 2 >= 0.15
              /c  EXTERNAL M2S { } (101) ................................. 2 violations found.
              /c =============================
              /c 
[01:38:52.33] /j ::xt::hercules::vue::_private::registerConnection localhost:58730 tcp20 herculesVue_3 
[01:38:52.37] /m Information: Connection established with 'Hercules-VUE' running on 'localhost'.
[01:38:52.37] /j ::xt::hercules::vue::_private::isJobReady 
[01:38:52.37] /o true
[01:38:52.37] /j ::xt::hercules::vue::startFilter LAY 
[01:38:52.59] /j ::xt::hercules::vue::setInlibPath /home/itsupport/Desktop/lab1vlsi/synopsys_custom/NAND2_2.hercules.drc/. 
[01:38:52.61] /j ::xt::hercules::vue::setTopLayLCV inverter NAND2_2 layout 
[01:38:52.63] /j ::xt::hercules::vue::openCell inverter NAND2_2 layout 
[01:38:58.96] /j ::xt::hercules::vue::clearAllHighlights NAND2_2 layout 
[01:38:58.96] /j ::xt::hercules::vue::clearAllHighlights NAND2_2 layout 
[01:38:59.16] /m Information: Connection closed with 'Hercules-VUE' running on 'localhost'.
[01:38:59.47] /i gi::closeWindows [gi::getDialogs {xtDRCSetup} -parent [gi::getWindows 9]]
[01:39:00.13] /i gi::setActiveWindow 9
[01:39:00.13] /i gi::setActiveWindow 9 -raise true
[01:39:00.53] /# gi::executeAction deAbortCommand -in [gi::getWindows 9]
[01:39:00.53] /i de::abortCommand -context [db::getNext [de::getContexts -window 9]]
[01:39:00.80] /# gi::executeAction deCanvasZoomInAtPoint -in [gi::getWindows 9]
[01:39:00.80] /i de::zoom -window [gi::getWindows 9] -factor 2.0 -center {-11.07 7.445}
[01:39:00.80] /o {-11.86 6.9} {-10.587 7.65}
[01:39:00.87] /# gi::executeAction deCanvasZoomInAtPoint -in [gi::getWindows 9]
[01:39:00.87] /i de::zoom -window [gi::getWindows 9] -factor 2.0 -center {-11.065 7.435}
[01:39:00.87] /o {-11.462 7.167} {-10.826 7.542}
[01:39:01.25] /# gi::executeAction deSelectActive -in [gi::getWindows 9]
[01:39:01.25] /i de::deselectAll [db::getNext [de::getContexts -window 9]]
[01:39:01.25] /i de::select [de::getActiveFigure [gi::getWindows 9] -point {-11.074 7.402} -index 0 -intent none]
[01:39:01.25] /o oa:0x20ef6240
[01:39:02.42] /i gi::setItemSelection {attributes} -index {height,all} -in [gi::getAssistants dePropertyEditor -from [gi::getWindows 9]]
[01:39:02.42] /i gi::setCurrentIndex {attributes} -index {height,Value} -in [gi::getAssistants dePropertyEditor -from [gi::getWindows 9]]
[01:39:03.33] /i gi::setField {attributes} -value {0.15} -index {height,Value} -in [gi::getAssistants dePropertyEditor -from [gi::getWindows 9]]
[01:39:03.33] /i gi::executeAction dePropertyEditorApplyChanges -in [gi::getAssistants dePropertyEditor -from [gi::getWindows 9]]
[01:39:05.93] /i gi::executeAction deSaveDesign -in [gi::getWindows 9]
[01:39:05.93] /m Information: Saving design 'inverter NAND2_2 layout'. (DESIGN_WINDOW-004)
[01:39:07.56] /# gi::executeAction xtDRCRun -in [gi::getWindows 9]
[01:39:07.56] /i xt::physicalVerification::executeRun drc 9
[01:39:07.62] /# xt::physicalVerification::executePve drc 9
[01:39:09.36] /m Information: 
              /c =============================
              /c JobID: hercules_drc_417
              /c --- ERROR SUMMARY -----------
              /c 7.30: Minimum area of Metal 1 >= 0.04
              /c  AREA M1S { } (101) ..................................... 3 violations found.
              /c 7.34: Minimum spacing for Metal 2 >= 0.15
              /c  EXTERNAL M2S { } (101) ................................. 1 violation found.
              /c =============================
              /c 
[01:39:09.56] /j ::xt::hercules::vue::_private::registerConnection localhost:41718 tcp26 herculesVue_4 
[01:39:09.56] /m Information: Connection established with 'Hercules-VUE' running on 'localhost'.
[01:39:09.61] /j ::xt::hercules::vue::_private::isJobReady 
[01:39:09.61] /o true
[01:39:09.63] /j ::xt::hercules::vue::startFilter LAY 
[01:39:09.76] /j ::xt::hercules::vue::setInlibPath /home/itsupport/Desktop/lab1vlsi/synopsys_custom/NAND2_2.hercules.drc/. 
[01:39:09.76] /j ::xt::hercules::vue::setTopLayLCV inverter NAND2_2 layout 
[01:39:09.76] /j ::xt::hercules::vue::openCell inverter NAND2_2 layout 
[01:39:14.89] /j ::xt::hercules::vue::clearAllHighlights NAND2_2 layout 
[01:39:14.91] /j ::xt::hercules::vue::clearAllHighlights NAND2_2 layout 
[01:39:15.06] /m Information: Connection closed with 'Hercules-VUE' running on 'localhost'.
[01:39:15.95] /i gi::setActiveWindow 9
[01:39:15.95] /i gi::setActiveWindow 9 -raise true
[01:39:16.31] /# gi::executeAction deCanvasZoomOutAtPoint -in [gi::getWindows 9]
[01:39:16.31] /i de::zoom -window [gi::getWindows 9] -factor 0.5 -center {-11.007 7.446}
[01:39:16.31] /o {-11.918 6.889} {-10.645 7.639}
[01:39:16.39] /# gi::executeAction deCanvasZoomOutAtPoint -in [gi::getWindows 9]
[01:39:16.39] /i de::zoom -window [gi::getWindows 9] -factor 0.5 -center {-11.001 7.434}
[01:39:16.39] /o {-12.834 6.344} {-10.289 7.844}
[01:39:16.46] /# gi::executeAction deCanvasZoomOutAtPoint -in [gi::getWindows 9]
[01:39:16.46] /i de::zoom -window [gi::getWindows 9] -factor 0.5 -center {-11 7.4}
[01:39:16.46] /o {-14.668 5.288} {-9.578 8.288}
[01:39:16.87] /# gi::executeAction deCanvasZoomOutAtPoint -in [gi::getWindows 9]
[01:39:16.88] /i de::zoom -window [gi::getWindows 9] -factor 0.5 -center {-10.816 6.149}
[01:39:16.88] /o {-18.52 4.426} {-8.341 10.426}
[01:39:16.91] /# gi::executeAction deCanvasZoomOutAtPoint -in [gi::getWindows 9]
[01:39:16.91] /i de::zoom -window [gi::getWindows 9] -factor 0.5 -center {-10.816 6.15}
[01:39:16.91] /o {-26.224 2.702} {-5.866 14.702}
[01:39:17.24] /# gi::executeAction deCanvasZoomInAtPoint -in [gi::getWindows 9]
[01:39:17.24] /i de::zoom -window [gi::getWindows 9] -factor 2.0 -center {-10.894 4.27}
[01:39:17.24] /o {-18.559 3.486} {-8.38 9.486}
[01:39:17.42] /# gi::executeAction deFitView -in [gi::getWindows 9]
[01:39:17.42] /i de::fit -window 9 -fitView true
[01:39:17.42] /o {-16.352 2.59} {-6.173 8.59}
[01:39:18.01] /# gi::executeAction deCanvasZoomInAtPoint -in [gi::getWindows 9]
[01:39:18.01] /i de::zoom -window [gi::getWindows 9] -factor 2.0 -center {-11.175 7.825}
[01:39:18.02] /o {-13.764 5.208} {-8.674 8.208}
[01:39:18.06] /# gi::executeAction deCanvasZoomInAtPoint -in [gi::getWindows 9]
[01:39:18.06] /i de::zoom -window [gi::getWindows 9] -factor 2.0 -center {-11.175 7.825}
[01:39:18.06] /o {-12.469 6.516} {-9.924 8.016}
[01:39:18.13] /# gi::executeAction deCanvasZoomInAtPoint -in [gi::getWindows 9]
[01:39:18.13] /i de::zoom -window [gi::getWindows 9] -factor 2.0 -center {-11.175 7.825}
[01:39:18.14] /o {-11.822 7.171} {-10.55 7.921}
[01:39:20.27] /# gi::executeAction deSelectActive -in [gi::getWindows 9]
[01:39:20.27] /i de::deselectAll [db::getNext [de::getContexts -window 9]]
[01:39:20.27] /i de::select [de::getActiveFigure [gi::getWindows 9] -point {-11.186 7.44} -index 0 -intent none]
[01:39:20.27] /o oa:0x21110ee0
[01:39:22.66] /# gi::executeAction leStartStretchDrag -in [gi::getWindows 9]
[01:39:22.66] /i layout_editor::directStretch [de::getActiveFigure [gi::getWindows 9] -point {-11.068 7.463} -index 0 -intent none] 9
[01:39:22.66] /# db::setPrefValue deSelectMode -value Replace -scope [db::getScopes [db::getNext [de::getContexts -window 9]]]; ide::selectByRegion -region rectangle -point {-11.07 7.465} 
[01:39:23.07] /# gi::executeAction deEndDrag -in [gi::getWindows 9]
[01:39:23.07] /i de::endDrag {-11.069 7.439} -context [db::getNext [de::getContexts -window 9]]
[01:39:23.34] /# gi::executeAction deSelectActive -in [gi::getWindows 9]
[01:39:23.34] /i de::deselectAll [db::getNext [de::getContexts -window 9]]
[01:39:23.34] /i de::select [de::getActiveFigure [gi::getWindows 9] -point {-11.068 7.456} -index 0 -intent none]
[01:39:23.34] /o oa:0x2150ab80
[01:39:23.83] /# gi::executeAction leStartStretchDrag -in [gi::getWindows 9]
[01:39:23.83] /i layout_editor::directStretch [de::getActiveFigure [gi::getWindows 9] -point {-11.068 7.456} -index 0 -intent none] 9
[01:39:23.83] /# ile::stretch -point {-11.07 7.455}
[01:39:25.64] /# gi::executeAction deEndDrag -in [gi::getWindows 9]
[01:39:25.64] /i de::endDrag {-11.068 7.439} -context [db::getNext [de::getContexts -window 9]]
[01:39:26.41] /i gi::executeAction giCloseWindow -in [gi::getWindows 7]
[01:39:27.72] /i gi::executeAction deSaveDesign -in [gi::getWindows 9]
[01:39:27.73] /m Information: Saving design 'inverter NAND2_2 layout'. (DESIGN_WINDOW-004)
[01:39:27.87] /i gi::executeAction deSaveDesign -in [gi::getWindows 9]
[01:39:27.87] /m Information: Saving design 'inverter NAND2_2 layout'. (DESIGN_WINDOW-004)
[01:39:28.02] /i gi::executeAction deSaveDesign -in [gi::getWindows 9]
[01:39:28.03] /m Information: Saving design 'inverter NAND2_2 layout'. (DESIGN_WINDOW-004)
[01:39:28.55] /# gi::executeAction deSelectActive -in [gi::getWindows 9]
[01:39:28.55] /i de::deselectAll [db::getNext [de::getContexts -window 9]]
[01:39:28.55] /i de::select [de::getActiveFigure [gi::getWindows 9] -point {-11.214 7.434} -index 0 -intent none]
[01:39:28.55] /o oa:0x1dbce810
[01:39:28.94] /# gi::executeAction deSelectActive -in [gi::getWindows 9]
[01:39:28.94] /i de::deselectAll [db::getNext [de::getContexts -window 9]]
[01:39:28.94] /i de::select [de::getActiveFigure [gi::getWindows 9] -point {-11.194 7.427} -index 0 -intent none]
[01:39:28.94] /o oa:0x1e3f3960
[01:39:29.57] /# gi::executeAction deSelectActive -in [gi::getWindows 9]
[01:39:29.57] /i de::deselectAll [db::getNext [de::getContexts -window 9]]
[01:39:29.57] /i de::deselectAllLogic -context [db::getNext [de::getContexts -window 9]]
[01:39:29.93] /# gi::executeAction deSelectActive -in [gi::getWindows 9]
[01:39:29.93] /i de::deselectAll [db::getNext [de::getContexts -window 9]]
[01:39:29.93] /i de::select [de::getActiveFigure [gi::getWindows 9] -point {-10.859 7.407} -index 0 -intent none]
[01:39:29.93] /o oa:0x20d56f90
[01:39:30.20] /# gi::executeAction leDelete -in [gi::getWindows 9]
[01:39:30.20] /i ile::delete
[01:39:30.41] /# gi::executeAction deSelectActive -in [gi::getWindows 9]
[01:39:30.41] /i de::deselectAllLogic -context [db::getNext [de::getContexts -window 9]]
[01:39:31.58] /# gi::executeAction deSelectActive -in [gi::getWindows 9]
[01:39:31.58] /i de::deselectAll [db::getNext [de::getContexts -window 9]]
[01:39:31.58] /i de::select [de::getActiveFigure [gi::getWindows 9] -point {-11.399 7.39} -index 0 -intent none]
[01:39:31.58] /o oa:0x1f8d5120
[01:39:31.64] /# gi::executeAction leDelete -in [gi::getWindows 9]
[01:39:31.64] /i ile::delete
[01:39:34.97] /# gi::executeAction deSelectActive -in [gi::getWindows 9]
[01:39:34.97] /i de::deselectAll [db::getNext [de::getContexts -window 9]]
[01:39:34.97] /i de::select [de::getActiveFigure [gi::getWindows 9] -point {-11.226 7.396} -index 0 -intent none]
[01:39:34.97] /o oa:0x1f2de730
[01:39:35.50] /# gi::executeAction leStartStretchDrag -in [gi::getWindows 9]
[01:39:35.50] /i layout_editor::directStretch [de::getActiveFigure [gi::getWindows 9] -point {-11.226 7.396} -index 0 -intent none] 9
[01:39:35.50] /# ile::stretch -point {-11.225 7.395}
[01:39:36.31] /# gi::executeAction deEndDrag -in [gi::getWindows 9]
[01:39:36.31] /i de::endDrag {-11.231 7.396} -context [db::getNext [de::getContexts -window 9]]
[01:39:36.58] /# gi::executeAction deCanvasZoomInAtPoint -in [gi::getWindows 9]
[01:39:36.58] /i de::zoom -window [gi::getWindows 9] -factor 2.0 -center {-10.747 7.451}
[01:39:36.58] /o {-11.285 7.311} {-10.648 7.686}
[01:39:37.03] /# gi::executeAction leStretch -in [gi::getWindows 9]
[01:39:37.03] /i ile::stretch
[01:39:37.70] /# gi::executeAction deAddPoint -in [gi::getWindows 9]
[01:39:37.70] /i de::addPoint {-10.918 7.431} -context [db::getNext [de::getContexts -window 9]]
[01:39:38.01] /# gi::executeAction deAbortCommand -in [gi::getWindows 9]
[01:39:38.01] /i de::abortCommand -context [db::getNext [de::getContexts -window 9]]
[01:39:38.97] /# gi::executeAction deSelectActive -in [gi::getWindows 9]
[01:39:38.97] /i de::deselectAll [db::getNext [de::getContexts -window 9]]
[01:39:38.97] /i de::deselectAllLogic -context [db::getNext [de::getContexts -window 9]]
[01:39:39.27] /# gi::executeAction leStretch -in [gi::getWindows 9]
[01:39:39.27] /i ile::stretch
[01:39:40.01] /# gi::executeAction deAddPoint -in [gi::getWindows 9]
[01:39:40.01] /i de::addPoint {-10.914 7.433} -context [db::getNext [de::getContexts -window 9]]
[01:39:40.86] /# gi::executeAction deAddPoint -in [gi::getWindows 9]
[01:39:40.86] /i de::addPoint {-10.911 7.433} -context [db::getNext [de::getContexts -window 9]]
[01:39:40.96] /# gi::executeAction deAbortCommand -in [gi::getWindows 9]
[01:39:40.96] /i de::abortCommand -context [db::getNext [de::getContexts -window 9]]
[01:39:41.22] /# gi::executeAction deCanvasZoomOutAtPoint -in [gi::getWindows 9]
[01:39:41.22] /i de::zoom -window [gi::getWindows 9] -factor 0.5 -center {-10.909 7.442}
[01:39:41.22] /o {-11.66 7.18} {-10.388 7.93}
[01:39:42.21] /# gi::executeAction leVia -in [gi::getWindows 9]
[01:39:42.21] /i ile::createVia
[01:39:42.23] /o oa:0x1e6a3380
[01:39:42.83] /# gi::executeAction deAddPoint -in [gi::getWindows 9]
[01:39:42.83] /i de::addPoint {-11.301 7.407} -context [db::getNext [de::getContexts -window 9]]
[01:39:43.45] /# gi::executeAction deAddPoint -in [gi::getWindows 9]
[01:39:43.45] /i de::addPoint {-10.952 7.402} -context [db::getNext [de::getContexts -window 9]]
[01:39:44.66] /i gi::executeAction deSaveDesign -in [gi::getWindows 9]
[01:39:44.66] /m Information: Saving design 'inverter NAND2_2 layout'. (DESIGN_WINDOW-004)
[01:39:44.80] /i gi::executeAction deSaveDesign -in [gi::getWindows 9]
[01:39:44.80] /m Information: Saving design 'inverter NAND2_2 layout'. (DESIGN_WINDOW-004)
[01:39:44.95] /i gi::executeAction deSaveDesign -in [gi::getWindows 9]
[01:39:44.95] /m Information: Saving design 'inverter NAND2_2 layout'. (DESIGN_WINDOW-004)
[01:39:52.22] /# gi::executeAction xtDRCRun -in [gi::getWindows 9]
[01:39:52.22] /i xt::physicalVerification::executeRun drc 9
[01:39:52.29] /# xt::physicalVerification::executePve drc 9
[01:39:54.52] /m Information: 
              /c =============================
              /c JobID: hercules_drc_418
              /c --- ERROR SUMMARY -----------
              /c 7.30: Minimum area of Metal 1 >= 0.04
              /c  AREA M1S { } (101) ..................................... 3 violations found.
              /c =============================
              /c 
[01:39:54.76] /j ::xt::hercules::vue::_private::registerConnection localhost:53832 tcp32 herculesVue_5 
[01:39:54.77] /m Information: Connection established with 'Hercules-VUE' running on 'localhost'.
[01:39:54.82] /j ::xt::hercules::vue::_private::isJobReady 
[01:39:54.82] /o true
[01:39:54.84] /j ::xt::hercules::vue::startFilter LAY 
[01:39:55.02] /j ::xt::hercules::vue::setInlibPath /home/itsupport/Desktop/lab1vlsi/synopsys_custom/NAND2_2.hercules.drc/. 
[01:39:55.04] /j ::xt::hercules::vue::setTopLayLCV inverter NAND2_2 layout 
[01:39:55.06] /j ::xt::hercules::vue::openCell inverter NAND2_2 layout 
[01:39:55.06] /r giWindowId 12
[01:39:55.07] /r giWindowGeometry 1632x1020
[01:39:55.09] /# de::setActiveLPP [de::getLPPs "m1 drawing" -from [db::getAttr editDesign -of [de::getContexts -window 12]]]
[01:39:55.44] /# gi::executeAction deCanvasZoomOutAtPoint -in [gi::getWindows 12]
[01:39:55.44] /i de::zoom -window [gi::getWindows 12] -factor 0.5 -center {-11.331 5.247}
[01:39:55.44] /o {-21.373 -0.067} {-1.015 11.933}
[01:39:55.46] /# gi::executeAction deCanvasZoomOutAtPoint -in [gi::getWindows 12]
[01:39:55.46] /i de::zoom -window [gi::getWindows 12] -factor 0.5 -center {-11.33 5.246}
[01:39:55.46] /o {-31.417 -5.38} {9.301 18.62}
[01:39:55.48] /# gi::executeAction deCanvasZoomOutAtPoint -in [gi::getWindows 12]
[01:39:55.48] /i de::zoom -window [gi::getWindows 12] -factor 0.5 -center {-11.33 5.246}
[01:39:55.48] /o {-51.503 -16.006} {29.931 31.994}
[01:39:55.52] /# gi::executeAction deCanvasZoomOutAtPoint -in [gi::getWindows 12]
[01:39:55.52] /i de::zoom -window [gi::getWindows 12] -factor 0.5 -center {-11.33 5.247}
[01:39:55.52] /o {-91.676 -37.259} {71.192 58.741}
[01:39:56.10] /# gi::executeAction deCanvasZoomInAtPoint -in [gi::getWindows 12]
[01:39:56.10] /i de::zoom -window [gi::getWindows 12] -factor 2.0 -center {-12.678 7.631}
[01:39:56.10] /o {-52.177 -14.814} {29.257 33.186}
[01:39:56.16] /# gi::executeAction deCanvasZoomInAtPoint -in [gi::getWindows 12]
[01:39:56.16] /i de::zoom -window [gi::getWindows 12] -factor 2.0 -center {-12.678 7.631}
[01:39:56.16] /o {-32.428 -3.591} {8.29 20.409}
[01:39:56.24] /# gi::executeAction deCanvasZoomInAtPoint -in [gi::getWindows 12]
[01:39:56.24] /i de::zoom -window [gi::getWindows 12] -factor 2.0 -center {-12.678 7.631}
[01:39:56.24] /o {-22.553 2.02} {-2.194 14.02}
[01:39:57.62] /i gi::pressButton {ConsoleToggleButton} -in [db::getAttr statusbar -of [gi::getWindows 12]]
[01:40:01.84] /i db::setAttr shown -of [gi::getAssistants giConsole -from [gi::getWindows 12]] -value false
[01:40:02.48] /# gi::executeAction deCanvasZoomInAtPoint -in [gi::getWindows 12]
[01:40:02.48] /i de::zoom -window [gi::getWindows 12] -factor 2.0 -center {-11.11 5.259}
[01:40:02.48] /o {-16.831 3.639} {-6.652 9.639}
[01:40:02.96] /# gi::executeAction deFitView -in [gi::getWindows 12]
[01:40:02.96] /i de::fit -window 12 -fitView true
[01:40:02.96] /o {-16.352 2.59} {-6.173 8.59}
[01:40:03.50] /# gi::executeAction deAbortCommand -in [gi::getWindows 12]
[01:40:03.50] /i de::abortCommand -context [db::getNext [de::getContexts -window 12]]
[01:40:05.56] /i gi::executeAction giCloseWindow -in [gi::getWindows 12]
[01:40:05.57] /i gi::setActiveWindow 11
[01:40:05.57] /i gi::setActiveWindow 11 -raise true
[01:40:06.43] /i gi::executeAction giCloseWindow -in [gi::getWindows 11]
[01:40:06.44] /i gi::setActiveWindow 9
[01:40:06.44] /i gi::setActiveWindow 9 -raise true
[01:40:08.28] /i gi::executeAction giCloseWindow -in [gi::getWindows 9]
[01:40:08.30] /i gi::setActiveWindow 8
[01:40:08.30] /i gi::setActiveWindow 8 -raise true
[01:40:09.78] /i gi::executeAction giCloseWindow -in [gi::getWindows 8]
[01:40:09.79] /i gi::setActiveWindow 2
[01:40:09.79] /i gi::setActiveWindow 2 -raise true
[01:40:11.71] /i gi::executeAction dmOpen -in [gi::getWindows 2]
[01:40:11.73] /r giWindowId 13
[01:40:11.73] /r giWindowGeometry 1632x1020
[01:40:11.75] /# de::setActiveLPP [de::getLPPs "exclude blockage" -from [db::getAttr editDesign -of [de::getContexts -window 13]]]
[01:40:16.85] /i gi::setField {stopLevel} -value {3} -in [gi::getToolbars {leHierarchy} -from [gi::getWindows 13]]
[01:40:17.02] /# gi::executeAction deSelectActive -in [gi::getWindows 13]
[01:40:17.02] /i de::deselectAllLogic -context [db::getNext [de::getContexts -window 13]]
[01:40:17.77] /# gi::executeAction deCanvasZoomInAtPoint -in [gi::getWindows 13]
[01:40:17.77] /i de::zoom -window [gi::getWindows 13] -factor 2.0 -center {19.26 9.507}
[01:40:17.78] /o {16.146 7.586} {21.236 10.586}
[01:40:18.96] /# gi::executeAction deSelectActive -in [gi::getWindows 13]
[01:40:18.96] /i de::deselectAll [db::getNext [de::getContexts -window 13]]
[01:40:18.96] /i de::select [de::getActiveFigure [gi::getWindows 13] -point {18.498 10.243} -index 0 -intent none]
[01:40:18.96] /o oa:0x1e44b1f0
[01:40:19.34] /# gi::executeAction deCanvasZoomInAtPoint -in [gi::getWindows 13]
[01:40:19.34] /i de::zoom -window [gi::getWindows 13] -factor 2.0 -center {18.498 10.243}
[01:40:19.34] /o {17.322 8.915} {19.867 10.415}
[01:40:19.47] /# gi::executeAction deCanvasZoomInAtPoint -in [gi::getWindows 13]
[01:40:19.47] /i de::zoom -window [gi::getWindows 13] -factor 2.0 -center {18.498 10.243}
[01:40:19.47] /o {17.91 9.579} {19.183 10.329}
[01:40:20.06] /# gi::executeAction deCanvasZoomOutAtPoint -in [gi::getWindows 13]
[01:40:20.06] /i de::zoom -window [gi::getWindows 13] -factor 0.5 -center {18.497 10.221}
[01:40:20.06] /o {17.323 8.937} {19.868 10.437}
[01:40:20.32] /# gi::executeAction deCanvasZoomOutAtPoint -in [gi::getWindows 13]
[01:40:20.32] /i de::zoom -window [gi::getWindows 13] -factor 0.5 -center {18.496 10.221}
[01:40:20.32] /o {16.15 7.652} {21.24 10.652}
[01:40:21.58] /# gi::executeAction deSelectActive -in [gi::getWindows 13]
[01:40:21.58] /i de::deselectAll [db::getNext [de::getContexts -window 13]]
[01:40:21.58] /i de::select [de::getActiveFigure [gi::getWindows 13] -point {18.204 10.205} -index 0 -intent none]
[01:40:21.58] /o oa:0x20eba4a0
[01:40:21.72] /# gi::executeAction deDescend -in [gi::getWindows 13]
[01:40:21.72] /i ide::descend 13 -inPlace false -promptView false -readOnly auto
[01:40:21.72] /# Navigating to inverter/NAND2_2/layout (I182)
[01:40:21.76] /# de::setActiveLPP [de::getLPPs "exclude blockage" -from [db::getAttr editDesign -of [de::getContexts -window 13]]]
[01:40:22.19] /# gi::executeAction deCanvasZoomInAtPoint -in [gi::getWindows 13]
[01:40:22.19] /i de::zoom -window [gi::getWindows 13] -factor 2.0 -center {-11.318 7.015}
[01:40:22.19] /o {-13.835 4.803} {-8.745 7.803}
[01:40:22.25] /# gi::executeAction deCanvasZoomInAtPoint -in [gi::getWindows 13]
[01:40:22.25] /i de::zoom -window [gi::getWindows 13] -factor 2.0 -center {-11.318 7.083}
[01:40:22.25] /o {-12.577 5.943} {-10.032 7.443}
[01:40:22.78] /# gi::executeAction deFitView -in [gi::getWindows 13]
[01:40:22.78] /i de::fit -window 13 -fitView true
[01:40:22.78] /o {-16.352 2.59} {-6.173 8.59}
[01:40:23.29] /# gi::executeAction deCanvasZoomInAtPoint -in [gi::getWindows 13]
[01:40:23.29] /i de::zoom -window [gi::getWindows 13] -factor 2.0 -center {-10.728 7.456}
[01:40:23.29] /o {-13.54 5.023} {-8.45 8.023}
[01:40:23.35] /# gi::executeAction deCanvasZoomInAtPoint -in [gi::getWindows 13]
[01:40:23.35] /i de::zoom -window [gi::getWindows 13] -factor 2.0 -center {-10.728 7.446}
[01:40:23.35] /o {-12.134 6.235} {-9.589 7.735}
[01:40:23.99] /# gi::executeAction deCanvasZoomInAtPoint -in [gi::getWindows 13]
[01:40:23.99] /i de::zoom -window [gi::getWindows 13] -factor 2.0 -center {-10.958 7.417}
[01:40:23.99] /o {-11.546 6.826} {-10.274 7.576}
[01:40:24.04] /# gi::executeAction deCanvasZoomInAtPoint -in [gi::getWindows 13]
[01:40:24.04] /i de::zoom -window [gi::getWindows 13] -factor 2.0 -center {-10.958 7.418}
[01:40:24.04] /o {-11.252 7.122} {-10.616 7.497}
[01:40:24.17] /# gi::executeAction deCanvasZoomInAtPoint -in [gi::getWindows 13]
[01:40:24.17] /i de::zoom -window [gi::getWindows 13] -factor 2.0 -center {-10.958 7.418}
[01:40:24.17] /o {-11.105 7.27} {-10.787 7.457}
[01:40:24.75] /# gi::executeAction deCanvasZoomOutAtPoint -in [gi::getWindows 13]
[01:40:24.75] /i de::zoom -window [gi::getWindows 13] -factor 0.5 -center {-10.891 7.439}
[01:40:24.75] /o {-11.319 7.101} {-10.683 7.476}
[01:40:25.44] /# gi::executeAction leStretch -in [gi::getWindows 13]
[01:40:25.45] /i ile::stretch
[01:40:25.94] /# gi::executeAction deAddPoint -in [gi::getWindows 13]
[01:40:25.94] /i de::addPoint {-10.887 7.451} -context [db::getNext [de::getContexts -window 13]]
[01:40:26.80] /# gi::executeAction deAbortCommand -in [gi::getWindows 13]
[01:40:26.80] /i de::abortCommand -context [db::getNext [de::getContexts -window 13]]
[01:40:27.13] /# gi::executeAction deSelectActive -in [gi::getWindows 13]
[01:40:27.13] /i de::deselectAll [db::getNext [de::getContexts -window 13]]
[01:40:27.13] /i de::select [de::getActiveFigure [gi::getWindows 13] -point {-10.885 7.457} -index 0 -intent none]
[01:40:27.13] /o oa:0x1ef0d4f0
[01:40:27.55] /# gi::executeAction deSelectActive -in [gi::getWindows 13]
[01:40:27.55] /i de::cycleActiveFigure [gi::getWindows 13] -direction next
[01:40:27.55] /o oa:0x1e71ccd0
[01:40:28.06] /# gi::executeAction deSelectActive -in [gi::getWindows 13]
[01:40:28.06] /i de::cycleActiveFigure [gi::getWindows 13] -direction next
[01:40:28.06] /o oa:0x1f48f080
[01:40:28.59] /# gi::executeAction leStartStretchDrag -in [gi::getWindows 13]
[01:40:28.59] /i layout_editor::directStretch [de::getActiveFigure [gi::getWindows 13] -point {-10.873 7.407} -index 0 -intent none] 13
[01:40:28.59] /# ile::stretch -point {-10.875 7.405}
[01:40:29.37] /# gi::executeAction deEndDrag -in [gi::getWindows 13]
[01:40:29.38] /i de::endDrag {-10.697 7.347} -context [db::getNext [de::getContexts -window 13]]
[01:40:29.94] /# gi::executeAction deSelectActive -in [gi::getWindows 13]
[01:40:29.94] /i de::deselectAll [db::getNext [de::getContexts -window 13]]
[01:40:29.94] /i de::select [de::getActiveFigure [gi::getWindows 13] -point {-10.924 7.256} -index 0 -intent none]
[01:40:29.95] /o oa:0x1ebd25d0
[01:40:31.24] /# gi::executeAction deSelectActive -in [gi::getWindows 13]
[01:40:31.24] /i de::deselectAll [db::getNext [de::getContexts -window 13]]
[01:40:31.24] /i de::select [de::getActiveFigure [gi::getWindows 13] -point {-10.825 7.361} -index 0 -intent none]
[01:40:31.25] /o oa:0x214be7c0
[01:40:31.75] /# gi::executeAction leStartStretchDrag -in [gi::getWindows 13]
[01:40:31.75] /i layout_editor::directStretch [de::getActiveFigure [gi::getWindows 13] -point {-10.79 7.375} -index 0 -intent none] 13
[01:40:31.75] /# ile::stretch -point {-10.79 7.375}
[01:40:34.10] /# gi::executeAction deEndDrag -in [gi::getWindows 13]
[01:40:34.10] /i de::endDrag {-10.996 7.375} -context [db::getNext [de::getContexts -window 13]]
[01:40:35.69] /i gi::executeAction deSaveDesign -in [gi::getWindows 13]
[01:40:35.69] /m Information: Saving design 'inverter NAND2_2 layout'. (DESIGN_WINDOW-004)
[01:40:37.64] /# gi::executeAction xtDRCRun -in [gi::getWindows 13]
[01:40:37.64] /i xt::physicalVerification::executeRun drc 13
[01:40:37.71] /# xt::physicalVerification::executePve drc 13
[01:40:38.55] /r giWindowId 14
[01:40:38.56] /r giWindowGeometry 800x600
[01:40:39.46] /m Information: 
              /c =============================
              /c JobID: hercules_drc_419
              /c --- ERROR SUMMARY -----------
              /c 7.30: Minimum area of Metal 1 >= 0.04
              /c  AREA M1S { } (101) ..................................... 3 violations found.
              /c  7.74/7.75: Minimum enclosure of via1 within Metal 2 >= 0.01; Minimum end of Line enclosure of via1 within Metal 2 >= 0.04
              /c  ENCLOSE V1S BY M2S { } (102) ........................... 2 violations found.
              /c =============================
              /c 
[01:40:39.71] /j ::xt::hercules::vue::_private::registerConnection localhost:37921 tcp38 herculesVue_6 
[01:40:39.75] /j ::xt::hercules::vue::_private::isJobReady 
[01:40:39.75] /o false
[01:40:40.75] /j ::xt::hercules::vue::_private::isJobReady 
[01:40:40.75] /o false
[01:40:41.75] /m Information: Connection established with 'Hercules-VUE' running on 'localhost'.
[01:40:41.75] /j ::xt::hercules::vue::_private::isJobReady 
[01:40:41.75] /o true
[01:40:41.75] /j ::xt::hercules::vue::startFilter LAY 
[01:40:41.98] /j ::xt::hercules::vue::setInlibPath /home/itsupport/Desktop/lab1vlsi/synopsys_custom/NAND2_2.hercules.drc/. 
[01:40:42.00] /j ::xt::hercules::vue::setTopLayLCV inverter NAND2_2 layout 
[01:40:42.01] /j ::xt::hercules::vue::openCell inverter NAND2_2 layout 
[01:40:42.02] /r giWindowId 15
[01:40:42.02] /r giWindowGeometry 1632x1020
[01:40:42.04] /# de::setActiveLPP [de::getLPPs "exclude blockage" -from [db::getAttr editDesign -of [de::getContexts -window 15]]]
[01:40:44.73] /# gi::executeAction deCanvasZoomInAtPoint -in [gi::getWindows 15]
[01:40:44.73] /i de::zoom -window [gi::getWindows 15] -factor 2.0 -center {-10.618 6.977}
[01:40:44.74] /o {-13.485 4.784} {-8.395 7.784}
[01:40:44.81] /# gi::executeAction deCanvasZoomInAtPoint -in [gi::getWindows 15]
[01:40:44.81] /i de::zoom -window [gi::getWindows 15] -factor 2.0 -center {-10.696 7.074}
[01:40:44.81] /o {-12.091 5.929} {-9.546 7.429}
[01:40:45.81] /# gi::executeAction leDelete -in [gi::getWindows 15]
[01:40:45.81] /i ile::delete
[01:40:46.82] /# gi::executeAction deSelectActive -in [gi::getWindows 15]
[01:40:46.82] /i de::deselectAll [db::getNext [de::getContexts -window 15]]
[01:40:46.82] /i de::select [de::getActiveFigure [gi::getWindows 15] -point {-11.258 7.278} -index 0 -intent none]
[01:40:46.82] /o oa:0x1ff81a00
[01:40:46.92] /# gi::executeAction leDelete -in [gi::getWindows 15]
[01:40:46.92] /i ile::delete
[01:41:43.21] /# gi::executeAction deCanvasZoomOutAtPoint -in [gi::getWindows 15]
[01:41:43.21] /i de::zoom -window [gi::getWindows 15] -factor 0.5 -center {-10.433 6.897}
[01:41:43.21] /o {-13.748 4.961} {-8.658 7.961}
[01:42:48.30] /# gi::executeAction deSelectActive -in [gi::getWindows 15]
[01:42:48.30] /i de::deselectAllLogic -context [db::getNext [de::getContexts -window 15]]
[01:42:49.89] /j ::xt::hercules::vue::clearAllHighlights NAND2_2 layout 
[01:42:49.92] /j ::xt::hercules::vue::clearAllHighlights NAND2_2 layout 
[01:42:50.07] /m Information: Connection closed with 'Hercules-VUE' running on 'localhost'.
[01:42:56.30] /j ::xt::hercules::vue::clearAllHighlights full_adder layout 
[01:42:56.42] /j ::xt::hercules::vue::setInlibPath /home/itsupport/Desktop/lab1vlsi/. 
[01:42:56.44] /j ::xt::hercules::vue::setTopLayLCV inverter full_adder layout 
[01:42:56.46] /j ::xt::hercules::vue::openCell inverter full_adder layout 
[01:42:57.76] /j ::xt::hercules::vue::clearAllHighlights full_adder layout 
[01:42:57.76] /j ::xt::hercules::vue::clearAllHighlights full_adder layout 
[01:42:57.96] /m Information: Connection closed with 'Hercules-VUE' running on 'localhost'.
[01:43:01.46] /j ::xt::hercules::vue::clearAllHighlights NAND2_2 layout 
[01:43:01.56] /j ::xt::hercules::vue::setInlibPath /home/itsupport/Desktop/lab1vlsi/synopsys_custom/NAND2_2.hercules.drc/. 
[01:43:01.56] /j ::xt::hercules::vue::setTopLayLCV inverter NAND2_2 layout 
[01:43:01.58] /j ::xt::hercules::vue::openCell inverter NAND2_2 layout 
[01:43:02.74] /j ::xt::hercules::vue::clearAllHighlights NAND2_2 layout 
[01:43:02.76] /j ::xt::hercules::vue::clearAllHighlights NAND2_2 layout 
[01:43:02.96] /m Information: Connection closed with 'Hercules-VUE' running on 'localhost'.
[01:44:14.48] /# gi::executeAction deCanvasZoomOutAtPoint -in [gi::getWindows 15]
[01:44:14.48] /i de::zoom -window [gi::getWindows 15] -factor 0.5 -center {-10.463 7.083}
[01:44:14.48] /o {-17.033 2.838} {-6.854 8.838}
[01:44:14.54] /# gi::executeAction deCanvasZoomOutAtPoint -in [gi::getWindows 15]
[01:44:14.54] /i de::zoom -window [gi::getWindows 15] -factor 0.5 -center {-10.463 7.082}
[01:44:14.54] /o {-23.603 -1.406} {-3.245 10.594}
[01:44:17.17] /# gi::executeAction deCanvasZoomInAtPoint -in [gi::getWindows 15]
[01:44:17.17] /i de::zoom -window [gi::getWindows 15] -factor 2.0 -center {-10.8 8.961}
[01:44:17.17] /o {-17.202 3.778} {-7.022 9.778}
[01:44:17.26] /# gi::executeAction deCanvasZoomInAtPoint -in [gi::getWindows 15]
[01:44:17.26] /i de::zoom -window [gi::getWindows 15] -factor 2.0 -center {-10.8 8.961}
[01:44:17.26] /o {-14.001 6.369} {-8.911 9.369}
[01:44:18.65] /# gi::executeAction deCanvasZoomOutAtPoint -in [gi::getWindows 15]
[01:44:18.65] /i de::zoom -window [gi::getWindows 15] -factor 0.5 -center {-10.395 7.134}
[01:44:18.65] /o {-17.607 5.605} {-7.427 11.605}
[01:44:18.68] /# gi::executeAction deCanvasZoomOutAtPoint -in [gi::getWindows 15]
[01:44:18.68] /i de::zoom -window [gi::getWindows 15] -factor 0.5 -center {-10.395 7.134}
[01:44:18.68] /o {-24.818 4.075} {-4.46 16.075}
[01:44:18.71] /# gi::executeAction deCanvasZoomOutAtPoint -in [gi::getWindows 15]
[01:44:18.71] /i de::zoom -window [gi::getWindows 15] -factor 0.5 -center {-10.395 7.133}
[01:44:18.71] /o {-39.242 1.017} {1.476 25.017}
[01:44:19.07] /# gi::executeAction deCanvasZoomInAtPoint -in [gi::getWindows 15]
[01:44:19.07] /i de::zoom -window [gi::getWindows 15] -factor 2.0 -center {-10.55 6.175}
[01:44:19.07] /o {-24.896 3.596} {-4.537 15.596}
[01:44:19.15] /# gi::executeAction deCanvasZoomInAtPoint -in [gi::getWindows 15]
[01:44:19.15] /i de::zoom -window [gi::getWindows 15] -factor 2.0 -center {-10.537 6.136}
[01:44:19.15] /o {-17.716 4.866} {-7.537 10.866}
[01:44:19.25] /# gi::executeAction deCanvasZoomInAtPoint -in [gi::getWindows 15]
[01:44:19.25] /i de::zoom -window [gi::getWindows 15] -factor 2.0 -center {-10.537 6.136}
[01:44:19.25] /o {-14.127 5.501} {-9.037 8.501}
[01:44:20.43] /i gi::executeAction deCanvasDragCancel -in [gi::getWindows 15]
[01:44:21.04] /# gi::executeAction deSelectActive -in [gi::getWindows 15]
[01:44:21.04] /i de::deselectAll [db::getNext [de::getContexts -window 15]]
[01:44:21.04] /i de::select [de::getActiveFigure [gi::getWindows 15] -point {-10.968 6.836} -index 0 -intent none]
[01:44:21.04] /o oa:0x20d43c10
[01:44:22.23] /# gi::executeAction deSelectActive -in [gi::getWindows 15]
[01:44:22.23] /i de::deselectAll [db::getNext [de::getContexts -window 15]]
[01:44:22.23] /i de::deselectAllLogic -context [db::getNext [de::getContexts -window 15]]
[01:44:25.84] /i de::setActiveLPP [de::getLPPs "m1 pin" -from [db::getAttr editDesign -of [de::getContexts -window 15]]]
[01:44:28.11] /# gi::executeAction deCanvasZoomInAtPoint -in [gi::getWindows 15]
[01:44:28.11] /i de::zoom -window [gi::getWindows 15] -factor 2.0 -center {-11.036 6.914}
[01:44:28.11] /o {-12.581 6.208} {-10.037 7.708}
[01:44:30.61] /# gi::executeAction leStartStretchDrag -in [gi::getWindows 15]
[01:44:30.61] /i layout_editor::directStretch [de::getActiveFigure [gi::getWindows 15] -point {-11 7.042} -index 0 -intent none] 15
[01:44:30.61] /# db::setPrefValue deSelectMode -value Replace -scope [db::getScopes [db::getNext [de::getContexts -window 15]]]; ide::selectByRegion -region rectangle -point {-11 7.04} 
[01:44:32.98] /# gi::executeAction deEndDrag -in [gi::getWindows 15]
[01:44:32.98] /i de::endDrag {-10.932 6.953} -context [db::getNext [de::getContexts -window 15]]
[01:44:38.62] /i gi::setActiveWindow 2
[01:44:38.62] /i gi::setActiveWindow 2 -raise true
[01:44:39.42] /i gi::setCurrentIndex {cellCategories} -index {LAB1} -in [gi::getWindows 2]
[01:44:39.43] /i gi::setItemSelection {cellCategories} -index {LAB1} -in [gi::getWindows 2]
[01:44:39.84] /i gi::setCurrentIndex {cellCategories} -index {LAB3} -in [gi::getWindows 2]
[01:44:39.85] /i gi::setItemSelection {cellCategories} -index {LAB3} -in [gi::getWindows 2]
[01:44:40.42] /i gi::setCurrentIndex {cellCategories} -index {LAB1} -in [gi::getWindows 2]
[01:44:40.43] /i gi::setItemSelection {cellCategories} -index {LAB1} -in [gi::getWindows 2]
[01:44:41.44] /i gi::setCurrentIndex {cellCategories} -index {LAB3} -in [gi::getWindows 2]
[01:44:41.44] /i gi::setItemSelection {cellCategories} -index {LAB3} -in [gi::getWindows 2]
[01:44:42.67] /i gi::setCurrentIndex {cellCategories} -index {All} -in [gi::getWindows 2]
[01:44:42.67] /i gi::setItemSelection {cellCategories} -index {All} -in [gi::getWindows 2]
[01:44:43.52] /i gi::setCurrentIndex {cellCategories} -index {FULL_ADDER_2BIT} -in [gi::getWindows 2]
[01:44:43.52] /i gi::setItemSelection {cellCategories} -index {FULL_ADDER_2BIT} -in [gi::getWindows 2]
[01:44:44.14] /i gi::setCurrentIndex {cells} -index {LAB3_NAND2} -in [gi::getWindows 2]
[01:44:44.15] /i gi::setItemSelection {cells} -index {LAB3_NAND2} -in [gi::getWindows 2]
[01:44:44.65] /i gi::setCurrentIndex {views} -index {layout} -in [gi::getWindows 2]
[01:44:44.65] /i gi::setItemSelection {views} -index {layout} -in [gi::getWindows 2]
[01:44:45.77] /i gi::executeAction dmOpen -in [gi::getWindows 2]
[01:44:45.80] /r giWindowId 16
[01:44:45.80] /r giWindowGeometry 1632x1020
[01:44:45.83] /# de::setActiveLPP [de::getLPPs "exclude blockage" -from [db::getAttr editDesign -of [de::getContexts -window 16]]]
[01:44:49.16] /i gi::setField {stopLevel} -value {3} -in [gi::getToolbars {leHierarchy} -from [gi::getWindows 16]]
[01:44:50.18] /# gi::executeAction deSelectActive -in [gi::getWindows 16]
[01:44:50.18] /i de::deselectAll [db::getNext [de::getContexts -window 16]]
[01:44:50.18] /i de::select [de::getActiveFigure [gi::getWindows 16] -point {3.472 2.319} -index 0 -intent none]
[01:44:50.19] /o oa:0x21961d20
[01:44:50.87] /# gi::executeAction leDelete -in [gi::getWindows 16]
[01:44:50.87] /i ile::delete
[01:44:51.52] /# gi::executeAction deSelectActive -in [gi::getWindows 16]
[01:44:51.52] /i de::deselectAllLogic -context [db::getNext [de::getContexts -window 16]]
[01:44:56.18] /i gi::executeAction deSaveDesign -in [gi::getWindows 16]
[01:44:56.18] /m Information: Saving design 'inverter LAB3_NAND2 layout'. (DESIGN_WINDOW-004)
[01:44:57.61] /# gi::executeAction xtDRCRun -in [gi::getWindows 16]
[01:44:57.61] /i xt::physicalVerification::executeRun drc 16
[01:44:57.73] /# xt::physicalVerification::executePve drc 16
[01:44:58.71] /r giWindowId 17
[01:44:58.73] /r giWindowGeometry 800x600
[01:44:59.66] /m Information: 
              /c =============================
              /c JobID: hercules_drc_420
              /c --- ERROR SUMMARY -----------
              /c 7.30: Minimum area of Metal 1 >= 0.04
              /c  AREA M1S { } (101) ..................................... 3 violations found.
              /c =============================
              /c 
[01:44:59.93] /j ::xt::hercules::vue::_private::registerConnection localhost:46853 tcp44 herculesVue_7 
[01:44:59.96] /m Information: Connection established with 'Hercules-VUE' running on 'localhost'.
[01:44:59.98] /j ::xt::hercules::vue::_private::isJobReady 
[01:44:59.99] /o true
[01:45:00.00] /j ::xt::hercules::vue::startFilter LAY 
[01:45:00.22] /j ::xt::hercules::vue::setInlibPath /home/itsupport/Desktop/lab1vlsi/synopsys_custom/LAB3_NAND2.hercules.drc/. 
[01:45:00.25] /j ::xt::hercules::vue::setTopLayLCV inverter LAB3_NAND2 layout 
[01:45:00.26] /j ::xt::hercules::vue::openCell inverter LAB3_NAND2 layout 
[01:45:02.05] /j ::xt::hercules::vue::clearAllHighlights LAB3_NAND2 layout 
[01:45:02.06] /j ::xt::hercules::vue::clearAllHighlights LAB3_NAND2 layout 
[01:45:02.26] /m Information: Connection closed with 'Hercules-VUE' running on 'localhost'.
[01:45:02.83] /i gi::executeAction giCloseWindow -in [gi::getWindows 17]
[01:45:02.85] /i gi::setActiveWindow 16
[01:45:02.85] /i gi::setActiveWindow 16 -raise true
[01:45:03.62] /# gi::executeAction deSelectActive -in [gi::getWindows 16]
[01:45:03.62] /i de::deselectAllLogic -context [db::getNext [de::getContexts -window 16]]
[01:45:04.55] /i gi::executeAction deCanvasDragCancel -in [gi::getWindows 16]
[01:45:05.67] /# gi::executeAction deCanvasZoomInAtPoint -in [gi::getWindows 16]
[01:45:05.67] /i de::zoom -window [gi::getWindows 16] -factor 2.0 -center {3.182 1.93}
[01:45:05.67] /o {1.329 1.238} {4.293 2.985}
[01:45:07.24] /# gi::executeAction deCanvasZoomOutAtPoint -in [gi::getWindows 16]
[01:45:07.24] /i de::zoom -window [gi::getWindows 16] -factor 0.5 -center {2.648 1.811}
[01:45:07.24] /o {0.01 0.664} {5.938 4.159}
[01:45:07.41] /# gi::executeAction deCanvasZoomOutAtPoint -in [gi::getWindows 16]
[01:45:07.41] /i de::zoom -window [gi::getWindows 16] -factor 0.5 -center {2.629 1.834}
[01:45:07.41] /o {-2.609 -0.505} {9.247 6.483}
[01:45:08.37] /# gi::executeAction deSelectActive -in [gi::getWindows 16]
[01:45:08.37] /i de::deselectAllLogic -context [db::getNext [de::getContexts -window 16]]
[01:45:09.24] /i gi::setActiveWindow 13
[01:45:09.24] /i gi::setActiveWindow 13 -raise true
[01:45:09.85] /# gi::executeAction deCanvasZoomOutAtPoint -in [gi::getWindows 13]
[01:45:09.85] /i de::zoom -window [gi::getWindows 13] -factor 0.5 -center {-11.012 7.339}
[01:45:09.85] /o {-11.626 6.863} {-10.354 7.613}
[01:45:09.92] /# gi::executeAction deCanvasZoomOutAtPoint -in [gi::getWindows 13]
[01:45:09.92] /i de::zoom -window [gi::getWindows 13] -factor 0.5 -center {-11.014 7.333}
[01:45:09.92] /o {-12.238 6.393} {-9.693 7.893}
[01:45:10.26] /# gi::executeAction deCanvasZoomOutAtPoint -in [gi::getWindows 13]
[01:45:10.26] /i de::zoom -window [gi::getWindows 13] -factor 0.5 -center {-11.041 7.29}
[01:45:10.26] /o {-13.435 5.495} {-8.345 8.495}
[01:45:10.30] /# gi::executeAction deCanvasZoomOutAtPoint -in [gi::getWindows 13]
[01:45:10.30] /i de::zoom -window [gi::getWindows 13] -factor 0.5 -center {-11.044 7.287}
[01:45:10.30] /o {-15.826 3.703} {-5.647 9.703}
[01:45:10.71] /# gi::executeAction deCanvasZoomOutAtPoint -in [gi::getWindows 13]
[01:45:10.71] /i de::zoom -window [gi::getWindows 13] -factor 0.5 -center {-11.044 7.286}
[01:45:10.71] /o {-20.608 0.12} {-0.25 12.12}
[01:45:11.58] /# gi::executeAction deCanvasZoomInAtPoint -in [gi::getWindows 13]
[01:45:11.58] /i de::zoom -window [gi::getWindows 13] -factor 2.0 -center {-11.109 5.161}
[01:45:11.58] /o {-15.859 2.641} {-5.679 8.641}
[01:45:12.68] /# gi::executeAction deCanvasZoomInAtPoint -in [gi::getWindows 13]
[01:45:12.68] /i de::zoom -window [gi::getWindows 13] -factor 2.0 -center {-10.993 7.526}
[01:45:12.68] /o {-13.426 5.083} {-8.336 8.083}
[01:45:12.81] /# gi::executeAction deCanvasZoomInAtPoint -in [gi::getWindows 13]
[01:45:12.81] /i de::zoom -window [gi::getWindows 13] -factor 2.0 -center {-10.993 7.526}
[01:45:12.81] /o {-12.209 6.305} {-9.665 7.805}
[01:45:13.49] /# gi::executeAction deSelectActive -in [gi::getWindows 13]
[01:45:13.49] /i de::deselectAll [db::getNext [de::getContexts -window 13]]
[01:45:13.49] /i de::select [de::getActiveFigure [gi::getWindows 13] -point {-11.038 7.356} -index 0 -intent none]
[01:45:13.49] /o oa:0x1fc23000
[01:45:14.76] /# gi::executeAction deSelectActive -in [gi::getWindows 13]
[01:45:14.76] /i de::deselectAll [db::getNext [de::getContexts -window 13]]
[01:45:14.76] /i de::select [de::getActiveFigure [gi::getWindows 13] -point {-10.964 7.09} -index 0 -intent none]
[01:45:14.76] /o oa:0x1f57d310
[01:45:16.44] /# gi::executeAction leVia -in [gi::getWindows 13]
[01:45:16.44] /i ile::createVia
[01:45:16.48] /o oa:0x2037d8b0
[01:45:18.36] /i gi::setField {viaAuto} -value {true} -in [gi::getToolbars {deCommandOptions} -from [gi::getWindows 13]]
[01:45:19.27] /# gi::executeAction deAddPoint -in [gi::getWindows 13]
[01:45:19.27] /i de::addPoint {-11.301 7.367} -context [db::getNext [de::getContexts -window 13]]
[01:45:19.91] /# gi::executeAction deAddPoint -in [gi::getWindows 13]
[01:45:19.91] /i de::addPoint {-10.941 7.367} -context [db::getNext [de::getContexts -window 13]]
[01:45:20.65] /# gi::executeAction deAddPoint -in [gi::getWindows 13]
[01:45:20.65] /i de::addPoint {-10.76 7.196} -context [db::getNext [de::getContexts -window 13]]
[01:45:21.16] /# gi::executeAction deAddPoint -in [gi::getWindows 13]
[01:45:21.16] /i de::addPoint {-10.939 7.132} -context [db::getNext [de::getContexts -window 13]]
[01:45:21.66] /# gi::executeAction deCanvasZoomInAtPoint -in [gi::getWindows 13]
[01:45:21.66] /i de::zoom -window [gi::getWindows 13] -factor 2.0 -center {-10.926 7.429}
[01:45:21.66] /o {-11.568 6.867} {-10.295 7.617}
[01:45:21.74] /# gi::executeAction deCanvasZoomInAtPoint -in [gi::getWindows 13]
[01:45:21.74] /i de::zoom -window [gi::getWindows 13] -factor 2.0 -center {-10.926 7.429}
[01:45:21.75] /o {-11.247 7.148} {-10.611 7.523}
[01:45:22.55] /# gi::executeAction deCanvasZoomOutAtPoint -in [gi::getWindows 13]
[01:45:22.55] /i de::zoom -window [gi::getWindows 13] -factor 0.5 -center {-10.917 7.448}
[01:45:22.55] /o {-11.577 6.848} {-10.304 7.598}
[01:45:23.69] /# gi::executeAction deAddPoint -in [gi::getWindows 13]
[01:45:23.70] /i de::addPoint {-10.926 7.452} -context [db::getNext [de::getContexts -window 13]]
[01:45:24.75] /i gi::executeAction deSaveDesign -in [gi::getWindows 13]
[01:45:24.75] /m Information: Saving design 'inverter NAND2_2 layout'. (DESIGN_WINDOW-004)
[01:45:25.77] /# gi::executeAction xtDRCRun -in [gi::getWindows 13]
[01:45:25.77] /i xt::physicalVerification::executeRun drc 13
[01:45:25.83] /# xt::physicalVerification::executePve drc 13
[01:45:27.77] /m Information: 
              /c =============================
              /c JobID: hercules_drc_421
              /c --- ERROR SUMMARY -----------
              /c 7.30: Minimum area of Metal 1 >= 0.04
              /c  AREA M1S { } (101) ..................................... 3 violations found.
              /c =============================
              /c 
[01:45:28.05] /j ::xt::hercules::vue::_private::registerConnection localhost:42099 tcp50 herculesVue_8 
[01:45:28.10] /j ::xt::hercules::vue::_private::isJobReady 
[01:45:28.10] /o false
[01:45:29.11] /j ::xt::hercules::vue::_private::isJobReady 
[01:45:29.11] /o false
[01:45:30.12] /m Information: Connection established with 'Hercules-VUE' running on 'localhost'.
[01:45:30.12] /j ::xt::hercules::vue::_private::isJobReady 
[01:45:30.12] /o true
[01:45:30.13] /j ::xt::hercules::vue::startFilter LAY 
[01:45:30.33] /j ::xt::hercules::vue::setInlibPath /home/itsupport/Desktop/lab1vlsi/synopsys_custom/NAND2_2.hercules.drc/. 
[01:45:30.34] /j ::xt::hercules::vue::setTopLayLCV inverter NAND2_2 layout 
[01:45:30.35] /j ::xt::hercules::vue::openCell inverter NAND2_2 layout 
[01:45:32.40] /j ::xt::hercules::vue::clearAllHighlights NAND2_2 layout 
[01:45:32.43] /j ::xt::hercules::vue::clearAllHighlights NAND2_2 layout 
[01:45:32.55] /m Information: Connection closed with 'Hercules-VUE' running on 'localhost'.
[01:45:33.25] /i gi::executeAction giCloseWindow -in [gi::getWindows 14]
[01:45:33.27] /i gi::setActiveWindow 13
[01:45:33.27] /i gi::setActiveWindow 13 -raise true
[01:45:33.70] /# gi::executeAction deCanvasZoomOutAtPoint -in [gi::getWindows 13]
[01:45:33.70] /i de::zoom -window [gi::getWindows 13] -factor 0.5 -center {-10.91 7.133}
[01:45:33.70] /o {-12.243 6.563} {-9.699 8.063}
[01:45:33.77] /# gi::executeAction deCanvasZoomOutAtPoint -in [gi::getWindows 13]
[01:45:33.77] /i de::zoom -window [gi::getWindows 13] -factor 0.5 -center {-10.91 7.128}
[01:45:33.77] /o {-13.577 5.997} {-8.487 8.997}
[01:45:34.19] /# gi::executeAction deCanvasZoomOutAtPoint -in [gi::getWindows 13]
[01:45:34.19] /i de::zoom -window [gi::getWindows 13] -factor 0.5 -center {-11.027 6.392}
[01:45:34.19] /o {-16.127 5.603} {-5.947 11.603}
[01:45:34.25] /# gi::executeAction deCanvasZoomOutAtPoint -in [gi::getWindows 13]
[01:45:34.25] /i de::zoom -window [gi::getWindows 13] -factor 0.5 -center {-11.008 6.393}
[01:45:34.26] /o {-21.245 4.812} {-0.887 16.812}
[01:45:34.81] /# gi::executeAction dbPrint -in [gi::getWindows 13]
[01:45:34.81] /i db::showPrint -parent 13
[01:45:34.85] /o oa:0x20ba4630
[01:45:34.89] /i gi::setActiveDialog [gi::getDialogs {dbPrint} -parent [gi::getWindows 13]]
[01:45:35.16] /i db::setAttr geometry -of [gi::getDialogs {dbPrint} -parent [gi::getWindows 13]] -value 638x650+631+230
[01:45:35.40] /i gi::closeWindows [gi::getDialogs {dbPrint} -parent [gi::getWindows 13]]
[01:45:35.84] /# gi::executeAction deCanvasZoomInAtPoint -in [gi::getWindows 13]
[01:45:35.84] /i de::zoom -window [gi::getWindows 13] -factor 2.0 -center {-11.215 6.237}
[01:45:35.84] /o {-16.23 5.525} {-6.051 11.525}
[01:45:35.90] /# gi::executeAction deCanvasZoomInAtPoint -in [gi::getWindows 13]
[01:45:35.90] /i de::zoom -window [gi::getWindows 13] -factor 2.0 -center {-11.228 6.211}
[01:45:35.90] /o {-13.729 5.868} {-8.639 8.868}
[01:45:36.02] /# gi::executeAction deFitView -in [gi::getWindows 13]
[01:45:36.02] /i de::fit -window 13 -fitView true
[01:45:36.02] /o {-16.352 2.59} {-6.173 8.59}
[01:45:36.50] /# gi::executeAction deCanvasZoomInAtPoint -in [gi::getWindows 13]
[01:45:36.50] /i de::zoom -window [gi::getWindows 13] -factor 2.0 -center {-11.058 3.413}
[01:45:36.50] /o {-13.705 3.002} {-8.615 6.002}
[01:45:36.80] /# gi::executeAction deCanvasZoomInAtPoint -in [gi::getWindows 13]
[01:45:36.80] /i de::zoom -window [gi::getWindows 13] -factor 2.0 -center {-11.058 3.413}
[01:45:36.80] /o {-12.382 3.207} {-9.837 4.707}
[01:45:37.07] /# gi::executeAction deAddPoint -in [gi::getWindows 13]
[01:45:37.07] /i de::addPoint {-10.749 3.593} -context [db::getNext [de::getContexts -window 13]]
[01:45:37.31] /# gi::executeAction deFitView -in [gi::getWindows 13]
[01:45:37.31] /i de::fit -window 13 -fitView true
[01:45:37.31] /o {-16.352 2.59} {-6.173 8.59}
[01:45:39.27] /# gi::executeAction deAddPoint -in [gi::getWindows 13]
[01:45:39.27] /i de::addPoint {-10.715 6.193} -context [db::getNext [de::getContexts -window 13]]
[01:45:39.86] /# gi::executeAction deAddPoint -in [gi::getWindows 13]
[01:45:39.86] /i de::addPoint {-11.253 6.504} -context [db::getNext [de::getContexts -window 13]]
[01:45:41.17] /i gi::setActiveWindow 16
[01:45:41.17] /i gi::setActiveWindow 16 -raise true
[01:45:42.35] /i gi::setActiveWindow 15
[01:45:42.35] /i gi::setActiveWindow 15 -raise true
[01:45:43.00] /# gi::executeAction deCanvasZoomOutAtPoint -in [gi::getWindows 15]
[01:45:43.00] /i de::zoom -window [gi::getWindows 15] -factor 0.5 -center {-11.119 6.938}
[01:45:43.00] /o {-14.044 5.477} {-8.954 8.477}
[01:45:43.04] /# gi::executeAction deCanvasZoomOutAtPoint -in [gi::getWindows 15]
[01:45:43.04] /i de::zoom -window [gi::getWindows 15] -factor 0.5 -center {-11.118 6.932}
[01:45:43.04] /o {-16.969 4.022} {-6.79 10.022}
[01:45:43.10] /# gi::executeAction deCanvasZoomOutAtPoint -in [gi::getWindows 15]
[01:45:43.10] /i de::zoom -window [gi::getWindows 15] -factor 0.5 -center {-11.118 6.931}
[01:45:43.10] /o {-22.821 1.113} {-2.462 13.113}
[01:45:43.90] /# gi::executeAction deCanvasZoomInAtPoint -in [gi::getWindows 15]
[01:45:43.90] /i de::zoom -window [gi::getWindows 15] -factor 2.0 -center {-10.834 6.374}
[01:45:43.90] /o {-16.827 3.744} {-6.648 9.744}
[01:45:44.36] /# gi::executeAction deAddPoint -in [gi::getWindows 15]
[01:45:44.36] /i de::addPoint {-10.426 6.206} -context [db::getNext [de::getContexts -window 15]]
[01:45:45.84] /i gi::setActiveWindow 16
[01:45:45.84] /i gi::setActiveWindow 16 -raise true
[01:45:46.39] /i gi::setActiveWindow 2
[01:45:46.39] /i gi::setActiveWindow 2 -raise true
[01:45:47.45] /i gi::executeAction giCloseWindow -in [gi::getWindows 16]
[01:45:47.99] /i gi::setCurrentIndex {cellCategories} -index {LAB3} -in [gi::getWindows 2]
[01:45:47.99] /i gi::setItemSelection {cellCategories} -index {LAB3} -in [gi::getWindows 2]
[01:45:53.70] /i gi::setCurrentIndex {cells} -index {tb_full_adder_2bit} -in [gi::getWindows 2]
[01:45:53.70] /i gi::setItemSelection {cells} -index {tb_full_adder_2bit} -in [gi::getWindows 2]
[01:45:55.55] /i gi::setCurrentIndex {cells} -index {FA_1bit_tb} -in [gi::getWindows 2]
[01:45:55.55] /i gi::setItemSelection {cells} -index {FA_1bit_tb} -in [gi::getWindows 2]
[01:45:57.35] /i gi::setCurrentIndex {views} -index {schematic} -in [gi::getWindows 2]
[01:45:57.36] /i gi::setItemSelection {views} -index {schematic} -in [gi::getWindows 2]
[01:45:57.51] /i gi::executeAction dmOpen -in [gi::getWindows 2]
[01:45:57.54] /r giWindowId 18
[01:45:57.55] /r giWindowGeometry 1632x1020
[01:45:57.70] /o "inverter/FA_1bit_tb/schematic" design does not need checking
[01:45:59.03] /i gi::executeAction giCloseWindow -in [gi::getWindows 18]
[01:45:59.05] /i gi::setActiveWindow 2
[01:45:59.05] /i gi::setActiveWindow 2 -raise true
[01:45:59.96] /i gi::setCurrentIndex {cells} -index {Final} -in [gi::getWindows 2]
[01:45:59.96] /i gi::setItemSelection {cells} -index {Final} -in [gi::getWindows 2]
[01:46:01.05] /i gi::setCurrentIndex {views} -index {symbol} -in [gi::getWindows 2]
[01:46:01.05] /i gi::setItemSelection {views} -index {symbol} -in [gi::getWindows 2]
[01:46:01.52] /i gi::setCurrentIndex {views} -index {schematic} -in [gi::getWindows 2]
[01:46:01.52] /i gi::setItemSelection {views} -index {schematic} -in [gi::getWindows 2]
[01:46:01.85] /i gi::setCurrentIndex {views} -index {layout} -in [gi::getWindows 2]
[01:46:01.85] /i gi::setItemSelection {views} -index {layout} -in [gi::getWindows 2]
[01:46:02.07] /i gi::executeAction dmOpen -in [gi::getWindows 2]
[01:46:02.11] /r giWindowId 19
[01:46:02.11] /r giWindowGeometry 1632x1020
[01:46:02.13] /# de::setActiveLPP [de::getLPPs "exclude blockage" -from [db::getAttr editDesign -of [de::getContexts -window 19]]]
[01:46:02.33] /i gi::setActiveWindow 2
[01:46:02.33] /i gi::setActiveWindow 2 -raise true
[01:46:09.50] /# gi::executeAction xtDRCRun -in [gi::getWindows 19]
[01:46:09.50] /i xt::physicalVerification::executeRun drc 19
[01:46:09.61] /# xt::physicalVerification::executePve drc 19
[01:46:09.61] /e Error: xtDRCHerculesRunsetFile: preference value is empty in '/home/itsupport/Desktop/lab1vlsi/synopsys_custom/Final.hercules.drc_pve' scope.
[01:46:09.84] /i gi::setActiveDialog [gi::getDialogs {xtDRCSetup} -parent [gi::getWindows 19]]
[01:46:10.14] /i db::setAttr geometry -of [gi::getDialogs {xtDRCSetup} -parent [gi::getWindows 19]] -value 475x427+865+447
[01:46:12.38] /i gi::pressButton {/tabGroup/mainTab/runDir/browseButton} -in [gi::getDialogs {xtDRCSetup} -parent [gi::getWindows 19]]
[01:46:14.67] /r giFileDialog accept .
[01:46:16.08] /i gi::pressButton {/apply} -in [gi::getDialogs {xtDRCSetup} -parent [gi::getWindows 19]]
[01:46:17.56] /r giWindowId 20
[01:46:17.57] /r giWindowGeometry 800x600
[01:46:18.36] /m Information: 
              /c =============================
              /c JobID: hercules_drc_422
              /c --- ERROR SUMMARY -----------
              /c 7.30: Minimum area of Metal 1 >= 0.04
              /c  AREA M1S { } (101) ..................................... 3 violations found.
              /c =============================
              /c 
[01:46:18.66] /j ::xt::hercules::vue::_private::registerConnection localhost:50580 tcp57 herculesVue_9 
[01:46:18.70] /j ::xt::hercules::vue::_private::isJobReady 
[01:46:18.70] /o false
[01:46:19.71] /j ::xt::hercules::vue::_private::isJobReady 
[01:46:19.71] /o false
[01:46:20.71] /m Information: Connection established with 'Hercules-VUE' running on 'localhost'.
[01:46:20.71] /j ::xt::hercules::vue::_private::isJobReady 
[01:46:20.71] /o true
[01:46:20.71] /j ::xt::hercules::vue::startFilter LAY 
[01:46:20.72] /i gi::closeWindows [gi::getDialogs {xtDRCSetup} -parent [gi::getWindows 19]]
[01:46:20.87] /j ::xt::hercules::vue::setInlibPath /home/itsupport/Desktop/lab1vlsi/. 
[01:46:20.89] /j ::xt::hercules::vue::setTopLayLCV inverter full_adder layout 
[01:46:20.91] /j ::xt::hercules::vue::openCell inverter full_adder layout 
[01:46:24.07] /j ::xt::hercules::vue::clearAllHighlights full_adder layout 
[01:46:24.09] /j ::xt::hercules::vue::clearAllHighlights full_adder layout 
[01:46:24.26] /m Information: Connection closed with 'Hercules-VUE' running on 'localhost'.
[01:46:24.73] /i gi::setActiveWindow 19
[01:46:24.73] /i gi::setActiveWindow 19 -raise true
[01:46:34.59] /# gi::executeAction deCanvasZoomInAtPoint -in [gi::getWindows 19]
[01:46:34.59] /i de::zoom -window [gi::getWindows 19] -factor 2.0 -center {-6.706 -1.404}
[01:46:34.59] /o {-7.511 -3.091} {-0.405 1.097}
[01:46:35.25] /# gi::executeAction deCanvasZoomOutAtPoint -in [gi::getWindows 19]
[01:46:35.25] /i de::zoom -window [gi::getWindows 19] -factor 0.5 -center {-6.371 -1.988}
[01:46:35.25] /o {-8.652 -4.195} {5.562 4.183}
[01:46:40.67] /i gi::setField {stopLevel} -value {3} -in [gi::getToolbars {leHierarchy} -from [gi::getWindows 19]]
[01:46:41.22] /# gi::executeAction deFitView -in [gi::getWindows 19]
[01:46:41.22] /i de::fit -window 19 -fitView true
[01:46:41.23] /o {-8.317 -4.779} {5.897 3.599}
[01:46:41.40] /i gi::executeAction deCanvasDragCancel -in [gi::getWindows 19]
[01:46:41.97] /# gi::executeAction deSelectActive -in [gi::getWindows 19]
[01:46:41.97] /i de::deselectAllLogic -context [db::getNext [de::getContexts -window 19]]
[01:46:43.05] /i gi::pressButton {ConsoleToggleButton} -in [db::getAttr statusbar -of [gi::getWindows 19]]
[01:46:49.72] /i db::setAttr shown -of [gi::getAssistants giConsole -from [gi::getWindows 19]] -value false
[01:46:50.94] /i gi::setActiveWindow 20
[01:46:50.94] /i gi::setActiveWindow 20 -raise true
[01:46:54.11] /i gi::setActiveTab {tabs} -tabName {full_adder.LAYOUT_ERRORS} -in [gi::getWindows 20]
[01:46:56.69] /i gi::setActiveWindow 19
[01:46:56.69] /i gi::setActiveWindow 19 -raise true
[01:47:00.64] /# gi::executeAction deCanvasZoomOutAtPoint -in [gi::getWindows 19]
[01:47:00.64] /i de::zoom -window [gi::getWindows 19] -factor 0.5 -center {5.128 -0.988}
[01:47:00.64] /o {-21.761 -8.57} {6.665 8.186}
[01:47:00.74] /# gi::executeAction deFitView -in [gi::getWindows 19]
[01:47:00.74] /i de::fit -window 19 -fitView true
[01:47:00.74] /o {-8.317 -4.779} {5.897 3.599}
[01:47:04.17] /i gi::setActiveWindow 20
[01:47:04.17] /i gi::setActiveWindow 20 -raise true
[01:47:06.65] /i gi::setActiveWindow 19
[01:47:06.65] /i gi::setActiveWindow 19 -raise true
[01:47:06.89] /# gi::executeAction deFitView -in [gi::getWindows 19]
[01:47:06.89] /i de::fit -window 19 -fitView true
[01:47:06.89] /o {-8.317 -4.779} {5.897 3.599}
[01:47:07.10] /# gi::executeAction deCanvasZoomOutAtPoint -in [gi::getWindows 19]
[01:47:07.10] /i de::zoom -window [gi::getWindows 19] -factor 0.5 -center {-3.133 0.089}
[01:47:07.10] /o {-13.5 -9.647} {14.926 7.109}
[01:47:07.12] /# gi::executeAction deCanvasZoomOutAtPoint -in [gi::getWindows 19]
[01:47:07.12] /i de::zoom -window [gi::getWindows 19] -factor 0.5 -center {-3.132 0.034}
[01:47:07.12] /o {-23.869 -19.328} {32.985 14.184}
[01:47:07.13] /# gi::executeAction deCanvasZoomOutAtPoint -in [gi::getWindows 19]
[01:47:07.13] /i de::zoom -window [gi::getWindows 19] -factor 0.5 -center {-3.132 -0.039}
[01:47:07.13] /o {-44.605 -38.616} {69.101 28.406}
[01:47:07.14] /# gi::executeAction deCanvasZoomOutAtPoint -in [gi::getWindows 19]
[01:47:07.14] /i de::zoom -window [gi::getWindows 19] -factor 0.5 -center {-3.132 -0.039}
[01:47:07.14] /o {-86.078 -77.193} {141.334 56.851}
[01:47:07.15] /# gi::executeAction deCanvasZoomOutAtPoint -in [gi::getWindows 19]
[01:47:07.15] /i de::zoom -window [gi::getWindows 19] -factor 0.5 -center {-3.133 -0.183}
[01:47:07.15] /o {-169.023 -154.203} {285.801 113.885}
[01:47:07.17] /# gi::executeAction deCanvasZoomOutAtPoint -in [gi::getWindows 19]
[01:47:07.17] /i de::zoom -window [gi::getWindows 19] -factor 0.5 -center {-3.132 -0.183}
[01:47:07.17] /o {-334.915 -308.224} {574.735 227.954}
[01:47:07.18] /# gi::executeAction deCanvasZoomOutAtPoint -in [gi::getWindows 19]
[01:47:07.18] /i de::zoom -window [gi::getWindows 19] -factor 0.5 -center {-3.133 -0.182}
[01:47:07.18] /o {-666.696 -616.266} {1152.602 456.09}
[01:47:07.59] /# gi::executeAction deCanvasZoomInAtPoint -in [gi::getWindows 19]
[01:47:07.59] /i de::zoom -window [gi::getWindows 19] -factor 2.0 -center {-12.397 -3.657}
[01:47:07.59] /o {-339.547 -309.961} {570.103 226.216}
[01:47:07.62] /# gi::executeAction deCanvasZoomInAtPoint -in [gi::getWindows 19]
[01:47:07.62] /i de::zoom -window [gi::getWindows 19] -factor 2.0 -center {-12.976 -3.657}
[01:47:07.62] /o {-176.261 -156.809} {278.563 111.28}
[01:47:07.70] /# gi::executeAction deFitView -in [gi::getWindows 19]
[01:47:07.70] /i de::fit -window 19 -fitView true
[01:47:07.71] /o {-8.317 -4.779} {5.897 3.599}
[01:47:11.78] /i gi::executeAction giCloseWindow -in [gi::getWindows 13]
[01:47:12.33] /i gi::executeAction giCloseWindow -in [gi::getWindows 15]
[01:47:16.32] /# gi::executeAction xtDRCSetup -in [gi::getWindows 19]
[01:47:16.32] /i xt::showDRCSetup -job drc -window 19
[01:47:16.47] /o oa:0x21cd79e0
[01:47:16.53] /i gi::setActiveDialog [gi::getDialogs {xtDRCSetup} -parent [gi::getWindows 19]]
[01:47:16.78] /i db::setAttr geometry -of [gi::getDialogs {xtDRCSetup} -parent [gi::getWindows 19]] -value 475x427+865+410
[01:47:19.38] /i gi::pressButton {/tabGroup/mainTab/runDir/browseButton} -in [gi::getDialogs {xtDRCSetup} -parent [gi::getWindows 19]]
[01:47:22.02] /r giFileDialog accept .
[01:47:40.46] /i gi::setField {/tabGroup/mainTab/layoutGroup/layoutCellViewCell} -value {Final} -in [gi::getDialogs {xtDRCSetup} -parent [gi::getWindows 19]]
[01:47:42.16] /i gi::pressButton {/apply} -in [gi::getDialogs {xtDRCSetup} -parent [gi::getWindows 19]]
[01:47:42.54] /# xt::physicalVerification::executePve drc 19
[01:47:43.66] /r giWindowId 21
[01:47:43.67] /r giWindowGeometry 800x600
[01:47:44.36] /m Information: 
              /c =============================
              /c JobID: hercules_drc_423
              /c Completed with no errors.
              /c =============================
              /c 
[01:47:47.41] /i gi::closeWindows [gi::getDialogs {xtDRCSetup} -parent [gi::getWindows 19]]
[01:47:48.70] /i gi::executeAction giCloseWindow -in [gi::getWindows 21]
[01:47:48.71] /i gi::setActiveWindow 19
[01:47:48.71] /i gi::setActiveWindow 19 -raise true
[01:47:51.92] /# gi::executeAction xtLVSSetup -in [gi::getWindows 19]
[01:47:51.92] /i xt::showLVSSetup -job lvs -window 19
[01:47:52.19] /o oa:0x208f2930
[01:47:52.26] /i gi::setActiveDialog [gi::getDialogs {xtLVSSetup} -parent [gi::getWindows 19]]
[01:47:52.58] /i db::setAttr geometry -of [gi::getDialogs {xtLVSSetup} -parent [gi::getWindows 19]] -value 704x454+787+419
[01:47:56.95] /i gi::pressButton {/apply} -in [gi::getDialogs {xtLVSSetup} -parent [gi::getWindows 19]]
[01:47:56.95] /e Error: The requested action could not be completed because one or more inputs are incomplete or invalid. (CUSTOM_WIDGETS-001)
[01:47:58.22] /i gi::pressButton {/tabGroup/mainTab/jobParametersGroup/runsetFile/browseButton} -in [gi::getDialogs {xtLVSSetup} -parent [gi::getWindows 19]]
[01:48:04.04] /r giFileDialog accept PDK/hercules/lvs/reference_lvs.ev
[01:48:04.70] /i gi::pressButton {/apply} -in [gi::getDialogs {xtLVSSetup} -parent [gi::getWindows 19]]
[01:48:05.07] /# xt::physicalVerification::executePve lvs 19
[01:48:05.96] /m Information: "Starting netlisting for design "inverter/Final/schematic"..." (NETLISTING-010)
[01:48:05.98] /o No Design Integrity rule violations found in "inverter/Final/schematic"
[01:48:06.00] /m Information: 
              /c Cross view checking for inverter/NAND2/symbol with inverter/NAND2/schematic
              /c 	[warning] Missing Terminal
              /c 		Terminal in1 found in schematic is missing in symbol
              /c 	[warning] Missing Terminal
              /c 		Terminal in2 found in schematic is missing in symbol
              /c 	[warning] Missing Terminal
              /c 		Terminal Y found in schematic is missing in symbol (DE_EDIT-007)
[01:48:06.00] /w Warning: "Terminal in1 found in schematic is missing in symbol" (NETLISTING-003)
[01:48:06.00] /w Warning: "Terminal in2 found in schematic is missing in symbol" (NETLISTING-003)
[01:48:06.00] /w Warning: "Terminal Y found in schematic is missing in symbol" (NETLISTING-003)
[01:48:06.03] /m Information: "Netlisting design "inverter/Final/schematic" finished successfully." (NETLISTING-012)
[01:48:06.16] /r giWindowId 22
[01:48:06.16] /r giWindowGeometry 800x600
[01:48:08.39] /m Information: 
              /c =============================
              /c JobID: hercules_lvs_19
              /c --- EXTRACT ERROR SUMMARY ---
              /c LAYOUT ERRORS RESULTS: CLEAN
              /c --- COMPARE ERROR SUMMARY ---
              /c Top block compare result: FAIL
              /c [Final != Final]
              /c > Final != Final (level = 0)
              /c =============================
              /c 
[01:48:08.65] /j ::xt::hercules::vue::_private::registerConnection localhost:53544 tcp68 herculesVue_10 
[01:48:08.68] /m Information: Connection established with 'Hercules-VUE' running on 'localhost'.
[01:48:08.71] /j ::xt::hercules::vue::_private::isJobReady 
[01:48:08.71] /o true
[01:48:08.73] /j ::xt::hercules::vue::startFilter LAY 
[01:48:08.75] /j ::xt::hercules::vue::startFilter SCH 
[01:48:08.91] /j ::xt::hercules::vue::setInlibPath /home/itsupport/Desktop/lab1vlsi/synopsys_custom/Final.hercules.lvs/. 
[01:48:08.93] /j ::xt::hercules::vue::setTopLayLCV inverter Final layout 
[01:48:08.95] /j ::xt::hercules::vue::openCell inverter Final layout 
[01:48:08.96] /j ::xt::hercules::vue::setTopSchLib inverter 
[01:48:11.70] /j ::xt::hercules::vue::clearAllHighlights Final layout 
[01:48:11.70] /j ::xt::hercules::vue::clearAllHighlights {} {} 
[01:48:11.86] /m Information: Connection closed with 'Hercules-VUE' running on 'localhost'.
[01:48:12.26] /i gi::closeWindows [gi::getDialogs {xtLVSSetup} -parent [gi::getWindows 19]]
[01:48:13.03] /i gi::setActiveWindow 20
[01:48:13.03] /i gi::setActiveWindow 20 -raise true
[01:48:13.58] /i gi::executeAction giCloseWindow -in [gi::getWindows 20]
[01:48:13.59] /i gi::setActiveWindow 22
[01:48:13.59] /i gi::setActiveWindow 22 -raise true
[01:48:14.15] /i gi::setActiveWindow 19
[01:48:14.15] /i gi::setActiveWindow 19 -raise true
[01:48:15.42] /i gi::setActiveWindow 22
[01:48:15.42] /i gi::setActiveWindow 22 -raise true
[01:48:15.93] /i gi::setActiveWindow 2
[01:48:15.93] /i gi::setActiveWindow 2 -raise true
[01:48:17.16] /i gi::setCurrentIndex {views} -index {schematic} -in [gi::getWindows 2]
[01:48:17.16] /i gi::setItemSelection {views} -index {schematic} -in [gi::getWindows 2]
[01:48:17.40] /i gi::executeAction dmOpen -in [gi::getWindows 2]
[01:48:17.43] /r giWindowId 23
[01:48:17.44] /r giWindowGeometry 1632x1020
[01:48:17.56] /o "inverter/Final/schematic" design does not need checking
[01:48:18.72] /# gi::executeAction deSelectActive -in [gi::getWindows 23]
[01:48:18.72] /i de::deselectAll [db::getNext [de::getContexts -window 23]]
[01:48:18.72] /i de::select [de::getActiveFigure [gi::getWindows 23] -point {6.9125 6.4375} -index 0 -intent none]
[01:48:18.72] /o oa:0x208cef50
[01:48:20.10] /# gi::executeAction deSelectActive -in [gi::getWindows 23]
[01:48:20.10] /i de::cycleActiveFigure [gi::getWindows 23] -direction next
[01:48:20.10] /o oa:0x1f867330
[01:48:20.22] /# gi::executeAction deDescend -in [gi::getWindows 23]
[01:48:20.22] /i ide::descend 23 -inPlace false -promptView false -readOnly auto
[01:48:20.23] /# Navigating to inverter/NAND2_2/schematic (I9)
[01:48:20.28] /o true
[01:48:21.45] /i gi::executeAction deCanvasDragSelect -in [gi::getWindows 23]
[01:48:21.45] /r deCanvasDragStart 2.29375 4.575
[01:48:21.82] /# gi::executeAction deCanvasDragEnd -in [gi::getWindows 23]
[01:48:21.82] /i gi::executeAction deCanvasDragEnd -in [gi::getWindows 23]
[01:48:21.82] /r deCanvasDragEnd 4.25625 1.21875
[01:48:22.23] /# gi::executeAction deSelectActive -in [gi::getWindows 23]
[01:48:22.23] /i de::deselectAll [db::getNext [de::getContexts -window 23]]
[01:48:22.24] /i de::deselectAllLogic -context [db::getNext [de::getContexts -window 23]]
[01:48:22.57] /# gi::executeAction deCanvasZoomOutAtPoint -in [gi::getWindows 23]
[01:48:22.57] /i de::zoom -window [gi::getWindows 23] -factor 0.5 -center {1.48125 3.64375}
[01:48:22.57] /o {-0.96875 -3.60625} {14.25625 5.69375}
[01:48:23.20] /i gi::executeAction deCanvasDragSelect -in [gi::getWindows 23]
[01:48:23.20] /r deCanvasDragStart 1.18125 5.21875
[01:48:24.57] /# gi::executeAction deCanvasDragEnd -in [gi::getWindows 23]
[01:48:24.57] /i gi::executeAction deCanvasDragEnd -in [gi::getWindows 23]
[01:48:24.57] /r deCanvasDragEnd 6.45625 -0.575
[01:48:25.79] /# gi::executeAction seCopy -in [gi::getWindows 23]
[01:48:25.79] /i ise::copy
[01:48:25.95] /# gi::executeAction deAddPoint -in [gi::getWindows 23]
[01:48:25.95] /i de::addPoint {3.925 3.3875} -context [db::getNext [de::getContexts -window 23]]
[01:48:27.04] /i gi::setActiveWindow 19
[01:48:27.04] /i gi::setActiveWindow 19 -raise true
[01:48:28.13] /i gi::setActiveWindow 22
[01:48:28.13] /i gi::setActiveWindow 22 -raise true
[01:48:28.76] /i gi::setActiveWindow 23
[01:48:28.76] /i gi::setActiveWindow 23 -raise true
[01:48:29.19] /i gi::setActiveWindow 2
[01:48:29.19] /i gi::setActiveWindow 2 -raise true
[01:48:30.55] /i gi::executeAction dmOpen -in [gi::getWindows 2]
[01:48:30.55] /r giWindowId 24
[01:48:30.56] /r giWindowGeometry 1632x1020
[01:48:30.73] /o "inverter/Final/schematic" design does not need checking
[01:48:31.87] /# gi::executeAction deReturnToTop -in [gi::getWindows 24]
[01:48:31.87] /i de::return [db::getNext [de::getContexts -window 24]] -levels -1
[01:48:31.87] /o oa:0x1e56de40
[01:48:33.25] /# gi::executeAction deAddPoint -in [gi::getWindows 24]
[01:48:33.25] /i de::addPoint {11.55625 8.64375} -context [db::getNext [de::getContexts -window 24]]
[01:48:33.80] /i gi::executeAction deCanvasDragCancel -in [gi::getWindows 24]
[01:48:34.26] /# gi::executeAction deSelectActive -in [gi::getWindows 24]
[01:48:34.26] /i de::deselectAll [db::getNext [de::getContexts -window 24]]
[01:48:34.26] /i de::select [de::getActiveFigure [gi::getWindows 24] -point {6.74375 5.9375} -index 0 -intent none]
[01:48:34.26] /o oa:0x214c4ac0
[01:48:34.67] /# gi::executeAction seDelete -in [gi::getWindows 24]
[01:48:34.67] /i ise::delete
[01:48:34.67] /# Navigating to inverter/Final/schematic
[01:48:35.31] /i gi::setActiveWindow 24
[01:48:35.31] /i gi::setActiveWindow 24 -raise true
[01:48:35.37] /# gi::executeAction deSelectActive -in [gi::getWindows 24]
[01:48:35.37] /i de::deselectAll [db::getNext [de::getContexts -window 24]]
[01:48:35.37] /i de::select [de::getActiveFigure [gi::getWindows 24] -point {4.31875 4.59375} -index 0 -intent none]
[01:48:35.37] /o oa:0x2124a7b0
[01:48:35.41] /# gi::executeAction seDelete -in [gi::getWindows 24]
[01:48:35.41] /i ise::delete
[01:48:35.94] /# gi::executeAction deSelectActive -in [gi::getWindows 24]
[01:48:35.94] /i de::deselectAll [db::getNext [de::getContexts -window 24]]
[01:48:35.94] /i de::select [de::getActiveFigure [gi::getWindows 24] -point {6.74375 2.725} -index 0 -intent none]
[01:48:35.94] /o oa:0x210c7b50
[01:48:35.99] /# gi::executeAction seDelete -in [gi::getWindows 24]
[01:48:35.99] /i ise::delete
[01:48:36.46] /# gi::executeAction deSelectActive -in [gi::getWindows 24]
[01:48:36.46] /i de::deselectAll [db::getNext [de::getContexts -window 24]]
[01:48:36.46] /i de::select [de::getActiveFigure [gi::getWindows 24] -point {10.2375 4.34375} -index 0 -intent none]
[01:48:36.46] /o oa:0x206bd0a0
[01:48:36.54] /# gi::executeAction seDelete -in [gi::getWindows 24]
[01:48:36.54] /i ise::delete
[01:48:37.00] /# gi::executeAction deSelectActive -in [gi::getWindows 24]
[01:48:37.00] /i de::deselectAll [db::getNext [de::getContexts -window 24]]
[01:48:37.00] /i de::select [de::getActiveFigure [gi::getWindows 24] -point {13.09375 3.05625} -index 0 -intent none]
[01:48:37.00] /o oa:0x1fc75d90
[01:48:37.05] /# gi::executeAction seDelete -in [gi::getWindows 24]
[01:48:37.05] /i ise::delete
[01:48:37.48] /# gi::executeAction deSelectActive -in [gi::getWindows 24]
[01:48:37.48] /i de::deselectAll [db::getNext [de::getContexts -window 24]]
[01:48:37.48] /i de::select [de::getActiveFigure [gi::getWindows 24] -point {15.925 4.925} -index 0 -intent none]
[01:48:37.48] /o oa:0x1ed02ea0
[01:48:37.51] /# gi::executeAction seDelete -in [gi::getWindows 24]
[01:48:37.51] /i ise::delete
[01:48:37.90] /# gi::executeAction deSelectActive -in [gi::getWindows 24]
[01:48:37.90] /i de::deselectAll [db::getNext [de::getContexts -window 24]]
[01:48:37.90] /i de::select [de::getActiveFigure [gi::getWindows 24] -point {15.59375 1.94375} -index 0 -intent none]
[01:48:37.90] /o oa:0x20d71a60
[01:48:37.95] /# gi::executeAction seDelete -in [gi::getWindows 24]
[01:48:37.95] /i ise::delete
[01:48:38.52] /# gi::executeAction deSelectActive -in [gi::getWindows 24]
[01:48:38.52] /i de::deselectAll [db::getNext [de::getContexts -window 24]]
[01:48:38.52] /i de::select [de::getActiveFigure [gi::getWindows 24] -point {18.8375 4.10625} -index 0 -intent none]
[01:48:38.52] /o oa:0x206bc700
[01:48:38.55] /# gi::executeAction seDelete -in [gi::getWindows 24]
[01:48:38.55] /i ise::delete
[01:48:39.00] /# gi::executeAction deSelectActive -in [gi::getWindows 24]
[01:48:39.00] /i de::deselectAll [db::getNext [de::getContexts -window 24]]
[01:48:39.00] /i de::select [de::getActiveFigure [gi::getWindows 24] -point {19.05625 0.575} -index 0 -intent none]
[01:48:39.00] /o oa:0x201cc5f0
[01:48:39.05] /# gi::executeAction seDelete -in [gi::getWindows 24]
[01:48:39.06] /i ise::delete
[01:48:39.41] /# gi::executeAction deCanvasZoomInAtPoint -in [gi::getWindows 24]
[01:48:39.41] /i de::zoom -window [gi::getWindows 24] -factor 2.0 -center {10.18125 7.975}
[01:48:39.41] /o {5.0875 2.1} {15.98125 8.75}
[01:48:44.52] /# gi::executeAction deSelectActive -in [gi::getWindows 24]
[01:48:44.52] /i de::deselectAll [db::getNext [de::getContexts -window 24]]
[01:48:44.52] /i de::select [de::getActiveFigure [gi::getWindows 24] -point {9.93125 7.59375} -index 0 -intent none]
[01:48:44.52] /o oa:0x20090da0
[01:48:44.57] /# gi::executeAction seDelete -in [gi::getWindows 24]
[01:48:44.57] /i ise::delete
[01:48:45.75] /# gi::executeAction deSelectActive -in [gi::getWindows 24]
[01:48:45.75] /i de::deselectAll [db::getNext [de::getContexts -window 24]]
[01:48:45.75] /i de::select [de::getActiveFigure [gi::getWindows 24] -point {9.9375 6.35} -index 0 -intent none]
[01:48:45.75] /o oa:0x1ffe88a0
[01:48:45.81] /# gi::executeAction seDelete -in [gi::getWindows 24]
[01:48:45.81] /i ise::delete
[01:48:46.82] /# gi::executeAction deCanvasZoomOutAtPoint -in [gi::getWindows 24]
[01:48:46.82] /i de::zoom -window [gi::getWindows 24] -factor 0.5 -center {11.41875 5.49375}
[01:48:46.82] /o {-1.24375 -1.3} {20.5375 12.0125}
[01:48:46.91] /# gi::executeAction deCanvasZoomOutAtPoint -in [gi::getWindows 24]
[01:48:46.91] /i de::zoom -window [gi::getWindows 24] -factor 0.5 -center {11.4125 5.49375}
[01:48:46.91] /o {-13.90625 -8.09375} {29.66875 18.53125}
[01:48:47.48] /# gi::executeAction deCanvasZoomInAtPoint -in [gi::getWindows 24]
[01:48:47.48] /i de::zoom -window [gi::getWindows 24] -factor 2.0 -center {12.58125 7.575}
[01:48:47.48] /o {-0.6625 -0.25625} {21.125 13.05}
[01:48:48.71] /# gi::executeAction deSelectActive -in [gi::getWindows 24]
[01:48:48.71] /i de::deselectAll [db::getNext [de::getContexts -window 24]]
[01:48:48.71] /i de::select [de::getActiveFigure [gi::getWindows 24] -point {13.4 7.95} -index 0 -intent none]
[01:48:48.71] /o oa:0x203294b0
[01:48:50.08] /# gi::executeAction seDelete -in [gi::getWindows 24]
[01:48:50.08] /i ise::delete
[01:48:54.30] /i gi::executeAction deCanvasDragSelect -in [gi::getWindows 24]
[01:48:54.30] /r deCanvasDragStart 8.63125 10.9563
[01:48:55.34] /# gi::executeAction deCanvasDragEnd -in [gi::getWindows 24]
[01:48:55.34] /i gi::executeAction deCanvasDragEnd -in [gi::getWindows 24]
[01:48:55.34] /r deCanvasDragEnd 14.7063 5.49375
[01:48:57.11] /w Warning: Nothing is bound to the 'Comma' in the current active set. (WINDOW-015)
[01:48:57.47] /# gi::executeAction seStretch -in [gi::getWindows 24]
[01:48:57.47] /i ise::stretch
[01:48:57.73] /# gi::executeAction deAddPoint -in [gi::getWindows 24]
[01:48:57.73] /i de::addPoint {12.04375 8.325} -context [db::getNext [de::getContexts -window 24]]
[01:48:59.11] /# gi::executeAction deAddPoint -in [gi::getWindows 24]
[01:48:59.11] /i de::addPoint {8.7125 9.65625} -context [db::getNext [de::getContexts -window 24]]
[01:49:00.47] /# gi::executeAction seSchCreateWire -in [gi::getWindows 24]
[01:49:00.47] /i ise::createWire
[01:49:02.18] /# gi::executeAction deAddPoint -in [gi::getWindows 24]
[01:49:02.18] /i de::addPoint {6.2 6.36875} -context [db::getNext [de::getContexts -window 24]]
[01:49:02.19] /i de::setCursor -point {6.1875 6.4375 }
[01:49:05.01] /# gi::executeAction deAddPoint -in [gi::getWindows 24]
[01:49:05.01] /i de::addPoint {6.575 8.95} -context [db::getNext [de::getContexts -window 24]]
[01:49:06.54] /# gi::executeAction deAddPoint -in [gi::getWindows 24]
[01:49:06.54] /i de::addPoint {6.175 5.86875} -context [db::getNext [de::getContexts -window 24]]
[01:49:06.57] /i de::setCursor -point {6.25 5.875 }
[01:49:08.97] /# gi::executeAction deAddPoint -in [gi::getWindows 24]
[01:49:08.97] /i de::addPoint {6.575 7.74375} -context [db::getNext [de::getContexts -window 24]]
[01:49:10.34] /# gi::executeAction deCanvasZoomOutAtPoint -in [gi::getWindows 24]
[01:49:10.34] /i de::zoom -window [gi::getWindows 24] -factor 0.5 -center {6.59375 3.875}
[01:49:10.34] /o {-7.91875 -4.39375} {35.65625 22.23125}
[01:49:10.77] /# gi::executeAction deAbortCommand -in [gi::getWindows 24]
[01:49:10.77] /i de::abortCommand -context [db::getNext [de::getContexts -window 24]]
[01:49:11.78] /# gi::executeAction deCanvasZoomInAtPoint -in [gi::getWindows 24]
[01:49:11.78] /i de::zoom -window [gi::getWindows 24] -factor 2.0 -center {0.85 5.0375}
[01:49:11.78] /o {-3.53125 0.325} {18.25 13.63125}
[01:49:13.77] /# gi::executeAction deSelectActive -in [gi::getWindows 24]
[01:49:13.77] /i de::deselectAll [db::getNext [de::getContexts -window 24]]
[01:49:13.77] /i de::deselectAllLogic -context [db::getNext [de::getContexts -window 24]]
[01:49:15.10] /# gi::executeAction deSelectActive -in [gi::getWindows 24]
[01:49:15.11] /i de::deselectAll [db::getNext [de::getContexts -window 24]]
[01:49:15.11] /i de::select [de::getActiveFigure [gi::getWindows 24] -point {8.00625 6.13125} -index 0 -intent none]
[01:49:15.11] /o oa:0x20e438c0
[01:49:15.86] /# gi::executeAction deSelectActive -in [gi::getWindows 24]
[01:49:15.86] /i de::deselectAll [db::getNext [de::getContexts -window 24]]
[01:49:15.86] /i de::deselectAllLogic -context [db::getNext [de::getContexts -window 24]]
[01:49:17.12] /# gi::executeAction deSelectActive -in [gi::getWindows 24]
[01:49:17.12] /i de::deselectAllLogic -context [db::getNext [de::getContexts -window 24]]
[01:49:17.25] /# gi::executeAction seDelete -in [gi::getWindows 24]
[01:49:17.25] /i ise::delete
[01:49:17.58] /# gi::executeAction deAddPoint -in [gi::getWindows 24]
[01:49:17.58] /i de::addPoint {8.04375 6.11875} -context [db::getNext [de::getContexts -window 24]]
[01:49:17.68] /# gi::executeAction seDelete -in [gi::getWindows 24]
[01:49:17.68] /i ise::delete
[01:49:18.09] /# gi::executeAction deAddPoint -in [gi::getWindows 24]
[01:49:18.09] /i de::addPoint {8.16875 6.0375} -context [db::getNext [de::getContexts -window 24]]
[01:49:18.45] /# gi::executeAction deAddPoint -in [gi::getWindows 24]
[01:49:18.45] /i de::addPoint {8.1125 5.8} -context [db::getNext [de::getContexts -window 24]]
[01:49:18.51] /# gi::executeAction seDelete -in [gi::getWindows 24]
[01:49:18.51] /i ise::delete
[01:49:19.23] /# gi::executeAction deAddPoint -in [gi::getWindows 24]
[01:49:19.23] /i de::addPoint {8.63125 4.83125} -context [db::getNext [de::getContexts -window 24]]
[01:49:19.78] /# gi::executeAction deStartDrag -in [gi::getWindows 24]
[01:49:19.78] /i de::startDrag {8.63125 4.83125} -context [db::getNext [de::getContexts -window 24]]
[01:49:19.80] /# gi::executeAction deEndDrag -in [gi::getWindows 24]
[01:49:19.80] /i de::endDrag {8.66875 4.88125} -context [db::getNext [de::getContexts -window 24]]
[01:49:23.31] /i de::undoTransaction -design [db::getAttr editDesign -of [de::getContexts -window 24]] -steps 1
[01:49:23.45] /i de::undoTransaction -design [db::getAttr editDesign -of [de::getContexts -window 24]] -steps 1
[01:49:23.60] /i de::undoTransaction -design [db::getAttr editDesign -of [de::getContexts -window 24]] -steps 1
[01:49:23.75] /i de::undoTransaction -design [db::getAttr editDesign -of [de::getContexts -window 24]] -steps 1
[01:49:23.88] /i de::undoTransaction -design [db::getAttr editDesign -of [de::getContexts -window 24]] -steps 1
[01:49:24.03] /i de::undoTransaction -design [db::getAttr editDesign -of [de::getContexts -window 24]] -steps 1
[01:49:24.18] /i de::undoTransaction -design [db::getAttr editDesign -of [de::getContexts -window 24]] -steps 1
[01:49:24.33] /i de::undoTransaction -design [db::getAttr editDesign -of [de::getContexts -window 24]] -steps 1
[01:49:24.48] /i de::undoTransaction -design [db::getAttr editDesign -of [de::getContexts -window 24]] -steps 1
[01:49:24.65] /i de::undoTransaction -design [db::getAttr editDesign -of [de::getContexts -window 24]] -steps 1
[01:49:24.80] /i de::undoTransaction -design [db::getAttr editDesign -of [de::getContexts -window 24]] -steps 1
[01:49:24.94] /i de::undoTransaction -design [db::getAttr editDesign -of [de::getContexts -window 24]] -steps 1
[01:49:25.10] /i de::undoTransaction -design [db::getAttr editDesign -of [de::getContexts -window 24]] -steps 1
[01:49:25.25] /i de::undoTransaction -design [db::getAttr editDesign -of [de::getContexts -window 24]] -steps 1
[01:49:25.41] /i de::undoTransaction -design [db::getAttr editDesign -of [de::getContexts -window 24]] -steps 1
[01:49:25.56] /i de::undoTransaction -design [db::getAttr editDesign -of [de::getContexts -window 24]] -steps 1
[01:49:25.72] /i de::undoTransaction -design [db::getAttr editDesign -of [de::getContexts -window 24]] -steps 1
[01:49:25.88] /i de::undoTransaction -design [db::getAttr editDesign -of [de::getContexts -window 24]] -steps 1
[01:49:26.04] /i de::undoTransaction -design [db::getAttr editDesign -of [de::getContexts -window 24]] -steps 1
[01:49:26.95] /# gi::executeAction deCanvasZoomOutAtPoint -in [gi::getWindows 24]
[01:49:26.95] /i de::zoom -window [gi::getWindows 24] -factor 0.5 -center {9.2125 6.95}
[01:49:26.96] /o {-16.28125 -6.30625} {27.29375 20.31875}
[01:49:28.77] /# gi::executeAction seSchCheckAndSave -in [gi::getWindows 24]
[01:49:28.77] /i ise::check
[01:49:28.78] /m Information: 
              /c Cross view checking for inverter/Final/symbol with inverter/Final/schematic
              /c No violations found. (DE_EDIT-007)
[01:49:28.78] /m Information: 
[01:49:28.78] /o Checking "inverter/Final/schematic"
[01:49:28.78] /o 	[warning] Floating Input Instance Pins
[01:49:28.78] /o 		Input pin 'B' of instance 'I15' is floating
[01:49:28.79] /o 0 Error(s),1 Warning(s),0 Message(s) found   in "inverter/Final/schematic"
[01:49:28.79] /m Information: Checking process is completed: marking the design violations
[01:49:28.81] /m Information: Marking of designs is completed
[01:49:28.81] /o true
[01:49:28.91] /# gi::executeAction seSchCheckAndSave -in [gi::getWindows 24]
[01:49:28.91] /i ise::check
[01:49:28.92] /m Information: 
              /c Cross view checking for inverter/Final/symbol with inverter/Final/schematic
              /c No violations found. (DE_EDIT-007)
[01:49:28.92] /m Information: 
[01:49:28.92] /o Checking "inverter/Final/schematic"
[01:49:28.92] /o 	[warning] Floating Input Instance Pins
[01:49:28.92] /o 		Input pin 'B' of instance 'I15' is floating
[01:49:28.92] /o 0 Error(s),1 Warning(s),0 Message(s) found   in "inverter/Final/schematic"
[01:49:28.92] /m Information: Checking process is completed: marking the design violations
[01:49:28.94] /m Information: Marking of designs is completed
[01:49:28.94] /o true
[01:49:29.05] /# gi::executeAction seSchCheckAndSave -in [gi::getWindows 24]
[01:49:29.05] /i ise::check
[01:49:29.05] /m Information: 
              /c Cross view checking for inverter/Final/symbol with inverter/Final/schematic
              /c No violations found. (DE_EDIT-007)
[01:49:29.05] /m Information: 
[01:49:29.05] /o Checking "inverter/Final/schematic"
[01:49:29.05] /o 	[warning] Floating Input Instance Pins
[01:49:29.05] /o 		Input pin 'B' of instance 'I15' is floating
[01:49:29.05] /o 0 Error(s),1 Warning(s),0 Message(s) found   in "inverter/Final/schematic"
[01:49:29.05] /m Information: Checking process is completed: marking the design violations
[01:49:29.07] /m Information: Marking of designs is completed
[01:49:29.07] /o true
[01:49:29.97] /i gi::setActiveWindow 19
[01:49:29.97] /i gi::setActiveWindow 19 -raise true
[01:49:31.64] /i gi::executeAction giCloseWindow -in [gi::getWindows 22]
[01:49:35.80] /# gi::executeAction xtLVSSetup -in [gi::getWindows 19]
[01:49:35.80] /i xt::showLVSSetup -job lvs -window 19
[01:49:36.43] /# gi::setActiveDialog [gi::getDialogs {xtLVSSetup} -parent [gi::getWindows 19]]
[01:49:36.55] /o oa:0x2163a700
[01:49:36.57] /i db::setAttr geometry -of [gi::getDialogs {xtLVSSetup} -parent [gi::getWindows 19]] -value 704x454+787+382
[01:49:47.54] /i gi::setActiveTab {/tabGroup} -tabName {/tabGroup/netlistingOptionsTab} -in [gi::getDialogs {xtLVSSetup} -parent [gi::getWindows 19]]
[01:49:48.43] /i gi::setCurrentIndex {/tabGroup/controlVariablesTab/controlVariablesTable} -index {0,0} -in [gi::getDialogs {xtLVSSetup} -parent [gi::getWindows 19]]
[01:49:48.43] /i gi::setActiveTab {/tabGroup} -tabName {/tabGroup/controlVariablesTab} -in [gi::getDialogs {xtLVSSetup} -parent [gi::getWindows 19]]
[01:49:49.01] /i gi::setActiveTab {/tabGroup} -tabName {/tabGroup/customOptionsTab} -in [gi::getDialogs {xtLVSSetup} -parent [gi::getWindows 19]]
[01:49:50.38] /i gi::setActiveTab {/tabGroup} -tabName {/tabGroup/controlVariablesTab} -in [gi::getDialogs {xtLVSSetup} -parent [gi::getWindows 19]]
[01:49:50.87] /i gi::setActiveTab {/tabGroup} -tabName {/tabGroup/mainTab} -in [gi::getDialogs {xtLVSSetup} -parent [gi::getWindows 19]]
[01:49:55.99] /i gi::setField {/tabGroup/mainTab/layoutGroup/layoutFormat/stream} -value {true} -in [gi::getDialogs {xtLVSSetup} -parent [gi::getWindows 19]]
[01:49:56.34] /i db::setAttr geometry -of [gi::getDialogs {xtLVSSetup} -parent [gi::getWindows 19]] -value 822x485+787+382
[01:49:56.79] /i gi::setField {/tabGroup/mainTab/layoutGroup/layoutFormat/netlist} -value {true} -in [gi::getDialogs {xtLVSSetup} -parent [gi::getWindows 19]]
[01:49:57.67] /i gi::setField {/tabGroup/mainTab/layoutGroup/layoutFormat/openAccess} -value {true} -in [gi::getDialogs {xtLVSSetup} -parent [gi::getWindows 19]]
[01:49:58.39] /i gi::setField {/tabGroup/mainTab/layoutGroup/layoutFormat/netlist} -value {true} -in [gi::getDialogs {xtLVSSetup} -parent [gi::getWindows 19]]
[01:50:00.52] /i gi::pressButton {/apply} -in [gi::getDialogs {xtLVSSetup} -parent [gi::getWindows 19]]
[01:50:00.86] /# xt::physicalVerification::executePve lvs 19
[01:50:01.75] /m Information: "Starting netlisting for design "inverter/Final/schematic"..." (NETLISTING-010)
[01:50:01.75] /o No Design Integrity rule violations found in "inverter/Final/schematic"
[01:50:01.75] /m Information: 
              /c Cross view checking for inverter/NAND2/symbol with inverter/NAND2/schematic
              /c 	[warning] Missing Terminal
              /c 		Terminal in1 found in schematic is missing in symbol
              /c 	[warning] Missing Terminal
              /c 		Terminal in2 found in schematic is missing in symbol
              /c 	[warning] Missing Terminal
              /c 		Terminal Y found in schematic is missing in symbol (DE_EDIT-007)
[01:50:01.75] /w Warning: "Terminal in1 found in schematic is missing in symbol" (NETLISTING-003)
[01:50:01.75] /w Warning: "Terminal in2 found in schematic is missing in symbol" (NETLISTING-003)
[01:50:01.75] /w Warning: "Terminal Y found in schematic is missing in symbol" (NETLISTING-003)
[01:50:01.78] /m Information: "Netlisting design "inverter/Final/schematic" finished successfully." (NETLISTING-012)
[01:50:01.95] /r giWindowId 25
[01:50:01.96] /r giWindowGeometry 800x600
[01:50:02.92] /m Information: 
              /c =============================
              /c JobID: hercules_lvs_20
              /c --- COMPARE ERROR SUMMARY ---
              /c Top block compare result: FAIL
              /c [Final != Final]
              /c > Final != Final (level = 0)
              /c =============================
              /c 
[01:50:03.16] /j ::xt::hercules::vue::_private::registerConnection localhost:36549 tcp75 herculesVue_11 
[01:50:03.20] /j ::xt::hercules::vue::_private::isJobReady 
[01:50:03.20] /o false
[01:50:04.20] /j ::xt::hercules::vue::_private::isJobReady 
[01:50:04.20] /o false
[01:50:05.20] /m Information: Connection established with 'Hercules-VUE' running on 'localhost'.
[01:50:05.21] /j ::xt::hercules::vue::_private::isJobReady 
[01:50:05.21] /o true
[01:50:05.21] /j ::xt::hercules::vue::startFilter LAY 
[01:50:05.21] /j ::xt::hercules::vue::startFilter SCH 
[01:50:05.39] /j ::xt::hercules::vue::setInlibPath /home/itsupport/Desktop/lab1vlsi/synopsys_custom/Final.hercules.lvs/. 
[01:50:05.41] /j ::xt::hercules::vue::setTopLayLCV QA Final layout 
[01:50:05.42] /j ::xt::hercules::vue::openCell QA Final layout 
[01:50:05.47] /r giDialog gi::setActiveDialog [gi::getDialogs {xtHerculesVUEDeContextFromCTmaskLayout} -parent [gi::getWindows 0]]
[01:50:05.75] /r giDialog db::setAttr geometry -of [gi::getDialogs {xtHerculesVUEDeContextFromCTmaskLayout} -parent [gi::getWindows 0]] -value 381x179+120+111
[01:50:09.74] /r giDialog gi::closeWindows [gi::getDialogs {xtHerculesVUEDeContextFromCTmaskLayout} -parent [gi::getWindows 0]]
[01:50:09.76] /m Information: [vue] Library selection for cell 'Final' canceled.
[01:50:09.76] /e Error: [vue] Cannot open 'QA/Final/layout': not found
[01:50:09.76] /j ::xt::hercules::vue::setTopSchLib QA 
[01:50:10.86] /i gi::setActiveDialog [gi::getDialogs {xtLVSSetup} -parent [gi::getWindows 19]]
[01:50:10.86] /j ::xt::hercules::vue::clearAllHighlights {} {} 
[01:50:10.87] /j ::xt::hercules::vue::clearAllHighlights Final layout 
[01:50:11.06] /m Information: Connection closed with 'Hercules-VUE' running on 'localhost'.
[01:50:12.16] /i gi::setField {/tabGroup/mainTab/layoutGroup/layoutFormat/openAccess} -value {true} -in [gi::getDialogs {xtLVSSetup} -parent [gi::getWindows 19]]
[01:50:13.19] /i gi::closeWindows [gi::getDialogs {xtLVSSetup} -parent [gi::getWindows 19]]
[01:50:13.95] /i gi::executeAction giCloseWindow -in [gi::getWindows 25]
[01:50:13.96] /i gi::setActiveWindow 19
[01:50:13.96] /i gi::setActiveWindow 19 -raise true
[01:50:15.82] /# gi::executeAction deSelectActive -in [gi::getWindows 19]
[01:50:15.82] /i de::deselectAll [db::getNext [de::getContexts -window 19]]
[01:50:15.82] /i de::select [de::getActiveFigure [gi::getWindows 19] -point {5.091 -3.114} -index 0 -intent none]
[01:50:15.82] /o oa:0x1fb6fd80
[01:51:09.92] /i gi::executeAction giCloseWindow -in [gi::getWindows 19]
[01:51:09.94] /i gi::setActiveWindow 24
[01:51:09.94] /i gi::setActiveWindow 24 -raise true
[01:51:11.46] /i gi::setActiveWindow 23
[01:51:11.46] /i gi::setActiveWindow 23 -raise true
[01:51:13.01] /i gi::setActiveWindow 24
[01:51:13.01] /i gi::setActiveWindow 24 -raise true
[01:51:13.57] /i gi::setActiveWindow 2
[01:51:13.57] /i gi::setActiveWindow 2 -raise true
[01:51:16.25] /i gi::setCurrentIndex {cells} -index {FA_1bit_tb} -in [gi::getWindows 2]
[01:51:16.25] /i gi::setItemSelection {cells} -index {FA_1bit_tb} -in [gi::getWindows 2]
[01:51:16.63] /i gi::setCurrentIndex {cells} -index {Final} -in [gi::getWindows 2]
[01:51:16.63] /i gi::setItemSelection {cells} -index {Final} -in [gi::getWindows 2]
[01:51:19.46] /i gi::setCurrentIndex {cells} -index {full_adder} -in [gi::getWindows 2]
[01:51:19.46] /i gi::setItemSelection {cells} -index {full_adder} -in [gi::getWindows 2]
[01:51:20.09] /i gi::setCurrentIndex {views} -index {symbol} -in [gi::getWindows 2]
[01:51:20.09] /i gi::setItemSelection {views} -index {symbol} -in [gi::getWindows 2]
[01:51:20.63] /i gi::setCurrentIndex {views} -index {schematic} -in [gi::getWindows 2]
[01:51:20.63] /i gi::setItemSelection {views} -index {schematic} -in [gi::getWindows 2]
[01:51:21.53] /i gi::setCurrentIndex {views} -index {layout} -in [gi::getWindows 2]
[01:51:21.53] /i gi::setItemSelection {views} -index {layout} -in [gi::getWindows 2]
[01:51:21.68] /i gi::executeAction dmOpen -in [gi::getWindows 2]
[01:51:21.71] /r giWindowId 26
[01:51:21.72] /r giWindowGeometry 1632x1020
[01:51:21.74] /# de::setActiveLPP [de::getLPPs "exclude blockage" -from [db::getAttr editDesign -of [de::getContexts -window 26]]]
[01:51:25.56] /i gi::setField {stopLevel} -value {4} -in [gi::getToolbars {leHierarchy} -from [gi::getWindows 26]]
[01:51:26.27] /# gi::executeAction deSelectActive -in [gi::getWindows 26]
[01:51:26.27] /i de::deselectAllLogic -context [db::getNext [de::getContexts -window 26]]
[01:51:27.87] /# gi::executeAction deCanvasZoomOutAtPoint -in [gi::getWindows 26]
[01:51:27.87] /i de::zoom -window [gi::getWindows 26] -factor 0.5 -center {18.813 9.248}
[01:51:27.87] /o {7.253 2.082} {27.611 14.082}
[01:51:27.93] /# gi::executeAction deCanvasZoomOutAtPoint -in [gi::getWindows 26]
[01:51:27.93] /i de::zoom -window [gi::getWindows 26] -factor 0.5 -center {18.812 9.248}
[01:51:27.93] /o {-4.307 -5.084} {36.411 18.916}
[01:51:28.53] /# gi::executeAction deSelectActive -in [gi::getWindows 26]
[01:51:28.53] /i de::deselectAll [db::getNext [de::getContexts -window 26]]
[01:51:28.53] /i de::select [de::getActiveFigure [gi::getWindows 26] -point {19.097 9.275} -index 0 -intent none]
[01:51:28.53] /o oa:0x1f91e8e0
[01:51:29.14] /# gi::executeAction leCopy -in [gi::getWindows 26]
[01:51:29.14] /i ile::copy
[01:51:29.35] /# gi::executeAction deAddPoint -in [gi::getWindows 26]
[01:51:29.35] /i de::addPoint {19.097 9.326} -context [db::getNext [de::getContexts -window 26]]
[01:51:29.97] /# gi::executeAction deCanvasZoomInAtPoint -in [gi::getWindows 26]
[01:51:29.97] /i de::zoom -window [gi::getWindows 26] -factor 2.0 -center {21.041 9.43}
[01:51:29.97] /o {8.367 2.173} {28.726 14.173}
[01:51:30.94] /# gi::executeAction deCanvasZoomInAtPoint -in [gi::getWindows 26]
[01:51:30.94] /i de::zoom -window [gi::getWindows 26] -factor 2.0 -center {21.21 9.43}
[01:51:30.94] /o {14.789 5.802} {24.968 11.802}
[01:51:35.31] /# gi::executeAction deAddPoint -in [gi::getWindows 26]
[01:51:35.31] /i de::addPoint {20.238 9.333} -context [db::getNext [de::getContexts -window 26]]
[01:51:36.22] /# gi::executeAction leCopy -in [gi::getWindows 26]
[01:51:36.22] /i ile::copy
[01:51:36.42] /# gi::executeAction deAddPoint -in [gi::getWindows 26]
[01:51:36.42] /i de::addPoint {20.043 9.404} -context [db::getNext [de::getContexts -window 26]]
[01:51:44.12] /# gi::executeAction deAddPoint -in [gi::getWindows 26]
[01:51:44.12] /i de::addPoint {21.19 9.171} -context [db::getNext [de::getContexts -window 26]]
[01:52:04.48] /# gi::executeAction leCopy -in [gi::getWindows 26]
[01:52:04.48] /i ile::copy
[01:52:04.72] /# gi::executeAction deAddPoint -in [gi::getWindows 26]
[01:52:04.72] /i de::addPoint {21.242 9.637} -context [db::getNext [de::getContexts -window 26]]
[01:52:06.84] /# gi::executeAction deAbortCommand -in [gi::getWindows 26]
[01:52:06.84] /i de::abortCommand -context [db::getNext [de::getContexts -window 26]]
[01:52:07.30] /# gi::executeAction deCanvasZoomOutAtPoint -in [gi::getWindows 26]
[01:52:07.30] /i de::zoom -window [gi::getWindows 26] -factor 0.5 -center {22.026 9.955}
[01:52:07.31] /o {7.551 1.648} {27.91 13.648}
[01:52:08.02] /# gi::executeAction deSelectByWindow -in [gi::getWindows 26]
[01:52:08.02] /i db::setPrefValue deSelectMode -value Replace -scope [db::getScopes [db::getNext [de::getContexts -window 26]]]; ide::selectByRegion -region rectangle -point {17.115 11.69} 
[01:52:08.57] /# gi::executeAction deEndDrag -in [gi::getWindows 26]
[01:52:08.57] /i de::endDrag {22.959 5.277} -context [db::getNext [de::getContexts -window 26]]
[01:52:09.08] /# gi::executeAction leCopy -in [gi::getWindows 26]
[01:52:09.08] /i ile::copy
[01:52:09.30] /# gi::executeAction deAddPoint -in [gi::getWindows 26]
[01:52:09.30] /i de::addPoint {20.471 9.799} -context [db::getNext [de::getContexts -window 26]]
[01:52:10.26] /# gi::executeAction deCanvasZoomInAtPoint -in [gi::getWindows 26]
[01:52:10.26] /i de::zoom -window [gi::getWindows 26] -factor 2.0 -center {23.154 9.838}
[01:52:10.26] /o {15.353 5.743} {25.532 11.743}
[01:52:19.93] /# gi::executeAction deAddPoint -in [gi::getWindows 26]
[01:52:19.93] /i de::addPoint {22.765 9.637} -context [db::getNext [de::getContexts -window 26]]
[01:52:23.30] /# gi::executeAction xtDRCRun -in [gi::getWindows 26]
[01:52:23.30] /i xt::physicalVerification::executeRun drc 26
[01:52:23.37] /# xt::physicalVerification::executePve drc 26
[01:52:23.37] /e Error: xtDRCHerculesRunsetFile: preference value is empty in '/home/itsupport/Desktop/lab1vlsi/synopsys_custom/full_adder.hercules.drc_pve' scope.
[01:52:23.60] /i gi::setActiveDialog [gi::getDialogs {xtDRCSetup} -parent [gi::getWindows 26]]
[01:52:23.87] /i db::setAttr geometry -of [gi::getDialogs {xtDRCSetup} -parent [gi::getWindows 26]] -value 475x427+865+447
[01:52:26.18] /i gi::pressButton {/tabGroup/mainTab/runDir/browseButton} -in [gi::getDialogs {xtDRCSetup} -parent [gi::getWindows 26]]
[01:52:28.50] /r giFileDialog accept .
[01:52:29.65] /i gi::pressButton {/apply} -in [gi::getDialogs {xtDRCSetup} -parent [gi::getWindows 26]]
[01:52:30.16] /r giDialog gi::setActiveDialog [gi::getDialogs {xtShowDesignsPrompt}]
[01:52:30.16] /r giDialog gi::setCurrentIndex {target} -index {0,0} -in [gi::getDialogs {xtShowDesignsPrompt}]
[01:52:30.43] /r giDialog db::setAttr geometry -of [gi::getDialogs {xtShowDesignsPrompt}] -value 649x290+626+410
[01:52:31.85] /r giDialog gi::pressButton {ok} -in [gi::getDialogs {xtShowDesignsPrompt}]
[01:52:32.33] /# gi::setActiveDialog [gi::getDialogs {xtDRCSetup} -parent [gi::getWindows 26]]
[01:52:32.86] /r giWindowId 27
[01:52:32.87] /r giWindowGeometry 800x600
[01:52:33.78] /m Information: 
              /c =============================
              /c JobID: hercules_drc_424
              /c Completed with no errors.
              /c =============================
              /c 
[01:52:35.09] /i gi::closeWindows [gi::getDialogs {xtDRCSetup} -parent [gi::getWindows 26]]
[01:52:35.91] /i gi::executeAction giCloseWindow -in [gi::getWindows 27]
[01:52:35.94] /i gi::setActiveWindow 26
[01:52:35.94] /i gi::setActiveWindow 26 -raise true
[01:52:36.76] /# gi::executeAction deSelectByWindow -in [gi::getWindows 26]
[01:52:36.76] /i db::setPrefValue deSelectMode -value Replace -scope [db::getScopes [db::getNext [de::getContexts -window 26]]]; ide::selectByRegion -region rectangle -point {16.605 11.62} 
[01:52:37.45] /# gi::executeAction deEndDrag -in [gi::getWindows 26]
[01:52:37.45] /i de::endDrag {24.314 5.633} -context [db::getNext [de::getContexts -window 26]]
[01:52:37.87] /# gi::executeAction leCopy -in [gi::getWindows 26]
[01:52:37.87] /i ile::copy
[01:52:38.06] /# gi::executeAction deAddPoint -in [gi::getWindows 26]
[01:52:38.06] /i de::addPoint {22.759 7.285} -context [db::getNext [de::getContexts -window 26]]
[01:52:38.91] /# gi::executeAction deCanvasZoomOutAtPoint -in [gi::getWindows 26]
[01:52:38.91] /i de::zoom -window [gi::getWindows 26] -factor 0.5 -center {24.903 7.369}
[01:52:38.91] /o {5.802 4.117} {26.161 16.117}
[01:52:39.20] /# gi::executeAction deAbortCommand -in [gi::getWindows 26]
[01:52:39.20] /i de::abortCommand -context [db::getNext [de::getContexts -window 26]]
[01:52:39.81] /# gi::executeAction deSelectActive -in [gi::getWindows 26]
[01:52:39.81] /i de::deselectAll [db::getNext [de::getContexts -window 26]]
[01:52:39.81] /i de::deselectAllLogic -context [db::getNext [de::getContexts -window 26]]
[01:52:40.54] /# gi::executeAction deSelectByWindow -in [gi::getWindows 26]
[01:52:40.54] /i db::setPrefValue deSelectMode -value Replace -scope [db::getScopes [db::getNext [de::getContexts -window 26]]]; ide::selectByRegion -region rectangle -point {24.63 5.57} 
[01:52:41.36] /# gi::executeAction deEndDrag -in [gi::getWindows 26]
[01:52:41.36] /i de::endDrag {19.928 11.879} -context [db::getNext [de::getContexts -window 26]]
[01:52:42.09] /# gi::executeAction leCopy -in [gi::getWindows 26]
[01:52:42.09] /i ile::copy
[01:52:42.32] /# gi::executeAction deAddPoint -in [gi::getWindows 26]
[01:52:42.32] /i de::addPoint {21.392 10.156} -context [db::getNext [de::getContexts -window 26]]
[01:52:44.67] /# gi::executeAction deAbortCommand -in [gi::getWindows 26]
[01:52:44.67] /i de::abortCommand -context [db::getNext [de::getContexts -window 26]]
[01:52:45.26] /# gi::executeAction deSelectActive -in [gi::getWindows 26]
[01:52:45.26] /i de::deselectAll [db::getNext [de::getContexts -window 26]]
[01:52:45.26] /i de::deselectAllLogic -context [db::getNext [de::getContexts -window 26]]
[01:52:45.78] /# gi::executeAction deCanvasZoomInAtPoint -in [gi::getWindows 26]
[01:52:45.78] /i de::zoom -window [gi::getWindows 26] -factor 2.0 -center {23.776 10.156}
[01:52:45.78] /o {14.789 7.137} {24.968 13.137}
[01:52:46.14] /# gi::executeAction deCanvasZoomOutAtPoint -in [gi::getWindows 26]
[01:52:46.14] /i de::zoom -window [gi::getWindows 26] -factor 0.5 -center {23.776 10.156}
[01:52:46.14] /o {5.802 4.117} {26.161 16.117}
[01:52:47.14] /# gi::executeAction leInstance -in [gi::getWindows 26]
[01:52:47.14] /i ile::createInst
[01:52:47.20] /i gi::setActiveDialog [gi::getDialogs {leCreateInst} -parent [gi::getWindows 26]]
[01:52:47.46] /i db::setAttr geometry -of [gi::getDialogs {leCreateInst}] -value 612x532+654+216
[01:52:47.82] /i de::abortCommand
[01:52:48.25] /# gi::executeAction deCanvasZoomInAtPoint -in [gi::getWindows 26]
[01:52:48.25] /i de::zoom -window [gi::getWindows 26] -factor 2.0 -center {21.988 9.858}
[01:52:48.25] /o {13.895 6.988} {24.074 12.988}
[01:52:48.92] /# gi::executeAction deSelectActive -in [gi::getWindows 26]
[01:52:48.92] /i de::deselectAll [db::getNext [de::getContexts -window 26]]
[01:52:48.92] /i de::select [de::getActiveFigure [gi::getWindows 26] -point {22.72 9.618} -index 0 -intent none]
[01:52:48.92] /o oa:0x1f6d6b50
[01:52:49.21] /# gi::executeAction leCopy -in [gi::getWindows 26]
[01:52:49.21] /i ile::copy
[01:52:49.44] /# gi::executeAction deAddPoint -in [gi::getWindows 26]
[01:52:49.44] /i de::addPoint {22.72 9.618} -context [db::getNext [de::getContexts -window 26]]
[01:52:49.94] /# gi::executeAction deFitView -in [gi::getWindows 26]
[01:52:49.94] /i de::fit -window 26 -fitView true
[01:52:49.94] /o {15.325 5.665} {25.505 11.665}
[01:52:50.44] /# gi::executeAction deCanvasZoomOutAtPoint -in [gi::getWindows 26]
[01:52:50.44] /i de::zoom -window [gi::getWindows 26] -factor 0.5 -center {24.662 8.335}
[01:52:50.44] /o {5.989 2.995} {26.347 14.995}
[01:52:50.57] /# gi::executeAction deCanvasZoomOutAtPoint -in [gi::getWindows 26]
[01:52:50.57] /i de::zoom -window [gi::getWindows 26] -factor 0.5 -center {24.663 8.334}
[01:52:50.57] /o {-12.686 -2.344} {28.032 21.656}
[01:52:50.98] /# gi::executeAction deCanvasZoomInAtPoint -in [gi::getWindows 26]
[01:52:50.98] /i de::zoom -window [gi::getWindows 26] -factor 2.0 -center {24.818 8.36}
[01:52:50.98] /o {6.066 3.008} {26.425 15.008}
[01:52:51.73] /# gi::executeAction deCanvasZoomInAtPoint -in [gi::getWindows 26]
[01:52:51.73] /i de::zoom -window [gi::getWindows 26] -factor 2.0 -center {24.818 8.36}
[01:52:51.73] /o {15.442 5.684} {25.621 11.684}
[01:52:55.32] /# gi::executeAction deAddPoint -in [gi::getWindows 26]
[01:52:55.32] /i de::addPoint {23.878 8.626} -context [db::getNext [de::getContexts -window 26]]
[01:52:57.83] /# gi::executeAction deCanvasZoomOutAtPoint -in [gi::getWindows 26]
[01:52:57.83] /i de::zoom -window [gi::getWindows 26] -factor 0.5 -center {20.658 9.5}
[01:52:57.83] /o {10.226 1.868} {30.585 13.868}
[01:52:58.45] /# gi::executeAction deSelectByWindow -in [gi::getWindows 26]
[01:52:58.45] /i db::setPrefValue deSelectMode -value Replace -scope [db::getScopes [db::getNext [de::getContexts -window 26]]]; ide::selectByRegion -region rectangle -point {14.465 13.505} 
[01:52:58.84] /# gi::executeAction deEndDrag -in [gi::getWindows 26]
[01:52:58.84] /i de::endDrag {28.239 4.382} -context [db::getNext [de::getContexts -window 26]]
[01:52:59.19] /# gi::executeAction leCopy -in [gi::getWindows 26]
[01:52:59.19] /i ile::copy
[01:52:59.63] /# gi::executeAction deAddPoint -in [gi::getWindows 26]
[01:52:59.63] /i de::addPoint {22.356 9.89} -context [db::getNext [de::getContexts -window 26]]
[01:53:03.10] /# gi::executeAction deFitView -in [gi::getWindows 26]
[01:53:03.10] /i de::fit -window 26 -fitView true
[01:53:03.10] /o {15.905 5.665} {26.085 11.665}
[01:53:04.02] /# gi::executeAction deFitView -in [gi::getWindows 26]
[01:53:04.02] /i de::fit -window 26 -fitView true
[01:53:04.02] /o {15.905 5.665} {26.085 11.665}
[01:53:04.25] /# gi::executeAction deCanvasZoomOutAtPoint -in [gi::getWindows 26]
[01:53:04.25] /i de::zoom -window [gi::getWindows 26] -factor 0.5 -center {21.329 9.332}
[01:53:04.25] /o {10.482 1.998} {30.84 13.998}
[01:53:04.33] /# gi::executeAction deCanvasZoomOutAtPoint -in [gi::getWindows 26]
[01:53:04.33] /i de::zoom -window [gi::getWindows 26] -factor 0.5 -center {22.184 9.281}
[01:53:04.33] /o {-1.221 -5.285} {39.497 18.715}
[01:53:05.38] /# gi::executeAction deCanvasZoomInAtPoint -in [gi::getWindows 26]
[01:53:05.38] /i de::zoom -window [gi::getWindows 26] -factor 2.0 -center {29.285 7.959}
[01:53:05.38] /o {14.032 1.337} {34.391 13.337}
[01:53:05.84] /# gi::executeAction deCanvasZoomInAtPoint -in [gi::getWindows 26]
[01:53:05.84] /i de::zoom -window [gi::getWindows 26] -factor 2.0 -center {29.091 7.92}
[01:53:05.84] /o {21.562 4.629} {31.741 10.629}
[01:53:08.23] /# gi::executeAction deAddPoint -in [gi::getWindows 26]
[01:53:08.23] /i de::addPoint {29.246 7.842} -context [db::getNext [de::getContexts -window 26]]
[01:53:08.44] /# gi::executeAction deFitView -in [gi::getWindows 26]
[01:53:08.44] /i de::fit -window 26 -fitView true
[01:53:08.44] /o {16.296 3.864} {32.584 13.466}
[01:53:09.26] /# gi::executeAction deSelectActive -in [gi::getWindows 26]
[01:53:09.26] /i de::deselectAll [db::getNext [de::getContexts -window 26]]
[01:53:09.26] /i de::select [de::getActiveFigure [gi::getWindows 26] -point {30.791 8.976} -index 0 -intent none]
[01:53:09.26] /o oa:0x204a3760
[01:53:10.00] /# gi::executeAction leDelete -in [gi::getWindows 26]
[01:53:10.00] /i ile::delete
[01:53:15.32] /# gi::executeAction deSelectActive -in [gi::getWindows 26]
[01:53:15.32] /i de::deselectAll [db::getNext [de::getContexts -window 26]]
[01:53:15.32] /i de::select [de::getActiveFigure [gi::getWindows 26] -point {29.391 9.173} -index 0 -intent none]
[01:53:15.32] /o oa:0x200374e0
[01:53:15.65] /# gi::executeAction deSelectActive -in [gi::getWindows 26]
[01:53:15.65] /i de::deselectAll [db::getNext [de::getContexts -window 26]]
[01:53:15.65] /i de::select [de::getActiveFigure [gi::getWindows 26] -point {29.702 9.204} -index 0 -intent none]
[01:53:15.65] /o oa:0x1faaf8c0
[01:53:16.18] /# gi::executeAction leDelete -in [gi::getWindows 26]
[01:53:16.18] /i ile::delete
[01:53:16.65] /# gi::executeAction deSelectActive -in [gi::getWindows 26]
[01:53:16.65] /i de::deselectAll [db::getNext [de::getContexts -window 26]]
[01:53:16.65] /i de::select [de::getActiveFigure [gi::getWindows 26] -point {28.955 9.349} -index 0 -intent none]
[01:53:16.65] /o oa:0x1fa53430
[01:53:16.69] /# gi::executeAction leDelete -in [gi::getWindows 26]
[01:53:16.69] /i ile::delete
[01:54:12.06] /i gi::setActiveWindow 24
[01:54:12.06] /i gi::setActiveWindow 24 -raise true
[01:54:12.97] /# gi::executeAction deCanvasZoomInAtPoint -in [gi::getWindows 24]
[01:54:12.97] /i de::zoom -window [gi::getWindows 24] -factor 2.0 -center {11.2625 5.48125}
[01:54:12.97] /o {-2.50625 -0.4125} {19.275 12.9}
[01:54:13.78] /# gi::executeAction deFitEdit -in [gi::getWindows 24]
[01:54:13.78] /i de::fit -window 24 -fitEdit true
[01:54:13.78] /o {-0.00625 -3.78125} {21.775 9.53125}
[01:54:13.79] /# gi::executeAction deMarkerBrowserToggle -in [gi::getWindows 24]
[01:54:13.79] /i db::setAttr shown -of [gi::getAssistants deMarkerBrowser -from [gi::getWindows 24]] -value true
[01:54:14.08] /i db::setAttr dockSize -of [gi::getAssistants dePropertyEditor -from [gi::getWindows 24]] -value 290x934
[01:54:14.13] /i db::setAttr dockSize -of [gi::getAssistants deMarkerBrowser -from [gi::getWindows 24]] -value 290x934
[01:54:22.49] /# gi::executeAction deStartDrag -in [gi::getWindows 24]
[01:54:22.49] /i de::startDrag {0.7125 5.4375} -context [db::getNext [de::getContexts -window 24]]
[01:54:22.73] /# gi::executeAction deEndDrag -in [gi::getWindows 24]
[01:54:22.73] /i de::endDrag {1.7125 4.15} -context [db::getNext [de::getContexts -window 24]]
[01:54:24.01] /# gi::executeAction deAbortCommand -in [gi::getWindows 24]
[01:54:24.01] /i de::abortCommand -context [db::getNext [de::getContexts -window 24]]
[01:54:26.15] /i de::undoTransaction -design [db::getAttr editDesign -of [de::getContexts -window 24]] -steps 1
[01:54:26.69] /# gi::executeAction deCanvasZoomInAtPoint -in [gi::getWindows 24]
[01:54:26.69] /i de::zoom -window [gi::getWindows 24] -factor 2.0 -center {1.2375 3.71875}
[01:54:26.69] /o {0.6125 -0.03125} {11.50625 6.625}
[01:54:27.21] /# gi::executeAction deCanvasZoomInAtPoint -in [gi::getWindows 24]
[01:54:27.21] /i de::zoom -window [gi::getWindows 24] -factor 2.0 -center {1.03125 4.64375}
[01:54:27.21] /o {0.825 2.30625} {6.26875 5.63125}
[01:54:27.36] /# gi::executeAction deCanvasZoomInAtPoint -in [gi::getWindows 24]
[01:54:27.36] /i de::zoom -window [gi::getWindows 24] -factor 2.0 -center {1.0375 4.64375}
[01:54:27.36] /o {0.93125 3.475} {3.65625 5.1375}
[01:54:27.81] /# gi::executeAction deFitEdit -in [gi::getWindows 24]
[01:54:27.81] /i de::fit -window 24 -fitEdit true
[01:54:27.81] /o {-0.00625 -3.78125} {21.775 9.53125}
[01:54:30.34] /i db::setAttr iconified -of [gi::getFrames 1] -value true
[01:55:44.59] /i db::setAttr maximized -of [gi::getFrames 1] -value true
[01:55:44.59] /i db::setAttr iconified -of [gi::getFrames 1] -value false
[01:55:46.49] /i gi::executeAction giCloseWindow -in [gi::getWindows 24]
[01:55:46.52] /i gi::setActiveWindow 26
[01:55:46.52] /i gi::setActiveWindow 26 -raise true
[01:55:47.19] /# gi::executeAction deCanvasZoomInAtPoint -in [gi::getWindows 26]
[01:55:47.19] /i de::zoom -window [gi::getWindows 26] -factor 2.0 -center {18.94 9.007}
[01:55:47.19] /o {17.618 6.436} {25.762 11.236}
[01:55:47.32] /# gi::executeAction deCanvasZoomInAtPoint -in [gi::getWindows 26]
[01:55:47.32] /i de::zoom -window [gi::getWindows 26] -factor 2.0 -center {18.836 9.007}
[01:55:47.33] /o {18.227 7.721} {22.299 10.122}
[01:55:47.83] /# gi::executeAction deCanvasZoomOutAtPoint -in [gi::getWindows 26]
[01:55:47.83] /i de::zoom -window [gi::getWindows 26] -factor 0.5 -center {18.719 9.155}
[01:55:47.83] /o {17.735 6.288} {25.879 11.088}
[01:55:48.61] /# gi::executeAction deCanvasZoomOutAtPoint -in [gi::getWindows 26]
[01:55:48.61] /i de::zoom -window [gi::getWindows 26] -factor 0.5 -center {18.995 9.326}
[01:55:48.61] /o {16.475 3.249} {32.763 12.851}
[01:55:50.11] /# gi::executeAction deSelectByWindow -in [gi::getWindows 26]
[01:55:50.11] /i db::setPrefValue deSelectMode -value Replace -scope [db::getScopes [db::getNext [de::getContexts -window 26]]]; ide::selectByRegion -region rectangle -point {16.67 12.26} 
[01:55:50.64] /# gi::executeAction deEndDrag -in [gi::getWindows 26]
[01:55:50.64] /i de::endDrag {29.705 5.603} -context [db::getNext [de::getContexts -window 26]]
[01:55:51.18] /# gi::executeAction deSelectActive -in [gi::getWindows 26]
[01:55:51.18] /i de::deselectAll [db::getNext [de::getContexts -window 26]]
[01:55:51.18] /i de::select [de::getActiveFigure [gi::getWindows 26] -point {27.082 8.9} -index 0 -intent none]
[01:55:51.18] /o oa:0x1edafe70
[01:55:51.68] /# gi::executeAction deSelectActive -in [gi::getWindows 26]
[01:55:51.68] /i de::deselectAll [db::getNext [de::getContexts -window 26]]
[01:55:51.68] /i de::select [de::getActiveFigure [gi::getWindows 26] -point {27.247 8.921} -index 0 -intent none]
[01:55:51.69] /o oa:0x1e4d2310
[01:55:52.17] /# gi::executeAction leStartStretchDrag -in [gi::getWindows 26]
[01:55:52.17] /i layout_editor::directStretch [de::getActiveFigure [gi::getWindows 26] -point {27.279 8.962} -index 0 -intent none] 26
[01:55:52.17] /# ile::stretch -point {27.28 8.96}
[01:55:53.04] /# gi::executeAction deEndDrag -in [gi::getWindows 26]
[01:55:53.04] /i de::endDrag {30.358 8.89} -context [db::getNext [de::getContexts -window 26]]
[01:55:53.79] /# gi::executeAction deCanvasZoomInAtPoint -in [gi::getWindows 26]
[01:55:53.79] /i de::zoom -window [gi::getWindows 26] -factor 2.0 -center {28.336 10.072}
[01:55:53.79] /o {22.405 6.661} {30.55 11.461}
[01:55:54.24] /# gi::executeAction deSelectActive -in [gi::getWindows 26]
[01:55:54.24] /i de::deselectAll [db::getNext [de::getContexts -window 26]]
[01:55:54.25] /i de::deselectAllLogic -context [db::getNext [de::getContexts -window 26]]
[01:55:54.48] /# gi::executeAction deSelectActive -in [gi::getWindows 26]
[01:55:54.48] /i de::deselectAll [db::getNext [de::getContexts -window 26]]
[01:55:54.48] /i de::select [de::getActiveFigure [gi::getWindows 26] -point {27.683 10.367} -index 0 -intent none]
[01:55:54.48] /o oa:0x21093bd0
[01:55:55.28] /# gi::executeAction leDelete -in [gi::getWindows 26]
[01:55:55.28] /i ile::delete
[01:55:55.62] /# gi::executeAction deSelectActive -in [gi::getWindows 26]
[01:55:55.62] /i de::deselectAll [db::getNext [de::getContexts -window 26]]
[01:55:55.62] /i de::select [de::getActiveFigure [gi::getWindows 26] -point {27.59 10.399} -index 0 -intent none]
[01:55:55.62] /o oa:0x1e6e5cb0
[01:55:55.63] /# gi::executeAction leDelete -in [gi::getWindows 26]
[01:55:55.63] /i ile::delete
[01:55:55.86] /# gi::executeAction deSelectActive -in [gi::getWindows 26]
[01:55:55.86] /i de::deselectAllLogic -context [db::getNext [de::getContexts -window 26]]
[01:55:55.86] /# gi::executeAction leDelete -in [gi::getWindows 26]
[01:55:55.86] /i ile::delete
[01:55:56.17] /# gi::executeAction deCanvasZoomOutAtPoint -in [gi::getWindows 26]
[01:55:56.17] /i de::zoom -window [gi::getWindows 26] -factor 0.5 -center {27.45 10.414}
[01:55:56.17] /o {17.361 2.907} {33.649 12.509}
[01:55:56.30] /# gi::executeAction deCanvasZoomOutAtPoint -in [gi::getWindows 26]
[01:55:56.30] /i de::zoom -window [gi::getWindows 26] -factor 0.5 -center {27.449 10.414}
[01:55:56.30] /o {7.272 -4.599} {39.85 14.603}
[01:55:56.80] /# gi::executeAction deFitView -in [gi::getWindows 26]
[01:55:56.80] /i de::fit -window 26 -fitView true
[01:55:56.81] /o {16.316 3.987} {32.189 13.343}
[01:55:57.03] /# gi::executeAction deStartDrag -in [gi::getWindows 26]
[01:55:57.03] /i de::startDrag {20.469 12.484} -context [db::getNext [de::getContexts -window 26]]
[01:55:57.41] /# gi::executeAction deEndDrag -in [gi::getWindows 26]
[01:55:57.41] /i de::endDrag {29.026 8.099} -context [db::getNext [de::getContexts -window 26]]
[01:55:57.76] /# gi::executeAction deAddPoint -in [gi::getWindows 26]
[01:55:57.76] /i de::addPoint {27.117 8.675} -context [db::getNext [de::getContexts -window 26]]
[01:55:58.60] /# gi::executeAction deStartDrag -in [gi::getWindows 26]
[01:55:58.60] /i de::startDrag {16.902 12.009} -context [db::getNext [de::getContexts -window 26]]
[01:55:59.32] /# gi::executeAction deEndDrag -in [gi::getWindows 26]
[01:55:59.32] /i de::endDrag {31.36 5.27} -context [db::getNext [de::getContexts -window 26]]
[01:56:00.01] /# gi::executeAction deAbortCommand -in [gi::getWindows 26]
[01:56:00.01] /i de::abortCommand -context [db::getNext [de::getContexts -window 26]]
[01:56:00.41] /# gi::executeAction deSelectActive -in [gi::getWindows 26]
[01:56:00.41] /i de::deselectAll [db::getNext [de::getContexts -window 26]]
[01:56:00.41] /i de::select [de::getActiveFigure [gi::getWindows 26] -point {30.532 8.18} -index 0 -intent none]
[01:56:00.41] /o oa:0x2194b4a0
[01:56:00.96] /# gi::executeAction leDelete -in [gi::getWindows 26]
[01:56:00.96] /i ile::delete
[01:56:01.16] /i gi::executeAction deCanvasDragCancel -in [gi::getWindows 26]
[01:56:02.36] /# gi::executeAction leInstance -in [gi::getWindows 26]
[01:56:02.36] /i ile::createInst
[01:56:02.47] /i gi::setActiveDialog [gi::getDialogs {leCreateInst} -parent [gi::getWindows 26]]
[01:56:02.73] /i db::setAttr geometry -of [gi::getDialogs {leCreateInst}] -value 612x532+654+216
[01:56:08.99] /i gi::setCurrentIndex {instLCVCells} -index {NAND2_2} -in [gi::getDialogs {leCreateInst} -parent [gi::getWindows 26]]
[01:56:09.00] /i gi::setItemSelection {instLCVCells} -index {NAND2_2} -in [gi::getDialogs {leCreateInst} -parent [gi::getWindows 26]]
[01:56:10.11] /i gi::setCurrentIndex {instLCVViews} -index {symbol} -in [gi::getDialogs {leCreateInst} -parent [gi::getWindows 26]]
[01:56:10.13] /i gi::setItemSelection {instLCVViews} -index {symbol} -in [gi::getDialogs {leCreateInst} -parent [gi::getWindows 26]]
[01:56:10.86] /i gi::setCurrentIndex {instLCVViews} -index {layout} -in [gi::getDialogs {leCreateInst} -parent [gi::getWindows 26]]
[01:56:10.87] /i gi::setItemSelection {instLCVViews} -index {layout} -in [gi::getDialogs {leCreateInst} -parent [gi::getWindows 26]]
[01:56:11.40] /# gi::executeAction deAddPoint -in [gi::getWindows 26]
[01:56:11.40] /i de::addPoint {20.196 8.665} -context [db::getNext [de::getContexts -window 26]]
[01:56:13.08] /# gi::executeAction deCanvasZoomOutAtPoint -in [gi::getWindows 26]
[01:56:13.08] /i de::zoom -window [gi::getWindows 26] -factor 0.5 -center {18.963 7.978}
[01:56:13.08] /o {13.67 -0.004} {45.414 18.708}
[01:56:13.11] /# gi::executeAction deCanvasZoomOutAtPoint -in [gi::getWindows 26]
[01:56:13.11] /i de::zoom -window [gi::getWindows 26] -factor 0.5 -center {18.964 8.018}
[01:56:13.11] /o {8.376 -8.025} {71.864 29.397}
[01:56:14.03] /# gi::executeAction deAbortCommand -in [gi::getWindows 26]
[01:56:14.03] /i de::abortCommand -context [db::getNext [de::getContexts -window 26]]
[01:56:14.47] /# gi::executeAction deCanvasZoomInAtPoint -in [gi::getWindows 26]
[01:56:14.47] /i de::zoom -window [gi::getWindows 26] -factor 2.0 -center {15.084 11.535}
[01:56:14.47] /o {11.73 1.755} {43.474 20.466}
[01:56:14.65] /# gi::executeAction deCanvasZoomInAtPoint -in [gi::getWindows 26]
[01:56:14.65] /i de::zoom -window [gi::getWindows 26] -factor 2.0 -center {14.336 11.838}
[01:56:14.65] /o {13.033 6.796} {28.905 16.152}
[01:56:14.82] /# gi::executeAction deFitView -in [gi::getWindows 26]
[01:56:14.82] /i de::fit -window 26 -fitView true
[01:56:14.82] /o {3.843 11.255} {14.022 17.255}
[01:56:15.57] /# gi::executeAction deSelectActive -in [gi::getWindows 26]
[01:56:15.57] /i de::deselectAll [db::getNext [de::getContexts -window 26]]
[01:56:15.57] /i de::select [de::getActiveFigure [gi::getWindows 26] -point {8.806 14.877} -index 0 -intent none]
[01:56:15.57] /o oa:0x200af000
[01:56:15.70] /# gi::executeAction leCopy -in [gi::getWindows 26]
[01:56:15.70] /i ile::copy
[01:56:15.96] /# gi::executeAction deAddPoint -in [gi::getWindows 26]
[01:56:15.96] /i de::addPoint {8.806 14.877} -context [db::getNext [de::getContexts -window 26]]
[01:56:16.84] /# gi::executeAction deAddPoint -in [gi::getWindows 26]
[01:56:16.84] /i de::addPoint {12.538 14.741} -context [db::getNext [de::getContexts -window 26]]
[01:56:17.19] /# gi::executeAction deSelectActive -in [gi::getWindows 26]
[01:56:17.19] /i de::deselectAll [db::getNext [de::getContexts -window 26]]
[01:56:17.19] /i de::deselectAllLogic -context [db::getNext [de::getContexts -window 26]]
[01:56:20.88] /i de::setActiveLPP [de::getLPPs "m4 drawing" -from [db::getAttr editDesign -of [de::getContexts -window 26]]]
[01:56:22.12] /# gi::executeAction leRectangle -in [gi::getWindows 26]
[01:56:22.12] /i ile::createRectangle
[01:56:22.43] /# gi::executeAction deCanvasZoomInAtPoint -in [gi::getWindows 26]
[01:56:22.43] /i de::zoom -window [gi::getWindows 26] -factor 2.0 -center {10.517 15.188}
[01:56:22.43] /o {7.18 13.221} {12.27 16.221}
[01:56:24.04] /# gi::executeAction deAddPoint -in [gi::getWindows 26]
[01:56:24.04] /i de::addPoint {9.192 15.305} -context [db::getNext [de::getContexts -window 26]]
[01:56:24.27] /# gi::executeAction deCanvasZoomOutAtPoint -in [gi::getWindows 26]
[01:56:24.27] /i de::zoom -window [gi::getWindows 26] -factor 0.5 -center {10.585 14.935}
[01:56:24.27] /o {3.775 11.508} {13.954 17.508}
[01:56:24.36] /# gi::executeAction deCanvasZoomOutAtPoint -in [gi::getWindows 26]
[01:56:24.36] /i de::zoom -window [gi::getWindows 26] -factor 0.5 -center {10.915 14.858}
[01:56:24.36] /o {-3.365 8.158} {16.993 20.158}
[01:56:24.96] /# gi::executeAction deCanvasZoomInAtPoint -in [gi::getWindows 26]
[01:56:24.96] /i de::zoom -window [gi::getWindows 26] -factor 2.0 -center {12.846 14.715}
[01:56:24.96] /o {4.74 11.436} {14.92 17.436}
[01:56:26.40] /# gi::executeAction deAddPoint -in [gi::getWindows 26]
[01:56:26.40] /i de::addPoint {12.503 14.825} -context [db::getNext [de::getContexts -window 26]]
[01:56:27.66] /# gi::executeAction leVia -in [gi::getWindows 26]
[01:56:27.66] /i ile::createVia
[01:56:27.69] /o oa:0x20a69aa0
[01:56:29.58] /i gi::setField {viaAuto} -value {true} -in [gi::getToolbars {deCommandOptions} -from [gi::getWindows 26]]
[01:56:31.64] /# gi::executeAction deAddPoint -in [gi::getWindows 26]
[01:56:31.64] /i de::addPoint {9.289 15.02} -context [db::getNext [de::getContexts -window 26]]
[01:56:32.08] /# gi::executeAction deCanvasZoomInAtPoint -in [gi::getWindows 26]
[01:56:32.08] /i de::zoom -window [gi::getWindows 26] -factor 2.0 -center {8.887 15.7}
[01:56:32.08] /o {6.814 13.568} {11.903 16.568}
[01:56:33.01] /i gi::setField {depthView} -value {true} -in [gi::getToolbars {deCommandOptions} -from [gi::getWindows 26]]
[01:56:33.43] /# gi::executeAction deAddPoint -in [gi::getWindows 26]
[01:56:33.43] /i de::addPoint {10.258 15.198} -context [db::getNext [de::getContexts -window 26]]
[01:56:33.79] /# gi::executeAction deAddPoint -in [gi::getWindows 26]
[01:56:33.79] /i de::addPoint {10.083 15.059} -context [db::getNext [de::getContexts -window 26]]
[01:56:33.94] /# gi::executeAction deCompleteShape -in [gi::getWindows 26]
[01:56:33.94] /i de::completeShape -context [db::getNext [de::getContexts -window 26]]
[01:56:34.09] /w Warning: Nothing is bound to the 'Button1-Triple' in the current active set. (WINDOW-015)
[01:56:34.22] /# gi::executeAction deAddPoint -in [gi::getWindows 26]
[01:56:34.22] /i de::addPoint {10.079 15.059} -context [db::getNext [de::getContexts -window 26]]
[01:56:34.37] /# gi::executeAction deCompleteShape -in [gi::getWindows 26]
[01:56:34.37] /i de::completeShape -context [db::getNext [de::getContexts -window 26]]
[01:56:34.54] /# gi::executeAction deAddPoint -in [gi::getWindows 26]
[01:56:34.54] /i de::addPoint {9.344 15.204} -context [db::getNext [de::getContexts -window 26]]
[01:56:34.73] /# gi::executeAction deCompleteShape -in [gi::getWindows 26]
[01:56:34.73] /i de::completeShape -context [db::getNext [de::getContexts -window 26]]
[01:56:34.88] /# gi::executeAction deAddPoint -in [gi::getWindows 26]
[01:56:34.88] /i de::addPoint {9.344 15.204} -context [db::getNext [de::getContexts -window 26]]
[01:56:35.03] /# gi::executeAction deCompleteShape -in [gi::getWindows 26]
[01:56:35.03] /i de::completeShape -context [db::getNext [de::getContexts -window 26]]
[01:56:35.04] /w Warning: No via created in some regions because they are creating shorts or they contain via(s)/cut shape(s). (LE_CREATE-150)
[01:56:35.17] /w Warning: Nothing is bound to the 'Button1-Triple' in the current active set. (WINDOW-015)
[01:56:36.22] /i gi::pressButton {ConsoleToggleButton} -in [db::getAttr statusbar -of [gi::getWindows 26]]
[01:56:45.56] /i db::setAttr shown -of [gi::getAssistants giConsole -from [gi::getWindows 26]] -value false
[01:56:46.26] /# gi::executeAction deAbortCommand -in [gi::getWindows 26]
[01:56:46.26] /i de::abortCommand -context [db::getNext [de::getContexts -window 26]]
[01:56:46.46] /i gi::executeAction deCanvasDragCancel -in [gi::getWindows 26]
[01:56:46.79] /# gi::executeAction deSelectActive -in [gi::getWindows 26]
[01:56:46.79] /i de::deselectAll [db::getNext [de::getContexts -window 26]]
[01:56:46.79] /i de::select [de::getActiveFigure [gi::getWindows 26] -point {9.195 15.719} -index 0 -intent none]
[01:56:46.79] /o oa:0x1f543530
[01:56:46.94] /# gi::executeAction deDescend -in [gi::getWindows 26]
[01:56:46.94] /i ide::descend 26 -inPlace false -promptView false -readOnly auto
[01:56:46.94] /# Navigating to inverter/NAND2_2/layout (I194)
[01:56:46.98] /# de::setActiveLPP [de::getLPPs "m4 drawing" -from [db::getAttr editDesign -of [de::getContexts -window 26]]]
[01:56:47.65] /# gi::executeAction deCanvasZoomInAtPoint -in [gi::getWindows 26]
[01:56:47.65] /i de::zoom -window [gi::getWindows 26] -factor 2.0 -center {-10.754 6.082}
[01:56:47.66] /o {-13.553 4.336} {-8.463 7.336}
[01:56:51.23] /i de::setActiveLPP [de::getLPPs "m1 pin" -from [db::getAttr editDesign -of [de::getContexts -window 26]]]
[01:56:52.49] /# gi::executeAction leRectangle -in [gi::getWindows 26]
[01:56:52.49] /i ile::createRectangle
[01:56:52.79] /# gi::executeAction deCanvasZoomInAtPoint -in [gi::getWindows 26]
[01:56:52.79] /i de::zoom -window [gi::getWindows 26] -factor 2.0 -center {-10.838 6.477}
[01:56:52.79] /o {-12.196 5.407} {-9.651 6.907}
[01:56:53.81] /# gi::executeAction deStartDrag -in [gi::getWindows 26]
[01:56:53.81] /i de::startDrag {-10.989 6.435} -context [db::getNext [de::getContexts -window 26]]
[01:56:54.86] /# gi::executeAction deEndDrag -in [gi::getWindows 26]
[01:56:54.86] /i de::endDrag {-10.917 6.299} -context [db::getNext [de::getContexts -window 26]]
[01:56:59.49] /i de::setActiveLPP [de::getLPPs "poly pin" -from [db::getAttr editDesign -of [de::getContexts -window 26]]]
[01:57:00.45] /# gi::executeAction leRectangle -in [gi::getWindows 26]
[01:57:00.45] /i ile::createRectangle
[01:57:00.63] /# gi::executeAction deCanvasZoomInAtPoint -in [gi::getWindows 26]
[01:57:00.63] /i de::zoom -window [gi::getWindows 26] -factor 2.0 -center {-11.766 6.571}
[01:57:00.64] /o {-11.981 5.989} {-10.708 6.739}
[01:57:00.72] /# gi::executeAction deCanvasZoomInAtPoint -in [gi::getWindows 26]
[01:57:00.72] /i de::zoom -window [gi::getWindows 26] -factor 2.0 -center {-11.703 6.537}
[01:57:00.72] /o {-11.842 6.263} {-11.206 6.638}
[01:57:01.44] /# gi::executeAction deStartDrag -in [gi::getWindows 26]
[01:57:01.44] /i de::startDrag {-11.516 6.51} -context [db::getNext [de::getContexts -window 26]]
[01:57:01.70] /# gi::executeAction deEndDrag -in [gi::getWindows 26]
[01:57:01.70] /i de::endDrag {-11.466 6.429} -context [db::getNext [de::getContexts -window 26]]
[01:57:01.91] /# gi::executeAction deCanvasZoomOutAtPoint -in [gi::getWindows 26]
[01:57:01.91] /i de::zoom -window [gi::getWindows 26] -factor 0.5 -center {-11.432 6.416}
[01:57:01.91] /o {-12.252 6.11} {-10.979 6.86}
[01:57:01.94] /# gi::executeAction deCanvasZoomOutAtPoint -in [gi::getWindows 26]
[01:57:01.94] /i de::zoom -window [gi::getWindows 26] -factor 0.5 -center {-11.391 6.429}
[01:57:01.94] /o {-13.113 5.79} {-10.568 7.29}
[01:57:02.69] /# gi::executeAction deStartDrag -in [gi::getWindows 26]
[01:57:02.69] /i de::startDrag {-11.164 6.565} -context [db::getNext [de::getContexts -window 26]]
[01:57:03.01] /# gi::executeAction deEndDrag -in [gi::getWindows 26]
[01:57:03.01] /i de::endDrag {-11.08 6.39} -context [db::getNext [de::getContexts -window 26]]
[01:57:03.61] /# gi::executeAction deCanvasZoomInAtPoint -in [gi::getWindows 26]
[01:57:03.61] /i de::zoom -window [gi::getWindows 26] -factor 2.0 -center {-11.109 6.532}
[01:57:03.61] /o {-12.111 6.161} {-10.838 6.911}
[01:57:03.70] /# gi::executeAction deCanvasZoomInAtPoint -in [gi::getWindows 26]
[01:57:03.70] /i de::zoom -window [gi::getWindows 26] -factor 2.0 -center {-11.102 6.522}
[01:57:03.70] /o {-11.606 6.342} {-10.97 6.717}
[01:57:03.92] /# gi::executeAction deAbortCommand -in [gi::getWindows 26]
[01:57:03.92] /i de::abortCommand -context [db::getNext [de::getContexts -window 26]]
[01:57:04.19] /# gi::executeAction deSelectActive -in [gi::getWindows 26]
[01:57:04.19] /i de::deselectAll [db::getNext [de::getContexts -window 26]]
[01:57:04.19] /i de::select [de::getActiveFigure [gi::getWindows 26] -point {-11.102 6.511} -index 0 -intent none]
[01:57:04.19] /o oa:0x21493a90
[01:57:04.67] /# gi::executeAction deSelectActive -in [gi::getWindows 26]
[01:57:04.67] /i de::cycleActiveFigure [gi::getWindows 26] -direction next
[01:57:04.67] /o oa:0x2159ece0
[01:57:04.67] /i de::deselectAll [db::getNext [de::getContexts -window 26]]
[01:57:04.67] /i de::select [de::getActiveFigure [gi::getWindows 26] -point {-11.092 6.511} -index 1 -intent none]
[01:57:04.67] /o oa:0x1e321f50
[01:57:05.30] /# gi::executeAction leStartStretchDrag -in [gi::getWindows 26]
[01:57:05.30] /i layout_editor::directStretch [de::getActiveFigure [gi::getWindows 26] -point {-11.085 6.51} -index 0 -intent none] 26
[01:57:05.30] /# db::setPrefValue deSelectMode -value Replace -scope [db::getScopes [db::getNext [de::getContexts -window 26]]]; ide::selectByRegion -region rectangle -point {-11.085 6.51} 
[01:57:05.60] /# gi::executeAction deEndDrag -in [gi::getWindows 26]
[01:57:05.60] /i de::endDrag {-11.094 6.51} -context [db::getNext [de::getContexts -window 26]]
[01:57:05.83] /# gi::executeAction deSelectActive -in [gi::getWindows 26]
[01:57:05.83] /i de::deselectAll [db::getNext [de::getContexts -window 26]]
[01:57:05.83] /i de::select [de::getActiveFigure [gi::getWindows 26] -point {-11.089 6.512} -index 0 -intent none]
[01:57:05.83] /o oa:0x1edf5bf0
[01:57:06.23] /# gi::executeAction deSelectActive -in [gi::getWindows 26]
[01:57:06.23] /i de::cycleActiveFigure [gi::getWindows 26] -direction next
[01:57:06.23] /o oa:0x1e792db0
[01:57:06.23] /i de::deselectAll [db::getNext [de::getContexts -window 26]]
[01:57:06.23] /i de::select [de::getActiveFigure [gi::getWindows 26] -point {-11.106 6.519} -index 1 -intent none]
[01:57:06.23] /o oa:0x1eca9d40
[01:57:06.77] /# gi::executeAction leStartStretchDrag -in [gi::getWindows 26]
[01:57:06.77] /i layout_editor::directStretch [de::getActiveFigure [gi::getWindows 26] -point {-11.106 6.519} -index 1 -intent none] 26
[01:57:06.77] /# ile::stretch -point {-11.105 6.52}
[01:57:07.49] /# gi::executeAction deEndDrag -in [gi::getWindows 26]
[01:57:07.49] /i de::endDrag {-11.118 6.518} -context [db::getNext [de::getContexts -window 26]]
[01:57:08.37] /i gi::executeAction deSaveDesign -in [gi::getWindows 26]
[01:57:08.37] /m Information: Saving design 'inverter NAND2_2 layout'. (DESIGN_WINDOW-004)
[01:57:10.51] /# gi::executeAction deReturnToTop -in [gi::getWindows 26]
[01:57:10.51] /i de::return [db::getNext [de::getContexts -window 26]] -levels -1
[01:57:10.51] /# Navigating to inverter/full_adder/layout
[01:57:10.54] /# de::setActiveLPP [de::getLPPs "poly pin" -from [db::getAttr editDesign -of [de::getContexts -window 26]]]
[01:57:10.55] /o oa:0x20cead00
[01:57:11.49] /# gi::executeAction deSelectActive -in [gi::getWindows 26]
[01:57:11.49] /i de::deselectAll [db::getNext [de::getContexts -window 26]]
[01:57:11.49] /i de::select [de::getActiveFigure [gi::getWindows 26] -point {9.684 15.081} -index 0 -intent none]
[01:57:11.49] /o oa:0x20438120
[01:57:12.64] /# gi::executeAction leVia -in [gi::getWindows 26]
[01:57:12.64] /i ile::createVia
[01:57:12.66] /o oa:0x1febe0c0
[01:57:14.35] /# gi::executeAction leVia -in [gi::getWindows 26]
[01:57:14.35] /i ile::createVia
[01:57:14.49] /# gi::executeAction leVia -in [gi::getWindows 26]
[01:57:14.49] /i ile::createVia
[01:57:14.83] /# gi::executeAction deAddPoint -in [gi::getWindows 26]
[01:57:14.83] /i de::addPoint {10.432 14.77} -context [db::getNext [de::getContexts -window 26]]
[01:57:15.01] /# gi::executeAction deCompleteShape -in [gi::getWindows 26]
[01:57:15.01] /i de::completeShape -context [db::getNext [de::getContexts -window 26]]
[01:57:15.15] /# gi::executeAction deAddPoint -in [gi::getWindows 26]
[01:57:15.16] /i de::addPoint {9.908 15.052} -context [db::getNext [de::getContexts -window 26]]
[01:57:15.55] /# gi::executeAction deAddPoint -in [gi::getWindows 26]
[01:57:15.55] /i de::addPoint {10.06 15.052} -context [db::getNext [de::getContexts -window 26]]
[01:57:16.20] /# gi::executeAction leDelete -in [gi::getWindows 26]
[01:57:16.20] /i ile::delete
[01:57:16.78] /# gi::executeAction deSelectActive -in [gi::getWindows 26]
[01:57:16.78] /i de::deselectAllLogic -context [db::getNext [de::getContexts -window 26]]
[01:57:17.02] /# gi::executeAction deCanvasZoomInAtPoint -in [gi::getWindows 26]
[01:57:17.02] /i de::zoom -window [gi::getWindows 26] -factor 2.0 -center {9.305 15.165}
[01:57:17.02] /o {8.059 14.367} {10.604 15.867}
[01:57:17.10] /# gi::executeAction deCanvasZoomInAtPoint -in [gi::getWindows 26]
[01:57:17.10] /i de::zoom -window [gi::getWindows 26] -factor 2.0 -center {9.305 15.162}
[01:57:17.10] /o {8.682 14.764} {9.955 15.514}
[01:57:17.58] /# gi::executeAction deSelectActive -in [gi::getWindows 26]
[01:57:17.58] /i de::deselectAll [db::getNext [de::getContexts -window 26]]
[01:57:17.58] /i de::select [de::getActiveFigure [gi::getWindows 26] -point {9.277 15.049} -index 0 -intent none]
[01:57:17.59] /o oa:0x1e4da9a0
[01:57:19.21] /# gi::executeAction leVia -in [gi::getWindows 26]
[01:57:19.21] /i ile::createVia
[01:57:19.23] /o oa:0x1e45d470
[01:57:19.67] /# gi::executeAction deAddPoint -in [gi::getWindows 26]
[01:57:19.67] /i de::addPoint {9.167 15.127} -context [db::getNext [de::getContexts -window 26]]
[01:57:19.87] /# gi::executeAction deCompleteShape -in [gi::getWindows 26]
[01:57:19.87] /i de::completeShape -context [db::getNext [de::getContexts -window 26]]
[01:57:20.02] /# gi::executeAction deAddPoint -in [gi::getWindows 26]
[01:57:20.02] /i de::addPoint {9.241 15.049} -context [db::getNext [de::getContexts -window 26]]
[01:57:20.17] /# gi::executeAction deCompleteShape -in [gi::getWindows 26]
[01:57:20.17] /i de::completeShape -context [db::getNext [de::getContexts -window 26]]
[01:57:20.38] /# gi::executeAction deCanvasZoomOutAtPoint -in [gi::getWindows 26]
[01:57:20.38] /i de::zoom -window [gi::getWindows 26] -factor 0.5 -center {9.174 15.224}
[01:57:20.38] /o {8.19 14.305} {10.735 15.805}
[01:57:20.41] /# gi::executeAction deCanvasZoomOutAtPoint -in [gi::getWindows 26]
[01:57:20.41] /i de::zoom -window [gi::getWindows 26] -factor 0.5 -center {9.169 15.225}
[01:57:20.41] /o {7.212 13.384} {12.301 16.384}
[01:57:23.62] /i de::undoTransaction -design [db::getAttr editDesign -of [de::getContexts -window 26]] -steps 1
[01:57:24.09] /# gi::executeAction deAddPoint -in [gi::getWindows 26]
[01:57:24.09] /i de::addPoint {10.5 14.926} -context [db::getNext [de::getContexts -window 26]]
[01:57:25.27] /i gi::setItemSelection {attributes} -index {height,all} -in [gi::getAssistants dePropertyEditor -from [gi::getWindows 26]]
[01:57:25.27] /i gi::setCurrentIndex {attributes} -index {height,Value} -in [gi::getAssistants dePropertyEditor -from [gi::getWindows 26]]
[01:57:26.24] /i gi::setField {attributes} -value {0.15} -index {height,Value} -in [gi::getAssistants dePropertyEditor -from [gi::getWindows 26]]
[01:57:26.24] /i gi::executeAction dePropertyEditorApplyChanges -in [gi::getAssistants dePropertyEditor -from [gi::getWindows 26]]
[01:57:27.70] /# gi::executeAction deAddPoint -in [gi::getWindows 26]
[01:57:27.70] /i de::addPoint {9.972 14.943} -context [db::getNext [de::getContexts -window 26]]
[01:57:28.05] /# gi::executeAction deAbortCommand -in [gi::getWindows 26]
[01:57:28.05] /i de::abortCommand -context [db::getNext [de::getContexts -window 26]]
[01:57:28.45] /# gi::executeAction deSelectActive -in [gi::getWindows 26]
[01:57:28.45] /i de::deselectAll [db::getNext [de::getContexts -window 26]]
[01:57:28.45] /i de::select [de::getActiveFigure [gi::getWindows 26] -point {9.946 14.865} -index 0 -intent none]
[01:57:28.45] /o oa:0x1e1a0ed0
[01:57:28.99] /# gi::executeAction deSelectActive -in [gi::getWindows 26]
[01:57:28.99] /i de::deselectAll [db::getNext [de::getContexts -window 26]]
[01:57:28.99] /i de::select [de::getActiveFigure [gi::getWindows 26] -point {10.283 14.933} -index 0 -intent none]
[01:57:28.99] /o oa:0x1eae99e0
[01:57:29.53] /# gi::executeAction leStartStretchDrag -in [gi::getWindows 26]
[01:57:29.53] /i layout_editor::directStretch [de::getActiveFigure [gi::getWindows 26] -point {10.283 14.933} -index 0 -intent none] 26
[01:57:29.53] /# ile::stretch -point {10.285 14.935}
[01:57:30.12] /# gi::executeAction deEndDrag -in [gi::getWindows 26]
[01:57:30.13] /i de::endDrag {10.283 14.787} -context [db::getNext [de::getContexts -window 26]]
[01:57:30.98] /# gi::executeAction leVia -in [gi::getWindows 26]
[01:57:30.98] /i ile::createVia
[01:57:31.00] /o oa:0x1e48a730
[01:57:31.72] /# gi::executeAction deAddPoint -in [gi::getWindows 26]
[01:57:31.72] /i de::addPoint {9.343 14.748} -context [db::getNext [de::getContexts -window 26]]
[01:57:32.08] /# gi::executeAction deAddPoint -in [gi::getWindows 26]
[01:57:32.08] /i de::addPoint {9.285 14.751} -context [db::getNext [de::getContexts -window 26]]
[01:57:32.08] /w Warning: No via created in some regions because they are creating shorts or they contain via(s)/cut shape(s). (LE_CREATE-150)
[01:57:32.29] /# gi::executeAction deCompleteShape -in [gi::getWindows 26]
[01:57:32.29] /i de::completeShape -context [db::getNext [de::getContexts -window 26]]
[01:57:32.29] /w Warning: No via created in some regions because they are creating shorts or they contain via(s)/cut shape(s). (LE_CREATE-150)
[01:57:33.04] /i gi::pressButton {ConsoleToggleButton} -in [db::getAttr statusbar -of [gi::getWindows 26]]
[01:57:40.21] /# gi::executeAction leCopyToClipboard -in [gi::getWindows 26]
[01:57:40.21] /i ile::copyToClipboard
[01:57:40.29] /i gi::executeAction deObjectActivation -in [gi::getWindows 26]
[01:57:40.34] /i gi::executeAction deObjectActivation -in [gi::getWindows 26]
[01:58:04.32] /i db::setAttr shown -of [gi::getAssistants giConsole -from [gi::getWindows 26]] -value false
[01:58:04.84] /# gi::executeAction deCanvasZoomInAtPoint -in [gi::getWindows 26]
[01:58:04.84] /i de::zoom -window [gi::getWindows 26] -factor 2.0 -center {9 16.277}
[01:58:04.84] /o {8.106 14.831} {10.651 16.331}
[01:58:05.07] /# gi::executeAction deCanvasZoomInAtPoint -in [gi::getWindows 26]
[01:58:05.07] /i de::zoom -window [gi::getWindows 26] -factor 2.0 -center {9.104 16.209}
[01:58:05.07] /o {8.605 15.52} {9.877 16.27}
[01:58:06.22] /# gi::executeAction deAbortCommand -in [gi::getWindows 26]
[01:58:06.22] /i de::abortCommand -context [db::getNext [de::getContexts -window 26]]
[01:58:06.60] /# gi::executeAction deSelectActive -in [gi::getWindows 26]
[01:58:06.60] /i de::deselectAll [db::getNext [de::getContexts -window 26]]
[01:58:06.60] /i de::select [de::getActiveFigure [gi::getWindows 26] -point {9.33 16.009} -index 0 -intent none]
[01:58:06.60] /o oa:0x1ebafc30
[01:58:08.26] /# gi::executeAction deSelectActive -in [gi::getWindows 26]
[01:58:08.26] /i de::cycleActiveFigure [gi::getWindows 26] -direction next
[01:58:08.26] /o oa:0x20329220
[01:58:08.40] /# gi::executeAction deDescend -in [gi::getWindows 26]
[01:58:08.40] /i ide::descend 26 -inPlace false -promptView false -readOnly auto
[01:58:08.40] /# Navigating to inverter/NAND2_2/layout (I194)
[01:58:08.44] /# de::setActiveLPP [de::getLPPs "poly pin" -from [db::getAttr editDesign -of [de::getContexts -window 26]]]
[01:58:09.01] /# gi::executeAction deCanvasZoomOutAtPoint -in [gi::getWindows 26]
[01:58:09.01] /i de::zoom -window [gi::getWindows 26] -factor 0.5 -center {-11.328 6.608}
[01:58:09.01] /o {-11.885 6.075} {-10.612 6.825}
[01:58:09.03] /# gi::executeAction deCanvasZoomOutAtPoint -in [gi::getWindows 26]
[01:58:09.03] /i de::zoom -window [gi::getWindows 26] -factor 0.5 -center {-11.328 6.608}
[01:58:09.03] /o {-12.442 5.542} {-9.897 7.042}
[01:58:09.04] /# gi::executeAction deCanvasZoomOutAtPoint -in [gi::getWindows 26]
[01:58:09.04] /i de::zoom -window [gi::getWindows 26] -factor 0.5 -center {-11.329 6.608}
[01:58:09.04] /o {-13.554 4.477} {-8.464 7.477}
[01:58:09.09] /# gi::executeAction deCanvasZoomOutAtPoint -in [gi::getWindows 26]
[01:58:09.09] /i de::zoom -window [gi::getWindows 26] -factor 0.5 -center {-11.325 6.609}
[01:58:09.09] /o {-15.783 2.345} {-5.604 8.345}
[01:58:09.63] /# gi::executeAction deCanvasZoomInAtPoint -in [gi::getWindows 26]
[01:58:09.63] /i de::zoom -window [gi::getWindows 26] -factor 2.0 -center {-11.325 7.6}
[01:58:09.63] /o {-13.554 4.972} {-8.464 7.972}
[01:58:09.71] /# gi::executeAction deCanvasZoomInAtPoint -in [gi::getWindows 26]
[01:58:09.71] /i de::zoom -window [gi::getWindows 26] -factor 2.0 -center {-11.325 7.6}
[01:58:09.71] /o {-12.44 6.286} {-9.895 7.786}
[01:58:10.85] /# gi::executeAction deSelectActive -in [gi::getWindows 26]
[01:58:10.85] /i de::deselectAll [db::getNext [de::getContexts -window 26]]
[01:58:10.85] /i de::select [de::getActiveFigure [gi::getWindows 26] -point {-10.88 7.338} -index 0 -intent none]
[01:58:10.85] /o oa:0x175edb70
[01:58:11.58] /# gi::executeAction leDelete -in [gi::getWindows 26]
[01:58:11.58] /i ile::delete
[01:58:12.63] /# gi::executeAction deSelectActive -in [gi::getWindows 26]
[01:58:12.63] /i de::deselectAll [db::getNext [de::getContexts -window 26]]
[01:58:12.63] /i de::select [de::getActiveFigure [gi::getWindows 26] -point {-11.043 7.381} -index 0 -intent none]
[01:58:12.63] /o oa:0x1fc7dd00
[01:58:13.18] /# gi::executeAction leDelete -in [gi::getWindows 26]
[01:58:13.18] /i ile::delete
[01:58:14.22] /# gi::executeAction deSelectActive -in [gi::getWindows 26]
[01:58:14.22] /i de::deselectAll [db::getNext [de::getContexts -window 26]]
[01:58:14.22] /i de::select [de::getActiveFigure [gi::getWindows 26] -point {-11.213 7.367} -index 0 -intent none]
[01:58:14.22] /o oa:0x1f498240
[01:58:14.56] /# gi::executeAction leDelete -in [gi::getWindows 26]
[01:58:14.56] /i ile::delete
[01:58:18.30] /# gi::executeAction deReturnToTop -in [gi::getWindows 26]
[01:58:18.31] /i de::return [db::getNext [de::getContexts -window 26]] -levels -1
[01:58:18.35] /r giDialog gi::setActiveDialog [gi::getDialogs {deCloseDesign} -parent [gi::getWindows 26]]
[01:58:18.65] /r giDialog db::setAttr geometry -of [gi::getDialogs {deCloseDesign} -parent [gi::getWindows 26]] -value 436x82+742+573
[01:58:19.36] /r giDialog gi::pressButton {save} -in [gi::getDialogs {deCloseDesign} -parent [gi::getWindows 26]]
[01:58:19.36] /m Information: Saving design 'inverter NAND2_2 layout'. (DESIGN_WINDOW-004)
[01:58:19.38] /# Navigating to inverter/full_adder/layout
[01:58:19.41] /# de::setActiveLPP [de::getLPPs "poly pin" -from [db::getAttr editDesign -of [de::getContexts -window 26]]]
[01:58:19.42] /o oa:0x20747670
[01:58:20.00] /# gi::executeAction deCanvasZoomOutAtPoint -in [gi::getWindows 26]
[01:58:20.00] /i de::zoom -window [gi::getWindows 26] -factor 0.5 -center {9.123 15.98}
[01:58:20.00] /o {8.087 15.06} {10.632 16.56}
[01:58:20.02] /# gi::executeAction deCanvasZoomOutAtPoint -in [gi::getWindows 26]
[01:58:20.02] /i de::zoom -window [gi::getWindows 26] -factor 0.5 -center {9.124 15.98}
[01:58:20.02] /o {7.05 14.139} {12.139 17.139}
[01:58:20.06] /# gi::executeAction deCanvasZoomOutAtPoint -in [gi::getWindows 26]
[01:58:20.06] /i de::zoom -window [gi::getWindows 26] -factor 0.5 -center {9.123 15.979}
[01:58:20.06] /o {4.976 12.3} {15.156 18.3}
[01:58:20.77] /# gi::executeAction deCanvasZoomInAtPoint -in [gi::getWindows 26]
[01:58:20.77] /i de::zoom -window [gi::getWindows 26] -factor 2.0 -center {9.719 14.833}
[01:58:20.77] /o {7.348 13.566} {12.437 16.566}
[01:58:21.90] /# gi::executeAction leVia -in [gi::getWindows 26]
[01:58:21.90] /i ile::createVia
[01:58:21.92] /o oa:0x21097490
[01:58:22.84] /# gi::executeAction deAddPoint -in [gi::getWindows 26]
[01:58:22.84] /i de::addPoint {9.282 14.729} -context [db::getNext [de::getContexts -window 26]]
[01:58:22.84] /w Warning: No via created in some regions because they are creating shorts or they contain via(s)/cut shape(s). (LE_CREATE-150)
[01:58:23.23] /# gi::executeAction deAbortCommand -in [gi::getWindows 26]
[01:58:23.23] /i de::abortCommand -context [db::getNext [de::getContexts -window 26]]
[01:58:25.18] /i gi::pressButton {ConsoleToggleButton} -in [db::getAttr statusbar -of [gi::getWindows 26]]
[01:58:30.63] /i gi::addAssistant [gi::getAssistants giConsole -from [gi::getWindows 26]] -to [gi::getWindows 26] -dock bottom -tabbed false
[01:58:30.95] /i db::setAttr dockSize -of [gi::getAssistants dePropertyEditor -from [gi::getWindows 26]] -value 290x831
[01:58:31.08] /# gi::executeAction deCanvasZoomOutAtPoint -in [gi::getWindows 26]
[01:58:31.08] /i de::zoom -window [gi::getWindows 26] -factor 0.5 -center {9.946 14.959}
[01:58:31.08] /o {4.749 12.789} {14.929 18.174}
[01:58:31.11] /# gi::executeAction deCanvasZoomOutAtPoint -in [gi::getWindows 26]
[01:58:31.11] /i de::zoom -window [gi::getWindows 26] -factor 0.5 -center {9.888 14.862}
[01:58:31.11] /o {-0.389 10.716} {19.969 21.485}
[01:58:32.90] /# gi::executeAction deCanvasZoomInAtPoint -in [gi::getWindows 26]
[01:58:32.90] /i de::zoom -window [gi::getWindows 26] -factor 2.0 -center {8.98 15.887}
[01:58:32.90] /o {4.295 13.302} {14.475 18.686}
[01:58:35.07] /i gi::executeAction giCloseWindow -in [gi::getWindows 26]
[01:58:35.13] /r giDialog gi::setActiveDialog [gi::getDialogs {deCloseDesign} -parent [gi::getWindows 26]]
[01:58:35.42] /r giDialog db::setAttr geometry -of [gi::getDialogs {deCloseDesign} -parent [gi::getWindows 26]] -value 440x82+740+573
[01:58:36.82] /r giDialog gi::pressButton {discard} -in [gi::getDialogs {deCloseDesign} -parent [gi::getWindows 26]]
[01:58:36.85] /i gi::setActiveWindow 2
[01:58:36.85] /i gi::setActiveWindow 2 -raise true
[01:58:39.98] /i gi::setCurrentIndex {cells} -index {NAND2_tb} -in [gi::getWindows 2]
[01:58:39.99] /i gi::setItemSelection {cells} -index {NAND2_tb} -in [gi::getWindows 2]
[01:58:40.78] /i gi::setCurrentIndex {cells} -index {NAND2_2} -in [gi::getWindows 2]
[01:58:40.79] /i gi::setItemSelection {cells} -index {NAND2_2} -in [gi::getWindows 2]
[01:58:42.00] /i gi::setCurrentIndex {views} -index {layout} -in [gi::getWindows 2]
[01:58:42.00] /i gi::setItemSelection {views} -index {layout} -in [gi::getWindows 2]
[01:58:42.16] /i gi::executeAction dmOpen -in [gi::getWindows 2]
[01:58:42.22] /r giWindowId 28
[01:58:42.23] /r giWindowGeometry 1632x1020
[01:58:42.25] /# de::setActiveLPP [de::getLPPs "exclude blockage" -from [db::getAttr editDesign -of [de::getContexts -window 28]]]
[01:58:43.55] /i gi::setActiveWindow 2
[01:58:43.55] /i gi::setActiveWindow 2 -raise true
[01:58:44.26] /i gi::setCurrentIndex {cells} -index {tb_full_adder_2bit} -in [gi::getWindows 2]
[01:58:44.26] /i gi::setItemSelection {cells} -index {tb_full_adder_2bit} -in [gi::getWindows 2]
[01:58:44.78] /i gi::setCurrentIndex {cells} -index {full_adder} -in [gi::getWindows 2]
[01:58:44.78] /i gi::setItemSelection {cells} -index {full_adder} -in [gi::getWindows 2]
[01:58:45.11] /i gi::setCurrentIndex {cells} -index {tb_full_adder_2bit} -in [gi::getWindows 2]
[01:58:45.11] /i gi::setItemSelection {cells} -index {tb_full_adder_2bit} -in [gi::getWindows 2]
[01:58:46.03] /i gi::setCurrentIndex {cells} -index {full_adder} -in [gi::getWindows 2]
[01:58:46.03] /i gi::setItemSelection {cells} -index {full_adder} -in [gi::getWindows 2]
[01:58:47.89] /i gi::setCurrentIndex {cells} -index {FA_1bit_tb} -in [gi::getWindows 2]
[01:58:47.89] /i gi::setItemSelection {cells} -index {FA_1bit_tb} -in [gi::getWindows 2]
[01:58:48.32] /i gi::setCurrentIndex {cells} -index {Final} -in [gi::getWindows 2]
[01:58:48.32] /i gi::setItemSelection {cells} -index {Final} -in [gi::getWindows 2]
[01:58:49.40] /i gi::setCurrentIndex {views} -index {layout} -in [gi::getWindows 2]
[01:58:49.40] /i gi::setItemSelection {views} -index {layout} -in [gi::getWindows 2]
[01:58:49.55] /i gi::executeAction dmOpen -in [gi::getWindows 2]
[01:58:49.57] /r giWindowId 29
[01:58:49.58] /r giWindowGeometry 1632x1020
[01:58:49.60] /# de::setActiveLPP [de::getLPPs "exclude blockage" -from [db::getAttr editDesign -of [de::getContexts -window 29]]]
[01:58:50.97] /# gi::executeAction deSelectByWindow -in [gi::getWindows 29]
[01:58:50.97] /i db::setPrefValue deSelectMode -value Replace -scope [db::getScopes [db::getNext [de::getContexts -window 29]]]; ide::selectByRegion -region rectangle -point {-7.97 3.405} 
[01:58:51.95] /# gi::executeAction deEndDrag -in [gi::getWindows 29]
[01:58:51.95] /i de::endDrag {-4.713 -4.426} -context [db::getNext [de::getContexts -window 29]]
[01:58:53.03] /# gi::executeAction leCopy -in [gi::getWindows 29]
[01:58:53.03] /i ile::copy
[01:58:53.20] /# gi::executeAction deAddPoint -in [gi::getWindows 29]
[01:58:53.20] /i de::addPoint {-5.338 -1.341} -context [db::getNext [de::getContexts -window 29]]
[01:58:54.08] /i gi::setActiveWindow 28
[01:58:54.08] /i gi::setActiveWindow 28 -raise true
[01:58:54.81] /# gi::executeAction deCanvasZoomOutAtPoint -in [gi::getWindows 28]
[01:58:54.81] /i de::zoom -window [gi::getWindows 28] -factor 0.5 -center {-8.371 6.005}
[01:58:54.81] /o {-25.497 -0.825} {-2.811 11.175}
[01:58:55.24] /# gi::executeAction deAddPoint -in [gi::getWindows 28]
[01:58:55.24] /i de::addPoint {-7.331 4.85} -context [db::getNext [de::getContexts -window 28]]
[01:58:55.74] /# gi::executeAction deSelectActive -in [gi::getWindows 28]
[01:58:55.74] /i de::deselectAll [db::getNext [de::getContexts -window 28]]
[01:58:55.74] /i de::deselectAllLogic -context [db::getNext [de::getContexts -window 28]]
[01:58:56.05] /# gi::executeAction deSelectByWindow -in [gi::getWindows 28]
[01:58:56.05] /i db::setPrefValue deSelectMode -value Replace -scope [db::getScopes [db::getNext [de::getContexts -window 28]]]; ide::selectByRegion -region rectangle -point {-13.61 9.08} 
[01:58:56.79] /# gi::executeAction deEndDrag -in [gi::getWindows 28]
[01:58:56.79] /i de::endDrag {-9.844 2.453} -context [db::getNext [de::getContexts -window 28]]
[01:58:57.49] /# gi::executeAction leDelete -in [gi::getWindows 28]
[01:58:57.49] /i ile::delete
[01:58:57.86] /# gi::executeAction deSelectActive -in [gi::getWindows 28]
[01:58:57.86] /i de::deselectAllLogic -context [db::getNext [de::getContexts -window 28]]
[01:58:58.04] /# gi::executeAction deCanvasZoomInAtPoint -in [gi::getWindows 28]
[01:58:58.04] /i de::zoom -window [gi::getWindows 28] -factor 2.0 -center {-5.165 8.532}
[01:58:58.04] /o {-15.331 3.854} {-3.988 9.854}
[01:59:00.79] /i gi::setField {stopLevel} -value {3} -in [gi::getToolbars {leHierarchy} -from [gi::getWindows 28]]
[01:59:01.11] /# gi::executeAction deSelectActive -in [gi::getWindows 28]
[01:59:01.11] /i de::deselectAllLogic -context [db::getNext [de::getContexts -window 28]]
[01:59:02.57] /# gi::executeAction deSelectActive -in [gi::getWindows 28]
[01:59:02.57] /i de::deselectAllLogic -context [db::getNext [de::getContexts -window 28]]
[01:59:04.91] /# gi::executeAction deSelectByWindow -in [gi::getWindows 28]
[01:59:04.91] /i db::setPrefValue deSelectMode -value Replace -scope [db::getScopes [db::getNext [de::getContexts -window 28]]]; ide::selectByRegion -region rectangle -point {-9.87 9.5} 
[01:59:06.03] /# gi::executeAction deEndDrag -in [gi::getWindows 28]
[01:59:06.03] /i de::endDrag {-6.096 7.622} -context [db::getNext [de::getContexts -window 28]]
[01:59:06.69] /# gi::executeAction deSelectActive -in [gi::getWindows 28]
[01:59:06.69] /i de::deselectAll [db::getNext [de::getContexts -window 28]]
[01:59:06.70] /i de::deselectAllLogic -context [db::getNext [de::getContexts -window 28]]
[01:59:07.13] /# gi::executeAction deSelectByWindow -in [gi::getWindows 28]
[01:59:07.13] /i db::setPrefValue deSelectMode -value Replace -scope [db::getScopes [db::getNext [de::getContexts -window 28]]]; ide::selectByRegion -region rectangle -point {-10.99 9.76} 
[01:59:07.97] /# gi::executeAction deEndDrag -in [gi::getWindows 28]
[01:59:07.97] /i de::endDrag {-5.735 8.092} -context [db::getNext [de::getContexts -window 28]]
[01:59:08.76] /# gi::executeAction leDelete -in [gi::getWindows 28]
[01:59:08.76] /i ile::delete
[01:59:09.75] /# gi::executeAction leDelete -in [gi::getWindows 28]
[01:59:09.75] /i ile::delete
[01:59:10.34] /# gi::executeAction deAddPoint -in [gi::getWindows 28]
[01:59:10.34] /i de::addPoint {-6.963 8.77} -context [db::getNext [de::getContexts -window 28]]
[01:59:10.50] /# gi::executeAction deCompleteShape -in [gi::getWindows 28]
[01:59:10.50] /i de::completeShape -context [db::getNext [de::getContexts -window 28]]
[01:59:10.54] /# gi::executeAction leDelete -in [gi::getWindows 28]
[01:59:10.54] /i ile::delete
[01:59:10.85] /# gi::executeAction deAddPoint -in [gi::getWindows 28]
[01:59:10.85] /i de::addPoint {-7.894 8.965} -context [db::getNext [de::getContexts -window 28]]
[01:59:10.88] /# gi::executeAction leDelete -in [gi::getWindows 28]
[01:59:10.88] /i ile::delete
[01:59:11.14] /# gi::executeAction deCompleteShape -in [gi::getWindows 28]
[01:59:11.14] /i de::completeShape -context [db::getNext [de::getContexts -window 28]]
[01:59:11.29] /# gi::executeAction deAddPoint -in [gi::getWindows 28]
[01:59:11.29] /i de::addPoint {-7.771 8.9} -context [db::getNext [de::getContexts -window 28]]
[01:59:11.29] /# gi::executeAction leDelete -in [gi::getWindows 28]
[01:59:11.29] /i ile::delete
[01:59:11.47] /# gi::executeAction deCompleteShape -in [gi::getWindows 28]
[01:59:11.47] /i de::completeShape -context [db::getNext [de::getContexts -window 28]]
[01:59:11.49] /# gi::executeAction leDelete -in [gi::getWindows 28]
[01:59:11.49] /i ile::delete
[01:59:11.62] /# gi::executeAction deAddPoint -in [gi::getWindows 28]
[01:59:11.62] /i de::addPoint {-8.53 8.944} -context [db::getNext [de::getContexts -window 28]]
[01:59:11.78] /# gi::executeAction deCompleteShape -in [gi::getWindows 28]
[01:59:11.78] /i de::completeShape -context [db::getNext [de::getContexts -window 28]]
[01:59:11.78] /# gi::executeAction leDelete -in [gi::getWindows 28]
[01:59:11.78] /i ile::delete
[01:59:11.97] /# gi::executeAction deAddPoint -in [gi::getWindows 28]
[01:59:11.97] /i de::addPoint {-8.154 8.915} -context [db::getNext [de::getContexts -window 28]]
[01:59:11.97] /# gi::executeAction leDelete -in [gi::getWindows 28]
[01:59:11.97] /i ile::delete
[01:59:12.14] /# gi::executeAction deCompleteShape -in [gi::getWindows 28]
[01:59:12.14] /i de::completeShape -context [db::getNext [de::getContexts -window 28]]
[01:59:12.14] /# gi::executeAction leDelete -in [gi::getWindows 28]
[01:59:12.14] /i ile::delete
[01:59:12.39] /# gi::executeAction deAddPoint -in [gi::getWindows 28]
[01:59:12.39] /i de::addPoint {-8.724 8.9} -context [db::getNext [de::getContexts -window 28]]
[01:59:12.39] /# gi::executeAction leDelete -in [gi::getWindows 28]
[01:59:12.39] /i ile::delete
[01:59:12.55] /# gi::executeAction deCompleteShape -in [gi::getWindows 28]
[01:59:12.55] /i de::completeShape -context [db::getNext [de::getContexts -window 28]]
[01:59:12.96] /# gi::executeAction deAddPoint -in [gi::getWindows 28]
[01:59:12.96] /i de::addPoint {-8.826 8.965} -context [db::getNext [de::getContexts -window 28]]
[01:59:13.40] /# gi::executeAction deCanvasZoomOutAtPoint -in [gi::getWindows 28]
[01:59:13.40] /i de::zoom -window [gi::getWindows 28] -factor 0.5 -center {-4.06 6.337}
[01:59:13.40] /o {-26.602 1.37} {-3.916 13.37}
[01:59:13.61] /# gi::executeAction deAbortCommand -in [gi::getWindows 28]
[01:59:13.61] /i de::abortCommand -context [db::getNext [de::getContexts -window 28]]
[01:59:14.14] /# gi::executeAction deSelectByWindow -in [gi::getWindows 28]
[01:59:14.14] /i db::setPrefValue deSelectMode -value Replace -scope [db::getScopes [db::getNext [de::getContexts -window 28]]]; ide::selectByRegion -region rectangle -point {-5.795 2.09} 
[01:59:15.19] /# gi::executeAction deEndDrag -in [gi::getWindows 28]
[01:59:15.19] /i de::endDrag {-7.974 9.24} -context [db::getNext [de::getContexts -window 28]]
[01:59:15.90] /# gi::executeAction leDelete -in [gi::getWindows 28]
[01:59:15.90] /i ile::delete
[01:59:16.68] /# gi::executeAction deCanvasZoomInAtPoint -in [gi::getWindows 28]
[01:59:16.68] /i de::zoom -window [gi::getWindows 28] -factor 2.0 -center {-6.356 7.204}
[01:59:16.68] /o {-16.479 4.287} {-5.136 10.287}
[01:59:17.60] /# gi::executeAction deCanvasZoomOutAtPoint -in [gi::getWindows 28]
[01:59:17.60] /i de::zoom -window [gi::getWindows 28] -factor 0.5 -center {-6.811 7.514}
[01:59:17.60] /o {-26.147 1.06} {-3.461 13.06}
[01:59:17.98] /# gi::executeAction deCanvasZoomInAtPoint -in [gi::getWindows 28]
[01:59:17.98] /i de::zoom -window [gi::getWindows 28] -factor 2.0 -center {-6.898 5.854}
[01:59:17.98] /o {-16.522 3.457} {-5.18 9.457}
[01:59:19.80] /i gi::executeAction giCloseWindow -in [gi::getWindows 28]
[01:59:19.85] /r giDialog gi::setActiveDialog [gi::getDialogs {deCloseDesign} -parent [gi::getWindows 28]]
[01:59:20.15] /r giDialog db::setAttr geometry -of [gi::getDialogs {deCloseDesign} -parent [gi::getWindows 28]] -value 436x82+742+573
[01:59:21.24] /r giDialog gi::pressButton {discard} -in [gi::getDialogs {deCloseDesign} -parent [gi::getWindows 28]]
[01:59:21.28] /i gi::setActiveWindow 29
[01:59:21.28] /i gi::setActiveWindow 29 -raise true
[01:59:22.54] /# gi::executeAction deSelectActive -in [gi::getWindows 29]
[01:59:22.54] /i de::deselectAll [db::getNext [de::getContexts -window 29]]
[01:59:22.54] /i de::select [de::getActiveFigure [gi::getWindows 29] -point {3.997 -3.337} -index 0 -intent none]
[01:59:22.54] /o oa:0x1f8e2860
[01:59:23.46] /# gi::executeAction deSelectByWindow -in [gi::getWindows 29]
[01:59:23.46] /i db::setPrefValue deSelectMode -value Replace -scope [db::getScopes [db::getNext [de::getContexts -window 29]]]; ide::selectByRegion -region rectangle -point {5.64 -4.535} 
[01:59:24.55] /# gi::executeAction deEndDrag -in [gi::getWindows 29]
[01:59:24.55] /i de::endDrag {3.13 4.022} -context [db::getNext [de::getContexts -window 29]]
[01:59:25.34] /# gi::executeAction leCopy -in [gi::getWindows 29]
[01:59:25.34] /i ile::copy
[01:59:26.59] /i gi::setActiveWindow 2
[01:59:26.60] /i gi::setActiveWindow 2 -raise true
[01:59:28.00] /i gi::setCurrentIndex {cells} -index {NAND2} -in [gi::getWindows 2]
[01:59:28.00] /i gi::setItemSelection {cells} -index {NAND2} -in [gi::getWindows 2]
[01:59:28.99] /i gi::setCurrentIndex {views} -index {symbol} -in [gi::getWindows 2]
[01:59:28.99] /i gi::setItemSelection {views} -index {symbol} -in [gi::getWindows 2]
[01:59:29.95] /i gi::setCurrentIndex {cells} -index {NAND2_2} -in [gi::getWindows 2]
[01:59:29.96] /i gi::setItemSelection {cells} -index {NAND2_2} -in [gi::getWindows 2]
[01:59:31.15] /i gi::setCurrentIndex {views} -index {layout} -in [gi::getWindows 2]
[01:59:31.15] /i gi::setItemSelection {views} -index {layout} -in [gi::getWindows 2]
[01:59:31.26] /i gi::executeAction dmOpen -in [gi::getWindows 2]
[01:59:31.31] /r giWindowId 30
[01:59:31.32] /r giWindowGeometry 1632x1020
[01:59:31.34] /# de::setActiveLPP [de::getLPPs "exclude blockage" -from [db::getAttr editDesign -of [de::getContexts -window 30]]]
[01:59:32.43] /# gi::executeAction deSelectActive -in [gi::getWindows 30]
[01:59:32.43] /i de::deselectAllLogic -context [db::getNext [de::getContexts -window 30]]
[01:59:33.37] /i gi::setActiveWindow 29
[01:59:33.37] /i gi::setActiveWindow 29 -raise true
[01:59:34.68] /# gi::executeAction deAddPoint -in [gi::getWindows 29]
[01:59:34.68] /i de::addPoint {5.58 -2.914} -context [db::getNext [de::getContexts -window 29]]
[01:59:36.17] /i gi::setActiveWindow 30
[01:59:36.17] /i gi::setActiveWindow 30 -raise true
[01:59:37.54] /# gi::executeAction deCanvasZoomOutAtPoint -in [gi::getWindows 30]
[01:59:37.54] /i de::zoom -window [gi::getWindows 30] -factor 0.5 -center {-7.331 3.558}
[01:59:37.54] /o {-26.537 1.622} {-3.851 13.622}
[01:59:37.63] /# gi::executeAction deCanvasZoomOutAtPoint -in [gi::getWindows 30]
[01:59:37.63] /i de::zoom -window [gi::getWindows 30] -factor 0.5 -center {-7.331 3.571}
[01:59:37.63] /o {-45.743 -0.327} {-0.371 23.673}
[01:59:38.13] /# gi::executeAction deAddPoint -in [gi::getWindows 30]
[01:59:38.13] /i de::addPoint {-6.061 3.63} -context [db::getNext [de::getContexts -window 30]]
[01:59:38.45] /i gi::executeAction deCanvasDragCancel -in [gi::getWindows 30]
[01:59:38.71] /# gi::executeAction deSelectActive -in [gi::getWindows 30]
[01:59:38.71] /i de::deselectAll [db::getNext [de::getContexts -window 30]]
[01:59:38.72] /i de::deselectAllLogic -context [db::getNext [de::getContexts -window 30]]
[01:59:39.08] /# gi::executeAction deSelectByWindow -in [gi::getWindows 30]
[01:59:39.08] /i db::setPrefValue deSelectMode -value Replace -scope [db::getScopes [db::getNext [de::getContexts -window 30]]]; ide::selectByRegion -region rectangle -point {-16.025 11.025} 
[01:59:39.62] /# gi::executeAction deEndDrag -in [gi::getWindows 30]
[01:59:39.62] /i de::endDrag {-9.324 0.164} -context [db::getNext [de::getContexts -window 30]]
[01:59:40.31] /# gi::executeAction leDelete -in [gi::getWindows 30]
[01:59:40.31] /i ile::delete
[01:59:40.60] /# gi::executeAction deSelectActive -in [gi::getWindows 30]
[01:59:40.60] /i de::deselectAllLogic -context [db::getNext [de::getContexts -window 30]]
[01:59:40.79] /# gi::executeAction deCanvasZoomInAtPoint -in [gi::getWindows 30]
[01:59:40.79] /i de::zoom -window [gi::getWindows 30] -factor 2.0 -center {-3.779 5.882}
[01:59:40.79] /o {-24.761 2.778} {-2.075 14.778}
[01:59:41.07] /# gi::executeAction deFitView -in [gi::getWindows 30]
[01:59:41.07] /i de::fit -window 30 -fitView true
[01:59:41.07] /o {-15.275 1.861} {0.175 10.034}
[01:59:42.22] /# gi::executeAction deSelectActive -in [gi::getWindows 30]
[01:59:42.22] /i de::deselectAll [db::getNext [de::getContexts -window 30]]
[01:59:42.22] /i de::select [de::getActiveFigure [gi::getWindows 30] -point {-7.211 8.942} -index 0 -intent none]
[01:59:42.22] /o oa:0x1e147360
[01:59:42.72] /# gi::executeAction leDelete -in [gi::getWindows 30]
[01:59:42.72] /i ile::delete
[01:59:43.14] /# gi::executeAction leDelete -in [gi::getWindows 30]
[01:59:43.14] /i ile::delete
[01:59:43.27] /# gi::executeAction deAddPoint -in [gi::getWindows 30]
[01:59:43.27] /i de::addPoint {-7.781 9.257} -context [db::getNext [de::getContexts -window 30]]
[01:59:43.36] /# gi::executeAction leDelete -in [gi::getWindows 30]
[01:59:43.36] /i ile::delete
[01:59:43.46] /# gi::executeAction deCompleteShape -in [gi::getWindows 30]
[01:59:43.46] /i de::completeShape -context [db::getNext [de::getContexts -window 30]]
[01:59:43.54] /# gi::executeAction leDelete -in [gi::getWindows 30]
[01:59:43.54] /i ile::delete
[01:59:43.61] /# gi::executeAction deAddPoint -in [gi::getWindows 30]
[01:59:43.61] /i de::addPoint {-7.978 9.257} -context [db::getNext [de::getContexts -window 30]]
[01:59:43.75] /# gi::executeAction deCompleteShape -in [gi::getWindows 30]
[01:59:43.75] /i de::completeShape -context [db::getNext [de::getContexts -window 30]]
[01:59:43.75] /# gi::executeAction leDelete -in [gi::getWindows 30]
[01:59:43.75] /i ile::delete
[01:59:43.86] /# gi::executeAction leDelete -in [gi::getWindows 30]
[01:59:43.86] /i ile::delete
[01:59:44.02] /# gi::executeAction deAddPoint -in [gi::getWindows 30]
[01:59:44.02] /i de::addPoint {-7.388 9.286} -context [db::getNext [de::getContexts -window 30]]
[01:59:44.02] /# gi::executeAction leDelete -in [gi::getWindows 30]
[01:59:44.02] /i ile::delete
[01:59:44.19] /# gi::executeAction deCompleteShape -in [gi::getWindows 30]
[01:59:44.19] /i de::completeShape -context [db::getNext [de::getContexts -window 30]]
[01:59:44.19] /# gi::executeAction leDelete -in [gi::getWindows 30]
[01:59:44.19] /i ile::delete
[01:59:44.33] /w Warning: Nothing is bound to the 'Button1-Triple' in the current active set. (WINDOW-015)
[01:59:44.33] /# gi::executeAction leDelete -in [gi::getWindows 30]
[01:59:44.33] /i ile::delete
[01:59:44.48] /# gi::executeAction deAddPoint -in [gi::getWindows 30]
[01:59:44.48] /i de::addPoint {-7.014 9.139} -context [db::getNext [de::getContexts -window 30]]
[01:59:44.48] /# gi::executeAction leDelete -in [gi::getWindows 30]
[01:59:44.48] /i ile::delete
[01:59:44.66] /# gi::executeAction deCompleteShape -in [gi::getWindows 30]
[01:59:44.66] /i de::completeShape -context [db::getNext [de::getContexts -window 30]]
[01:59:44.66] /# gi::executeAction leDelete -in [gi::getWindows 30]
[01:59:44.66] /i ile::delete
[01:59:44.81] /# gi::executeAction deAddPoint -in [gi::getWindows 30]
[01:59:44.81] /i de::addPoint {-7.24 9.296} -context [db::getNext [de::getContexts -window 30]]
[01:59:44.81] /# gi::executeAction leDelete -in [gi::getWindows 30]
[01:59:44.81] /i ile::delete
[01:59:44.95] /# gi::executeAction deCompleteShape -in [gi::getWindows 30]
[01:59:44.95] /i de::completeShape -context [db::getNext [de::getContexts -window 30]]
[01:59:44.95] /# gi::executeAction leDelete -in [gi::getWindows 30]
[01:59:44.95] /i ile::delete
[01:59:45.09] /w Warning: Nothing is bound to the 'Button1-Triple' in the current active set. (WINDOW-015)
[01:59:45.09] /# gi::executeAction leDelete -in [gi::getWindows 30]
[01:59:45.09] /i ile::delete
[01:59:45.23] /# gi::executeAction deAddPoint -in [gi::getWindows 30]
[01:59:45.23] /i de::addPoint {-7.063 9.227} -context [db::getNext [de::getContexts -window 30]]
[01:59:45.38] /# gi::executeAction deCompleteShape -in [gi::getWindows 30]
[01:59:45.38] /i de::completeShape -context [db::getNext [de::getContexts -window 30]]
[01:59:45.38] /# gi::executeAction leDelete -in [gi::getWindows 30]
[01:59:45.38] /i ile::delete
[01:59:45.51] /w Warning: Nothing is bound to the 'Button1-Triple' in the current active set. (WINDOW-015)
[01:59:45.53] /# gi::executeAction leDelete -in [gi::getWindows 30]
[01:59:45.53] /i ile::delete
[01:59:45.68] /# gi::executeAction deAddPoint -in [gi::getWindows 30]
[01:59:45.68] /i de::addPoint {-6.975 9.326} -context [db::getNext [de::getContexts -window 30]]
[01:59:48.69] /i gi::setField {stopLevel} -value {3} -in [gi::getToolbars {leHierarchy} -from [gi::getWindows 30]]
[01:59:49.84] /# gi::executeAction deCanvasZoomInAtPoint -in [gi::getWindows 30]
[01:59:49.84] /i de::zoom -window [gi::getWindows 30] -factor 2.0 -center {-6.296 3.12}
[01:59:49.84] /o {-10.785 2.491} {-3.061 6.577}
[01:59:50.24] /# gi::executeAction deCanvasZoomOutAtPoint -in [gi::getWindows 30]
[01:59:50.24] /i de::zoom -window [gi::getWindows 30] -factor 0.5 -center {-6.385 3.061}
[01:59:50.24] /o {-15.186 1.92} {0.264 10.093}
[01:59:51.01] /# gi::executeAction leDelete -in [gi::getWindows 30]
[01:59:51.01] /i ile::delete
[01:59:51.31] /# gi::executeAction deAddPoint -in [gi::getWindows 30]
[01:59:51.31] /i de::addPoint {-6.827 2.501} -context [db::getNext [de::getContexts -window 30]]
[01:59:51.45] /# gi::executeAction deCompleteShape -in [gi::getWindows 30]
[01:59:51.45] /i de::completeShape -context [db::getNext [de::getContexts -window 30]]
[01:59:51.60] /w Warning: Nothing is bound to the 'Button1-Triple' in the current active set. (WINDOW-015)
[01:59:51.60] /# gi::executeAction leDelete -in [gi::getWindows 30]
[01:59:51.60] /i ile::delete
[01:59:51.74] /# gi::executeAction deAddPoint -in [gi::getWindows 30]
[01:59:51.74] /i de::addPoint {-7.722 2.599} -context [db::getNext [de::getContexts -window 30]]
[01:59:51.74] /# gi::executeAction leDelete -in [gi::getWindows 30]
[01:59:51.74] /i ile::delete
[01:59:51.88] /# gi::executeAction deCompleteShape -in [gi::getWindows 30]
[01:59:51.88] /i de::completeShape -context [db::getNext [de::getContexts -window 30]]
[01:59:51.90] /# gi::executeAction leDelete -in [gi::getWindows 30]
[01:59:51.90] /i ile::delete
[01:59:52.02] /w Warning: Nothing is bound to the 'Button1-Triple' in the current active set. (WINDOW-015)
[01:59:52.06] /# gi::executeAction leDelete -in [gi::getWindows 30]
[01:59:52.06] /i ile::delete
[01:59:52.16] /# gi::executeAction deAddPoint -in [gi::getWindows 30]
[01:59:52.16] /i de::addPoint {-7.299 2.53} -context [db::getNext [de::getContexts -window 30]]
[01:59:52.22] /# gi::executeAction leDelete -in [gi::getWindows 30]
[01:59:52.22] /i ile::delete
[01:59:52.30] /# gi::executeAction deCompleteShape -in [gi::getWindows 30]
[01:59:52.30] /i de::completeShape -context [db::getNext [de::getContexts -window 30]]
[01:59:52.38] /# gi::executeAction leDelete -in [gi::getWindows 30]
[01:59:52.38] /i ile::delete
[01:59:52.58] /# gi::executeAction deAddPoint -in [gi::getWindows 30]
[01:59:52.58] /i de::addPoint {-7.564 2.569} -context [db::getNext [de::getContexts -window 30]]
[01:59:52.58] /# gi::executeAction leDelete -in [gi::getWindows 30]
[01:59:52.58] /i ile::delete
[01:59:52.75] /# gi::executeAction deCompleteShape -in [gi::getWindows 30]
[01:59:52.75] /i de::completeShape -context [db::getNext [de::getContexts -window 30]]
[01:59:52.76] /# gi::executeAction leDelete -in [gi::getWindows 30]
[01:59:52.76] /i ile::delete
[01:59:52.89] /# gi::executeAction deAddPoint -in [gi::getWindows 30]
[01:59:52.89] /i de::addPoint {-7.84 2.54} -context [db::getNext [de::getContexts -window 30]]
[01:59:52.90] /# gi::executeAction leDelete -in [gi::getWindows 30]
[01:59:52.90] /i ile::delete
[01:59:53.03] /# gi::executeAction deCompleteShape -in [gi::getWindows 30]
[01:59:53.03] /i de::completeShape -context [db::getNext [de::getContexts -window 30]]
[01:59:53.03] /# gi::executeAction leDelete -in [gi::getWindows 30]
[01:59:53.03] /i ile::delete
[01:59:53.14] /w Warning: Nothing is bound to the 'Button1-Triple' in the current active set. (WINDOW-015)
[01:59:53.17] /# gi::executeAction leDelete -in [gi::getWindows 30]
[01:59:53.17] /i ile::delete
[01:59:53.95] /# gi::executeAction deAddPoint -in [gi::getWindows 30]
[01:59:53.95] /i de::addPoint {-8.479 6.611} -context [db::getNext [de::getContexts -window 30]]
[01:59:53.96] /# gi::executeAction leDelete -in [gi::getWindows 30]
[01:59:53.96] /i ile::delete
[01:59:54.13] /# gi::executeAction deCompleteShape -in [gi::getWindows 30]
[01:59:54.13] /i de::completeShape -context [db::getNext [de::getContexts -window 30]]
[01:59:54.13] /# gi::executeAction leDelete -in [gi::getWindows 30]
[01:59:54.14] /i ile::delete
[01:59:54.39] /# gi::executeAction deCanvasZoomInAtPoint -in [gi::getWindows 30]
[01:59:54.40] /i de::zoom -window [gi::getWindows 30] -factor 2.0 -center {-8.066 5.333}
[01:59:54.40] /o {-11.626 3.627} {-3.901 7.713}
[01:59:55.37] /# gi::executeAction deAddPoint -in [gi::getWindows 30]
[01:59:55.37] /i de::addPoint {-7.599 4.802} -context [db::getNext [de::getContexts -window 30]]
[01:59:55.51] /# gi::executeAction deCompleteShape -in [gi::getWindows 30]
[01:59:55.51] /i de::completeShape -context [db::getNext [de::getContexts -window 30]]
[01:59:55.66] /# gi::executeAction deAddPoint -in [gi::getWindows 30]
[01:59:55.66] /i de::addPoint {-7.623 4.802} -context [db::getNext [de::getContexts -window 30]]
[01:59:55.81] /# gi::executeAction deCompleteShape -in [gi::getWindows 30]
[01:59:55.81] /i de::completeShape -context [db::getNext [de::getContexts -window 30]]
[01:59:55.95] /w Warning: Nothing is bound to the 'Button1-Triple' in the current active set. (WINDOW-015)
[01:59:56.09] /# gi::executeAction deAddPoint -in [gi::getWindows 30]
[01:59:56.09] /i de::addPoint {-7.623 4.802} -context [db::getNext [de::getContexts -window 30]]
[01:59:56.24] /# gi::executeAction deCompleteShape -in [gi::getWindows 30]
[01:59:56.24] /i de::completeShape -context [db::getNext [de::getContexts -window 30]]
[01:59:56.39] /w Warning: Nothing is bound to the 'Button1-Triple' in the current active set. (WINDOW-015)
[01:59:56.54] /# gi::executeAction deAddPoint -in [gi::getWindows 30]
[01:59:56.54] /i de::addPoint {-7.623 4.802} -context [db::getNext [de::getContexts -window 30]]
[01:59:56.69] /# gi::executeAction deCompleteShape -in [gi::getWindows 30]
[01:59:56.69] /i de::completeShape -context [db::getNext [de::getContexts -window 30]]
[01:59:57.40] /# gi::executeAction deAddPoint -in [gi::getWindows 30]
[01:59:57.40] /i de::addPoint {-7.496 6.011} -context [db::getNext [de::getContexts -window 30]]
[01:59:57.58] /# gi::executeAction deCompleteShape -in [gi::getWindows 30]
[01:59:57.58] /i de::completeShape -context [db::getNext [de::getContexts -window 30]]
[01:59:57.79] /# gi::executeAction deAddPoint -in [gi::getWindows 30]
[01:59:57.79] /i de::addPoint {-7.496 5.938} -context [db::getNext [de::getContexts -window 30]]
[01:59:57.95] /# gi::executeAction deCompleteShape -in [gi::getWindows 30]
[01:59:57.95] /i de::completeShape -context [db::getNext [de::getContexts -window 30]]
[01:59:58.10] /# gi::executeAction deAddPoint -in [gi::getWindows 30]
[01:59:58.10] /i de::addPoint {-7.496 5.938} -context [db::getNext [de::getContexts -window 30]]
[01:59:58.49] /# gi::executeAction deAddPoint -in [gi::getWindows 30]
[01:59:58.49] /i de::addPoint {-7.496 5.938} -context [db::getNext [de::getContexts -window 30]]
[01:59:58.95] /# gi::executeAction deCanvasZoomInAtPoint -in [gi::getWindows 30]
[01:59:58.95] /i de::zoom -window [gi::getWindows 30] -factor 2.0 -center {-7.215 6.366}
[01:59:58.95] /o {-9.42 4.996} {-5.558 7.039}
[01:59:59.46] /# gi::executeAction deAddPoint -in [gi::getWindows 30]
[01:59:59.46] /i de::addPoint {-7.183 6.353} -context [db::getNext [de::getContexts -window 30]]
[02:00:00.16] /# gi::executeAction deCanvasZoomInAtPoint -in [gi::getWindows 30]
[02:00:00.16] /i de::zoom -window [gi::getWindows 30] -factor 2.0 -center {-6.999 6.277}
[02:00:00.16] /o {-8.21 5.637} {-6.279 6.658}
[02:00:00.62] /# gi::executeAction deAddPoint -in [gi::getWindows 30]
[02:00:00.62] /i de::addPoint {-7.017 6.285} -context [db::getNext [de::getContexts -window 30]]
[02:00:01.57] /# gi::executeAction deCanvasZoomOutAtPoint -in [gi::getWindows 30]
[02:00:01.57] /i de::zoom -window [gi::getWindows 30] -factor 0.5 -center {-6.859 6.23}
[02:00:01.57] /o {-9.56 5.043} {-5.698 7.086}
[02:00:01.83] /# gi::executeAction deAbortCommand -in [gi::getWindows 30]
[02:00:01.83] /i de::abortCommand -context [db::getNext [de::getContexts -window 30]]
[02:00:02.13] /# gi::executeAction deCanvasZoomOutAtPoint -in [gi::getWindows 30]
[02:00:02.13] /i de::zoom -window [gi::getWindows 30] -factor 0.5 -center {-6.844 6.199}
[02:00:02.13] /o {-12.277 3.888} {-4.552 7.974}
[02:00:02.54] /# gi::executeAction deFitView -in [gi::getWindows 30]
[02:00:02.54] /i de::fit -window 30 -fitView true
[02:00:02.54] /o {-13.061 3.07} {-1.719 9.07}
[02:00:04.07] /# gi::executeAction deCanvasZoomInAtPoint -in [gi::getWindows 30]
[02:00:04.07] /i de::zoom -window [gi::getWindows 30] -factor 2.0 -center {-7.336 3.149}
[02:00:04.07] /o {-10.199 3.11} {-4.527 6.11}
[02:00:04.47] /# gi::executeAction deCanvasZoomInAtPoint -in [gi::getWindows 30]
[02:00:04.47] /i de::zoom -window [gi::getWindows 30] -factor 2.0 -center {-7.314 3.207}
[02:00:04.47] /o {-8.756 3.158} {-5.921 4.658}
[02:00:05.82] /i gi::executeAction deSaveDesign -in [gi::getWindows 30]
[02:00:05.82] /m Information: Saving design 'inverter NAND2_2 layout'. (DESIGN_WINDOW-004)
[02:00:05.97] /i gi::executeAction deSaveDesign -in [gi::getWindows 30]
[02:00:05.97] /m Information: Saving design 'inverter NAND2_2 layout'. (DESIGN_WINDOW-004)
[02:00:06.12] /i gi::executeAction deSaveDesign -in [gi::getWindows 30]
[02:00:06.12] /m Information: Saving design 'inverter NAND2_2 layout'. (DESIGN_WINDOW-004)
[02:00:06.24] /i gi::executeAction deSaveDesign -in [gi::getWindows 30]
[02:00:06.24] /m Information: Saving design 'inverter NAND2_2 layout'. (DESIGN_WINDOW-004)
[02:00:07.35] /# gi::executeAction xtDRCRun -in [gi::getWindows 30]
[02:00:07.35] /i xt::physicalVerification::executeRun drc 30
[02:00:07.41] /# xt::physicalVerification::executePve drc 30
[02:00:08.52] /r giWindowId 31
[02:00:08.53] /r giWindowGeometry 800x600
[02:00:09.37] /m Information: 
              /c =============================
              /c JobID: hercules_drc_425
              /c --- ERROR SUMMARY -----------
              /c 7.30: Minimum area of Metal 1 >= 0.04
              /c  AREA M1S { } (101) ..................................... 2 violations found.
              /c 7.61: Minimum spacing from Polysilicon to Diffusion >= 0.045
              /c  EXTERNAL POLS DIFN { } (102) ........................... 1 violation found.
              /c =============================
              /c 
[02:00:09.63] /j ::xt::hercules::vue::_private::registerConnection localhost:45031 tcp85 herculesVue_12 
[02:00:09.66] /m Information: Connection established with 'Hercules-VUE' running on 'localhost'.
[02:00:09.68] /j ::xt::hercules::vue::_private::isJobReady 
[02:00:09.68] /o true
[02:00:09.70] /j ::xt::hercules::vue::startFilter LAY 
[02:00:09.91] /j ::xt::hercules::vue::setInlibPath /home/itsupport/Desktop/lab1vlsi/synopsys_custom/NAND2_2.hercules.drc/. 
[02:00:09.92] /j ::xt::hercules::vue::setTopLayLCV inverter NAND2_2 layout 
[02:00:09.94] /j ::xt::hercules::vue::openCell inverter NAND2_2 layout 
[02:00:29.78] /j ::xt::hercules::vue::clearAllHighlights NAND2_2 layout 
[02:00:29.80] /j ::xt::hercules::vue::clearAllHighlights NAND2_2 layout 
[02:00:29.96] /m Information: Connection closed with 'Hercules-VUE' running on 'localhost'.
[02:00:30.90] /i gi::setActiveWindow 29
[02:00:30.90] /i gi::setActiveWindow 29 -raise true
[02:00:32.07] /i gi::setActiveWindow 23
[02:00:32.07] /i gi::setActiveWindow 23 -raise true
[02:00:33.10] /i gi::setActiveWindow 31
[02:00:33.10] /i gi::setActiveWindow 31 -raise true
[02:00:33.58] /i gi::setActiveWindow 30
[02:00:33.58] /i gi::setActiveWindow 30 -raise true
[02:00:35.86] /# gi::executeAction deCanvasZoomOutAtPoint -in [gi::getWindows 30]
[02:00:35.86] /i de::zoom -window [gi::getWindows 30] -factor 0.5 -center {-7.211 3.86}
[02:00:35.86] /o {-10.302 2.457} {-4.63 5.457}
[02:00:35.96] /# gi::executeAction deCanvasZoomOutAtPoint -in [gi::getWindows 30]
[02:00:35.96] /i de::zoom -window [gi::getWindows 30] -factor 0.5 -center {-7.266 4.059}
[02:00:35.96] /o {-13.337 0.854} {-1.995 6.854}
[02:00:36.38] /# gi::executeAction deCanvasZoomInAtPoint -in [gi::getWindows 30]
[02:00:36.38] /i de::zoom -window [gi::getWindows 30] -factor 2.0 -center {-7.46 5.98}
[02:00:36.38] /o {-10.399 3.417} {-4.727 6.417}
[02:00:37.49] /# gi::executeAction deFitView -in [gi::getWindows 30]
[02:00:37.49] /i de::fit -window 30 -fitView true
[02:00:37.49] /o {-13.061 3.07} {-1.719 9.07}
[02:00:38.10] /# gi::executeAction deCanvasZoomInAtPoint -in [gi::getWindows 30]
[02:00:38.10] /i de::zoom -window [gi::getWindows 30] -factor 2.0 -center {-7.899 8.723}
[02:00:38.10] /o {-10.48 5.897} {-4.809 8.897}
[02:00:38.17] /# gi::executeAction deCanvasZoomInAtPoint -in [gi::getWindows 30]
[02:00:38.17] /i de::zoom -window [gi::getWindows 30] -factor 2.0 -center {-7.834 8.611}
[02:00:38.17] /o {-9.157 7.254} {-6.321 8.754}
[02:00:39.73] /# gi::executeAction deSelectActive -in [gi::getWindows 30]
[02:00:39.73] /i de::deselectAll [db::getNext [de::getContexts -window 30]]
[02:00:39.73] /i de::select [de::getActiveFigure [gi::getWindows 30] -point {-7.542 8.503} -index 0 -intent none]
[02:00:39.73] /o oa:0x22a95d40
[02:00:40.10] /# gi::executeAction leCopy -in [gi::getWindows 30]
[02:00:40.10] /i ile::copy
[02:00:40.35] /# gi::executeAction deAddPoint -in [gi::getWindows 30]
[02:00:40.35] /i de::addPoint {-7.5 8.526} -context [db::getNext [de::getContexts -window 30]]
[02:00:41.17] /# gi::executeAction deAddPoint -in [gi::getWindows 30]
[02:00:41.17] /i de::addPoint {-8.679 8.405} -context [db::getNext [de::getContexts -window 30]]
[02:00:46.48] /# gi::executeAction leAutoFlipHorizontal -in [gi::getWindows 30]
[02:00:46.48] /i ::le::_impl::autoRotate ile::autoFlipHorizontal MY {-9.152 8.021}
[02:00:47.21] /# gi::executeAction deSelectActive -in [gi::getWindows 30]
[02:00:47.21] /i de::cycleActiveFigure [gi::getWindows 30] -direction next
[02:00:47.21] /o oa:0x1f894e60
[02:00:47.21] /i de::deselectAll [db::getNext [de::getContexts -window 30]]
[02:00:47.21] /i de::select [de::getActiveFigure [gi::getWindows 30] -point {-8.518 8.061} -index 1 -intent none]
[02:00:47.21] /o oa:0x22973220
[02:00:47.54] /# gi::executeAction deSelectActive -in [gi::getWindows 30]
[02:00:47.54] /i de::deselectAll [db::getNext [de::getContexts -window 30]]
[02:00:47.54] /i de::deselectAllLogic -context [db::getNext [de::getContexts -window 30]]
[02:00:47.83] /# gi::executeAction deSelectActive -in [gi::getWindows 30]
[02:00:47.83] /i de::deselectAll [db::getNext [de::getContexts -window 30]]
[02:00:47.83] /i de::select [de::getActiveFigure [gi::getWindows 30] -point {-8.505 8.357} -index 0 -intent none]
[02:00:47.83] /o oa:0x22a5ca60
[02:00:48.26] /# gi::executeAction deSelectActive -in [gi::getWindows 30]
[02:00:48.26] /i de::cycleActiveFigure [gi::getWindows 30] -direction next
[02:00:48.26] /o oa:0x22a52720
[02:00:48.26] /i de::deselectAll [db::getNext [de::getContexts -window 30]]
[02:00:48.27] /i de::select [de::getActiveFigure [gi::getWindows 30] -point {-8.543 8.319} -index 1 -intent none]
[02:00:48.27] /o oa:0x2063ba40
[02:00:48.78] /# gi::executeAction leStartStretchDrag -in [gi::getWindows 30]
[02:00:48.78] /i layout_editor::directStretch [de::getActiveFigure [gi::getWindows 30] -point {-8.543 8.319} -index 1 -intent none] 30
[02:00:48.78] /# ile::stretch -point {-8.545 8.32}
[02:00:49.31] /# gi::executeAction deEndDrag -in [gi::getWindows 30]
[02:00:49.31] /i de::endDrag {-7.774 8.299} -context [db::getNext [de::getContexts -window 30]]
[02:00:50.87] /# gi::executeAction leShowDesignOptions -in [gi::getWindows 30]
[02:00:50.87] /i le::showDesignOptions
[02:00:50.88] /# gi::setActiveTab {tabWidget} -tabName {grids} -in [gi::getDialogs {deLayoutDesignOptions} -parent [gi::getWindows 30]]
[02:00:50.88] /# gi::setActiveTab {tabWidget} -tabName {general} -in [gi::getDialogs {deLayoutDesignOptions} -parent [gi::getWindows 30]]
[02:00:50.88] /o oa:0x1edac0b0
[02:00:50.93] /i gi::setActiveDialog [gi::getDialogs {deLayoutDesignOptions} -parent [gi::getWindows 30]]
[02:00:51.22] /i db::setAttr geometry -of [gi::getDialogs {deLayoutDesignOptions} -parent [gi::getWindows 30]] -value 645x597+0+65
[02:00:51.86] /i gi::setActiveTab {tabWidget} -tabName {grids} -in [gi::getDialogs {deLayoutDesignOptions} -parent [gi::getWindows 30]]
[02:00:52.22] /i gi::setActiveTab {tabWidget} -tabName {command} -in [gi::getDialogs {deLayoutDesignOptions} -parent [gi::getWindows 30]]
[02:00:53.42] /i gi::setField {autoAbutment} -value {true} -in [gi::getDialogs {deLayoutDesignOptions} -parent [gi::getWindows 30]]
[02:00:53.81] /i gi::setField {postAutoAbutmentProcedure} -value {true} -in [gi::getDialogs {deLayoutDesignOptions} -parent [gi::getWindows 30]]
[02:00:54.38] /i gi::pressButton {ok} -in [gi::getDialogs {deLayoutDesignOptions} -parent [gi::getWindows 30]]
[02:00:54.65] /# gi::executeAction deSelectActive -in [gi::getWindows 30]
[02:00:54.65] /i de::deselectAll [db::getNext [de::getContexts -window 30]]
[02:00:54.65] /i de::deselectAllLogic -context [db::getNext [de::getContexts -window 30]]
[02:00:55.04] /# gi::executeAction deSelectActive -in [gi::getWindows 30]
[02:00:55.04] /i de::deselectAll [db::getNext [de::getContexts -window 30]]
[02:00:55.04] /i de::select [de::getActiveFigure [gi::getWindows 30] -point {-8.013 8.324} -index 0 -intent none]
[02:00:55.04] /o oa:0x22b39e40
[02:00:55.44] /# gi::executeAction deSelectActive -in [gi::getWindows 30]
[02:00:55.44] /i de::cycleActiveFigure [gi::getWindows 30] -direction next
[02:00:55.44] /o oa:0x22af0c30
[02:00:55.44] /i de::deselectAll [db::getNext [de::getContexts -window 30]]
[02:00:55.44] /i de::select [de::getActiveFigure [gi::getWindows 30] -point {-8.468 8.324} -index 1 -intent none]
[02:00:55.44] /o oa:0x22d05120
[02:00:55.90] /# gi::executeAction deSelectActive -in [gi::getWindows 30]
[02:00:55.90] /i de::cycleActiveFigure [gi::getWindows 30] -direction next
[02:00:55.90] /o oa:0x22985be0
[02:00:55.90] /i de::cycleActiveFigure [gi::getWindows 30] -direction next
[02:00:55.90] /o oa:0x22c6acb0
[02:00:56.34] /# gi::executeAction leStartStretchDrag -in [gi::getWindows 30]
[02:00:56.34] /i layout_editor::directStretch [de::getActiveFigure [gi::getWindows 30] -point {-8.468 8.326} -index 1 -intent none] 30
[02:00:56.34] /# ile::stretch -point {-8.47 8.325}
[02:00:56.76] /# gi::executeAction deEndDrag -in [gi::getWindows 30]
[02:00:56.76] /i de::endDrag {-8.283 8.321} -context [db::getNext [de::getContexts -window 30]]
[02:00:58.29] /i gi::executeAction deSaveDesign -in [gi::getWindows 30]
[02:00:58.29] /m Information: Saving design 'inverter NAND2_2 layout'. (DESIGN_WINDOW-004)
[02:00:58.43] /i gi::executeAction deSaveDesign -in [gi::getWindows 30]
[02:00:58.43] /m Information: Saving design 'inverter NAND2_2 layout'. (DESIGN_WINDOW-004)
[02:00:58.58] /i gi::executeAction deSaveDesign -in [gi::getWindows 30]
[02:00:58.58] /m Information: Saving design 'inverter NAND2_2 layout'. (DESIGN_WINDOW-004)
[02:00:58.73] /i gi::executeAction deSaveDesign -in [gi::getWindows 30]
[02:00:58.73] /m Information: Saving design 'inverter NAND2_2 layout'. (DESIGN_WINDOW-004)
[02:00:59.93] /# gi::executeAction deCanvasZoomInAtPoint -in [gi::getWindows 30]
[02:00:59.93] /i de::zoom -window [gi::getWindows 30] -factor 2.0 -center {-7.823 8.064}
[02:00:59.93] /o {-8.49 7.659} {-7.072 8.409}
[02:01:02.16] /# gi::executeAction xtDRCRun -in [gi::getWindows 30]
[02:01:02.16] /i xt::physicalVerification::executeRun drc 30
[02:01:02.21] /# xt::physicalVerification::executePve drc 30
[02:01:04.08] /m Information: 
              /c =============================
              /c JobID: hercules_drc_426
              /c --- ERROR SUMMARY -----------
              /c 7.30: Minimum area of Metal 1 >= 0.04
              /c  AREA M1S { } (101) ..................................... 3 violations found.
              /c =============================
              /c 
[02:01:04.37] /j ::xt::hercules::vue::_private::registerConnection localhost:46703 tcp91 herculesVue_13 
[02:01:04.42] /j ::xt::hercules::vue::_private::isJobReady 
[02:01:04.42] /o false
[02:01:05.42] /j ::xt::hercules::vue::_private::isJobReady 
[02:01:05.42] /o false
[02:01:06.42] /m Information: Connection established with 'Hercules-VUE' running on 'localhost'.
[02:01:06.42] /j ::xt::hercules::vue::_private::isJobReady 
[02:01:06.42] /o true
[02:01:06.43] /j ::xt::hercules::vue::startFilter LAY 
[02:01:06.59] /j ::xt::hercules::vue::setInlibPath /home/itsupport/Desktop/lab1vlsi/synopsys_custom/NAND2_2.hercules.drc/. 
[02:01:06.61] /j ::xt::hercules::vue::setTopLayLCV inverter NAND2_2 layout 
[02:01:06.63] /j ::xt::hercules::vue::openCell inverter NAND2_2 layout 
[02:01:23.78] /j ::xt::hercules::vue::clearAllHighlights NAND2_2 layout 
[02:01:23.81] /j ::xt::hercules::vue::clearAllHighlights NAND2_2 layout 
[02:01:23.96] /m Information: Connection closed with 'Hercules-VUE' running on 'localhost'.
[02:01:24.88] /i gi::executeAction giCloseWindow -in [gi::getWindows 31]
[02:01:24.90] /i gi::setActiveWindow 30
[02:01:24.90] /i gi::setActiveWindow 30 -raise true
[02:01:26.02] /# gi::executeAction deCanvasZoomOutAtPoint -in [gi::getWindows 30]
[02:01:26.02] /i de::zoom -window [gi::getWindows 30] -factor 0.5 -center {-7.485 7.848}
[02:01:26.02] /o {-9.495 7.47} {-6.659 8.97}
[02:01:26.07] /# gi::executeAction deCanvasZoomOutAtPoint -in [gi::getWindows 30]
[02:01:26.07] /i de::zoom -window [gi::getWindows 30] -factor 0.5 -center {-7.484 7.849}
[02:01:26.07] /o {-11.506 7.091} {-5.835 10.091}
[02:01:26.87] /# gi::executeAction deCanvasZoomOutAtPoint -in [gi::getWindows 30]
[02:01:26.87] /i de::zoom -window [gi::getWindows 30] -factor 0.5 -center {-6.921 7.899}
[02:01:26.87] /o {-16.091 6.282} {-4.749 12.282}
[02:01:27.89] /# gi::executeAction deFitView -in [gi::getWindows 30]
[02:01:27.89] /i de::fit -window 30 -fitView true
[02:01:27.89] /o {-13.284 3.07} {-1.941 9.07}
[02:01:30.34] /# gi::executeAction deSelectActive -in [gi::getWindows 30]
[02:01:30.35] /i de::deselectAll [db::getNext [de::getContexts -window 30]]
[02:01:30.35] /i de::deselectAllLogic -context [db::getNext [de::getContexts -window 30]]
[02:01:31.50] /i gi::setActiveWindow 29
[02:01:31.50] /i gi::setActiveWindow 29 -raise true
[02:01:33.07] /i gi::executeAction giCloseWindow -in [gi::getWindows 29]
[02:01:33.11] /i gi::setActiveWindow 30
[02:01:33.11] /i gi::setActiveWindow 30 -raise true
[02:01:34.36] /i gi::executeAction giCloseWindow -in [gi::getWindows 23]
[02:01:35.06] /i gi::setActiveWindow 2
[02:01:35.06] /i gi::setActiveWindow 2 -raise true
[02:01:36.20] /i gi::setCurrentIndex {cells} -index {NAND2} -in [gi::getWindows 2]
[02:01:36.20] /i gi::setItemSelection {cells} -index {NAND2} -in [gi::getWindows 2]
[02:01:36.82] /i gi::setCurrentIndex {cells} -index {NAND2_tb} -in [gi::getWindows 2]
[02:01:36.82] /i gi::setItemSelection {cells} -index {NAND2_tb} -in [gi::getWindows 2]
[02:01:37.10] /i gi::setCurrentIndex {cells} -index {full_adder} -in [gi::getWindows 2]
[02:01:37.10] /i gi::setItemSelection {cells} -index {full_adder} -in [gi::getWindows 2]
[02:01:37.88] /i gi::setCurrentIndex {views} -index {symbol} -in [gi::getWindows 2]
[02:01:37.88] /i gi::setItemSelection {views} -index {symbol} -in [gi::getWindows 2]
[02:01:38.85] /i gi::setCurrentIndex {views} -index {schematic} -in [gi::getWindows 2]
[02:01:38.86] /i gi::setItemSelection {views} -index {schematic} -in [gi::getWindows 2]
[02:01:39.26] /i gi::setCurrentIndex {views} -index {layout} -in [gi::getWindows 2]
[02:01:39.26] /i gi::setItemSelection {views} -index {layout} -in [gi::getWindows 2]
[02:01:39.40] /i gi::executeAction dmOpen -in [gi::getWindows 2]
[02:01:39.42] /r giWindowId 32
[02:01:39.42] /r giWindowGeometry 1632x1020
[02:01:39.44] /# de::setActiveLPP [de::getLPPs "exclude blockage" -from [db::getAttr editDesign -of [de::getContexts -window 32]]]
[02:01:40.75] /# gi::executeAction deSelectByWindow -in [gi::getWindows 32]
[02:01:40.75] /i db::setPrefValue deSelectMode -value Replace -scope [db::getScopes [db::getNext [de::getContexts -window 32]]]; ide::selectByRegion -region rectangle -point {19.67 12.095} 
[02:01:43.70] /# gi::executeAction deEndDrag -in [gi::getWindows 32]
[02:01:43.70] /i de::endDrag {27.69 6.116} -context [db::getNext [de::getContexts -window 32]]
[02:01:44.12] /# gi::executeAction leDelete -in [gi::getWindows 32]
[02:01:44.12] /i ile::delete
[02:01:44.80] /# gi::executeAction deSelectActive -in [gi::getWindows 32]
[02:01:44.80] /i de::deselectAll [db::getNext [de::getContexts -window 32]]
[02:01:44.80] /i de::select [de::getActiveFigure [gi::getWindows 32] -point {18.376 10.253} -index 0 -intent none]
[02:01:44.80] /o oa:0x218f4f60
[02:01:44.86] /# gi::executeAction leDelete -in [gi::getWindows 32]
[02:01:44.86] /i ile::delete
[02:01:45.10] /# gi::executeAction deSelectActive -in [gi::getWindows 32]
[02:01:45.10] /i de::deselectAll [db::getNext [de::getContexts -window 32]]
[02:01:45.10] /i de::select [de::getActiveFigure [gi::getWindows 32] -point {18.311 10.383} -index 0 -intent none]
[02:01:45.10] /o oa:0x229884b0
[02:01:45.10] /# gi::executeAction leDelete -in [gi::getWindows 32]
[02:01:45.10] /i ile::delete
[02:01:45.32] /# gi::executeAction deSelectActive -in [gi::getWindows 32]
[02:01:45.32] /i de::deselectAllLogic -context [db::getNext [de::getContexts -window 32]]
[02:01:45.32] /# gi::executeAction leDelete -in [gi::getWindows 32]
[02:01:45.32] /i ile::delete
[02:01:47.65] /i gi::setField {stopLevel} -value {3} -in [gi::getToolbars {leHierarchy} -from [gi::getWindows 32]]
[02:01:47.84] /# gi::executeAction deAddPoint -in [gi::getWindows 32]
[02:01:47.84] /i de::addPoint {19.95 10.881} -context [db::getNext [de::getContexts -window 32]]
[02:01:48.35] /# gi::executeAction leInstance -in [gi::getWindows 32]
[02:01:48.35] /i ile::createInst
[02:01:48.42] /i gi::setActiveDialog [gi::getDialogs {leCreateInst} -parent [gi::getWindows 32]]
[02:01:48.68] /i db::setAttr geometry -of [gi::getDialogs {leCreateInst}] -value 612x532+654+179
[02:01:50.72] /i gi::setCurrentIndex {instLCVCellCategories} -index {LAB3} -in [gi::getDialogs {leCreateInst} -parent [gi::getWindows 32]]
[02:01:50.72] /i gi::setItemSelection {instLCVCellCategories} -index {LAB3} -in [gi::getDialogs {leCreateInst} -parent [gi::getWindows 32]]
[02:01:53.93] /i gi::setCurrentIndex {instLCVCells} -index {NAND2_2} -in [gi::getDialogs {leCreateInst} -parent [gi::getWindows 32]]
[02:01:53.93] /i gi::setItemSelection {instLCVCells} -index {NAND2_2} -in [gi::getDialogs {leCreateInst} -parent [gi::getWindows 32]]
[02:01:55.86] /# gi::executeAction deAddPoint -in [gi::getWindows 32]
[02:01:55.86] /i de::addPoint {19.633 9.365} -context [db::getNext [de::getContexts -window 32]]
[02:01:57.36] /# gi::executeAction deCanvasZoomOutAtPoint -in [gi::getWindows 32]
[02:01:57.36] /i de::zoom -window [gi::getWindows 32] -factor 0.5 -center {19.04 7.914}
[02:01:57.36] /o {15.012 4.376} {37.698 16.376}
[02:01:57.39] /# gi::executeAction deCanvasZoomOutAtPoint -in [gi::getWindows 32]
[02:01:57.39] /i de::zoom -window [gi::getWindows 32] -factor 0.5 -center {19.041 7.914}
[02:01:57.39] /o {10.983 0.838} {56.355 24.838}
[02:01:57.43] /# gi::executeAction deCanvasZoomOutAtPoint -in [gi::getWindows 32]
[02:01:57.43] /i de::zoom -window [gi::getWindows 32] -factor 0.5 -center {19.127 8}
[02:01:57.43] /o {2.839 -6.324} {93.583 41.676}
[02:01:58.45] /# gi::executeAction deAbortCommand -in [gi::getWindows 32]
[02:01:58.45] /i de::abortCommand -context [db::getNext [de::getContexts -window 32]]
[02:01:58.80] /# gi::executeAction deCanvasZoomInAtPoint -in [gi::getWindows 32]
[02:01:58.80] /i de::zoom -window [gi::getWindows 32] -factor 2.0 -center {12.081 14.239}
[02:01:58.80] /o {7.46 3.957} {52.832 27.957}
[02:01:58.96] /# gi::executeAction dbPrint -in [gi::getWindows 32]
[02:01:58.96] /i db::showPrint -parent 32
[02:01:59.00] /o oa:0x1fd6f730
[02:01:59.01] /# gi::executeAction deFitView -in [gi::getWindows 32]
[02:01:59.01] /i de::fit -window 32 -fitView true
[02:01:59.01] /o {6.351 12.435} {17.694 18.435}
[02:01:59.05] /i gi::setActiveDialog [gi::getDialogs {dbPrint} -parent [gi::getWindows 32]]
[02:01:59.29] /i db::setAttr geometry -of [gi::getDialogs {dbPrint} -parent [gi::getWindows 32]] -value 638x650+631+230
[02:02:00.17] /i gi::closeWindows [gi::getDialogs {dbPrint} -parent [gi::getWindows 32]]
[02:02:01.79] /# gi::executeAction leVia -in [gi::getWindows 32]
[02:02:01.79] /i ile::createVia
[02:02:01.81] /o oa:0x203b7480
[02:02:02.04] /# gi::executeAction deCanvasZoomInAtPoint -in [gi::getWindows 32]
[02:02:02.04] /i de::zoom -window [gi::getWindows 32] -factor 2.0 -center {13.81 17.605}
[02:02:02.05] /o {10.081 15.02} {15.752 18.02}
[02:02:02.84] /# gi::executeAction deAbortCommand -in [gi::getWindows 32]
[02:02:02.84] /i de::abortCommand -context [db::getNext [de::getContexts -window 32]]
[02:02:03.30] /# gi::executeAction deCanvasZoomOutAtPoint -in [gi::getWindows 32]
[02:02:03.30] /i de::zoom -window [gi::getWindows 32] -factor 0.5 -center {12.604 16.565}
[02:02:03.30] /o {7.557 13.475} {18.9 19.475}
[02:02:04.33] /# gi::executeAction deFitView -in [gi::getWindows 32]
[02:02:04.33] /i de::fit -window 32 -fitView true
[02:02:04.33] /o {6.351 12.435} {17.694 18.435}
[02:02:07.50] /i de::setActiveLPP [de::getLPPs "m4 drawing" -from [db::getAttr editDesign -of [de::getContexts -window 32]]]
[02:02:08.58] /# gi::executeAction leRectangle -in [gi::getWindows 32]
[02:02:08.58] /i ile::createRectangle
[02:02:08.84] /# gi::executeAction deCanvasZoomInAtPoint -in [gi::getWindows 32]
[02:02:08.84] /i de::zoom -window [gi::getWindows 32] -factor 2.0 -center {13.217 17.041}
[02:02:08.84] /o {9.784 14.738} {15.455 17.738}
[02:02:08.97] /# gi::executeAction deCanvasZoomInAtPoint -in [gi::getWindows 32]
[02:02:08.97] /i de::zoom -window [gi::getWindows 32] -factor 2.0 -center {13.217 17.041}
[02:02:08.97] /o {11.501 15.89} {14.336 17.39}
[02:02:10.14] /# gi::executeAction deAddPoint -in [gi::getWindows 32]
[02:02:10.14] /i de::addPoint {12.547 16.761} -context [db::getNext [de::getContexts -window 32]]
[02:02:10.85] /# gi::executeAction deAddPoint -in [gi::getWindows 32]
[02:02:10.86] /i de::addPoint {13.82 16.451} -context [db::getNext [de::getContexts -window 32]]
[02:02:11.67] /# gi::executeAction leVia -in [gi::getWindows 32]
[02:02:11.67] /i ile::createVia
[02:02:11.70] /o oa:0x20389190
[02:02:13.10] /i gi::setField {viaAuto} -value {true} -in [gi::getToolbars {deCommandOptions} -from [gi::getWindows 32]]
[02:02:14.13] /# gi::executeAction deAddPoint -in [gi::getWindows 32]
[02:02:14.13] /i de::addPoint {12.627 16.597} -context [db::getNext [de::getContexts -window 32]]
[02:02:15.33] /# gi::executeAction deAddPoint -in [gi::getWindows 32]
[02:02:15.33] /i de::addPoint {12.822 16.599} -context [db::getNext [de::getContexts -window 32]]
[02:02:15.98] /# gi::executeAction deAddPoint -in [gi::getWindows 32]
[02:02:15.98] /i de::addPoint {12.575 16.577} -context [db::getNext [de::getContexts -window 32]]
[02:02:16.39] /# gi::executeAction deCanvasZoomOutAtPoint -in [gi::getWindows 32]
[02:02:16.40] /i de::zoom -window [gi::getWindows 32] -factor 0.5 -center {12.769 16.485}
[02:02:16.40] /o {10.232 15.294} {15.903 18.294}
[02:02:17.31] /# gi::executeAction deCanvasZoomOutAtPoint -in [gi::getWindows 32]
[02:02:17.31] /i de::zoom -window [gi::getWindows 32] -factor 0.5 -center {12.759 15.81}
[02:02:17.31] /o {7.705 14.778} {19.048 20.778}
[02:02:17.35] /# gi::executeAction deCanvasZoomOutAtPoint -in [gi::getWindows 32]
[02:02:17.35] /i de::zoom -window [gi::getWindows 32] -factor 0.5 -center {12.73 15.746}
[02:02:17.35] /o {2.68 13.81} {25.366 25.81}
[02:02:17.74] /# gi::executeAction deCanvasZoomInAtPoint -in [gi::getWindows 32]
[02:02:17.74] /i de::zoom -window [gi::getWindows 32] -factor 2.0 -center {12.557 15.442}
[02:02:17.74] /o {7.619 14.626} {18.961 20.626}
[02:02:17.90] /# gi::executeAction deFitView -in [gi::getWindows 32]
[02:02:17.90] /i de::fit -window 32 -fitView true
[02:02:17.90] /o {6.744 12.435} {18.086 18.435}
[02:02:19.27] /# gi::executeAction deAddPoint -in [gi::getWindows 32]
[02:02:19.27] /i de::addPoint {13.047 16.464} -context [db::getNext [de::getContexts -window 32]]
[02:02:19.71] /# gi::executeAction deAbortCommand -in [gi::getWindows 32]
[02:02:19.71] /i de::abortCommand -context [db::getNext [de::getContexts -window 32]]
[02:02:20.15] /# gi::executeAction deSelectActive -in [gi::getWindows 32]
[02:02:20.15] /i de::deselectAll [db::getNext [de::getContexts -window 32]]
[02:02:20.15] /i de::select [de::getActiveFigure [gi::getWindows 32] -point {13.054 16.565} -index 0 -intent none]
[02:02:20.15] /o oa:0x1f6d7350
[02:02:20.64] /# gi::executeAction leStartStretchDrag -in [gi::getWindows 32]
[02:02:20.64] /i layout_editor::directStretch [de::getActiveFigure [gi::getWindows 32] -point {13.054 16.587} -index 0 -intent none] 32
[02:02:20.64] /# ile::stretch -point {13.055 16.585}
[02:02:21.23] /# gi::executeAction deEndDrag -in [gi::getWindows 32]
[02:02:21.23] /i de::endDrag {12.852 15.807} -context [db::getNext [de::getContexts -window 32]]
[02:02:21.47] /i gi::executeAction deCanvasDragCancel -in [gi::getWindows 32]
[02:02:25.55] /# gi::executeAction deCanvasZoomInAtPoint -in [gi::getWindows 32]
[02:02:25.55] /i de::zoom -window [gi::getWindows 32] -factor 2.0 -center {12.31 16.37}
[02:02:25.55] /o {9.527 14.403} {15.198 17.403}
[02:02:31.93] /# gi::executeAction deCanvasZoomOutAtPoint -in [gi::getWindows 32]
[02:02:31.93] /i de::zoom -window [gi::getWindows 32] -factor 0.5 -center {13.635 16.153}
[02:02:31.93] /o {5.419 12.652} {16.761 18.652}
[02:02:31.99] /# gi::executeAction deCanvasZoomOutAtPoint -in [gi::getWindows 32]
[02:02:31.99] /i de::zoom -window [gi::getWindows 32] -factor 0.5 -center {13.635 16.154}
[02:02:31.99] /o {-2.798 9.15} {19.888 21.15}
[02:02:33.11] /i gi::setActiveWindow 30
[02:02:33.11] /i gi::setActiveWindow 30 -raise true
[02:02:33.79] /# gi::executeAction deCanvasZoomInAtPoint -in [gi::getWindows 30]
[02:02:33.79] /i de::zoom -window [gi::getWindows 30] -factor 2.0 -center {-6.887 4.189}
[02:02:33.79] /o {-10.085 3.63} {-4.414 6.63}
[02:02:40.13] /# gi::executeAction leRectangle -in [gi::getWindows 30]
[02:02:40.13] /i ile::createRectangle
[02:02:40.51] /# gi::executeAction deCanvasZoomInAtPoint -in [gi::getWindows 30]
[02:02:40.51] /i de::zoom -window [gi::getWindows 30] -factor 2.0 -center {-6.421 5.749}
[02:02:40.51] /o {-8.253 4.689} {-5.418 6.189}
[02:02:40.98] /# gi::executeAction deCanvasZoomInAtPoint -in [gi::getWindows 30]
[02:02:40.98] /i de::zoom -window [gi::getWindows 30] -factor 2.0 -center {-7.3 5.716}
[02:02:40.98] /o {-7.777 5.203} {-6.359 5.953}
[02:02:41.06] /# gi::executeAction deCanvasZoomInAtPoint -in [gi::getWindows 30]
[02:02:41.06] /i de::zoom -window [gi::getWindows 30] -factor 2.0 -center {-7.259 5.716}
[02:02:41.06] /o {-7.518 5.459} {-6.809 5.834}
[02:02:42.62] /# gi::executeAction deAddPoint -in [gi::getWindows 30]
[02:02:42.62] /i de::addPoint {-7.095 5.711} -context [db::getNext [de::getContexts -window 30]]
[02:02:43.33] /# gi::executeAction deCanvasZoomOutAtPoint -in [gi::getWindows 30]
[02:02:43.33] /i de::zoom -window [gi::getWindows 30] -factor 0.5 -center {-6.854 5.624}
[02:02:43.33] /o {-8.182 5.295} {-6.764 6.045}
[02:02:43.52] /# gi::executeAction deCanvasZoomOutAtPoint -in [gi::getWindows 30]
[02:02:43.52] /i de::zoom -window [gi::getWindows 30] -factor 0.5 -center {-6.854 5.624}
[02:02:43.52] /o {-9.509 4.965} {-6.674 6.465}
[02:02:44.22] /# gi::executeAction deAddPoint -in [gi::getWindows 30]
[02:02:44.22] /i de::addPoint {-6.796 5.619} -context [db::getNext [de::getContexts -window 30]]
[02:02:45.33] /# gi::executeAction deFitView -in [gi::getWindows 30]
[02:02:45.33] /i de::fit -window 30 -fitView true
[02:02:45.33] /o {-13.284 3.07} {-1.941 9.07}
[02:02:46.35] /# gi::executeAction deCanvasZoomInAtPoint -in [gi::getWindows 30]
[02:02:46.35] /i de::zoom -window [gi::getWindows 30] -factor 2.0 -center {-6.959 5.77}
[02:02:46.35] /o {-10.121 4.42} {-4.45 7.42}
[02:02:46.44] /# gi::executeAction deCanvasZoomInAtPoint -in [gi::getWindows 30]
[02:02:46.44] /i de::zoom -window [gi::getWindows 30] -factor 2.0 -center {-6.934 5.752}
[02:02:46.44] /o {-8.528 5.086} {-5.692 6.586}
[02:02:46.57] /# gi::executeAction deCanvasZoomInAtPoint -in [gi::getWindows 30]
[02:02:46.57] /i de::zoom -window [gi::getWindows 30] -factor 2.0 -center {-6.934 5.752}
[02:02:46.57] /o {-7.731 5.419} {-6.313 6.169}
[02:02:47.15] /# gi::executeAction deAbortCommand -in [gi::getWindows 30]
[02:02:47.15] /i de::abortCommand -context [db::getNext [de::getContexts -window 30]]
[02:02:47.66] /# gi::executeAction deSelectActive -in [gi::getWindows 30]
[02:02:47.66] /i de::deselectAll [db::getNext [de::getContexts -window 30]]
[02:02:47.66] /i de::select [de::getActiveFigure [gi::getWindows 30] -point {-6.815 5.656} -index 0 -intent none]
[02:02:47.66] /o oa:0x22a46ee0
[02:02:48.22] /# gi::executeAction leDelete -in [gi::getWindows 30]
[02:02:48.22] /i ile::delete
[02:02:50.83] /i de::setActiveLPP [de::getLPPs "m4 drawing" -from [db::getAttr editDesign -of [de::getContexts -window 30]]]
[02:02:52.45] /# gi::executeAction leRectangle -in [gi::getWindows 30]
[02:02:52.45] /i ile::createRectangle
[02:02:53.76] /# gi::executeAction deAddPoint -in [gi::getWindows 30]
[02:02:53.76] /i de::addPoint {-7.094 5.97} -context [db::getNext [de::getContexts -window 30]]
[02:02:54.47] /# gi::executeAction deAddPoint -in [gi::getWindows 30]
[02:02:54.47] /i de::addPoint {-6.579 5.759} -context [db::getNext [de::getContexts -window 30]]
[02:02:55.52] /# gi::executeAction leVia -in [gi::getWindows 30]
[02:02:55.52] /i ile::createVia
[02:02:55.55] /o oa:0x2099c0a0
[02:02:57.30] /i gi::setField {viaAuto} -value {true} -in [gi::getToolbars {deCommandOptions} -from [gi::getWindows 30]]
[02:03:04.29] /i gi::setActiveWindow 32
[02:03:04.29] /i gi::setActiveWindow 32 -raise true
[02:03:05.15] /# gi::executeAction deCanvasZoomInAtPoint -in [gi::getWindows 32]
[02:03:05.15] /i de::zoom -window [gi::getWindows 32] -factor 2.0 -center {13.159 15.634}
[02:03:05.15] /o {5.181 12.392} {16.523 18.392}
[02:03:05.24] /# gi::executeAction deCanvasZoomInAtPoint -in [gi::getWindows 32]
[02:03:05.24] /i de::zoom -window [gi::getWindows 32] -factor 2.0 -center {13.137 15.612}
[02:03:05.24] /o {9.159 14.002} {14.83 17.002}
[02:03:06.71] /# gi::executeAction leVia -in [gi::getWindows 32]
[02:03:06.71] /i ile::createVia
[02:03:06.72] /o oa:0x1f62ea90
[02:03:08.57] /# gi::executeAction deCanvasZoomInAtPoint -in [gi::getWindows 32]
[02:03:08.57] /i de::zoom -window [gi::getWindows 32] -factor 2.0 -center {12.682 14.302}
[02:03:08.57] /o {10.92 14.152} {13.756 15.652}
[02:03:08.68] /# gi::executeAction deCanvasZoomInAtPoint -in [gi::getWindows 32]
[02:03:08.68] /i de::zoom -window [gi::getWindows 32] -factor 2.0 -center {12.59 14.356}
[02:03:08.68] /o {11.755 14.254} {13.173 15.004}
[02:03:09.42] /# gi::executeAction deCanvasZoomOutAtPoint -in [gi::getWindows 32]
[02:03:09.42] /i de::zoom -window [gi::getWindows 32] -factor 0.5 -center {12.601 14.486}
[02:03:09.42] /o {10.909 14.022} {13.745 15.522}
[02:03:09.45] /# gi::executeAction deCanvasZoomOutAtPoint -in [gi::getWindows 32]
[02:03:09.45] /i de::zoom -window [gi::getWindows 32] -factor 0.5 -center {12.601 14.488}
[02:03:09.45] /o {9.218 13.556} {14.889 16.556}
[02:03:09.53] /# gi::executeAction deCanvasZoomOutAtPoint -in [gi::getWindows 32]
[02:03:09.53] /i de::zoom -window [gi::getWindows 32] -factor 0.5 -center {12.6 14.549}
[02:03:09.53] /o {5.836 12.563} {17.178 18.563}
[02:03:11.70] /# gi::executeAction deAddPoint -in [gi::getWindows 32]
[02:03:11.70] /i de::addPoint {12.731 14.44} -context [db::getNext [de::getContexts -window 32]]
[02:03:13.23] /i gi::executeAction giCloseWindow -in [gi::getWindows 30]
[02:03:13.28] /r giDialog gi::setActiveDialog [gi::getDialogs {deCloseDesign} -parent [gi::getWindows 30]]
[02:03:13.56] /r giDialog db::setAttr geometry -of [gi::getDialogs {deCloseDesign} -parent [gi::getWindows 30]] -value 436x82+742+573
[02:03:14.90] /r giDialog gi::pressButton {save} -in [gi::getDialogs {deCloseDesign} -parent [gi::getWindows 30]]
[02:03:14.90] /m Information: Saving design 'inverter NAND2_2 layout'. (DESIGN_WINDOW-004)
[02:03:15.51] /# gi::executeAction deCanvasZoomInAtPoint -in [gi::getWindows 32]
[02:03:15.51] /i de::zoom -window [gi::getWindows 32] -factor 2.0 -center {13.381 15.184}
[02:03:15.51] /o {9.608 13.873} {15.28 16.873}
[02:03:15.57] /# gi::executeAction deCanvasZoomInAtPoint -in [gi::getWindows 32]
[02:03:15.57] /i de::zoom -window [gi::getWindows 32] -factor 2.0 -center {13.399 15.04}
[02:03:15.57] /o {11.504 14.457} {14.339 15.957}
[02:03:16.05] /# gi::executeAction deCanvasZoomOutAtPoint -in [gi::getWindows 32]
[02:03:16.05] /i de::zoom -window [gi::getWindows 32] -factor 0.5 -center {12.865 14.774}
[02:03:16.05] /o {10.142 14.139} {15.814 17.139}
[02:03:17.21] /# gi::executeAction deAddPoint -in [gi::getWindows 32]
[02:03:17.21] /i de::addPoint {13.612 16.555} -context [db::getNext [de::getContexts -window 32]]
[02:03:17.53] /# gi::executeAction deAbortCommand -in [gi::getWindows 32]
[02:03:17.53] /i de::abortCommand -context [db::getNext [de::getContexts -window 32]]
[02:03:18.57] /# gi::executeAction deSelectActive -in [gi::getWindows 32]
[02:03:18.57] /i de::deselectAll [db::getNext [de::getContexts -window 32]]
[02:03:18.57] /i de::select [de::getActiveFigure [gi::getWindows 32] -point {13.612 16.555} -index 0 -intent none]
[02:03:18.57] /o oa:0x1f554950
[02:03:19.09] /# gi::executeAction leDelete -in [gi::getWindows 32]
[02:03:19.09] /i ile::delete
[02:03:19.57] /i gi::executeAction deCanvasDragCancel -in [gi::getWindows 32]
[02:03:19.82] /# gi::executeAction deFitView -in [gi::getWindows 32]
[02:03:19.82] /i de::fit -window 32 -fitView true
[02:03:19.82] /o {6.361 11.655} {17.704 17.655}
[02:03:20.29] /# gi::executeAction deCanvasZoomInAtPoint -in [gi::getWindows 32]
[02:03:20.29] /i de::zoom -window [gi::getWindows 32] -factor 2.0 -center {12.968 12.861}
[02:03:20.29] /o {9.665 12.258} {15.336 15.258}
[02:03:20.37] /# gi::executeAction deCanvasZoomInAtPoint -in [gi::getWindows 32]
[02:03:20.37] /i de::zoom -window [gi::getWindows 32] -factor 2.0 -center {13.004 12.926}
[02:03:20.37] /o {11.334 12.592} {14.17 14.092}
[02:03:20.85] /# gi::executeAction deCanvasZoomOutAtPoint -in [gi::getWindows 32]
[02:03:20.85] /i de::zoom -window [gi::getWindows 32] -factor 0.5 -center {12.796 13.675}
[02:03:20.85] /o {9.873 11.509} {15.544 14.509}
[02:03:20.86] /# gi::executeAction deFitView -in [gi::getWindows 32]
[02:03:20.86] /i de::fit -window 32 -fitView true
[02:03:20.86] /o {6.361 11.655} {17.704 17.655}
[02:03:21.43] /# gi::executeAction deCanvasZoomInAtPoint -in [gi::getWindows 32]
[02:03:21.43] /i de::zoom -window [gi::getWindows 32] -factor 2.0 -center {13.256 14.709}
[02:03:21.43] /o {9.809 13.182} {15.48 16.182}
[02:03:21.52] /# gi::executeAction deCanvasZoomInAtPoint -in [gi::getWindows 32]
[02:03:21.52] /i de::zoom -window [gi::getWindows 32] -factor 2.0 -center {13.209 14.662}
[02:03:21.52] /o {11.509 13.922} {14.344 15.422}
[02:03:21.99] /# gi::executeAction deSelectActive -in [gi::getWindows 32]
[02:03:21.99] /i de::deselectAll [db::getNext [de::getContexts -window 32]]
[02:03:21.99] /i de::select [de::getActiveFigure [gi::getWindows 32] -point {12.983 14.559} -index 0 -intent none]
[02:03:21.99] /o oa:0x2068a030
[02:03:22.39] /# gi::executeAction deSelectActive -in [gi::getWindows 32]
[02:03:22.39] /i de::cycleActiveFigure [gi::getWindows 32] -direction next
[02:03:22.39] /o oa:0x225656a0
[02:03:22.89] /# gi::executeAction deSelectActive -in [gi::getWindows 32]
[02:03:22.89] /i de::cycleActiveFigure [gi::getWindows 32] -direction next
[02:03:22.89] /o oa:0x1d322030
[02:03:23.28] /# gi::executeAction deSelectActive -in [gi::getWindows 32]
[02:03:23.28] /i de::cycleActiveFigure [gi::getWindows 32] -direction next
[02:03:23.28] /o oa:0x1f2fcb90
[02:03:23.63] /# gi::executeAction deSelectActive -in [gi::getWindows 32]
[02:03:23.63] /i de::deselectAll [db::getNext [de::getContexts -window 32]]
[02:03:23.63] /i de::deselectAllLogic -context [db::getNext [de::getContexts -window 32]]
[02:03:24.99] /# gi::executeAction leStretch -in [gi::getWindows 32]
[02:03:24.99] /i ile::stretch
[02:03:25.82] /# gi::executeAction leVia -in [gi::getWindows 32]
[02:03:25.82] /i ile::createVia
[02:03:25.84] /o oa:0x1ede08c0
[02:03:26.41] /# gi::executeAction deAddPoint -in [gi::getWindows 32]
[02:03:26.41] /i de::addPoint {12.686 14.408} -context [db::getNext [de::getContexts -window 32]]
[02:03:26.47] /# gi::executeAction deAbortCommand -in [gi::getWindows 32]
[02:03:26.47] /i de::abortCommand -context [db::getNext [de::getContexts -window 32]]
[02:04:33.00] /# gi::executeAction deCanvasZoomOutAtPoint -in [gi::getWindows 32]
[02:04:33.00] /i de::zoom -window [gi::getWindows 32] -factor 0.5 -center {12.843 14.621}
[02:04:33.01] /o {10.175 13.223} {15.846 16.223}
[02:04:33.09] /# gi::executeAction deCanvasZoomOutAtPoint -in [gi::getWindows 32]
[02:04:33.09] /i de::zoom -window [gi::getWindows 32] -factor 0.5 -center {12.842 14.62}
[02:04:33.09] /o {7.507 11.826} {18.85 17.826}
[02:04:48.88] /i gi::setActiveWindow 2
[02:04:48.88] /i gi::setActiveWindow 2 -raise true
[02:04:52.67] /i gi::setCurrentIndex {cells} -index {NAND2_2} -in [gi::getWindows 2]
[02:04:52.68] /i gi::setItemSelection {cells} -index {NAND2_2} -in [gi::getWindows 2]
[02:04:53.27] /i gi::setCurrentIndex {cells} -index {full_adder} -in [gi::getWindows 2]
[02:04:53.27] /i gi::setItemSelection {cells} -index {full_adder} -in [gi::getWindows 2]
[02:04:54.48] /i gi::setCurrentIndex {views} -index {symbol} -in [gi::getWindows 2]
[02:04:54.48] /i gi::setItemSelection {views} -index {symbol} -in [gi::getWindows 2]
[02:04:55.00] /i gi::setCurrentIndex {views} -index {schematic} -in [gi::getWindows 2]
[02:04:55.00] /i gi::setItemSelection {views} -index {schematic} -in [gi::getWindows 2]
[02:04:55.63] /i gi::executeAction dmOpen -in [gi::getWindows 2]
[02:04:55.67] /r giWindowId 33
[02:04:55.67] /r giWindowGeometry 1632x1020
[02:04:55.79] /o "inverter/full_adder/schematic" design does not need checking
[02:05:31.93] /# gi::executeAction deSelectActive -in [gi::getWindows 33]
[02:05:31.93] /i de::deselectAll [db::getNext [de::getContexts -window 33]]
[02:05:31.93] /i de::select [de::getActiveFigure [gi::getWindows 33] -point {7.025 9.35625} -index 0 -intent none]
[02:05:31.93] /o oa:0x208af090
[02:05:32.50] /# gi::executeAction deSelectActive -in [gi::getWindows 33]
[02:05:32.50] /i de::cycleActiveFigure [gi::getWindows 33] -direction next
[02:05:32.50] /o oa:0x1ec3d050
[02:05:32.64] /# gi::executeAction deDescend -in [gi::getWindows 33]
[02:05:32.64] /i ide::descend 33 -inPlace false -promptView false -readOnly auto
[02:05:32.65] /# Navigating to inverter/NAND2_2/schematic (I9)
[02:05:32.68] /o true
[02:05:35.04] /i gi::executeAction giCloseWindow -in [gi::getWindows 33]
[02:05:35.06] /i gi::setActiveWindow 2
[02:05:35.06] /i gi::setActiveWindow 2 -raise true
[02:05:37.38] /i gi::setCurrentIndex {cells} -index {NAND2_tb_2} -in [gi::getWindows 2]
[02:05:37.38] /i gi::setItemSelection {cells} -index {NAND2_tb_2} -in [gi::getWindows 2]
[02:05:38.73] /i gi::setCurrentIndex {cells} -index {full_adder} -in [gi::getWindows 2]
[02:05:38.74] /i gi::setItemSelection {cells} -index {full_adder} -in [gi::getWindows 2]
[02:05:48.71] /i gi::setCurrentIndex {cells} -index {NAND2_2} -in [gi::getWindows 2]
[02:05:48.71] /i gi::setItemSelection {cells} -index {NAND2_2} -in [gi::getWindows 2]
[02:05:50.50] /i gi::setCurrentIndex {views} -index {symbol} -in [gi::getWindows 2]
[02:05:50.50] /i gi::setItemSelection {views} -index {symbol} -in [gi::getWindows 2]
[02:05:50.92] /i gi::setCurrentIndex {views} -index {starrc} -in [gi::getWindows 2]
[02:05:50.92] /i gi::setItemSelection {views} -index {starrc} -in [gi::getWindows 2]
[02:05:51.69] /i gi::executeAction dmOpen -in [gi::getWindows 2]
[02:05:51.75] /r giWindowId 34
[02:05:51.75] /r giWindowGeometry 1632x1020
[02:05:51.77] /# de::setActiveLPP [de::getLPPs "exclude blockage" -from [db::getAttr editDesign -of [de::getContexts -window 34]]]
[02:05:52.74] /# gi::executeAction deCanvasZoomInAtPoint -in [gi::getWindows 34]
[02:05:52.74] /i de::zoom -window [gi::getWindows 34] -factor 2.0 -center {2.011 3.277}
[02:05:52.74] /o {0.171 1.899} {3.663 3.746}
[02:05:53.01] /# gi::executeAction deCanvasZoomInAtPoint -in [gi::getWindows 34]
[02:05:53.01] /i de::zoom -window [gi::getWindows 34] -factor 2.0 -center {2.011 3.27}
[02:05:53.01] /o {1.091 2.584} {2.837 3.508}
[02:05:53.35] /# gi::executeAction deCanvasZoomOutAtPoint -in [gi::getWindows 34]
[02:05:53.35] /i de::zoom -window [gi::getWindows 34] -factor 0.5 -center {2.011 3.267}
[02:05:53.35] /o {0.171 1.902} {3.663 3.749}
[02:05:53.40] /# gi::executeAction deCanvasZoomOutAtPoint -in [gi::getWindows 34]
[02:05:53.40] /i de::zoom -window [gi::getWindows 34] -factor 0.5 -center {2.013 3.26}
[02:05:53.40] /o {-1.672 0.543} {5.313 4.238}
[02:05:54.93] /i gi::executeAction giCloseWindow -in [gi::getWindows 34]
[02:05:54.97] /i gi::setActiveWindow 2
[02:05:54.97] /i gi::setActiveWindow 2 -raise true
[02:06:25.45] /i gi::setCurrentIndex {cells} -index {full_adder} -in [gi::getWindows 2]
[02:06:25.45] /i gi::setItemSelection {cells} -index {full_adder} -in [gi::getWindows 2]
[02:06:26.04] /i gi::setCurrentIndex {cells} -index {tb_full_adder_2bit} -in [gi::getWindows 2]
[02:06:26.04] /i gi::setItemSelection {cells} -index {tb_full_adder_2bit} -in [gi::getWindows 2]
[02:06:26.54] /i gi::setCurrentIndex {cells} -index {full_adder} -in [gi::getWindows 2]
[02:06:26.54] /i gi::setItemSelection {cells} -index {full_adder} -in [gi::getWindows 2]
[02:06:27.96] /i gi::setCurrentIndex {views} -index {schematic} -in [gi::getWindows 2]
[02:06:27.96] /i gi::setItemSelection {views} -index {schematic} -in [gi::getWindows 2]
[02:06:30.49] /i gi::setCurrentIndex {cells} -index {Final} -in [gi::getWindows 2]
[02:06:30.49] /i gi::setItemSelection {cells} -index {Final} -in [gi::getWindows 2]
[02:06:31.26] /i gi::setCurrentIndex {views} -index {schematic} -in [gi::getWindows 2]
[02:06:31.26] /i gi::setItemSelection {views} -index {schematic} -in [gi::getWindows 2]
[02:06:32.20] /i gi::setItemSelection {views} -index {} -in [gi::getWindows 2]
[02:06:32.55] /i gi::setCurrentIndex {views} -index {symbol} -in [gi::getWindows 2]
[02:06:32.55] /i gi::setItemSelection {views} -index {symbol} -in [gi::getWindows 2]
[02:06:33.00] /i gi::setCurrentIndex {views} -index {layout} -in [gi::getWindows 2]
[02:06:33.00] /i gi::setItemSelection {views} -index {layout} -in [gi::getWindows 2]
[02:06:36.81] /i gi::executeAction dmOpen -in [gi::getWindows 2]
[02:06:36.84] /r giWindowId 35
[02:06:36.84] /r giWindowGeometry 1632x1020
[02:06:36.86] /# de::setActiveLPP [de::getLPPs "exclude blockage" -from [db::getAttr editDesign -of [de::getContexts -window 35]]]
[02:06:38.51] /i gi::setActiveWindow 2
[02:06:38.51] /i gi::setActiveWindow 2 -raise true
[02:06:39.25] /i gi::setCurrentIndex {cells} -index {full_adder} -in [gi::getWindows 2]
[02:06:39.25] /i gi::setItemSelection {cells} -index {full_adder} -in [gi::getWindows 2]
[02:06:39.82] /i gi::setCurrentIndex {views} -index {schematic} -in [gi::getWindows 2]
[02:06:39.82] /i gi::setItemSelection {views} -index {schematic} -in [gi::getWindows 2]
[02:06:40.51] /i gi::executeAction dmOpen -in [gi::getWindows 2]
[02:06:40.53] /r giWindowId 36
[02:06:40.53] /r giWindowGeometry 1632x1020
[02:06:40.66] /o "inverter/full_adder/schematic" design does not need checking
[02:06:41.73] /# gi::executeAction deSelectActive -in [gi::getWindows 36]
[02:06:41.73] /i de::deselectAll [db::getNext [de::getContexts -window 36]]
[02:06:41.73] /i de::select [de::getActiveFigure [gi::getWindows 36] -point {7.425 9.4} -index 0 -intent none]
[02:06:41.73] /o oa:0x178ed830
[02:06:42.78] /# gi::executeAction seDelete -in [gi::getWindows 36]
[02:06:42.78] /i ise::delete
[02:06:43.39] /# gi::executeAction deSelectActive -in [gi::getWindows 36]
[02:06:43.39] /i de::deselectAll [db::getNext [de::getContexts -window 36]]
[02:06:43.39] /i de::select [de::getActiveFigure [gi::getWindows 36] -point {4.43125 7.625} -index 0 -intent none]
[02:06:43.39] /o oa:0x20ce3a40
[02:06:43.44] /# gi::executeAction seDelete -in [gi::getWindows 36]
[02:06:43.44] /i ise::delete
[02:06:43.98] /# gi::executeAction deSelectActive -in [gi::getWindows 36]
[02:06:43.98] /i de::deselectAll [db::getNext [de::getContexts -window 36]]
[02:06:43.98] /i de::select [de::getActiveFigure [gi::getWindows 36] -point {7.1875 5.8} -index 0 -intent none]
[02:06:43.98] /o oa:0x1ec73df0
[02:06:44.03] /# gi::executeAction seDelete -in [gi::getWindows 36]
[02:06:44.03] /i ise::delete
[02:06:44.46] /# gi::executeAction deSelectActive -in [gi::getWindows 36]
[02:06:44.46] /i de::deselectAll [db::getNext [de::getContexts -window 36]]
[02:06:44.46] /i de::select [de::getActiveFigure [gi::getWindows 36] -point {10.4 7.53125} -index 0 -intent none]
[02:06:44.46] /o oa:0x215e9510
[02:06:44.51] /# gi::executeAction seDelete -in [gi::getWindows 36]
[02:06:44.51] /i ise::delete
[02:06:45.01] /# gi::executeAction deSelectActive -in [gi::getWindows 36]
[02:06:45.01] /i de::deselectAll [db::getNext [de::getContexts -window 36]]
[02:06:45.01] /i de::select [de::getActiveFigure [gi::getWindows 36] -point {12.75625 6.06875} -index 0 -intent none]
[02:06:45.01] /o oa:0x216699a0
[02:06:45.13] /# gi::executeAction seDelete -in [gi::getWindows 36]
[02:06:45.13] /i ise::delete
[02:06:45.73] /# gi::executeAction deSelectActive -in [gi::getWindows 36]
[02:06:45.73] /i de::deselectAll [db::getNext [de::getContexts -window 36]]
[02:06:45.73] /i de::select [de::getActiveFigure [gi::getWindows 36] -point {16.03125 7.90625} -index 0 -intent none]
[02:06:45.73] /o oa:0x1e571b40
[02:06:45.86] /# gi::executeAction seDelete -in [gi::getWindows 36]
[02:06:45.86] /i ise::delete
[02:06:46.38] /# gi::executeAction deSelectActive -in [gi::getWindows 36]
[02:06:46.38] /i de::deselectAll [db::getNext [de::getContexts -window 36]]
[02:06:46.38] /i de::select [de::getActiveFigure [gi::getWindows 36] -point {16.075 4.48125} -index 0 -intent none]
[02:06:46.38] /o oa:0x202b67d0
[02:06:46.46] /# gi::executeAction seDelete -in [gi::getWindows 36]
[02:06:46.46] /i ise::delete
[02:06:46.96] /# gi::executeAction deSelectActive -in [gi::getWindows 36]
[02:06:46.96] /i de::deselectAll [db::getNext [de::getContexts -window 36]]
[02:06:46.96] /i de::select [de::getActiveFigure [gi::getWindows 36] -point {19.2 6.6875} -index 0 -intent none]
[02:06:46.97] /o oa:0x1ec99f30
[02:06:47.05] /# gi::executeAction seDelete -in [gi::getWindows 36]
[02:06:47.05] /i ise::delete
[02:06:47.47] /# gi::executeAction deSelectActive -in [gi::getWindows 36]
[02:06:47.47] /i de::deselectAll [db::getNext [de::getContexts -window 36]]
[02:06:47.47] /i de::select [de::getActiveFigure [gi::getWindows 36] -point {19.33125 3.90625} -index 0 -intent none]
[02:06:47.47] /o oa:0x22399650
[02:06:47.54] /# gi::executeAction seDelete -in [gi::getWindows 36]
[02:06:47.54] /i ise::delete
[02:06:50.27] /i gi::setActiveWindow 35
[02:06:50.27] /i gi::setActiveWindow 35 -raise true
[02:06:51.03] /i gi::setActiveWindow 36
[02:06:51.03] /i gi::setActiveWindow 36 -raise true
[02:06:51.47] /i gi::setActiveWindow 2
[02:06:51.47] /i gi::setActiveWindow 2 -raise true
[02:06:53.89] /i gi::setCurrentIndex {cells} -index {NAND2_tb} -in [gi::getWindows 2]
[02:06:53.89] /i gi::setItemSelection {cells} -index {NAND2_tb} -in [gi::getWindows 2]
[02:06:54.33] /i gi::setCurrentIndex {cells} -index {NAND2_2} -in [gi::getWindows 2]
[02:06:54.34] /i gi::setItemSelection {cells} -index {NAND2_2} -in [gi::getWindows 2]
[02:06:55.63] /i gi::setCurrentIndex {views} -index {schematic} -in [gi::getWindows 2]
[02:06:55.63] /i gi::setItemSelection {views} -index {schematic} -in [gi::getWindows 2]
[02:06:56.45] /i gi::executeAction dmOpen -in [gi::getWindows 2]
[02:06:56.46] /r giWindowId 37
[02:06:56.47] /r giWindowGeometry 1632x1020
[02:06:56.59] /o "inverter/NAND2_2/schematic" design does not need checking
[02:06:57.54] /i gi::executeAction deCanvasDragSelect -in [gi::getWindows 37]
[02:06:57.54] /r deCanvasDragStart 1.275 4.575
[02:06:58.45] /# gi::executeAction deCanvasDragEnd -in [gi::getWindows 37]
[02:06:58.45] /i gi::executeAction deCanvasDragEnd -in [gi::getWindows 37]
[02:06:58.45] /r deCanvasDragEnd 7.00625 0.09375
[02:06:59.27] /# gi::executeAction seCopy -in [gi::getWindows 37]
[02:06:59.27] /i ise::copy
[02:06:59.45] /# gi::executeAction deAddPoint -in [gi::getWindows 37]
[02:06:59.45] /i de::addPoint {4.775 2.175} -context [db::getNext [de::getContexts -window 37]]
[02:07:00.93] /i gi::setActiveWindow 35
[02:07:00.93] /i gi::setActiveWindow 35 -raise true
[02:07:02.60] /i gi::setActiveWindow 36 -raise true
[02:07:02.60] /i gi::setActiveWindow 36 -raise true
[02:07:03.98] /# gi::executeAction deCanvasZoomOutAtPoint -in [gi::getWindows 36]
[02:07:03.98] /i de::zoom -window [gi::getWindows 36] -factor 0.5 -center {13.1 10.7}
[02:07:03.98] /o {-15.425 -13.16875} {31.1 15.26875}
[02:07:04.28] /# gi::executeAction deFitEdit -in [gi::getWindows 36]
[02:07:04.28] /i de::fit -window 36 -fitEdit true
[02:07:04.28] /o {-1.1625 -1.35625} {22.1 12.85625}
[02:07:04.94] /# gi::executeAction deCanvasZoomOutAtPoint -in [gi::getWindows 36]
[02:07:04.94] /i de::zoom -window [gi::getWindows 36] -factor 0.5 -center {12.7125 10.84375}
[02:07:04.94] /o {-15.0375 -13.5625} {31.4875 14.875}
[02:07:05.20] /# gi::executeAction deCanvasZoomOutAtPoint -in [gi::getWindows 36]
[02:07:05.20] /i de::zoom -window [gi::getWindows 36] -factor 0.5 -center {13.15625 11.6125}
[02:07:05.21] /o {-43.23125 -38.73125} {49.81875 18.13125}
[02:07:05.67] /# gi::executeAction deCanvasZoomInAtPoint -in [gi::getWindows 36]
[02:07:05.67] /i de::zoom -window [gi::getWindows 36] -factor 2.0 -center {12.03125 13.925}
[02:07:05.67] /o {-15.6 -12.40625} {30.925 16.03125}
[02:07:05.81] /# gi::executeAction deCanvasZoomInAtPoint -in [gi::getWindows 36]
[02:07:05.81] /i de::zoom -window [gi::getWindows 36] -factor 2.0 -center {11.7625 13.95625}
[02:07:05.81] /o {-1.91875 0.775} {21.34375 14.99375}
[02:07:09.11] /# gi::executeAction deAddPoint -in [gi::getWindows 36]
[02:07:09.11] /i de::addPoint {6.34375 12.60625} -context [db::getNext [de::getContexts -window 36]]
[02:07:10.79] /# gi::executeAction deCanvasZoomOutAtPoint -in [gi::getWindows 36]
[02:07:10.79] /i de::zoom -window [gi::getWindows 36] -factor 0.5 -center {6.18125 10.11875}
[02:07:10.79] /o {-10.01875 -8.56875} {36.50625 19.86875}
[02:07:12.11] /i gi::executeAction deCanvasDragSelect -in [gi::getWindows 36]
[02:07:12.11] /r deCanvasDragStart 0.10625 10.3
[02:07:12.68] /# gi::executeAction deCanvasDragEnd -in [gi::getWindows 36]
[02:07:12.68] /i gi::executeAction deCanvasDragEnd -in [gi::getWindows 36]
[02:07:12.69] /r deCanvasDragEnd 25.8188 0.2625
[02:07:14.84] /# gi::executeAction deSelectActive -in [gi::getWindows 36]
[02:07:14.84] /i de::deselectAll [db::getNext [de::getContexts -window 36]]
[02:07:14.84] /i de::deselectAllLogic -context [db::getNext [de::getContexts -window 36]]
[02:07:15.26] /i gi::executeAction deCanvasDragCancel -in [gi::getWindows 36]
[02:07:15.63] /# gi::executeAction deSelectActive -in [gi::getWindows 36]
[02:07:15.63] /i de::deselectAllLogic -context [db::getNext [de::getContexts -window 36]]
[02:07:16.16] /# gi::executeAction deSelectActive -in [gi::getWindows 36]
[02:07:16.16] /i de::deselectAll [db::getNext [de::getContexts -window 36]]
[02:07:16.16] /i de::select [de::getActiveFigure [gi::getWindows 36] -point {3.75 9.35} -index 0 -intent none]
[02:07:16.16] /o oa:0x215878a0
[02:07:17.24] /# gi::executeAction deCanvasZoomInAtPoint -in [gi::getWindows 36]
[02:07:17.24] /i de::zoom -window [gi::getWindows 36] -factor 2.0 -center {-0.75 9.4125}
[02:07:17.24] /o {-5.3875 0.425} {17.88125 14.6375}
[02:07:17.55] /# gi::executeAction deCanvasZoomInAtPoint -in [gi::getWindows 36]
[02:07:17.55] /i de::zoom -window [gi::getWindows 36] -factor 2.0 -center {-0.70625 9.36875}
[02:07:17.55] /o {-3.04375 4.89375} {8.5875 12.00625}
[02:07:21.13] /# gi::executeAction deSelectActive -in [gi::getWindows 36]
[02:07:21.14] /i de::deselectAll [db::getNext [de::getContexts -window 36]]
[02:07:21.14] /i de::select [de::getActiveFigure [gi::getWindows 36] -point {1.98125 8.9875} -index 0 -intent none]
[02:07:21.14] /o oa:0x205339a0
[02:07:23.23] /# gi::executeAction deSelectActive -in [gi::getWindows 36]
[02:07:23.23] /i de::deselectAll [db::getNext [de::getContexts -window 36]]
[02:07:23.23] /i de::select [de::getActiveFigure [gi::getWindows 36] -point {1.50625 7.79375} -index 0 -intent none]
[02:07:23.23] /o oa:0x21392d90
[02:07:23.70] /# gi::executeAction seButton1DragStart -in [gi::getWindows 36]
[02:07:23.70] /i ise::stretch -point {1.5625 7.8125}
[02:07:24.75] /# gi::executeAction deEndDrag -in [gi::getWindows 36]
[02:07:24.75] /i de::endDrag {-0.30625 11.64375} -context [db::getNext [de::getContexts -window 36]]
[02:07:25.06] /# gi::executeAction deCanvasZoomInAtPoint -in [gi::getWindows 36]
[02:07:25.06] /i de::zoom -window [gi::getWindows 36] -factor 2.0 -center {1.21875 11.14375}
[02:07:25.06] /o {-0.9125 8.01875} {4.9 11.575}
[02:07:25.35] /# gi::executeAction deCanvasZoomOutAtPoint -in [gi::getWindows 36]
[02:07:25.35] /i de::zoom -window [gi::getWindows 36] -factor 0.5 -center {1.325 10.8125}
[02:07:25.35] /o {-3.15 5.225} {8.48125 12.3375}
[02:07:25.47] /# gi::executeAction deFitEdit -in [gi::getWindows 36]
[02:07:25.47] /i de::fit -window 36 -fitEdit true
[02:07:25.48] /o {-1.7375 1.20625} {22.13125 15.79375}
[02:07:25.48] /# gi::executeAction deDeselectByPoint -in [gi::getWindows 36]
[02:07:25.48] /i ide::selectByRegion -region point -select false
[02:07:26.13] /# gi::executeAction deCanvasZoomInAtPoint -in [gi::getWindows 36]
[02:07:26.13] /i de::zoom -window [gi::getWindows 36] -factor 2.0 -center {2.81875 13.85}
[02:07:26.14] /o {0.54375 7.53125} {12.475 14.81875}
[02:07:26.24] /# gi::executeAction deCanvasZoomInAtPoint -in [gi::getWindows 36]
[02:07:26.24] /i de::zoom -window [gi::getWindows 36] -factor 2.0 -center {2.8 13.80625}
[02:07:26.24] /o {1.66875 10.66875} {7.6375 14.3125}
[02:07:27.00] /# gi::executeAction deAddPoint -in [gi::getWindows 36]
[02:07:27.00] /i de::addPoint {3.95625 12.7125} -context [db::getNext [de::getContexts -window 36]]
[02:07:27.47] /# gi::executeAction seDelete -in [gi::getWindows 36]
[02:07:27.47] /i ise::delete
[02:07:28.41] /# gi::executeAction deSelectActive -in [gi::getWindows 36]
[02:07:28.41] /i de::deselectAll [db::getNext [de::getContexts -window 36]]
[02:07:28.41] /i de::select [de::getActiveFigure [gi::getWindows 36] -point {3.94375 11.58125} -index 0 -intent none]
[02:07:28.41] /o oa:0x1b6f5fa0
[02:07:28.49] /# gi::executeAction seDelete -in [gi::getWindows 36]
[02:07:28.49] /i ise::delete
[02:07:29.10] /# gi::executeAction deSelectActive -in [gi::getWindows 36]
[02:07:29.11] /i de::deselectAll [db::getNext [de::getContexts -window 36]]
[02:07:29.11] /i de::select [de::getActiveFigure [gi::getWindows 36] -point {3.93125 12.7625} -index 0 -intent none]
[02:07:29.11] /o oa:0x1b6cda10
[02:07:29.11] /# gi::executeAction seDelete -in [gi::getWindows 36]
[02:07:29.11] /i ise::delete
[02:07:29.53] /# gi::executeAction deCanvasZoomOutAtPoint -in [gi::getWindows 36]
[02:07:29.53] /i de::zoom -window [gi::getWindows 36] -factor 0.5 -center {5.375 12.80625}
[02:07:29.53] /o {-2.03125 8.53125} {9.9 15.81875}
[02:07:30.42] /# gi::executeAction deSelectActive -in [gi::getWindows 36]
[02:07:30.42] /i de::deselectAll [db::getNext [de::getContexts -window 36]]
[02:07:30.42] /i de::select [de::getActiveFigure [gi::getWindows 36] -point {7.40625 13.1625} -index 0 -intent none]
[02:07:30.42] /o oa:0x21391d10
[02:07:30.47] /# gi::executeAction seDelete -in [gi::getWindows 36]
[02:07:30.47] /i ise::delete
[02:07:31.05] /# gi::executeAction deCanvasZoomOutAtPoint -in [gi::getWindows 36]
[02:07:31.05] /i de::zoom -window [gi::getWindows 36] -factor 0.5 -center {1.91875 10.3625}
[02:07:31.05] /o {-5.9875 6.69375} {17.88125 21.28125}
[02:07:31.99] /# gi::executeAction deSelectActive -in [gi::getWindows 36]
[02:07:31.99] /i de::deselectAllLogic -context [db::getNext [de::getContexts -window 36]]
[02:07:32.38] /# gi::executeAction deSelectActive -in [gi::getWindows 36]
[02:07:32.38] /i de::deselectAll [db::getNext [de::getContexts -window 36]]
[02:07:32.38] /i de::select [de::getActiveFigure [gi::getWindows 36] -point {2.00625 8.80625} -index 0 -intent none]
[02:07:32.38] /o oa:0x205cb770
[02:07:33.03] /# gi::executeAction seDelete -in [gi::getWindows 36]
[02:07:33.03] /i ise::delete
[02:07:34.52] /i gi::executeAction deCanvasDragSelect -in [gi::getWindows 36]
[02:07:34.52] /r deCanvasDragStart 3.76875 9.2625
[02:07:34.99] /# gi::executeAction deCanvasDragEnd -in [gi::getWindows 36]
[02:07:34.99] /i gi::executeAction deCanvasDragEnd -in [gi::getWindows 36]
[02:07:34.99] /r deCanvasDragEnd 4.0125 10.9062
[02:07:35.22] /i gi::executeAction deCanvasDragCancel -in [gi::getWindows 36]
[02:07:39.66] /# gi::executeAction seSchCreateSchematicPin -in [gi::getWindows 36]
[02:07:39.66] /i ise::createSchematicPin
[02:07:40.99] /i gi::executeAction deObjectActivation -in [gi::getWindows 36]
[02:07:41.32] /# gi::executeAction deSelectByRectangle -in [gi::getWindows 36]
[02:07:41.32] /i ide::selectByRegion -region rectangle -select true
[02:07:41.46] /i gi::executeAction deObjectActivation -in [gi::getWindows 36]
[02:07:42.00] /# gi::executeAction deCanvasZoomInAtPoint -in [gi::getWindows 36]
[02:07:42.00] /i de::zoom -window [gi::getWindows 36] -factor 2.0 -center {-0.55 13.38125}
[02:07:42.00] /o {-3.26875 10.0375} {8.6625 17.33125}
[02:07:42.07] /# gi::executeAction deCanvasZoomInAtPoint -in [gi::getWindows 36]
[02:07:42.07] /i de::zoom -window [gi::getWindows 36] -factor 2.0 -center {-0.375 13.2375}
[02:07:42.07] /o {-1.81875 11.6375} {4.14375 15.28125}
[02:07:43.92] /# gi::executeAction seSchCreateSchematicPin -in [gi::getWindows 36]
[02:07:43.92] /i ise::createSchematicPin
[02:07:45.29] /i gi::executeAction deObjectActivation -in [gi::getWindows 36]
[02:07:45.55] /i gi::setField {schematicPinName} -value {A} -in [gi::getToolbars {deCommandOptions} -from [gi::getWindows 36]]
[02:07:45.55] /i gi::executeAction deObjectActivation -in [gi::getWindows 36]
[02:07:45.86] /# gi::executeAction deCanvasZoomOutAtPoint -in [gi::getWindows 36]
[02:07:45.86] /i de::zoom -window [gi::getWindows 36] -factor 0.5 -center {0.55 12.2625}
[02:07:45.86] /o {-4.19375 11.0125} {7.7375 18.30625}
[02:07:45.91] /# gi::executeAction deCanvasZoomOutAtPoint -in [gi::getWindows 36]
[02:07:45.91] /i de::zoom -window [gi::getWindows 36] -factor 0.5 -center {1.31875 12.18125}
[02:07:45.91] /o {-9.70625 9.84375} {14.1625 24.43125}
[02:07:46.24] /# gi::executeAction deFitEdit -in [gi::getWindows 36]
[02:07:46.24] /i de::fit -window 36 -fitEdit true
[02:07:46.24] /o {-1.49375 1.2875} {22.11875 15.7125}
[02:07:47.26] /# gi::executeAction deCanvasZoomInAtPoint -in [gi::getWindows 36]
[02:07:47.26] /i de::zoom -window [gi::getWindows 36] -factor 2.0 -center {0.775 13.4875}
[02:07:47.26] /o {-0.35625 7.3875} {11.44375 14.6}
[02:07:58.17] /# gi::executeAction deAddPoint -in [gi::getWindows 36]
[02:07:58.17] /i de::addPoint {2.10625 12.74375} -context [db::getNext [de::getContexts -window 36]]
[02:07:58.80] /i gi::setField {schematicPinName} -value {} -in [gi::getToolbars {deCommandOptions} -from [gi::getWindows 36]]
[02:08:00.66] /# gi::executeAction deCanvasZoomOutAtPoint -in [gi::getWindows 36]
[02:08:00.66] /i de::zoom -window [gi::getWindows 36] -factor 0.5 -center {1.95 12.15}
[02:08:00.66] /o {-2.66875 2.625} {20.94375 17.05}
[02:08:01.27] /# gi::executeAction deAbortCommand -in [gi::getWindows 36]
[02:08:01.27] /i de::abortCommand -context [db::getNext [de::getContexts -window 36]]
[02:08:01.86] /i gi::executeAction deCanvasDragSelect -in [gi::getWindows 36]
[02:08:01.86] /r deCanvasDragStart 1.04375 7.78125
[02:08:02.15] /# gi::executeAction deCanvasDragEnd -in [gi::getWindows 36]
[02:08:02.15] /i gi::executeAction deCanvasDragEnd -in [gi::getWindows 36]
[02:08:02.16] /r deCanvasDragEnd 3.28125 6.3375
[02:08:03.47] /# gi::executeAction deSelectActive -in [gi::getWindows 36]
[02:08:03.47] /i de::deselectAll [db::getNext [de::getContexts -window 36]]
[02:08:03.47] /i de::select [de::getActiveFigure [gi::getWindows 36] -point {1.5875 7.28125} -index 0 -intent none]
[02:08:03.47] /o oa:0x2130be90
[02:08:04.30] /i gi::executeAction deCanvasDragSelect -in [gi::getWindows 36]
[02:08:04.30] /r deCanvasDragStart 1.11875 7.6125
[02:08:04.51] /# gi::executeAction deCanvasDragEnd -in [gi::getWindows 36]
[02:08:04.51] /i gi::executeAction deCanvasDragEnd -in [gi::getWindows 36]
[02:08:04.51] /r deCanvasDragEnd 4.0625 6.2
[02:08:05.44] /# gi::executeAction seCopy -in [gi::getWindows 36]
[02:08:05.44] /i ise::copy
[02:08:06.00] /# gi::executeAction deAbortCommand -in [gi::getWindows 36]
[02:08:06.00] /i de::abortCommand -context [db::getNext [de::getContexts -window 36]]
[02:08:06.07] /# gi::executeAction deSelectActive -in [gi::getWindows 36]
[02:08:06.07] /i de::deselectAll [db::getNext [de::getContexts -window 36]]
[02:08:06.07] /i de::select [de::getActiveFigure [gi::getWindows 36] -point {2.0375 7.3} -index 0 -intent none]
[02:08:06.08] /o oa:0x224f7d10
[02:08:06.59] /i gi::executeAction deCanvasDragSelect -in [gi::getWindows 36]
[02:08:06.59] /r deCanvasDragStart 0.775 7.6
[02:08:06.86] /# gi::executeAction deCanvasDragEnd -in [gi::getWindows 36]
[02:08:06.86] /i gi::executeAction deCanvasDragEnd -in [gi::getWindows 36]
[02:08:06.87] /r deCanvasDragEnd 3.7375 6.69375
[02:08:07.76] /# gi::executeAction seStretch -in [gi::getWindows 36]
[02:08:07.76] /i ise::stretch
[02:08:07.94] /# gi::executeAction deAddPoint -in [gi::getWindows 36]
[02:08:07.94] /i de::addPoint {2.44375 7.325} -context [db::getNext [de::getContexts -window 36]]
[02:08:09.08] /# gi::executeAction deAddPoint -in [gi::getWindows 36]
[02:08:09.08] /i de::addPoint {1.84375 12.01875} -context [db::getNext [de::getContexts -window 36]]
[02:08:09.33] /i gi::executeAction deCanvasDragCancel -in [gi::getWindows 36]
[02:08:10.00] /# gi::executeAction deSelectActive -in [gi::getWindows 36]
[02:08:10.00] /i de::deselectAll [db::getNext [de::getContexts -window 36]]
[02:08:10.00] /i de::deselectAllLogic -context [db::getNext [de::getContexts -window 36]]
[02:08:10.64] /# gi::executeAction deSelectActive -in [gi::getWindows 36]
[02:08:10.64] /i de::deselectAll [db::getNext [de::getContexts -window 36]]
[02:08:10.64] /i de::select [de::getActiveFigure [gi::getWindows 36] -point {1.4375 11.21875} -index 0 -intent none]
[02:08:10.64] /o oa:0x210d2b60
[02:08:11.36] /# gi::executeAction seDelete -in [gi::getWindows 36]
[02:08:11.36] /i ise::delete
[02:08:11.54] /# gi::executeAction deSelectActive -in [gi::getWindows 36]
[02:08:11.54] /i de::deselectAllLogic -context [db::getNext [de::getContexts -window 36]]
[02:08:11.78] /# gi::executeAction deSelectActive -in [gi::getWindows 36]
[02:08:11.78] /i de::deselectAllLogic -context [db::getNext [de::getContexts -window 36]]
[02:08:11.82] /# gi::executeAction seDelete -in [gi::getWindows 36]
[02:08:11.82] /i ise::delete
[02:08:11.93] /# gi::executeAction deAddPoint -in [gi::getWindows 36]
[02:08:11.93] /i de::addPoint {1.85625 11.06875} -context [db::getNext [de::getContexts -window 36]]
[02:08:12.09] /# gi::executeAction deCompleteShape -in [gi::getWindows 36]
[02:08:12.09] /i de::completeShape -context [db::getNext [de::getContexts -window 36]]
[02:08:12.09] /# gi::executeAction seDelete -in [gi::getWindows 36]
[02:08:12.09] /i ise::delete
[02:08:12.23] /w Warning: Nothing is bound to the 'Button1-Triple' in the current active set. (WINDOW-015)
[02:08:12.23] /# gi::executeAction seDelete -in [gi::getWindows 36]
[02:08:12.23] /i ise::delete
[02:08:12.37] /# gi::executeAction deAddPoint -in [gi::getWindows 36]
[02:08:12.37] /i de::addPoint {2.2 10.48125} -context [db::getNext [de::getContexts -window 36]]
[02:08:12.52] /# gi::executeAction deCompleteShape -in [gi::getWindows 36]
[02:08:12.52] /i de::completeShape -context [db::getNext [de::getContexts -window 36]]
[02:08:12.83] /# gi::executeAction deAddPoint -in [gi::getWindows 36]
[02:08:12.83] /i de::addPoint {2.7 9.26875} -context [db::getNext [de::getContexts -window 36]]
[02:08:12.88] /# gi::executeAction seDelete -in [gi::getWindows 36]
[02:08:12.88] /i ise::delete
[02:08:13.12] /i de::select [se::getNetComponents [de::getActiveFigure [gi::getWindows 36] -point {2.85 9.36875} -index 0 -intent none] -of branch]
[02:08:13.12] /o oa:0x21dd5f00
[02:08:13.18] /# gi::executeAction seDelete -in [gi::getWindows 36]
[02:08:13.18] /i ise::delete
[02:08:13.26] /# gi::executeAction deAddPoint -in [gi::getWindows 36]
[02:08:13.26] /i de::addPoint {2.85 9.36875} -context [db::getNext [de::getContexts -window 36]]
[02:08:13.40] /# gi::executeAction deCompleteShape -in [gi::getWindows 36]
[02:08:13.40] /i de::completeShape -context [db::getNext [de::getContexts -window 36]]
[02:08:13.40] /# gi::executeAction seDelete -in [gi::getWindows 36]
[02:08:13.40] /i ise::delete
[02:08:13.62] /# gi::executeAction deAddPoint -in [gi::getWindows 36]
[02:08:13.62] /i de::addPoint {2.85 7.15} -context [db::getNext [de::getContexts -window 36]]
[02:08:13.62] /# gi::executeAction seDelete -in [gi::getWindows 36]
[02:08:13.62] /i ise::delete
[02:08:13.75] /# gi::executeAction seDelete -in [gi::getWindows 36]
[02:08:13.75] /i ise::delete
[02:08:13.96] /# gi::executeAction deAddPoint -in [gi::getWindows 36]
[02:08:13.96] /i de::addPoint {3.025 7.825} -context [db::getNext [de::getContexts -window 36]]
[02:08:13.96] /# gi::executeAction seDelete -in [gi::getWindows 36]
[02:08:13.96] /i ise::delete
[02:08:14.10] /# gi::executeAction deCompleteShape -in [gi::getWindows 36]
[02:08:14.10] /i de::completeShape -context [db::getNext [de::getContexts -window 36]]
[02:08:14.10] /# gi::executeAction seDelete -in [gi::getWindows 36]
[02:08:14.10] /i ise::delete
[02:08:14.23] /# gi::executeAction deStartDrag -in [gi::getWindows 36]
[02:08:14.23] /i de::startDrag {3.2375 6.7125} -context [db::getNext [de::getContexts -window 36]]
[02:08:14.27] /# gi::executeAction seDelete -in [gi::getWindows 36]
[02:08:14.27] /i ise::delete
[02:08:14.31] /# gi::executeAction deEndDrag -in [gi::getWindows 36]
[02:08:14.31] /i de::endDrag {3.48125 4.39375} -context [db::getNext [de::getContexts -window 36]]
[02:08:14.44] /# gi::executeAction seDelete -in [gi::getWindows 36]
[02:08:14.44] /i ise::delete
[02:08:14.61] /# gi::executeAction deAddPoint -in [gi::getWindows 36]
[02:08:14.61] /i de::addPoint {3.8375 5.1625} -context [db::getNext [de::getContexts -window 36]]
[02:08:14.61] /# gi::executeAction seDelete -in [gi::getWindows 36]
[02:08:14.61] /i ise::delete
[02:08:14.76] /# gi::executeAction deCompleteShape -in [gi::getWindows 36]
[02:08:14.76] /i de::completeShape -context [db::getNext [de::getContexts -window 36]]
[02:08:14.77] /# gi::executeAction seDelete -in [gi::getWindows 36]
[02:08:14.77] /i ise::delete
[02:08:14.92] /# gi::executeAction deAddPoint -in [gi::getWindows 36]
[02:08:14.92] /i de::addPoint {4.2 5.25625} -context [db::getNext [de::getContexts -window 36]]
[02:08:14.95] /# gi::executeAction seDelete -in [gi::getWindows 36]
[02:08:14.95] /i ise::delete
[02:08:15.06] /i de::select [se::getNetComponents [de::getActiveFigure [gi::getWindows 36] -point {4.38125 5.34375} -index 0 -intent none] -of branch]
[02:08:15.07] /o oa:0x210fa450
[02:08:15.12] /# gi::executeAction seDelete -in [gi::getWindows 36]
[02:08:15.12] /i ise::delete
[02:08:15.21] /w Warning: Nothing is bound to the 'Button1-Triple' in the current active set. (WINDOW-015)
[02:08:15.35] /# gi::executeAction deAddPoint -in [gi::getWindows 36]
[02:08:15.35] /i de::addPoint {4.875 5.25625} -context [db::getNext [de::getContexts -window 36]]
[02:08:15.35] /# gi::executeAction seDelete -in [gi::getWindows 36]
[02:08:15.35] /i ise::delete
[02:08:15.51] /# gi::executeAction deCompleteShape -in [gi::getWindows 36]
[02:08:15.51] /i de::completeShape -context [db::getNext [de::getContexts -window 36]]
[02:08:15.51] /# gi::executeAction seDelete -in [gi::getWindows 36]
[02:08:15.51] /i ise::delete
[02:08:15.70] /# gi::executeAction deAddPoint -in [gi::getWindows 36]
[02:08:15.70] /i de::addPoint {6.09375 5.79375} -context [db::getNext [de::getContexts -window 36]]
[02:08:15.70] /# gi::executeAction seDelete -in [gi::getWindows 36]
[02:08:15.70] /i ise::delete
[02:08:15.87] /# gi::executeAction deCompleteShape -in [gi::getWindows 36]
[02:08:15.87] /i de::completeShape -context [db::getNext [de::getContexts -window 36]]
[02:08:15.88] /# gi::executeAction seDelete -in [gi::getWindows 36]
[02:08:15.88] /i ise::delete
[02:08:16.04] /# gi::executeAction deAddPoint -in [gi::getWindows 36]
[02:08:16.04] /i de::addPoint {5.63125 5.8875} -context [db::getNext [de::getContexts -window 36]]
[02:08:16.04] /# gi::executeAction seDelete -in [gi::getWindows 36]
[02:08:16.04] /i ise::delete
[02:08:16.19] /# gi::executeAction deCompleteShape -in [gi::getWindows 36]
[02:08:16.19] /i de::completeShape -context [db::getNext [de::getContexts -window 36]]
[02:08:16.19] /# gi::executeAction seDelete -in [gi::getWindows 36]
[02:08:16.19] /i ise::delete
[02:08:16.42] /# gi::executeAction deAddPoint -in [gi::getWindows 36]
[02:08:16.42] /i de::addPoint {5.6 6.575} -context [db::getNext [de::getContexts -window 36]]
[02:08:16.42] /# gi::executeAction seDelete -in [gi::getWindows 36]
[02:08:16.42] /i ise::delete
[02:08:16.62] /i de::select [se::getNetComponents [de::getActiveFigure [gi::getWindows 36] -point {5.375 7.55} -index 0 -intent none] -of branch]
[02:08:16.63] /o oa:0x204fea50
[02:08:16.63] /# gi::executeAction seDelete -in [gi::getWindows 36]
[02:08:16.63] /i ise::delete
[02:08:16.79] /# gi::executeAction deAddPoint -in [gi::getWindows 36]
[02:08:16.79] /i de::addPoint {5.325 7.6875} -context [db::getNext [de::getContexts -window 36]]
[02:08:16.79] /# gi::executeAction seDelete -in [gi::getWindows 36]
[02:08:16.79] /i ise::delete
[02:08:16.97] /# gi::executeAction deCompleteShape -in [gi::getWindows 36]
[02:08:16.97] /i de::completeShape -context [db::getNext [de::getContexts -window 36]]
[02:08:16.97] /# gi::executeAction seDelete -in [gi::getWindows 36]
[02:08:16.97] /i ise::delete
[02:08:17.13] /# gi::executeAction deAddPoint -in [gi::getWindows 36]
[02:08:17.13] /i de::addPoint {5.4625 7.78125} -context [db::getNext [de::getContexts -window 36]]
[02:08:17.19] /# gi::executeAction seDelete -in [gi::getWindows 36]
[02:08:17.19] /i ise::delete
[02:08:17.28] /# gi::executeAction deCompleteShape -in [gi::getWindows 36]
[02:08:17.28] /i de::completeShape -context [db::getNext [de::getContexts -window 36]]
[02:08:17.39] /# gi::executeAction seDelete -in [gi::getWindows 36]
[02:08:17.39] /i ise::delete
[02:08:17.60] /# gi::executeAction seDelete -in [gi::getWindows 36]
[02:08:17.60] /i ise::delete
[02:08:17.83] /# gi::executeAction deAddPoint -in [gi::getWindows 36]
[02:08:17.83] /i de::addPoint {8.84375 8.10625} -context [db::getNext [de::getContexts -window 36]]
[02:08:17.83] /# gi::executeAction seDelete -in [gi::getWindows 36]
[02:08:17.83] /i ise::delete
[02:08:17.99] /# gi::executeAction deCompleteShape -in [gi::getWindows 36]
[02:08:17.99] /i de::completeShape -context [db::getNext [de::getContexts -window 36]]
[02:08:18.13] /# gi::executeAction deAddPoint -in [gi::getWindows 36]
[02:08:18.13] /i de::addPoint {8.91875 7.79375} -context [db::getNext [de::getContexts -window 36]]
[02:08:18.14] /# gi::executeAction seDelete -in [gi::getWindows 36]
[02:08:18.14] /i ise::delete
[02:08:18.31] /# gi::executeAction deCompleteShape -in [gi::getWindows 36]
[02:08:18.31] /i de::completeShape -context [db::getNext [de::getContexts -window 36]]
[02:08:18.31] /# gi::executeAction seDelete -in [gi::getWindows 36]
[02:08:18.31] /i ise::delete
[02:08:18.46] /# gi::executeAction seDelete -in [gi::getWindows 36]
[02:08:18.46] /i ise::delete
[02:08:18.57] /# gi::executeAction deAddPoint -in [gi::getWindows 36]
[02:08:18.57] /i de::addPoint {8.46875 8.2875} -context [db::getNext [de::getContexts -window 36]]
[02:08:18.65] /# gi::executeAction seDelete -in [gi::getWindows 36]
[02:08:18.65] /i ise::delete
[02:08:18.74] /# gi::executeAction deCompleteShape -in [gi::getWindows 36]
[02:08:18.74] /i de::completeShape -context [db::getNext [de::getContexts -window 36]]
[02:08:18.89] /# gi::executeAction deAddPoint -in [gi::getWindows 36]
[02:08:18.89] /i de::addPoint {8.39375 8.83125} -context [db::getNext [de::getContexts -window 36]]
[02:08:18.89] /# gi::executeAction seDelete -in [gi::getWindows 36]
[02:08:18.89] /i ise::delete
[02:08:19.07] /i de::select [se::getNetComponents [de::getActiveFigure [gi::getWindows 36] -point {8.30625 9.1} -index 0 -intent none] -of branch]
[02:08:19.07] /o oa:0x216aacd0
[02:08:19.07] /# gi::executeAction seDelete -in [gi::getWindows 36]
[02:08:19.07] /i ise::delete
[02:08:19.23] /# gi::executeAction deAddPoint -in [gi::getWindows 36]
[02:08:19.23] /i de::addPoint {8.30625 9.1} -context [db::getNext [de::getContexts -window 36]]
[02:08:19.23] /# gi::executeAction seDelete -in [gi::getWindows 36]
[02:08:19.23] /i ise::delete
[02:08:19.41] /# gi::executeAction seDelete -in [gi::getWindows 36]
[02:08:19.41] /i ise::delete
[02:08:19.62] /# gi::executeAction deAddPoint -in [gi::getWindows 36]
[02:08:19.62] /i de::addPoint {4.90625 8.99375} -context [db::getNext [de::getContexts -window 36]]
[02:08:19.62] /# gi::executeAction seDelete -in [gi::getWindows 36]
[02:08:19.62] /i ise::delete
[02:08:19.80] /# gi::executeAction deCompleteShape -in [gi::getWindows 36]
[02:08:19.80] /i de::completeShape -context [db::getNext [de::getContexts -window 36]]
[02:08:19.80] /# gi::executeAction seDelete -in [gi::getWindows 36]
[02:08:19.80] /i ise::delete
[02:08:19.95] /# gi::executeAction deAddPoint -in [gi::getWindows 36]
[02:08:19.95] /i de::addPoint {5.825 8.8125} -context [db::getNext [de::getContexts -window 36]]
[02:08:19.97] /# gi::executeAction seDelete -in [gi::getWindows 36]
[02:08:19.97] /i ise::delete
[02:08:20.18] /# gi::executeAction seDelete -in [gi::getWindows 36]
[02:08:20.18] /i ise::delete
[02:08:20.42] /# gi::executeAction deAddPoint -in [gi::getWindows 36]
[02:08:20.42] /i de::addPoint {6.31875 8.7875} -context [db::getNext [de::getContexts -window 36]]
[02:08:20.58] /# gi::executeAction deCompleteShape -in [gi::getWindows 36]
[02:08:20.58] /i de::completeShape -context [db::getNext [de::getContexts -window 36]]
[02:08:20.58] /# gi::executeAction seDelete -in [gi::getWindows 36]
[02:08:20.58] /i ise::delete
[02:08:20.77] /# gi::executeAction deAddPoint -in [gi::getWindows 36]
[02:08:20.77] /i de::addPoint {6.23125 8.875} -context [db::getNext [de::getContexts -window 36]]
[02:08:20.78] /# gi::executeAction seDelete -in [gi::getWindows 36]
[02:08:20.78] /i ise::delete
[02:08:20.93] /# gi::executeAction deCompleteShape -in [gi::getWindows 36]
[02:08:20.93] /i de::completeShape -context [db::getNext [de::getContexts -window 36]]
[02:08:20.97] /# gi::executeAction seDelete -in [gi::getWindows 36]
[02:08:20.97] /i ise::delete
[02:08:21.19] /# gi::executeAction deAddPoint -in [gi::getWindows 36]
[02:08:21.19] /i de::addPoint {8.84375 7.1} -context [db::getNext [de::getContexts -window 36]]
[02:08:21.19] /# gi::executeAction seDelete -in [gi::getWindows 36]
[02:08:21.19] /i ise::delete
[02:08:21.54] /# gi::executeAction deCompleteShape -in [gi::getWindows 36]
[02:08:21.54] /i de::completeShape -context [db::getNext [de::getContexts -window 36]]
[02:08:21.54] /# gi::executeAction seDelete -in [gi::getWindows 36]
[02:08:21.54] /i ise::delete
[02:08:21.54] /# gi::executeAction seDelete -in [gi::getWindows 36]
[02:08:21.54] /i ise::delete
[02:08:21.69] /# gi::executeAction deAddPoint -in [gi::getWindows 36]
[02:08:21.69] /i de::addPoint {8.84375 7.28125} -context [db::getNext [de::getContexts -window 36]]
[02:08:21.75] /# gi::executeAction seDelete -in [gi::getWindows 36]
[02:08:21.75] /i ise::delete
[02:08:21.84] /# gi::executeAction deCompleteShape -in [gi::getWindows 36]
[02:08:21.84] /i de::completeShape -context [db::getNext [de::getContexts -window 36]]
[02:08:22.02] /# gi::executeAction deAddPoint -in [gi::getWindows 36]
[02:08:22.02] /i de::addPoint {8.48125 7.05625} -context [db::getNext [de::getContexts -window 36]]
[02:08:22.02] /# gi::executeAction seDelete -in [gi::getWindows 36]
[02:08:22.02] /i ise::delete
[02:08:22.19] /# gi::executeAction deCompleteShape -in [gi::getWindows 36]
[02:08:22.19] /i de::completeShape -context [db::getNext [de::getContexts -window 36]]
[02:08:22.19] /# gi::executeAction seDelete -in [gi::getWindows 36]
[02:08:22.19] /i ise::delete
[02:08:22.36] /# gi::executeAction deAddPoint -in [gi::getWindows 36]
[02:08:22.36] /i de::addPoint {8.39375 6.60625} -context [db::getNext [de::getContexts -window 36]]
[02:08:22.36] /# gi::executeAction seDelete -in [gi::getWindows 36]
[02:08:22.36] /i ise::delete
[02:08:22.62] /# gi::executeAction deCompleteShape -in [gi::getWindows 36]
[02:08:22.62] /i de::completeShape -context [db::getNext [de::getContexts -window 36]]
[02:08:22.62] /# gi::executeAction seDelete -in [gi::getWindows 36]
[02:08:22.62] /i ise::delete
[02:08:22.76] /# gi::executeAction deAddPoint -in [gi::getWindows 36]
[02:08:22.76] /i de::addPoint {8.24375 5.6125} -context [db::getNext [de::getContexts -window 36]]
[02:08:22.76] /# gi::executeAction seDelete -in [gi::getWindows 36]
[02:08:22.76] /i ise::delete
[02:08:22.89] /# gi::executeAction deCompleteShape -in [gi::getWindows 36]
[02:08:22.89] /i de::completeShape -context [db::getNext [de::getContexts -window 36]]
[02:08:22.92] /# gi::executeAction seDelete -in [gi::getWindows 36]
[02:08:22.93] /i ise::delete
[02:08:23.04] /w Warning: Nothing is bound to the 'Button1-Triple' in the current active set. (WINDOW-015)
[02:08:23.14] /# gi::executeAction seDelete -in [gi::getWindows 36]
[02:08:23.14] /i ise::delete
[02:08:23.55] /# gi::executeAction deAddPoint -in [gi::getWindows 36]
[02:08:23.55] /i de::addPoint {8.8875 3.40625} -context [db::getNext [de::getContexts -window 36]]
[02:08:23.58] /# gi::executeAction seDelete -in [gi::getWindows 36]
[02:08:23.58] /i ise::delete
[02:08:23.70] /# gi::executeAction deCompleteShape -in [gi::getWindows 36]
[02:08:23.70] /i de::completeShape -context [db::getNext [de::getContexts -window 36]]
[02:08:23.80] /# gi::executeAction seDelete -in [gi::getWindows 36]
[02:08:23.80] /i ise::delete
[02:08:23.85] /# gi::executeAction deStartDrag -in [gi::getWindows 36]
[02:08:23.85] /i de::startDrag {10.04375 3.19375} -context [db::getNext [de::getContexts -window 36]]
[02:08:23.88] /# gi::executeAction deEndDrag -in [gi::getWindows 36]
[02:08:23.88] /i de::endDrag {13.30625 3.19375} -context [db::getNext [de::getContexts -window 36]]
[02:08:24.05] /# gi::executeAction deAddPoint -in [gi::getWindows 36]
[02:08:24.05] /i de::addPoint {15.325 3.45} -context [db::getNext [de::getContexts -window 36]]
[02:08:24.05] /# gi::executeAction seDelete -in [gi::getWindows 36]
[02:08:24.05] /i ise::delete
[02:08:24.21] /# gi::executeAction deCompleteShape -in [gi::getWindows 36]
[02:08:24.21] /i de::completeShape -context [db::getNext [de::getContexts -window 36]]
[02:08:24.21] /# gi::executeAction seDelete -in [gi::getWindows 36]
[02:08:24.21] /i ise::delete
[02:08:24.44] /# gi::executeAction deAddPoint -in [gi::getWindows 36]
[02:08:24.44] /i de::addPoint {15.65 3.9} -context [db::getNext [de::getContexts -window 36]]
[02:08:24.44] /# gi::executeAction seDelete -in [gi::getWindows 36]
[02:08:24.44] /i ise::delete
[02:08:24.60] /# gi::executeAction deCompleteShape -in [gi::getWindows 36]
[02:08:24.60] /i de::completeShape -context [db::getNext [de::getContexts -window 36]]
[02:08:24.86] /# gi::executeAction deAddPoint -in [gi::getWindows 36]
[02:08:24.86] /i de::addPoint {15.68125 3.94375} -context [db::getNext [de::getContexts -window 36]]
[02:08:24.86] /# gi::executeAction seDelete -in [gi::getWindows 36]
[02:08:24.86] /i ise::delete
[02:08:25.02] /# gi::executeAction deCompleteShape -in [gi::getWindows 36]
[02:08:25.02] /i de::completeShape -context [db::getNext [de::getContexts -window 36]]
[02:08:25.05] /# gi::executeAction seDelete -in [gi::getWindows 36]
[02:08:25.05] /i ise::delete
[02:08:25.23] /# gi::executeAction deAddPoint -in [gi::getWindows 36]
[02:08:25.23] /i de::addPoint {14.78125 4.275} -context [db::getNext [de::getContexts -window 36]]
[02:08:25.23] /# gi::executeAction seDelete -in [gi::getWindows 36]
[02:08:25.23] /i ise::delete
[02:08:25.39] /# gi::executeAction deCompleteShape -in [gi::getWindows 36]
[02:08:25.39] /i de::completeShape -context [db::getNext [de::getContexts -window 36]]
[02:08:25.43] /# gi::executeAction seDelete -in [gi::getWindows 36]
[02:08:25.43] /i ise::delete
[02:08:25.82] /# gi::executeAction deStartDrag -in [gi::getWindows 36]
[02:08:25.82] /i de::startDrag {7.3875 10.99375} -context [db::getNext [de::getContexts -window 36]]
[02:08:26.36] /# gi::executeAction deEndDrag -in [gi::getWindows 36]
[02:08:26.36] /i de::endDrag {22.175 1.54375} -context [db::getNext [de::getContexts -window 36]]
[02:08:26.84] /# gi::executeAction deCanvasZoomOutAtPoint -in [gi::getWindows 36]
[02:08:26.84] /i de::zoom -window [gi::getWindows 36] -factor 0.5 -center {14.48125 6.9375}
[02:08:26.84] /o {-19.81875 -1.69375} {27.40625 27.16875}
[02:08:26.90] /# gi::executeAction deCanvasZoomOutAtPoint -in [gi::getWindows 36]
[02:08:26.90] /i de::zoom -window [gi::getWindows 36] -factor 0.5 -center {14.48125 6.9375}
[02:08:26.90] /o {-54.11875 -10.31875} {40.33125 47.39375}
[02:08:27.69] /# gi::executeAction deFitEdit -in [gi::getWindows 36]
[02:08:27.69] /i de::fit -window 36 -fitEdit true
[02:08:27.69] /o {-5.975 3.6625} {13.35 15.4625}
[02:08:28.27] /# gi::executeAction deAbortCommand -in [gi::getWindows 36]
[02:08:28.27] /i de::abortCommand -context [db::getNext [de::getContexts -window 36]]
[02:08:29.45] /# gi::executeAction deSelectActive -in [gi::getWindows 36]
[02:08:29.45] /i de::deselectAll [db::getNext [de::getContexts -window 36]]
[02:08:29.45] /i de::select [de::getActiveFigure [gi::getWindows 36] -point {2.55 12.0125} -index 0 -intent none]
[02:08:29.45] /o oa:0x2130ad00
[02:08:29.81] /# gi::executeAction deCanvasZoomInAtPoint -in [gi::getWindows 36]
[02:08:29.81] /i de::zoom -window [gi::getWindows 36] -factor 2.0 -center {2.55 12.0125}
[02:08:29.81] /o {-1.7125 7.8375} {7.95 13.7375}
[02:08:30.21] /i gi::executeAction deCanvasDragCancel -in [gi::getWindows 36]
[02:08:30.63] /i gi::executeAction deCanvasDragSelect -in [gi::getWindows 36]
[02:08:30.63] /r deCanvasDragStart 1.1375 13.1937
[02:08:30.90] /# gi::executeAction deCanvasDragEnd -in [gi::getWindows 36]
[02:08:30.90] /i gi::executeAction deCanvasDragEnd -in [gi::getWindows 36]
[02:08:30.91] /r deCanvasDragEnd 2.7375 12.4938
[02:08:32.22] /# gi::executeAction seStretch -in [gi::getWindows 36]
[02:08:32.22] /i ise::stretch
[02:08:32.42] /# gi::executeAction deAddPoint -in [gi::getWindows 36]
[02:08:32.42] /i de::addPoint {2.125 12.73125} -context [db::getNext [de::getContexts -window 36]]
[02:08:33.59] /# gi::executeAction deAddPoint -in [gi::getWindows 36]
[02:08:33.59] /i de::addPoint {1.28125 12.75625} -context [db::getNext [de::getContexts -window 36]]
[02:08:34.40] /# gi::executeAction seSchCreateWire -in [gi::getWindows 36]
[02:08:34.40] /i ise::createWire
[02:08:35.49] /# gi::executeAction deAddPoint -in [gi::getWindows 36]
[02:08:35.49] /i de::addPoint {1.19375 12.75} -context [db::getNext [de::getContexts -window 36]]
[02:08:35.49] /i de::setCursor -point {1.25 12.75 }
[02:08:36.70] /# gi::executeAction deAddPoint -in [gi::getWindows 36]
[02:08:36.70] /i de::addPoint {3.91875 12.75} -context [db::getNext [de::getContexts -window 36]]
[02:08:36.93] /# gi::executeAction deAbortCommand -in [gi::getWindows 36]
[02:08:36.93] /i de::abortCommand -context [db::getNext [de::getContexts -window 36]]
[02:08:37.36] /i gi::executeAction deCanvasDragSelect -in [gi::getWindows 36]
[02:08:37.36] /r deCanvasDragStart 0.46875 12.2188
[02:08:37.63] /# gi::executeAction deCanvasDragEnd -in [gi::getWindows 36]
[02:08:37.63] /i gi::executeAction deCanvasDragEnd -in [gi::getWindows 36]
[02:08:37.63] /r deCanvasDragEnd 3.85 11.4938
[02:08:38.16] /# gi::executeAction seCopy -in [gi::getWindows 36]
[02:08:38.16] /i ise::copy
[02:08:38.42] /# gi::executeAction deAddPoint -in [gi::getWindows 36]
[02:08:38.42] /i de::addPoint {1.375 12.03125} -context [db::getNext [de::getContexts -window 36]]
[02:08:39.60] /# gi::executeAction deAddPoint -in [gi::getWindows 36]
[02:08:39.60] /i de::addPoint {1.33125 11.64375} -context [db::getNext [de::getContexts -window 36]]
[02:08:39.78] /i gi::executeAction deCanvasDragCancel -in [gi::getWindows 36]
[02:08:40.65] /# gi::executeAction deSelectActive -in [gi::getWindows 36]
[02:08:40.65] /i de::deselectAll [db::getNext [de::getContexts -window 36]]
[02:08:40.65] /i de::deselectAllLogic -context [db::getNext [de::getContexts -window 36]]
[02:08:41.18] /# gi::executeAction deSelectActive -in [gi::getWindows 36]
[02:08:41.18] /i de::deselectAll [db::getNext [de::getContexts -window 36]]
[02:08:41.18] /i de::select [de::getActiveFigure [gi::getWindows 36] -point {1.3125 12} -index 0 -intent none]
[02:08:41.18] /o oa:0x21591950
[02:08:41.75] /# gi::executeAction seDelete -in [gi::getWindows 36]
[02:08:41.75] /i ise::delete
[02:08:42.38] /# gi::executeAction deSelectActive -in [gi::getWindows 36]
[02:08:42.38] /i de::deselectAll [db::getNext [de::getContexts -window 36]]
[02:08:42.38] /i de::select [de::getActiveFigure [gi::getWindows 36] -point {1.08125 11.99375} -index 0 -intent none]
[02:08:42.39] /o oa:0x1e178650
[02:08:42.61] /i de::select [se::getNetComponents [de::getActiveFigure [gi::getWindows 36] -point {0.98125 12} -index 0 -intent none] -of branch]
[02:08:42.61] /o oa:0x2132e0c0
[02:08:42.63] /# gi::executeAction seDelete -in [gi::getWindows 36]
[02:08:42.63] /i ise::delete
[02:08:42.76] /# gi::executeAction deSelectActive -in [gi::getWindows 36]
[02:08:42.76] /i de::deselectAllLogic -context [db::getNext [de::getContexts -window 36]]
[02:08:42.83] /# gi::executeAction seDelete -in [gi::getWindows 36]
[02:08:42.83] /i ise::delete
[02:08:42.91] /# gi::executeAction deCompleteShape -in [gi::getWindows 36]
[02:08:42.91] /i de::completeShape -context [db::getNext [de::getContexts -window 36]]
[02:08:44.34] /# gi::executeAction seSchCreateSchematicPin -in [gi::getWindows 36]
[02:08:44.34] /i ise::createSchematicPin
[02:08:46.55] /i gi::executeAction deObjectActivation -in [gi::getWindows 36]
[02:08:47.38] /i gi::setField {schematicPinName} -value {B} -in [gi::getToolbars {deCommandOptions} -from [gi::getWindows 36]]
[02:08:47.38] /i gi::executeAction deObjectActivation -in [gi::getWindows 36]
[02:08:49.72] /# gi::executeAction deAddPoint -in [gi::getWindows 36]
[02:08:49.72] /i de::addPoint {1.39375 11.56875} -context [db::getNext [de::getContexts -window 36]]
[02:08:50.70] /# gi::executeAction seSchCreateWire -in [gi::getWindows 36]
[02:08:50.70] /i ise::createWire
[02:08:52.09] /# gi::executeAction deAddPoint -in [gi::getWindows 36]
[02:08:52.09] /i de::addPoint {3.9 11.56875} -context [db::getNext [de::getContexts -window 36]]
[02:08:52.14] /i de::setCursor -point {3.8125 11.5625 }
[02:08:53.04] /# gi::executeAction deAddPoint -in [gi::getWindows 36]
[02:08:53.04] /i de::addPoint {1.29375 11.55625} -context [db::getNext [de::getContexts -window 36]]
[02:08:54.54] /# gi::executeAction deAddPoint -in [gi::getWindows 36]
[02:08:54.54] /i de::addPoint {3.95625 11.575} -context [db::getNext [de::getContexts -window 36]]
[02:08:55.09] /# gi::executeAction deAddPoint -in [gi::getWindows 36]
[02:08:55.09] /i de::addPoint {3.86875 11.575} -context [db::getNext [de::getContexts -window 36]]
[02:08:55.76] /# gi::executeAction deCanvasZoomOutAtPoint -in [gi::getWindows 36]
[02:08:55.76] /i de::zoom -window [gi::getWindows 36] -factor 0.5 -center {6.81875 11.83125}
[02:08:55.76] /o {-10.24375 3.84375} {9.08125 15.64375}
[02:08:56.03] /# gi::executeAction deFitEdit -in [gi::getWindows 36]
[02:08:56.03] /i de::fit -window 36 -fitEdit true
[02:08:56.03] /o {-5.975 3.6625} {13.35 15.4625}
[02:08:56.68] /# gi::executeAction deCanvasZoomInAtPoint -in [gi::getWindows 36]
[02:08:56.68] /i de::zoom -window [gi::getWindows 36] -factor 2.0 -center {8.8 13.4125}
[02:08:56.68] /o {1.4125 8.5375} {11.075 14.4375}
[02:08:57.28] /# gi::executeAction deCanvasZoomOutAtPoint -in [gi::getWindows 36]
[02:08:57.28] /i de::zoom -window [gi::getWindows 36] -factor 0.5 -center {8.04375 12.9}
[02:08:57.28] /o {-5.21875 4.175} {14.10625 15.975}
[02:08:59.64] /# gi::executeAction deAbortCommand -in [gi::getWindows 36]
[02:08:59.64] /i de::abortCommand -context [db::getNext [de::getContexts -window 36]]
[02:08:59.93] /i gi::executeAction deCanvasDragSelect -in [gi::getWindows 36]
[02:08:59.93] /r deCanvasDragStart 3.5 15.2875
[02:09:00.33] /# gi::executeAction deCanvasDragEnd -in [gi::getWindows 36]
[02:09:00.33] /i gi::executeAction deCanvasDragEnd -in [gi::getWindows 36]
[02:09:00.34] /r deCanvasDragEnd 9.40625 9.4625
[02:09:00.79] /# gi::executeAction seCopy -in [gi::getWindows 36]
[02:09:00.79] /i ise::copy
[02:09:01.16] /# gi::executeAction deAddPoint -in [gi::getWindows 36]
[02:09:01.16] /i de::addPoint {5.66875 13.0125} -context [db::getNext [de::getContexts -window 36]]
[02:09:01.97] /# gi::executeAction deAddPoint -in [gi::getWindows 36]
[02:09:01.97] /i de::addPoint {5.825 7.9875} -context [db::getNext [de::getContexts -window 36]]
[02:09:20.72] /# gi::executeAction deSelectActive -in [gi::getWindows 36]
[02:09:20.72] /i de::deselectAll [db::getNext [de::getContexts -window 36]]
[02:09:20.72] /i de::deselectAllLogic -context [db::getNext [de::getContexts -window 36]]
[02:09:21.06] /i gi::executeAction deCanvasDragSelect -in [gi::getWindows 36]
[02:09:21.06] /r deCanvasDragStart 4.04375 10.2688
[02:09:21.37] /# gi::executeAction deCanvasDragEnd -in [gi::getWindows 36]
[02:09:21.37] /i gi::executeAction deCanvasDragEnd -in [gi::getWindows 36]
[02:09:21.38] /r deCanvasDragEnd 8.44375 4.25625
[02:09:21.77] /# gi::executeAction seCopy -in [gi::getWindows 36]
[02:09:21.77] /i ise::copy
[02:09:22.19] /# gi::executeAction deAddPoint -in [gi::getWindows 36]
[02:09:22.19] /i de::addPoint {6.05 7.7625} -context [db::getNext [de::getContexts -window 36]]
[02:09:22.78] /# gi::executeAction deAbortCommand -in [gi::getWindows 36]
[02:09:22.78] /i de::abortCommand -context [db::getNext [de::getContexts -window 36]]
[02:09:24.06] /# gi::executeAction seCopy -in [gi::getWindows 36]
[02:09:24.06] /i ise::copy
[02:09:24.20] /# gi::executeAction deAddPoint -in [gi::getWindows 36]
[02:09:24.20] /i de::addPoint {5.49375 8.83125} -context [db::getNext [de::getContexts -window 36]]
[02:09:27.02] /# gi::executeAction deAddPoint -in [gi::getWindows 36]
[02:09:27.02] /i de::addPoint {9.7 14.81875} -context [db::getNext [de::getContexts -window 36]]
[02:09:27.68] /# gi::executeAction deSelectActive -in [gi::getWindows 36]
[02:09:27.68] /i de::deselectAll [db::getNext [de::getContexts -window 36]]
[02:09:27.68] /i de::select [de::getActiveFigure [gi::getWindows 36] -point {6.25625 8.55} -index 0 -intent none]
[02:09:27.68] /o oa:0x20f54dd0
[02:09:28.06] /i gi::executeAction deCanvasDragCancel -in [gi::getWindows 36]
[02:09:28.36] /i gi::executeAction deCanvasDragSelect -in [gi::getWindows 36]
[02:09:28.37] /r deCanvasDragStart 4.3125 10.0625
[02:09:28.61] /# gi::executeAction deCanvasDragEnd -in [gi::getWindows 36]
[02:09:28.61] /i gi::executeAction deCanvasDragEnd -in [gi::getWindows 36]
[02:09:28.62] /r deCanvasDragEnd 7.66875 4.775
[02:09:28.80] /# gi::executeAction seCopy -in [gi::getWindows 36]
[02:09:28.80] /i ise::copy
[02:09:29.13] /# gi::executeAction deAddPoint -in [gi::getWindows 36]
[02:09:29.13] /i de::addPoint {6.625 7.25625} -context [db::getNext [de::getContexts -window 36]]
[02:09:30.02] /# gi::executeAction deAddPoint -in [gi::getWindows 36]
[02:09:30.02] /i de::addPoint {11.3125 6.45} -context [db::getNext [de::getContexts -window 36]]
[02:09:30.80] /i gi::executeAction deCanvasDragSelect -in [gi::getWindows 36]
[02:09:30.80] /r deCanvasDragStart 8.2875 9.84375
[02:09:31.28] /# gi::executeAction deCanvasDragEnd -in [gi::getWindows 36]
[02:09:31.28] /i gi::executeAction deCanvasDragEnd -in [gi::getWindows 36]
[02:09:31.28] /r deCanvasDragEnd 11.9875 4.49375
[02:09:31.77] /# gi::executeAction seCopy -in [gi::getWindows 36]
[02:09:31.77] /i ise::copy
[02:09:32.00] /# gi::executeAction deAddPoint -in [gi::getWindows 36]
[02:09:32.00] /i de::addPoint {10.90625 6.80625} -context [db::getNext [de::getContexts -window 36]]
[02:09:32.79] /# gi::executeAction deAbortCommand -in [gi::getWindows 36]
[02:09:32.79] /i de::abortCommand -context [db::getNext [de::getContexts -window 36]]
[02:09:33.33] /# gi::executeAction deSelectActive -in [gi::getWindows 36]
[02:09:33.33] /i de::deselectAll [db::getNext [de::getContexts -window 36]]
[02:09:33.33] /i de::select [de::getActiveFigure [gi::getWindows 36] -point {5.41875 8.5875} -index 0 -intent none]
[02:09:33.34] /o oa:0x21314c30
[02:09:34.37] /i gi::executeAction deCanvasDragSelect -in [gi::getWindows 36]
[02:09:34.37] /r deCanvasDragStart 4.05625 10.2375
[02:09:34.83] /# gi::executeAction deCanvasDragEnd -in [gi::getWindows 36]
[02:09:34.83] /i gi::executeAction deCanvasDragEnd -in [gi::getWindows 36]
[02:09:34.83] /r deCanvasDragEnd 7.5125 4.8125
[02:09:35.46] /# gi::executeAction seDelete -in [gi::getWindows 36]
[02:09:35.46] /i ise::delete
[02:09:35.65] /i gi::executeAction deCanvasDragCancel -in [gi::getWindows 36]
[02:09:55.18] /i gi::executeAction deCanvasDragCancel -in [gi::getWindows 36]
[02:09:55.47] /i gi::executeAction deCanvasDragSelect -in [gi::getWindows 36]
[02:09:55.47] /r deCanvasDragStart 8.925 9.3875
[02:09:55.83] /# gi::executeAction deCanvasDragEnd -in [gi::getWindows 36]
[02:09:55.83] /i gi::executeAction deCanvasDragEnd -in [gi::getWindows 36]
[02:09:55.83] /r deCanvasDragEnd 13.3562 4.26875
[02:09:56.19] /# gi::executeAction deFitEdit -in [gi::getWindows 36]
[02:09:56.19] /i de::fit -window 36 -fitEdit true
[02:09:56.19] /o {-4.475 3.60625} {16.6625 16.51875}
[02:09:56.53] /# gi::executeAction deSelectActive -in [gi::getWindows 36]
[02:09:56.53] /i de::deselectAll [db::getNext [de::getContexts -window 36]]
[02:09:56.53] /i de::deselectAllLogic -context [db::getNext [de::getContexts -window 36]]
[02:09:57.14] /i gi::executeAction deCanvasDragSelect -in [gi::getWindows 36]
[02:09:57.14] /r deCanvasDragStart 9.36875 9.55
[02:09:57.44] /# gi::executeAction deCanvasDragEnd -in [gi::getWindows 36]
[02:09:57.44] /i gi::executeAction deCanvasDragEnd -in [gi::getWindows 36]
[02:09:57.44] /r deCanvasDragEnd 12.6937 4.14375
[02:09:57.81] /# gi::executeAction deSelectActive -in [gi::getWindows 36]
[02:09:57.81] /i de::deselectAll [db::getNext [de::getContexts -window 36]]
[02:09:57.81] /i de::deselectAllLogic -context [db::getNext [de::getContexts -window 36]]
[02:09:58.05] /i gi::executeAction deCanvasDragSelect -in [gi::getWindows 36]
[02:09:58.05] /r deCanvasDragStart 8.61875 9.30625
[02:09:58.30] /# gi::executeAction deCanvasDragEnd -in [gi::getWindows 36]
[02:09:58.30] /i gi::executeAction deCanvasDragEnd -in [gi::getWindows 36]
[02:09:58.30] /r deCanvasDragEnd 13.8625 3.41875
[02:09:59.66] /# gi::executeAction deSelectActive -in [gi::getWindows 36]
[02:09:59.66] /i de::deselectAll [db::getNext [de::getContexts -window 36]]
[02:09:59.66] /i de::select [de::getActiveFigure [gi::getWindows 36] -point {10.90625 8.01875} -index 0 -intent none]
[02:09:59.66] /o oa:0x1ba8abf0
[02:10:00.38] /i gi::executeAction deCanvasDragSelect -in [gi::getWindows 36]
[02:10:00.38] /r deCanvasDragStart 8.15625 9.875
[02:10:00.75] /# gi::executeAction deCanvasDragEnd -in [gi::getWindows 36]
[02:10:00.75] /i gi::executeAction deCanvasDragEnd -in [gi::getWindows 36]
[02:10:00.76] /r deCanvasDragEnd 13.0437 3.49375
[02:10:05.34] /# gi::executeAction seStretch -in [gi::getWindows 36]
[02:10:05.34] /i ise::stretch
[02:10:06.20] /# gi::executeAction deAddPoint -in [gi::getWindows 36]
[02:10:06.20] /i de::addPoint {11.1625 8.21875} -context [db::getNext [de::getContexts -window 36]]
[02:10:07.10] /# gi::executeAction deStartDrag -in [gi::getWindows 36]
[02:10:07.10] /i de::startDrag {7.93125 9.925} -context [db::getNext [de::getContexts -window 36]]
[02:10:07.23] /# gi::executeAction deEndDrag -in [gi::getWindows 36]
[02:10:07.23] /i de::endDrag {9.9375 8.94375} -context [db::getNext [de::getContexts -window 36]]
[02:10:08.44] /# gi::executeAction seStretch -in [gi::getWindows 36]
[02:10:08.44] /i ise::stretch
[02:10:08.69] /# gi::executeAction deAddPoint -in [gi::getWindows 36]
[02:10:08.69] /i de::addPoint {9.3 9.23125} -context [db::getNext [de::getContexts -window 36]]
[02:10:11.05] /# gi::executeAction deAddPoint -in [gi::getWindows 36]
[02:10:11.05] /i de::addPoint {10.06875 9.95625} -context [db::getNext [de::getContexts -window 36]]
[02:10:22.32] /i gi::setActiveWindow 37
[02:10:22.32] /i gi::setActiveWindow 37 -raise true
[02:10:23.23] /# gi::executeAction deSelectActive -in [gi::getWindows 37]
[02:10:23.23] /i de::deselectAll [db::getNext [de::getContexts -window 37]]
[02:10:23.23] /i de::deselectAllLogic -context [db::getNext [de::getContexts -window 37]]
[02:10:23.97] /i gi::setActiveWindow 2
[02:10:23.97] /i gi::setActiveWindow 2 -raise true
[02:10:25.25] /i gi::setCurrentIndex {cells} -index {NAND2_tb} -in [gi::getWindows 2]
[02:10:25.26] /i gi::setItemSelection {cells} -index {NAND2_tb} -in [gi::getWindows 2]
[02:10:25.72] /i gi::setCurrentIndex {cells} -index {NAND2_2} -in [gi::getWindows 2]
[02:10:25.73] /i gi::setItemSelection {cells} -index {NAND2_2} -in [gi::getWindows 2]
[02:10:29.66] /i gi::setCurrentIndex {cells} -index {NAND2} -in [gi::getWindows 2]
[02:10:29.66] /i gi::setItemSelection {cells} -index {NAND2} -in [gi::getWindows 2]
[02:10:30.42] /i gi::setCurrentIndex {views} -index {schematic} -in [gi::getWindows 2]
[02:10:30.42] /i gi::setItemSelection {views} -index {schematic} -in [gi::getWindows 2]
[02:10:31.65] /i gi::executeAction dmOpen -in [gi::getWindows 2]
[02:10:31.67] /r giWindowId 38
[02:10:31.68] /r giWindowGeometry 1632x1020
[02:10:31.84] /o "inverter/NAND2/schematic" design does not need checking
[02:10:35.50] /i gi::setActiveWindow 2
[02:10:35.50] /i gi::setActiveWindow 2 -raise true
[02:10:36.78] /i gi::setCurrentIndex {cells} -index {NAND2_2} -in [gi::getWindows 2]
[02:10:36.79] /i gi::setItemSelection {cells} -index {NAND2_2} -in [gi::getWindows 2]
[02:10:38.55] /i gi::setCurrentIndex {cellCategories} -index {FULL_ADDER_2BIT} -in [gi::getWindows 2]
[02:10:38.55] /i gi::setItemSelection {cellCategories} -index {FULL_ADDER_2BIT} -in [gi::getWindows 2]
[02:10:39.17] /i gi::setCurrentIndex {cells} -index {LAB3_NAND2} -in [gi::getWindows 2]
[02:10:39.17] /i gi::setItemSelection {cells} -index {LAB3_NAND2} -in [gi::getWindows 2]
[02:10:39.86] /i gi::setCurrentIndex {views} -index {schematic} -in [gi::getWindows 2]
[02:10:39.86] /i gi::setItemSelection {views} -index {schematic} -in [gi::getWindows 2]
[02:10:40.49] /i gi::setCurrentIndex {views} -index {symbol} -in [gi::getWindows 2]
[02:10:40.49] /i gi::setItemSelection {views} -index {symbol} -in [gi::getWindows 2]
[02:10:41.40] /i gi::setCurrentIndex {views} -index {schematic} -in [gi::getWindows 2]
[02:10:41.40] /i gi::setItemSelection {views} -index {schematic} -in [gi::getWindows 2]
[02:10:41.68] /i gi::setCurrentIndex {views} -index {layout} -in [gi::getWindows 2]
[02:10:41.68] /i gi::setItemSelection {views} -index {layout} -in [gi::getWindows 2]
[02:10:42.49] /i gi::executeAction dmOpen -in [gi::getWindows 2]
[02:10:42.51] /r giWindowId 39
[02:10:42.52] /r giWindowGeometry 1632x1020
[02:10:42.54] /# de::setActiveLPP [de::getLPPs "exclude blockage" -from [db::getAttr editDesign -of [de::getContexts -window 39]]]
[02:10:47.36] /i gi::setField {stopLevel} -value {3} -in [gi::getToolbars {leHierarchy} -from [gi::getWindows 39]]
[02:10:48.18] /# gi::executeAction deSelectActive -in [gi::getWindows 39]
[02:10:48.18] /i de::deselectAllLogic -context [db::getNext [de::getContexts -window 39]]
[02:10:49.03] /# gi::executeAction deCanvasZoomOutAtPoint -in [gi::getWindows 39]
[02:10:49.03] /i de::zoom -window [gi::getWindows 39] -factor 0.5 -center {2.714 2.093}
[02:10:49.03] /o {-4.855 -1.002} {8.357 5.986}
[02:10:49.41] /# gi::executeAction deCanvasZoomInAtPoint -in [gi::getWindows 39]
[02:10:49.41] /i de::zoom -window [gi::getWindows 39] -factor 2.0 -center {2.714 2.093}
[02:10:49.41] /o {-1.071 0.545} {5.536 4.04}
[02:12:56.59] /i gi::executeAction giCloseWindow -in [gi::getWindows 39]
[02:12:56.63] /i gi::setActiveWindow 2
[02:12:56.63] /i gi::setActiveWindow 2 -raise true
[02:12:57.38] /i gi::setActiveWindow 38
[02:12:57.38] /i gi::setActiveWindow 38 -raise true
[02:12:58.02] /i gi::executeAction giCloseWindow -in [gi::getWindows 38]
[02:12:58.04] /i gi::setActiveWindow 2
[02:12:58.04] /i gi::setActiveWindow 2 -raise true
[02:12:58.72] /i gi::setActiveWindow 37
[02:12:58.72] /i gi::setActiveWindow 37 -raise true
[02:12:59.04] /i gi::setActiveWindow 36
[02:12:59.04] /i gi::setActiveWindow 36 -raise true
[02:13:00.75] /# gi::executeAction deSelectActive -in [gi::getWindows 36]
[02:13:00.75] /i de::deselectAll [db::getNext [de::getContexts -window 36]]
[02:13:00.75] /i de::select [de::getActiveFigure [gi::getWindows 36] -point {9.14375 10.4125} -index 0 -intent none]
[02:13:00.75] /o oa:0x2138c210
[02:13:01.36] /# gi::executeAction deCanvasZoomOutAtPoint -in [gi::getWindows 36]
[02:13:01.36] /i de::zoom -window [gi::getWindows 36] -factor 0.5 -center {7.80625 13.46875}
[02:13:01.36] /o {-16.75625 -6.2625} {25.51875 19.575}
[02:13:02.58] /i gi::executeAction deCanvasDragSelect -in [gi::getWindows 36]
[02:13:02.58] /r deCanvasDragStart 7.8125 16.7188
[02:13:03.12] /# gi::executeAction deCanvasDragEnd -in [gi::getWindows 36]
[02:13:03.12] /i gi::executeAction deCanvasDragEnd -in [gi::getWindows 36]
[02:13:03.12] /r deCanvasDragEnd 13.4375 4.2625
[02:13:03.57] /# gi::executeAction seCopy -in [gi::getWindows 36]
[02:13:03.57] /i ise::copy
[02:13:03.82] /# gi::executeAction deAddPoint -in [gi::getWindows 36]
[02:13:03.82] /i de::addPoint {10.3125 8.80625} -context [db::getNext [de::getContexts -window 36]]
[02:13:05.52] /# gi::executeAction deAddPoint -in [gi::getWindows 36]
[02:13:05.52] /i de::addPoint {18.225 8.78125} -context [db::getNext [de::getContexts -window 36]]
[02:13:06.29] /i gi::executeAction deCanvasDragSelect -in [gi::getWindows 36]
[02:13:06.29] /r deCanvasDragStart 14.325 16.775
[02:13:06.57] /# gi::executeAction deCanvasDragEnd -in [gi::getWindows 36]
[02:13:06.57] /i gi::executeAction deCanvasDragEnd -in [gi::getWindows 36]
[02:13:06.58] /r deCanvasDragEnd 22.9062 3.45625
[02:13:06.88] /# gi::executeAction seCopy -in [gi::getWindows 36]
[02:13:06.88] /i ise::copy
[02:13:07.23] /# gi::executeAction deAddPoint -in [gi::getWindows 36]
[02:13:07.23] /i de::addPoint {17.09375 13.8125} -context [db::getNext [de::getContexts -window 36]]
[02:13:08.26] /# gi::executeAction deAddPoint -in [gi::getWindows 36]
[02:13:08.26] /i de::addPoint {23.36875 14.1125} -context [db::getNext [de::getContexts -window 36]]
[02:13:08.52] /i gi::executeAction deCanvasDragCancel -in [gi::getWindows 36]
[02:13:09.37] /# gi::executeAction deCanvasZoomOutAtPoint -in [gi::getWindows 36]
[02:13:09.37] /i de::zoom -window [gi::getWindows 36] -factor 0.5 -center {17.74375 5.06875}
[02:13:09.37] /o {-51.25625 -17.5875} {33.29375 34.075}
[02:13:10.00] /# gi::executeAction seCopy -in [gi::getWindows 36]
[02:13:10.00] /i ise::copy
[02:13:10.41] /# gi::executeAction deStartDrag -in [gi::getWindows 36]
[02:13:10.41] /i de::startDrag {21.29375 18.46875} -context [db::getNext [de::getContexts -window 36]]
[02:13:10.63] /# gi::executeAction deEndDrag -in [gi::getWindows 36]
[02:13:10.63] /i de::endDrag {29.85 1.8375} -context [db::getNext [de::getContexts -window 36]]
[02:13:11.14] /i gi::executeAction deCanvasDragCancel -in [gi::getWindows 36]
[02:13:11.80] /# gi::executeAction deCanvasZoomOutAtPoint -in [gi::getWindows 36]
[02:13:11.80] /i de::zoom -window [gi::getWindows 36] -factor 0.5 -center {28.39375 1.8375}
[02:13:11.80] /o {-130.90625 -37.01875} {38.19375 66.31875}
[02:13:13.57] /# gi::executeAction seStretch -in [gi::getWindows 36]
[02:13:13.57] /i ise::stretch
[02:13:13.76] /# gi::executeAction deAddPoint -in [gi::getWindows 36]
[02:13:13.76] /i de::addPoint {32.275 -1.925} -context [db::getNext [de::getContexts -window 36]]
[02:13:15.26] /# gi::executeAction deAddPoint -in [gi::getWindows 36]
[02:13:15.26] /i de::addPoint {32.275 14.75625} -context [db::getNext [de::getContexts -window 36]]
[02:13:15.37] /i gi::executeAction deCanvasDragCancel -in [gi::getWindows 36]
[02:13:19.96] /# gi::executeAction deCanvasZoomInAtPoint -in [gi::getWindows 36]
[02:13:19.96] /i de::zoom -window [gi::getWindows 36] -factor 2.0 -center {2.24375 5.71875}
[02:13:19.96] /o {-64.33125 -15.65} {20.21875 36.01875}
[02:13:20.20] /# gi::executeAction deFitEdit -in [gi::getWindows 36]
[02:13:20.20] /i de::fit -window 36 -fitEdit true
[02:13:20.20] /o {-1.9125 -1.475} {36.35 21.9125}
[02:13:21.43] /# gi::executeAction deSelectActive -in [gi::getWindows 36]
[02:13:21.43] /i de::deselectAll [db::getNext [de::getContexts -window 36]]
[02:13:21.43] /i de::deselectAllLogic -context [db::getNext [de::getContexts -window 36]]
[02:13:21.74] /# gi::executeAction deSelectActive -in [gi::getWindows 36]
[02:13:21.74] /i de::deselectAllLogic -context [db::getNext [de::getContexts -window 36]]
[02:13:35.54] /i gi::executeAction deCanvasDragSelect -in [gi::getWindows 36]
[02:13:35.54] /r deCanvasDragStart 7.68125 16.7437
[02:13:36.03] /# gi::executeAction deCanvasDragEnd -in [gi::getWindows 36]
[02:13:36.03] /i gi::executeAction deCanvasDragEnd -in [gi::getWindows 36]
[02:13:36.03] /r deCanvasDragEnd 12.65 10.825
[02:13:37.62] /# gi::executeAction seStretch -in [gi::getWindows 36]
[02:13:37.62] /i ise::stretch
[02:13:37.79] /# gi::executeAction deAddPoint -in [gi::getWindows 36]
[02:13:37.79] /i de::addPoint {9.95 13.96875} -context [db::getNext [de::getContexts -window 36]]
[02:13:38.89] /# gi::executeAction deAddPoint -in [gi::getWindows 36]
[02:13:38.89] /i de::addPoint {9.58125 16.30625} -context [db::getNext [de::getContexts -window 36]]
[02:13:46.69] /# gi::executeAction seSchCreateWire -in [gi::getWindows 36]
[02:13:46.69] /i ise::createWire
[02:13:47.03] /# gi::executeAction deCanvasZoomInAtPoint -in [gi::getWindows 36]
[02:13:47.03] /i de::zoom -window [gi::getWindows 36] -factor 2.0 -center {1.61875 17.55}
[02:13:47.03] /o {-0.15 8.0375} {18.9875 19.73125}
[02:13:51.47] /# gi::executeAction deAbortCommand -in [gi::getWindows 36]
[02:13:51.47] /i de::abortCommand -context [db::getNext [de::getContexts -window 36]]
[02:13:51.73] /# gi::executeAction deSelectActive -in [gi::getWindows 36]
[02:13:51.73] /i de::deselectAll [db::getNext [de::getContexts -window 36]]
[02:13:51.73] /i de::deselectAllLogic -context [db::getNext [de::getContexts -window 36]]
[02:13:52.37] /# gi::executeAction deCanvasZoomInAtPoint -in [gi::getWindows 36]
[02:13:52.37] /i de::zoom -window [gi::getWindows 36] -factor 2.0 -center {6.80625 17.0125}
[02:13:52.37] /o {3.33125 12.525} {12.89375 18.36875}
[02:13:53.50] /# gi::executeAction deCanvasZoomOutAtPoint -in [gi::getWindows 36]
[02:13:53.50] /i de::zoom -window [gi::getWindows 36] -factor 0.5 -center {6.65625 16.64375}
[02:13:53.51] /o {0.0 8.40625} {19.1375 20.1}
[02:13:58.06] /# gi::executeAction seSchCreateWire -in [gi::getWindows 36]
[02:13:58.06] /i ise::createWire
[02:13:59.55] /# gi::executeAction deAddPoint -in [gi::getWindows 36]
[02:13:59.55] /i de::addPoint {3.08125 12.76875} -context [db::getNext [de::getContexts -window 36]]
[02:13:59.72] /i de::setCursor -point {3.125 12.875 }
[02:14:03.06] /# gi::executeAction deAddPoint -in [gi::getWindows 36]
[02:14:03.06] /i de::addPoint {8.6 16.53125} -context [db::getNext [de::getContexts -window 36]]
[02:14:06.15] /# gi::executeAction deAddPoint -in [gi::getWindows 36]
[02:14:06.15] /i de::addPoint {7.39375 13.16875} -context [db::getNext [de::getContexts -window 36]]
[02:14:09.80] /# gi::executeAction deAddPoint -in [gi::getWindows 36]
[02:14:09.80] /i de::addPoint {8.91875 16.06875} -context [db::getNext [de::getContexts -window 36]]
[02:14:10.67] /# gi::executeAction deCanvasZoomOutAtPoint -in [gi::getWindows 36]
[02:14:10.67] /i de::zoom -window [gi::getWindows 36] -factor 0.5 -center {9.175 9.76875}
[02:14:10.68] /o {-9.16875 7.04375} {29.09375 30.43125}
[02:14:11.05] /# gi::executeAction deFitEdit -in [gi::getWindows 36]
[02:14:11.05] /i de::fit -window 36 -fitEdit true
[02:14:11.05] /o {-1.9125 -0.475} {36.35 22.9125}
[02:14:11.75] /# gi::executeAction deCanvasZoomInAtPoint -in [gi::getWindows 36]
[02:14:11.75] /i de::zoom -window [gi::getWindows 36] -factor 2.0 -center {3.00625 8.975}
[02:14:11.75] /o {0.54375 4.25} {19.68125 15.94375}
[02:14:17.29] /# gi::executeAction seSchCreateWire -in [gi::getWindows 36]
[02:14:17.29] /i ise::createWire
[02:14:17.77] /# gi::executeAction deCanvasZoomInAtPoint -in [gi::getWindows 36]
[02:14:17.77] /i de::zoom -window [gi::getWindows 36] -factor 2.0 -center {8.78125 9.925}
[02:14:17.77] /o {4.6625 7.0875} {14.23125 12.93125}
[02:14:19.87] /# gi::executeAction deCanvasZoomOutAtPoint -in [gi::getWindows 36]
[02:14:19.87] /i de::zoom -window [gi::getWindows 36] -factor 0.5 -center {6.73125 11.20625}
[02:14:19.87] /o {2.59375 2.96875} {21.73125 14.6625}
[02:14:21.17] /# gi::executeAction deCanvasZoomOutAtPoint -in [gi::getWindows 36]
[02:14:21.17] /i de::zoom -window [gi::getWindows 36] -factor 0.5 -center {6.46875 11.53125}
[02:14:21.17] /o {-1.275 -5.59375} {36.9875 17.79375}
[02:14:21.70] /# gi::executeAction deCanvasZoomInAtPoint -in [gi::getWindows 36]
[02:14:21.70] /i de::zoom -window [gi::getWindows 36] -factor 2.0 -center {5.10625 12.11875}
[02:14:21.70] /o {1.9125 3.2625} {21.05 14.95625}
[02:14:25.68] /# gi::executeAction deCanvasZoomInAtPoint -in [gi::getWindows 36]
[02:14:25.68] /i de::zoom -window [gi::getWindows 36] -factor 2.0 -center {9.38125 8.71875}
[02:14:25.68] /o {5.65 5.99375} {15.2125 11.8375}
[02:14:28.18] /# gi::executeAction deCanvasZoomOutAtPoint -in [gi::getWindows 36]
[02:14:28.18] /i de::zoom -window [gi::getWindows 36] -factor 0.5 -center {9.2 9.525}
[02:14:28.18] /o {2.09375 2.45625} {21.23125 14.15}
[02:14:28.87] /# gi::executeAction deCanvasZoomOutAtPoint -in [gi::getWindows 36]
[02:14:28.87] /i de::zoom -window [gi::getWindows 36] -factor 0.5 -center {5.94375 11.6125}
[02:14:28.87] /o {-1.75 -6.7} {36.5125 16.6875}
[02:14:30.09] /# gi::executeAction deFitEdit -in [gi::getWindows 36]
[02:14:30.09] /i de::fit -window 36 -fitEdit true
[02:14:30.10] /o {-1.9125 -0.475} {36.35 22.9125}
[02:14:30.78] /# gi::executeAction deCanvasZoomInAtPoint -in [gi::getWindows 36]
[02:14:30.78] /i de::zoom -window [gi::getWindows 36] -factor 2.0 -center {2.90625 14.91875}
[02:14:30.78] /o {0.49375 7.225} {19.63125 18.9125}
[02:14:33.57] /# gi::executeAction deFitEdit -in [gi::getWindows 36]
[02:14:33.57] /i de::fit -window 36 -fitEdit true
[02:14:33.57] /o {-1.9125 -0.475} {36.35 22.9125}
[02:14:34.28] /# gi::executeAction deCanvasZoomInAtPoint -in [gi::getWindows 36]
[02:14:34.28] /i de::zoom -window [gi::getWindows 36] -factor 2.0 -center {5.275 9.5625}
[02:14:34.28] /o {1.68125 4.54375} {20.8125 16.2375}
[02:14:36.07] /# gi::executeAction deAddPoint -in [gi::getWindows 36]
[02:14:36.07] /i de::addPoint {2.925 11.5375} -context [db::getNext [de::getContexts -window 36]]
[02:14:36.08] /i de::setCursor -point {2.875 11.5625 }
[02:14:36.09] /i de::setCursor -point {2.875 11.5 }
[02:14:36.09] /i de::setCursor -point {2.875 11.4375 }
[02:14:42.59] /# gi::executeAction deAddPoint -in [gi::getWindows 36]
[02:14:42.59] /i de::addPoint {8.9625 7.15} -context [db::getNext [de::getContexts -window 36]]
[02:14:42.75] /i de::setCursor -point {9 7.125 }
[02:14:43.73] /i de::setCursor -point {8.875 7.25 }
[02:14:43.75] /i de::setCursor -point {8.875 7.1875 }
[02:14:43.76] /i de::setCursor -point {8.9375 7.1875 }
[02:14:43.77] /i de::setCursor -point {9 7.125 }
[02:14:44.15] /i de::setCursor -point {9 7.1875 }
[02:14:44.47] /i de::setCursor -point {9 7.125 }
[02:14:45.39] /# gi::executeAction deAddPoint -in [gi::getWindows 36]
[02:14:45.39] /i de::addPoint {9 7.125} -context [db::getNext [de::getContexts -window 36]]
[02:14:47.28] /# gi::executeAction deAddPoint -in [gi::getWindows 36]
[02:14:47.28] /i de::addPoint {9.33125 8.44375} -context [db::getNext [de::getContexts -window 36]]
[02:14:47.32] /i de::setCursor -point {9.3125 8.5 }
[02:14:47.35] /i de::setCursor -point {9.25 8.5 }
[02:14:47.36] /i de::setCursor -point {9.1875 8.5 }
[02:14:55.28] /# gi::executeAction deAbortCommand -in [gi::getWindows 36]
[02:14:55.28] /i de::abortCommand -context [db::getNext [de::getContexts -window 36]]
[02:14:57.11] /i gi::setActiveWindow 32
[02:14:57.11] /i gi::setActiveWindow 32 -raise true
[02:14:58.85] /i gi::executeAction giCloseWindow -in [gi::getWindows 32]
[02:14:58.92] /r giDialog gi::setActiveDialog [gi::getDialogs {deCloseDesign} -parent [gi::getWindows 32]]
[02:14:59.19] /r giDialog db::setAttr geometry -of [gi::getDialogs {deCloseDesign} -parent [gi::getWindows 32]] -value 440x82+740+573
[02:15:00.54] /r giDialog gi::pressButton {discard} -in [gi::getDialogs {deCloseDesign} -parent [gi::getWindows 32]]
[02:15:00.58] /i gi::setActiveWindow 36
[02:15:00.58] /i gi::setActiveWindow 36 -raise true
[02:15:01.51] /i gi::setActiveWindow 35
[02:15:01.51] /i gi::setActiveWindow 35 -raise true
[02:15:02.95] /i gi::setActiveWindow 2
[02:15:02.95] /i gi::setActiveWindow 2 -raise true
[02:15:04.45] /i gi::setCurrentIndex {cellCategories} -index {LAB3} -in [gi::getWindows 2]
[02:15:04.45] /i gi::setItemSelection {cellCategories} -index {LAB3} -in [gi::getWindows 2]
[02:15:05.14] /i gi::setCurrentIndex {cells} -index {Final} -in [gi::getWindows 2]
[02:15:05.14] /i gi::setItemSelection {cells} -index {Final} -in [gi::getWindows 2]
[02:15:13.74] /i gi::setCurrentIndex {cells} -index {full_adder} -in [gi::getWindows 2]
[02:15:13.74] /i gi::setItemSelection {cells} -index {full_adder} -in [gi::getWindows 2]
[02:15:14.90] /i gi::setCurrentIndex {views} -index {schematic} -in [gi::getWindows 2]
[02:15:14.90] /i gi::setItemSelection {views} -index {schematic} -in [gi::getWindows 2]
[02:15:15.36] /i gi::setCurrentIndex {views} -index {symbol} -in [gi::getWindows 2]
[02:15:15.37] /i gi::setItemSelection {views} -index {symbol} -in [gi::getWindows 2]
[02:15:15.91] /i gi::setCurrentIndex {views} -index {schematic} -in [gi::getWindows 2]
[02:15:15.91] /i gi::setItemSelection {views} -index {schematic} -in [gi::getWindows 2]
[02:15:16.26] /i gi::setCurrentIndex {views} -index {layout} -in [gi::getWindows 2]
[02:15:16.26] /i gi::setItemSelection {views} -index {layout} -in [gi::getWindows 2]
[02:15:16.87] /i gi::setCurrentIndex {cells} -index {NAND2} -in [gi::getWindows 2]
[02:15:16.88] /i gi::setItemSelection {cells} -index {NAND2} -in [gi::getWindows 2]
[02:15:17.24] /i gi::setCurrentIndex {cells} -index {Final} -in [gi::getWindows 2]
[02:15:17.24] /i gi::setItemSelection {cells} -index {Final} -in [gi::getWindows 2]
[02:15:17.92] /i gi::setCurrentIndex {views} -index {schematic} -in [gi::getWindows 2]
[02:15:17.92] /i gi::setItemSelection {views} -index {schematic} -in [gi::getWindows 2]
[02:15:32.77] /i gi::setActiveWindow 35
[02:15:32.77] /i gi::setActiveWindow 35 -raise true
[02:15:34.07] /i gi::executeAction giCloseWindow -in [gi::getWindows 35]
[02:15:34.09] /i gi::setActiveWindow 2
[02:15:34.09] /i gi::setActiveWindow 2 -raise true
[02:15:34.83] /i gi::executeAction giCloseWindow -in [gi::getWindows 36]
[02:15:34.87] /r giDialog gi::setActiveDialog [gi::getDialogs {deCloseDesign} -parent [gi::getWindows 36]]
[02:15:35.16] /r giDialog db::setAttr geometry -of [gi::getDialogs {deCloseDesign} -parent [gi::getWindows 36]] -value 466x82+727+573
[02:15:36.58] /r giDialog gi::pressButton {save} -in [gi::getDialogs {deCloseDesign} -parent [gi::getWindows 36]]
[02:15:36.58] /m Information: Saving design 'inverter full_adder schematic'. (DESIGN_WINDOW-004)
[02:15:37.34] /i gi::setActiveWindow 37
[02:15:37.34] /i gi::setActiveWindow 37 -raise true
[02:15:37.79] /i gi::executeAction giCloseWindow -in [gi::getWindows 37]
[02:15:37.80] /i gi::setActiveWindow 2
[02:15:37.80] /i gi::setActiveWindow 2 -raise true
[02:16:52.34] /i gi::setCurrentIndex {cells} -index {NAND2} -in [gi::getWindows 2]
[02:16:52.34] /i gi::setItemSelection {cells} -index {NAND2} -in [gi::getWindows 2]
[02:16:53.01] /i gi::setCurrentIndex {cells} -index {NAND2_2} -in [gi::getWindows 2]
[02:16:53.01] /i gi::setItemSelection {cells} -index {NAND2_2} -in [gi::getWindows 2]
[02:16:53.49] /i gi::setCurrentIndex {cells} -index {full_adder} -in [gi::getWindows 2]
[02:16:53.49] /i gi::setItemSelection {cells} -index {full_adder} -in [gi::getWindows 2]
[02:16:54.12] /i gi::setCurrentIndex {cells} -index {NAND2} -in [gi::getWindows 2]
[02:16:54.12] /i gi::setItemSelection {cells} -index {NAND2} -in [gi::getWindows 2]
[02:16:54.52] /i gi::setCurrentIndex {cells} -index {NAND2_2} -in [gi::getWindows 2]
[02:16:54.52] /i gi::setItemSelection {cells} -index {NAND2_2} -in [gi::getWindows 2]
[02:17:02.21] /i gi::setCurrentIndex {views} -index {layout} -in [gi::getWindows 2]
[02:17:02.21] /i gi::setItemSelection {views} -index {layout} -in [gi::getWindows 2]
[02:17:04.17] /i gi::setCurrentIndex {cells} -index {tb_full_adder_2bit} -in [gi::getWindows 2]
[02:17:04.18] /i gi::setItemSelection {cells} -index {tb_full_adder_2bit} -in [gi::getWindows 2]
[02:17:04.68] /i gi::setCurrentIndex {cells} -index {full_adder} -in [gi::getWindows 2]
[02:17:04.68] /i gi::setItemSelection {cells} -index {full_adder} -in [gi::getWindows 2]
[02:17:05.73] /i gi::setCurrentIndex {cells} -index {NAND2_tb_2} -in [gi::getWindows 2]
[02:17:05.73] /i gi::setItemSelection {cells} -index {NAND2_tb_2} -in [gi::getWindows 2]
[02:17:06.09] /i gi::setCurrentIndex {cells} -index {NAND2_tb} -in [gi::getWindows 2]
[02:17:06.09] /i gi::setItemSelection {cells} -index {NAND2_tb} -in [gi::getWindows 2]
[02:17:06.56] /i gi::setCurrentIndex {cells} -index {full_adder} -in [gi::getWindows 2]
[02:17:06.56] /i gi::setItemSelection {cells} -index {full_adder} -in [gi::getWindows 2]
[02:17:06.87] /i gi::setCurrentIndex {cells} -index {tb_full_adder_2bit} -in [gi::getWindows 2]
[02:17:06.87] /i gi::setItemSelection {cells} -index {tb_full_adder_2bit} -in [gi::getWindows 2]
[02:17:07.35] /i gi::setCurrentIndex {cells} -index {full_adder} -in [gi::getWindows 2]
[02:17:07.35] /i gi::setItemSelection {cells} -index {full_adder} -in [gi::getWindows 2]
[02:17:08.13] /i gi::setCurrentIndex {views} -index {layout} -in [gi::getWindows 2]
[02:17:08.14] /i gi::setItemSelection {views} -index {layout} -in [gi::getWindows 2]
[02:17:09.08] /i gi::executeAction dmOpen -in [gi::getWindows 2]
[02:17:09.12] /r giWindowId 40
[02:17:09.12] /r giWindowGeometry 1632x1020
[02:17:09.14] /# de::setActiveLPP [de::getLPPs "exclude blockage" -from [db::getAttr editDesign -of [de::getContexts -window 40]]]
[02:17:11.84] /i gi::setField {stopLevel} -value {4} -in [gi::getToolbars {leHierarchy} -from [gi::getWindows 40]]
[02:17:14.65] /# gi::executeAction deSelectActive -in [gi::getWindows 40]
[02:17:14.65] /i de::deselectAll [db::getNext [de::getContexts -window 40]]
[02:17:14.65] /i de::select [de::getActiveFigure [gi::getWindows 40] -point {20.545 10.412} -index 0 -intent none]
[02:17:14.65] /o oa:0x216f5a70
[02:17:15.14] /# gi::executeAction drShowDisplayResourceEditor -in [gi::getWindows 40]
[02:17:15.14] /i dr::showDisplayResourceEditor -parent 40
[02:17:15.14] /r giWindowId 41
[02:17:15.15] /r giWindowGeometry 100x100
[02:17:15.23] /# gi::setItemSelection {editorPackets} -index {active} -in [gi::getWindows 41]
[02:17:15.23] /# gi::setCurrentIndex {editorPackets} -index {active} -in [gi::getWindows 41]
[02:17:15.23] /o oa:0x1fd212d0
[02:17:16.68] /i gi::executeAction giCloseWindow -in [gi::getWindows 41]
[02:17:16.70] /i gi::setActiveWindow 40
[02:17:16.70] /i gi::setActiveWindow 40 -raise true
[02:17:17.37] /i gi::setActiveWindow 2
[02:17:17.37] /i gi::setActiveWindow 2 -raise true
[02:17:18.11] /i gi::setCurrentIndex {cells} -index {NAND2} -in [gi::getWindows 2]
[02:17:18.12] /i gi::setItemSelection {cells} -index {NAND2} -in [gi::getWindows 2]
[02:17:18.89] /i gi::setCurrentIndex {cells} -index {NAND2_2} -in [gi::getWindows 2]
[02:17:18.90] /i gi::setItemSelection {cells} -index {NAND2_2} -in [gi::getWindows 2]
[02:17:19.76] /i gi::sortItems {views} -column {Views} -order {descending} -in [gi::getWindows 2]
[02:17:21.38] /i gi::sortItems {views} -column {Views} -order {ascending} -in [gi::getWindows 2]
[02:17:22.30] /i gi::setCurrentIndex {views} -index {layout} -in [gi::getWindows 2]
[02:17:22.30] /i gi::setItemSelection {views} -index {layout} -in [gi::getWindows 2]
[02:17:22.44] /i gi::executeAction dmOpen -in [gi::getWindows 2]
[02:17:22.47] /r giWindowId 42
[02:17:22.47] /r giWindowGeometry 1632x1020
[02:17:22.49] /# de::setActiveLPP [de::getLPPs "exclude blockage" -from [db::getAttr editDesign -of [de::getContexts -window 42]]]
[02:17:38.92] /i gi::setField {stopLevel} -value {3} -in [gi::getToolbars {leHierarchy} -from [gi::getWindows 42]]
[02:17:40.93] /i gi::setActiveWindow 2
[02:17:40.93] /i gi::setActiveWindow 2 -raise true
[02:17:42.51] /i gi::setCurrentIndex {cellCategories} -index {FULL_ADDER_2BIT} -in [gi::getWindows 2]
[02:17:42.51] /i gi::setItemSelection {cellCategories} -index {FULL_ADDER_2BIT} -in [gi::getWindows 2]
[02:17:43.48] /i gi::sortItems {cells} -column {Cells} -order {descending} -in [gi::getWindows 2]
[02:17:44.83] /i gi::setCurrentIndex {cellCategories} -index {LAB3} -in [gi::getWindows 2]
[02:17:44.83] /i gi::setItemSelection {cellCategories} -index {LAB3} -in [gi::getWindows 2]
[02:17:45.65] /i gi::setCurrentIndex {cells} -index {tb_full_adder_2bit} -in [gi::getWindows 2]
[02:17:45.65] /i gi::setItemSelection {cells} -index {tb_full_adder_2bit} -in [gi::getWindows 2]
[02:17:45.98] /i gi::setCurrentIndex {cells} -index {full_adder} -in [gi::getWindows 2]
[02:17:45.98] /i gi::setItemSelection {cells} -index {full_adder} -in [gi::getWindows 2]
[02:17:46.27] /i gi::setCurrentIndex {cells} -index {NAND2_tb_2} -in [gi::getWindows 2]
[02:17:46.27] /i gi::setItemSelection {cells} -index {NAND2_tb_2} -in [gi::getWindows 2]
[02:17:46.81] /i gi::setCurrentIndex {cells} -index {full_adder} -in [gi::getWindows 2]
[02:17:46.81] /i gi::setItemSelection {cells} -index {full_adder} -in [gi::getWindows 2]
[02:17:47.93] /i gi::setCurrentIndex {cells} -index {NAND2_tb} -in [gi::getWindows 2]
[02:17:47.93] /i gi::setItemSelection {cells} -index {NAND2_tb} -in [gi::getWindows 2]
[02:17:48.46] /i gi::setCurrentIndex {cells} -index {NAND2_tb_2} -in [gi::getWindows 2]
[02:17:48.46] /i gi::setItemSelection {cells} -index {NAND2_tb_2} -in [gi::getWindows 2]
[02:17:48.80] /i gi::setCurrentIndex {cells} -index {NAND2_tb} -in [gi::getWindows 2]
[02:17:48.81] /i gi::setItemSelection {cells} -index {NAND2_tb} -in [gi::getWindows 2]
[02:17:50.27] /i gi::setCurrentIndex {cells} -index {NAND2_2} -in [gi::getWindows 2]
[02:17:50.27] /i gi::setItemSelection {cells} -index {NAND2_2} -in [gi::getWindows 2]
[02:17:51.13] /i gi::setCurrentIndex {views} -index {layout} -in [gi::getWindows 2]
[02:17:51.13] /i gi::setItemSelection {views} -index {layout} -in [gi::getWindows 2]
[02:17:51.87] /i gi::executeAction dmOpen -in [gi::getWindows 2]
[02:17:51.87] /r giWindowId 43
[02:17:51.88] /r giWindowGeometry 1632x1020
[02:17:51.90] /# de::setActiveLPP [de::getLPPs "exclude blockage" -from [db::getAttr editDesign -of [de::getContexts -window 43]]]
[02:17:54.14] /# gi::executeAction deSelectActive -in [gi::getWindows 43]
[02:17:54.14] /i de::deselectAll [db::getNext [de::getContexts -window 43]]
[02:17:54.15] /i de::select [de::getActiveFigure [gi::getWindows 43] -point {-6.834 5.835} -index 0 -intent none]
[02:17:54.15] /o oa:0x1eabba90
[02:17:54.74] /# gi::executeAction deCanvasZoomInAtPoint -in [gi::getWindows 43]
[02:17:54.74] /i de::zoom -window [gi::getWindows 43] -factor 2.0 -center {-6.834 5.835}
[02:17:54.75] /o {-10.054 4.453} {-4.383 7.453}
[02:17:56.01] /# gi::executeAction leVia -in [gi::getWindows 43]
[02:17:56.01] /i ile::createVia
[02:17:56.05] /o oa:0x233d3d80
[02:17:57.87] /i gi::setField {viaAuto} -value {true} -in [gi::getToolbars {deCommandOptions} -from [gi::getWindows 43]]
[02:17:59.41] /# gi::executeAction deCanvasZoomInAtPoint -in [gi::getWindows 43]
[02:17:59.41] /i de::zoom -window [gi::getWindows 43] -factor 2.0 -center {-7.061 5.868}
[02:17:59.41] /o {-8.557 5.16} {-5.722 6.66}
[02:18:00.05] /# gi::executeAction deCanvasZoomInAtPoint -in [gi::getWindows 43]
[02:18:00.05] /i de::zoom -window [gi::getWindows 43] -factor 2.0 -center {-7.029 5.873}
[02:18:00.05] /o {-7.793 5.517} {-6.375 6.267}
[02:18:01.31] /# gi::executeAction deAbortCommand -in [gi::getWindows 43]
[02:18:01.31] /i de::abortCommand -context [db::getNext [de::getContexts -window 43]]
[02:18:01.67] /# gi::executeAction deSelectActive -in [gi::getWindows 43]
[02:18:01.67] /i de::cycleActiveFigure [gi::getWindows 43] -direction next
[02:18:01.67] /o oa:0x204d1d30
[02:18:02.24] /# gi::executeAction leDelete -in [gi::getWindows 43]
[02:18:02.24] /i ile::delete
[02:18:02.73] /# gi::executeAction deCanvasZoomOutAtPoint -in [gi::getWindows 43]
[02:18:02.73] /i de::zoom -window [gi::getWindows 43] -factor 0.5 -center {-6.718 5.85}
[02:18:02.73] /o {-8.868 5.183} {-6.033 6.683}
[02:18:02.80] /# gi::executeAction deCanvasZoomOutAtPoint -in [gi::getWindows 43]
[02:18:02.80] /i de::zoom -window [gi::getWindows 43] -factor 0.5 -center {-6.733 5.849}
[02:18:02.80] /o {-11.004 4.518} {-5.333 7.518}
[02:18:03.25] /# gi::executeAction deCanvasZoomOutAtPoint -in [gi::getWindows 43]
[02:18:03.25] /i de::zoom -window [gi::getWindows 43] -factor 0.5 -center {-6.759 5.857}
[02:18:03.25] /o {-15.249 3.178} {-3.906 9.178}
[02:18:03.28] /# gi::executeAction deCanvasZoomOutAtPoint -in [gi::getWindows 43]
[02:18:03.28] /i de::zoom -window [gi::getWindows 43] -factor 0.5 -center {-6.758 5.857}
[02:18:03.28] /o {-23.74 0.499} {-1.054 12.499}
[02:18:03.53] /# gi::executeAction deFitView -in [gi::getWindows 43]
[02:18:03.53] /i de::fit -window 43 -fitView true
[02:18:03.53] /o {-13.284 3.07} {-1.941 9.07}
[02:18:48.56] /# gi::executeAction leRectangle -in [gi::getWindows 43]
[02:18:48.56] /i ile::createRectangle
[02:18:49.23] /# gi::executeAction deAbortCommand -in [gi::getWindows 43]
[02:18:49.23] /i de::abortCommand -context [db::getNext [de::getContexts -window 43]]
[02:18:55.13] /i de::setActiveLPP [de::getLPPs "m2 drawing" -from [db::getAttr editDesign -of [de::getContexts -window 43]]]
[02:18:57.38] /# gi::executeAction leRectangle -in [gi::getWindows 43]
[02:18:57.38] /i ile::createRectangle
[02:18:58.50] /# gi::executeAction deCanvasZoomOutAtPoint -in [gi::getWindows 43]
[02:18:58.50] /i de::zoom -window [gi::getWindows 43] -factor 0.5 -center {-9.378 8.348}
[02:18:58.50] /o {-17.19 -2.208} {5.496 9.792}
[02:18:58.70] /# gi::executeAction deFitView -in [gi::getWindows 43]
[02:18:58.70] /i de::fit -window 43 -fitView true
[02:18:58.70] /o {-13.284 3.07} {-1.941 9.07}
[02:18:59.29] /# gi::executeAction deCanvasZoomOutAtPoint -in [gi::getWindows 43]
[02:18:59.29] /i de::zoom -window [gi::getWindows 43] -factor 0.5 -center {-8.338 8.615}
[02:18:59.29] /o {-18.23 -2.475} {4.456 9.525}
[02:18:59.40] /# gi::executeAction deCanvasZoomOutAtPoint -in [gi::getWindows 43]
[02:18:59.40] /i de::zoom -window [gi::getWindows 43] -factor 0.5 -center {-8.338 8.615}
[02:18:59.40] /o {-28.122 -13.565} {17.25 10.435}
[02:19:00.45] /# gi::executeAction deStartDrag -in [gi::getWindows 43]
[02:19:00.45] /i de::startDrag {-8.974 9.655} -context [db::getNext [de::getContexts -window 43]]
[02:19:01.17] /# gi::executeAction deEndDrag -in [gi::getWindows 43]
[02:19:01.17] /i de::endDrag {-6.028 9.02} -context [db::getNext [de::getContexts -window 43]]
[02:19:01.42] /# gi::executeAction deCanvasZoomInAtPoint -in [gi::getWindows 43]
[02:19:01.42] /i de::zoom -window [gi::getWindows 43] -factor 2.0 -center {-6.952 9.626}
[02:19:01.42] /o {-17.537 -1.969} {5.149 10.031}
[02:19:01.50] /# gi::executeAction deCanvasZoomInAtPoint -in [gi::getWindows 43]
[02:19:01.50] /i de::zoom -window [gi::getWindows 43] -factor 2.0 -center {-6.952 9.669}
[02:19:01.50] /o {-12.244 3.85} {-0.902 9.85}
[02:19:01.55] /# gi::executeAction deAbortCommand -in [gi::getWindows 43]
[02:19:01.55] /i de::abortCommand -context [db::getNext [de::getContexts -window 43]]
[02:19:01.91] /# gi::executeAction deSelectActive -in [gi::getWindows 43]
[02:19:01.91] /i de::deselectAll [db::getNext [de::getContexts -window 43]]
[02:19:01.91] /i de::select [de::getActiveFigure [gi::getWindows 43] -point {-6.974 9.366} -index 0 -intent none]
[02:19:01.91] /o oa:0x215c8940
[02:19:02.99] /i gi::setItemSelection {attributes} -index {height,all} -in [gi::getAssistants dePropertyEditor -from [gi::getWindows 43]]
[02:19:02.99] /i gi::setCurrentIndex {attributes} -index {height,Value} -in [gi::getAssistants dePropertyEditor -from [gi::getWindows 43]]
[02:19:04.78] /i gi::setField {attributes} -value {0.72} -index {height,Value} -in [gi::getAssistants dePropertyEditor -from [gi::getWindows 43]]
[02:19:04.78] /i gi::executeAction dePropertyEditorApplyChanges -in [gi::getAssistants dePropertyEditor -from [gi::getWindows 43]]
[02:19:06.24] /# gi::executeAction deSelectActive -in [gi::getWindows 43]
[02:19:06.24] /i de::cycleActiveFigure [gi::getWindows 43] -direction next
[02:19:06.24] /o oa:0x23105580
[02:19:06.81] /# gi::executeAction leStartStretchDrag -in [gi::getWindows 43]
[02:19:06.81] /i layout_editor::directStretch [de::getActiveFigure [gi::getWindows 43] -point {-6.649 9.301} -index 0 -intent none] 43
[02:19:06.81] /# ile::stretch -point {-6.65 9.3}
[02:19:07.59] /# gi::executeAction deEndDrag -in [gi::getWindows 43]
[02:19:07.59] /i de::endDrag {-6.562 9.07} -context [db::getNext [de::getContexts -window 43]]
[02:19:07.83] /# gi::executeAction deSelectActive -in [gi::getWindows 43]
[02:19:07.83] /i de::deselectAll [db::getNext [de::getContexts -window 43]]
[02:19:07.83] /i de::deselectAllLogic -context [db::getNext [de::getContexts -window 43]]
[02:19:08.01] /# gi::executeAction deCanvasZoomInAtPoint -in [gi::getWindows 43]
[02:19:08.01] /i de::zoom -window [gi::getWindows 43] -factor 2.0 -center {-5.717 9.2}
[02:19:08.01] /o {-8.981 6.525} {-3.309 9.525}
[02:19:08.10] /# gi::executeAction deCanvasZoomInAtPoint -in [gi::getWindows 43]
[02:19:08.10] /i de::zoom -window [gi::getWindows 43] -factor 2.0 -center {-5.717 9.2}
[02:19:08.10] /o {-7.349 7.862} {-4.513 9.362}
[02:19:08.25] /# gi::executeAction leStretch -in [gi::getWindows 43]
[02:19:08.25] /i ile::stretch
[02:19:08.97] /# gi::executeAction deAddPoint -in [gi::getWindows 43]
[02:19:08.97] /i de::addPoint {-6.033 9.117} -context [db::getNext [de::getContexts -window 43]]
[02:19:10.55] /# gi::executeAction deAddPoint -in [gi::getWindows 43]
[02:19:10.55] /i de::addPoint {-6.596 9.101} -context [db::getNext [de::getContexts -window 43]]
[02:19:38.96] /# gi::executeAction deFitView -in [gi::getWindows 43]
[02:19:38.96] /i de::fit -window 43 -fitView true
[02:19:38.96] /o {-14.231 3.029} {-1.334 9.851}
[02:19:39.91] /# gi::executeAction deCanvasZoomInAtPoint -in [gi::getWindows 43]
[02:19:39.92] /i de::zoom -window [gi::getWindows 43] -factor 2.0 -center {-8.961 9.424}
[02:19:39.92] /o {-11.596 6.226} {-5.147 9.638}
[02:19:40.29] /# gi::executeAction deCanvasZoomInAtPoint -in [gi::getWindows 43]
[02:19:40.29] /i de::zoom -window [gi::getWindows 43] -factor 2.0 -center {-9.006 9.018}
[02:19:40.29] /o {-10.301 7.622} {-7.077 9.328}
[02:19:40.40] /# gi::executeAction deCanvasZoomInAtPoint -in [gi::getWindows 43]
[02:19:40.40] /i de::zoom -window [gi::getWindows 43] -factor 2.0 -center {-9.006 9.018}
[02:19:40.40] /o {-9.654 8.32} {-8.041 9.173}
[02:19:40.55] /# gi::executeAction leStretch -in [gi::getWindows 43]
[02:19:40.55] /i ile::stretch
[02:19:41.14] /# gi::executeAction deAddPoint -in [gi::getWindows 43]
[02:19:41.14] /i de::addPoint {-8.978 9.031} -context [db::getNext [de::getContexts -window 43]]
[02:19:43.00] /# gi::executeAction deAddPoint -in [gi::getWindows 43]
[02:19:43.00] /i de::addPoint {-8.631 8.97} -context [db::getNext [de::getContexts -window 43]]
[02:19:43.22] /# gi::executeAction deFitView -in [gi::getWindows 43]
[02:19:43.22] /i de::fit -window 43 -fitView true
[02:19:43.22] /o {-14.056 3.029} {-1.159 9.851}
[02:19:43.82] /# gi::executeAction deCanvasZoomInAtPoint -in [gi::getWindows 43]
[02:19:43.82] /i de::zoom -window [gi::getWindows 43] -factor 2.0 -center {-8.268 7.29}
[02:19:43.83] /o {-11.162 5.159} {-4.713 8.571}
[02:19:44.21] /# gi::executeAction deFitView -in [gi::getWindows 43]
[02:19:44.21] /i de::fit -window 43 -fitView true
[02:19:44.21] /o {-14.056 3.029} {-1.159 9.851}
[02:19:45.57] /# gi::executeAction leRectangle -in [gi::getWindows 43]
[02:19:45.57] /i ile::createRectangle
[02:19:49.24] /i de::setActiveLPP [de::getLPPs "m1 drawing" -from [db::getAttr editDesign -of [de::getContexts -window 43]]]
[02:19:50.15] /# gi::executeAction leRectangle -in [gi::getWindows 43]
[02:19:50.15] /i ile::createRectangle
[02:19:50.33] /# gi::executeAction deFitView -in [gi::getWindows 43]
[02:19:50.33] /i de::fit -window 43 -fitView true
[02:19:50.33] /o {-14.056 3.029} {-1.159 9.851}
[02:19:50.73] /# gi::executeAction deCanvasZoomInAtPoint -in [gi::getWindows 43]
[02:19:50.73] /i de::zoom -window [gi::getWindows 43] -factor 2.0 -center {-7.989 9.088}
[02:19:50.73] /o {-11.023 6.058} {-4.574 9.47}
[02:19:50.85] /# gi::executeAction deCanvasZoomInAtPoint -in [gi::getWindows 43]
[02:19:50.85] /i de::zoom -window [gi::getWindows 43] -factor 2.0 -center {-8.026 9.121}
[02:19:50.85] /o {-9.524 7.59} {-6.3 9.295}
[02:19:50.99] /# gi::executeAction deCanvasZoomInAtPoint -in [gi::getWindows 43]
[02:19:50.99] /i de::zoom -window [gi::getWindows 43] -factor 2.0 -center {-8.026 9.121}
[02:19:50.99] /o {-8.775 8.355} {-7.163 9.208}
[02:19:52.26] /# gi::executeAction deCanvasZoomOutAtPoint -in [gi::getWindows 43]
[02:19:52.26] /i de::zoom -window [gi::getWindows 43] -factor 0.5 -center {-7.949 8.419}
[02:19:52.26] /o {-9.601 8.292} {-6.377 9.997}
[02:19:52.67] /# gi::executeAction deCanvasZoomInAtPoint -in [gi::getWindows 43]
[02:19:52.67] /i de::zoom -window [gi::getWindows 43] -factor 2.0 -center {-7.943 8.444}
[02:19:52.67] /o {-8.772 8.368} {-7.16 9.221}
[02:19:52.94] /# gi::executeAction deFitView -in [gi::getWindows 43]
[02:19:52.94] /i de::fit -window 43 -fitView true
[02:19:52.94] /o {-14.056 3.029} {-1.159 9.851}
[02:19:53.59] /# gi::executeAction deCanvasZoomInAtPoint -in [gi::getWindows 43]
[02:19:53.59] /i de::zoom -window [gi::getWindows 43] -factor 2.0 -center {-7.53 9.038}
[02:19:53.59] /o {-10.793 6.033} {-4.344 9.445}
[02:19:53.68] /# gi::executeAction deCanvasZoomInAtPoint -in [gi::getWindows 43]
[02:19:53.68] /i de::zoom -window [gi::getWindows 43] -factor 2.0 -center {-7.526 8.985}
[02:19:53.68] /o {-9.16 7.509} {-5.935 9.215}
[02:19:53.86] /# gi::executeAction deCanvasZoomInAtPoint -in [gi::getWindows 43]
[02:19:53.86] /i de::zoom -window [gi::getWindows 43] -factor 2.0 -center {-7.618 8.689}
[02:19:53.86] /o {-8.389 8.099} {-6.777 8.952}
[02:19:55.21] /# gi::executeAction deAddPoint -in [gi::getWindows 43]
[02:19:55.21] /i de::addPoint {-7.966 8.358} -context [db::getNext [de::getContexts -window 43]]
[02:19:55.96] /# gi::executeAction deCanvasZoomOutAtPoint -in [gi::getWindows 43]
[02:19:55.96] /i de::zoom -window [gi::getWindows 43] -factor 0.5 -center {-7.846 8.871}
[02:19:55.96] /o {-8.932 7.327} {-5.707 9.033}
[02:19:57.29] /# gi::executeAction deFitView -in [gi::getWindows 43]
[02:19:57.29] /i de::fit -window 43 -fitView true
[02:19:57.29] /o {-14.056 3.029} {-1.159 9.851}
[02:19:58.32] /# gi::executeAction deCanvasZoomInAtPoint -in [gi::getWindows 43]
[02:19:58.32] /i de::zoom -window [gi::getWindows 43] -factor 2.0 -center {-8.039 9.531}
[02:19:58.32] /o {-11.048 6.28} {-4.599 9.691}
[02:19:58.53] /# gi::executeAction deCanvasZoomInAtPoint -in [gi::getWindows 43]
[02:19:58.53] /i de::zoom -window [gi::getWindows 43] -factor 2.0 -center {-8.039 9.531}
[02:19:58.53] /o {-9.543 7.905} {-6.319 9.611}
[02:19:59.72] /# gi::executeAction deCanvasZoomInAtPoint -in [gi::getWindows 43]
[02:19:59.72] /i de::zoom -window [gi::getWindows 43] -factor 2.0 -center {-7.862 9.332}
[02:19:59.72] /o {-8.703 8.619} {-7.09 9.472}
[02:20:00.42] /# gi::executeAction deCanvasZoomOutAtPoint -in [gi::getWindows 43]
[02:20:00.42] /i de::zoom -window [gi::getWindows 43] -factor 0.5 -center {-7.867 9.321}
[02:20:00.42] /o {-9.538 7.916} {-6.314 9.622}
[02:20:00.47] /# gi::executeAction deFitView -in [gi::getWindows 43]
[02:20:00.47] /i de::fit -window 43 -fitView true
[02:20:00.47] /o {-14.056 3.029} {-1.159 9.851}
[02:20:01.04] /# gi::executeAction deCanvasZoomInAtPoint -in [gi::getWindows 43]
[02:20:01.04] /i de::zoom -window [gi::getWindows 43] -factor 2.0 -center {-7.579 9.079}
[02:20:01.04] /o {-10.818 6.054} {-4.369 9.465}
[02:20:01.24] /# gi::executeAction deCanvasZoomInAtPoint -in [gi::getWindows 43]
[02:20:01.24] /i de::zoom -window [gi::getWindows 43] -factor 2.0 -center {-7.604 9.092}
[02:20:01.24] /o {-9.211 7.573} {-5.986 9.279}
[02:20:05.40] /# gi::executeAction deAddPoint -in [gi::getWindows 43]
[02:20:05.40] /i de::addPoint {-7.866 9.184} -context [db::getNext [de::getContexts -window 43]]
[02:20:05.71] /# gi::executeAction deAbortCommand -in [gi::getWindows 43]
[02:20:05.71] /i de::abortCommand -context [db::getNext [de::getContexts -window 43]]
[02:20:06.05] /# gi::executeAction deSelectActive -in [gi::getWindows 43]
[02:20:06.05] /i de::deselectAll [db::getNext [de::getContexts -window 43]]
[02:20:06.05] /i de::select [de::getActiveFigure [gi::getWindows 43] -point {-7.897 8.981} -index 0 -intent none]
[02:20:06.05] /o oa:0x214bf730
[02:20:06.20] /# gi::executeAction leCopy -in [gi::getWindows 43]
[02:20:06.20] /i ile::copy
[02:20:06.67] /# gi::executeAction deAddPoint -in [gi::getWindows 43]
[02:20:06.67] /i de::addPoint {-7.903 8.983} -context [db::getNext [de::getContexts -window 43]]
[02:20:09.34] /# gi::executeAction deAddPoint -in [gi::getWindows 43]
[02:20:09.34] /i de::addPoint {-7.204 8.944} -context [db::getNext [de::getContexts -window 43]]
[02:20:10.85] /# gi::executeAction leVia -in [gi::getWindows 43]
[02:20:10.85] /i ile::createVia
[02:20:10.89] /o oa:0x20e88580
[02:20:11.81] /# gi::executeAction deAddPoint -in [gi::getWindows 43]
[02:20:11.81] /i de::addPoint {-7.897 9.067} -context [db::getNext [de::getContexts -window 43]]
[02:20:12.26] /# gi::executeAction deAddPoint -in [gi::getWindows 43]
[02:20:12.26] /i de::addPoint {-7.183 9.03} -context [db::getNext [de::getContexts -window 43]]
[02:20:12.50] /# gi::executeAction deAbortCommand -in [gi::getWindows 43]
[02:20:12.50] /i de::abortCommand -context [db::getNext [de::getContexts -window 43]]
[02:20:13.07] /# gi::executeAction deSelectActive -in [gi::getWindows 43]
[02:20:13.07] /i de::deselectAll [db::getNext [de::getContexts -window 43]]
[02:20:13.08] /i de::select [de::getActiveFigure [gi::getWindows 43] -point {-7.897 9.112} -index 0 -intent none]
[02:20:13.08] /o oa:0x1e6aab40
[02:20:14.28] /i gi::setItemSelection {attributes} -index {height,all} -in [gi::getAssistants dePropertyEditor -from [gi::getWindows 43]]
[02:20:14.28] /i gi::setCurrentIndex {attributes} -index {height,Value} -in [gi::getAssistants dePropertyEditor -from [gi::getWindows 43]]
[02:20:15.74] /# gi::executeAction deSelectActive -in [gi::getWindows 43]
[02:20:15.74] /i de::deselectAll [db::getNext [de::getContexts -window 43]]
[02:20:15.74] /i de::deselectAllLogic -context [db::getNext [de::getContexts -window 43]]
[02:20:18.86] /i de::undoTransaction -design [db::getAttr editDesign -of [de::getContexts -window 43]] -steps 1
[02:20:19.02] /i de::undoTransaction -design [db::getAttr editDesign -of [de::getContexts -window 43]] -steps 1
[02:20:19.92] /# gi::executeAction deSelectActive -in [gi::getWindows 43]
[02:20:19.92] /i de::deselectAll [db::getNext [de::getContexts -window 43]]
[02:20:19.93] /i de::select [de::getActiveFigure [gi::getWindows 43] -point {-7.854 9.043} -index 0 -intent none]
[02:20:19.93] /o oa:0x1e63c290
[02:20:20.36] /# gi::executeAction deSelectActive -in [gi::getWindows 43]
[02:20:20.36] /i de::cycleActiveFigure [gi::getWindows 43] -direction next
[02:20:20.36] /o oa:0x205864e0
[02:20:20.36] /i de::deselectAll [db::getNext [de::getContexts -window 43]]
[02:20:20.36] /i de::select [de::getActiveFigure [gi::getWindows 43] -point {-7.897 9.043} -index 1 -intent none]
[02:20:20.36] /o oa:0x1f597b20
[02:20:21.53] /i gi::setItemSelection {attributes} -index {height,all} -in [gi::getAssistants dePropertyEditor -from [gi::getWindows 43]]
[02:20:21.53] /i gi::setCurrentIndex {attributes} -index {height,Value} -in [gi::getAssistants dePropertyEditor -from [gi::getWindows 43]]
[02:20:22.43] /i gi::setField {attributes} -value {0.9} -index {height,Value} -in [gi::getAssistants dePropertyEditor -from [gi::getWindows 43]]
[02:20:22.43] /i gi::executeAction dePropertyEditorApplyChanges -in [gi::getAssistants dePropertyEditor -from [gi::getWindows 43]]
[02:20:23.72] /# gi::executeAction deCanvasZoomOutAtPoint -in [gi::getWindows 43]
[02:20:23.72] /i de::zoom -window [gi::getWindows 43] -factor 0.5 -center {-7.573 8.833}
[02:20:23.72] /o {-10.849 6.313} {-4.4 9.724}
[02:20:26.41] /i de::undoTransaction -design [db::getAttr editDesign -of [de::getContexts -window 43]] -steps 1
[02:20:27.64] /# gi::executeAction deSelectActive -in [gi::getWindows 43]
[02:20:27.64] /i de::deselectAll [db::getNext [de::getContexts -window 43]]
[02:20:27.64] /i de::select [de::getActiveFigure [gi::getWindows 43] -point {-7.868 8.759} -index 0 -intent none]
[02:20:27.64] /o oa:0x1f9caa70
[02:20:28.15] /# gi::executeAction deSelectActive -in [gi::getWindows 43]
[02:20:28.15] /i de::cycleActiveFigure [gi::getWindows 43] -direction next
[02:20:28.15] /o oa:0x2045a780
[02:20:28.15] /i de::cycleActiveFigure [gi::getWindows 43] -direction next
[02:20:28.15] /o oa:0x21705730
[02:20:28.15] /i de::cycleActiveFigure [gi::getWindows 43] -direction next
[02:20:28.15] /o oa:0x1f6d5e80
[02:20:28.15] /i de::deselectAll [db::getNext [de::getContexts -window 43]]
[02:20:28.15] /i de::select [de::getActiveFigure [gi::getWindows 43] -point {-7.901 8.727} -index 3 -intent none]
[02:20:28.15] /o oa:0x1d9561f0
[02:20:30.03] /# gi::executeAction deSelectActive -in [gi::getWindows 43]
[02:20:30.03] /i de::deselectAll [db::getNext [de::getContexts -window 43]]
[02:20:30.03] /i de::select [de::getActiveFigure [gi::getWindows 43] -point {-7.893 8.69} -index 0 -intent none]
[02:20:30.03] /o oa:0x210f40b0
[02:20:31.10] /i gi::setItemSelection {attributes} -index {height,all} -in [gi::getAssistants dePropertyEditor -from [gi::getWindows 43]]
[02:20:31.11] /i gi::setCurrentIndex {attributes} -index {height,Value} -in [gi::getAssistants dePropertyEditor -from [gi::getWindows 43]]
[02:20:32.17] /i gi::setField {attributes} -value {0.9} -index {height,Value} -in [gi::getAssistants dePropertyEditor -from [gi::getWindows 43]]
[02:20:32.17] /i gi::executeAction dePropertyEditorApplyChanges -in [gi::getAssistants dePropertyEditor -from [gi::getWindows 43]]
[02:20:33.07] /# gi::executeAction deCanvasZoomInAtPoint -in [gi::getWindows 43]
[02:20:33.07] /i de::zoom -window [gi::getWindows 43] -factor 2.0 -center {-6.662 8.813}
[02:20:33.07] /o {-8.755 7.563} {-5.531 9.269}
[02:20:33.17] /# gi::executeAction deCanvasZoomInAtPoint -in [gi::getWindows 43]
[02:20:33.17] /i de::zoom -window [gi::getWindows 43] -factor 2.0 -center {-6.691 8.805}
[02:20:33.17] /o {-7.723 8.184} {-6.111 9.037}
[02:20:34.02] /# gi::executeAction deSelectActive -in [gi::getWindows 43]
[02:20:34.02] /i de::deselectAll [db::getNext [de::getContexts -window 43]]
[02:20:34.02] /i de::select [de::getActiveFigure [gi::getWindows 43] -point {-7.199 8.71} -index 0 -intent none]
[02:20:34.02] /o oa:0x1f5e04e0
[02:20:35.22] /i gi::setItemSelection {attributes} -index {height,all} -in [gi::getAssistants dePropertyEditor -from [gi::getWindows 43]]
[02:20:35.22] /i gi::setCurrentIndex {attributes} -index {height,Value} -in [gi::getAssistants dePropertyEditor -from [gi::getWindows 43]]
[02:20:38.06] /i gi::setField {attributes} -value {0.9} -index {height,Value} -in [gi::getAssistants dePropertyEditor -from [gi::getWindows 43]]
[02:20:38.06] /i gi::executeAction dePropertyEditorApplyChanges -in [gi::getAssistants dePropertyEditor -from [gi::getWindows 43]]
[02:20:38.66] /i gi::setField {attributes} -value {0} -index {height,Value} -in [gi::getAssistants dePropertyEditor -from [gi::getWindows 43]]
[02:20:39.04] /# gi::executeAction deSelectActive -in [gi::getWindows 43]
[02:20:39.04] /i de::deselectAll [db::getNext [de::getContexts -window 43]]
[02:20:39.09] /r giDialog gi::setActiveDialog [gi::getDialogs {dbSelectionChange} -parent [gi::getWindows 43]]
[02:20:39.36] /r giDialog db::setAttr geometry -of [gi::getDialogs {dbSelectionChange} -parent [gi::getWindows 43]] -value 432x82+744+573
[02:20:40.12] /r giDialog gi::closeWindows [gi::getDialogs {dbSelectionChange} -parent [gi::getWindows 43]]
[02:20:40.13] /i de::deselectAllLogic -context [db::getNext [de::getContexts -window 43]]
[02:20:40.63] /# gi::executeAction deSelectActive -in [gi::getWindows 43]
[02:20:40.63] /i de::deselectAllLogic -context [db::getNext [de::getContexts -window 43]]
[02:20:40.84] /# gi::executeAction deCanvasZoomOutAtPoint -in [gi::getWindows 43]
[02:20:40.84] /i de::zoom -window [gi::getWindows 43] -factor 0.5 -center {-6.469 8.738}
[02:20:40.84] /o {-8.977 7.63} {-5.753 9.336}
[02:20:40.86] /# gi::executeAction deCanvasZoomOutAtPoint -in [gi::getWindows 43]
[02:20:40.86] /i de::zoom -window [gi::getWindows 43] -factor 0.5 -center {-6.469 8.738}
[02:20:40.86] /o {-11.486 6.522} {-5.037 9.933}
[02:20:40.98] /# gi::executeAction deFitView -in [gi::getWindows 43]
[02:20:40.98] /i de::fit -window 43 -fitView true
[02:20:40.98] /o {-14.056 3.029} {-1.159 9.851}
[02:20:41.63] /# gi::executeAction deCanvasZoomInAtPoint -in [gi::getWindows 43]
[02:20:41.63] /i de::zoom -window [gi::getWindows 43] -factor 2.0 -center {-7.004 9.276}
[02:20:41.63] /o {-10.53 6.152} {-4.081 9.564}
[02:20:43.28] /# gi::executeAction leVia -in [gi::getWindows 43]
[02:20:43.28] /i ile::createVia
[02:20:43.32] /o oa:0x210f1a70
[02:20:44.31] /# gi::executeAction deAddPoint -in [gi::getWindows 43]
[02:20:44.31] /i de::addPoint {-7.928 9.055} -context [db::getNext [de::getContexts -window 43]]
[02:20:45.24] /# gi::executeAction deAddPoint -in [gi::getWindows 43]
[02:20:45.24] /i de::addPoint {-7.213 9.141} -context [db::getNext [de::getContexts -window 43]]
[02:20:46.29] /# gi::executeAction deAbortCommand -in [gi::getWindows 43]
[02:20:46.29] /i de::abortCommand -context [db::getNext [de::getContexts -window 43]]
[02:20:46.71] /# gi::executeAction deCanvasZoomInAtPoint -in [gi::getWindows 43]
[02:20:46.71] /i de::zoom -window [gi::getWindows 43] -factor 2.0 -center {-8.322 9.473}
[02:20:46.71] /o {-9.426 7.813} {-6.202 9.518}
[02:20:47.03] /# gi::executeAction leStretch -in [gi::getWindows 43]
[02:20:47.03] /i ile::stretch
[02:20:48.24] /# gi::executeAction deAbortCommand -in [gi::getWindows 43]
[02:20:48.24] /i de::abortCommand -context [db::getNext [de::getContexts -window 43]]
[02:20:48.37] /# gi::executeAction deCanvasZoomInAtPoint -in [gi::getWindows 43]
[02:20:48.37] /i de::zoom -window [gi::getWindows 43] -factor 2.0 -center {-7.903 9.266}
[02:20:48.37] /o {-8.665 8.539} {-7.052 9.392}
[02:20:48.43] /# gi::executeAction deCanvasZoomInAtPoint -in [gi::getWindows 43]
[02:20:48.43] /i de::zoom -window [gi::getWindows 43] -factor 2.0 -center {-7.903 9.266}
[02:20:48.43] /o {-8.284 8.903} {-7.478 9.329}
[02:20:48.73] /# gi::executeAction leStretch -in [gi::getWindows 43]
[02:20:48.73] /i ile::stretch
[02:20:49.48] /# gi::executeAction deAddPoint -in [gi::getWindows 43]
[02:20:49.48] /i de::addPoint {-7.905 9.261} -context [db::getNext [de::getContexts -window 43]]
[02:20:50.47] /# gi::executeAction deCanvasZoomOutAtPoint -in [gi::getWindows 43]
[02:20:50.47] /i de::zoom -window [gi::getWindows 43] -factor 0.5 -center {-7.891 9.315}
[02:20:50.47] /o {-8.677 8.49} {-7.064 9.343}
[02:20:54.02] /# gi::executeAction deAddPoint -in [gi::getWindows 43]
[02:20:54.02] /i de::addPoint {-7.887 9.333} -context [db::getNext [de::getContexts -window 43]]
[02:20:55.61] /# gi::executeAction deAddPoint -in [gi::getWindows 43]
[02:20:55.61] /i de::addPoint {-7.214 9.26} -context [db::getNext [de::getContexts -window 43]]
[02:20:55.90] /# gi::executeAction deCanvasZoomOutAtPoint -in [gi::getWindows 43]
[02:20:55.90] /i de::zoom -window [gi::getWindows 43] -factor 0.5 -center {-7.238 9.262}
[02:20:55.90] /o {-10.115 7.719} {-6.891 9.424}
[02:20:57.52] /# gi::executeAction deAddPoint -in [gi::getWindows 43]
[02:20:57.52] /i de::addPoint {-7.209 9.357} -context [db::getNext [de::getContexts -window 43]]
[02:20:58.55] /# gi::executeAction deAbortCommand -in [gi::getWindows 43]
[02:20:58.55] /i de::abortCommand -context [db::getNext [de::getContexts -window 43]]
[02:20:59.21] /# gi::executeAction deSelectActive -in [gi::getWindows 43]
[02:20:59.21] /i de::deselectAll [db::getNext [de::getContexts -window 43]]
[02:20:59.21] /i de::select [de::getActiveFigure [gi::getWindows 43] -point {-7.915 9.24} -index 0 -intent none]
[02:20:59.21] /o oa:0x20b62460
[02:21:00.19] /# gi::executeAction leCopy -in [gi::getWindows 43]
[02:21:00.19] /i ile::copy
[02:21:00.69] /# gi::executeAction deAbortCommand -in [gi::getWindows 43]
[02:21:00.69] /i de::abortCommand -context [db::getNext [de::getContexts -window 43]]
[02:21:01.43] /# gi::executeAction deSelectActive -in [gi::getWindows 43]
[02:21:01.44] /i de::deselectAll [db::getNext [de::getContexts -window 43]]
[02:21:01.44] /i de::select [de::getActiveFigure [gi::getWindows 43] -point {-7.244 9.209} -index 0 -intent none]
[02:21:01.44] /o oa:0x21059730
[02:21:02.23] /# gi::executeAction leDelete -in [gi::getWindows 43]
[02:21:02.23] /i ile::delete
[02:21:02.66] /# gi::executeAction deSelectActive -in [gi::getWindows 43]
[02:21:02.66] /i de::deselectAll [db::getNext [de::getContexts -window 43]]
[02:21:02.67] /i de::select [de::getActiveFigure [gi::getWindows 43] -point {-7.188 9.096} -index 0 -intent none]
[02:21:02.67] /o oa:0x1f7192c0
[02:21:02.79] /# gi::executeAction leDelete -in [gi::getWindows 43]
[02:21:02.79] /i ile::delete
[02:21:03.52] /# gi::executeAction deSelectActive -in [gi::getWindows 43]
[02:21:03.52] /i de::deselectAll [db::getNext [de::getContexts -window 43]]
[02:21:03.52] /i de::select [de::getActiveFigure [gi::getWindows 43] -point {-7.896 9.034} -index 0 -intent none]
[02:21:03.52] /o oa:0x1fd46ca0
[02:21:03.96] /# gi::executeAction leDelete -in [gi::getWindows 43]
[02:21:03.96] /i ile::delete
[02:21:04.45] /# gi::executeAction deSelectActive -in [gi::getWindows 43]
[02:21:04.45] /i de::deselectAll [db::getNext [de::getContexts -window 43]]
[02:21:04.45] /i de::select [de::getActiveFigure [gi::getWindows 43] -point {-7.868 9.034} -index 0 -intent none]
[02:21:04.45] /o oa:0x215a5920
[02:21:04.67] /# gi::executeAction leDelete -in [gi::getWindows 43]
[02:21:04.67] /i ile::delete
[02:21:06.60] /i de::undoTransaction -design [db::getAttr editDesign -of [de::getContexts -window 43]] -steps 1
[02:21:06.71] /i de::undoTransaction -design [db::getAttr editDesign -of [de::getContexts -window 43]] -steps 1
[02:21:07.02] /# gi::executeAction deCanvasZoomInAtPoint -in [gi::getWindows 43]
[02:21:07.02] /i de::zoom -window [gi::getWindows 43] -factor 2.0 -center {-8.05 9.207}
[02:21:07.02] /o {-9.083 8.463} {-7.47 9.316}
[02:21:07.10] /# gi::executeAction deCanvasZoomInAtPoint -in [gi::getWindows 43]
[02:21:07.10] /i de::zoom -window [gi::getWindows 43] -factor 2.0 -center {-8.01 9.182}
[02:21:07.10] /o {-8.546 8.822} {-7.74 9.249}
[02:21:07.72] /# gi::executeAction deSelectActive -in [gi::getWindows 43]
[02:21:07.72] /i de::deselectAll [db::getNext [de::getContexts -window 43]]
[02:21:07.72] /i de::select [de::getActiveFigure [gi::getWindows 43] -point {-7.82 9.05} -index 0 -intent none]
[02:21:07.72] /o oa:0x203d2590
[02:21:08.41] /# gi::executeAction leDelete -in [gi::getWindows 43]
[02:21:08.41] /i ile::delete
[02:21:09.16] /# gi::executeAction deFitView -in [gi::getWindows 43]
[02:21:09.16] /i de::fit -window 43 -fitView true
[02:21:09.16] /o {-14.056 3.029} {-1.159 9.851}
[02:21:10.42] /# gi::executeAction leVia -in [gi::getWindows 43]
[02:21:10.42] /i ile::createVia
[02:21:10.46] /o oa:0x175ea640
[02:21:10.72] /# gi::executeAction deCanvasZoomInAtPoint -in [gi::getWindows 43]
[02:21:10.72] /i de::zoom -window [gi::getWindows 43] -factor 2.0 -center {-7.915 9.473}
[02:21:10.72] /o {-10.986 6.251} {-4.537 9.662}
[02:21:10.82] /# gi::executeAction deCanvasZoomInAtPoint -in [gi::getWindows 43]
[02:21:10.82] /i de::zoom -window [gi::getWindows 43] -factor 2.0 -center {-7.915 9.473}
[02:21:10.82] /o {-9.45 7.862} {-6.226 9.568}
[02:21:11.84] /# gi::executeAction deAddPoint -in [gi::getWindows 43]
[02:21:11.84] /i de::addPoint {-7.915 9.017} -context [db::getNext [de::getContexts -window 43]]
[02:21:13.10] /# gi::executeAction deAddPoint -in [gi::getWindows 43]
[02:21:13.10] /i de::addPoint {-7.934 8.753} -context [db::getNext [de::getContexts -window 43]]
[02:21:13.63] /# gi::executeAction deAbortCommand -in [gi::getWindows 43]
[02:21:13.63] /i de::abortCommand -context [db::getNext [de::getContexts -window 43]]
[02:21:14.00] /# gi::executeAction deSelectActive -in [gi::getWindows 43]
[02:21:14.00] /i de::deselectAll [db::getNext [de::getContexts -window 43]]
[02:21:14.00] /i de::select [de::getActiveFigure [gi::getWindows 43] -point {-7.897 8.722} -index 0 -intent none]
[02:21:14.00] /o oa:0x21256270
[02:21:14.18] /# gi::executeAction leCopy -in [gi::getWindows 43]
[02:21:14.19] /i ile::copy
[02:21:14.63] /# gi::executeAction deAddPoint -in [gi::getWindows 43]
[02:21:14.63] /i de::addPoint {-7.909 8.724} -context [db::getNext [de::getContexts -window 43]]
[02:21:15.58] /# gi::executeAction deCanvasZoomInAtPoint -in [gi::getWindows 43]
[02:21:15.58] /i de::zoom -window [gi::getWindows 43] -factor 2.0 -center {-7.392 8.648}
[02:21:15.58] /o {-8.421 8.255} {-6.809 9.108}
[02:21:17.28] /# gi::executeAction deAddPoint -in [gi::getWindows 43]
[02:21:17.28] /i de::addPoint {-7.386 8.646} -context [db::getNext [de::getContexts -window 43]]
[02:21:17.76] /# gi::executeAction deCanvasZoomOutAtPoint -in [gi::getWindows 43]
[02:21:17.76] /i de::zoom -window [gi::getWindows 43] -factor 0.5 -center {-7.648 8.981}
[02:21:17.76] /o {-9.194 7.529} {-5.97 9.235}
[02:21:17.85] /# gi::executeAction deCanvasZoomOutAtPoint -in [gi::getWindows 43]
[02:21:17.85] /i de::zoom -window [gi::getWindows 43] -factor 0.5 -center {-7.975 9.011}
[02:21:17.85] /o {-10.414 6.047} {-3.965 9.458}
[02:21:18.75] /# gi::executeAction leVia -in [gi::getWindows 43]
[02:21:18.75] /i ile::createVia
[02:21:18.79] /o oa:0x1e62c6f0
[02:21:19.59] /# gi::executeAction deAddPoint -in [gi::getWindows 43]
[02:21:19.59] /i de::addPoint {-7.405 9.089} -context [db::getNext [de::getContexts -window 43]]
[02:21:21.05] /i gi::executeAction deSaveDesign -in [gi::getWindows 43]
[02:21:21.05] /m Information: Saving design 'inverter NAND2_2 layout'. (DESIGN_WINDOW-004)
[02:21:22.64] /# gi::executeAction xtDRCRun -in [gi::getWindows 43]
[02:21:22.64] /i xt::physicalVerification::executeRun drc 43
[02:21:22.71] /# xt::physicalVerification::executePve drc 43
[02:21:23.80] /r giWindowId 44
[02:21:23.81] /r giWindowGeometry 800x600
[02:21:24.66] /m Information: 
              /c =============================
              /c JobID: hercules_drc_427
              /c --- ERROR SUMMARY -----------
              /c 7.29: Minimum spacing for Metal 1 >= 0.1
              /c  EXTERNAL M1S { } (101) ................................. 2 violations found.
              /c 7.30: Minimum area of Metal 1 >= 0.04
              /c  AREA M1S { } (101) ..................................... 2 violations found.
              /c =============================
              /c 
[02:21:24.86] /j ::xt::hercules::vue::_private::registerConnection localhost:39836 tcp97 herculesVue_14 
[02:21:24.92] /j ::xt::hercules::vue::_private::isJobReady 
[02:21:24.92] /o false
[02:21:25.92] /j ::xt::hercules::vue::_private::isJobReady 
[02:21:25.92] /o false
[02:21:26.92] /m Information: Connection established with 'Hercules-VUE' running on 'localhost'.
[02:21:26.92] /j ::xt::hercules::vue::_private::isJobReady 
[02:21:26.92] /o true
[02:21:26.92] /j ::xt::hercules::vue::startFilter LAY 
[02:21:27.10] /j ::xt::hercules::vue::setInlibPath /home/itsupport/Desktop/lab1vlsi/synopsys_custom/NAND2_2.hercules.drc/. 
[02:21:27.13] /j ::xt::hercules::vue::setTopLayLCV inverter NAND2_2 layout 
[02:21:27.14] /j ::xt::hercules::vue::openCell inverter NAND2_2 layout 
[02:21:27.75] /i gi::executeAction giCloseWindow -in [gi::getWindows 42]
[02:21:28.34] /i gi::executeAction giCloseWindow -in [gi::getWindows 40]
[02:21:29.63] /i gi::setActiveWindow 43
[02:21:29.63] /i gi::setActiveWindow 43 -raise true
[02:21:31.95] /i gi::pressButton {ConsoleToggleButton} -in [db::getAttr statusbar -of [gi::getWindows 43]]
[02:21:32.26] /i db::setAttr dockSize -of [gi::getAssistants dePropertyEditor -from [gi::getWindows 43]] -value 290x926
[02:21:33.09] /i gi::pressButton {ConsoleToggleButton} -in [db::getAttr statusbar -of [gi::getWindows 43]]
[02:21:33.38] /i db::setAttr dockSize -of [gi::getAssistants dePropertyEditor -from [gi::getWindows 43]] -value 290x831
[02:21:33.50] /# gi::executeAction deCanvasZoomOutAtPoint -in [gi::getWindows 43]
[02:21:33.50] /i de::zoom -window [gi::getWindows 43] -factor 0.5 -center {-7.577 6.749}
[02:21:33.50] /o {-13.25 5.345} {-0.353 12.167}
[02:21:33.56] /# gi::executeAction deCanvasZoomOutAtPoint -in [gi::getWindows 43]
[02:21:33.56] /i de::zoom -window [gi::getWindows 43] -factor 0.5 -center {-7.725 6.051}
[02:21:33.56] /o {-18.775 4.639} {7.019 18.283}
[02:21:33.70] /# gi::executeAction deCanvasZoomOutAtPoint -in [gi::getWindows 43]
[02:21:33.70] /i de::zoom -window [gi::getWindows 43] -factor 0.5 -center {-8.136 4.787}
[02:21:33.70] /o {-29.415 4.491} {22.175 31.779}
[02:21:37.56] /m Information: Connection closed with 'Hercules-VUE' running on 'localhost'.
[02:21:38.31] /# gi::executeAction deAddPoint -in [gi::getWindows 43]
[02:21:38.31] /i de::addPoint {-5.837 8.136} -context [db::getNext [de::getContexts -window 43]]
[02:21:38.72] /# gi::executeAction deAbortCommand -in [gi::getWindows 43]
[02:21:38.72] /i de::abortCommand -context [db::getNext [de::getContexts -window 43]]
[02:21:38.92] /i gi::executeAction deCanvasDragCancel -in [gi::getWindows 43]
[02:21:39.15] /# gi::executeAction deFitView -in [gi::getWindows 43]
[02:21:39.15] /i de::fit -window 43 -fitView true
[02:21:39.15] /o {-14.056 3.029} {-1.159 9.851}
[02:21:39.97] /# gi::executeAction deSelectActive -in [gi::getWindows 43]
[02:21:39.97] /i de::deselectAll [db::getNext [de::getContexts -window 43]]
[02:21:39.97] /i de::select [de::getActiveFigure [gi::getWindows 43] -point {-6.717 9.203} -index 0 -intent none]
[02:21:39.97] /o oa:0x1ff0aff0
[02:21:40.19] /# gi::executeAction leCopy -in [gi::getWindows 43]
[02:21:40.19] /i ile::copy
[02:21:40.45] /# gi::executeAction deAddPoint -in [gi::getWindows 43]
[02:21:40.45] /i de::addPoint {-6.717 9.203} -context [db::getNext [de::getContexts -window 43]]
[02:21:42.25] /# gi::executeAction deCanvasZoomOutAtPoint -in [gi::getWindows 43]
[02:21:42.25] /i de::zoom -window [gi::getWindows 43] -factor 0.5 -center {-6.988 3.513}
[02:21:42.25] /o {-21.124 2.545} {4.67 16.189}
[02:21:42.29] /# gi::executeAction deCanvasZoomOutAtPoint -in [gi::getWindows 43]
[02:21:42.29] /i de::zoom -window [gi::getWindows 43] -factor 0.5 -center {-6.987 3.514}
[02:21:42.29] /o {-35.262 1.576} {16.328 28.864}
[02:21:43.72] /# gi::executeAction deCanvasZoomInAtPoint -in [gi::getWindows 43]
[02:21:43.72] /i de::zoom -window [gi::getWindows 43] -factor 2.0 -center {-6.955 2.922}
[02:21:43.72] /o {-21.108 2.249} {4.686 15.893}
[02:21:43.98] /# gi::executeAction deCanvasZoomInAtPoint -in [gi::getWindows 43]
[02:21:43.98] /i de::zoom -window [gi::getWindows 43] -factor 2.0 -center {-6.955 2.922}
[02:21:43.98] /o {-14.032 2.585} {-1.134 9.408}
[02:21:44.23] /# gi::executeAction deCanvasZoomInAtPoint -in [gi::getWindows 43]
[02:21:44.23] /i de::zoom -window [gi::getWindows 43] -factor 2.0 -center {-6.955 2.922}
[02:21:44.23] /o {-10.493 2.754} {-4.045 6.165}
[02:21:45.22] /# gi::executeAction deAddPoint -in [gi::getWindows 43]
[02:21:45.22] /i de::addPoint {-6.93 2.996} -context [db::getNext [de::getContexts -window 43]]
[02:21:46.57] /# gi::executeAction leRectangle -in [gi::getWindows 43]
[02:21:46.57] /i ile::createRectangle
[02:21:47.16] /# gi::executeAction deCanvasZoomInAtPoint -in [gi::getWindows 43]
[02:21:47.16] /i de::zoom -window [gi::getWindows 43] -factor 2.0 -center {-7.965 3.874}
[02:21:47.16] /o {-9.229 3.314} {-6.005 5.019}
[02:21:49.05] /# gi::executeAction deCanvasZoomInAtPoint -in [gi::getWindows 43]
[02:21:49.05] /i de::zoom -window [gi::getWindows 43] -factor 2.0 -center {-7.78 3.683}
[02:21:49.05] /o {-8.505 3.498} {-6.892 4.351}
[02:21:49.12] /# gi::executeAction deCanvasZoomInAtPoint -in [gi::getWindows 43]
[02:21:49.12] /i de::zoom -window [gi::getWindows 43] -factor 2.0 -center {-7.78 3.683}
[02:21:49.12] /o {-8.142 3.591} {-7.336 4.017}
[02:21:50.65] /# gi::executeAction deAddPoint -in [gi::getWindows 43]
[02:21:50.65] /i de::addPoint {-7.794 3.689} -context [db::getNext [de::getContexts -window 43]]
[02:21:50.99] /# gi::executeAction deCanvasZoomOutAtPoint -in [gi::getWindows 43]
[02:21:50.99] /i de::zoom -window [gi::getWindows 43] -factor 0.5 -center {-7.762 3.666}
[02:21:50.99] /o {-8.523 3.515} {-6.91 4.368}
[02:21:51.07] /# gi::executeAction deCanvasZoomOutAtPoint -in [gi::getWindows 43]
[02:21:51.07] /i de::zoom -window [gi::getWindows 43] -factor 0.5 -center {-7.759 3.665}
[02:21:51.07] /o {-9.286 3.366} {-6.062 5.071}
[02:21:51.14] /# gi::executeAction deCanvasZoomOutAtPoint -in [gi::getWindows 43]
[02:21:51.14] /i de::zoom -window [gi::getWindows 43] -factor 0.5 -center {-7.753 3.661}
[02:21:51.14] /o {-10.819 3.071} {-4.371 6.482}
[02:21:51.24] /# gi::executeAction deCanvasZoomOutAtPoint -in [gi::getWindows 43]
[02:21:51.24] /i de::zoom -window [gi::getWindows 43] -factor 0.5 -center {-7.749 3.645}
[02:21:51.24] /o {-13.89 2.496} {-0.992 9.319}
[02:21:52.51] /# gi::executeAction deCanvasZoomInAtPoint -in [gi::getWindows 43]
[02:21:52.51] /i de::zoom -window [gi::getWindows 43] -factor 2.0 -center {-7.65 2.833}
[02:21:52.51] /o {-10.77 2.665} {-4.321 6.076}
[02:21:52.91] /# gi::executeAction deCanvasZoomInAtPoint -in [gi::getWindows 43]
[02:21:52.91] /i de::zoom -window [gi::getWindows 43] -factor 2.0 -center {-7.65 2.833}
[02:21:52.91] /o {-9.21 2.749} {-5.986 4.454}
[02:21:55.54] /# gi::executeAction deAddPoint -in [gi::getWindows 43]
[02:21:55.54] /i de::addPoint {-7.695 2.858} -context [db::getNext [de::getContexts -window 43]]
[02:21:56.02] /# gi::executeAction deAddPoint -in [gi::getWindows 43]
[02:21:56.02] /i de::addPoint {-8.266 2.993} -context [db::getNext [de::getContexts -window 43]]
[02:21:57.56] /# gi::executeAction deAbortCommand -in [gi::getWindows 43]
[02:21:57.57] /i de::abortCommand -context [db::getNext [de::getContexts -window 43]]
[02:21:58.13] /# gi::executeAction deSelectActive -in [gi::getWindows 43]
[02:21:58.13] /i de::cycleActiveFigure [gi::getWindows 43] -direction next
[02:21:58.13] /o oa:0x2055b540
[02:21:59.63] /i gi::setItemSelection {attributes} -index {height,all} -in [gi::getAssistants dePropertyEditor -from [gi::getWindows 43]]
[02:21:59.63] /i gi::setCurrentIndex {attributes} -index {height,Value} -in [gi::getAssistants dePropertyEditor -from [gi::getWindows 43]]
[02:22:01.86] /i gi::setField {attributes} -value {0.7} -index {height,Value} -in [gi::getAssistants dePropertyEditor -from [gi::getWindows 43]]
[02:22:01.86] /i gi::executeAction dePropertyEditorApplyChanges -in [gi::getAssistants dePropertyEditor -from [gi::getWindows 43]]
[02:22:04.19] /i gi::setField {attributes} -value {0.72} -index {height,Value} -in [gi::getAssistants dePropertyEditor -from [gi::getWindows 43]]
[02:22:04.19] /i gi::executeAction dePropertyEditorApplyChanges -in [gi::getAssistants dePropertyEditor -from [gi::getWindows 43]]
[02:22:07.58] /# gi::executeAction deSelectActive -in [gi::getWindows 43]
[02:22:07.58] /i de::deselectAll [db::getNext [de::getContexts -window 43]]
[02:22:07.58] /i de::deselectAllLogic -context [db::getNext [de::getContexts -window 43]]
[02:22:09.59] /# gi::executeAction leVia -in [gi::getWindows 43]
[02:22:09.59] /i ile::createVia
[02:22:09.61] /o oa:0x1f39fbb0
[02:22:10.58] /# gi::executeAction deAddPoint -in [gi::getWindows 43]
[02:22:10.58] /i de::addPoint {-7.755 3.02} -context [db::getNext [de::getContexts -window 43]]
[02:22:11.01] /# gi::executeAction deCanvasZoomOutAtPoint -in [gi::getWindows 43]
[02:22:11.01] /i de::zoom -window [gi::getWindows 43] -factor 0.5 -center {-9.005 3.744}
[02:22:11.02] /o {-9.415 1.754} {-2.966 5.165}
[02:22:11.08] /# gi::executeAction deCanvasZoomOutAtPoint -in [gi::getWindows 43]
[02:22:11.08] /i de::zoom -window [gi::getWindows 43] -factor 0.5 -center {-9.008 3.745}
[02:22:11.08] /o {-9.822 -0.238} {3.076 6.585}
[02:22:11.42] /# gi::executeAction deFitView -in [gi::getWindows 43]
[02:22:11.42] /i de::fit -window 43 -fitView true
[02:22:11.42] /o {-14.886 2.195} {-0.329 9.895}
[02:22:15.36] /# gi::executeAction deCanvasZoomInAtPoint -in [gi::getWindows 43]
[02:22:15.36] /i de::zoom -window [gi::getWindows 43] -factor 2.0 -center {-7.038 2.575}
[02:22:15.36] /o {-10.962 2.385} {-3.684 6.235}
[02:22:15.43] /# gi::executeAction deCanvasZoomInAtPoint -in [gi::getWindows 43]
[02:22:15.43] /i de::zoom -window [gi::getWindows 43] -factor 2.0 -center {-7.038 2.575}
[02:22:15.43] /o {-9.0 2.48} {-5.361 4.405}
[02:22:15.80] /# gi::executeAction deAbortCommand -in [gi::getWindows 43]
[02:22:15.80] /i de::abortCommand -context [db::getNext [de::getContexts -window 43]]
[02:22:16.22] /# gi::executeAction deSelectActive -in [gi::getWindows 43]
[02:22:16.22] /i de::deselectAll [db::getNext [de::getContexts -window 43]]
[02:22:16.22] /i de::select [de::getActiveFigure [gi::getWindows 43] -point {-7.77 2.869} -index 0 -intent none]
[02:22:16.23] /o oa:0x1eb598f0
[02:22:17.21] /i gi::setItemSelection {attributes} -index {height,all} -in [gi::getAssistants dePropertyEditor -from [gi::getWindows 43]]
[02:22:17.22] /i gi::setCurrentIndex {attributes} -index {height,Value} -in [gi::getAssistants dePropertyEditor -from [gi::getWindows 43]]
[02:22:18.89] /i gi::setField {attributes} -value {1} -index {height,Value} -in [gi::getAssistants dePropertyEditor -from [gi::getWindows 43]]
[02:22:18.89] /i gi::executeAction dePropertyEditorApplyChanges -in [gi::getAssistants dePropertyEditor -from [gi::getWindows 43]]
[02:22:20.69] /# gi::executeAction deSelectActive -in [gi::getWindows 43]
[02:22:20.69] /i de::cycleActiveFigure [gi::getWindows 43] -direction next
[02:22:20.69] /o oa:0x1e556c80
[02:22:21.53] /# gi::executeAction leStartStretchDrag -in [gi::getWindows 43]
[02:22:21.53] /i layout_editor::directStretch [de::getActiveFigure [gi::getWindows 43] -point {-7.726 3.326} -index 0 -intent none] 43
[02:22:21.53] /# ile::stretch -point {-7.725 3.325}
[02:22:24.44] /# gi::executeAction deEndDrag -in [gi::getWindows 43]
[02:22:24.44] /i de::endDrag {-7.733 3.159} -context [db::getNext [de::getContexts -window 43]]
[02:22:25.00] /# gi::executeAction deSelectActive -in [gi::getWindows 43]
[02:22:25.00] /i de::deselectAll [db::getNext [de::getContexts -window 43]]
[02:22:25.00] /i de::select [de::getActiveFigure [gi::getWindows 43] -point {-7.643 3.054} -index 0 -intent none]
[02:22:25.00] /o oa:0x22d00ec0
[02:22:25.73] /# gi::executeAction leDelete -in [gi::getWindows 43]
[02:22:25.73] /i ile::delete
[02:22:26.54] /i gi::executeAction deCanvasDragCancel -in [gi::getWindows 43]
[02:22:26.94] /# gi::executeAction leVia -in [gi::getWindows 43]
[02:22:26.94] /i ile::createVia
[02:22:26.96] /o oa:0x1d770320
[02:22:28.19] /# gi::executeAction leVia -in [gi::getWindows 43]
[02:22:28.19] /i ile::createVia
[02:22:28.93] /# gi::executeAction deAddPoint -in [gi::getWindows 43]
[02:22:28.93] /i de::addPoint {-7.782 2.966} -context [db::getNext [de::getContexts -window 43]]
[02:22:30.09] /i gi::executeAction deSaveDesign -in [gi::getWindows 43]
[02:22:30.09] /m Information: Saving design 'inverter NAND2_2 layout'. (DESIGN_WINDOW-004)
[02:22:30.22] /i gi::executeAction deSaveDesign -in [gi::getWindows 43]
[02:22:30.22] /m Information: Saving design 'inverter NAND2_2 layout'. (DESIGN_WINDOW-004)
[02:22:30.36] /i gi::executeAction deSaveDesign -in [gi::getWindows 43]
[02:22:30.36] /m Information: Saving design 'inverter NAND2_2 layout'. (DESIGN_WINDOW-004)
[02:22:33.65] /# gi::executeAction leBoundary -in [gi::getWindows 43]
[02:22:33.65] /i ile::createBoundary
[02:22:35.03] /i gi::pressButton {autoCreate} -in [gi::getToolbars {deCommandOptions} -from [gi::getWindows 43]]
[02:22:38.52] /i gi::executeAction deSaveDesign -in [gi::getWindows 43]
[02:22:38.52] /m Information: Saving design 'inverter NAND2_2 layout'. (DESIGN_WINDOW-004)
[02:22:38.66] /i gi::executeAction deSaveDesign -in [gi::getWindows 43]
[02:22:38.67] /m Information: Saving design 'inverter NAND2_2 layout'. (DESIGN_WINDOW-004)
[02:22:38.80] /i gi::executeAction deSaveDesign -in [gi::getWindows 43]
[02:22:38.80] /m Information: Saving design 'inverter NAND2_2 layout'. (DESIGN_WINDOW-004)
[02:22:39.84] /# gi::executeAction xtDRCRun -in [gi::getWindows 43]
[02:22:39.84] /i xt::physicalVerification::executeRun drc 43
[02:22:39.90] /# xt::physicalVerification::executePve drc 43
[02:22:41.82] /m Information: 
              /c =============================
              /c JobID: hercules_drc_428
              /c --- ERROR SUMMARY -----------
              /c 7.29: Minimum spacing for Metal 1 >= 0.1
              /c  EXTERNAL M1S { } (101) ................................. 2 violations found.
              /c 7.30: Minimum area of Metal 1 >= 0.04
              /c  AREA M1S { } (101) ..................................... 1 violation found.
              /c =============================
              /c 
[02:22:42.06] /j ::xt::hercules::vue::_private::registerConnection localhost:59435 tcp103 herculesVue_15 
[02:22:42.11] /j ::xt::hercules::vue::_private::isJobReady 
[02:22:42.11] /o false
[02:22:43.11] /j ::xt::hercules::vue::_private::isJobReady 
[02:22:43.11] /o false
[02:22:44.11] /m Information: Connection established with 'Hercules-VUE' running on 'localhost'.
[02:22:44.11] /j ::xt::hercules::vue::_private::isJobReady 
[02:22:44.11] /o true
[02:22:44.11] /j ::xt::hercules::vue::startFilter LAY 
[02:22:44.32] /j ::xt::hercules::vue::setInlibPath /home/itsupport/Desktop/lab1vlsi/synopsys_custom/NAND2_2.hercules.drc/. 
[02:22:44.33] /j ::xt::hercules::vue::setTopLayLCV inverter NAND2_2 layout 
[02:22:44.33] /j ::xt::hercules::vue::openCell inverter NAND2_2 layout 
[02:23:00.90] /j ::xt::hercules::vue::clearAllHighlights NAND2_2 layout 
[02:23:00.93] /j ::xt::hercules::vue::clearAllHighlights NAND2_2 layout 
[02:23:01.06] /m Information: Connection closed with 'Hercules-VUE' running on 'localhost'.
[02:23:01.58] /i gi::setActiveTab {tabs} -tabName {NAND2_2.LAYOUT_ERRORS} -in [gi::getWindows 44]
[02:23:04.92] /i gi::setActiveWindow 43
[02:23:04.92] /i gi::setActiveWindow 43 -raise true
[02:23:07.24] /# gi::executeAction deCanvasZoomInAtPoint -in [gi::getWindows 43]
[02:23:07.24] /i de::zoom -window [gi::getWindows 43] -factor 2.0 -center {-7.478 3.77}
[02:23:07.24] /o {-8.239 3.125} {-6.419 4.087}
[02:23:10.96] /i gi::setActiveWindow 44
[02:23:10.96] /i gi::setActiveWindow 44 -raise true
[02:23:13.13] /i gi::setActiveWindow 43
[02:23:13.13] /i gi::setActiveWindow 43 -raise true
[02:23:14.55] /# gi::executeAction deCanvasZoomInAtPoint -in [gi::getWindows 43]
[02:23:14.55] /i de::zoom -window [gi::getWindows 43] -factor 2.0 -center {-7.53 3.721}
[02:23:14.55] /o {-7.884 3.423} {-6.975 3.904}
[02:23:14.87] /# gi::executeAction deAbortCommand -in [gi::getWindows 43]
[02:23:14.87] /i de::abortCommand -context [db::getNext [de::getContexts -window 43]]
[02:23:15.55] /# gi::executeAction deSelectActive -in [gi::getWindows 43]
[02:23:15.55] /i de::deselectAll [db::getNext [de::getContexts -window 43]]
[02:23:15.55] /i de::select [de::getActiveFigure [gi::getWindows 43] -point {-7.535 3.813} -index 0 -intent none]
[02:23:15.55] /o oa:0x20fbc150
[02:23:15.97] /# gi::executeAction deCanvasZoomOutAtPoint -in [gi::getWindows 43]
[02:23:15.97] /i de::zoom -window [gi::getWindows 43] -factor 0.5 -center {-7.535 3.813}
[02:23:15.97] /o {-8.234 3.033} {-6.414 3.996}
[02:23:16.09] /# gi::executeAction deCanvasZoomOutAtPoint -in [gi::getWindows 43]
[02:23:16.09] /i de::zoom -window [gi::getWindows 43] -factor 0.5 -center {-7.536 3.814}
[02:23:16.09] /o {-8.932 2.252} {-5.293 4.177}
[02:23:16.60] /# gi::executeAction deCanvasZoomInAtPoint -in [gi::getWindows 43]
[02:23:16.60] /i de::zoom -window [gi::getWindows 43] -factor 2.0 -center {-7.588 3.904}
[02:23:16.60] /o {-8.26 3.078} {-6.44 4.041}
[02:23:18.06] /# gi::executeAction deSelectActive -in [gi::getWindows 43]
[02:23:18.06] /i de::deselectAll [db::getNext [de::getContexts -window 43]]
[02:23:18.06] /i de::select [de::getActiveFigure [gi::getWindows 43] -point {-7.522 3.834} -index 0 -intent none]
[02:23:18.06] /o oa:0x1e11e410
[02:23:19.64] /i gi::setActiveWindow 44
[02:23:19.64] /i gi::setActiveWindow 44 -raise true
[02:23:25.95] /i gi::setActiveWindow 43
[02:23:25.95] /i gi::setActiveWindow 43 -raise true
[02:23:26.61] /# gi::executeAction deCanvasZoomInAtPoint -in [gi::getWindows 43]
[02:23:26.61] /i de::zoom -window [gi::getWindows 43] -factor 2.0 -center {-7.432 3.64}
[02:23:26.61] /o {-7.846 3.359} {-6.936 3.84}
[02:23:26.72] /# gi::executeAction deCanvasZoomInAtPoint -in [gi::getWindows 43]
[02:23:26.72] /i de::zoom -window [gi::getWindows 43] -factor 2.0 -center {-7.431 3.64}
[02:23:26.72] /o {-7.638 3.5} {-7.184 3.74}
[02:23:27.27] /# gi::executeAction deSelectActive -in [gi::getWindows 43]
[02:23:27.27] /i de::cycleActiveFigure [gi::getWindows 43] -direction next
[02:23:27.27] /o oa:0x203639a0
[02:23:27.27] /i de::cycleActiveFigure [gi::getWindows 43] -direction next
[02:23:27.27] /o oa:0x1d92ece0
[02:23:27.27] /i de::deselectAll [db::getNext [de::getContexts -window 43]]
[02:23:27.27] /i de::select [de::getActiveFigure [gi::getWindows 43] -point {-7.364 3.663} -index 2 -intent none]
[02:23:27.27] /o oa:0x210d2010
[02:23:27.81] /# gi::executeAction deSelectActive -in [gi::getWindows 43]
[02:23:27.81] /i de::deselectAll [db::getNext [de::getContexts -window 43]]
[02:23:27.82] /i de::select [de::getActiveFigure [gi::getWindows 43] -point {-7.317 3.685} -index 0 -intent none]
[02:23:27.82] /o oa:0x1fb94d10
[02:23:29.32] /# gi::executeAction leShowDesignOptions -in [gi::getWindows 43]
[02:23:29.32] /i le::showDesignOptions
[02:23:29.33] /# gi::setActiveTab {tabWidget} -tabName {grids} -in [gi::getDialogs {deLayoutDesignOptions} -parent [gi::getWindows 43]]
[02:23:29.33] /# gi::setActiveTab {tabWidget} -tabName {general} -in [gi::getDialogs {deLayoutDesignOptions} -parent [gi::getWindows 43]]
[02:23:29.33] /o oa:0x20006ea0
[02:23:29.38] /i gi::setActiveDialog [gi::getDialogs {deLayoutDesignOptions} -parent [gi::getWindows 43]]
[02:23:29.66] /i db::setAttr geometry -of [gi::getDialogs {deLayoutDesignOptions} -parent [gi::getWindows 43]] -value 645x597+0+65
[02:23:30.46] /i gi::setActiveTab {tabWidget} -tabName {grids} -in [gi::getDialogs {deLayoutDesignOptions} -parent [gi::getWindows 43]]
[02:23:31.13] /i gi::setActiveTab {tabWidget} -tabName {command} -in [gi::getDialogs {deLayoutDesignOptions} -parent [gi::getWindows 43]]
[02:23:32.31] /i gi::setField {autoAbutment} -value {true} -in [gi::getDialogs {deLayoutDesignOptions} -parent [gi::getWindows 43]]
[02:23:32.92] /i gi::pressButton {apply} -in [gi::getDialogs {deLayoutDesignOptions} -parent [gi::getWindows 43]]
[02:23:33.40] /i gi::pressButton {ok} -in [gi::getDialogs {deLayoutDesignOptions} -parent [gi::getWindows 43]]
[02:23:33.68] /i gi::executeAction deCanvasDragCancel -in [gi::getWindows 43]
[02:23:34.08] /# gi::executeAction deSelectActive -in [gi::getWindows 43]
[02:23:34.08] /i de::deselectAll [db::getNext [de::getContexts -window 43]]
[02:23:34.08] /i de::select [de::getActiveFigure [gi::getWindows 43] -point {-7.404 3.659} -index 0 -intent none]
[02:23:34.08] /o oa:0x20f10b20
[02:23:34.48] /# gi::executeAction deCanvasZoomOutAtPoint -in [gi::getWindows 43]
[02:23:34.48] /i de::zoom -window [gi::getWindows 43] -factor 0.5 -center {-7.346 3.674}
[02:23:34.48] /o {-7.931 3.325} {-7.021 3.806}
[02:23:34.93] /# gi::executeAction deSelectActive -in [gi::getWindows 43]
[02:23:34.93] /i de::deselectAll [db::getNext [de::getContexts -window 43]]
[02:23:34.93] /i de::select [de::getActiveFigure [gi::getWindows 43] -point {-7.307 3.693} -index 0 -intent none]
[02:23:34.93] /o oa:0x1ffccaa0
[02:23:35.38] /# gi::executeAction deSelectActive -in [gi::getWindows 43]
[02:23:35.38] /i de::cycleActiveFigure [gi::getWindows 43] -direction next
[02:23:35.38] /o oa:0x21819670
[02:23:35.38] /i de::deselectAll [db::getNext [de::getContexts -window 43]]
[02:23:35.38] /i de::select [de::getActiveFigure [gi::getWindows 43] -point {-7.307 3.693} -index 1 -intent none]
[02:23:35.38] /o oa:0x2141ccb0
[02:23:36.17] /# gi::executeAction leStartStretchDrag -in [gi::getWindows 43]
[02:23:36.17] /i layout_editor::directStretch [de::getActiveFigure [gi::getWindows 43] -point {-7.307 3.693} -index 1 -intent none] 43
[02:23:36.17] /# ile::stretch -point {-7.305 3.695}
[02:23:36.89] /# gi::executeAction deEndDrag -in [gi::getWindows 43]
[02:23:36.89] /i de::endDrag {-7.334 3.691} -context [db::getNext [de::getContexts -window 43]]
[02:23:38.08] /# gi::executeAction deCanvasZoomOutAtPoint -in [gi::getWindows 43]
[02:23:38.08] /i de::zoom -window [gi::getWindows 43] -factor 0.5 -center {-7.303 3.643}
[02:23:38.08] /o {-8.559 3.007} {-6.739 3.97}
[02:23:39.24] /# gi::executeAction deSelectActive -in [gi::getWindows 43]
[02:23:39.24] /i de::deselectAll [db::getNext [de::getContexts -window 43]]
[02:23:39.24] /i de::select [de::getActiveFigure [gi::getWindows 43] -point {-7.03 3.705} -index 0 -intent none]
[02:23:39.24] /o oa:0x1e7b6eb0
[02:23:39.61] /# gi::executeAction deSelectActive -in [gi::getWindows 43]
[02:23:39.61] /i de::deselectAll [db::getNext [de::getContexts -window 43]]
[02:23:39.61] /i de::select [de::getActiveFigure [gi::getWindows 43] -point {-7.03 3.77} -index 0 -intent none]
[02:23:39.61] /o oa:0x1e523850
[02:23:40.20] /# gi::executeAction leStartStretchDrag -in [gi::getWindows 43]
[02:23:40.20] /i layout_editor::directStretch [de::getActiveFigure [gi::getWindows 43] -point {-7.03 3.775} -index 0 -intent none] 43
[02:23:40.20] /# ile::stretch -point {-7.03 3.775}
[02:23:41.80] /# gi::executeAction deEndDrag -in [gi::getWindows 43]
[02:23:41.80] /i de::endDrag {-7.022 3.68} -context [db::getNext [de::getContexts -window 43]]
[02:23:41.91] /# gi::executeAction deFitView -in [gi::getWindows 43]
[02:23:41.91] /i de::fit -window 43 -fitView true
[02:23:41.91] /o {-14.886 2.195} {-0.329 9.895}
[02:23:42.88] /# gi::executeAction deCanvasZoomInAtPoint -in [gi::getWindows 43]
[02:23:42.88] /i de::zoom -window [gi::getWindows 43] -factor 2.0 -center {-6.621 7.662}
[02:23:42.88] /o {-10.753 4.928} {-3.475 8.778}
[02:23:43.00] /# gi::executeAction deCanvasZoomInAtPoint -in [gi::getWindows 43]
[02:23:43.00] /i de::zoom -window [gi::getWindows 43] -factor 2.0 -center {-6.621 7.676}
[02:23:43.00] /o {-8.687 6.302} {-5.048 8.227}
[02:24:06.35] /# gi::executeAction deSelectActive -in [gi::getWindows 43]
[02:24:06.35] /i de::deselectAll [db::getNext [de::getContexts -window 43]]
[02:24:06.35] /i de::select [de::getActiveFigure [gi::getWindows 43] -point {-7.003 7.961} -index 0 -intent none]
[02:24:06.35] /o oa:0x1ecc73d0
[02:24:06.69] /# gi::executeAction leDelete -in [gi::getWindows 43]
[02:24:06.69] /i ile::delete
[02:24:08.24] /# gi::executeAction deSelectActive -in [gi::getWindows 43]
[02:24:08.24] /i de::deselectAll [db::getNext [de::getContexts -window 43]]
[02:24:08.24] /i de::select [de::getActiveFigure [gi::getWindows 43] -point {-7.504 7.968} -index 0 -intent none]
[02:24:08.24] /o oa:0x2035b7c0
[02:24:08.49] /# gi::executeAction leDelete -in [gi::getWindows 43]
[02:24:08.49] /i ile::delete
[02:24:09.02] /i gi::executeAction deCanvasDragCancel -in [gi::getWindows 43]
[02:24:09.32] /# gi::executeAction deCanvasZoomInAtPoint -in [gi::getWindows 43]
[02:24:09.32] /i de::zoom -window [gi::getWindows 43] -factor 2.0 -center {-7.061 7.908}
[02:24:09.32] /o {-7.874 7.105} {-6.055 8.068}
[02:24:09.56] /# gi::executeAction leStretch -in [gi::getWindows 43]
[02:24:09.56] /i ile::stretch
[02:24:10.40] /# gi::executeAction deAddPoint -in [gi::getWindows 43]
[02:24:10.40] /i de::addPoint {-7.046 7.852} -context [db::getNext [de::getContexts -window 43]]
[02:24:11.18] /# gi::executeAction deAddPoint -in [gi::getWindows 43]
[02:24:11.18] /i de::addPoint {-7.033 7.914} -context [db::getNext [de::getContexts -window 43]]
[02:24:12.25] /# gi::executeAction leVia -in [gi::getWindows 43]
[02:24:12.25] /i ile::createVia
[02:24:12.27] /o oa:0x1fa8c580
[02:24:13.09] /# gi::executeAction deAddPoint -in [gi::getWindows 43]
[02:24:13.09] /i de::addPoint {-7.561 7.834} -context [db::getNext [de::getContexts -window 43]]
[02:24:13.59] /# gi::executeAction deAddPoint -in [gi::getWindows 43]
[02:24:13.59] /i de::addPoint {-7.036 7.793} -context [db::getNext [de::getContexts -window 43]]
[02:24:14.43] /i gi::executeAction deSaveDesign -in [gi::getWindows 43]
[02:24:14.43] /m Information: Saving design 'inverter NAND2_2 layout'. (DESIGN_WINDOW-004)
[02:24:14.58] /i gi::executeAction deSaveDesign -in [gi::getWindows 43]
[02:24:14.58] /m Information: Saving design 'inverter NAND2_2 layout'. (DESIGN_WINDOW-004)
[02:24:14.73] /i gi::executeAction deSaveDesign -in [gi::getWindows 43]
[02:24:14.73] /m Information: Saving design 'inverter NAND2_2 layout'. (DESIGN_WINDOW-004)
[02:24:14.86] /i gi::executeAction deSaveDesign -in [gi::getWindows 43]
[02:24:14.86] /m Information: Saving design 'inverter NAND2_2 layout'. (DESIGN_WINDOW-004)
[02:24:18.30] /# gi::executeAction xtDRCRun -in [gi::getWindows 43]
[02:24:18.30] /i xt::physicalVerification::executeRun drc 43
[02:24:18.36] /# xt::physicalVerification::executePve drc 43
[02:24:20.27] /m Information: 
              /c =============================
              /c JobID: hercules_drc_429
              /c --- ERROR SUMMARY -----------
              /c 7.29: Minimum spacing for Metal 1 >= 0.1
              /c  EXTERNAL M1S { } (101) ................................. 2 violations found.
              /c 7.30: Minimum area of Metal 1 >= 0.04
              /c  AREA M1S { } (101) ..................................... 1 violation found.
              /c =============================
              /c 
[02:24:20.52] /j ::xt::hercules::vue::_private::registerConnection localhost:51562 tcp109 herculesVue_16 
[02:24:20.56] /m Information: Connection established with 'Hercules-VUE' running on 'localhost'.
[02:24:20.56] /j ::xt::hercules::vue::_private::isJobReady 
[02:24:20.56] /o true
[02:24:20.58] /j ::xt::hercules::vue::startFilter LAY 
[02:24:20.74] /j ::xt::hercules::vue::setInlibPath /home/itsupport/Desktop/lab1vlsi/synopsys_custom/NAND2_2.hercules.drc/. 
[02:24:20.75] /j ::xt::hercules::vue::setTopLayLCV inverter NAND2_2 layout 
[02:24:20.76] /j ::xt::hercules::vue::openCell inverter NAND2_2 layout 
[02:24:26.52] /j ::xt::hercules::vue::clearAllHighlights NAND2_2 layout 
[02:24:26.54] /j ::xt::hercules::vue::clearAllHighlights NAND2_2 layout 
[02:24:26.66] /m Information: Connection closed with 'Hercules-VUE' running on 'localhost'.
[02:24:27.53] /i gi::executeAction giCloseWindow -in [gi::getWindows 44]
[02:24:27.54] /i gi::setActiveWindow 43
[02:24:27.54] /i gi::setActiveWindow 43 -raise true
[02:24:29.75] /# gi::executeAction deFitView -in [gi::getWindows 43]
[02:24:29.75] /i de::fit -window 43 -fitView true
[02:24:29.75] /o {-14.886 2.195} {-0.329 9.895}
[02:24:30.50] /# gi::executeAction deAbortCommand -in [gi::getWindows 43]
[02:24:30.50] /i de::abortCommand -context [db::getNext [de::getContexts -window 43]]
[02:24:30.99] /# gi::executeAction deCanvasZoomInAtPoint -in [gi::getWindows 43]
[02:24:31.00] /i de::zoom -window [gi::getWindows 43] -factor 2.0 -center {-9.632 3.251}
[02:24:31.00] /o {-12.259 2.723} {-4.981 6.573}
[02:24:31.17] /# gi::executeAction deCanvasZoomInAtPoint -in [gi::getWindows 43]
[02:24:31.17] /i de::zoom -window [gi::getWindows 43] -factor 2.0 -center {-8.877 3.182}
[02:24:31.17] /o {-10.568 2.952} {-6.929 4.877}
[02:24:31.67] /# gi::executeAction deFitView -in [gi::getWindows 43]
[02:24:31.67] /i de::fit -window 43 -fitView true
[02:24:31.67] /o {-14.886 2.195} {-0.329 9.895}
[02:24:32.23] /# gi::executeAction deCanvasZoomInAtPoint -in [gi::getWindows 43]
[02:24:32.23] /i de::zoom -window [gi::getWindows 43] -factor 2.0 -center {-8.075 2.63}
[02:24:32.23] /o {-11.48 2.412} {-4.202 6.262}
[02:24:32.46] /# gi::executeAction deCanvasZoomInAtPoint -in [gi::getWindows 43]
[02:24:32.46] /i de::zoom -window [gi::getWindows 43] -factor 2.0 -center {-7.793 2.839}
[02:24:32.46] /o {-9.637 2.626} {-5.998 4.551}
[02:24:33.28] /# gi::executeAction deCanvasZoomInAtPoint -in [gi::getWindows 43]
[02:24:33.28] /i de::zoom -window [gi::getWindows 43] -factor 2.0 -center {-7.313 3.668}
[02:24:33.28] /o {-8.475 3.147} {-6.655 4.109}
[02:24:33.34] /# gi::executeAction deCanvasZoomInAtPoint -in [gi::getWindows 43]
[02:24:33.34] /i de::zoom -window [gi::getWindows 43] -factor 2.0 -center {-7.314 3.67}
[02:24:33.34] /o {-7.894 3.408} {-6.985 3.89}
[02:24:33.77] /# gi::executeAction deSelectActive -in [gi::getWindows 43]
[02:24:33.77] /i de::deselectAll [db::getNext [de::getContexts -window 43]]
[02:24:33.77] /i de::select [de::getActiveFigure [gi::getWindows 43] -point {-7.323 3.672} -index 0 -intent none]
[02:24:33.77] /o oa:0x22b1c4b0
[02:24:34.81] /# gi::executeAction leStartStretchDrag -in [gi::getWindows 43]
[02:24:34.81] /i layout_editor::directStretch [de::getActiveFigure [gi::getWindows 43] -point {-7.326 3.672} -index 0 -intent none] 43
[02:24:34.81] /# ile::stretch -point {-7.325 3.67}
[02:24:36.43] /# gi::executeAction deEndDrag -in [gi::getWindows 43]
[02:24:36.43] /i de::endDrag {-7.327 3.66} -context [db::getNext [de::getContexts -window 43]]
[02:24:37.10] /# gi::executeAction deSelectActive -in [gi::getWindows 43]
[02:24:37.10] /i de::deselectAll [db::getNext [de::getContexts -window 43]]
[02:24:37.10] /i de::select [de::getActiveFigure [gi::getWindows 43] -point {-7.277 3.718} -index 0 -intent none]
[02:24:37.11] /o oa:0x20f61720
[02:24:38.10] /# gi::executeAction deSelectActive -in [gi::getWindows 43]
[02:24:38.10] /i de::cycleActiveFigure [gi::getWindows 43] -direction next
[02:24:38.10] /o oa:0x1eae98f0
[02:24:38.10] /i de::deselectAll [db::getNext [de::getContexts -window 43]]
[02:24:38.10] /i de::select [de::getActiveFigure [gi::getWindows 43] -point {-7.147 3.714} -index 1 -intent none]
[02:24:38.10] /o oa:0x1fd04050
[02:24:38.57] /# gi::executeAction leStartStretchDrag -in [gi::getWindows 43]
[02:24:38.57] /i layout_editor::directStretch [de::getActiveFigure [gi::getWindows 43] -point {-7.145 3.714} -index 1 -intent none] 43
[02:24:38.57] /# ile::stretch -point {-7.145 3.715}
[02:24:39.49] /# gi::executeAction deEndDrag -in [gi::getWindows 43]
[02:24:39.49] /i de::endDrag {-7.08 3.712} -context [db::getNext [de::getContexts -window 43]]
[02:24:40.49] /# gi::executeAction deCanvasZoomOutAtPoint -in [gi::getWindows 43]
[02:24:40.49] /i de::zoom -window [gi::getWindows 43] -factor 0.5 -center {-7.208 3.736}
[02:24:40.49] /o {-8.581 3.081} {-6.761 4.043}
[02:24:41.29] /# gi::executeAction deSelectActive -in [gi::getWindows 43]
[02:24:41.29] /i de::deselectAll [db::getNext [de::getContexts -window 43]]
[02:24:41.29] /i de::select [de::getActiveFigure [gi::getWindows 43] -point {-7.563 3.48} -index 0 -intent none]
[02:24:41.29] /o oa:0x1dc97fa0
[02:24:41.81] /# gi::executeAction deCanvasZoomInAtPoint -in [gi::getWindows 43]
[02:24:41.81] /i de::zoom -window [gi::getWindows 43] -factor 2.0 -center {-7.566 3.597}
[02:24:41.81] /o {-8.073 3.339} {-7.164 3.82}
[02:24:42.06] /# gi::executeAction deSelectActive -in [gi::getWindows 43]
[02:24:42.06] /i de::deselectAll [db::getNext [de::getContexts -window 43]]
[02:24:42.06] /i de::select [de::getActiveFigure [gi::getWindows 43] -point {-7.566 3.597} -index 0 -intent none]
[02:24:42.06] /o oa:0x1ffff920
[02:24:42.65] /# gi::executeAction leStartStretchDrag -in [gi::getWindows 43]
[02:24:42.65] /i layout_editor::directStretch [de::getActiveFigure [gi::getWindows 43] -point {-7.566 3.6} -index 0 -intent none] 43
[02:24:42.65] /# ile::stretch -point {-7.565 3.6}
[02:24:43.24] /# gi::executeAction deEndDrag -in [gi::getWindows 43]
[02:24:43.24] /i de::endDrag {-7.67 3.613} -context [db::getNext [de::getContexts -window 43]]
[02:24:43.39] /# gi::executeAction deCanvasZoomOutAtPoint -in [gi::getWindows 43]
[02:24:43.39] /i de::zoom -window [gi::getWindows 43] -factor 0.5 -center {-7.673 3.67}
[02:24:43.39] /o {-8.474 3.008} {-6.654 3.97}
[02:24:43.44] /# gi::executeAction deCanvasZoomOutAtPoint -in [gi::getWindows 43]
[02:24:43.44] /i de::zoom -window [gi::getWindows 43] -factor 0.5 -center {-7.678 3.688}
[02:24:43.44] /o {-9.27 2.328} {-5.631 4.253}
[02:24:44.83] /# gi::executeAction leStartStretchDrag -in [gi::getWindows 43]
[02:24:44.83] /i layout_editor::directStretch [de::getActiveFigure [gi::getWindows 43] -point {-7.657 3.931} -index 0 -intent none] 43
[02:24:44.83] /# ile::stretch -point {-7.655 3.93}
[02:24:46.71] /# gi::executeAction deEndDrag -in [gi::getWindows 43]
[02:24:46.71] /i de::endDrag {-7.546 3.931} -context [db::getNext [de::getContexts -window 43]]
[02:24:47.08] /# gi::executeAction deCanvasZoomInAtPoint -in [gi::getWindows 43]
[02:24:47.08] /i de::zoom -window [gi::getWindows 43] -factor 2.0 -center {-7.62 3.854}
[02:24:47.08] /o {-8.445 3.091} {-6.625 4.053}
[02:24:48.13] /# gi::executeAction leStartStretchDrag -in [gi::getWindows 43]
[02:24:48.13] /i layout_editor::directStretch [de::getActiveFigure [gi::getWindows 43] -point {-7.533 3.899} -index 0 -intent none] 43
[02:24:48.13] /# ile::stretch -point {-7.535 3.9}
[02:24:49.20] /# gi::executeAction deEndDrag -in [gi::getWindows 43]
[02:24:49.20] /i de::endDrag {-7.537 3.899} -context [db::getNext [de::getContexts -window 43]]
[02:24:50.26] /i gi::setItemSelection {attributes} -index {width,all} -in [gi::getAssistants dePropertyEditor -from [gi::getWindows 43]]
[02:24:50.26] /i gi::setCurrentIndex {attributes} -index {width,Value} -in [gi::getAssistants dePropertyEditor -from [gi::getWindows 43]]
[02:24:51.95] /i gi::setField {attributes} -value {0.1} -index {width,Value} -in [gi::getAssistants dePropertyEditor -from [gi::getWindows 43]]
[02:24:51.95] /i gi::executeAction dePropertyEditorApplyChanges -in [gi::getAssistants dePropertyEditor -from [gi::getWindows 43]]
[02:24:53.56] /# gi::executeAction leStartStretchDrag -in [gi::getWindows 43]
[02:24:53.56] /i layout_editor::directStretch [de::getActiveFigure [gi::getWindows 43] -point {-7.53 3.904} -index 0 -intent none] 43
[02:24:53.56] /# ile::stretch -point {-7.53 3.905}
[02:24:54.60] /# gi::executeAction deEndDrag -in [gi::getWindows 43]
[02:24:54.60] /i de::endDrag {-7.541 3.903} -context [db::getNext [de::getContexts -window 43]]
[02:24:54.92] /# gi::executeAction deSelectActive -in [gi::getWindows 43]
[02:24:54.92] /i de::deselectAll [db::getNext [de::getContexts -window 43]]
[02:24:54.92] /i de::deselectAllLogic -context [db::getNext [de::getContexts -window 43]]
[02:24:55.64] /# gi::executeAction deCanvasZoomOutAtPoint -in [gi::getWindows 43]
[02:24:55.64] /i de::zoom -window [gi::getWindows 43] -factor 0.5 -center {-7.455 3.993}
[02:24:55.64] /o {-9.435 2.189} {-5.796 4.114}
[02:24:56.30] /# gi::executeAction deCanvasZoomOutAtPoint -in [gi::getWindows 43]
[02:24:56.30] /i de::zoom -window [gi::getWindows 43] -factor 0.5 -center {-7.487 4.037}
[02:24:56.30] /o {-11.382 0.34} {-4.104 4.19}
[02:24:56.40] /# gi::executeAction deCanvasZoomOutAtPoint -in [gi::getWindows 43]
[02:24:56.40] /i de::zoom -window [gi::getWindows 43] -factor 0.5 -center {-7.486 4.038}
[02:24:56.40] /o {-15.279 -3.357} {-0.722 4.343}
[02:24:56.75] /# gi::executeAction deFitView -in [gi::getWindows 43]
[02:24:56.75] /i de::fit -window 43 -fitView true
[02:24:56.75] /o {-14.886 2.195} {-0.329 9.895}
[02:24:57.66] /# gi::executeAction deCanvasZoomInAtPoint -in [gi::getWindows 43]
[02:24:57.66] /i de::zoom -window [gi::getWindows 43] -factor 2.0 -center {-7.677 3.993}
[02:24:57.66] /o {-11.281 3.094} {-4.003 6.944}
[02:24:57.87] /# gi::executeAction deCanvasZoomInAtPoint -in [gi::getWindows 43]
[02:24:57.87] /i de::zoom -window [gi::getWindows 43] -factor 2.0 -center {-7.594 3.896}
[02:24:57.87] /o {-9.438 3.495} {-5.799 5.42}
[02:24:58.02] /# gi::executeAction deCanvasZoomInAtPoint -in [gi::getWindows 43]
[02:24:58.02] /i de::zoom -window [gi::getWindows 43] -factor 2.0 -center {-7.524 3.847}
[02:24:58.02] /o {-8.481 3.671} {-6.661 4.634}
[02:24:58.68] /# gi::executeAction deCanvasZoomInAtPoint -in [gi::getWindows 43]
[02:24:58.68] /i de::zoom -window [gi::getWindows 43] -factor 2.0 -center {-7.521 4.083}
[02:24:58.68] /o {-8.001 3.877} {-7.091 4.358}
[02:24:59.10] /# gi::executeAction leRuler -in [gi::getWindows 43]
[02:24:59.11] /i ile::createRuler
[02:25:00.07] /# gi::executeAction deAbortCommand -in [gi::getWindows 43]
[02:25:00.07] /i de::abortCommand -context [db::getNext [de::getContexts -window 43]]
[02:25:00.64] /# gi::executeAction leStretch -in [gi::getWindows 43]
[02:25:00.64] /i ile::stretch
[02:25:01.33] /# gi::executeAction deAddPoint -in [gi::getWindows 43]
[02:25:01.33] /i de::addPoint {-7.481 4.046} -context [db::getNext [de::getContexts -window 43]]
[02:25:01.91] /# gi::executeAction deAddPoint -in [gi::getWindows 43]
[02:25:01.91] /i de::addPoint {-7.432 4.042} -context [db::getNext [de::getContexts -window 43]]
[02:25:02.68] /# gi::executeAction deAddPoint -in [gi::getWindows 43]
[02:25:02.68] /i de::addPoint {-7.402 4.107} -context [db::getNext [de::getContexts -window 43]]
[02:25:03.46] /# gi::executeAction deAddPoint -in [gi::getWindows 43]
[02:25:03.46] /i de::addPoint {-7.385 4.161} -context [db::getNext [de::getContexts -window 43]]
[02:25:03.94] /# gi::executeAction deAbortCommand -in [gi::getWindows 43]
[02:25:03.94] /i de::abortCommand -context [db::getNext [de::getContexts -window 43]]
[02:25:04.21] /# gi::executeAction deCanvasZoomOutAtPoint -in [gi::getWindows 43]
[02:25:04.21] /i de::zoom -window [gi::getWindows 43] -factor 0.5 -center {-7.384 4.154}
[02:25:04.21] /o {-8.618 3.6} {-6.798 4.563}
[02:25:04.78] /# gi::executeAction deCanvasZoomOutAtPoint -in [gi::getWindows 43]
[02:25:04.78] /i de::zoom -window [gi::getWindows 43] -factor 0.5 -center {-7.383 4.155}
[02:25:04.78] /o {-9.853 3.045} {-6.214 4.97}
[02:25:04.88] /# gi::executeAction deCanvasZoomOutAtPoint -in [gi::getWindows 43]
[02:25:04.88] /i de::zoom -window [gi::getWindows 43] -factor 0.5 -center {-7.383 4.155}
[02:25:04.88] /o {-12.322 1.935} {-5.044 5.785}
[02:25:05.66] /# gi::executeAction deCanvasZoomOutAtPoint -in [gi::getWindows 43]
[02:25:05.66] /i de::zoom -window [gi::getWindows 43] -factor 0.5 -center {-7.384 4.154}
[02:25:05.66] /o {-17.261 -0.284} {-2.704 7.416}
[02:25:06.32] /# gi::executeAction deCanvasZoomOutAtPoint -in [gi::getWindows 43]
[02:25:06.32] /i de::zoom -window [gi::getWindows 43] -factor 0.5 -center {-7.383 4.154}
[02:25:06.32] /o {-27.139 -4.722} {1.975 10.678}
[02:25:23.51] /# gi::executeAction deCanvasZoomInAtPoint -in [gi::getWindows 43]
[02:25:23.51] /i de::zoom -window [gi::getWindows 43] -factor 2.0 -center {-3.399 7.509}
[02:25:23.51] /o {-15.269 1.393} {-0.712 9.093}
[02:25:23.57] /# gi::executeAction deCanvasZoomInAtPoint -in [gi::getWindows 43]
[02:25:23.57] /i de::zoom -window [gi::getWindows 43] -factor 2.0 -center {-3.446 7.528}
[02:25:23.57] /o {-9.357 4.461} {-2.079 8.311}
[02:25:24.72] /# gi::executeAction deFitView -in [gi::getWindows 43]
[02:25:24.72] /i de::fit -window 43 -fitView true
[02:25:24.72] /o {-14.886 2.195} {-0.329 9.895}
[02:25:25.43] /# gi::executeAction deSelectActive -in [gi::getWindows 43]
[02:25:25.43] /i de::deselectAllLogic -context [db::getNext [de::getContexts -window 43]]
[02:25:25.81] /# gi::executeAction deCanvasZoomInAtPoint -in [gi::getWindows 43]
[02:25:25.82] /i de::zoom -window [gi::getWindows 43] -factor 2.0 -center {-7.455 3.27}
[02:25:25.82] /o {-11.17 2.732} {-3.892 6.582}
[02:25:25.95] /# gi::executeAction deCanvasZoomInAtPoint -in [gi::getWindows 43]
[02:25:25.95] /i de::zoom -window [gi::getWindows 43] -factor 2.0 -center {-7.455 3.27}
[02:25:25.95] /o {-9.313 3.001} {-5.674 4.926}
[02:25:26.11] /# gi::executeAction deCanvasZoomInAtPoint -in [gi::getWindows 43]
[02:25:26.11] /i de::zoom -window [gi::getWindows 43] -factor 2.0 -center {-7.455 3.27}
[02:25:26.11] /o {-8.384 3.136} {-6.564 4.098}
[02:25:26.79] /# gi::executeAction deSelectActive -in [gi::getWindows 43]
[02:25:26.79] /i de::deselectAll [db::getNext [de::getContexts -window 43]]
[02:25:26.79] /i de::select [de::getActiveFigure [gi::getWindows 43] -point {-7.01 3.649} -index 0 -intent none]
[02:25:26.79] /o oa:0x2292ce40
[02:25:27.33] /# gi::executeAction deSelectActive -in [gi::getWindows 43]
[02:25:27.33] /i de::deselectAll [db::getNext [de::getContexts -window 43]]
[02:25:27.33] /i de::select [de::getActiveFigure [gi::getWindows 43] -point {-6.885 3.767} -index 0 -intent none]
[02:25:27.33] /o oa:0x210716c0
[02:25:27.80] /# gi::executeAction leStartStretchDrag -in [gi::getWindows 43]
[02:25:27.80] /i layout_editor::directStretch [de::getActiveFigure [gi::getWindows 43] -point {-6.89 3.767} -index 0 -intent none] 43
[02:25:27.81] /# ile::stretch -point {-6.89 3.765}
[02:25:28.67] /# gi::executeAction deEndDrag -in [gi::getWindows 43]
[02:25:28.67] /i de::endDrag {-6.553 3.772} -context [db::getNext [de::getContexts -window 43]]
[02:25:31.92] /i de::undoTransaction -design [db::getAttr editDesign -of [de::getContexts -window 43]] -steps 1
[02:25:33.75] /i gi::setActiveWindow 2
[02:25:33.75] /i gi::setActiveWindow 2 -raise true
[02:25:34.91] /i gi::setCurrentIndex {cells} -index {NAND2} -in [gi::getWindows 2]
[02:25:34.91] /i gi::setItemSelection {cells} -index {NAND2} -in [gi::getWindows 2]
[02:25:35.67] /i gi::setCurrentIndex {views} -index {schematic} -in [gi::getWindows 2]
[02:25:35.67] /i gi::setItemSelection {views} -index {schematic} -in [gi::getWindows 2]
[02:25:36.14] /i gi::setCurrentIndex {views} -index {symbol} -in [gi::getWindows 2]
[02:25:36.14] /i gi::setItemSelection {views} -index {symbol} -in [gi::getWindows 2]
[02:25:36.85] /i gi::setCurrentIndex {cells} -index {NAND2_2} -in [gi::getWindows 2]
[02:25:36.85] /i gi::setItemSelection {cells} -index {NAND2_2} -in [gi::getWindows 2]
[02:25:37.16] /i gi::setCurrentIndex {cells} -index {NAND2_tb} -in [gi::getWindows 2]
[02:25:37.16] /i gi::setItemSelection {cells} -index {NAND2_tb} -in [gi::getWindows 2]
[02:25:37.56] /i gi::setCurrentIndex {cells} -index {NAND2_tb_2} -in [gi::getWindows 2]
[02:25:37.56] /i gi::setItemSelection {cells} -index {NAND2_tb_2} -in [gi::getWindows 2]
[02:25:38.05] /i gi::setCurrentIndex {cells} -index {full_adder} -in [gi::getWindows 2]
[02:25:38.05] /i gi::setItemSelection {cells} -index {full_adder} -in [gi::getWindows 2]
[02:25:38.56] /i gi::setCurrentIndex {cells} -index {tb_full_adder_2bit} -in [gi::getWindows 2]
[02:25:38.56] /i gi::setItemSelection {cells} -index {tb_full_adder_2bit} -in [gi::getWindows 2]
[02:25:38.94] /i gi::setCurrentIndex {cells} -index {full_adder} -in [gi::getWindows 2]
[02:25:38.94] /i gi::setItemSelection {cells} -index {full_adder} -in [gi::getWindows 2]
[02:25:39.21] /i gi::setCurrentIndex {cells} -index {NAND2_tb_2} -in [gi::getWindows 2]
[02:25:39.21] /i gi::setItemSelection {cells} -index {NAND2_tb_2} -in [gi::getWindows 2]
[02:25:39.48] /i gi::setCurrentIndex {cells} -index {NAND2_tb} -in [gi::getWindows 2]
[02:25:39.48] /i gi::setItemSelection {cells} -index {NAND2_tb} -in [gi::getWindows 2]
[02:25:40.06] /i gi::setCurrentIndex {cells} -index {NAND2_2} -in [gi::getWindows 2]
[02:25:40.06] /i gi::setItemSelection {cells} -index {NAND2_2} -in [gi::getWindows 2]
[02:25:40.75] /i gi::setCurrentIndex {views} -index {starrc} -in [gi::getWindows 2]
[02:25:40.75] /i gi::setItemSelection {views} -index {starrc} -in [gi::getWindows 2]
[02:25:41.17] /i gi::setCurrentIndex {views} -index {symbol} -in [gi::getWindows 2]
[02:25:41.17] /i gi::setItemSelection {views} -index {symbol} -in [gi::getWindows 2]
[02:25:41.85] /i gi::setCurrentIndex {views} -index {starrc} -in [gi::getWindows 2]
[02:25:41.85] /i gi::setItemSelection {views} -index {starrc} -in [gi::getWindows 2]
[02:25:44.00] /i gi::setActiveWindow 43
[02:25:44.00] /i gi::setActiveWindow 43 -raise true
[02:25:45.84] /# gi::executeAction deSelectActive -in [gi::getWindows 43]
[02:25:45.84] /i de::cycleActiveFigure [gi::getWindows 43] -direction next
[02:25:45.84] /o oa:0x20d448b0
[02:25:46.32] /# gi::executeAction leStartStretchDrag -in [gi::getWindows 43]
[02:25:46.32] /i layout_editor::directStretch [de::getActiveFigure [gi::getWindows 43] -point {-6.896 3.775} -index 0 -intent none] 43
[02:25:46.32] /# ile::stretch -point {-6.895 3.775}
[02:25:47.16] /# gi::executeAction deEndDrag -in [gi::getWindows 43]
[02:25:47.16] /i de::endDrag {-6.955 3.777} -context [db::getNext [de::getContexts -window 43]]
[02:25:48.99] /# gi::executeAction deSelectActive -in [gi::getWindows 43]
[02:25:49.00] /i de::deselectAll [db::getNext [de::getContexts -window 43]]
[02:25:49.00] /i de::select [de::getActiveFigure [gi::getWindows 43] -point {-7.029 3.232} -index 0 -intent none]
[02:25:49.00] /o oa:0x1f2c76f0
[02:25:49.45] /# gi::executeAction deSelectActive -in [gi::getWindows 43]
[02:25:49.45] /i de::deselectAll [db::getNext [de::getContexts -window 43]]
[02:25:49.45] /i de::select [de::getActiveFigure [gi::getWindows 43] -point {-7.024 3.622} -index 0 -intent none]
[02:25:49.45] /o oa:0x20e36a80
[02:25:50.26] /# gi::executeAction deSelectActive -in [gi::getWindows 43]
[02:25:50.26] /i de::deselectAll [db::getNext [de::getContexts -window 43]]
[02:25:50.26] /i de::select [de::getActiveFigure [gi::getWindows 43] -point {-7.743 3.631} -index 0 -intent none]
[02:25:50.26] /o oa:0x1f8db6e0
[02:25:50.77] /# gi::executeAction deSelectActive -in [gi::getWindows 43]
[02:25:50.77] /i de::deselectAll [db::getNext [de::getContexts -window 43]]
[02:25:50.77] /i de::select [de::getActiveFigure [gi::getWindows 43] -point {-7.729 3.462} -index 0 -intent none]
[02:25:50.77] /o oa:0x1fc3b0c0
[02:25:51.67] /# gi::executeAction deSelectActive -in [gi::getWindows 43]
[02:25:51.67] /i de::deselectAll [db::getNext [de::getContexts -window 43]]
[02:25:51.67] /i de::select [de::getActiveFigure [gi::getWindows 43] -point {-7.372 3.593} -index 0 -intent none]
[02:25:51.67] /o oa:0x1f6e8880
[02:25:52.06] /# gi::executeAction deCanvasZoomOutAtPoint -in [gi::getWindows 43]
[02:25:52.06] /i de::zoom -window [gi::getWindows 43] -factor 0.5 -center {-7.372 3.666}
[02:25:52.06] /o {-9.396 2.605} {-5.757 4.53}
[02:25:52.09] /# gi::executeAction deCanvasZoomOutAtPoint -in [gi::getWindows 43]
[02:25:52.09] /i de::zoom -window [gi::getWindows 43] -factor 0.5 -center {-7.371 3.687}
[02:25:52.09] /o {-11.42 1.523} {-4.142 5.373}
[02:25:52.15] /# gi::executeAction deCanvasZoomOutAtPoint -in [gi::getWindows 43]
[02:25:52.15] /i de::zoom -window [gi::getWindows 43] -factor 0.5 -center {-7.399 3.928}
[02:25:52.16] /o {-15.442 -0.881} {-0.885 6.819}
[02:25:52.91] /# gi::executeAction deFitView -in [gi::getWindows 43]
[02:25:52.91] /i de::fit -window 43 -fitView true
[02:25:52.91] /o {-14.886 2.195} {-0.329 9.895}
[02:25:53.33] /# gi::executeAction deCanvasZoomInAtPoint -in [gi::getWindows 43]
[02:25:53.33] /i de::zoom -window [gi::getWindows 43] -factor 2.0 -center {-7.927 9.089}
[02:25:53.33] /o {-11.406 5.642} {-4.128 9.492}
[02:25:53.39] /# gi::executeAction deCanvasZoomInAtPoint -in [gi::getWindows 43]
[02:25:53.39] /i de::zoom -window [gi::getWindows 43] -factor 2.0 -center {-7.927 9.089}
[02:25:53.39] /o {-9.667 7.366} {-6.028 9.291}
[02:25:54.16] /# gi::executeAction deCanvasZoomInAtPoint -in [gi::getWindows 43]
[02:25:54.16] /i de::zoom -window [gi::getWindows 43] -factor 2.0 -center {-7.614 8.385}
[02:25:54.16] /o {-8.64 7.875} {-6.821 8.838}
[02:25:54.91] /# gi::executeAction deCanvasZoomOutAtPoint -in [gi::getWindows 43]
[02:25:54.91] /i de::zoom -window [gi::getWindows 43] -factor 0.5 -center {-7.24 8.447}
[02:25:54.91] /o {-10.041 7.304} {-6.402 9.229}
[02:25:56.03] /# gi::executeAction deSelectActive -in [gi::getWindows 43]
[02:25:56.03] /i de::deselectAll [db::getNext [de::getContexts -window 43]]
[02:25:56.03] /i de::select [de::getActiveFigure [gi::getWindows 43] -point {-7.356 8.754} -index 0 -intent none]
[02:25:56.03] /o oa:0x20ebeb00
[02:25:56.55] /# gi::executeAction leStartStretchDrag -in [gi::getWindows 43]
[02:25:56.55] /i layout_editor::directStretch [de::getActiveFigure [gi::getWindows 43] -point {-7.356 8.754} -index 0 -intent none] 43
[02:25:56.55] /# ile::stretch -point {-7.355 8.755}
[02:25:57.96] /# gi::executeAction deEndDrag -in [gi::getWindows 43]
[02:25:57.96] /i de::endDrag {-7.175 8.742} -context [db::getNext [de::getContexts -window 43]]
[02:25:58.45] /# gi::executeAction deSelectActive -in [gi::getWindows 43]
[02:25:58.45] /i de::deselectAll [db::getNext [de::getContexts -window 43]]
[02:25:58.45] /i de::select [de::getActiveFigure [gi::getWindows 43] -point {-7.363 8.92} -index 0 -intent none]
[02:25:58.45] /o oa:0x1e45b510
[02:25:58.93] /# gi::executeAction leStartStretchDrag -in [gi::getWindows 43]
[02:25:58.93] /i layout_editor::directStretch [de::getActiveFigure [gi::getWindows 43] -point {-7.363 8.92} -index 0 -intent none] 43
[02:25:58.93] /# ile::stretch -point {-7.365 8.92}
[02:25:59.52] /# gi::executeAction deEndDrag -in [gi::getWindows 43]
[02:25:59.52] /i de::endDrag {-7.198 8.92} -context [db::getNext [de::getContexts -window 43]]
[02:26:00.39] /# gi::executeAction leDelete -in [gi::getWindows 43]
[02:26:00.39] /i ile::delete
[02:26:00.94] /# gi::executeAction deSelectActive -in [gi::getWindows 43]
[02:26:00.94] /i de::deselectAll [db::getNext [de::getContexts -window 43]]
[02:26:00.94] /i de::select [de::getActiveFigure [gi::getWindows 43] -point {-7.189 8.763} -index 0 -intent none]
[02:26:00.94] /o oa:0x1f84fd50
[02:26:01.42] /# gi::executeAction deSelectActive -in [gi::getWindows 43]
[02:26:01.42] /i de::cycleActiveFigure [gi::getWindows 43] -direction next
[02:26:01.42] /o oa:0x1f4c69d0
[02:26:01.42] /i de::cycleActiveFigure [gi::getWindows 43] -direction next
[02:26:01.42] /o oa:0x215b1a60
[02:26:01.42] /i de::deselectAll [db::getNext [de::getContexts -window 43]]
[02:26:01.42] /i de::select [de::getActiveFigure [gi::getWindows 43] -point {-7.189 8.754} -index 2 -intent none]
[02:26:01.42] /o oa:0x1e306f10
[02:26:01.95] /# gi::executeAction deSelectActive -in [gi::getWindows 43]
[02:26:01.95] /i de::deselectAll [db::getNext [de::getContexts -window 43]]
[02:26:01.95] /i de::select [de::getActiveFigure [gi::getWindows 43] -point {-7.196 8.844} -index 0 -intent none]
[02:26:01.95] /o oa:0x20aeef00
[02:26:02.55] /# gi::executeAction leStartStretchDrag -in [gi::getWindows 43]
[02:26:02.55] /i layout_editor::directStretch [de::getActiveFigure [gi::getWindows 43] -point {-7.196 8.844} -index 0 -intent none] 43
[02:26:02.55] /# ile::stretch -point {-7.195 8.845}
[02:26:04.22] /# gi::executeAction deEndDrag -in [gi::getWindows 43]
[02:26:04.22] /i de::endDrag {-7.196 8.844} -context [db::getNext [de::getContexts -window 43]]
[02:26:05.12] /# gi::executeAction leVia -in [gi::getWindows 43]
[02:26:05.12] /i ile::createVia
[02:26:05.14] /o oa:0x1d414750
[02:26:05.95] /# gi::executeAction deAddPoint -in [gi::getWindows 43]
[02:26:05.95] /i de::addPoint {-7.217 9.032} -context [db::getNext [de::getContexts -window 43]]
[02:26:06.89] /i gi::executeAction deSaveDesign -in [gi::getWindows 43]
[02:26:06.89] /m Information: Saving design 'inverter NAND2_2 layout'. (DESIGN_WINDOW-004)
[02:26:07.90] /# gi::executeAction xtDRCRun -in [gi::getWindows 43]
[02:26:07.90] /i xt::physicalVerification::executeRun drc 43
[02:26:07.95] /# xt::physicalVerification::executePve drc 43
[02:26:09.05] /r giWindowId 45
[02:26:09.05] /r giWindowGeometry 800x600
[02:26:09.76] /m Information: 
              /c =============================
              /c JobID: hercules_drc_430
              /c --- ERROR SUMMARY -----------
              /c 7.10: Minimum spacing for Polysilicon >= 0.09
              /c  EXTERNAL POLS { } (101) ................................ 1 violation found.
              /c =============================
              /c 
[02:26:10.04] /j ::xt::hercules::vue::_private::registerConnection localhost:53676 tcp115 herculesVue_17 
[02:26:10.08] /j ::xt::hercules::vue::_private::isJobReady 
[02:26:10.08] /o false
[02:26:11.08] /j ::xt::hercules::vue::_private::isJobReady 
[02:26:11.08] /o false
[02:26:12.08] /m Information: Connection established with 'Hercules-VUE' running on 'localhost'.
[02:26:12.08] /j ::xt::hercules::vue::_private::isJobReady 
[02:26:12.08] /o true
[02:26:12.08] /j ::xt::hercules::vue::startFilter LAY 
[02:26:12.25] /j ::xt::hercules::vue::setInlibPath /home/itsupport/Desktop/lab1vlsi/synopsys_custom/NAND2_2.hercules.drc/. 
[02:26:12.26] /j ::xt::hercules::vue::setTopLayLCV inverter NAND2_2 layout 
[02:26:12.28] /j ::xt::hercules::vue::openCell inverter NAND2_2 layout 
[02:26:15.58] /j ::xt::hercules::vue::clearAllHighlights NAND2_2 layout 
[02:26:15.60] /j ::xt::hercules::vue::clearAllHighlights NAND2_2 layout 
[02:26:15.76] /m Information: Connection closed with 'Hercules-VUE' running on 'localhost'.
[02:26:16.45] /i gi::executeAction giCloseWindow -in [gi::getWindows 45]
[02:26:16.46] /i gi::setActiveWindow 43
[02:26:16.46] /i gi::setActiveWindow 43 -raise true
[02:26:17.00] /# gi::executeAction deCanvasZoomOutAtPoint -in [gi::getWindows 43]
[02:26:17.00] /i de::zoom -window [gi::getWindows 43] -factor 0.5 -center {-6.981 7.607}
[02:26:17.00] /o {-13.1 7.0} {-5.822 10.85}
[02:26:17.10] /# gi::executeAction deCanvasZoomOutAtPoint -in [gi::getWindows 43]
[02:26:17.10] /i de::zoom -window [gi::getWindows 43] -factor 0.5 -center {-6.971 7.528}
[02:26:17.10] /o {-19.23 6.472} {-4.673 14.172}
[02:26:17.25] /# gi::executeAction deFitView -in [gi::getWindows 43]
[02:26:17.25] /i de::fit -window 43 -fitView true
[02:26:17.25] /o {-14.886 2.195} {-0.329 9.895}
[02:26:17.88] /# gi::executeAction deCanvasZoomInAtPoint -in [gi::getWindows 43]
[02:26:17.88] /i de::zoom -window [gi::getWindows 43] -factor 2.0 -center {-8.409 4.243}
[02:26:17.88] /o {-11.647 3.219} {-4.369 7.069}
[02:26:18.03] /# gi::executeAction deCanvasZoomInAtPoint -in [gi::getWindows 43]
[02:26:18.03] /i de::zoom -window [gi::getWindows 43] -factor 2.0 -center {-8.224 4.081}
[02:26:18.03] /o {-9.936 3.65} {-6.297 5.575}
[02:26:18.56] /# gi::executeAction deCanvasZoomInAtPoint -in [gi::getWindows 43]
[02:26:18.56] /i de::zoom -window [gi::getWindows 43] -factor 2.0 -center {-7.281 3.977}
[02:26:18.56] /o {-8.608 3.814} {-6.789 4.776}
[02:26:18.69] /# gi::executeAction deCanvasZoomInAtPoint -in [gi::getWindows 43]
[02:26:18.69] /i de::zoom -window [gi::getWindows 43] -factor 2.0 -center {-7.281 3.977}
[02:26:18.69] /o {-7.945 3.895} {-7.035 4.377}
[02:26:19.51] /# gi::executeAction leStretch -in [gi::getWindows 43]
[02:26:19.51] /i ile::stretch
[02:26:20.19] /# gi::executeAction deAddPoint -in [gi::getWindows 43]
[02:26:20.19] /i de::addPoint {-7.52 4.012} -context [db::getNext [de::getContexts -window 43]]
[02:26:20.71] /# gi::executeAction deAbortCommand -in [gi::getWindows 43]
[02:26:20.71] /i de::abortCommand -context [db::getNext [de::getContexts -window 43]]
[02:26:21.06] /# gi::executeAction leStretch -in [gi::getWindows 43]
[02:26:21.06] /i ile::stretch
[02:26:21.56] /# gi::executeAction deAddPoint -in [gi::getWindows 43]
[02:26:21.56] /i de::addPoint {-7.521 4.012} -context [db::getNext [de::getContexts -window 43]]
[02:26:22.16] /# gi::executeAction deAbortCommand -in [gi::getWindows 43]
[02:26:22.16] /i de::abortCommand -context [db::getNext [de::getContexts -window 43]]
[02:26:22.54] /# gi::executeAction deSelectActive -in [gi::getWindows 43]
[02:26:22.54] /i de::deselectAll [db::getNext [de::getContexts -window 43]]
[02:26:22.54] /i de::deselectAllLogic -context [db::getNext [de::getContexts -window 43]]
[02:26:22.84] /# gi::executeAction leStretch -in [gi::getWindows 43]
[02:26:22.84] /i ile::stretch
[02:26:23.30] /# gi::executeAction deAddPoint -in [gi::getWindows 43]
[02:26:23.30] /i de::addPoint {-7.521 4.009} -context [db::getNext [de::getContexts -window 43]]
[02:26:24.02] /# gi::executeAction deAddPoint -in [gi::getWindows 43]
[02:26:24.02] /i de::addPoint {-7.524 4.009} -context [db::getNext [de::getContexts -window 43]]
[02:26:25.64] /# gi::executeAction leRuler -in [gi::getWindows 43]
[02:26:25.64] /i ile::createRuler
[02:26:25.87] /# gi::executeAction deCanvasZoomInAtPoint -in [gi::getWindows 43]
[02:26:25.87] /i de::zoom -window [gi::getWindows 43] -factor 2.0 -center {-7.558 4.013}
[02:26:25.87] /o {-7.751 3.954} {-7.296 4.195}
[02:26:26.73] /# gi::executeAction deAddPoint -in [gi::getWindows 43]
[02:26:26.73] /i de::addPoint {-7.523 4.024} -context [db::getNext [de::getContexts -window 43]]
[02:26:28.16] /# gi::executeAction deAddPoint -in [gi::getWindows 43]
[02:26:28.16] /i de::addPoint {-7.435 4.026} -context [db::getNext [de::getContexts -window 43]]
[02:26:28.47] /# gi::executeAction deCanvasZoomOutAtPoint -in [gi::getWindows 43]
[02:26:28.47] /i de::zoom -window [gi::getWindows 43] -factor 0.5 -center {-7.481 4.108}
[02:26:28.47] /o {-8.022 3.8} {-7.112 4.282}
[02:26:28.67] /# gi::executeAction deFitView -in [gi::getWindows 43]
[02:26:28.67] /i de::fit -window 43 -fitView true
[02:26:28.67] /o {-14.886 2.195} {-0.329 9.895}
[02:26:29.93] /i gi::executeAction deSaveDesign -in [gi::getWindows 43]
[02:26:29.93] /m Information: Saving design 'inverter NAND2_2 layout'. (DESIGN_WINDOW-004)
[02:26:30.08] /i gi::executeAction deSaveDesign -in [gi::getWindows 43]
[02:26:30.09] /m Information: Saving design 'inverter NAND2_2 layout'. (DESIGN_WINDOW-004)
[02:26:30.21] /i gi::executeAction deSaveDesign -in [gi::getWindows 43]
[02:26:30.21] /m Information: Saving design 'inverter NAND2_2 layout'. (DESIGN_WINDOW-004)
[02:26:30.35] /i gi::executeAction deSaveDesign -in [gi::getWindows 43]
[02:26:30.35] /m Information: Saving design 'inverter NAND2_2 layout'. (DESIGN_WINDOW-004)
[02:26:30.48] /i gi::executeAction deSaveDesign -in [gi::getWindows 43]
[02:26:30.48] /m Information: Saving design 'inverter NAND2_2 layout'. (DESIGN_WINDOW-004)
[02:26:30.63] /i gi::executeAction deSaveDesign -in [gi::getWindows 43]
[02:26:30.63] /m Information: Saving design 'inverter NAND2_2 layout'. (DESIGN_WINDOW-004)
[02:26:30.77] /i gi::executeAction deSaveDesign -in [gi::getWindows 43]
[02:26:30.77] /m Information: Saving design 'inverter NAND2_2 layout'. (DESIGN_WINDOW-004)
[02:26:30.92] /i gi::executeAction deSaveDesign -in [gi::getWindows 43]
[02:26:30.92] /m Information: Saving design 'inverter NAND2_2 layout'. (DESIGN_WINDOW-004)
[02:26:31.08] /i gi::executeAction deSaveDesign -in [gi::getWindows 43]
[02:26:31.08] /m Information: Saving design 'inverter NAND2_2 layout'. (DESIGN_WINDOW-004)
[02:26:31.23] /i gi::executeAction deSaveDesign -in [gi::getWindows 43]
[02:26:31.23] /m Information: Saving design 'inverter NAND2_2 layout'. (DESIGN_WINDOW-004)
[02:26:31.37] /i gi::executeAction deSaveDesign -in [gi::getWindows 43]
[02:26:31.37] /m Information: Saving design 'inverter NAND2_2 layout'. (DESIGN_WINDOW-004)
[02:26:34.74] /# gi::executeAction xtDRCRun -in [gi::getWindows 43]
[02:26:34.74] /i xt::physicalVerification::executeRun drc 43
[02:26:34.80] /# xt::physicalVerification::executePve drc 43
[02:26:36.04] /r giWindowId 46
[02:26:36.04] /r giWindowGeometry 800x600
[02:26:36.77] /m Information: 
              /c =============================
              /c JobID: hercules_drc_431
              /c Completed with no errors.
              /c =============================
              /c 
[02:26:38.43] /i gi::executeAction giCloseWindow -in [gi::getWindows 46]
[02:26:38.43] /i gi::setActiveWindow 43
[02:26:38.43] /i gi::setActiveWindow 43 -raise true
[02:26:39.25] /# gi::executeAction xtLVSRun -in [gi::getWindows 43]
[02:26:39.25] /i xt::physicalVerification::executeRun lvs 43
[02:26:39.38] /# xt::physicalVerification::executePve lvs 43
[02:26:40.26] /m Information: "Starting netlisting for design "inverter/NAND2_2/schematic"..." (NETLISTING-010)
[02:26:40.30] /o No Design Integrity rule violations found in "inverter/NAND2_2/schematic"
[02:26:40.31] /m Information: "Netlisting design "inverter/NAND2_2/schematic" finished successfully." (NETLISTING-012)
[02:26:40.46] /r giWindowId 47
[02:26:40.46] /r giWindowGeometry 800x600
[02:26:42.46] /m Information: 
              /c =============================
              /c JobID: hercules_lvs_21
              /c Completed with no errors.
              /c =============================
              /c 
[02:26:45.17] /i gi::executeAction giCloseWindow -in [gi::getWindows 47]
[02:26:45.18] /i gi::setActiveWindow 43
[02:26:45.18] /i gi::setActiveWindow 43 -raise true
[02:26:47.41] /i gi::setActiveWindow 2
[02:26:47.41] /i gi::setActiveWindow 2 -raise true
[02:26:50.97] /i gi::setCurrentIndex {cells} -index {NAND2} -in [gi::getWindows 2]
[02:26:50.97] /i gi::setItemSelection {cells} -index {NAND2} -in [gi::getWindows 2]
[02:26:51.42] /i gi::setCurrentIndex {cells} -index {Final} -in [gi::getWindows 2]
[02:26:51.42] /i gi::setItemSelection {cells} -index {Final} -in [gi::getWindows 2]
[02:26:52.42] /i gi::setCurrentIndex {cells} -index {NAND2} -in [gi::getWindows 2]
[02:26:52.43] /i gi::setItemSelection {cells} -index {NAND2} -in [gi::getWindows 2]
[02:26:52.80] /i gi::setCurrentIndex {cells} -index {NAND2_2} -in [gi::getWindows 2]
[02:26:52.80] /i gi::setItemSelection {cells} -index {NAND2_2} -in [gi::getWindows 2]
[02:26:53.54] /i gi::setActiveWindow 43
[02:26:53.54] /i gi::setActiveWindow 43 -raise true
[02:27:04.95] /# gi::executeAction deCanvasZoomInAtPoint -in [gi::getWindows 43]
[02:27:04.95] /i de::zoom -window [gi::getWindows 43] -factor 2.0 -center {-6.093 6.856}
[02:27:04.95] /o {-10.489 4.525} {-3.211 8.375}
[02:27:09.62] /i de::setActiveLPP [de::getLPPs "poly pin" -from [db::getAttr editDesign -of [de::getContexts -window 43]]]
[02:27:12.79] /# gi::executeAction leLabel -in [gi::getWindows 43]
[02:27:12.79] /i ile::createLabel
[02:27:13.23] /# gi::executeAction deCanvasZoomInAtPoint -in [gi::getWindows 43]
[02:27:13.23] /i de::zoom -window [gi::getWindows 43] -factor 2.0 -center {-7.538 5.901}
[02:27:13.23] /o {-9.014 5.213} {-5.375 7.138}
[02:27:15.26] /# gi::executeAction leRectangle -in [gi::getWindows 43]
[02:27:15.26] /i ile::createRectangle
[02:27:16.82] /i gi::executeAction deObjectActivation -in [gi::getWindows 43]
[02:27:16.96] /# gi::executeAction deSelectByRectangle -in [gi::getWindows 43]
[02:27:16.96] /i ide::selectByRegion -region rectangle -select true
[02:27:17.10] /i gi::executeAction deObjectActivation -in [gi::getWindows 43]
[02:27:17.39] /# gi::executeAction deCanvasZoomInAtPoint -in [gi::getWindows 43]
[02:27:17.39] /i de::zoom -window [gi::getWindows 43] -factor 2.0 -center {-7.879 6.374}
[02:27:17.39] /o {-8.446 5.794} {-6.627 6.756}
[02:27:17.53] /# gi::executeAction deCanvasZoomInAtPoint -in [gi::getWindows 43]
[02:27:17.53] /i de::zoom -window [gi::getWindows 43] -factor 2.0 -center {-7.877 6.374}
[02:27:17.53] /o {-8.162 6.084} {-7.252 6.565}
[02:27:19.36] /# gi::executeAction leLabel -in [gi::getWindows 43]
[02:27:19.36] /i ile::createLabel
[02:27:20.11] /i gi::executeAction deObjectActivation -in [gi::getWindows 43]
[02:27:20.29] /i gi::setField {textMultiline} -value {A} -in [gi::getToolbars {deCommandOptions} -from [gi::getWindows 43]]
[02:27:20.33] /i gi::executeAction deObjectActivation -in [gi::getWindows 43]
[02:27:21.31] /# gi::executeAction deAddPoint -in [gi::getWindows 43]
[02:27:21.31] /i de::addPoint {-7.735 6.326} -context [db::getNext [de::getContexts -window 43]]
[02:27:22.18] /# gi::executeAction deAbortCommand -in [gi::getWindows 43]
[02:27:22.18] /i de::abortCommand -context [db::getNext [de::getContexts -window 43]]
[02:27:23.87] /# gi::executeAction leRectangle -in [gi::getWindows 43]
[02:27:23.87] /i ile::createRectangle
[02:27:24.71] /# gi::executeAction deStartDrag -in [gi::getWindows 43]
[02:27:24.71] /i de::startDrag {-7.779 6.394} -context [db::getNext [de::getContexts -window 43]]
[02:27:25.67] /# gi::executeAction deEndDrag -in [gi::getWindows 43]
[02:27:25.67] /i de::endDrag {-7.701 6.237} -context [db::getNext [de::getContexts -window 43]]
[02:27:43.15] /# gi::executeAction deCanvasZoomOutAtPoint -in [gi::getWindows 43]
[02:27:43.15] /i de::zoom -window [gi::getWindows 43] -factor 0.5 -center {-7.563 6.287}
[02:27:43.15] /o {-8.76 5.881} {-6.941 6.843}
[02:27:43.57] /# gi::executeAction deAbortCommand -in [gi::getWindows 43]
[02:27:43.57] /i de::abortCommand -context [db::getNext [de::getContexts -window 43]]
[02:27:44.21] /# gi::executeAction deSelectActive -in [gi::getWindows 43]
[02:27:44.21] /i de::deselectAll [db::getNext [de::getContexts -window 43]]
[02:27:44.21] /i de::select [de::getActiveFigure [gi::getWindows 43] -point {-7.706 6.303} -index 0 -intent none]
[02:27:44.21] /o oa:0x1e0c1860
[02:27:45.73] /# gi::executeAction leCopy -in [gi::getWindows 43]
[02:27:45.73] /i ile::copy
[02:27:45.85] /# gi::executeAction deAddPoint -in [gi::getWindows 43]
[02:27:45.85] /i de::addPoint {-7.706 6.307} -context [db::getNext [de::getContexts -window 43]]
[02:27:47.26] /# gi::executeAction deAddPoint -in [gi::getWindows 43]
[02:27:47.26] /i de::addPoint {-7.348 6.283} -context [db::getNext [de::getContexts -window 43]]
[02:27:47.45] /i gi::executeAction deCanvasDragCancel -in [gi::getWindows 43]
[02:27:49.82] /# gi::executeAction leLabel -in [gi::getWindows 43]
[02:27:49.82] /i ile::createLabel
[02:27:51.73] /i gi::executeAction deObjectActivation -in [gi::getWindows 43]
[02:27:52.45] /i gi::setField {textMultiline} -value {B} -in [gi::getToolbars {deCommandOptions} -from [gi::getWindows 43]]
[02:27:52.45] /i gi::executeAction deObjectActivation -in [gi::getWindows 43]
[02:27:53.82] /# gi::executeAction deAddPoint -in [gi::getWindows 43]
[02:27:53.83] /i de::addPoint {-7.376 6.321} -context [db::getNext [de::getContexts -window 43]]
[02:27:54.37] /# gi::executeAction deAbortCommand -in [gi::getWindows 43]
[02:27:54.37] /i de::abortCommand -context [db::getNext [de::getContexts -window 43]]
[02:27:54.81] /# gi::executeAction deCanvasZoomOutAtPoint -in [gi::getWindows 43]
[02:27:54.81] /i de::zoom -window [gi::getWindows 43] -factor 0.5 -center {-7.401 6.356}
[02:27:54.82] /o {-10.12 5.405} {-6.481 7.33}
[02:27:54.94] /# gi::executeAction deCanvasZoomOutAtPoint -in [gi::getWindows 43]
[02:27:54.94] /i de::zoom -window [gi::getWindows 43] -factor 0.5 -center {-7.298 6.385}
[02:27:54.94] /o {-12.941 4.426} {-5.663 8.276}
[02:28:00.60] /i de::setActiveLPP [de::getLPPs "m1 pin" -from [db::getAttr editDesign -of [de::getContexts -window 43]]]
[02:28:01.75] /# gi::executeAction leRectangle -in [gi::getWindows 43]
[02:28:01.75] /i ile::createRectangle
[02:28:02.01] /# gi::executeAction deCanvasZoomInAtPoint -in [gi::getWindows 43]
[02:28:02.01] /i de::zoom -window [gi::getWindows 43] -factor 2.0 -center {-7.711 5.797}
[02:28:02.01] /o {-10.326 5.111} {-6.687 7.036}
[02:28:03.31] /# gi::executeAction deStartDrag -in [gi::getWindows 43]
[02:28:03.31] /i de::startDrag {-7.065 6.251} -context [db::getNext [de::getContexts -window 43]]
[02:28:03.93] /# gi::executeAction deEndDrag -in [gi::getWindows 43]
[02:28:03.94] /i de::endDrag {-7.002 6.098} -context [db::getNext [de::getContexts -window 43]]
[02:28:05.25] /# gi::executeAction leRuler -in [gi::getWindows 43]
[02:28:05.25] /i ile::createRuler
[02:28:05.55] /# gi::executeAction leRuler -in [gi::getWindows 43]
[02:28:05.55] /i ile::createRuler
[02:28:06.42] /# gi::executeAction leRuler -in [gi::getWindows 43]
[02:28:06.42] /i ile::createRuler
[02:28:06.94] /# gi::executeAction leLabel -in [gi::getWindows 43]
[02:28:06.94] /i ile::createLabel
[02:28:08.89] /i gi::executeAction deObjectActivation -in [gi::getWindows 43]
[02:28:09.85] /i gi::setField {textMultiline} -value {S} -in [gi::getToolbars {deCommandOptions} -from [gi::getWindows 43]]
[02:28:09.87] /i gi::executeAction deObjectActivation -in [gi::getWindows 43]
[02:28:10.71] /# gi::executeAction deCanvasZoomInAtPoint -in [gi::getWindows 43]
[02:28:10.71] /i de::zoom -window [gi::getWindows 43] -factor 2.0 -center {-6.814 6.172}
[02:28:10.71] /o {-8.57 5.642} {-6.751 6.604}
[02:28:10.79] /# gi::executeAction deCanvasZoomInAtPoint -in [gi::getWindows 43]
[02:28:10.79] /i de::zoom -window [gi::getWindows 43] -factor 2.0 -center {-6.815 6.172}
[02:28:10.79] /o {-7.693 5.907} {-6.783 6.388}
[02:28:11.72] /# gi::executeAction deAddPoint -in [gi::getWindows 43]
[02:28:11.72] /i de::addPoint {-7.046 6.172} -context [db::getNext [de::getContexts -window 43]]
[02:28:11.99] /# gi::executeAction deAbortCommand -in [gi::getWindows 43]
[02:28:11.99] /i de::abortCommand -context [db::getNext [de::getContexts -window 43]]
[02:28:12.49] /# gi::executeAction deCanvasZoomOutAtPoint -in [gi::getWindows 43]
[02:28:12.49] /i de::zoom -window [gi::getWindows 43] -factor 0.5 -center {-6.978 6.101}
[02:28:12.49] /o {-8.407 5.713} {-6.588 6.675}
[02:28:12.59] /# gi::executeAction deCanvasZoomOutAtPoint -in [gi::getWindows 43]
[02:28:12.59] /i de::zoom -window [gi::getWindows 43] -factor 0.5 -center {-6.979 6.101}
[02:28:12.59] /o {-9.835 5.324} {-6.196 7.249}
[02:28:18.16] /# gi::executeAction xtLVSRun -in [gi::getWindows 43]
[02:28:18.16] /i xt::physicalVerification::executeRun lvs 43
[02:28:18.22] /# xt::physicalVerification::executePve lvs 43
[02:28:19.11] /m Information: "Starting netlisting for design "inverter/NAND2_2/schematic"..." (NETLISTING-010)
[02:28:19.14] /o No Design Integrity rule violations found in "inverter/NAND2_2/schematic"
[02:28:19.16] /m Information: "Netlisting design "inverter/NAND2_2/schematic" finished successfully." (NETLISTING-012)
[02:28:19.29] /r giWindowId 48
[02:28:19.30] /r giWindowGeometry 800x600
[02:28:21.46] /m Information: 
              /c =============================
              /c JobID: hercules_lvs_22
              /c Completed with no errors.
              /c =============================
              /c 
[02:28:22.66] /i gi::executeAction giCloseWindow -in [gi::getWindows 48]
[02:28:22.68] /i gi::setActiveWindow 43
[02:28:22.69] /i gi::setActiveWindow 43 -raise true
[02:28:27.20] /i gi::executeAction deSaveDesign -in [gi::getWindows 43]
[02:28:27.20] /m Information: Saving design 'inverter NAND2_2 layout'. (DESIGN_WINDOW-004)
[02:28:27.35] /i gi::executeAction deSaveDesign -in [gi::getWindows 43]
[02:28:27.35] /m Information: Saving design 'inverter NAND2_2 layout'. (DESIGN_WINDOW-004)
[02:28:28.18] /# gi::executeAction xtLVSRun -in [gi::getWindows 43]
[02:28:28.18] /i xt::physicalVerification::executeRun lvs 43
[02:28:28.24] /# xt::physicalVerification::executePve lvs 43
[02:28:29.12] /m Information: "Starting netlisting for design "inverter/NAND2_2/schematic"..." (NETLISTING-010)
[02:28:29.15] /o No Design Integrity rule violations found in "inverter/NAND2_2/schematic"
[02:28:29.17] /m Information: "Netlisting design "inverter/NAND2_2/schematic" finished successfully." (NETLISTING-012)
[02:28:29.32] /r giWindowId 49
[02:28:29.33] /r giWindowGeometry 800x600
[02:28:31.46] /m Information: 
              /c =============================
              /c JobID: hercules_lvs_23
              /c Completed with no errors.
              /c =============================
              /c 
[02:28:32.86] /i gi::executeAction giCloseWindow -in [gi::getWindows 49]
[02:28:32.87] /i gi::setActiveWindow 43
[02:28:32.87] /i gi::setActiveWindow 43 -raise true
[02:28:33.60] /# gi::executeAction deFitView -in [gi::getWindows 43]
[02:28:33.60] /i de::fit -window 43 -fitView true
[02:28:33.60] /o {-14.886 2.195} {-0.329 9.895}
[02:28:34.25] /# gi::executeAction deCanvasZoomInAtPoint -in [gi::getWindows 43]
[02:28:34.25] /i de::zoom -window [gi::getWindows 43] -factor 2.0 -center {-7.325 9.7}
[02:28:34.25] /o {-11.105 5.947} {-3.827 9.797}
[02:28:34.38] /# gi::executeAction deCanvasZoomInAtPoint -in [gi::getWindows 43]
[02:28:34.38] /i de::zoom -window [gi::getWindows 43] -factor 2.0 -center {-7.251 9.515}
[02:28:34.38] /o {-9.178 7.731} {-5.539 9.656}
[02:28:38.74] /i de::setActiveLPP [de::getLPPs "poly pin" -from [db::getAttr editDesign -of [de::getContexts -window 43]]]
[02:28:39.96] /# gi::executeAction leRectangle -in [gi::getWindows 43]
[02:28:39.96] /i ile::createRectangle
[02:28:40.81] /# gi::executeAction deStartDrag -in [gi::getWindows 43]
[02:28:40.81] /i de::startDrag {-7.035 9.323} -context [db::getNext [de::getContexts -window 43]]
[02:28:41.25] /# gi::executeAction deEndDrag -in [gi::getWindows 43]
[02:28:41.25] /i de::endDrag {-6.681 8.92} -context [db::getNext [de::getContexts -window 43]]
[02:28:42.96] /# gi::executeAction leLabel -in [gi::getWindows 43]
[02:28:42.96] /i ile::createLabel
[02:28:45.40] /i gi::executeAction deObjectActivation -in [gi::getWindows 43]
[02:28:45.73] /i gi::setField {textMultiline} -value {vdd!} -in [gi::getToolbars {deCommandOptions} -from [gi::getWindows 43]]
[02:28:45.73] /i gi::executeAction deObjectActivation -in [gi::getWindows 43]
[02:28:46.81] /# gi::executeAction deAddPoint -in [gi::getWindows 43]
[02:28:46.81] /i de::addPoint {-6.869 9.133} -context [db::getNext [de::getContexts -window 43]]
[02:28:47.12] /# gi::executeAction deFitView -in [gi::getWindows 43]
[02:28:47.12] /i de::fit -window 43 -fitView true
[02:28:47.12] /o {-14.886 2.195} {-0.329 9.895}
[02:28:47.69] /# gi::executeAction deCanvasZoomInAtPoint -in [gi::getWindows 43]
[02:28:47.69] /i de::zoom -window [gi::getWindows 43] -factor 2.0 -center {-7.038 2.825}
[02:28:47.69] /o {-10.962 2.51} {-3.684 6.36}
[02:28:48.15] /# gi::executeAction deCanvasZoomInAtPoint -in [gi::getWindows 43]
[02:28:48.15] /i de::zoom -window [gi::getWindows 43] -factor 2.0 -center {-6.954 2.927}
[02:28:48.15] /o {-8.958 2.718} {-5.319 4.643}
[02:28:48.25] /# gi::executeAction deCanvasZoomInAtPoint -in [gi::getWindows 43]
[02:28:48.25] /i de::zoom -window [gi::getWindows 43] -factor 2.0 -center {-6.954 2.927}
[02:28:48.25] /o {-7.956 2.823} {-6.136 3.785}
[02:28:50.94] /i gi::executeAction deObjectActivation -in [gi::getWindows 43]
[02:28:51.27] /i gi::setField {textMultiline} -value {gnd!} -in [gi::getToolbars {deCommandOptions} -from [gi::getWindows 43]]
[02:28:51.27] /i gi::executeAction deObjectActivation -in [gi::getWindows 43]
[02:28:52.01] /# gi::executeAction deAddPoint -in [gi::getWindows 43]
[02:28:52.01] /i de::addPoint {-7.018 3.075} -context [db::getNext [de::getContexts -window 43]]
[02:28:53.29] /# gi::executeAction deAbortCommand -in [gi::getWindows 43]
[02:28:53.29] /i de::abortCommand -context [db::getNext [de::getContexts -window 43]]
[02:28:57.00] /# gi::executeAction leRectangle -in [gi::getWindows 43]
[02:28:57.00] /i ile::createRectangle
[02:28:57.61] /# gi::executeAction deStartDrag -in [gi::getWindows 43]
[02:28:57.61] /i de::startDrag {-7.289 3.179} -context [db::getNext [de::getContexts -window 43]]
[02:28:58.39] /# gi::executeAction deEndDrag -in [gi::getWindows 43]
[02:28:58.39] /i de::endDrag {-6.735 2.86} -context [db::getNext [de::getContexts -window 43]]
[02:28:59.58] /i gi::executeAction deSaveDesign -in [gi::getWindows 43]
[02:28:59.59] /m Information: Saving design 'inverter NAND2_2 layout'. (DESIGN_WINDOW-004)
[02:29:00.70] /# gi::executeAction xtDRCRun -in [gi::getWindows 43]
[02:29:00.70] /i xt::physicalVerification::executeRun drc 43
[02:29:00.76] /# xt::physicalVerification::executePve drc 43
[02:29:01.74] /r giWindowId 50
[02:29:01.75] /r giWindowGeometry 800x600
[02:29:02.58] /m Information: 
              /c =============================
              /c JobID: hercules_drc_432
              /c Completed with no errors.
              /c =============================
              /c 
[02:29:05.66] /i gi::executeAction giCloseWindow -in [gi::getWindows 50]
[02:29:05.67] /i gi::setActiveWindow 43
[02:29:05.67] /i gi::setActiveWindow 43 -raise true
[02:29:06.69] /# gi::executeAction xtLVSRun -in [gi::getWindows 43]
[02:29:06.69] /i xt::physicalVerification::executeRun lvs 43
[02:29:06.75] /# xt::physicalVerification::executePve lvs 43
[02:29:07.63] /m Information: "Starting netlisting for design "inverter/NAND2_2/schematic"..." (NETLISTING-010)
[02:29:07.66] /o No Design Integrity rule violations found in "inverter/NAND2_2/schematic"
[02:29:07.68] /m Information: "Netlisting design "inverter/NAND2_2/schematic" finished successfully." (NETLISTING-012)
[02:29:07.84] /r giWindowId 51
[02:29:07.84] /r giWindowGeometry 800x600
[02:29:09.90] /m Information: 
              /c =============================
              /c JobID: hercules_lvs_24
              /c --- EXTRACT ERROR SUMMARY ---
              /c No Comment
              /c  ERR_TEXT_UNUSED ........................................ 2 violations found.
              /c No Comment
              /c  ERR_CREATE_PORTS ....................................... 4 violations found.
              /c --- COMPARE ERROR SUMMARY ---
              /c Top block compare result: PASS
              /c [NAND2_2 == NAND2_2]
              /c =============================
              /c 
[02:29:10.15] /j ::xt::hercules::vue::_private::registerConnection localhost:60331 tcp136 herculesVue_18 
[02:29:10.20] /j ::xt::hercules::vue::_private::isJobReady 
[02:29:10.20] /o false
[02:29:11.20] /j ::xt::hercules::vue::_private::isJobReady 
[02:29:11.20] /o false
[02:29:12.21] /m Information: Connection established with 'Hercules-VUE' running on 'localhost'.
[02:29:12.21] /j ::xt::hercules::vue::_private::isJobReady 
[02:29:12.21] /o true
[02:29:12.21] /j ::xt::hercules::vue::startFilter LAY 
[02:29:12.23] /j ::xt::hercules::vue::startFilter SCH 
[02:29:12.41] /j ::xt::hercules::vue::setInlibPath /home/itsupport/Desktop/lab1vlsi/synopsys_custom/NAND2_2.hercules.lvs/. 
[02:29:12.42] /j ::xt::hercules::vue::setTopLayLCV inverter NAND2_2 layout 
[02:29:12.43] /j ::xt::hercules::vue::openCell inverter NAND2_2 layout 
[02:29:12.45] /j ::xt::hercules::vue::setTopSchLib inverter 
[02:29:14.01] /i gi::setActiveWindow 43
[02:29:14.01] /i gi::setActiveWindow 43 -raise true
[02:29:15.11] /i gi::setActiveWindow 51
[02:29:15.11] /i gi::setActiveWindow 51 -raise true
[02:29:17.32] /i gi::setActiveTab {tabs} -tabName {NAND2_2.LVS_ERRORS} -in [gi::getWindows 51]
[02:29:21.46] /i gi::executeAction giCloseWindow -in [gi::getWindows 51]
[02:29:21.47] /i gi::setActiveWindow 43
[02:29:21.47] /i gi::setActiveWindow 43 -raise true
[02:29:21.98] /# gi::executeAction deCanvasZoomOutAtPoint -in [gi::getWindows 43]
[02:29:21.99] /i de::zoom -window [gi::getWindows 43] -factor 0.5 -center {-7.388 3.586}
[02:29:21.99] /o {-8.524 2.059} {-4.885 3.984}
[02:29:22.04] /# gi::executeAction deCanvasZoomOutAtPoint -in [gi::getWindows 43]
[02:29:22.04] /i de::zoom -window [gi::getWindows 43] -factor 0.5 -center {-7.375 3.524}
[02:29:22.04] /o {-9.673 0.595} {-2.395 4.445}
[02:29:23.12] /# gi::executeAction xtLVSRun -in [gi::getWindows 43]
[02:29:23.12] /i xt::physicalVerification::executeRun lvs 43
[02:29:23.18] /# xt::physicalVerification::executePve lvs 43
[02:29:24.14] /m Information: "Starting netlisting for design "inverter/NAND2_2/schematic"..." (NETLISTING-010)
[02:29:24.16] /o No Design Integrity rule violations found in "inverter/NAND2_2/schematic"
[02:29:24.18] /m Information: "Netlisting design "inverter/NAND2_2/schematic" finished successfully." (NETLISTING-012)
[02:29:24.34] /r giWindowId 52
[02:29:24.35] /r giWindowGeometry 800x600
[02:29:26.26] /m Information: 
              /c =============================
              /c JobID: hercules_lvs_25
              /c --- EXTRACT ERROR SUMMARY ---
              /c No Comment
              /c  ERR_TEXT_UNUSED ........................................ 2 violations found.
              /c No Comment
              /c  ERR_CREATE_PORTS ....................................... 4 violations found.
              /c --- COMPARE ERROR SUMMARY ---
              /c Top block compare result: PASS
              /c [NAND2_2 == NAND2_2]
              /c =============================
              /c 
[02:29:26.80] /j ::xt::hercules::vue::_private::registerConnection localhost:41633 tcp142 herculesVue_19 
[02:29:26.80] /m Information: Connection established with 'Hercules-VUE' running on 'localhost'.
[02:29:26.85] /j ::xt::hercules::vue::_private::isJobReady 
[02:29:26.85] /o true
[02:29:26.87] /j ::xt::hercules::vue::startFilter LAY 
[02:29:26.89] /j ::xt::hercules::vue::startFilter SCH 
[02:29:27.02] /j ::xt::hercules::vue::setTopSchLib inverter 
[02:29:27.02] /j ::xt::hercules::vue::setInlibPath /home/itsupport/Desktop/lab1vlsi/synopsys_custom/NAND2_2.hercules.lvs/. 
[02:29:27.03] /j ::xt::hercules::vue::setTopLayLCV inverter NAND2_2 layout 
[02:29:27.05] /j ::xt::hercules::vue::openCell inverter NAND2_2 layout 
[02:29:40.14] /j ::xt::hercules::vue::clearAllHighlights NAND2_2 layout 
[02:29:40.15] /j ::xt::hercules::vue::clearAllHighlights NAND2_2 layout 
[02:29:40.16] /j ::xt::hercules::vue::clearAllHighlights {} {} 
[02:29:40.16] /j ::xt::hercules::vue::clearAllHighlights {} {} 
[02:29:40.36] /m Information: Connection closed with 'Hercules-VUE' running on 'localhost'.
[02:29:41.10] /i gi::executeAction giCloseWindow -in [gi::getWindows 52]
[02:29:41.11] /i gi::setActiveWindow 43
[02:29:41.11] /i gi::setActiveWindow 43 -raise true
[02:29:42.73] /# gi::executeAction deFitView -in [gi::getWindows 43]
[02:29:42.73] /i de::fit -window 43 -fitView true
[02:29:42.73] /o {-14.886 2.195} {-0.329 9.895}
[02:29:44.41] /i gi::executeAction deSaveDesign -in [gi::getWindows 43]
[02:29:44.41] /m Information: Saving design 'inverter NAND2_2 layout'. (DESIGN_WINDOW-004)
[02:29:44.54] /i gi::executeAction deSaveDesign -in [gi::getWindows 43]
[02:29:44.54] /m Information: Saving design 'inverter NAND2_2 layout'. (DESIGN_WINDOW-004)
[02:29:44.68] /i gi::executeAction deSaveDesign -in [gi::getWindows 43]
[02:29:44.68] /m Information: Saving design 'inverter NAND2_2 layout'. (DESIGN_WINDOW-004)
[02:29:45.10] /i gi::setActiveWindow 2
[02:29:45.10] /i gi::setActiveWindow 2 -raise true
[02:29:47.47] /i gi::setCurrentIndex {cells} -index {full_adder} -in [gi::getWindows 2]
[02:29:47.47] /i gi::setItemSelection {cells} -index {full_adder} -in [gi::getWindows 2]
[02:29:48.36] /i gi::setCurrentIndex {views} -index {schematic} -in [gi::getWindows 2]
[02:29:48.37] /i gi::setItemSelection {views} -index {schematic} -in [gi::getWindows 2]
[02:29:49.00] /i gi::setCurrentIndex {views} -index {symbol} -in [gi::getWindows 2]
[02:29:49.00] /i gi::setItemSelection {views} -index {symbol} -in [gi::getWindows 2]
[02:29:49.48] /i gi::setCurrentIndex {views} -index {schematic} -in [gi::getWindows 2]
[02:29:49.48] /i gi::setItemSelection {views} -index {schematic} -in [gi::getWindows 2]
[02:29:50.24] /i gi::executeAction dmOpen -in [gi::getWindows 2]
[02:29:50.26] /r giWindowId 53
[02:29:50.27] /r giWindowGeometry 1632x1020
[02:29:50.40] /m Information: 
[02:29:50.40] /o Checking "inverter/full_adder/schematic"
[02:29:50.40] /o No rule violations found in "inverter/full_adder/schematic"
[02:29:50.40] /m Information: Checking process is completed: marking the design violations
[02:29:50.40] /m Information: Marking of designs is completed
[02:29:53.65] /i gi::setActiveWindow 2
[02:29:53.65] /i gi::setActiveWindow 2 -raise true
[02:29:55.18] /i gi::setCurrentIndex {cells} -index {CMOS_LAB3} -in [gi::getWindows 2]
[02:29:55.18] /i gi::setItemSelection {cells} -index {CMOS_LAB3} -in [gi::getWindows 2]
[02:29:55.61] /i gi::setCurrentIndex {cells} -index {FA_1bit_tb} -in [gi::getWindows 2]
[02:29:55.61] /i gi::setItemSelection {cells} -index {FA_1bit_tb} -in [gi::getWindows 2]
[02:29:55.95] /i gi::setCurrentIndex {cells} -index {2cmos} -in [gi::getWindows 2]
[02:29:55.95] /i gi::setItemSelection {cells} -index {2cmos} -in [gi::getWindows 2]
[02:29:56.31] /i gi::setCurrentIndex {cells} -index {FA_1bit_tb} -in [gi::getWindows 2]
[02:29:56.32] /i gi::setItemSelection {cells} -index {FA_1bit_tb} -in [gi::getWindows 2]
[02:29:56.71] /i gi::setCurrentIndex {cells} -index {Final} -in [gi::getWindows 2]
[02:29:56.71] /i gi::setItemSelection {cells} -index {Final} -in [gi::getWindows 2]
[02:29:57.25] /i gi::setCurrentIndex {views} -index {schematic} -in [gi::getWindows 2]
[02:29:57.25] /i gi::setItemSelection {views} -index {schematic} -in [gi::getWindows 2]
[02:29:58.95] /i gi::executeAction dmOpen -in [gi::getWindows 2]
[02:29:58.97] /r giWindowId 54
[02:29:58.97] /r giWindowGeometry 1632x1020
[02:29:59.11] /o "inverter/Final/schematic" design does not need checking
[02:30:00.06] /i gi::executeAction deCanvasDragSelect -in [gi::getWindows 54]
[02:30:00.06] /r deCanvasDragStart 0.38125 7.55
[02:30:00.88] /# gi::executeAction deCanvasDragEnd -in [gi::getWindows 54]
[02:30:00.88] /i gi::executeAction deCanvasDragEnd -in [gi::getWindows 54]
[02:30:00.88] /r deCanvasDragEnd 21.8313 -1.3125
[02:30:01.37] /# gi::executeAction seCopy -in [gi::getWindows 54]
[02:30:01.37] /i ise::copy
[02:30:01.62] /# gi::executeAction deAddPoint -in [gi::getWindows 54]
[02:30:01.62] /i de::addPoint {16.4375 2.4875} -context [db::getNext [de::getContexts -window 54]]
[02:30:02.70] /i gi::setActiveWindow 53 -raise true
[02:30:02.70] /i gi::setActiveWindow 53 -raise true
[02:30:03.49] /# gi::executeAction deCanvasZoomOutAtPoint -in [gi::getWindows 53]
[02:30:03.49] /i de::zoom -window [gi::getWindows 53] -factor 0.5 -center {21.7125 13.9}
[02:30:03.49] /o {-25.5375 -14.84375} {50.9875 31.91875}
[02:30:04.04] /# gi::executeAction deAddPoint -in [gi::getWindows 53]
[02:30:04.04] /i de::addPoint {30.625 23.49375} -context [db::getNext [de::getContexts -window 53]]
[02:30:04.67] /i gi::executeAction deCanvasDragSelect -in [gi::getWindows 53]
[02:30:04.67] /r deCanvasDragStart -2.8375 19.2563
[02:30:05.03] /# gi::executeAction deCanvasDragEnd -in [gi::getWindows 53]
[02:30:05.03] /i gi::executeAction deCanvasDragEnd -in [gi::getWindows 53]
[02:30:05.03] /r deCanvasDragEnd 48.6 2.05625
[02:30:05.74] /# gi::executeAction seDelete -in [gi::getWindows 53]
[02:30:05.74] /i ise::delete
[02:30:06.89] /# gi::executeAction seSchCheckAndSave -in [gi::getWindows 53]
[02:30:06.89] /i ise::check
[02:30:06.89] /m Information: 
              /c Cross view checking for inverter/full_adder/symbol with inverter/full_adder/schematic
              /c No violations found. (DE_EDIT-007)
[02:30:06.89] /m Information: 
[02:30:06.89] /o Checking "inverter/full_adder/schematic"
[02:30:06.89] /o 	[warning] Floating Input Instance Pins
[02:30:06.89] /o 		Input pin 'B' of instance 'I15' is floating
[02:30:06.90] /o 0 Error(s),1 Warning(s),0 Message(s) found   in "inverter/full_adder/schematic"
[02:30:06.90] /m Information: Checking process is completed: marking the design violations
[02:30:06.92] /m Information: Marking of designs is completed
[02:30:06.92] /o true
[02:30:07.03] /# gi::executeAction seSchCheckAndSave -in [gi::getWindows 53]
[02:30:07.03] /i ise::check
[02:30:07.04] /m Information: 
              /c Cross view checking for inverter/full_adder/symbol with inverter/full_adder/schematic
              /c No violations found. (DE_EDIT-007)
[02:30:07.04] /m Information: 
[02:30:07.04] /o Checking "inverter/full_adder/schematic"
[02:30:07.04] /o 	[warning] Floating Input Instance Pins
[02:30:07.04] /o 		Input pin 'B' of instance 'I15' is floating
[02:30:07.04] /o 0 Error(s),1 Warning(s),0 Message(s) found   in "inverter/full_adder/schematic"
[02:30:07.04] /m Information: Checking process is completed: marking the design violations
[02:30:07.06] /m Information: Marking of designs is completed
[02:30:07.06] /o true
[02:30:07.16] /# gi::executeAction seSchCheckAndSave -in [gi::getWindows 53]
[02:30:07.16] /i ise::check
[02:30:07.16] /m Information: 
              /c Cross view checking for inverter/full_adder/symbol with inverter/full_adder/schematic
              /c No violations found. (DE_EDIT-007)
[02:30:07.16] /m Information: 
[02:30:07.16] /o Checking "inverter/full_adder/schematic"
[02:30:07.16] /o 	[warning] Floating Input Instance Pins
[02:30:07.16] /o 		Input pin 'B' of instance 'I15' is floating
[02:30:07.16] /o 0 Error(s),1 Warning(s),0 Message(s) found   in "inverter/full_adder/schematic"
[02:30:07.16] /m Information: Checking process is completed: marking the design violations
[02:30:07.17] /m Information: Marking of designs is completed
[02:30:07.17] /o true
[02:30:07.30] /# gi::executeAction seSchCheckAndSave -in [gi::getWindows 53]
[02:30:07.30] /i ise::check
[02:30:07.30] /m Information: 
              /c Cross view checking for inverter/full_adder/symbol with inverter/full_adder/schematic
              /c No violations found. (DE_EDIT-007)
[02:30:07.30] /m Information: 
[02:30:07.30] /o Checking "inverter/full_adder/schematic"
[02:30:07.30] /o 	[warning] Floating Input Instance Pins
[02:30:07.30] /o 		Input pin 'B' of instance 'I15' is floating
[02:30:07.30] /o 0 Error(s),1 Warning(s),0 Message(s) found   in "inverter/full_adder/schematic"
[02:30:07.30] /m Information: Checking process is completed: marking the design violations
[02:30:07.31] /m Information: Marking of designs is completed
[02:30:07.31] /o true
[02:30:07.43] /# gi::executeAction seSchCheckAndSave -in [gi::getWindows 53]
[02:30:07.43] /i ise::check
[02:30:07.43] /m Information: 
              /c Cross view checking for inverter/full_adder/symbol with inverter/full_adder/schematic
              /c No violations found. (DE_EDIT-007)
[02:30:07.43] /m Information: 
[02:30:07.43] /o Checking "inverter/full_adder/schematic"
[02:30:07.43] /o 	[warning] Floating Input Instance Pins
[02:30:07.43] /o 		Input pin 'B' of instance 'I15' is floating
[02:30:07.43] /o 0 Error(s),1 Warning(s),0 Message(s) found   in "inverter/full_adder/schematic"
[02:30:07.43] /m Information: Checking process is completed: marking the design violations
[02:30:07.44] /m Information: Marking of designs is completed
[02:30:07.44] /o true
[02:30:07.90] /i gi::setActiveWindow 54
[02:30:07.90] /i gi::setActiveWindow 54 -raise true
[02:30:08.67] /# gi::executeAction deSelectActive -in [gi::getWindows 54]
[02:30:08.67] /i de::deselectAll [db::getNext [de::getContexts -window 54]]
[02:30:08.67] /i de::deselectAllLogic -context [db::getNext [de::getContexts -window 54]]
[02:30:09.23] /i gi::setActiveWindow 53
[02:30:09.23] /i gi::setActiveWindow 53 -raise true
[02:30:09.61] /i gi::setActiveWindow 43
[02:30:09.61] /i gi::setActiveWindow 43 -raise true
[02:30:10.40] /i gi::setActiveWindow 53
[02:30:10.40] /i gi::setActiveWindow 53 -raise true
[02:30:10.94] /i gi::setActiveWindow 43
[02:30:10.94] /i gi::setActiveWindow 43 -raise true
[02:30:11.08] /i gi::setActiveWindow 53
[02:30:11.08] /i gi::setActiveWindow 53 -raise true
[02:30:11.15] /r giWindowId 55
[02:30:11.16] /r giWindowGeometry 1040x800
[02:30:11.21] /i gi::createFrame -window 43
[02:30:11.22] /i gi::setActiveWindow 55
[02:30:11.22] /i gi::setActiveWindow 55 -raise true
[02:30:11.54] /i db::setAttr geometry -of [gi::getFrames 2] -value 1910x1101+5+56
[02:30:13.39] /i gi::executeAction giCloseWindow -in [gi::getWindows 43]
[02:30:13.41] /i gi::setActiveWindow 55
[02:30:13.41] /i gi::setActiveWindow 55 -raise true
[02:30:14.68] /# gi::pressButton {/scroll/scrollArea/scrollAreaInnerWidget/applications/dmLibraryManager} -in [gi::getWindows 55]
[02:30:14.68] /# 
[02:30:14.68] /i dm::openLibraryManager
[02:30:14.68] /r giWindowId 56
[02:30:14.69] /r giWindowGeometry 1910x1077+5+80
[02:30:14.73] /o oa:0x2046bcf0
[02:30:14.81] /i gi::setSectionSizes {libs} -values {466} -in [gi::getWindows 56]
[02:30:16.37] /i gi::setCurrentIndex {libs} -index {inverter} -in [gi::getWindows 56]
[02:30:16.37] /i gi::setItemSelection {libs} -index {inverter} -in [gi::getWindows 56]
[02:30:17.12] /i gi::setCurrentIndex {cellCategories} -index {LAB1} -in [gi::getWindows 56]
[02:30:17.12] /i gi::setItemSelection {cellCategories} -index {LAB1} -in [gi::getWindows 56]
[02:30:17.48] /i gi::setCurrentIndex {cellCategories} -index {LAB3} -in [gi::getWindows 56]
[02:30:17.48] /i gi::setItemSelection {cellCategories} -index {LAB3} -in [gi::getWindows 56]
[02:30:18.10] /i gi::setCurrentIndex {cells} -index {FA_1bit_tb} -in [gi::getWindows 56]
[02:30:18.10] /i gi::setItemSelection {cells} -index {FA_1bit_tb} -in [gi::getWindows 56]
[02:30:18.42] /i gi::setCurrentIndex {cells} -index {Final} -in [gi::getWindows 56]
[02:30:18.42] /i gi::setItemSelection {cells} -index {Final} -in [gi::getWindows 56]
[02:30:20.00] /i gi::setCurrentIndex {cells} -index {NAND2_tb_2} -in [gi::getWindows 56]
[02:30:20.00] /i gi::setItemSelection {cells} -index {NAND2_tb_2} -in [gi::getWindows 56]
[02:30:20.26] /i gi::setCurrentIndex {cells} -index {full_adder} -in [gi::getWindows 56]
[02:30:20.26] /i gi::setItemSelection {cells} -index {full_adder} -in [gi::getWindows 56]
[02:30:20.85] /i gi::setCurrentIndex {views} -index {schematic} -in [gi::getWindows 56]
[02:30:20.85] /i gi::setItemSelection {views} -index {schematic} -in [gi::getWindows 56]
[02:30:21.89] /i gi::setCurrentIndex {views} -index {layout} -in [gi::getWindows 56]
[02:30:21.89] /i gi::setItemSelection {views} -index {layout} -in [gi::getWindows 56]
[02:30:22.31] /i gi::setCurrentIndex {views} -index {schematic} -in [gi::getWindows 56]
[02:30:22.31] /i gi::setItemSelection {views} -index {schematic} -in [gi::getWindows 56]
[02:30:23.29] /i gi::setCurrentIndex {views} -index {symbol} -in [gi::getWindows 56]
[02:30:23.29] /i gi::setItemSelection {views} -index {symbol} -in [gi::getWindows 56]
[02:30:24.45] /i gi::setCurrentIndex {views} -index {layout} -in [gi::getWindows 56]
[02:30:24.45] /i gi::setItemSelection {views} -index {layout} -in [gi::getWindows 56]
[02:30:24.62] /i gi::executeAction dmOpen -in [gi::getWindows 56]
[02:30:24.65] /r giWindowId 57
[02:30:24.65] /r giWindowGeometry 1632x1020
[02:30:24.68] /# de::setActiveLPP [de::getLPPs "exclude blockage" -from [db::getAttr editDesign -of [de::getContexts -window 57]]]
[02:30:25.95] /# gi::executeAction deSelectByWindow -in [gi::getWindows 57]
[02:30:25.95] /i db::setPrefValue deSelectMode -value Replace -scope [db::getScopes [db::getNext [de::getContexts -window 57]]]; ide::selectByRegion -region rectangle -point {16.76 12.75} 
[02:30:26.38] /# gi::executeAction deEndDrag -in [gi::getWindows 57]
[02:30:26.38] /i de::endDrag {29.768 5.048} -context [db::getNext [de::getContexts -window 57]]
[02:30:27.04] /# gi::executeAction leDelete -in [gi::getWindows 57]
[02:30:27.04] /i ile::delete
[02:30:27.08] /w Warning: Nothing is bound to the 'PageUp' in the current active set. (WINDOW-015)
[02:30:28.96] /i gi::executeAction deSaveDesign -in [gi::getWindows 57]
[02:30:28.96] /m Information: Saving design 'inverter full_adder layout'. (DESIGN_WINDOW-004)
[02:30:29.09] /i gi::executeAction deSaveDesign -in [gi::getWindows 57]
[02:30:29.09] /m Information: Saving design 'inverter full_adder layout'. (DESIGN_WINDOW-004)
[02:30:29.22] /i gi::executeAction deSaveDesign -in [gi::getWindows 57]
[02:30:29.22] /m Information: Saving design 'inverter full_adder layout'. (DESIGN_WINDOW-004)
[02:30:30.01] /# gi::executeAction leInstance -in [gi::getWindows 57]
[02:30:30.01] /i ile::createInst
[02:30:30.11] /i gi::setActiveDialog [gi::getDialogs {leCreateInst} -parent [gi::getWindows 57]]
[02:30:30.36] /i db::setAttr geometry -of [gi::getDialogs {leCreateInst}] -value 612x532+654+142
[02:30:31.25] /i gi::setCurrentIndex {instLCVCellCategories} -index {LAB3} -in [gi::getDialogs {leCreateInst} -parent [gi::getWindows 57]]
[02:30:31.26] /i gi::setItemSelection {instLCVCellCategories} -index {LAB3} -in [gi::getDialogs {leCreateInst} -parent [gi::getWindows 57]]
[02:30:32.22] /i gi::setCurrentIndex {instLCVCells} -index {NAND2_2} -in [gi::getDialogs {leCreateInst} -parent [gi::getWindows 57]]
[02:30:32.23] /i gi::setItemSelection {instLCVCells} -index {NAND2_2} -in [gi::getDialogs {leCreateInst} -parent [gi::getWindows 57]]
[02:30:35.11] /# gi::executeAction deAddPoint -in [gi::getWindows 57]
[02:30:35.11] /i de::addPoint {26.654 6.039} -context [db::getNext [de::getContexts -window 57]]
[02:30:35.27] /# gi::executeAction deAbortCommand -in [gi::getWindows 57]
[02:30:35.27] /i de::abortCommand -context [db::getNext [de::getContexts -window 57]]
[02:30:35.69] /# gi::executeAction deCanvasZoomOutAtPoint -in [gi::getWindows 57]
[02:30:35.69] /i de::zoom -window [gi::getWindows 57] -factor 0.5 -center {22.355 8.18}
[02:30:35.69] /o {8.493 2.36} {37.607 17.76}
[02:30:36.14] /# gi::executeAction deSelectActive -in [gi::getWindows 57]
[02:30:36.14] /i de::deselectAll [db::getNext [de::getContexts -window 57]]
[02:30:36.14] /i de::select [de::getActiveFigure [gi::getWindows 57] -point {18.667 12.627} -index 0 -intent none]
[02:30:36.14] /o oa:0x1dcca8a0
[02:30:39.56] /i gi::setField {stopLevel} -value {3} -in [gi::getToolbars {leHierarchy} -from [gi::getWindows 57]]
[02:30:40.09] /# gi::executeAction deSelectActive -in [gi::getWindows 57]
[02:30:40.09] /i de::deselectAll [db::getNext [de::getContexts -window 57]]
[02:30:40.09] /i de::deselectAllLogic -context [db::getNext [de::getContexts -window 57]]
[02:30:40.50] /# gi::executeAction deCanvasZoomInAtPoint -in [gi::getWindows 57]
[02:30:40.50] /i de::zoom -window [gi::getWindows 57] -factor 2.0 -center {19.631 12.905}
[02:30:40.50] /o {14.062 7.633} {28.619 15.333}
[02:30:40.88] /# gi::executeAction deCanvasZoomInAtPoint -in [gi::getWindows 57]
[02:30:40.88] /i de::zoom -window [gi::getWindows 57] -factor 2.0 -center {19.631 12.905}
[02:30:40.88] /o {16.847 10.269} {24.125 14.119}
[02:30:44.24] /i de::setActiveLPP [de::getLPPs "m4 drawing" -from [db::getAttr editDesign -of [de::getContexts -window 57]]]
[02:30:45.13] /# gi::executeAction leRectangle -in [gi::getWindows 57]
[02:30:45.14] /i ile::createRectangle
[02:30:45.37] /# gi::executeAction deCanvasZoomInAtPoint -in [gi::getWindows 57]
[02:30:45.37] /i de::zoom -window [gi::getWindows 57] -factor 2.0 -center {19.714 12.71}
[02:30:45.37] /o {18.28 11.489} {21.919 13.414}
[02:30:45.47] /# gi::executeAction deCanvasZoomInAtPoint -in [gi::getWindows 57]
[02:30:45.47] /i de::zoom -window [gi::getWindows 57] -factor 2.0 -center {19.714 12.71}
[02:30:45.47] /o {18.997 12.1} {20.817 13.062}
[02:30:47.05] /# gi::executeAction deAddPoint -in [gi::getWindows 57]
[02:30:47.05] /i de::addPoint {19.56 12.682} -context [db::getNext [de::getContexts -window 57]]
[02:30:47.97] /# gi::executeAction deAddPoint -in [gi::getWindows 57]
[02:30:47.97] /i de::addPoint {20.697 12.394} -context [db::getNext [de::getContexts -window 57]]
[02:30:49.46] /# gi::executeAction leVia -in [gi::getWindows 57]
[02:30:49.46] /i ile::createVia
[02:30:49.48] /o oa:0x20350850
[02:30:50.94] /i gi::setField {viaAuto} -value {true} -in [gi::getToolbars {deCommandOptions} -from [gi::getWindows 57]]
[02:30:52.23] /# gi::executeAction deCanvasZoomOutAtPoint -in [gi::getWindows 57]
[02:30:52.23] /i de::zoom -window [gi::getWindows 57] -factor 0.5 -center {20.221 12.564}
[02:30:52.23] /o {17.773 11.635} {21.412 13.56}
[02:30:52.25] /# gi::executeAction deCanvasZoomOutAtPoint -in [gi::getWindows 57]
[02:30:52.25] /i de::zoom -window [gi::getWindows 57] -factor 0.5 -center {20.229 12.564}
[02:30:52.25] /o {15.318 10.707} {22.596 14.557}
[02:30:52.70] /# gi::executeAction deAddPoint -in [gi::getWindows 57]
[02:30:52.70] /i de::addPoint {20.381 12.62} -context [db::getNext [de::getContexts -window 57]]
[02:30:53.29] /# gi::executeAction leDelete -in [gi::getWindows 57]
[02:30:53.29] /i ile::delete
[02:30:54.22] /# gi::executeAction deAddPoint -in [gi::getWindows 57]
[02:30:54.22] /i de::addPoint {20.465 12.62} -context [db::getNext [de::getContexts -window 57]]
[02:30:54.29] /# gi::executeAction deAbortCommand -in [gi::getWindows 57]
[02:30:54.29] /i de::abortCommand -context [db::getNext [de::getContexts -window 57]]
[02:30:55.87] /# gi::executeAction deSelectActive -in [gi::getWindows 57]
[02:30:55.87] /i de::deselectAll [db::getNext [de::getContexts -window 57]]
[02:30:55.87] /i de::select [de::getActiveFigure [gi::getWindows 57] -point {20.015 12.787} -index 0 -intent none]
[02:30:55.87] /o oa:0x1ec44f90
[02:30:56.02] /# gi::executeAction deDescend -in [gi::getWindows 57]
[02:30:56.02] /i ide::descend 57 -inPlace false -promptView false -readOnly auto
[02:30:56.02] /# Navigating to inverter/NAND2_2/layout (I187)
[02:30:56.06] /# de::setActiveLPP [de::getLPPs "m4 drawing" -from [db::getAttr editDesign -of [de::getContexts -window 57]]]
[02:30:57.41] /# gi::executeAction deSelectActive -in [gi::getWindows 57]
[02:30:57.41] /i de::deselectAll [db::getNext [de::getContexts -window 57]]
[02:30:57.41] /i de::select [de::getActiveFigure [gi::getWindows 57] -point {-6.593 7.273} -index 0 -intent none]
[02:30:57.41] /o oa:0x21006110
[02:31:01.49] /# gi::executeAction leBoundary -in [gi::getWindows 57]
[02:31:01.49] /i ile::createBoundary
[02:31:03.36] /i gi::pressButton {autoCreate} -in [gi::getToolbars {deCommandOptions} -from [gi::getWindows 57]]
[02:31:03.51] /i gi::pressButton {autoCreate} -in [gi::getToolbars {deCommandOptions} -from [gi::getWindows 57]]
[02:31:03.64] /i gi::pressButton {autoCreate} -in [gi::getToolbars {deCommandOptions} -from [gi::getWindows 57]]
[02:31:03.79] /i gi::pressButton {autoCreate} -in [gi::getToolbars {deCommandOptions} -from [gi::getWindows 57]]
[02:31:03.94] /i gi::pressButton {autoCreate} -in [gi::getToolbars {deCommandOptions} -from [gi::getWindows 57]]
[02:31:04.08] /i gi::pressButton {autoCreate} -in [gi::getToolbars {deCommandOptions} -from [gi::getWindows 57]]
[02:31:04.23] /i gi::pressButton {autoCreate} -in [gi::getToolbars {deCommandOptions} -from [gi::getWindows 57]]
[02:31:18.38] /# gi::executeAction deCanvasZoomInAtPoint -in [gi::getWindows 57]
[02:31:18.38] /i de::zoom -window [gi::getWindows 57] -factor 2.0 -center {-6.76 7.671}
[02:31:18.38] /o {-10.823 4.933} {-3.545 8.783}
[02:31:18.45] /# gi::executeAction deCanvasZoomInAtPoint -in [gi::getWindows 57]
[02:31:18.45] /i de::zoom -window [gi::getWindows 57] -factor 2.0 -center {-6.76 7.671}
[02:31:18.45] /o {-8.791 6.302} {-5.152 8.227}
[02:31:18.58] /# gi::executeAction deCanvasZoomInAtPoint -in [gi::getWindows 57]
[02:31:18.58] /i de::zoom -window [gi::getWindows 57] -factor 2.0 -center {-6.762 7.671}
[02:31:18.58] /o {-7.777 6.986} {-5.957 7.949}
[02:31:19.03] /# gi::executeAction deCanvasZoomOutAtPoint -in [gi::getWindows 57]
[02:31:19.04] /i de::zoom -window [gi::getWindows 57] -factor 0.5 -center {-6.956 7.656}
[02:31:19.04] /o {-8.597 6.317} {-4.958 8.242}
[02:31:19.18] /# gi::executeAction deCanvasZoomOutAtPoint -in [gi::getWindows 57]
[02:31:19.18] /i de::zoom -window [gi::getWindows 57] -factor 0.5 -center {-6.955 7.656}
[02:31:19.18] /o {-10.24 4.978} {-2.962 8.828}
[02:31:21.88] /# gi::executeAction deCanvasZoomOutAtPoint -in [gi::getWindows 57]
[02:31:21.88] /i de::zoom -window [gi::getWindows 57] -factor 0.5 -center {-8.373 8.365}
[02:31:21.88] /o {-12.107 1.591} {2.45 9.291}
[02:31:22.85] /# gi::executeAction deCanvasZoomOutAtPoint -in [gi::getWindows 57]
[02:31:22.85] /i de::zoom -window [gi::getWindows 57] -factor 0.5 -center {-8.132 7.317}
[02:31:22.85] /o {-16.082 -4.135} {13.032 11.265}
[02:31:23.27] /# gi::executeAction deCanvasZoomInAtPoint -in [gi::getWindows 57]
[02:31:23.27] /i de::zoom -window [gi::getWindows 57] -factor 2.0 -center {-8.447 7.8}
[02:31:23.27] /o {-12.264 1.832} {2.292 9.532}
[02:32:10.30] /i gi::executeAction giCloseWindow -in [gi::getWindows 57]
[02:32:10.36] /r giDialog gi::setActiveDialog [gi::getDialogs {deCloseDesigns} -parent [gi::getWindows 57]]
[02:32:10.36] /r giDialog gi::setCurrentIndex {target} -index {0,1} -in [gi::getDialogs {deCloseDesigns} -parent [gi::getWindows 57]]
[02:32:10.66] /r giDialog db::setAttr geometry -of [gi::getDialogs {deCloseDesigns} -parent [gi::getWindows 57]] -value 347x280+787+474
[02:32:12.16] /r giDialog gi::pressButton {ok} -in [gi::getDialogs {deCloseDesigns} -parent [gi::getWindows 57]]
[02:32:12.16] /m Information: Saving design 'inverter NAND2_2 layout'. (DESIGN_WINDOW-004)
[02:32:12.18] /m Information: Saving design 'inverter full_adder layout'. (DESIGN_WINDOW-004)
[02:32:12.23] /i gi::setActiveWindow 56
[02:32:12.23] /i gi::setActiveWindow 56 -raise true
[02:32:13.93] /i gi::setCurrentIndex {views} -index {schematic} -in [gi::getWindows 56]
[02:32:13.93] /i gi::setItemSelection {views} -index {schematic} -in [gi::getWindows 56]
[02:32:14.43] /i gi::setCurrentIndex {views} -index {layout} -in [gi::getWindows 56]
[02:32:14.43] /i gi::setItemSelection {views} -index {layout} -in [gi::getWindows 56]
[02:32:14.59] /i gi::executeAction dmOpen -in [gi::getWindows 56]
[02:32:14.61] /r giWindowId 58
[02:32:14.62] /r giWindowGeometry 1632x1020
[02:32:14.64] /# de::setActiveLPP [de::getLPPs "exclude blockage" -from [db::getAttr editDesign -of [de::getContexts -window 58]]]
[02:32:20.16] /i gi::setField {stopLevel} -value {3} -in [gi::getToolbars {leHierarchy} -from [gi::getWindows 58]]
[02:32:20.70] /# gi::executeAction deSelectActive -in [gi::getWindows 58]
[02:32:20.70] /i de::deselectAllLogic -context [db::getNext [de::getContexts -window 58]]
[02:33:17.10] /# gi::executeAction xtDRCRun -in [gi::getWindows 58]
[02:33:17.10] /i xt::physicalVerification::executeRun drc 58
[02:33:17.19] /# xt::physicalVerification::executePve drc 58
[02:33:17.20] /e Error: xtDRCHerculesRunsetFile: preference value is empty in '/home/itsupport/Desktop/lab1vlsi/synopsys_custom/full_adder.hercules.drc_pve' scope.
[02:33:17.50] /i gi::setActiveDialog [gi::getDialogs {xtDRCSetup} -parent [gi::getWindows 58]]
[02:33:17.76] /i db::setAttr geometry -of [gi::getDialogs {xtDRCSetup} -parent [gi::getWindows 58]] -value 475x427+865+447
[02:33:19.59] /i gi::pressButton {/apply} -in [gi::getDialogs {xtDRCSetup} -parent [gi::getWindows 58]]
[02:33:19.60] /e Error: The requested action could not be completed because one or more inputs are incomplete or invalid. (CUSTOM_WIDGETS-001)
[02:33:20.53] /i gi::pressButton {/tabGroup/mainTab/runDir/browseButton} -in [gi::getDialogs {xtDRCSetup} -parent [gi::getWindows 58]]
[02:33:23.83] /r giFileDialog accept .
[02:33:25.50] /i gi::pressButton {/apply} -in [gi::getDialogs {xtDRCSetup} -parent [gi::getWindows 58]]
[02:33:26.94] /r giWindowId 59
[02:33:26.96] /r giWindowGeometry 800x600
[02:33:27.96] /m Information: 
              /c =============================
              /c JobID: hercules_drc_433
              /c Completed with no errors.
              /c =============================
              /c 
[02:33:29.49] /i gi::closeWindows [gi::getDialogs {xtDRCSetup} -parent [gi::getWindows 58]]
[02:33:30.49] /i gi::executeAction giCloseWindow -in [gi::getWindows 59]
[02:33:30.50] /i gi::setActiveWindow 58
[02:33:30.50] /i gi::setActiveWindow 58 -raise true
[02:33:39.31] /# gi::executeAction deCanvasZoomInAtPoint -in [gi::getWindows 58]
[02:33:39.31] /i de::zoom -window [gi::getWindows 58] -factor 2.0 -center {18.255 15.064}
[02:33:39.31] /o {15.012 11.649} {22.29 15.499}
[02:33:39.41] /# gi::executeAction deCanvasZoomInAtPoint -in [gi::getWindows 58]
[02:33:39.41] /i de::zoom -window [gi::getWindows 58] -factor 2.0 -center {18.255 15.069}
[02:33:39.41] /o {16.634 13.359} {20.273 15.284}
[02:33:48.34] /# gi::executeAction deFitView -in [gi::getWindows 58]
[02:33:48.34] /i de::fit -window 58 -fitView true
[02:33:48.34] /o {11.769 8.235} {26.326 15.935}
[02:33:49.21] /# gi::executeAction deSelectActive -in [gi::getWindows 58]
[02:33:49.21] /i de::deselectAllLogic -context [db::getNext [de::getContexts -window 58]]
[02:34:05.08] /# gi::executeAction deSelectActive -in [gi::getWindows 58]
[02:34:05.08] /i de::deselectAll [db::getNext [de::getContexts -window 58]]
[02:34:05.08] /i de::select [de::getActiveFigure [gi::getWindows 58] -point {18.274 15.323} -index 0 -intent none]
[02:34:05.08] /o oa:0x1edf5800
[02:34:05.23] /# gi::executeAction leCopy -in [gi::getWindows 58]
[02:34:05.23] /i ile::copy
[02:34:05.67] /# gi::executeAction deAddPoint -in [gi::getWindows 58]
[02:34:05.67] /i de::addPoint {18.357 15.203} -context [db::getNext [de::getContexts -window 58]]
[02:34:14.10] /# gi::executeAction deAddPoint -in [gi::getWindows 58]
[02:34:14.10] /i de::addPoint {20.423 14.545} -context [db::getNext [de::getContexts -window 58]]
[02:34:17.46] /i de::setActiveLPP [de::getLPPs "m4 drawing" -from [db::getAttr editDesign -of [de::getContexts -window 58]]]
[02:34:18.49] /# gi::executeAction leRectangle -in [gi::getWindows 58]
[02:34:18.50] /i ile::createRectangle
[02:34:18.89] /# gi::executeAction deCanvasZoomInAtPoint -in [gi::getWindows 58]
[02:34:18.89] /i de::zoom -window [gi::getWindows 58] -factor 2.0 -center {21.202 11.96}
[02:34:18.89] /o {16.486 10.098} {23.764 13.948}
[02:34:19.01] /# gi::executeAction deCanvasZoomInAtPoint -in [gi::getWindows 58]
[02:34:19.01] /i de::zoom -window [gi::getWindows 58] -factor 2.0 -center {21.091 11.969}
[02:34:19.01] /o {18.788 11.033} {22.427 12.958}
[02:34:24.82] /# gi::executeAction deAddPoint -in [gi::getWindows 58]
[02:34:24.82] /i de::addPoint {19.562 12.039} -context [db::getNext [de::getContexts -window 58]]
[02:34:29.32] /# gi::executeAction deAddPoint -in [gi::getWindows 58]
[02:34:29.32] /i de::addPoint {21.397 11.68} -context [db::getNext [de::getContexts -window 58]]
[02:34:30.69] /# gi::executeAction leVia -in [gi::getWindows 58]
[02:34:30.69] /i ile::createVia
[02:34:30.72] /o oa:0x20970d40
[02:34:32.82] /i gi::setField {viaAuto} -value {true} -in [gi::getToolbars {deCommandOptions} -from [gi::getWindows 58]]
[02:34:33.93] /# gi::executeAction deAddPoint -in [gi::getWindows 58]
[02:34:33.93] /i de::addPoint {19.636 11.865} -context [db::getNext [de::getContexts -window 58]]
[02:34:34.39] /# gi::executeAction deAddPoint -in [gi::getWindows 58]
[02:34:34.39] /i de::addPoint {20.685 11.761} -context [db::getNext [de::getContexts -window 58]]
[02:34:34.63] /# gi::executeAction deCompleteShape -in [gi::getWindows 58]
[02:34:34.63] /i de::completeShape -context [db::getNext [de::getContexts -window 58]]
[02:34:34.77] /# gi::executeAction deAddPoint -in [gi::getWindows 58]
[02:34:34.77] /i de::addPoint {21.084 11.784} -context [db::getNext [de::getContexts -window 58]]
[02:34:34.92] /# gi::executeAction deCompleteShape -in [gi::getWindows 58]
[02:34:34.92] /i de::completeShape -context [db::getNext [de::getContexts -window 58]]
[02:34:35.05] /w Warning: Nothing is bound to the 'Button1-Triple' in the current active set. (WINDOW-015)
[02:34:35.20] /# gi::executeAction deAddPoint -in [gi::getWindows 58]
[02:34:35.20] /i de::addPoint {21.026 11.795} -context [db::getNext [de::getContexts -window 58]]
[02:34:35.35] /# gi::executeAction deCompleteShape -in [gi::getWindows 58]
[02:34:35.35] /i de::completeShape -context [db::getNext [de::getContexts -window 58]]
[02:34:35.50] /# gi::executeAction deAddPoint -in [gi::getWindows 58]
[02:34:35.50] /i de::addPoint {20.882 11.802} -context [db::getNext [de::getContexts -window 58]]
[02:34:35.71] /# gi::executeAction deCompleteShape -in [gi::getWindows 58]
[02:34:35.71] /i de::completeShape -context [db::getNext [de::getContexts -window 58]]
[02:34:35.85] /# gi::executeAction deStartDrag -in [gi::getWindows 58]
[02:34:35.85] /i de::startDrag {21.005 11.902} -context [db::getNext [de::getContexts -window 58]]
[02:34:35.90] /# gi::executeAction deEndDrag -in [gi::getWindows 58]
[02:34:35.90] /i de::endDrag {20.674 11.791} -context [db::getNext [de::getContexts -window 58]]
[02:34:36.01] /# gi::executeAction deStartDrag -in [gi::getWindows 58]
[02:34:36.01] /i de::startDrag {20.917 11.955} -context [db::getNext [de::getContexts -window 58]]
[02:34:36.08] /# gi::executeAction deEndDrag -in [gi::getWindows 58]
[02:34:36.08] /i de::endDrag {20.229 11.677} -context [db::getNext [de::getContexts -window 58]]
[02:34:36.17] /# gi::executeAction deStartDrag -in [gi::getWindows 58]
[02:34:36.17] /i de::startDrag {20.542 12.046} -context [db::getNext [de::getContexts -window 58]]
[02:34:36.25] /# gi::executeAction deEndDrag -in [gi::getWindows 58]
[02:34:36.25] /i de::endDrag {20.004 11.7} -context [db::getNext [de::getContexts -window 58]]
[02:34:36.35] /# gi::executeAction deStartDrag -in [gi::getWindows 58]
[02:34:36.35] /i de::startDrag {20.563 11.944} -context [db::getNext [de::getContexts -window 58]]
[02:34:36.42] /# gi::executeAction deEndDrag -in [gi::getWindows 58]
[02:34:36.42] /i de::endDrag {20.167 11.795} -context [db::getNext [de::getContexts -window 58]]
[02:34:36.54] /# gi::executeAction deStartDrag -in [gi::getWindows 58]
[02:34:36.54] /i de::startDrag {20.563 11.937} -context [db::getNext [de::getContexts -window 58]]
[02:34:36.58] /# gi::executeAction deEndDrag -in [gi::getWindows 58]
[02:34:36.58] /i de::endDrag {20.445 11.77} -context [db::getNext [de::getContexts -window 58]]
[02:34:36.73] /# gi::executeAction deAddPoint -in [gi::getWindows 58]
[02:34:36.73] /i de::addPoint {20.818 11.86} -context [db::getNext [de::getContexts -window 58]]
[02:34:36.87] /# gi::executeAction deCompleteShape -in [gi::getWindows 58]
[02:34:36.87] /i de::completeShape -context [db::getNext [de::getContexts -window 58]]
[02:34:37.03] /w Warning: Nothing is bound to the 'Button1-Triple' in the current active set. (WINDOW-015)
[02:34:43.11] /# gi::executeAction leShowDesignOptions -in [gi::getWindows 58]
[02:34:43.11] /i le::showDesignOptions
[02:34:43.13] /# gi::setActiveTab {tabWidget} -tabName {grids} -in [gi::getDialogs {deLayoutDesignOptions} -parent [gi::getWindows 58]]
[02:34:43.13] /# gi::setActiveTab {tabWidget} -tabName {general} -in [gi::getDialogs {deLayoutDesignOptions} -parent [gi::getWindows 58]]
[02:34:43.13] /o oa:0x1eb47880
[02:34:43.18] /i gi::setActiveDialog [gi::getDialogs {deLayoutDesignOptions} -parent [gi::getWindows 58]]
[02:34:43.46] /i db::setAttr geometry -of [gi::getDialogs {deLayoutDesignOptions} -parent [gi::getWindows 58]] -value 645x597+0+65
[02:34:45.19] /i gi::setActiveTab {tabWidget} -tabName {command} -in [gi::getDialogs {deLayoutDesignOptions} -parent [gi::getWindows 58]]
[02:34:47.46] /i gi::setField {autoAbutment} -value {true} -in [gi::getDialogs {deLayoutDesignOptions} -parent [gi::getWindows 58]]
[02:34:48.08] /i gi::setField {postAutoAbutmentProcedure} -value {true} -in [gi::getDialogs {deLayoutDesignOptions} -parent [gi::getWindows 58]]
[02:34:48.67] /i gi::setField {postAutoAbutmentProcedure} -value {false} -in [gi::getDialogs {deLayoutDesignOptions} -parent [gi::getWindows 58]]
[02:34:49.11] /i gi::setActiveTab {tabWidget} -tabName {grids} -in [gi::getDialogs {deLayoutDesignOptions} -parent [gi::getWindows 58]]
[02:34:50.01] /i gi::setActiveTab {tabWidget} -tabName {connectivity} -in [gi::getDialogs {deLayoutDesignOptions} -parent [gi::getWindows 58]]
[02:34:50.97] /i gi::setActiveTab {tabWidget} -tabName {general} -in [gi::getDialogs {deLayoutDesignOptions} -parent [gi::getWindows 58]]
[02:34:54.01] /i gi::pressButton {apply} -in [gi::getDialogs {deLayoutDesignOptions} -parent [gi::getWindows 58]]
[02:34:54.33] /i gi::pressButton {ok} -in [gi::getDialogs {deLayoutDesignOptions} -parent [gi::getWindows 58]]
[02:34:55.77] /# gi::executeAction leVia -in [gi::getWindows 58]
[02:34:55.77] /i ile::createVia
[02:34:56.35] /# gi::executeAction leVia -in [gi::getWindows 58]
[02:34:56.35] /i ile::createVia
[02:34:56.52] /# gi::executeAction leVia -in [gi::getWindows 58]
[02:34:56.52] /i ile::createVia
[02:34:58.60] /i gi::pressButton {dnSyncButton} -in [gi::getToolbars {deCommandOptions} -from [gi::getWindows 58]]
[02:34:58.60] /i gi::setField {/nets/textEdit} -value {} -in [gi::getToolbars {deCommandOptions} -from [gi::getWindows 58 ]]
[02:35:00.74] /i gi::setField {stopLevel} -value {2} -in [gi::getToolbars {leHierarchy} -from [gi::getWindows 58]]
[02:35:01.28] /# gi::executeAction deAddPoint -in [gi::getWindows 58]
[02:35:01.28] /i de::addPoint {19.784 11.86} -context [db::getNext [de::getContexts -window 58]]
[02:35:02.28] /# gi::executeAction leVia -in [gi::getWindows 58]
[02:35:02.28] /i ile::createVia
[02:35:02.64] /# gi::executeAction deAddPoint -in [gi::getWindows 58]
[02:35:02.64] /i de::addPoint {19.798 11.825} -context [db::getNext [de::getContexts -window 58]]
[02:35:02.85] /# gi::executeAction deCompleteShape -in [gi::getWindows 58]
[02:35:02.85] /i de::completeShape -context [db::getNext [de::getContexts -window 58]]
[02:35:04.01] /i gi::setField {stopLevel} -value {1} -in [gi::getToolbars {leHierarchy} -from [gi::getWindows 58]]
[02:35:04.25] /# gi::executeAction deAddPoint -in [gi::getWindows 58]
[02:35:04.26] /i de::addPoint {19.997 12.122} -context [db::getNext [de::getContexts -window 58]]
[02:35:05.27] /# gi::executeAction leVia -in [gi::getWindows 58]
[02:35:05.28] /i ile::createVia
[02:35:05.46] /# gi::executeAction deCanvasZoomOutAtPoint -in [gi::getWindows 58]
[02:35:05.46] /i de::zoom -window [gi::getWindows 58] -factor 0.5 -center {19.601 12.219}
[02:35:05.46] /o {17.976 9.848} {25.254 13.698}
[02:35:05.48] /# gi::executeAction deCanvasZoomOutAtPoint -in [gi::getWindows 58]
[02:35:05.48] /i de::zoom -window [gi::getWindows 58] -factor 0.5 -center {19.62 12.196}
[02:35:05.49] /o {16.331 7.499} {30.888 15.199}
[02:35:06.11] /# gi::executeAction deCanvasZoomInAtPoint -in [gi::getWindows 58]
[02:35:06.11] /i de::zoom -window [gi::getWindows 58] -factor 2.0 -center {19.583 11.891}
[02:35:06.12] /o {17.957 9.695} {25.235 13.545}
[02:35:06.54] /# gi::executeAction deAddPoint -in [gi::getWindows 58]
[02:35:06.54] /i de::addPoint {19.861 11.775} -context [db::getNext [de::getContexts -window 58]]
[02:35:06.74] /# gi::executeAction deCompleteShape -in [gi::getWindows 58]
[02:35:06.74] /i de::completeShape -context [db::getNext [de::getContexts -window 58]]
[02:35:06.89] /# gi::executeAction deAddPoint -in [gi::getWindows 58]
[02:35:06.90] /i de::addPoint {19.583 11.849} -context [db::getNext [de::getContexts -window 58]]
[02:35:07.56] /# gi::executeAction leVia -in [gi::getWindows 58]
[02:35:07.56] /i ile::createVia
[02:35:07.72] /# gi::executeAction leVia -in [gi::getWindows 58]
[02:35:07.72] /i ile::createVia
[02:35:07.87] /# gi::executeAction leVia -in [gi::getWindows 58]
[02:35:07.87] /i ile::createVia
[02:35:26.03] /# gi::executeAction deAbortCommand -in [gi::getWindows 58]
[02:35:26.03] /i de::abortCommand -context [db::getNext [de::getContexts -window 58]]
[02:36:00.87] /# gi::executeAction deCanvasZoomInAtPoint -in [gi::getWindows 58]
[02:36:00.87] /i de::zoom -window [gi::getWindows 58] -factor 2.0 -center {19.324 12.123}
[02:36:00.87] /o {18.641 10.909} {22.28 12.834}
[02:36:00.96] /# gi::executeAction deCanvasZoomInAtPoint -in [gi::getWindows 58]
[02:36:00.96] /i de::zoom -window [gi::getWindows 58] -factor 2.0 -center {19.324 12.123}
[02:36:00.96] /o {18.982 11.516} {20.802 12.479}
[02:36:01.50] /i gi::executeAction deCanvasDragCancel -in [gi::getWindows 58]
[02:36:04.35] /# gi::executeAction deSelectActive -in [gi::getWindows 58]
[02:36:04.35] /i de::deselectAll [db::getNext [de::getContexts -window 58]]
[02:36:04.35] /i de::select [de::getActiveFigure [gi::getWindows 58] -point {20.241 11.946} -index 0 -intent none]
[02:36:04.35] /o oa:0x20e77f00
[02:36:04.96] /# gi::executeAction leStartStretchDrag -in [gi::getWindows 58]
[02:36:04.96] /i layout_editor::directStretch [de::getActiveFigure [gi::getWindows 58] -point {20.241 11.953} -index 0 -intent none] 58
[02:36:04.97] /# ile::stretch -point {20.24 11.955}
[02:36:06.84] /# gi::executeAction deEndDrag -in [gi::getWindows 58]
[02:36:06.84] /i de::endDrag {20.247 11.94} -context [db::getNext [de::getContexts -window 58]]
[02:36:09.64] /i db::setAttr iconified -of [gi::getFrames 1] -value true
[02:36:09.64] /i db::setAttr iconified -of [gi::getFrames 2] -value true
[02:36:56.09] /i db::setAttr iconified -of [gi::getFrames 2] -value false
[02:36:56.12] /i db::setAttr maximized -of [gi::getFrames 1] -value true
[02:36:56.12] /i db::setAttr iconified -of [gi::getFrames 1] -value false
[02:36:56.45] /# gi::executeAction deCanvasZoomOutAtPoint -in [gi::getWindows 58]
[02:36:56.45] /i de::zoom -window [gi::getWindows 58] -factor 0.5 -center {20.325 11.977}
[02:36:56.45] /o {17.64 11.055} {21.279 12.98}
[02:36:56.63] /# gi::executeAction deCanvasZoomOutAtPoint -in [gi::getWindows 58]
[02:36:56.63] /i de::zoom -window [gi::getWindows 58] -factor 0.5 -center {20.324 11.977}
[02:36:56.63] /o {14.955 10.133} {22.233 13.983}
[02:36:56.69] /# gi::executeAction deCanvasZoomOutAtPoint -in [gi::getWindows 58]
[02:36:56.69] /i de::zoom -window [gi::getWindows 58] -factor 0.5 -center {20.325 11.977}
[02:36:56.69] /o {9.585 8.289} {24.142 15.989}
[02:36:57.19] /# gi::executeAction deCanvasZoomInAtPoint -in [gi::getWindows 58]
[02:36:57.19] /i de::zoom -window [gi::getWindows 58] -factor 2.0 -center {22.048 11.643}
[02:36:57.19] /o {15.817 9.966} {23.095 13.816}
[02:36:59.02] /# gi::executeAction deSelectActive -in [gi::getWindows 58]
[02:36:59.02] /i de::cycleActiveFigure [gi::getWindows 58] -direction next
[02:36:59.02] /o oa:0x2100a630
[02:36:59.02] /i de::deselectAll [db::getNext [de::getContexts -window 58]]
[02:36:59.02] /i de::select [de::getActiveFigure [gi::getWindows 58] -point {20.602 11.852} -index 1 -intent none]
[02:36:59.02] /o oa:0x20451a80
[02:36:59.55] /# gi::executeAction deSelectActive -in [gi::getWindows 58]
[02:36:59.55] /i de::cycleActiveFigure [gi::getWindows 58] -direction next
[02:36:59.55] /o oa:0x1fe50cd0
[02:36:59.55] /i de::deselectAll [db::getNext [de::getContexts -window 58]]
[02:36:59.55] /i de::select [de::getActiveFigure [gi::getWindows 58] -point {20.602 11.852} -index 0 -intent none]
[02:36:59.55] /o oa:0x1ed7ea80
[02:36:59.79] /# gi::executeAction deCanvasZoomOutAtPoint -in [gi::getWindows 58]
[02:36:59.79] /i de::zoom -window [gi::getWindows 58] -factor 0.5 -center {20.547 11.759}
[02:36:59.79] /o {11.086 8.173} {25.643 15.873}
[02:36:59.84] /# gi::executeAction deCanvasZoomOutAtPoint -in [gi::getWindows 58]
[02:36:59.84] /i de::zoom -window [gi::getWindows 58] -factor 0.5 -center {20.519 11.583}
[02:36:59.84] /o {1.653 4.763} {30.767 20.163}
[02:37:00.35] /# gi::executeAction deCanvasZoomInAtPoint -in [gi::getWindows 58]
[02:37:00.35] /i de::zoom -window [gi::getWindows 58] -factor 2.0 -center {20.685 10.415}
[02:37:00.35] /o {11.169 7.589} {25.726 15.289}
[02:37:08.16] /# gi::executeAction deCanvasZoomInAtPoint -in [gi::getWindows 58]
[02:37:08.16] /i de::zoom -window [gi::getWindows 58] -factor 2.0 -center {21.269 12.444}
[02:37:08.16] /o {16.219 10.017} {23.497 13.867}
[02:37:08.23] /# gi::executeAction deCanvasZoomInAtPoint -in [gi::getWindows 58]
[02:37:08.23] /i de::zoom -window [gi::getWindows 58] -factor 2.0 -center {21.269 12.444}
[02:37:08.23] /o {18.744 11.23} {22.383 13.155}
[02:37:08.34] /# gi::executeAction deCanvasZoomInAtPoint -in [gi::getWindows 58]
[02:37:08.34] /i de::zoom -window [gi::getWindows 58] -factor 2.0 -center {21.269 12.444}
[02:37:08.34] /o {20.007 11.837} {21.826 12.8}
[02:37:08.81] /# gi::executeAction deCanvasZoomOutAtPoint -in [gi::getWindows 58]
[02:37:08.81] /i de::zoom -window [gi::getWindows 58] -factor 0.5 -center {21.181 12.201}
[02:37:08.81] /o {18.832 11.473} {22.471 13.398}
[02:37:10.94] /i gi::setItemSelection {attributes} -index {height,all} -in [gi::getAssistants dePropertyEditor -from [gi::getWindows 58]]
[02:37:10.94] /i gi::setCurrentIndex {attributes} -index {height,Value} -in [gi::getAssistants dePropertyEditor -from [gi::getWindows 58]]
[02:37:12.32] /i gi::setField {attributes} -value {0.15} -index {height,Value} -in [gi::getAssistants dePropertyEditor -from [gi::getWindows 58]]
[02:37:12.32] /i gi::executeAction dePropertyEditorApplyChanges -in [gi::getAssistants dePropertyEditor -from [gi::getWindows 58]]
[02:37:13.78] /# gi::executeAction leStartStretchDrag -in [gi::getWindows 58]
[02:37:13.78] /i layout_editor::directStretch [de::getActiveFigure [gi::getWindows 58] -point {20.514 11.751} -index 0 -intent none] 58
[02:37:13.78] /# ile::stretch -point {20.515 11.75}
[02:37:15.33] /# gi::executeAction deEndDrag -in [gi::getWindows 58]
[02:37:15.33] /i de::endDrag {20.509 11.923} -context [db::getNext [de::getContexts -window 58]]
[02:37:15.84] /# gi::executeAction leStartStretchDrag -in [gi::getWindows 58]
[02:37:15.84] /i layout_editor::directStretch [de::getActiveFigure [gi::getWindows 58] -point {20.509 11.923} -index 0 -intent none] 58
[02:37:15.84] /# ile::stretch -point {20.51 11.925}
[02:37:18.45] /# gi::executeAction deEndDrag -in [gi::getWindows 58]
[02:37:18.45] /i de::endDrag {20.162 11.916} -context [db::getNext [de::getContexts -window 58]]
[02:37:19.58] /# gi::executeAction leVia -in [gi::getWindows 58]
[02:37:19.58] /i ile::createVia
[02:37:19.60] /o oa:0x1f4fc4e0
[02:37:20.09] /# gi::executeAction deAddPoint -in [gi::getWindows 58]
[02:37:20.09] /i de::addPoint {19.286 11.902} -context [db::getNext [de::getContexts -window 58]]
[02:37:20.48] /# gi::executeAction deAddPoint -in [gi::getWindows 58]
[02:37:20.48] /i de::addPoint {19.654 11.916} -context [db::getNext [de::getContexts -window 58]]
[02:37:20.82] /# gi::executeAction deAddPoint -in [gi::getWindows 58]
[02:37:20.82] /i de::addPoint {20.84 11.777} -context [db::getNext [de::getContexts -window 58]]
[02:37:21.10] /# gi::executeAction deCompleteShape -in [gi::getWindows 58]
[02:37:21.10] /i de::completeShape -context [db::getNext [de::getContexts -window 58]]
[02:37:21.35] /# gi::executeAction deCanvasZoomOutAtPoint -in [gi::getWindows 58]
[02:37:21.35] /i de::zoom -window [gi::getWindows 58] -factor 0.5 -center {20.382 12.013}
[02:37:21.35] /o {17.282 10.933} {24.56 14.783}
[02:37:21.40] /# gi::executeAction deCanvasZoomOutAtPoint -in [gi::getWindows 58]
[02:37:21.40] /i de::zoom -window [gi::getWindows 58] -factor 0.5 -center {20.382 12.013}
[02:37:21.40] /o {14.182 9.854} {28.739 17.554}
[02:37:21.44] /# gi::executeAction deCanvasZoomOutAtPoint -in [gi::getWindows 58]
[02:37:21.44] /i de::zoom -window [gi::getWindows 58] -factor 0.5 -center {20.381 12.013}
[02:37:21.44] /o {7.983 7.695} {37.097 23.095}
[02:37:22.15] /# gi::executeAction deCanvasZoomInAtPoint -in [gi::getWindows 58]
[02:37:22.15] /i de::zoom -window [gi::getWindows 58] -factor 2.0 -center {24.347 12.587}
[02:37:22.15] /o {16.165 10.141} {30.722 17.841}
[02:37:22.28] /# gi::executeAction deCanvasZoomInAtPoint -in [gi::getWindows 58]
[02:37:22.28] /i de::zoom -window [gi::getWindows 58] -factor 2.0 -center {24.347 12.587}
[02:37:22.28] /o {20.256 11.364} {27.534 15.214}
[02:37:22.47] /# gi::executeAction deAbortCommand -in [gi::getWindows 58]
[02:37:22.47] /i de::abortCommand -context [db::getNext [de::getContexts -window 58]]
[02:37:24.64] /# gi::executeAction leRectangle -in [gi::getWindows 58]
[02:37:24.64] /i ile::createRectangle
[02:37:25.16] /# gi::executeAction deStartDrag -in [gi::getWindows 58]
[02:37:25.16] /i de::startDrag {23.356 14.056} -context [db::getNext [de::getContexts -window 58]]
[02:37:26.15] /# gi::executeAction deEndDrag -in [gi::getWindows 58]
[02:37:26.15] /i de::endDrag {25.598 13.393} -context [db::getNext [de::getContexts -window 58]]
[02:37:31.58] /i de::setActiveLPP [de::getLPPs "m1 drawing" -from [db::getAttr editDesign -of [de::getContexts -window 58]]]
[02:37:32.70] /# gi::executeAction leRectangle -in [gi::getWindows 58]
[02:37:32.70] /i ile::createRectangle
[02:37:33.84] /# gi::executeAction deStartDrag -in [gi::getWindows 58]
[02:37:33.84] /i de::startDrag {23.328 14.269} -context [db::getNext [de::getContexts -window 58]]
[02:37:34.31] /# gi::executeAction deEndDrag -in [gi::getWindows 58]
[02:37:34.31] /i de::endDrag {24.236 13.013} -context [db::getNext [de::getContexts -window 58]]
[02:37:35.50] /# gi::executeAction leVia -in [gi::getWindows 58]
[02:37:35.50] /i ile::createVia
[02:37:35.53] /o oa:0x233ed0c0
[02:37:36.86] /# gi::executeAction deCanvasZoomInAtPoint -in [gi::getWindows 58]
[02:37:36.86] /i de::zoom -window [gi::getWindows 58] -factor 2.0 -center {23.805 13.852}
[02:37:36.86] /o {22.031 12.608} {25.67 14.533}
[02:37:36.97] /# gi::executeAction deCanvasZoomInAtPoint -in [gi::getWindows 58]
[02:37:36.97] /i de::zoom -window [gi::getWindows 58] -factor 2.0 -center {23.812 13.85}
[02:37:36.97] /o {22.921 13.229} {24.741 14.192}
[02:37:37.39] /# gi::executeAction deCanvasZoomOutAtPoint -in [gi::getWindows 58]
[02:37:37.39] /i de::zoom -window [gi::getWindows 58] -factor 0.5 -center {23.835 13.788}
[02:37:37.39] /o {22.008 12.67} {25.647 14.595}
[02:37:37.44] /# gi::executeAction deCanvasZoomOutAtPoint -in [gi::getWindows 58]
[02:37:37.44] /i de::zoom -window [gi::getWindows 58] -factor 0.5 -center {23.835 13.787}
[02:37:37.44] /o {20.18 11.553} {27.458 15.403}
[02:37:37.56] /# gi::executeAction deCanvasZoomOutAtPoint -in [gi::getWindows 58]
[02:37:37.56] /i de::zoom -window [gi::getWindows 58] -factor 0.5 -center {23.835 13.786}
[02:37:37.56] /o {16.525 9.32} {31.082 17.02}
[02:37:41.00] /# gi::executeAction leVia -in [gi::getWindows 58]
[02:37:41.00] /i ile::createVia
[02:38:02.67] /# gi::executeAction leVia -in [gi::getWindows 58]
[02:38:02.67] /i ile::createVia
[02:38:03.45] /# gi::executeAction deAddPoint -in [gi::getWindows 58]
[02:38:03.45] /i de::addPoint {23.929 13.675} -context [db::getNext [de::getContexts -window 58]]
[02:38:10.03] /# gi::executeAction deAbortCommand -in [gi::getWindows 58]
[02:38:10.03] /i de::abortCommand -context [db::getNext [de::getContexts -window 58]]
[02:38:15.70] /i gi::executeAction deCanvasDragCancel -in [gi::getWindows 58]
[02:38:16.04] /# gi::executeAction deSelectActive -in [gi::getWindows 58]
[02:38:16.04] /i de::deselectAll [db::getNext [de::getContexts -window 58]]
[02:38:16.04] /i de::select [de::getActiveFigure [gi::getWindows 58] -point {24.179 13.962} -index 0 -intent none]
[02:38:16.04] /o oa:0x21782030
[02:38:16.65] /# gi::executeAction leDelete -in [gi::getWindows 58]
[02:38:16.65] /i ile::delete
[02:38:16.78] /# gi::executeAction deSelectActive -in [gi::getWindows 58]
[02:38:16.78] /i de::deselectAll [db::getNext [de::getContexts -window 58]]
[02:38:16.78] /i de::select [de::getActiveFigure [gi::getWindows 58] -point {23.956 13.981} -index 0 -intent none]
[02:38:16.78] /o oa:0x210676f0
[02:38:16.99] /# gi::executeAction deSelectActive -in [gi::getWindows 58]
[02:38:16.99] /i de::cycleActiveFigure [gi::getWindows 58] -direction next
[02:38:16.99] /o oa:0x20ba4ce0
[02:38:16.99] /i de::deselectAll [db::getNext [de::getContexts -window 58]]
[02:38:16.99] /i de::select [de::getActiveFigure [gi::getWindows 58] -point {23.873 13.953} -index 1 -intent none]
[02:38:16.99] /o oa:0x203cc0a0
[02:38:16.99] /# gi::executeAction leDelete -in [gi::getWindows 58]
[02:38:16.99] /i ile::delete
[02:38:17.15] /# gi::executeAction deSelectActive -in [gi::getWindows 58]
[02:38:17.15] /i de::deselectAll [db::getNext [de::getContexts -window 58]]
[02:38:17.15] /i de::select [de::getActiveFigure [gi::getWindows 58] -point {23.864 13.74} -index 0 -intent none]
[02:38:17.15] /o oa:0x1f3d8560
[02:38:17.15] /# gi::executeAction leDelete -in [gi::getWindows 58]
[02:38:17.15] /i ile::delete
[02:38:17.28] /# gi::executeAction deSelectActive -in [gi::getWindows 58]
[02:38:17.28] /i de::deselectAll [db::getNext [de::getContexts -window 58]]
[02:38:17.28] /i de::select [de::getActiveFigure [gi::getWindows 58] -point {23.901 13.48} -index 0 -intent none]
[02:38:17.29] /o oa:0x229b5380
[02:38:17.29] /# gi::executeAction leDelete -in [gi::getWindows 58]
[02:38:17.29] /i ile::delete
[02:38:17.44] /w Warning: Nothing is bound to the 'Button1-Triple' in the current active set. (WINDOW-015)
[02:38:17.44] /# gi::executeAction leDelete -in [gi::getWindows 58]
[02:38:17.44] /i ile::delete
[02:38:17.57] /# gi::executeAction deAddPoint -in [gi::getWindows 58]
[02:38:17.57] /i de::addPoint {23.919 13.184} -context [db::getNext [de::getContexts -window 58]]
[02:38:17.58] /# gi::executeAction leDelete -in [gi::getWindows 58]
[02:38:17.58] /i ile::delete
[02:38:17.70] /# gi::executeAction deCompleteShape -in [gi::getWindows 58]
[02:38:17.70] /i de::completeShape -context [db::getNext [de::getContexts -window 58]]
[02:38:17.75] /# gi::executeAction leDelete -in [gi::getWindows 58]
[02:38:17.75] /i ile::delete
[02:38:27.59] /# gi::executeAction leVia -in [gi::getWindows 58]
[02:38:27.59] /i ile::createVia
[02:38:27.61] /o oa:0x1dd06420
[02:38:29.24] /i gi::setField {viaAuto} -value {false} -in [gi::getToolbars {deCommandOptions} -from [gi::getWindows 58]]
[02:38:29.68] /i gi::setField {viaAuto} -value {true} -in [gi::getToolbars {deCommandOptions} -from [gi::getWindows 58]]
[02:38:47.29] /# gi::executeAction leShowDesignOptions -in [gi::getWindows 58]
[02:38:47.29] /i le::showDesignOptions
[02:38:47.30] /# gi::setActiveTab {tabWidget} -tabName {grids} -in [gi::getDialogs {deLayoutDesignOptions} -parent [gi::getWindows 58]]
[02:38:47.30] /# gi::setActiveTab {tabWidget} -tabName {general} -in [gi::getDialogs {deLayoutDesignOptions} -parent [gi::getWindows 58]]
[02:38:47.30] /o oa:0x1f8ec080
[02:38:47.35] /i gi::setActiveDialog [gi::getDialogs {deLayoutDesignOptions} -parent [gi::getWindows 58]]
[02:38:47.59] /i db::setAttr geometry -of [gi::getDialogs {deLayoutDesignOptions} -parent [gi::getWindows 58]] -value 645x597+0+65
[02:38:50.63] /i gi::setActiveTab {tabWidget} -tabName {command} -in [gi::getDialogs {deLayoutDesignOptions} -parent [gi::getWindows 58]]
[02:39:10.54] /i gi::closeWindows [gi::getDialogs {deLayoutDesignOptions} -parent [gi::getWindows 58]]
[02:39:11.67] /# gi::executeAction leLabel -in [gi::getWindows 58]
[02:39:11.67] /i ile::createLabel
[02:39:15.87] /i gi::setField {textMultiline} -value {a} -in [gi::getToolbars {deCommandOptions} -from [gi::getWindows 58]]
[02:39:16.51] /# gi::executeAction leVia -in [gi::getWindows 58]
[02:39:16.51] /i ile::createVia
[02:39:16.53] /o oa:0x1fdb15e0
[02:39:17.18] /# gi::executeAction deCanvasZoomInAtPoint -in [gi::getWindows 58]
[02:39:17.18] /i de::zoom -window [gi::getWindows 58] -factor 2.0 -center {19.703 12.535}
[02:39:17.18] /o {18.114 10.928} {25.392 14.778}
[02:39:18.03] /# gi::executeAction deAddPoint -in [gi::getWindows 58]
[02:39:18.03] /i de::addPoint {19.425 11.924} -context [db::getNext [de::getContexts -window 58]]
[02:39:19.07] /# gi::executeAction deAbortCommand -in [gi::getWindows 58]
[02:39:19.07] /i de::abortCommand -context [db::getNext [de::getContexts -window 58]]
[02:39:19.60] /# gi::executeAction deCanvasZoomOutAtPoint -in [gi::getWindows 58]
[02:39:19.60] /i de::zoom -window [gi::getWindows 58] -factor 0.5 -center {19.634 12.41}
[02:39:19.60] /o {16.594 9.445} {31.151 17.145}
[02:39:20.79] /# gi::executeAction deCanvasZoomOutAtPoint -in [gi::getWindows 58]
[02:39:20.79] /i de::zoom -window [gi::getWindows 58] -factor 0.5 -center {21.079 14.588}
[02:39:20.79] /o {12.109 4.302} {41.223 19.702}
[02:39:20.84] /# gi::executeAction deCanvasZoomOutAtPoint -in [gi::getWindows 58]
[02:39:20.84] /i de::zoom -window [gi::getWindows 58] -factor 0.5 -center {21.079 14.587}
[02:39:20.84] /o {3.139 -5.983} {61.367 24.817}
[02:40:00.53] /# gi::executeAction deCanvasZoomInAtPoint -in [gi::getWindows 58]
[02:40:00.53] /i de::zoom -window [gi::getWindows 58] -factor 2.0 -center {13.628 14.254}
[02:40:00.53] /o {8.384 4.136} {37.497 19.536}
[02:40:00.60] /# gi::executeAction deCanvasZoomInAtPoint -in [gi::getWindows 58]
[02:40:00.60] /i de::zoom -window [gi::getWindows 58] -factor 2.0 -center {13.628 14.254}
[02:40:00.60] /o {11.006 9.195} {25.563 16.895}
[02:40:07.03] /i gi::executeAction deCanvasDragCancel -in [gi::getWindows 58]
[02:40:07.35] /# gi::executeAction deSelectActive -in [gi::getWindows 58]
[02:40:07.35] /i de::deselectAll [db::getNext [de::getContexts -window 58]]
[02:40:07.35] /i de::select [de::getActiveFigure [gi::getWindows 58] -point {20.717 13.411} -index 0 -intent none]
[02:40:07.35] /o oa:0x2029eb70
[02:40:07.88] /# gi::executeAction leStartStretchDrag -in [gi::getWindows 58]
[02:40:07.88] /i layout_editor::directStretch [de::getActiveFigure [gi::getWindows 58] -point {20.717 13.411} -index 0 -intent none] 58
[02:40:07.89] /# ile::stretch -point {20.715 13.41}
[02:40:08.31] /# gi::executeAction deEndDrag -in [gi::getWindows 58]
[02:40:08.31] /i de::endDrag {21.736 13.327} -context [db::getNext [de::getContexts -window 58]]
[02:40:08.99] /# gi::executeAction deSelectActive -in [gi::getWindows 58]
[02:40:08.99] /i de::deselectAll [db::getNext [de::getContexts -window 58]]
[02:40:09.00] /i de::select [de::getActiveFigure [gi::getWindows 58] -point {20.605 11.937} -index 0 -intent none]
[02:40:09.00] /o oa:0x211f7430
[02:40:09.32] /# gi::executeAction deCanvasZoomInAtPoint -in [gi::getWindows 58]
[02:40:09.32] /i de::zoom -window [gi::getWindows 58] -factor 2.0 -center {21.013 11.937}
[02:40:09.32] /o {16.009 10.566} {23.288 14.416}
[02:40:09.80] /# gi::executeAction deSelectActive -in [gi::getWindows 58]
[02:40:09.80] /i de::deselectAll [db::getNext [de::getContexts -window 58]]
[02:40:09.80] /i de::deselectAllLogic -context [db::getNext [de::getContexts -window 58]]
[02:40:10.08] /# gi::executeAction leStretch -in [gi::getWindows 58]
[02:40:10.08] /i ile::stretch
[02:40:10.65] /# gi::executeAction deAddPoint -in [gi::getWindows 58]
[02:40:10.65] /i de::addPoint {21.059 11.909} -context [db::getNext [de::getContexts -window 58]]
[02:40:12.33] /# gi::executeAction deAddPoint -in [gi::getWindows 58]
[02:40:12.33] /i de::addPoint {22.421 11.937} -context [db::getNext [de::getContexts -window 58]]
[02:40:13.17] /# gi::executeAction leVia -in [gi::getWindows 58]
[02:40:13.17] /i ile::createVia
[02:40:13.19] /o oa:0x2028bb30
[02:40:14.89] /i gi::setField {viaAuto} -value {false} -in [gi::getToolbars {deCommandOptions} -from [gi::getWindows 58]]
[02:40:15.15] /i gi::setField {viaAuto} -value {true} -in [gi::getToolbars {deCommandOptions} -from [gi::getWindows 58]]
[02:40:16.11] /# gi::executeAction deAddPoint -in [gi::getWindows 58]
[02:40:16.11] /i de::addPoint {16.306 14.356} -context [db::getNext [de::getContexts -window 58]]
[02:40:16.63] /i gi::setField {viaAuto} -value {false} -in [gi::getToolbars {deCommandOptions} -from [gi::getWindows 58]]
[02:40:17.53] /# gi::executeAction deCanvasZoomInAtPoint -in [gi::getWindows 58]
[02:40:17.53] /i de::zoom -window [gi::getWindows 58] -factor 2.0 -center {19.642 11.882}
[02:40:17.53] /o {17.826 11.224} {21.465 13.149}
[02:40:17.75] /# gi::executeAction deCanvasZoomInAtPoint -in [gi::getWindows 58]
[02:40:17.75] /i de::zoom -window [gi::getWindows 58] -factor 2.0 -center {19.642 11.882}
[02:40:17.75] /o {18.734 11.553} {20.553 12.515}
[02:40:31.17] /# gi::executeAction deShowGeneralOptions -in [gi::getWindows 58]
[02:40:31.17] /i de::showGeneralOptions
[02:40:31.20] /o oa:0x1f8ce3a0
[02:40:31.23] /i gi::setActiveDialog [gi::getDialogs {deGeneralOptions} -parent [gi::getWindows 58]]
[02:40:31.49] /i db::setAttr geometry -of [gi::getDialogs {deGeneralOptions} -parent [gi::getWindows 58]] -value 888x541+506+285
[02:40:32.66] /# gi::setCurrentIndex {generalOptionsSelector} -index {Editors} -in [gi::getDialogs {deGeneralOptions} -parent [gi::getWindows 58]]
[02:40:32.66] /# gi::setItemSelection {generalOptionsSelector} -index {Editors} -in [gi::getDialogs {deGeneralOptions} -parent [gi::getWindows 58]]
[02:40:32.96] /# gi::setCurrentIndex {generalOptionsSelector} -index {Commands} -in [gi::getDialogs {deGeneralOptions} -parent [gi::getWindows 58]]
[02:40:32.96] /# gi::setItemSelection {generalOptionsSelector} -index {Commands} -in [gi::getDialogs {deGeneralOptions} -parent [gi::getWindows 58]]
[02:40:33.20] /# gi::setCurrentIndex {generalOptionsSelector} -index {Layout} -in [gi::getDialogs {deGeneralOptions} -parent [gi::getWindows 58]]
[02:40:33.20] /# gi::setItemSelection {generalOptionsSelector} -index {} -in [gi::getDialogs {deGeneralOptions} -parent [gi::getWindows 58]]
[02:40:33.48] /# gi::setCurrentIndex {generalOptionsSelector} -index {Layout.Cursor} -in [gi::getDialogs {deGeneralOptions} -parent [gi::getWindows 58]]
[02:40:33.48] /# gi::setItemSelection {generalOptionsSelector} -index {Layout.Cursor} -in [gi::getDialogs {deGeneralOptions} -parent [gi::getWindows 58]]
[02:40:34.01] /# gi::setCurrentIndex {generalOptionsSelector} -index {Layout.Display} -in [gi::getDialogs {deGeneralOptions} -parent [gi::getWindows 58]]
[02:40:34.01] /# gi::setItemSelection {generalOptionsSelector} -index {Layout.Display} -in [gi::getDialogs {deGeneralOptions} -parent [gi::getWindows 58]]
[02:40:35.18] /# gi::setCurrentIndex {generalOptionsSelector} -index {Schematic} -in [gi::getDialogs {deGeneralOptions} -parent [gi::getWindows 58]]
[02:40:35.18] /# gi::setItemSelection {generalOptionsSelector} -index {Schematic} -in [gi::getDialogs {deGeneralOptions} -parent [gi::getWindows 58]]
[02:40:36.17] /# gi::setCurrentIndex {generalOptionsSelector} -index {Symbol} -in [gi::getDialogs {deGeneralOptions} -parent [gi::getWindows 58]]
[02:40:36.18] /# gi::setItemSelection {generalOptionsSelector} -index {Symbol} -in [gi::getDialogs {deGeneralOptions} -parent [gi::getWindows 58]]
[02:40:36.59] /# gi::setCurrentIndex {generalOptionsSelector} -index {Text} -in [gi::getDialogs {deGeneralOptions} -parent [gi::getWindows 58]]
[02:40:36.59] /# gi::setItemSelection {generalOptionsSelector} -index {Text} -in [gi::getDialogs {deGeneralOptions} -parent [gi::getWindows 58]]
[02:40:37.39] /# gi::setCurrentIndex {generalOptionsSelector} -index {Schematic} -in [gi::getDialogs {deGeneralOptions} -parent [gi::getWindows 58]]
[02:40:37.39] /# gi::setItemSelection {generalOptionsSelector} -index {Schematic} -in [gi::getDialogs {deGeneralOptions} -parent [gi::getWindows 58]]
[02:40:37.73] /# gi::setCurrentIndex {generalOptionsSelector} -index {Layout.Display} -in [gi::getDialogs {deGeneralOptions} -parent [gi::getWindows 58]]
[02:40:37.74] /# gi::setItemSelection {generalOptionsSelector} -index {Layout.Display} -in [gi::getDialogs {deGeneralOptions} -parent [gi::getWindows 58]]
[02:40:44.04] /# gi::setCurrentIndex {generalOptionsSelector} -index {Schematic} -in [gi::getDialogs {deGeneralOptions} -parent [gi::getWindows 58]]
[02:40:44.04] /# gi::setItemSelection {generalOptionsSelector} -index {Schematic} -in [gi::getDialogs {deGeneralOptions} -parent [gi::getWindows 58]]
[02:40:44.87] /# gi::setCurrentIndex {generalOptionsSelector} -index {Symbol} -in [gi::getDialogs {deGeneralOptions} -parent [gi::getWindows 58]]
[02:40:44.88] /# gi::setItemSelection {generalOptionsSelector} -index {Symbol} -in [gi::getDialogs {deGeneralOptions} -parent [gi::getWindows 58]]
[02:40:45.31] /# gi::setCurrentIndex {generalOptionsSelector} -index {Text} -in [gi::getDialogs {deGeneralOptions} -parent [gi::getWindows 58]]
[02:40:45.31] /# gi::setItemSelection {generalOptionsSelector} -index {Text} -in [gi::getDialogs {deGeneralOptions} -parent [gi::getWindows 58]]
[02:40:45.87] /# gi::setCurrentIndex {generalOptionsSelector} -index {Schematic} -in [gi::getDialogs {deGeneralOptions} -parent [gi::getWindows 58]]
[02:40:45.87] /# gi::setItemSelection {generalOptionsSelector} -index {Schematic} -in [gi::getDialogs {deGeneralOptions} -parent [gi::getWindows 58]]
[02:40:46.28] /# gi::setCurrentIndex {generalOptionsSelector} -index {Layout.Cursor} -in [gi::getDialogs {deGeneralOptions} -parent [gi::getWindows 58]]
[02:40:46.28] /# gi::setItemSelection {generalOptionsSelector} -index {Layout.Cursor} -in [gi::getDialogs {deGeneralOptions} -parent [gi::getWindows 58]]
[02:40:49.85] /i gi::closeWindows [gi::getDialogs {deGeneralOptions} -parent [gi::getWindows 58]]
[02:40:50.90] /i gi::executeAction menuPreShow -in [gi::getWindows 58]
[02:40:50.90] /r giMenuAccess db::getNext [gi::getMenus giPopupMenu]
[02:41:14.92] /# gi::executeAction deCanvasZoomOutAtPoint -in [gi::getWindows 58]
[02:41:14.92] /i de::zoom -window [gi::getWindows 58] -factor 0.5 -center {19.51 12.202}
[02:41:14.92] /o {17.958 10.904} {21.597 12.829}
[02:41:15.80] /# gi::executeAction deAddPoint -in [gi::getWindows 58]
[02:41:15.80] /i de::addPoint {19.315 11.932} -context [db::getNext [de::getContexts -window 58]]
[02:41:16.16] /# gi::executeAction deCanvasZoomOutAtPoint -in [gi::getWindows 58]
[02:41:16.16] /i de::zoom -window [gi::getWindows 58] -factor 0.5 -center {19.336 12.127}
[02:41:16.16] /o {16.579 9.681} {23.858 13.531}
[02:41:16.20] /# gi::executeAction deCanvasZoomOutAtPoint -in [gi::getWindows 58]
[02:41:16.20] /i de::zoom -window [gi::getWindows 58] -factor 0.5 -center {19.336 12.127}
[02:41:16.20] /o {13.823 7.235} {28.38 14.935}
[02:41:17.03] /# gi::executeAction deCanvasZoomInAtPoint -in [gi::getWindows 58]
[02:41:17.03] /i de::zoom -window [gi::getWindows 58] -factor 2.0 -center {19.114 12.155}
[02:41:17.03] /o {16.468 9.695} {23.747 13.545}
[02:41:17.13] /# gi::executeAction deCanvasZoomInAtPoint -in [gi::getWindows 58]
[02:41:17.13] /i de::zoom -window [gi::getWindows 58] -factor 2.0 -center {19.128 12.155}
[02:41:17.13] /o {17.798 10.925} {21.437 12.85}
[02:41:17.43] /# gi::executeAction deAbortCommand -in [gi::getWindows 58]
[02:41:17.43] /i de::abortCommand -context [db::getNext [de::getContexts -window 58]]
[02:41:17.87] /# gi::executeAction deSelectActive -in [gi::getWindows 58]
[02:41:17.87] /i de::deselectAll [db::getNext [de::getContexts -window 58]]
[02:41:17.87] /i de::select [de::getActiveFigure [gi::getWindows 58] -point {19.364 11.96} -index 0 -intent none]
[02:41:17.88] /o oa:0x1fd79a70
[02:41:18.80] /# gi::executeAction deSelectActive -in [gi::getWindows 58]
[02:41:18.80] /i de::cycleActiveFigure [gi::getWindows 58] -direction next
[02:41:18.80] /o oa:0x20becbc0
[02:41:18.80] /i de::deselectAll [db::getNext [de::getContexts -window 58]]
[02:41:18.80] /i de::select [de::getActiveFigure [gi::getWindows 58] -point {19.369 11.96} -index 1 -intent none]
[02:41:18.80] /o oa:0x1ff28bc0
[02:41:19.10] /# gi::executeAction deCanvasZoomInAtPoint -in [gi::getWindows 58]
[02:41:19.11] /i de::zoom -window [gi::getWindows 58] -factor 2.0 -center {19.385 11.951}
[02:41:19.11] /o {18.592 11.438} {20.411 12.4}
[02:41:19.93] /# gi::executeAction leDelete -in [gi::getWindows 58]
[02:41:19.93] /i ile::delete
[02:41:21.25] /# gi::executeAction deSelectActive -in [gi::getWindows 58]
[02:41:21.25] /i de::deselectAll [db::getNext [de::getContexts -window 58]]
[02:41:21.25] /i de::select [de::getActiveFigure [gi::getWindows 58] -point {19.391 11.942} -index 0 -intent none]
[02:41:21.25] /o oa:0x1fbe81d0
[02:41:21.95] /# gi::executeAction deSelectActive -in [gi::getWindows 58]
[02:41:21.95] /i de::deselectAll [db::getNext [de::getContexts -window 58]]
[02:41:21.95] /i de::select [de::getActiveFigure [gi::getWindows 58] -point {19.281 12.104} -index 0 -intent none]
[02:41:21.95] /o oa:0x20c30f10
[02:41:22.74] /# gi::executeAction deCanvasZoomOutAtPoint -in [gi::getWindows 58]
[02:41:22.74] /i de::zoom -window [gi::getWindows 58] -factor 0.5 -center {19.283 12.1}
[02:41:22.74] /o {17.9 10.776} {21.539 12.701}
[02:41:22.82] /# gi::executeAction deCanvasZoomOutAtPoint -in [gi::getWindows 58]
[02:41:22.82] /i de::zoom -window [gi::getWindows 58] -factor 0.5 -center {19.283 12.096}
[02:41:22.83] /o {16.517 9.456} {23.796 13.306}
[02:41:23.32] /# gi::executeAction deFitView -in [gi::getWindows 58]
[02:41:23.32] /i de::fit -window 58 -fitView true
[02:41:23.32] /o {13.314 8.235} {27.871 15.935}
[02:41:24.16] /# gi::executeAction deCanvasZoomInAtPoint -in [gi::getWindows 58]
[02:41:24.16] /i de::zoom -window [gi::getWindows 58] -factor 2.0 -center {18.911 13.535}
[02:41:24.16] /o {16.113 10.885} {23.391 14.735}
[02:41:24.23] /# gi::executeAction deCanvasZoomInAtPoint -in [gi::getWindows 58]
[02:41:24.23] /i de::zoom -window [gi::getWindows 58] -factor 2.0 -center {18.911 13.535}
[02:41:24.23] /o {17.512 12.21} {21.151 14.135}
[02:41:24.38] /# gi::executeAction deCanvasZoomInAtPoint -in [gi::getWindows 58]
[02:41:24.38] /i de::zoom -window [gi::getWindows 58] -factor 2.0 -center {18.911 13.535}
[02:41:24.38] /o {18.211 12.873} {20.031 13.835}
[02:41:24.70] /# gi::executeAction deSelectActive -in [gi::getWindows 58]
[02:41:24.70] /i de::cycleActiveFigure [gi::getWindows 58] -direction next
[02:41:24.70] /o oa:0x1fc60ee0
[02:41:24.99] /# gi::executeAction deCanvasZoomOutAtPoint -in [gi::getWindows 58]
[02:41:24.99] /i de::zoom -window [gi::getWindows 58] -factor 0.5 -center {18.92 13.507}
[02:41:24.99] /o {17.503 12.238} {21.142 14.163}
[02:41:25.03] /# gi::executeAction deCanvasZoomOutAtPoint -in [gi::getWindows 58]
[02:41:25.03] /i de::zoom -window [gi::getWindows 58] -factor 0.5 -center {18.92 13.507}
[02:41:25.03] /o {16.086 10.969} {23.364 14.819}
[02:41:26.79] /i gi::setActiveWindow 56
[02:41:26.79] /i gi::setActiveWindow 56 -raise true
[02:41:27.91] /i gi::setCurrentIndex {cells} -index {NAND2_tb_2} -in [gi::getWindows 56]
[02:41:27.91] /i gi::setItemSelection {cells} -index {NAND2_tb_2} -in [gi::getWindows 56]
[02:41:28.39] /i gi::setCurrentIndex {cells} -index {NAND2_tb} -in [gi::getWindows 56]
[02:41:28.39] /i gi::setItemSelection {cells} -index {NAND2_tb} -in [gi::getWindows 56]
[02:41:28.70] /i gi::setCurrentIndex {cells} -index {NAND2_2} -in [gi::getWindows 56]
[02:41:28.70] /i gi::setItemSelection {cells} -index {NAND2_2} -in [gi::getWindows 56]
[02:41:30.15] /i gi::setCurrentIndex {views} -index {layout} -in [gi::getWindows 56]
[02:41:30.15] /i gi::setItemSelection {views} -index {layout} -in [gi::getWindows 56]
[02:41:30.29] /i gi::executeAction dmOpen -in [gi::getWindows 56]
[02:41:30.31] /r giWindowId 60
[02:41:30.32] /r giWindowGeometry 1632x1020
[02:41:30.35] /# de::setActiveLPP [de::getLPPs "exclude blockage" -from [db::getAttr editDesign -of [de::getContexts -window 60]]]
[02:41:38.63] /i de::setActiveLPP [de::getLPPs "m4 drawing" -from [db::getAttr editDesign -of [de::getContexts -window 60]]]
[02:41:39.92] /# gi::executeAction leRectangle -in [gi::getWindows 60]
[02:41:39.92] /i ile::createRectangle
[02:41:40.12] /# gi::executeAction deCanvasZoomInAtPoint -in [gi::getWindows 60]
[02:41:40.12] /i de::zoom -window [gi::getWindows 60] -factor 2.0 -center {-7.816 6.745}
[02:41:40.12] /o {-11.351 4.47} {-4.073 8.32}
[02:41:40.23] /# gi::executeAction deCanvasZoomInAtPoint -in [gi::getWindows 60]
[02:41:40.23] /i de::zoom -window [gi::getWindows 60] -factor 2.0 -center {-7.802 6.736}
[02:41:40.23] /o {-9.576 5.603} {-5.937 7.528}
[02:41:41.20] /# gi::executeAction deAddPoint -in [gi::getWindows 60]
[02:41:41.20] /i de::addPoint {-7.784 6.706} -context [db::getNext [de::getContexts -window 60]]
[02:41:42.17] /# gi::executeAction deAddPoint -in [gi::getWindows 60]
[02:41:42.17] /i de::addPoint {-6.426 6.465} -context [db::getNext [de::getContexts -window 60]]
[02:41:43.14] /# gi::executeAction leVia -in [gi::getWindows 60]
[02:41:43.14] /i ile::createVia
[02:41:43.18] /o oa:0x231474c0
[02:41:45.01] /i gi::setField {viaAuto} -value {true} -in [gi::getToolbars {deCommandOptions} -from [gi::getWindows 60]]
[02:41:46.95] /# gi::executeAction deCanvasZoomOutAtPoint -in [gi::getWindows 60]
[02:41:46.95] /i de::zoom -window [gi::getWindows 60] -factor 0.5 -center {-7.434 6.588}
[02:41:46.95] /o {-11.719 4.618} {-4.441 8.468}
[02:41:47.27] /# gi::executeAction deAbortCommand -in [gi::getWindows 60]
[02:41:47.27] /i de::abortCommand -context [db::getNext [de::getContexts -window 60]]
[02:41:47.66] /# gi::executeAction deSelectActive -in [gi::getWindows 60]
[02:41:47.66] /i de::deselectAll [db::getNext [de::getContexts -window 60]]
[02:41:47.66] /i de::select [de::getActiveFigure [gi::getWindows 60] -point {-6.882 6.545} -index 0 -intent none]
[02:41:47.66] /o oa:0x21327b80
[02:41:48.22] /# gi::executeAction leStartStretchDrag -in [gi::getWindows 60]
[02:41:48.22] /i layout_editor::directStretch [de::getActiveFigure [gi::getWindows 60] -point {-6.808 6.55} -index 0 -intent none] 60
[02:41:48.22] /# ile::stretch -point {-6.81 6.55}
[02:41:49.76] /# gi::executeAction deEndDrag -in [gi::getWindows 60]
[02:41:49.76] /i de::endDrag {-6.132 6.531} -context [db::getNext [de::getContexts -window 60]]
[02:41:50.84] /# gi::executeAction leVia -in [gi::getWindows 60]
[02:41:50.84] /i ile::createVia
[02:41:50.86] /o oa:0x218b21c0
[02:41:53.24] /# gi::executeAction deCanvasZoomInAtPoint -in [gi::getWindows 60]
[02:41:53.24] /i de::zoom -window [gi::getWindows 60] -factor 2.0 -center {-7.003 6.531}
[02:41:53.24] /o {-9.361 5.575} {-5.722 7.5}
[02:41:53.42] /# gi::executeAction deCanvasZoomInAtPoint -in [gi::getWindows 60]
[02:41:53.42] /i de::zoom -window [gi::getWindows 60] -factor 2.0 -center {-7.003 6.531}
[02:41:53.42] /o {-8.182 6.053} {-6.362 7.015}
[02:41:53.92] /# gi::executeAction deCanvasZoomOutAtPoint -in [gi::getWindows 60]
[02:41:53.92] /i de::zoom -window [gi::getWindows 60] -factor 0.5 -center {-7.003 6.531}
[02:41:53.92] /o {-9.361 5.575} {-5.722 7.5}
[02:42:03.35] /# gi::executeAction deAddPoint -in [gi::getWindows 60]
[02:42:03.35] /i de::addPoint {-7.019 6.559} -context [db::getNext [de::getContexts -window 60]]
[02:42:12.94] /# gi::executeAction deAddPoint -in [gi::getWindows 60]
[02:42:12.94] /i de::addPoint {-6.996 6.742} -context [db::getNext [de::getContexts -window 60]]
[02:42:13.70] /# gi::executeAction deAbortCommand -in [gi::getWindows 60]
[02:42:13.70] /i de::abortCommand -context [db::getNext [de::getContexts -window 60]]
[02:42:14.09] /# gi::executeAction deSelectActive -in [gi::getWindows 60]
[02:42:14.09] /i de::deselectAll [db::getNext [de::getContexts -window 60]]
[02:42:14.09] /i de::select [de::getActiveFigure [gi::getWindows 60] -point {-6.982 6.742} -index 0 -intent none]
[02:42:14.09] /o oa:0x22d6e650
[02:42:14.67] /# gi::executeAction leStartStretchDrag -in [gi::getWindows 60]
[02:42:14.67] /i layout_editor::directStretch [de::getActiveFigure [gi::getWindows 60] -point {-6.982 6.742} -index 0 -intent none] 60
[02:42:14.67] /# ile::stretch -point {-6.98 6.74}
[02:42:15.14] /# gi::executeAction deEndDrag -in [gi::getWindows 60]
[02:42:15.14] /i de::endDrag {-6.711 6.754} -context [db::getNext [de::getContexts -window 60]]
[02:42:15.68] /# gi::executeAction deSelectActive -in [gi::getWindows 60]
[02:42:15.68] /i de::deselectAll [db::getNext [de::getContexts -window 60]]
[02:42:15.68] /i de::select [de::getActiveFigure [gi::getWindows 60] -point {-6.954 6.756} -index 0 -intent none]
[02:42:15.68] /o oa:0x21814010
[02:42:16.15] /# gi::executeAction leStartStretchDrag -in [gi::getWindows 60]
[02:42:16.15] /i layout_editor::directStretch [de::getActiveFigure [gi::getWindows 60] -point {-6.954 6.756} -index 0 -intent none] 60
[02:42:16.15] /# ile::stretch -point {-6.955 6.755}
[02:42:16.79] /# gi::executeAction deEndDrag -in [gi::getWindows 60]
[02:42:16.79] /i de::endDrag {-6.634 6.756} -context [db::getNext [de::getContexts -window 60]]
[02:42:17.41] /# gi::executeAction deSelectActive -in [gi::getWindows 60]
[02:42:17.41] /i de::deselectAll [db::getNext [de::getContexts -window 60]]
[02:42:17.41] /i de::select [de::getActiveFigure [gi::getWindows 60] -point {-6.892 6.698} -index 0 -intent none]
[02:42:17.41] /o oa:0x208a1ad0
[02:42:18.08] /# gi::executeAction deSelectActive -in [gi::getWindows 60]
[02:42:18.08] /i de::deselectAll [db::getNext [de::getContexts -window 60]]
[02:42:18.08] /i de::select [de::getActiveFigure [gi::getWindows 60] -point {-6.922 6.684} -index 0 -intent none]
[02:42:18.08] /o oa:0x21853480
[02:42:19.41] /# gi::executeAction leStartStretchDrag -in [gi::getWindows 60]
[02:42:19.41] /i layout_editor::directStretch [de::getActiveFigure [gi::getWindows 60] -point {-6.926 6.677} -index 0 -intent none] 60
[02:42:19.41] /# ile::stretch -point {-6.925 6.675}
[02:42:22.66] /# gi::executeAction deEndDrag -in [gi::getWindows 60]
[02:42:22.67] /i de::endDrag {-6.905 6.663} -context [db::getNext [de::getContexts -window 60]]
[02:42:23.05] /# gi::executeAction deSelectActive -in [gi::getWindows 60]
[02:42:23.05] /i de::deselectAll [db::getNext [de::getContexts -window 60]]
[02:42:23.05] /i de::select [de::getActiveFigure [gi::getWindows 60] -point {-6.704 6.742} -index 0 -intent none]
[02:42:23.06] /o oa:0x231857e0
[02:42:23.59] /# gi::executeAction leStartStretchDrag -in [gi::getWindows 60]
[02:42:23.59] /i layout_editor::directStretch [de::getActiveFigure [gi::getWindows 60] -point {-6.704 6.742} -index 0 -intent none] 60
[02:42:23.59] /# ile::stretch -point {-6.705 6.74}
[02:42:24.64] /# gi::executeAction deEndDrag -in [gi::getWindows 60]
[02:42:24.64] /i de::endDrag {-6.975 6.754} -context [db::getNext [de::getContexts -window 60]]
[02:42:25.13] /# gi::executeAction deSelectActive -in [gi::getWindows 60]
[02:42:25.13] /i de::deselectAll [db::getNext [de::getContexts -window 60]]
[02:42:25.13] /i de::select [de::getActiveFigure [gi::getWindows 60] -point {-6.755 6.761} -index 0 -intent none]
[02:42:25.13] /o oa:0x231f1720
[02:42:25.69] /# gi::executeAction leStartStretchDrag -in [gi::getWindows 60]
[02:42:25.69] /i layout_editor::directStretch [de::getActiveFigure [gi::getWindows 60] -point {-6.739 6.761} -index 0 -intent none] 60
[02:42:25.69] /# ile::stretch -point {-6.74 6.76}
[02:42:26.53] /# gi::executeAction deEndDrag -in [gi::getWindows 60]
[02:42:26.54] /i de::endDrag {-7.051 6.763} -context [db::getNext [de::getContexts -window 60]]
[02:42:27.03] /# gi::executeAction deFitView -in [gi::getWindows 60]
[02:42:27.03] /i de::fit -window 60 -fitView true
[02:42:27.03] /o {-14.463 2.195} {0.093 9.895}
