[14:25:31.05] /r giWindowId 0
[14:25:31.05] /r giWindowGeometry 600x300
[14:25:31.06] /o 
              /c                                 Custom Compiler 
              /c 
              /c               Version N-2017.12-SP1-2 for linux64 - May 16, 2018 
              /c 
              /c                     Copyright (c) 2004 - 2018 Synopsys, Inc.
              /c    This software and the associated documentation are proprietary to Synopsys,
              /c  Inc. This software may only be used in accordance with the terms and conditions
              /c  of a written license agreement with Synopsys, Inc. All other use, reproduction,
              /c             or distribution of this software is strictly prohibited.
              /c 
              /c Build  (OPT) Config 4182185 compiled on Wed May 16 15:20:56 2018 for RHEL64 6.6
              /c Invocation: /usr/synopsys/customcompiler/N-2017.12-SP1-2/linux64/platform/bin/cdesigner
              /c Execution time: Sun May 24 14:25:29 2026
              /c Host: localhost.localdomain
              /c Working directory: /home/itsupport/Desktop/lab1vlsi
              /c 
[14:25:32.99] /r giShowFrameTabs true
[14:25:32.99] /r giWindowId 1
[14:25:32.99] /r giWindowGeometry 1040x800
[14:25:35.16] /# gi::pressButton {/scroll/scrollArea/scrollAreaInnerWidget/applications/dmLibraryManager} -in [gi::getWindows 1]
[14:25:35.16] /# 
[14:25:35.16] /i dm::openLibraryManager
[14:25:35.16] /r giWindowId 2
[14:25:35.17] /r giWindowGeometry 660x600+50+78
[14:25:35.20] /o oa:0x1ea050d0
[14:25:35.21] /i gi::setCurrentIndex {libs} -index {verilogaLib} -in [gi::getWindows 2]
[14:25:35.23] /i gi::setItemSelection {libs} -index {verilogaLib} -in [gi::getWindows 2]
[14:25:35.30] /i gi::setSectionSizes {libs} -values {249} -in [gi::getWindows 2]
[14:25:36.41] /i gi::setCurrentIndex {libs} -index {project_d_ff} -in [gi::getWindows 2]
[14:25:36.42] /i gi::setItemSelection {libs} -index {project_d_ff} -in [gi::getWindows 2]
[14:25:37.49] /i gi::setCurrentIndex {cellCategories} -index {D_FF} -in [gi::getWindows 2]
[14:25:37.49] /i gi::setItemSelection {cellCategories} -index {D_FF} -in [gi::getWindows 2]
[14:25:37.87] /i gi::setCurrentIndex {cellCategories} -index {D_LATCH_SLAVE} -in [gi::getWindows 2]
[14:25:37.87] /i gi::setItemSelection {cellCategories} -index {D_LATCH_SLAVE} -in [gi::getWindows 2]
[14:25:38.41] /i gi::setCurrentIndex {cellCategories} -index {D_FF} -in [gi::getWindows 2]
[14:25:38.41] /i gi::setItemSelection {cellCategories} -index {D_FF} -in [gi::getWindows 2]
[14:25:38.71] /i gi::setCurrentIndex {cells} -index {D_FF} -in [gi::getWindows 2]
[14:25:38.71] /i gi::setItemSelection {cells} -index {D_FF} -in [gi::getWindows 2]
[14:25:39.14] /i gi::setCurrentIndex {cells} -index {D_FF_tb} -in [gi::getWindows 2]
[14:25:39.14] /i gi::setItemSelection {cells} -index {D_FF_tb} -in [gi::getWindows 2]
[14:25:39.97] /i gi::setCurrentIndex {libs} -index {new_dff} -in [gi::getWindows 2]
[14:25:39.97] /i gi::setItemSelection {libs} -index {new_dff} -in [gi::getWindows 2]
[14:25:40.51] /i gi::setCurrentIndex {cells} -index {D_latch} -in [gi::getWindows 2]
[14:25:40.51] /i gi::setItemSelection {cells} -index {D_latch} -in [gi::getWindows 2]
[14:25:47.17] /i gi::executeAction dmRefreshLibs -in [gi::getWindows 2]
[14:25:47.17] /# dm::refreshLibs; dm::refreshLibraryManager
[14:25:47.17] /# gi::setItemSelection {libs} -index {} -in [gi::getWindows 2]
[14:25:47.18] /# gi::setItemSelection {libs} -index {new_dff} -in [gi::getWindows 2]
[14:25:47.18] /# gi::setItemSelection {cellCategories} -index {} -in [gi::getWindows 2]
[14:25:47.18] /# gi::setItemSelection {cellCategories} -index {All} -in [gi::getWindows 2]
[14:25:47.18] /# gi::setItemSelection {cells} -index {D_latch} -in [gi::getWindows 2]
[14:25:49.79] /i gi::executeAction dmLibOpenParamDefEditor -in [gi::getWindows 2]
[14:25:49.79] /# db::openParamDefEditor -libName new\_dff
[14:25:49.79] /r giWindowId 3
[14:25:49.79] /r giWindowGeometry 625x400
[14:25:52.52] /i gi::executeAction dbParameterEditorSaveAs -in [gi::getWindows 3]
[14:25:52.55] /r giDialog gi::setActiveDialog [gi::getDialogs {dbParameterEditorSaveAs} -parent [gi::getWindows 3]]
[14:25:52.85] /r giDialog db::setAttr geometry -of [gi::getDialogs {dbParameterEditorSaveAs} -parent [gi::getWindows 3]] -value 592x350+663+414
[14:25:55.31] /r giDialog gi::closeWindows [gi::getDialogs {dbParameterEditorSaveAs} -parent [gi::getWindows 3]]
[14:25:56.32] /i gi::executeAction giCloseWindow -in [gi::getWindows 3]
[14:25:56.33] /i gi::setActiveWindow 2
[14:25:56.33] /i gi::setActiveWindow 2 -raise true
[14:25:57.54] /i gi::setCurrentIndex {views} -index {schematic} -in [gi::getWindows 2]
[14:25:57.54] /i gi::setItemSelection {views} -index {schematic} -in [gi::getWindows 2]
[14:25:58.72] /i gi::setField {deOpenRead} -value {true} -in [gi::getToolbars {dmLibraryManagerStandard} -from [gi::getWindows 2]]
[14:25:59.12] /i gi::setField {deOpenRead} -value {false} -in [gi::getToolbars {dmLibraryManagerStandard} -from [gi::getWindows 2]]
[14:25:59.75] /i gi::executeAction dmOpen -in [gi::getWindows 2]
[14:25:59.77] /m Information: License 'Schematic' checked out. (LICENSE-003)
[14:25:59.79] /w Warning: Preference 'leActiveLPP' is deprecated and scheduled for removal in a future release with no replacement. For migration assistance, see the Custom Compiler Tcl Reference Manual. (PREFERENCE-058)
[14:25:59.80] /o 	#######################################
[14:25:59.80] /o 	PDK Library Name	: reference90RF
[14:25:59.80] /o 	PDK Version		: 2.0
[14:25:59.80] /o 	PDK Release Date	: 25-March-2010 
[14:25:59.80] /o 	#######################################
[14:25:59.80] /o 
[14:25:59.83] /r giWindowId 4
[14:25:59.84] /r giWindowGeometry 1632x1020
[14:25:59.98] /m Information: 
[14:25:59.98] /o Checking "new_dff/D_latch/schematic"
[14:25:59.98] /o No rule violations found in "new_dff/D_latch/schematic"
[14:25:59.98] /m Information: Checking process is completed: marking the design violations
[14:25:59.98] /m Information: Marking of designs is completed
[14:26:01.42] /# gi::executeAction deSelectActive -in [gi::getWindows 4]
[14:26:01.42] /i de::deselectAll [db::getNext [de::getContexts -window 4]]
[14:26:01.43] /i de::select [de::getActiveFigure [gi::getWindows 4] -point {2.45625 3.9125} -index 0 -intent none]
[14:26:01.43] /o oa:0x1f670f70
[14:26:01.79] /# gi::executeAction seButton1DragStart -in [gi::getWindows 4]
[14:26:01.79] /i ise::stretch -point {2.4375 3.9375}
[14:26:02.72] /# gi::executeAction deEndDrag -in [gi::getWindows 4]
[14:26:02.72] /i de::endDrag {2.70625 4.0875} -context [db::getNext [de::getContexts -window 4]]
[14:26:05.61] /i de::undoTransaction -design [db::getAttr editDesign -of [de::getContexts -window 4]] -steps 1
[14:26:06.72] /i db::setAttr maximized -of [gi::getFrames 1] -value true
[14:26:07.05] /i db::setAttr dockSize -of [gi::getAssistants dePropertyEditor -from [gi::getWindows 4]] -value 290x839
[14:26:07.05] /i db::setAttr dockSize -of [gi::getAssistants giConsole -from [gi::getWindows 4]] -value 1867x89
[14:26:07.12] /i db::setAttr geometry -of [gi::getFrames 1] -value 1910x1101+5+56
[14:26:08.35] /# gi::executeAction deCanvasZoomInAtPoint -in [gi::getWindows 4]
[14:26:08.35] /i de::zoom -window [gi::getWindows 4] -factor 2.0 -center {1.28125 4.89375}
[14:26:08.35] /o {0.1125 0.7375} {8.14375 5.15625}
[14:26:09.02] /# gi::executeAction deFitEdit -in [gi::getWindows 4]
[14:26:09.02] /i de::fit -window 4 -fitEdit true
[14:26:09.02] /o {-2.73125 -0.475} {7.78125 5.3125}
[14:26:09.87] /# gi::executeAction deSelectActive -in [gi::getWindows 4]
[14:26:09.87] /i de::deselectAll [db::getNext [de::getContexts -window 4]]
[14:26:09.87] /i de::deselectAllLogic -context [db::getNext [de::getContexts -window 4]]
[14:26:22.06] /i gi::executeAction deCanvasDragCancel -in [gi::getWindows 4]
[14:26:22.41] /# gi::executeAction deSelectActive -in [gi::getWindows 4]
[14:26:22.41] /i de::deselectAll [db::getNext [de::getContexts -window 4]]
[14:26:22.41] /i de::select [de::getActiveFigure [gi::getWindows 4] -point {2.4375 1.675} -index 0 -intent none]
[14:26:22.41] /o oa:0x1febd490
[14:26:23.41] /i gi::setItemSelection {parameters} -index {w,all} -in [gi::getAssistants dePropertyEditor -from [gi::getWindows 4]]
[14:26:23.41] /i gi::setCurrentIndex {parameters} -index {w,Value} -in [gi::getAssistants dePropertyEditor -from [gi::getWindows 4]]
[14:26:24.97] /i gi::setField {parameters} -value {0.2u} -index {w,Value} -in [gi::getAssistants dePropertyEditor -from [gi::getWindows 4]]
[14:26:24.97] /i gi::executeAction dePropertyEditorApplyChanges -in [gi::getAssistants dePropertyEditor -from [gi::getWindows 4]]
[14:26:40.76] /i gi::executeAction deCanvasDragCancel -in [gi::getWindows 4]
[14:26:41.11] /# gi::executeAction deCanvasZoomInAtPoint -in [gi::getWindows 4]
[14:26:41.11] /i de::zoom -window [gi::getWindows 4] -factor 2.0 -center {4.3 1.5125}
[14:26:41.11] /o {0.78125 0.51875} {6.04375 3.4125}
[14:26:41.72] /# gi::executeAction deCanvasZoomOutAtPoint -in [gi::getWindows 4]
[14:26:41.72] /i de::zoom -window [gi::getWindows 4] -factor 0.5 -center {4.475 1.00625}
[14:26:41.72] /o {-2.90625 0.03125} {7.60625 5.81875}
[14:26:41.99] /# gi::executeAction deFitEdit -in [gi::getWindows 4]
[14:26:41.99] /i de::fit -window 4 -fitEdit true
[14:26:42.00] /o {-2.73125 -0.475} {7.78125 5.3125}
[14:27:03.66] /i gi::executeAction deCanvasDragCancel -in [gi::getWindows 4]
[14:27:04.07] /# gi::executeAction deSelectActive -in [gi::getWindows 4]
[14:27:04.07] /i de::deselectAll [db::getNext [de::getContexts -window 4]]
[14:27:04.07] /i de::select [de::getActiveFigure [gi::getWindows 4] -point {4.35625 3.95625} -index 0 -intent none]
[14:27:04.08] /o oa:0x1fa23b50
[14:27:05.04] /i gi::setItemSelection {parameters} -index {w,all} -in [gi::getAssistants dePropertyEditor -from [gi::getWindows 4]]
[14:27:05.04] /i gi::setCurrentIndex {parameters} -index {w,Value} -in [gi::getAssistants dePropertyEditor -from [gi::getWindows 4]]
[14:27:07.01] /i gi::setField {parameters} -value {0.30u} -index {w,Value} -in [gi::getAssistants dePropertyEditor -from [gi::getWindows 4]]
[14:27:07.01] /i gi::executeAction dePropertyEditorApplyChanges -in [gi::getAssistants dePropertyEditor -from [gi::getWindows 4]]
[14:27:08.52] /i gi::executeAction deSaveDesign -in [gi::getWindows 4]
[14:27:08.52] /m Information: Saving design 'new_dff D_latch schematic'. (DESIGN_WINDOW-004)
[14:27:09.79] /i gi::setActiveWindow 2
[14:27:09.79] /i gi::setActiveWindow 2 -raise true
[14:27:10.83] /i gi::setCurrentIndex {cells} -index {d_ff_tb} -in [gi::getWindows 2]
[14:27:10.84] /i gi::setItemSelection {cells} -index {d_ff_tb} -in [gi::getWindows 2]
[14:27:12.59] /i gi::setCurrentIndex {cells} -index {d_latch_tb} -in [gi::getWindows 2]
[14:27:12.59] /i gi::setItemSelection {cells} -index {d_latch_tb} -in [gi::getWindows 2]
[14:27:13.28] /i gi::setCurrentIndex {views} -index {schematic} -in [gi::getWindows 2]
[14:27:13.28] /i gi::setItemSelection {views} -index {schematic} -in [gi::getWindows 2]
[14:27:14.59] /i gi::executeAction dmOpen -in [gi::getWindows 2]
[14:27:14.63] /r giWindowId 5
[14:27:14.63] /r giWindowGeometry 1632x1020
[14:27:14.79] /m Information: 
[14:27:14.79] /o Checking "new_dff/d_latch_tb/schematic"
[14:27:14.79] /o No rule violations found in "new_dff/d_latch_tb/schematic"
[14:27:14.79] /m Information: Checking process is completed: marking the design violations
[14:27:14.79] /m Information: Marking of designs is completed
[14:27:16.04] /i gi::executeAction deSaveDesign -in [gi::getWindows 5]
[14:27:16.04] /m Information: Saving design 'new_dff d_latch_tb schematic'. (DESIGN_WINDOW-004)
[14:27:17.86] /# gi::executeAction seShowConsoleForWindow -in [gi::getWindows 5]
[14:27:17.86] /i sa::showConsole -context [db::getNext [de::getContexts -window 5]]
[14:27:19.76] /m Information: License 'SAE' checked out. (LICENSE-003)
[14:27:19.78] /r giWindowId 6
[14:27:19.79] /r giWindowGeometry 600x500
[14:27:19.87] /o oa:0x248f81a0
[14:27:19.90] /m Information: Launching Background sae_shell Server Process "cd /home/itsupport/Desktop/lab1vlsi && sae_shell -log sae_shell_session0_job1 -libDefFile /home/itsupport/Desktop/lab1vlsi/lib.defs"
[14:27:21.66] /# gi::executeAction saLoadState -in [gi::getWindows 6]
[14:27:21.66] /i sa::showLoadState -parent 6
[14:27:21.91] /o oa:0x1d4060a0
[14:27:22.01] /i gi::setActiveDialog [gi::getDialogs {saShowLoadState} -parent [gi::getWindows 6]]
[14:27:22.28] /i db::setAttr geometry -of [gi::getDialogs {saShowLoadState} -parent [gi::getWindows 6]] -value 603x720+778+424
[14:27:22.84] /i gi::pressButton {/ok} -in [gi::getDialogs {saShowLoadState} -parent [gi::getWindows 6]]
[14:27:23.76] /m Information: Received ready-for-commands signal from background job 'sae_shell_session0_job1' after 4 seconds.
[14:27:24.66] /i gi::executeAction menuPreShow -in [gi::getWindows 6]
[14:27:24.66] /r giMenuAccess db::getNext [gi::getMenus saVariablesMenu -from [gi::getWindows 6]]
[14:27:24.81] /i gi::executeAction menuPreShow -in [gi::getWindows 6]
[14:27:24.81] /r giMenuAccess db::getNext [gi::getMenus saConsoleOutputsMenu -from [gi::getWindows 6]]
[14:27:25.52] /i gi::executeAction menuPreShow -in [gi::getWindows 6]
[14:27:25.52] /r giMenuAccess db::getNext [gi::getMenus saConsoleSimMenu -from [gi::getWindows 6]]
[14:27:26.04] /# gi::executeAction saNetlistAndRun -in [gi::getWindows 6]
[14:27:26.04] /i isa::netlistAndRun -testbench [sa::findActiveTestbench -window 6] -mode overwrite
[14:27:26.09] /r giWindowId 7
[14:27:26.09] /r giWindowGeometry 800x600
[14:27:26.17] /m Information: "Starting incremental netlisting for design "new_dff/d_latch_tb/schematic"..." (NETLISTING-010)
[14:27:26.19] /m Information: 
[14:27:26.19] /o Checking "new_dff/d_latch_tb/schematic"
[14:27:26.19] /o No rule violations found in "new_dff/d_latch_tb/schematic"
[14:27:26.19] /o No Design Integrity rule violations found in "new_dff/d_latch_tb/schematic"
[14:27:26.19] /m Information: 
[14:27:26.19] /o Checking "new_dff/D_latch/schematic"
[14:27:26.19] /o No rule violations found in "new_dff/D_latch/schematic"
[14:27:26.23] /m Information: "new_dff D_latch schematic" renetlisted. (NETLISTING-056)
[14:27:26.24] /m Information: "new_dff d_latch_tb schematic" renetlisted. (NETLISTING-056)
[14:27:26.24] /m Information: "Netlisting design "new_dff/d_latch_tb/schematic" finished successfully." (NETLISTING-012)
[14:27:26.25] /m Information: "Composing simulator input file for design "new_dff/d_latch_tb/schematic"..."
[14:27:26.28] /m Information: "Simulator input file composed successfully for design "new_dff/d_latch_tb/schematic""
[14:27:26.43] /m Information: "Starting HSPICE simulation for design: new_dff/d_latch_tb/schematic"
[14:27:26.43] /# gi::collapse {jobMonitorTable} -index {0.0,0} -in [gi::getWindows 7]
[14:27:26.48] /o 1
[14:27:26.86] /m Information: "Simulation completed successfully for design: new_dff/d_latch_tb/schematic "
[14:27:27.03] /m Information: Launching Background sae_shell Server Process "cd /home/itsupport/Desktop/lab1vlsi && sae_shell -log sae_shell_session0_job2 -libDefFile /home/itsupport/Desktop/lab1vlsi/lib.defs"
[14:27:27.04] /m Information: "Evaluating and plotting outputs..."
[14:27:27.77] /m Information: Started sharing "Custom WaveView" license. (WAVEFORM-110)
[14:27:27.79] /e Error: Evaluating 'v(/Qbar)': "Could not find net named: Qbar" (HIERARCHY_COMMANDS-007)
[14:27:27.79] /m Information: Launching Waveform Viewer "cd /home/itsupport/simulation/new_dff,d_latch_tb,schematic/history_1/simulation/HSPICE_d_latch_tb/HSPICE/nominal/results &&  wv -k -cdesigner -spxkey /usr/synopsys/customcompiler/N-2017.12-SP1-2/auxx/waveform/sae.spxkey -spxrc /tmp/sae_spxrc_eRaZLN -unique_string b1dbb666daf2cede69aa7f613a217c24125e8d2b0833b894ed40d2f5efbf27a2fb0c0fc5bd6190663eb32861d3c5cb0ef65b323265a0d56f -lic_type 1    > /home/itsupport/simulation/new_dff,d_latch_tb,schematic/history_1/simulation/HSPICE_d_latch_tb/HSPICE/nominal/results/viewer.log 2>&1"
[14:27:27.79] /i gi::collapse {jobMonitorTable} -index {0.0,0} -in [gi::getWindows 7]
[14:27:27.98] /m Information: Measurement calculations completed for testbench: HSPICE_d_latch_tb in 0s
[14:27:29.20] /j ::wf::WaveView::plotSuccess WaveView_1 {} {_6d25030_void_pp _6db30c0_void_pp} 
[14:27:29.24] /j ::wf::WaveView::plotSuccess WaveView_1 {} {_6d25030_void_pp _6db3188_void_pp} 
[14:27:29.28] /j ::wf::WaveView::plotSuccess WaveView_1 {} {_6d25030_void_pp _6db3250_void_pp} 
[14:27:30.57] /m Information: Received ready-for-commands signal from background job 'sae_shell_session0_job2' after 3 seconds.
[14:27:35.26] /m Information: Waveform viewer exited normally.
[14:27:36.12] /i gi::executeAction giCloseWindow -in [gi::getWindows 7]
[14:27:36.14] /i gi::setActiveWindow 6
[14:27:36.14] /i gi::setActiveWindow 6 -raise true
[14:27:38.48] /i gi::setCurrentIndex {variablesTable} -index {2,1} -in [gi::getWindows 6]
[14:27:38.48] /i gi::setItemSelection {variablesTable} -index {2,1} -in [gi::getWindows 6]
[14:27:39.88] /i gi::setField {variablesTable} -index {2,1} -value {200p} -in [gi::getWindows 6]
[14:27:39.88] /i gi::setField {variablesTable} -index {2,1} -value {200p} -in [gi::getWindows 6]
[14:27:41.02] /i gi::executeAction menuPreShow -in [gi::getWindows 6]
[14:27:41.02] /r giMenuAccess db::getNext [gi::getMenus saConsoleSimMenu -from [gi::getWindows 6]]
[14:27:41.49] /# gi::executeAction saNetlistAndRun -in [gi::getWindows 6]
[14:27:41.49] /i isa::netlistAndRun -testbench [sa::findActiveTestbench -window 6] -mode overwrite
[14:27:41.50] /r giWindowId 8
[14:27:41.51] /r giWindowGeometry 800x600
[14:27:41.55] /m Information: "Starting incremental netlisting for design "new_dff/d_latch_tb/schematic"..." (NETLISTING-010)
[14:27:41.57] /m Information: 
[14:27:41.57] /o Checking "new_dff/d_latch_tb/schematic"
[14:27:41.57] /o No rule violations found in "new_dff/d_latch_tb/schematic"
[14:27:41.57] /o No Design Integrity rule violations found in "new_dff/d_latch_tb/schematic"
[14:27:41.57] /m Information: 
[14:27:41.57] /o Checking "new_dff/D_latch/schematic"
[14:27:41.57] /o No rule violations found in "new_dff/D_latch/schematic"
[14:27:41.58] /m Information: "Netlisting design "new_dff/d_latch_tb/schematic" finished successfully." (NETLISTING-012)
[14:27:41.59] /m Information: "Composing simulator input file for design "new_dff/d_latch_tb/schematic"..."
[14:27:41.61] /m Information: "Simulator input file composed successfully for design "new_dff/d_latch_tb/schematic""
[14:27:41.85] /m Information: "Starting HSPICE simulation for design: new_dff/d_latch_tb/schematic"
[14:27:41.86] /# gi::collapse {jobMonitorTable} -index {0.0.1.0,0} -in [gi::getWindows 8]
[14:27:41.87] /o 1
[14:27:42.37] /m Information: "Simulation completed successfully for design: new_dff/d_latch_tb/schematic "
[14:27:42.59] /m Information: "Evaluating and plotting outputs..."
[14:27:42.60] /e Error: Evaluating 'v(/Qbar)': "Could not find net named: Qbar" (HIERARCHY_COMMANDS-007)
[14:27:42.60] /m Information: Launching Waveform Viewer "cd /home/itsupport/simulation/new_dff,d_latch_tb,schematic/history_1/simulation/HSPICE_d_latch_tb/HSPICE/nominal/results &&  wv -k -cdesigner -spxkey /usr/synopsys/customcompiler/N-2017.12-SP1-2/auxx/waveform/sae.spxkey -spxrc /tmp/sae_spxrc_gnE6EI -unique_string b1dbb666daf2cede69aa7f613a217c24125e8d2b0833b894ed40d2f5efbf27a2fb0c0fc5bd619066af8e96966e1d4422c0ad88cc94a10231 -lic_type 1    > /home/itsupport/simulation/new_dff,d_latch_tb,schematic/history_1/simulation/HSPICE_d_latch_tb/HSPICE/nominal/results/viewer.log 2>&1"
[14:27:42.60] /i gi::collapse {jobMonitorTable} -index {0.0,0} -in [gi::getWindows 8]
[14:27:42.88] /m Information: Measurement calculations completed for testbench: HSPICE_d_latch_tb in 0s
[14:27:43.34] /j ::wf::WaveView::plotSuccess WaveView_2 {} {_6104d80_void_pp _6152b80_void_pp} 
[14:27:43.38] /j ::wf::WaveView::plotSuccess WaveView_2 {} {_6104d80_void_pp _6152c48_void_pp} 
[14:27:43.40] /j ::wf::WaveView::plotSuccess WaveView_2 {} {_6104d80_void_pp _6152d10_void_pp} 
[14:27:50.92] /i gi::setActiveWindow 6
[14:27:50.92] /i gi::setActiveWindow 6 -raise true
[14:27:52.96] /i gi::setField {variablesTable} -index {2,1} -value {100p} -in [gi::getWindows 6]
[14:27:52.96] /i gi::setField {variablesTable} -index {2,1} -value {100p} -in [gi::getWindows 6]
[14:27:53.81] /i gi::executeAction menuPreShow -in [gi::getWindows 6]
[14:27:53.81] /r giMenuAccess db::getNext [gi::getMenus saConsoleSimMenu -from [gi::getWindows 6]]
[14:27:54.23] /# gi::executeAction saNetlistAndRun -in [gi::getWindows 6]
[14:27:54.23] /i isa::netlistAndRun -testbench [sa::findActiveTestbench -window 6] -mode overwrite
[14:27:54.29] /m Information: "Starting incremental netlisting for design "new_dff/d_latch_tb/schematic"..." (NETLISTING-010)
[14:27:54.31] /m Information: 
[14:27:54.31] /o Checking "new_dff/d_latch_tb/schematic"
[14:27:54.31] /o No rule violations found in "new_dff/d_latch_tb/schematic"
[14:27:54.31] /o No Design Integrity rule violations found in "new_dff/d_latch_tb/schematic"
[14:27:54.31] /m Information: 
[14:27:54.31] /o Checking "new_dff/D_latch/schematic"
[14:27:54.31] /o No rule violations found in "new_dff/D_latch/schematic"
[14:27:54.33] /m Information: "Netlisting design "new_dff/d_latch_tb/schematic" finished successfully." (NETLISTING-012)
[14:27:54.33] /m Information: "Composing simulator input file for design "new_dff/d_latch_tb/schematic"..."
[14:27:54.35] /m Information: "Simulator input file composed successfully for design "new_dff/d_latch_tb/schematic""
[14:27:54.63] /m Information: "Starting HSPICE simulation for design: new_dff/d_latch_tb/schematic"
[14:27:54.63] /# gi::collapse {jobMonitorTable} -index {0.0.1.0,0} -in [gi::getWindows 8]
[14:27:54.67] /o 1
[14:27:55.17] /m Information: "Simulation completed successfully for design: new_dff/d_latch_tb/schematic "
[14:27:55.37] /m Information: "Evaluating and plotting outputs..."
[14:27:55.38] /e Error: Evaluating 'v(/Qbar)': "Could not find net named: Qbar" (HIERARCHY_COMMANDS-007)
[14:27:55.45] /j ::wf::WaveView::plotSuccess WaveView_2 {} {_615e160_void_pp _6152dd8_void_pp} 
[14:27:55.51] /j ::wf::WaveView::plotSuccess WaveView_2 {} {_615e160_void_pp _6152b80_void_pp} 
[14:27:55.53] /j ::wf::WaveView::plotSuccess WaveView_2 {} {_615e160_void_pp _6152c48_void_pp} 
[14:27:55.66] /m Information: Measurement calculations completed for testbench: HSPICE_d_latch_tb in 0s
[14:28:03.17] /i gi::setActiveWindow 4
[14:28:03.18] /i gi::setActiveWindow 4 -raise true
[14:28:05.39] /i gi::executeAction giCloseWindow -in [gi::getWindows 4]
[14:28:05.40] /i gi::setActiveWindow 8
[14:28:05.40] /i gi::setActiveWindow 8 -raise true
[14:28:06.23] /i gi::executeAction giCloseWindow -in [gi::getWindows 8]
[14:28:06.23] /i gi::setActiveWindow 6
[14:28:06.23] /i gi::setActiveWindow 6 -raise true
[14:28:08.35] /i gi::setActiveWindow 5
[14:28:08.35] /i gi::setActiveWindow 5 -raise true
[14:28:09.24] /i gi::executeAction giCloseWindow -in [gi::getWindows 6]
[14:28:09.27] /i gi::setActiveWindow 6
[14:28:09.27] /i gi::setActiveWindow 6 -raise true
[14:28:09.39] /r giDialog gi::setActiveDialog [gi::getDialogs {giPrompt} -parent [gi::getWindows 6]]
[14:28:09.66] /r giDialog db::setAttr geometry -of [gi::getDialogs {giPrompt} -parent [gi::getWindows 6]] -value 292x82+814+573
[14:28:10.49] /r giDialog gi::pressButton {save} -in [gi::getDialogs {giPrompt} -parent [gi::getWindows 6]]
[14:28:10.67] /r giDialog gi::setActiveDialog [gi::getDialogs {saShowSaveState} -parent [gi::getWindows 6]]
[14:28:10.95] /r giDialog db::setAttr geometry -of [gi::getDialogs {saShowSaveState} -parent [gi::getWindows 6]] -value 501x558+710+335
[14:28:11.96] /r giDialog gi::pressButton {/apply} -in [gi::getDialogs {saShowSaveState} -parent [gi::getWindows 6]]
[14:28:12.39] /r giDialog gi::pressButton {/ok} -in [gi::getDialogs {saShowSaveState} -parent [gi::getWindows 6]]
[14:28:12.42] /i gi::setActiveWindow 5
[14:28:12.42] /i gi::setActiveWindow 5 -raise true
[14:28:14.81] /i gi::executeAction giCloseWindow -in [gi::getWindows 5]
[14:28:14.83] /i gi::setActiveWindow 2
[14:28:14.83] /i gi::setActiveWindow 2 -raise true
[14:28:16.63] /i gi::setCurrentIndex {cells} -index {d_ff_tb} -in [gi::getWindows 2]
[14:28:16.63] /i gi::setItemSelection {cells} -index {d_ff_tb} -in [gi::getWindows 2]
[14:28:17.73] /i gi::setCurrentIndex {views} -index {schematic} -in [gi::getWindows 2]
[14:28:17.73] /i gi::setItemSelection {views} -index {schematic} -in [gi::getWindows 2]
[14:28:17.87] /i gi::executeAction dmOpen -in [gi::getWindows 2]
[14:28:17.89] /r giWindowId 9
[14:28:17.89] /r giWindowGeometry 1632x1020
[14:28:18.04] /m Information: 
[14:28:18.04] /o Checking "new_dff/d_ff_tb/schematic"
[14:28:18.04] /o No rule violations found in "new_dff/d_ff_tb/schematic"
[14:28:18.04] /m Information: Checking process is completed: marking the design violations
[14:28:18.04] /m Information: Marking of designs is completed
[14:28:18.98] /# gi::executeAction deSelectActive -in [gi::getWindows 9]
[14:28:18.98] /i de::deselectAll [db::getNext [de::getContexts -window 9]]
[14:28:18.98] /i de::select [de::getActiveFigure [gi::getWindows 9] -point {2.11875 2.7375} -index 0 -intent none]
[14:28:18.98] /o oa:0x1f632e00
[14:28:19.54] /# gi::executeAction seButton1DragStart -in [gi::getWindows 9]
[14:28:19.54] /i ise::stretch -point {2.125 2.75}
[14:28:20.41] /# gi::executeAction deEndDrag -in [gi::getWindows 9]
[14:28:20.41] /i de::endDrag {2.2375 2.7375} -context [db::getNext [de::getContexts -window 9]]
[14:28:21.56] /# gi::executeAction seSchCheckAndSave -in [gi::getWindows 9]
[14:28:21.56] /i ise::check
[14:28:21.57] /m Information: 
[14:28:21.57] /o Checking "new_dff/d_ff_tb/schematic"
[14:28:21.57] /o 	[warning] Floating Nets
[14:28:21.57] /o 		Net 'net5' does not connect to a schematic or instance pin (2 times)
[14:28:21.57] /o 0 Error(s),2 Warning(s),0 Message(s) found   in "new_dff/d_ff_tb/schematic"
[14:28:21.57] /m Information: Checking process is completed: marking the design violations
[14:28:21.59] /m Information: Marking of designs is completed
[14:28:21.59] /o true
[14:28:21.91] /i gi::executeAction deSaveDesign -in [gi::getWindows 9]
[14:28:21.91] /m Information: Saving design 'new_dff d_ff_tb schematic'. (DESIGN_WINDOW-004)
[14:28:23.24] /# gi::executeAction deSelectActive -in [gi::getWindows 9]
[14:28:23.24] /i de::cycleActiveFigure [gi::getWindows 9] -direction next
[14:28:23.24] /o oa:0x24e96df0
[14:28:24.25] /i gi::executeAction deCanvasDragSelect -in [gi::getWindows 9]
[14:28:24.25] /r deCanvasDragStart 2.425 1.16875
[14:28:24.48] /# gi::executeAction deCanvasDragEnd -in [gi::getWindows 9]
[14:28:24.48] /i gi::executeAction deCanvasDragEnd -in [gi::getWindows 9]
[14:28:24.48] /r deCanvasDragEnd 3.15 0.6
[14:28:25.19] /# gi::executeAction seDelete -in [gi::getWindows 9]
[14:28:25.19] /i ise::delete
[14:28:25.42] /i gi::executeAction deCanvasDragCancel -in [gi::getWindows 9]
[14:28:26.74] /i gi::executeAction deSaveDesign -in [gi::getWindows 9]
[14:28:26.74] /m Information: Saving design 'new_dff d_ff_tb schematic'. (DESIGN_WINDOW-004)
[14:28:31.80] /i gi::executeAction giCloseWindow -in [gi::getWindows 9]
[14:28:31.81] /i gi::setActiveWindow 2
[14:28:31.81] /i gi::setActiveWindow 2 -raise true
[14:28:32.73] /i gi::setCurrentIndex {cells} -index {d_latch_tb} -in [gi::getWindows 2]
[14:28:32.73] /i gi::setItemSelection {cells} -index {d_latch_tb} -in [gi::getWindows 2]
[14:28:33.94] /i gi::setCurrentIndex {cells} -index {d_ff_tb} -in [gi::getWindows 2]
[14:28:33.94] /i gi::setItemSelection {cells} -index {d_ff_tb} -in [gi::getWindows 2]
[14:28:35.15] /i gi::setCurrentIndex {views} -index {schematic} -in [gi::getWindows 2]
[14:28:35.15] /i gi::setItemSelection {views} -index {schematic} -in [gi::getWindows 2]
[14:28:35.73] /i gi::executeAction dmOpen -in [gi::getWindows 2]
[14:28:35.75] /r giWindowId 10
[14:28:35.75] /r giWindowGeometry 1632x1020
[14:28:35.90] /m Information: 
[14:28:35.90] /o Checking "new_dff/d_ff_tb/schematic"
[14:28:35.90] /o No rule violations found in "new_dff/d_ff_tb/schematic"
[14:28:35.90] /m Information: Checking process is completed: marking the design violations
[14:28:35.90] /m Information: Marking of designs is completed
[14:28:38.83] /# gi::executeAction seShowConsoleForWindow -in [gi::getWindows 10]
[14:28:38.83] /i sa::showConsole -context [db::getNext [de::getContexts -window 10]]
[14:28:38.85] /r giWindowId 11
[14:28:38.85] /r giWindowGeometry 600x500
[14:28:38.92] /o oa:0x1ea64e40
[14:28:38.94] /m Information: Launching Background sae_shell Server Process "cd /home/itsupport/Desktop/lab1vlsi && sae_shell -log sae_shell_session3_job1 -libDefFile /home/itsupport/Desktop/lab1vlsi/lib.defs"
[14:28:40.36] /# gi::executeAction saLoadState -in [gi::getWindows 11]
[14:28:40.36] /i sa::showLoadState -parent 11
[14:28:40.45] /o oa:0x205d6970
[14:28:40.52] /i gi::setActiveDialog [gi::getDialogs {saShowLoadState} -parent [gi::getWindows 11]]
[14:28:40.82] /i db::setAttr geometry -of [gi::getDialogs {saShowLoadState} -parent [gi::getWindows 11]] -value 603x720+778+424
[14:28:41.26] /m Information: Received ready-for-commands signal from background job 'sae_shell_session3_job1' after 3 seconds.
[14:28:43.17] /i gi::setField {/simulators} -value {HSPICE} -in [gi::getDialogs {saShowLoadState} -parent [gi::getWindows 11]]
[14:28:46.06] /i gi::pressButton {/ok} -in [gi::getDialogs {saShowLoadState} -parent [gi::getWindows 11]]
[14:28:46.06] /e Error: The requested action could not be completed because one or more inputs are incomplete or invalid. (CUSTOM_WIDGETS-001)
[14:28:47.39] /i gi::setField {/cells} -value {d_ff_tb} -in [gi::getDialogs {saShowLoadState} -parent [gi::getWindows 11]]
[14:28:48.29] /i gi::setField {/cells} -value {d_latch_tb} -in [gi::getDialogs {saShowLoadState} -parent [gi::getWindows 11]]
[14:28:49.78] /i gi::setField {/simulators} -value {HSPICE} -in [gi::getDialogs {saShowLoadState} -parent [gi::getWindows 11]]
[14:28:50.07] /i db::setAttr geometry -of [gi::getDialogs {saShowLoadState} -parent [gi::getWindows 11]] -value 603x720+778+424
[14:28:53.79] /i gi::pressButton {/ok} -in [gi::getDialogs {saShowLoadState} -parent [gi::getWindows 11]]
[14:28:55.04] /# gi::executeAction saSaveState -in [gi::getWindows 11]
[14:28:55.04] /i sa::showSaveState -parent 11
[14:28:55.11] /o oa:0x201b5eb0
[14:28:55.18] /i gi::setActiveDialog [gi::getDialogs {saShowSaveState} -parent [gi::getWindows 11]]
[14:28:55.45] /i db::setAttr geometry -of [gi::getDialogs {saShowSaveState} -parent [gi::getWindows 11]] -value 462x528+778+488
[14:29:01.97] /i gi::pressButton {/ok} -in [gi::getDialogs {saShowSaveState} -parent [gi::getWindows 11]]
[14:29:03.18] /i gi::setActiveWindow 10
[14:29:03.18] /i gi::setActiveWindow 10 -raise true
[14:29:03.72] /i gi::setActiveWindow 11
[14:29:03.72] /i gi::setActiveWindow 11 -raise true
[14:29:04.55] /i gi::executeAction menuPreShow -in [gi::getWindows 11]
[14:29:04.55] /r giMenuAccess db::getNext [gi::getMenus saConsoleSimMenu -from [gi::getWindows 11]]
[14:29:04.70] /i gi::executeAction menuPreShow -in [gi::getWindows 11]
[14:29:04.70] /r giMenuAccess db::getNext [gi::getMenus saConsoleOutputsMenu -from [gi::getWindows 11]]
[14:29:05.46] /# gi::executeAction saSelectInDesign -in [gi::getWindows 11]
[14:29:05.46] /i sa::selectOutputs -window 11
[14:29:07.28] /# gi::executeAction deAddPoint -in [gi::getWindows 10]
[14:29:07.28] /i de::addPoint {3.29375 2.85625} -context [db::getNext [de::getContexts -window 10]]
[14:29:08.54] /i gi::setActiveWindow 11
[14:29:08.54] /i gi::setActiveWindow 11 -raise true
[14:29:09.24] /i gi::setCurrentIndex {outputsTable} -index {0,1} -in [gi::getWindows 11]
[14:29:09.24] /i gi::setItemSelection {outputsTable} -index {0,1} -in [gi::getWindows 11]
[14:29:09.24] /i gi::setItemSelection {outputsTable} -index {0,1} -in [gi::getWindows 11]
[14:29:10.41] /i gi::setField {outputsTable} -index {0,1} -value {v(/D)} -in [gi::getWindows 11]
[14:29:10.41] /i gi::setCurrentIndex {outputsTable} -index {3,1} -in [gi::getWindows 11]
[14:29:10.41] /i gi::setItemSelection {outputsTable} -index {3,1} -in [gi::getWindows 11]
[14:29:10.41] /i gi::setItemSelection {outputsTable} -index {3,1} -in [gi::getWindows 11]
[14:29:11.43] /i gi::setField {outputsTable} -index {3,1} -value {} -in [gi::getWindows 11]
[14:29:11.43] /i gi::setCurrentIndex {outputsTable} -index {2,1} -in [gi::getWindows 11]
[14:29:11.43] /i gi::setItemSelection {outputsTable} -index {} -in [gi::getWindows 11]
[14:29:11.43] /i gi::setItemSelection {outputsTable} -index {} -in [gi::getWindows 11]
[14:29:14.54] /# gi::executeAction saSaveState -in [gi::getWindows 11]
[14:29:14.54] /i sa::showSaveState -parent 11
[14:29:14.61] /o oa:0x206b6940
[14:29:14.66] /i gi::setActiveDialog [gi::getDialogs {saShowSaveState} -parent [gi::getWindows 11]]
[14:29:14.95] /i db::setAttr geometry -of [gi::getDialogs {saShowSaveState} -parent [gi::getWindows 11]] -value 501x558+778+451
[14:29:20.37] /i db::setAttr geometry -of [gi::getDialogs {saShowSaveState} -parent [gi::getWindows 11]] -value 501x528+778+451
[14:29:21.12] /i gi::setField {/name} -value {HSPICE_ff_tb} -in [gi::getDialogs {saShowSaveState} -parent [gi::getWindows 11]]
[14:29:21.22] /i gi::pressButton {/options/path/browseButton} -in [gi::getDialogs {saShowSaveState} -parent [gi::getWindows 11]]
[14:29:31.81] /r giFileDialog reject ../../.synopsys_custom/sae_states/project_d_ff/D_FF_tb/HSPICE
[14:29:32.82] /i gi::pressButton {/ok} -in [gi::getDialogs {saShowSaveState} -parent [gi::getWindows 11]]
[14:29:34.60] /i gi::executeAction menuPreShow -in [gi::getWindows 11]
[14:29:34.60] /r giMenuAccess db::getNext [gi::getMenus saConsoleSimMenu -from [gi::getWindows 11]]
[14:29:35.23] /# gi::executeAction saNetlistAndRun -in [gi::getWindows 11]
[14:29:35.23] /i isa::netlistAndRun -testbench [sa::findActiveTestbench -window 11] -mode overwrite
[14:29:35.24] /r giWindowId 12
[14:29:35.25] /r giWindowGeometry 800x600
[14:29:35.31] /m Information: "Starting incremental netlisting for design "new_dff/d_ff_tb/schematic"..." (NETLISTING-010)
[14:29:35.32] /m Information: 
[14:29:35.32] /o Checking "new_dff/d_ff_tb/schematic"
[14:29:35.32] /o No rule violations found in "new_dff/d_ff_tb/schematic"
[14:29:35.32] /o No Design Integrity rule violations found in "new_dff/d_ff_tb/schematic"
[14:29:35.33] /w Warning: Conflicting definitions for ConstraintDef contactRes were read. These constraints will not be available.
[14:29:35.33] /w Warning: Conflicting definitions for ConstraintDef areaCap were read. These constraints will not be available.
[14:29:35.33] /w Warning: Conflicting definitions for ConstraintDef edgeCapacitance were read. These constraints will not be available.
[14:29:35.33] /w Warning: Conflicting definitions for ConstraintDef sheetRes were read. These constraints will not be available.
[14:29:35.33] /m Information: 
[14:29:35.33] /o Checking "new_dff/d_ff/schematic"
[14:29:35.34] /o No rule violations found in "new_dff/d_ff/schematic"
[14:29:35.34] /m Information: 
[14:29:35.34] /o Checking "project_d_ff/CLOCK_inv/schematic"
[14:29:35.34] /o No rule violations found in "project_d_ff/CLOCK_inv/schematic"
[14:29:35.35] /m Information: 
[14:29:35.35] /o Checking "new_dff/D_latch/schematic"
[14:29:35.35] /o No rule violations found in "new_dff/D_latch/schematic"
[14:29:35.37] /m Information: "new_dff D_latch schematic" renetlisted. (NETLISTING-056)
[14:29:35.38] /m Information: "new_dff d_ff schematic" renetlisted. (NETLISTING-056)
[14:29:35.39] /m Information: "new_dff d_ff_tb schematic" renetlisted. (NETLISTING-056)
[14:29:35.39] /m Information: "Netlisting design "new_dff/d_ff_tb/schematic" finished successfully." (NETLISTING-012)
[14:29:35.40] /m Information: "Composing simulator input file for design "new_dff/d_ff_tb/schematic"..."
[14:29:35.42] /m Information: "Simulator input file composed successfully for design "new_dff/d_ff_tb/schematic""
[14:29:35.61] /m Information: "Starting HSPICE simulation for design: new_dff/d_ff_tb/schematic"
[14:29:35.62] /# gi::collapse {jobMonitorTable} -index {0.0,0} -in [gi::getWindows 12]
[14:29:35.63] /o 1
[14:29:36.37] /m Information: "Simulation completed successfully for design: new_dff/d_ff_tb/schematic "
[14:29:36.57] /m Information: Launching Background sae_shell Server Process "cd /home/itsupport/Desktop/lab1vlsi && sae_shell -log sae_shell_session3_job2 -libDefFile /home/itsupport/Desktop/lab1vlsi/lib.defs"
[14:29:36.57] /m Information: "Evaluating and plotting outputs..."
[14:29:36.65] /j ::wf::WaveView::plotSuccess WaveView_2 {} {_61be220_void_pp _6152d10_void_pp} 
[14:29:36.67] /j ::wf::WaveView::plotSuccess WaveView_2 {} {_61be220_void_pp _6152dd8_void_pp} 
[14:29:36.72] /j ::wf::WaveView::plotSuccess WaveView_2 {} {_61be220_void_pp _6152b80_void_pp} 
[14:29:36.78] /j ::wf::WaveView::plotSuccess WaveView_2 {} {_61be220_void_pp _6152c48_void_pp} 
[14:29:36.97] /m Information: Measurement calculations completed for testbench: HSPICE_d_latch_tb in 0s
[14:29:38.86] /m Information: Received ready-for-commands signal from background job 'sae_shell_session3_job2' after 2 seconds.
[14:29:41.00] /i gi::setActiveWindow 11
[14:29:41.00] /i gi::setActiveWindow 11 -raise true
[14:29:45.76] /i gi::setActiveWindow 10
[14:29:45.76] /i gi::setActiveWindow 10 -raise true
[14:29:50.11] /# gi::executeAction deSelectActive -in [gi::getWindows 10]
[14:29:50.11] /i de::deselectAll [db::getNext [de::getContexts -window 10]]
[14:29:50.11] /i de::select [de::getActiveFigure [gi::getWindows 10] -point {0.8875 2.39375} -index 0 -intent none]
[14:29:50.11] /o oa:0x1f959240
[14:29:52.03] /i gi::setActiveWindow 11
[14:29:52.03] /i gi::setActiveWindow 11 -raise true
[14:29:52.86] /i gi::setActiveWindow 10
[14:29:52.86] /i gi::setActiveWindow 10 -raise true
[14:29:54.41] /i gi::setItemSelection {parameters} -index {tr,all} -in [gi::getAssistants dePropertyEditor -from [gi::getWindows 10]]
[14:29:54.42] /i gi::setCurrentIndex {parameters} -index {tr,Value} -in [gi::getAssistants dePropertyEditor -from [gi::getWindows 10]]
[14:29:56.01] /i gi::setField {parameters} -value {t} -index {tr,Value} -in [gi::getAssistants dePropertyEditor -from [gi::getWindows 10]]
[14:29:56.01] /i gi::executeAction dePropertyEditorApplyChanges -in [gi::getAssistants dePropertyEditor -from [gi::getWindows 10]]
[14:29:56.91] /i gi::setItemSelection {parameters} -index {tf,all} -in [gi::getAssistants dePropertyEditor -from [gi::getWindows 10]]
[14:29:56.91] /i gi::setCurrentIndex {parameters} -index {tf,Value} -in [gi::getAssistants dePropertyEditor -from [gi::getWindows 10]]
[14:29:57.98] /i gi::setField {parameters} -value {t} -index {tf,Value} -in [gi::getAssistants dePropertyEditor -from [gi::getWindows 10]]
[14:29:57.98] /i gi::executeAction dePropertyEditorApplyChanges -in [gi::getAssistants dePropertyEditor -from [gi::getWindows 10]]
[14:29:59.21] /# gi::executeAction deSelectActive -in [gi::getWindows 10]
[14:29:59.21] /i de::deselectAll [db::getNext [de::getContexts -window 10]]
[14:29:59.21] /i de::select [de::getActiveFigure [gi::getWindows 10] -point {1.26875 1.73125} -index 0 -intent none]
[14:29:59.21] /o oa:0x2585b2d0
[14:30:00.48] /i gi::setItemSelection {parameters} -index {tr,all} -in [gi::getAssistants dePropertyEditor -from [gi::getWindows 10]]
[14:30:00.48] /i gi::setCurrentIndex {parameters} -index {tr,Value} -in [gi::getAssistants dePropertyEditor -from [gi::getWindows 10]]
[14:30:01.52] /i gi::setField {parameters} -value {t} -index {tr,Value} -in [gi::getAssistants dePropertyEditor -from [gi::getWindows 10]]
[14:30:01.52] /i gi::executeAction dePropertyEditorApplyChanges -in [gi::getAssistants dePropertyEditor -from [gi::getWindows 10]]
[14:30:02.28] /i gi::setItemSelection {parameters} -index {tf,all} -in [gi::getAssistants dePropertyEditor -from [gi::getWindows 10]]
[14:30:02.28] /i gi::setCurrentIndex {parameters} -index {tf,Value} -in [gi::getAssistants dePropertyEditor -from [gi::getWindows 10]]
[14:30:03.37] /i gi::setField {parameters} -value {t} -index {tf,Value} -in [gi::getAssistants dePropertyEditor -from [gi::getWindows 10]]
[14:30:03.37] /i gi::executeAction dePropertyEditorApplyChanges -in [gi::getAssistants dePropertyEditor -from [gi::getWindows 10]]
[14:30:04.70] /# gi::executeAction deSelectActive -in [gi::getWindows 10]
[14:30:04.70] /i de::deselectAll [db::getNext [de::getContexts -window 10]]
[14:30:04.70] /i de::select [de::getActiveFigure [gi::getWindows 10] -point {0.95 2.2875} -index 0 -intent none]
[14:30:04.70] /o oa:0x205e4f50
[14:30:05.80] /i gi::setItemSelection {parameters} -index {td,all} -in [gi::getAssistants dePropertyEditor -from [gi::getWindows 10]]
[14:30:05.80] /i gi::setCurrentIndex {parameters} -index {td,Value} -in [gi::getAssistants dePropertyEditor -from [gi::getWindows 10]]
[14:30:08.27] /i gi::setField {parameters} -value {0.3*tper} -index {td,Value} -in [gi::getAssistants dePropertyEditor -from [gi::getWindows 10]]
[14:30:08.27] /i gi::executeAction dePropertyEditorApplyChanges -in [gi::getAssistants dePropertyEditor -from [gi::getWindows 10]]
[14:30:09.59] /i gi::setActiveWindow 11
[14:30:09.59] /i gi::setActiveWindow 11 -raise true
[14:30:11.32] /i gi::executeAction menuPreShow -in [gi::getWindows 11]
[14:30:11.32] /r giMenuAccess db::getNext [gi::getMenus saConsoleOutputsMenu -from [gi::getWindows 11]]
[14:30:11.58] /i gi::executeAction menuPreShow -in [gi::getWindows 11]
[14:30:11.58] /r giMenuAccess db::getNext [gi::getMenus saConsoleSimMenu -from [gi::getWindows 11]]
[14:30:12.23] /# gi::executeAction saNetlistAndRun -in [gi::getWindows 11]
[14:30:12.24] /i isa::netlistAndRun -testbench [sa::findActiveTestbench -window 11] -mode overwrite
[14:30:12.30] /r giDialog gi::setActiveDialog [gi::getDialogs {xtShowDesignsPrompt}]
[14:30:12.30] /r giDialog gi::setCurrentIndex {target} -index {0,0} -in [gi::getDialogs {xtShowDesignsPrompt}]
[14:30:12.56] /r giDialog db::setAttr geometry -of [gi::getDialogs {xtShowDesignsPrompt}] -value 649x290+626+410
[14:30:13.77] /r giDialog gi::pressButton {ok} -in [gi::getDialogs {xtShowDesignsPrompt}]
[14:30:13.79] /m Information: 
[14:30:13.79] /o Checking "new_dff/d_ff_tb/schematic"
[14:30:13.79] /o No rule violations found in "new_dff/d_ff_tb/schematic"
[14:30:13.79] /o No Design Integrity rule violations found in "new_dff/d_ff_tb/schematic"
[14:30:13.79] /m Information: Checking process is completed: marking the design violations
[14:30:13.79] /m Information: Marking of designs is completed
[14:30:13.86] /m Information: "Starting incremental netlisting for design "new_dff/d_ff_tb/schematic"..." (NETLISTING-010)
[14:30:13.87] /o No Design Integrity rule violations found in "new_dff/d_ff_tb/schematic"
[14:30:13.92] /m Information: 
[14:30:13.92] /o Checking "new_dff/d_ff/schematic"
[14:30:13.92] /o No rule violations found in "new_dff/d_ff/schematic"
[14:30:13.92] /m Information: 
[14:30:13.92] /o Checking "project_d_ff/CLOCK_inv/schematic"
[14:30:13.92] /o No rule violations found in "project_d_ff/CLOCK_inv/schematic"
[14:30:13.92] /m Information: 
[14:30:13.92] /o Checking "new_dff/D_latch/schematic"
[14:30:13.92] /o No rule violations found in "new_dff/D_latch/schematic"
[14:30:13.94] /m Information: "new_dff d_ff_tb schematic" renetlisted. (NETLISTING-056)
[14:30:13.95] /m Information: "Netlisting design "new_dff/d_ff_tb/schematic" finished successfully." (NETLISTING-012)
[14:30:13.96] /m Information: "Composing simulator input file for design "new_dff/d_ff_tb/schematic"..."
[14:30:13.98] /m Information: "Simulator input file composed successfully for design "new_dff/d_ff_tb/schematic""
[14:30:14.16] /m Information: "Starting HSPICE simulation for design: new_dff/d_ff_tb/schematic"
[14:30:14.16] /# gi::collapse {jobMonitorTable} -index {0.0.0.0,0} -in [gi::getWindows 12]
[14:30:14.19] /o 1
[14:30:14.97] /m Information: "Simulation completed successfully for design: new_dff/d_ff_tb/schematic "
[14:30:15.17] /m Information: "Evaluating and plotting outputs..."
[14:30:15.25] /j ::wf::WaveView::plotSuccess WaveView_2 {} {_620a180_void_pp _6152ea0_void_pp} 
[14:30:15.30] /j ::wf::WaveView::plotSuccess WaveView_2 {} {_620a180_void_pp _6152d10_void_pp} 
[14:30:15.35] /j ::wf::WaveView::plotSuccess WaveView_2 {} {_620a180_void_pp _6152dd8_void_pp} 
[14:30:15.38] /j ::wf::WaveView::plotSuccess WaveView_2 {} {_620a180_void_pp _6152b80_void_pp} 
[14:30:15.56] /m Information: Measurement calculations completed for testbench: HSPICE_d_latch_tb in 0s
[14:30:44.87] /i gi::setActiveWindow 11
[14:30:44.87] /i gi::setActiveWindow 11 -raise true
[14:30:45.65] /i gi::setCurrentIndex {variablesTable} -index {2,1} -in [gi::getWindows 11]
[14:30:45.65] /i gi::setItemSelection {variablesTable} -index {2,1} -in [gi::getWindows 11]
[14:30:46.94] /i gi::setField {variablesTable} -index {2,1} -value {1n} -in [gi::getWindows 11]
[14:30:46.94] /i gi::setField {variablesTable} -index {2,1} -value {1n} -in [gi::getWindows 11]
[14:30:48.04] /i gi::executeAction menuPreShow -in [gi::getWindows 11]
[14:30:48.04] /r giMenuAccess db::getNext [gi::getMenus saConsoleSimMenu -from [gi::getWindows 11]]
[14:30:48.41] /# gi::executeAction saNetlistAndRun -in [gi::getWindows 11]
[14:30:48.41] /i isa::netlistAndRun -testbench [sa::findActiveTestbench -window 11] -mode overwrite
[14:30:48.49] /m Information: "Starting incremental netlisting for design "new_dff/d_ff_tb/schematic"..." (NETLISTING-010)
[14:30:48.50] /o No Design Integrity rule violations found in "new_dff/d_ff_tb/schematic"
[14:30:48.51] /m Information: 
[14:30:48.51] /o Checking "new_dff/d_ff/schematic"
[14:30:48.51] /o No rule violations found in "new_dff/d_ff/schematic"
[14:30:48.53] /m Information: 
[14:30:48.53] /o Checking "project_d_ff/CLOCK_inv/schematic"
[14:30:48.53] /o No rule violations found in "project_d_ff/CLOCK_inv/schematic"
[14:30:48.53] /m Information: 
[14:30:48.53] /o Checking "new_dff/D_latch/schematic"
[14:30:48.53] /o No rule violations found in "new_dff/D_latch/schematic"
[14:30:48.55] /m Information: "Netlisting design "new_dff/d_ff_tb/schematic" finished successfully." (NETLISTING-012)
[14:30:48.56] /m Information: "Composing simulator input file for design "new_dff/d_ff_tb/schematic"..."
[14:30:48.59] /m Information: "Simulator input file composed successfully for design "new_dff/d_ff_tb/schematic""
[14:30:48.76] /m Information: "Starting HSPICE simulation for design: new_dff/d_ff_tb/schematic"
[14:30:48.76] /# gi::collapse {jobMonitorTable} -index {0.0.0.0,0} -in [gi::getWindows 12]
[14:30:48.79] /o 1
[14:30:49.16] /m Information: "Simulation completed successfully for design: new_dff/d_ff_tb/schematic "
[14:30:49.36] /m Information: "Evaluating and plotting outputs..."
[14:30:49.44] /j ::wf::WaveView::plotSuccess WaveView_2 {} {_61c3880_void_pp _6152b80_void_pp} 
[14:30:49.48] /j ::wf::WaveView::plotSuccess WaveView_2 {} {_61c3880_void_pp _6152ea0_void_pp} 
[14:30:49.54] /j ::wf::WaveView::plotSuccess WaveView_2 {} {_61c3880_void_pp _6152d10_void_pp} 
[14:30:49.58] /j ::wf::WaveView::plotSuccess WaveView_2 {} {_61c3880_void_pp _6152dd8_void_pp} 
[14:30:49.77] /m Information: Measurement calculations completed for testbench: HSPICE_d_latch_tb in 0s
[14:31:03.55] /m Information: Waveform viewer exited normally.
[14:31:04.54] /i gi::executeAction giCloseWindow -in [gi::getWindows 12]
[14:31:04.54] /i gi::setActiveWindow 11
[14:31:04.54] /i gi::setActiveWindow 11 -raise true
[14:31:06.31] /i gi::setActiveWindow 10
[14:31:06.31] /i gi::setActiveWindow 10 -raise true
[14:31:07.72] /i gi::executeAction giCloseWindow -in [gi::getWindows 11]
[14:31:07.73] /i gi::setActiveWindow 11
[14:31:07.73] /i gi::setActiveWindow 11 -raise true
[14:31:07.80] /r giDialog gi::setActiveDialog [gi::getDialogs {giPrompt} -parent [gi::getWindows 11]]
[14:31:08.06] /r giDialog db::setAttr geometry -of [gi::getDialogs {giPrompt} -parent [gi::getWindows 11]] -value 292x82+814+573
[14:31:08.90] /r giDialog gi::pressButton {discard} -in [gi::getDialogs {giPrompt} -parent [gi::getWindows 11]]
[14:31:08.92] /i gi::setActiveWindow 10
[14:31:08.92] /i gi::setActiveWindow 10 -raise true
[14:31:09.85] /# gi::executeAction deSelectActive -in [gi::getWindows 10]
[14:31:09.85] /i de::deselectAll [db::getNext [de::getContexts -window 10]]
[14:31:09.85] /i de::deselectAllLogic -context [db::getNext [de::getContexts -window 10]]
[14:31:12.09] /# gi::executeAction deSelectActive -in [gi::getWindows 10]
[14:31:12.09] /i de::deselectAll [db::getNext [de::getContexts -window 10]]
[14:31:12.09] /i de::select [de::getActiveFigure [gi::getWindows 10] -point {1.30625 1.64375} -index 0 -intent none]
[14:31:12.09] /o oa:0x24826770
[14:31:16.50] /# gi::executeAction deSelectActive -in [gi::getWindows 10]
[14:31:16.50] /i de::deselectAll [db::getNext [de::getContexts -window 10]]
[14:31:16.50] /i de::select [de::getActiveFigure [gi::getWindows 10] -point {2.66875 2.225} -index 0 -intent none]
[14:31:16.50] /o oa:0x1eb35de0
[14:31:16.65] /# gi::executeAction deDescend -in [gi::getWindows 10]
[14:31:16.65] /i ide::descend 10 -inPlace false -promptView false -readOnly auto
[14:31:16.65] /# Navigating to new_dff/d_ff/schematic (I0)
[14:31:16.69] /o true
[14:31:23.35] /# gi::executeAction deSelectActive -in [gi::getWindows 10]
[14:31:23.35] /i de::deselectAll [db::getNext [de::getContexts -window 10]]
[14:31:23.36] /i de::select [de::getActiveFigure [gi::getWindows 10] -point {6.475 0.4875} -index 0 -intent none]
[14:31:23.36] /o oa:0x202f5360
[14:31:24.07] /# gi::executeAction seButton1DragStart -in [gi::getWindows 10]
[14:31:24.08] /i ise::stretch -point {6.5 0.5}
[14:31:24.86] /# gi::executeAction deEndDrag -in [gi::getWindows 10]
[14:31:24.86] /i de::endDrag {6.0625 1.48125} -context [db::getNext [de::getContexts -window 10]]
[14:31:25.42] /# gi::executeAction deSelectActive -in [gi::getWindows 10]
[14:31:25.42] /i de::deselectAll [db::getNext [de::getContexts -window 10]]
[14:31:25.42] /i de::select [de::getActiveFigure [gi::getWindows 10] -point {6.2625 1.19375} -index 0 -intent none]
[14:31:25.42] /o oa:0x206ae0d0
[14:31:26.08] /# gi::executeAction seDelete -in [gi::getWindows 10]
[14:31:26.08] /i ise::delete
[14:31:27.48] /# gi::executeAction seButton1DragStart -in [gi::getWindows 10]
[14:31:27.48] /i ise::stretch -object [de::getActiveFigure [gi::getWindows 10] -point {6.2125 1.5125} -index 0 -intent none] -point {6.1875 1.5}
[14:31:28.14] /# gi::executeAction deEndDrag -in [gi::getWindows 10]
[14:31:28.14] /i de::endDrag {5.83125 2.05625} -context [db::getNext [de::getContexts -window 10]]
[14:31:28.92] /# gi::executeAction deSelectActive -in [gi::getWindows 10]
[14:31:28.92] /i de::deselectAll [db::getNext [de::getContexts -window 10]]
[14:31:28.92] /i de::select [de::getActiveFigure [gi::getWindows 10] -point {5.80625 2.06875} -index 0 -intent none]
[14:31:28.92] /o oa:0x20345730
[14:31:29.57] /# gi::executeAction seDelete -in [gi::getWindows 10]
[14:31:29.57] /i ise::delete
[14:31:31.39] /# gi::executeAction seButton1DragStart -in [gi::getWindows 10]
[14:31:31.39] /i ise::stretch -object [de::getActiveFigure [gi::getWindows 10] -point {5.69375 2.15} -index 0 -intent none] -point {5.6875 2.125}
[14:31:31.57] /# gi::executeAction deEndDrag -in [gi::getWindows 10]
[14:31:31.57] /i de::endDrag {5.68125 2.15} -context [db::getNext [de::getContexts -window 10]]
[14:31:31.87] /# gi::executeAction deSelectActive -in [gi::getWindows 10]
[14:31:31.87] /i de::deselectAll [db::getNext [de::getContexts -window 10]]
[14:31:31.87] /i de::select [de::getActiveFigure [gi::getWindows 10] -point {5.68125 2.15} -index 0 -intent none]
[14:31:31.87] /o oa:0x20748180
[14:31:32.46] /# gi::executeAction seDelete -in [gi::getWindows 10]
[14:31:32.46] /i ise::delete
[14:31:33.33] /# gi::executeAction deSelectActive -in [gi::getWindows 10]
[14:31:33.33] /i de::deselectAll [db::getNext [de::getContexts -window 10]]
[14:31:33.34] /i de::select [de::getActiveFigure [gi::getWindows 10] -point {5.78125 2.18125} -index 0 -intent none]
[14:31:33.34] /o oa:0x1f33de50
[14:31:34.12] /i gi::setItemSelection {attributes} -index {name,all} -in [gi::getAssistants dePropertyEditor -from [gi::getWindows 10]]
[14:31:34.12] /i gi::setCurrentIndex {attributes} -index {name,Value} -in [gi::getAssistants dePropertyEditor -from [gi::getWindows 10]]
[14:31:35.93] /i gi::setField {attributes} -value {CLK} -index {name,Value} -in [gi::getAssistants dePropertyEditor -from [gi::getWindows 10]]
[14:31:35.93] /i gi::executeAction dePropertyEditorApplyChanges -in [gi::getAssistants dePropertyEditor -from [gi::getWindows 10]]
[14:31:36.89] /# gi::executeAction deSelectActive -in [gi::getWindows 10]
[14:31:36.89] /i de::deselectAll [db::getNext [de::getContexts -window 10]]
[14:31:36.89] /i de::deselectAllLogic -context [db::getNext [de::getContexts -window 10]]
[14:31:39.82] /i gi::executeAction deSaveDesign -in [gi::getWindows 10]
[14:31:39.82] /m Information: Saving design 'new_dff d_ff schematic'. (DESIGN_WINDOW-004)
[14:33:06.84] /# gi::executeAction seSchCreateWire -in [gi::getWindows 10]
[14:33:06.85] /i ise::createWire
[14:33:07.44] /# gi::executeAction deAbortCommand -in [gi::getWindows 10]
[14:33:07.44] /i de::abortCommand -context [db::getNext [de::getContexts -window 10]]
[14:33:07.74] /# gi::executeAction deSelectActive -in [gi::getWindows 10]
[14:33:07.74] /i de::deselectAll [db::getNext [de::getContexts -window 10]]
[14:33:07.74] /i de::select [de::getActiveFigure [gi::getWindows 10] -point {3.7375 2.2375} -index 0 -intent none]
[14:33:07.74] /o oa:0x201d4130
[14:33:09.67] /# gi::executeAction deSelectActive -in [gi::getWindows 10]
[14:33:09.67] /i de::deselectAll [db::getNext [de::getContexts -window 10]]
[14:33:09.67] /i de::select [de::getActiveFigure [gi::getWindows 10] -point {4.23125 1.71875} -index 0 -intent none]
[14:33:09.67] /o oa:0x1f0a9f80
[14:33:10.51] /# gi::executeAction seDelete -in [gi::getWindows 10]
[14:33:10.51] /i ise::delete
[14:33:11.09] /# gi::executeAction deSelectActive -in [gi::getWindows 10]
[14:33:11.09] /i de::deselectAll [db::getNext [de::getContexts -window 10]]
[14:33:11.09] /i de::select [de::getActiveFigure [gi::getWindows 10] -point {4.29375 1.8375} -index 0 -intent none]
[14:33:11.09] /o oa:0x2073b610
[14:33:11.49] /# gi::executeAction seDelete -in [gi::getWindows 10]
[14:33:11.49] /i ise::delete
[14:33:12.35] /# gi::executeAction seButton1DragStart -in [gi::getWindows 10]
[14:33:12.35] /i ise::stretch -object [de::getActiveFigure [gi::getWindows 10] -point {4.21875 2.25} -index 0 -intent none] -point {4.25 2.25}
[14:33:12.69] /# gi::executeAction deEndDrag -in [gi::getWindows 10]
[14:33:12.69] /i de::endDrag {3.7875 2.275} -context [db::getNext [de::getContexts -window 10]]
[14:33:13.53] /i gi::executeAction deCanvasDragSelect -in [gi::getWindows 10]
[14:33:13.53] /r deCanvasDragStart 4.3125 2.0125
[14:33:13.64] /# gi::executeAction deCanvasDragEnd -in [gi::getWindows 10]
[14:33:13.64] /i gi::executeAction deCanvasDragEnd -in [gi::getWindows 10]
[14:33:13.65] /r deCanvasDragEnd 3.88125 2.3125
[14:33:13.99] /# gi::executeAction deSelectActive -in [gi::getWindows 10]
[14:33:13.99] /i de::deselectAll [db::getNext [de::getContexts -window 10]]
[14:33:13.99] /i de::select [de::getActiveFigure [gi::getWindows 10] -point {3.9375 2.275} -index 0 -intent none]
[14:33:13.99] /o oa:0x1f131e70
[14:33:15.39] /# gi::executeAction seSchCreateWire -in [gi::getWindows 10]
[14:33:15.39] /i ise::createWire
[14:33:16.42] /# gi::executeAction deAddPoint -in [gi::getWindows 10]
[14:33:16.42] /i de::addPoint {4.35625 1.81875} -context [db::getNext [de::getContexts -window 10]]
[14:33:16.44] /i de::setCursor -point {4.3125 1.8125 }
[14:33:17.27] /# gi::executeAction deStartDrag -in [gi::getWindows 10]
[14:33:17.27] /i de::startDrag {3.5875 2.28125} -context [db::getNext [de::getContexts -window 10]]
[14:33:17.27] /i de::setCursor -point {3.5625 2.25 }
[14:33:17.65] /# gi::executeAction deEndDrag -in [gi::getWindows 10]
[14:33:17.65] /i de::endDrag {3.5875 2.21875} -context [db::getNext [de::getContexts -window 10]]
[14:33:18.16] /# gi::executeAction deAbortCommand -in [gi::getWindows 10]
[14:33:18.16] /i de::abortCommand -context [db::getNext [de::getContexts -window 10]]
[14:33:18.72] /# gi::executeAction deSelectActive -in [gi::getWindows 10]
[14:33:18.72] /i de::deselectAll [db::getNext [de::getContexts -window 10]]
[14:33:18.72] /i de::select [de::getActiveFigure [gi::getWindows 10] -point {3.9875 2.0875} -index 0 -intent none]
[14:33:18.72] /o oa:0x2020ae40
[14:33:19.31] /# gi::executeAction seDelete -in [gi::getWindows 10]
[14:33:19.31] /i ise::delete
[14:33:20.04] /# gi::executeAction deSelectActive -in [gi::getWindows 10]
[14:33:20.04] /i de::deselectAll [db::getNext [de::getContexts -window 10]]
[14:33:20.04] /i de::select [de::getActiveFigure [gi::getWindows 10] -point {3.85 2.3125} -index 0 -intent none]
[14:33:20.04] /o oa:0x204c6390
[14:33:20.14] /# gi::executeAction seDelete -in [gi::getWindows 10]
[14:33:20.14] /i ise::delete
[14:33:21.40] /# gi::executeAction seSchCreateWire -in [gi::getWindows 10]
[14:33:21.40] /i ise::createWire
[14:33:22.63] /# gi::executeAction deAddPoint -in [gi::getWindows 10]
[14:33:22.63] /i de::addPoint {3.9875 1.81875} -context [db::getNext [de::getContexts -window 10]]
[14:33:22.64] /i de::setCursor -point {3.9375 1.8125 }
[14:33:22.67] /i de::setCursor -point {3.9375 1.875 }
[14:33:22.68] /i de::setCursor -point {3.875 1.875 }
[14:33:23.58] /# gi::executeAction deAddPoint -in [gi::getWindows 10]
[14:33:23.58] /i de::addPoint {3.575 2.24375} -context [db::getNext [de::getContexts -window 10]]
[14:33:24.51] /# gi::executeAction deAbortCommand -in [gi::getWindows 10]
[14:33:24.51] /i de::abortCommand -context [db::getNext [de::getContexts -window 10]]
[14:33:25.39] /# gi::executeAction deSelectActive -in [gi::getWindows 10]
[14:33:25.39] /i de::deselectAll [db::getNext [de::getContexts -window 10]]
[14:33:25.39] /i de::select [de::getActiveFigure [gi::getWindows 10] -point {3.8375 2.25} -index 0 -intent none]
[14:33:25.40] /o oa:0x2082c370
[14:33:26.72] /# gi::executeAction deSelectActive -in [gi::getWindows 10]
[14:33:26.72] /i de::deselectAll [db::getNext [de::getContexts -window 10]]
[14:33:26.72] /i de::select [de::getActiveFigure [gi::getWindows 10] -point {3.54375 2.28125} -index 0 -intent none]
[14:33:26.72] /o oa:0x25d14d60
[14:33:27.44] /# gi::executeAction deSelectActive -in [gi::getWindows 10]
[14:33:27.44] /i de::deselectAll [db::getNext [de::getContexts -window 10]]
[14:33:27.44] /i de::select [de::getActiveFigure [gi::getWindows 10] -point {3.8375 2.26875} -index 0 -intent none]
[14:33:27.44] /o oa:0x255ea4b0
[14:33:28.00] /# gi::executeAction seDelete -in [gi::getWindows 10]
[14:33:28.00] /i ise::delete
[14:33:28.25] /i gi::executeAction deCanvasDragCancel -in [gi::getWindows 10]
[14:33:28.72] /# gi::executeAction deCanvasZoomInAtPoint -in [gi::getWindows 10]
[14:33:28.72] /i de::zoom -window [gi::getWindows 10] -factor 2.0 -center {3.7625 2.24375}
[14:33:28.72] /o {2.26875 0.96875} {6.29375 3.18125}
[14:33:28.80] /# gi::executeAction deCanvasZoomInAtPoint -in [gi::getWindows 10]
[14:33:28.80] /i de::zoom -window [gi::getWindows 10] -factor 2.0 -center {3.7625 2.24375}
[14:33:28.80] /o {3.0125 1.60625} {5.025 2.7125}
[14:33:29.48] /# gi::executeAction seButton1DragStart -in [gi::getWindows 10]
[14:33:29.48] /i ise::stretch -object [de::getActiveFigure [gi::getWindows 10] -point {3.4375 2.25} -index 0 -intent none] -point {3.4375 2.25}
[14:33:30.37] /# gi::executeAction deEndDrag -in [gi::getWindows 10]
[14:33:30.37] /i de::endDrag {3.45625 1.80625} -context [db::getNext [de::getContexts -window 10]]
[14:33:30.77] /# gi::executeAction deSelectActive -in [gi::getWindows 10]
[14:33:30.77] /i de::deselectAll [db::getNext [de::getContexts -window 10]]
[14:33:30.77] /i de::select [de::getActiveFigure [gi::getWindows 10] -point {3.5625 2.0375} -index 0 -intent none]
[14:33:30.77] /o oa:0x1f143d40
[14:33:31.34] /# gi::executeAction seDelete -in [gi::getWindows 10]
[14:33:31.34] /i ise::delete
[14:33:31.44] /i gi::executeAction deCanvasDragCancel -in [gi::getWindows 10]
[14:33:31.69] /# gi::executeAction deFitEdit -in [gi::getWindows 10]
[14:33:31.69] /i de::fit -window 10 -fitEdit true
[14:33:31.69] /o {0.775 -0.3125} {8.81875 4.125}
[14:33:32.74] /# gi::executeAction seSchCreateWire -in [gi::getWindows 10]
[14:33:32.74] /i ise::createWire
[14:33:33.84] /# gi::executeAction deAddPoint -in [gi::getWindows 10]
[14:33:33.84] /i de::addPoint {4.36875 2.25625} -context [db::getNext [de::getContexts -window 10]]
[14:33:33.86] /i de::setCursor -point {4.3125 2.25 }
[14:33:34.45] /# gi::executeAction deStartDrag -in [gi::getWindows 10]
[14:33:34.45] /i de::startDrag {3.53125 2.31875} -context [db::getNext [de::getContexts -window 10]]
[14:33:34.60] /i de::setCursor -point {3.5 2.25 }
[14:33:34.87] /# gi::executeAction deEndDrag -in [gi::getWindows 10]
[14:33:34.87] /i de::endDrag {3.475 2.26875} -context [db::getNext [de::getContexts -window 10]]
[14:33:34.99] /i de::setCursor -point {3.5 2.3125 }
[14:33:35.00] /i de::setCursor -point {3.5625 2.3125 }
[14:33:35.02] /# gi::executeAction deAbortCommand -in [gi::getWindows 10]
[14:33:35.02] /i de::abortCommand -context [db::getNext [de::getContexts -window 10]]
[14:33:35.72] /# gi::executeAction seButton1DragStart -in [gi::getWindows 10]
[14:33:35.72] /i ise::stretch -object [de::getActiveFigure [gi::getWindows 10] -point {3.68125 2.3125} -index 0 -intent none] -point {3.6875 2.3125}
[14:33:36.12] /# gi::executeAction deEndDrag -in [gi::getWindows 10]
[14:33:36.12] /i de::endDrag {3.68125 2.2375} -context [db::getNext [de::getContexts -window 10]]
[14:33:36.43] /# gi::executeAction deSelectActive -in [gi::getWindows 10]
[14:33:36.43] /i de::deselectAll [db::getNext [de::getContexts -window 10]]
[14:33:36.43] /i de::select [de::getActiveFigure [gi::getWindows 10] -point {3.74375 2.25} -index 0 -intent none]
[14:33:36.43] /o oa:0x1f4ffe10
[14:33:37.20] /i gi::setItemSelection {attributes} -index {name,all} -in [gi::getAssistants dePropertyEditor -from [gi::getWindows 10]]
[14:33:37.20] /i gi::setCurrentIndex {attributes} -index {name,Value} -in [gi::getAssistants dePropertyEditor -from [gi::getWindows 10]]
[14:33:39.62] /i gi::setField {attributes} -value {CLKB} -index {name,Value} -in [gi::getAssistants dePropertyEditor -from [gi::getWindows 10]]
[14:33:39.62] /i gi::executeAction dePropertyEditorApplyChanges -in [gi::getAssistants dePropertyEditor -from [gi::getWindows 10]]
[14:33:40.90] /# gi::executeAction deSelectActive -in [gi::getWindows 10]
[14:33:40.90] /i de::deselectAll [db::getNext [de::getContexts -window 10]]
[14:33:40.90] /i de::deselectAllLogic -context [db::getNext [de::getContexts -window 10]]
[14:33:41.21] /# gi::executeAction deSelectActive -in [gi::getWindows 10]
[14:33:41.21] /i de::deselectAll [db::getNext [de::getContexts -window 10]]
[14:33:41.21] /i de::select [de::getActiveFigure [gi::getWindows 10] -point {5.14375 0.825} -index 0 -intent none]
[14:33:41.21] /o oa:0x25d36e60
[14:33:42.17] /i gi::setItemSelection {attributes} -index {name,all} -in [gi::getAssistants dePropertyEditor -from [gi::getWindows 10]]
[14:33:42.17] /i gi::setCurrentIndex {attributes} -index {name,Value} -in [gi::getAssistants dePropertyEditor -from [gi::getWindows 10]]
[14:33:44.95] /i gi::setField {attributes} -value {CLKB'} -index {name,Value} -in [gi::getAssistants dePropertyEditor -from [gi::getWindows 10]]
[14:33:44.95] /i gi::executeAction dePropertyEditorApplyChanges -in [gi::getAssistants dePropertyEditor -from [gi::getWindows 10]]
[14:33:46.82] /i gi::setField {attributes} -value {CLKB} -index {name,Value} -in [gi::getAssistants dePropertyEditor -from [gi::getWindows 10]]
[14:33:46.82] /i gi::executeAction dePropertyEditorApplyChanges -in [gi::getAssistants dePropertyEditor -from [gi::getWindows 10]]
[14:33:48.60] /i gi::executeAction deSaveDesign -in [gi::getWindows 10]
[14:33:48.60] /m Information: Saving design 'new_dff d_ff schematic'. (DESIGN_WINDOW-004)
[14:33:48.72] /i gi::executeAction deSaveDesign -in [gi::getWindows 10]
[14:33:48.72] /m Information: Saving design 'new_dff d_ff schematic'. (DESIGN_WINDOW-004)
[14:33:48.86] /i gi::executeAction deSaveDesign -in [gi::getWindows 10]
[14:33:48.86] /m Information: Saving design 'new_dff d_ff schematic'. (DESIGN_WINDOW-004)
[14:33:48.99] /i gi::executeAction deSaveDesign -in [gi::getWindows 10]
[14:33:48.99] /m Information: Saving design 'new_dff d_ff schematic'. (DESIGN_WINDOW-004)
[14:33:49.98] /# gi::executeAction deReturnToTop -in [gi::getWindows 10]
[14:33:49.98] /i de::return [db::getNext [de::getContexts -window 10]] -levels -1
[14:33:49.98] /# Navigating to new_dff/d_ff_tb/schematic
[14:33:50.00] /o oa:0x1d6e33a0
[14:33:50.42] /# gi::executeAction deReturnToTop -in [gi::getWindows 10]
[14:33:50.42] /i de::return [db::getNext [de::getContexts -window 10]] -levels -1
[14:33:50.42] /o oa:0x20411110
[14:33:50.55] /# gi::executeAction deReturnToTop -in [gi::getWindows 10]
[14:33:50.55] /i de::return [db::getNext [de::getContexts -window 10]] -levels -1
[14:33:50.56] /o oa:0x202bf810
[14:33:52.47] /# gi::executeAction seShowConsoleForWindow -in [gi::getWindows 10]
[14:33:52.47] /i sa::showConsole -context [db::getNext [de::getContexts -window 10]]
[14:33:52.50] /r giWindowId 13
[14:33:52.51] /r giWindowGeometry 600x500
[14:33:52.59] /o oa:0x201c46d0
[14:33:52.63] /m Information: Launching Background sae_shell Server Process "cd /home/itsupport/Desktop/lab1vlsi && sae_shell -log sae_shell_session5_job1 -libDefFile /home/itsupport/Desktop/lab1vlsi/lib.defs"
[14:33:53.70] /# gi::executeAction saLoadState -in [gi::getWindows 13]
[14:33:53.70] /i sa::showLoadState -parent 13
[14:33:53.91] /o oa:0x20701100
[14:33:53.99] /i gi::setActiveDialog [gi::getDialogs {saShowLoadState} -parent [gi::getWindows 13]]
[14:33:54.25] /i db::setAttr geometry -of [gi::getDialogs {saShowLoadState} -parent [gi::getWindows 13]] -value 603x720+778+424
[14:33:55.16] /m Information: Received ready-for-commands signal from background job 'sae_shell_session5_job1' after 3 seconds.
[14:33:55.34] /i gi::pressButton {/ok} -in [gi::getDialogs {saShowLoadState} -parent [gi::getWindows 13]]
[14:33:58.75] /i gi::executeAction menuPreShow -in [gi::getWindows 13]
[14:33:58.75] /r giMenuAccess db::getNext [gi::getMenus saConsoleOutputsMenu -from [gi::getWindows 13]]
[14:33:59.43] /# gi::executeAction saSelectInDesign -in [gi::getWindows 13]
[14:33:59.43] /i sa::selectOutputs -window 13
[14:34:00.36] /# gi::executeAction deAddPoint -in [gi::getWindows 10]
[14:34:00.36] /i de::addPoint {3.58125 2.8875} -context [db::getNext [de::getContexts -window 10]]
[14:34:01.25] /i gi::setActiveWindow 13
[14:34:01.25] /i gi::setActiveWindow 13 -raise true
[14:34:02.37] /i gi::setCurrentIndex {outputsTable} -index {3,1} -in [gi::getWindows 13]
[14:34:02.37] /i gi::setItemSelection {outputsTable} -index {3,1} -in [gi::getWindows 13]
[14:34:02.37] /i gi::setItemSelection {outputsTable} -index {3,1} -in [gi::getWindows 13]
[14:34:04.20] /i gi::setField {outputsTable} -index {3,1} -value {} -in [gi::getWindows 13]
[14:34:04.20] /i gi::executeAction menuPreShow -in [gi::getWindows 13]
[14:34:04.20] /r giMenuAccess db::getNext [gi::getMenus saConsoleSimMenu -from [gi::getWindows 13]]
[14:34:04.20] /i gi::setCurrentIndex {outputsTable} -index {2,1} -in [gi::getWindows 13]
[14:34:04.20] /i gi::setItemSelection {outputsTable} -index {} -in [gi::getWindows 13]
[14:34:04.20] /i gi::setItemSelection {outputsTable} -index {} -in [gi::getWindows 13]
[14:34:04.80] /# gi::executeAction saNetlistAndRun -in [gi::getWindows 13]
[14:34:04.80] /i isa::netlistAndRun -testbench [sa::findActiveTestbench -window 13] -mode overwrite
[14:34:04.81] /r giWindowId 14
[14:34:04.81] /r giWindowGeometry 800x600
[14:34:04.86] /m Information: "Starting incremental netlisting for design "new_dff/d_ff_tb/schematic"..." (NETLISTING-010)
[14:34:04.88] /o No Design Integrity rule violations found in "new_dff/d_ff_tb/schematic"
[14:34:04.88] /m Information: 
[14:34:04.88] /o Checking "new_dff/d_ff/schematic"
[14:34:04.88] /o No rule violations found in "new_dff/d_ff/schematic"
[14:34:04.88] /m Information: 
[14:34:04.88] /o Checking "project_d_ff/CLOCK_inv/schematic"
[14:34:04.88] /o No rule violations found in "project_d_ff/CLOCK_inv/schematic"
[14:34:04.89] /m Information: 
[14:34:04.89] /o Checking "new_dff/D_latch/schematic"
[14:34:04.89] /o No rule violations found in "new_dff/D_latch/schematic"
[14:34:04.90] /m Information: "new_dff d_ff schematic" renetlisted. (NETLISTING-056)
[14:34:04.91] /m Information: "Netlisting design "new_dff/d_ff_tb/schematic" finished successfully." (NETLISTING-012)
[14:34:04.92] /m Information: "Composing simulator input file for design "new_dff/d_ff_tb/schematic"..."
[14:34:04.94] /m Information: "Simulator input file composed successfully for design "new_dff/d_ff_tb/schematic""
[14:34:05.08] /m Information: "Starting HSPICE simulation for design: new_dff/d_ff_tb/schematic"
[14:34:05.08] /# gi::collapse {jobMonitorTable} -index {0.0.0.0,0} -in [gi::getWindows 14]
[14:34:05.11] /o 1
[14:34:05.88] /m Information: "Simulation completed successfully for design: new_dff/d_ff_tb/schematic "
[14:34:06.11] /m Information: Launching Background sae_shell Server Process "cd /home/itsupport/Desktop/lab1vlsi && sae_shell -log sae_shell_session5_job2 -libDefFile /home/itsupport/Desktop/lab1vlsi/lib.defs"
[14:34:06.12] /m Information: "Evaluating and plotting outputs..."
[14:34:06.15] /m Information: Launching Waveform Viewer "cd /home/itsupport/simulation/new_dff,d_ff_tb,schematic/history_1/simulation/HSPICE_d_latch_tb/HSPICE/nominal/results &&  wv -k -cdesigner -spxkey /usr/synopsys/customcompiler/N-2017.12-SP1-2/auxx/waveform/sae.spxkey -spxrc /tmp/sae_spxrc_aiSrqk -unique_string b1dbb666daf2cede69aa7f613a217c24125e8d2b0833b894ed40d2f5efbf27a2fb0c0fc5bd6190669b28dea21d3a87bf28b752b133077f7c -lic_type 1    > /home/itsupport/simulation/new_dff,d_ff_tb,schematic/history_1/simulation/HSPICE_d_latch_tb/HSPICE/nominal/results/viewer.log 2>&1"
[14:34:06.15] /i gi::collapse {jobMonitorTable} -index {0.0,0} -in [gi::getWindows 14]
[14:34:06.55] /m Information: Measurement calculations completed for testbench: HSPICE_d_latch_tb in 0s
[14:34:06.93] /j ::wf::WaveView::plotSuccess WaveView_3 {} {_5fe8070_void_pp _6043ce0_void_pp} 
[14:34:06.98] /j ::wf::WaveView::plotSuccess WaveView_3 {} {_5fe8070_void_pp _6043da8_void_pp} 
[14:34:07.03] /j ::wf::WaveView::plotSuccess WaveView_3 {} {_5fe8070_void_pp _6043e70_void_pp} 
[14:34:07.04] /j ::wf::WaveView::plotSuccess WaveView_3 {} {_5fe8070_void_pp _6043f38_void_pp} 
[14:34:08.76] /m Information: Received ready-for-commands signal from background job 'sae_shell_session5_job2' after 2 seconds.
[14:34:12.08] /i gi::setActiveWindow 13
[14:34:12.08] /i gi::setActiveWindow 13 -raise true
[14:34:12.82] /i gi::setCurrentIndex {variablesTable} -index {2,1} -in [gi::getWindows 13]
[14:34:12.82] /i gi::setItemSelection {variablesTable} -index {2,1} -in [gi::getWindows 13]
[14:34:14.46] /i gi::setField {variablesTable} -index {2,1} -value {1n} -in [gi::getWindows 13]
[14:34:14.46] /i gi::setField {variablesTable} -index {2,1} -value {1n} -in [gi::getWindows 13]
[14:34:15.62] /i gi::executeAction menuPreShow -in [gi::getWindows 13]
[14:34:15.62] /r giMenuAccess db::getNext [gi::getMenus saConsoleSimMenu -from [gi::getWindows 13]]
[14:34:16.02] /# gi::executeAction saNetlistAndRun -in [gi::getWindows 13]
[14:34:16.02] /i isa::netlistAndRun -testbench [sa::findActiveTestbench -window 13] -mode overwrite
[14:34:16.08] /m Information: "Starting incremental netlisting for design "new_dff/d_ff_tb/schematic"..." (NETLISTING-010)
[14:34:16.10] /o No Design Integrity rule violations found in "new_dff/d_ff_tb/schematic"
[14:34:16.10] /m Information: 
[14:34:16.10] /o Checking "new_dff/d_ff/schematic"
[14:34:16.10] /o No rule violations found in "new_dff/d_ff/schematic"
[14:34:16.10] /m Information: 
[14:34:16.10] /o Checking "project_d_ff/CLOCK_inv/schematic"
[14:34:16.10] /o No rule violations found in "project_d_ff/CLOCK_inv/schematic"
[14:34:16.11] /m Information: 
[14:34:16.11] /o Checking "new_dff/D_latch/schematic"
[14:34:16.11] /o No rule violations found in "new_dff/D_latch/schematic"
[14:34:16.14] /m Information: "Netlisting design "new_dff/d_ff_tb/schematic" finished successfully." (NETLISTING-012)
[14:34:16.14] /m Information: "Composing simulator input file for design "new_dff/d_ff_tb/schematic"..."
[14:34:16.17] /m Information: "Simulator input file composed successfully for design "new_dff/d_ff_tb/schematic""
[14:34:16.33] /m Information: "Starting HSPICE simulation for design: new_dff/d_ff_tb/schematic"
[14:34:16.33] /# gi::collapse {jobMonitorTable} -index {0.0.0.0,0} -in [gi::getWindows 14]
[14:34:16.35] /o 1
[14:34:16.77] /m Information: "Simulation completed successfully for design: new_dff/d_ff_tb/schematic "
[14:34:16.98] /m Information: "Evaluating and plotting outputs..."
[14:34:17.10] /j ::wf::WaveView::plotSuccess WaveView_3 {} {_6098140_void_pp _6044000_void_pp} 
[14:34:17.18] /j ::wf::WaveView::plotSuccess WaveView_3 {} {_6098140_void_pp _6043ce0_void_pp} 
[14:34:17.24] /j ::wf::WaveView::plotSuccess WaveView_3 {} {_6098140_void_pp _6043da8_void_pp} 
[14:34:17.33] /j ::wf::WaveView::plotSuccess WaveView_3 {} {_6098140_void_pp _6043e70_void_pp} 
[14:34:17.38] /m Information: Measurement calculations completed for testbench: HSPICE_d_latch_tb in 0s
[14:34:21.96] /i gi::setActiveWindow 13
[14:34:21.96] /i gi::setActiveWindow 13 -raise true
[14:34:23.66] /i gi::setField {variablesTable} -index {2,1} -value {200p} -in [gi::getWindows 13]
[14:34:23.66] /i gi::setField {variablesTable} -index {2,1} -value {200p} -in [gi::getWindows 13]
[14:34:24.56] /i gi::executeAction menuPreShow -in [gi::getWindows 13]
[14:34:24.56] /r giMenuAccess db::getNext [gi::getMenus saConsoleSimMenu -from [gi::getWindows 13]]
[14:34:24.97] /# gi::executeAction saRun -in [gi::getWindows 13]
[14:34:24.97] /i isa::run -testbench [sa::findActiveTestbench -window 13] -mode overwrite
[14:34:25.07] /m Information: "Composing simulator input file for design "new_dff/d_ff_tb/schematic"..."
[14:34:25.10] /m Information: "Simulator input file composed successfully for design "new_dff/d_ff_tb/schematic""
[14:34:25.21] /m Information: "Starting HSPICE simulation for design: new_dff/d_ff_tb/schematic"
[14:34:25.21] /# gi::collapse {jobMonitorTable} -index {0.0.0.0,0} -in [gi::getWindows 14]
[14:34:25.23] /o 1
[14:34:25.76] /m Information: "Simulation completed successfully for design: new_dff/d_ff_tb/schematic "
[14:34:25.96] /m Information: "Evaluating and plotting outputs..."
[14:34:26.04] /j ::wf::WaveView::plotSuccess WaveView_3 {} {_5fde060_void_pp _6043f38_void_pp} 
[14:34:26.10] /j ::wf::WaveView::plotSuccess WaveView_3 {} {_5fde060_void_pp _6044000_void_pp} 
[14:34:26.16] /j ::wf::WaveView::plotSuccess WaveView_3 {} {_5fde060_void_pp _6043ce0_void_pp} 
[14:34:26.22] /j ::wf::WaveView::plotSuccess WaveView_3 {} {_5fde060_void_pp _6043da8_void_pp} 
[14:34:26.36] /m Information: Measurement calculations completed for testbench: HSPICE_d_latch_tb in 0s
[14:34:28.99] /i gi::setActiveWindow 13
[14:34:28.99] /i gi::setActiveWindow 13 -raise true
[14:34:31.33] /i gi::setField {variablesTable} -index {2,1} -value {100p} -in [gi::getWindows 13]
[14:34:31.33] /i gi::setField {variablesTable} -index {2,1} -value {100p} -in [gi::getWindows 13]
[14:34:32.17] /i gi::executeAction menuPreShow -in [gi::getWindows 13]
[14:34:32.17] /r giMenuAccess db::getNext [gi::getMenus saConsoleSimMenu -from [gi::getWindows 13]]
[14:34:32.60] /# gi::executeAction saNetlistAndRun -in [gi::getWindows 13]
[14:34:32.60] /i isa::netlistAndRun -testbench [sa::findActiveTestbench -window 13] -mode overwrite
[14:34:32.63] /m Information: "Starting incremental netlisting for design "new_dff/d_ff_tb/schematic"..." (NETLISTING-010)
[14:34:32.65] /o No Design Integrity rule violations found in "new_dff/d_ff_tb/schematic"
[14:34:32.65] /m Information: 
[14:34:32.65] /o Checking "new_dff/d_ff/schematic"
[14:34:32.65] /o No rule violations found in "new_dff/d_ff/schematic"
[14:34:32.67] /m Information: 
[14:34:32.67] /o Checking "project_d_ff/CLOCK_inv/schematic"
[14:34:32.67] /o No rule violations found in "project_d_ff/CLOCK_inv/schematic"
[14:34:32.67] /m Information: 
[14:34:32.67] /o Checking "new_dff/D_latch/schematic"
[14:34:32.67] /o No rule violations found in "new_dff/D_latch/schematic"
[14:34:32.70] /m Information: "Netlisting design "new_dff/d_ff_tb/schematic" finished successfully." (NETLISTING-012)
[14:34:32.70] /m Information: "Composing simulator input file for design "new_dff/d_ff_tb/schematic"..."
[14:34:32.74] /m Information: "Simulator input file composed successfully for design "new_dff/d_ff_tb/schematic""
[14:34:32.89] /m Information: "Starting HSPICE simulation for design: new_dff/d_ff_tb/schematic"
[14:34:32.90] /# gi::collapse {jobMonitorTable} -index {0.0.0.0,0} -in [gi::getWindows 14]
[14:34:32.91] /o 1
[14:34:33.66] /m Information: "Simulation completed successfully for design: new_dff/d_ff_tb/schematic "
[14:34:33.85] /m Information: "Evaluating and plotting outputs..."
[14:34:33.94] /j ::wf::WaveView::plotSuccess WaveView_3 {} {_6098140_void_pp _6043e70_void_pp} 
[14:34:34.02] /j ::wf::WaveView::plotSuccess WaveView_3 {} {_6098140_void_pp _6043f38_void_pp} 
[14:34:34.07] /j ::wf::WaveView::plotSuccess WaveView_3 {} {_6098140_void_pp _6044000_void_pp} 
[14:34:34.13] /j ::wf::WaveView::plotSuccess WaveView_3 {} {_6098140_void_pp _6043ce0_void_pp} 
[14:34:34.16] /m Information: Measurement calculations completed for testbench: HSPICE_d_latch_tb in 1s
[14:34:38.84] /i gi::setActiveWindow 13
[14:34:38.84] /i gi::setActiveWindow 13 -raise true
[14:34:39.39] /i gi::setCurrentIndex {variablesTable} -index {1,1} -in [gi::getWindows 13]
[14:34:39.39] /i gi::setItemSelection {variablesTable} -index {1,1} -in [gi::getWindows 13]
[14:34:40.37] /i gi::setField {variablesTable} -index {1,1} -value {1p} -in [gi::getWindows 13]
[14:34:40.37] /i gi::setField {variablesTable} -index {1,1} -value {1p} -in [gi::getWindows 13]
[14:34:41.23] /i gi::executeAction menuPreShow -in [gi::getWindows 13]
[14:34:41.23] /r giMenuAccess db::getNext [gi::getMenus saConsoleSimMenu -from [gi::getWindows 13]]
[14:34:41.58] /# gi::executeAction saNetlistAndRun -in [gi::getWindows 13]
[14:34:41.58] /i isa::netlistAndRun -testbench [sa::findActiveTestbench -window 13] -mode overwrite
[14:34:41.63] /m Information: "Starting incremental netlisting for design "new_dff/d_ff_tb/schematic"..." (NETLISTING-010)
[14:34:41.64] /o No Design Integrity rule violations found in "new_dff/d_ff_tb/schematic"
[14:34:41.64] /m Information: 
[14:34:41.64] /o Checking "new_dff/d_ff/schematic"
[14:34:41.64] /o No rule violations found in "new_dff/d_ff/schematic"
[14:34:41.66] /m Information: 
[14:34:41.66] /o Checking "project_d_ff/CLOCK_inv/schematic"
[14:34:41.66] /o No rule violations found in "project_d_ff/CLOCK_inv/schematic"
[14:34:41.66] /m Information: 
[14:34:41.66] /o Checking "new_dff/D_latch/schematic"
[14:34:41.66] /o No rule violations found in "new_dff/D_latch/schematic"
[14:34:41.69] /m Information: "Netlisting design "new_dff/d_ff_tb/schematic" finished successfully." (NETLISTING-012)
[14:34:41.70] /m Information: "Composing simulator input file for design "new_dff/d_ff_tb/schematic"..."
[14:34:41.72] /m Information: "Simulator input file composed successfully for design "new_dff/d_ff_tb/schematic""
[14:34:41.90] /m Information: "Starting HSPICE simulation for design: new_dff/d_ff_tb/schematic"
[14:34:41.90] /# gi::collapse {jobMonitorTable} -index {0.0.0.0,0} -in [gi::getWindows 14]
[14:34:41.92] /o 1
[14:34:42.76] /m Information: "Simulation completed successfully for design: new_dff/d_ff_tb/schematic "
[14:34:42.95] /m Information: "Evaluating and plotting outputs..."
[14:34:43.03] /j ::wf::WaveView::plotSuccess WaveView_3 {} {_5ff5ef0_void_pp _6043da8_void_pp} 
[14:34:43.08] /j ::wf::WaveView::plotSuccess WaveView_3 {} {_5ff5ef0_void_pp _6043e70_void_pp} 
[14:34:43.13] /j ::wf::WaveView::plotSuccess WaveView_3 {} {_5ff5ef0_void_pp _6043f38_void_pp} 
[14:34:43.23] /j ::wf::WaveView::plotSuccess WaveView_3 {} {_5ff5ef0_void_pp _6044000_void_pp} 
[14:34:43.36] /m Information: Measurement calculations completed for testbench: HSPICE_d_latch_tb in 0s
[14:34:57.57] /i gi::setActiveWindow 13
[14:34:57.57] /i gi::setActiveWindow 13 -raise true
[14:34:58.77] /i gi::setField {variablesTable} -index {1,1} -value {1p} -in [gi::getWindows 13]
[14:34:58.77] /i gi::setCurrentIndex {variablesTable} -index {2,1} -in [gi::getWindows 13]
[14:34:58.77] /i gi::setItemSelection {variablesTable} -index {2,1} -in [gi::getWindows 13]
[14:35:00.13] /i gi::setField {variablesTable} -index {2,1} -value {300p} -in [gi::getWindows 13]
[14:35:00.13] /i gi::setField {variablesTable} -index {2,1} -value {300p} -in [gi::getWindows 13]
[14:35:00.89] /i gi::executeAction menuPreShow -in [gi::getWindows 13]
[14:35:00.89] /r giMenuAccess db::getNext [gi::getMenus saConsoleSimMenu -from [gi::getWindows 13]]
[14:35:01.29] /# gi::executeAction saNetlistAndRun -in [gi::getWindows 13]
[14:35:01.29] /i isa::netlistAndRun -testbench [sa::findActiveTestbench -window 13] -mode overwrite
[14:35:01.38] /m Information: "Starting incremental netlisting for design "new_dff/d_ff_tb/schematic"..." (NETLISTING-010)
[14:35:01.39] /o No Design Integrity rule violations found in "new_dff/d_ff_tb/schematic"
[14:35:01.40] /m Information: 
[14:35:01.40] /o Checking "new_dff/d_ff/schematic"
[14:35:01.40] /o No rule violations found in "new_dff/d_ff/schematic"
[14:35:01.40] /m Information: 
[14:35:01.40] /o Checking "project_d_ff/CLOCK_inv/schematic"
[14:35:01.40] /o No rule violations found in "project_d_ff/CLOCK_inv/schematic"
[14:35:01.41] /m Information: 
[14:35:01.41] /o Checking "new_dff/D_latch/schematic"
[14:35:01.41] /o No rule violations found in "new_dff/D_latch/schematic"
[14:35:01.48] /m Information: "Netlisting design "new_dff/d_ff_tb/schematic" finished successfully." (NETLISTING-012)
[14:35:01.49] /m Information: "Composing simulator input file for design "new_dff/d_ff_tb/schematic"..."
[14:35:01.60] /m Information: "Simulator input file composed successfully for design "new_dff/d_ff_tb/schematic""
[14:35:01.81] /m Information: "Starting HSPICE simulation for design: new_dff/d_ff_tb/schematic"
[14:35:01.81] /# gi::collapse {jobMonitorTable} -index {0.0.0.0,0} -in [gi::getWindows 14]
[14:35:01.83] /o 1
[14:35:02.36] /m Information: "Simulation completed successfully for design: new_dff/d_ff_tb/schematic "
[14:35:02.58] /m Information: "Evaluating and plotting outputs..."
[14:35:02.67] /j ::wf::WaveView::plotSuccess WaveView_3 {} {_609dcd0_void_pp _6043ce0_void_pp} 
[14:35:02.74] /j ::wf::WaveView::plotSuccess WaveView_3 {} {_609dcd0_void_pp _6043da8_void_pp} 
[14:35:02.77] /j ::wf::WaveView::plotSuccess WaveView_3 {} {_609dcd0_void_pp _6043e70_void_pp} 
[14:35:02.80] /j ::wf::WaveView::plotSuccess WaveView_3 {} {_609dcd0_void_pp _6043f38_void_pp} 
[14:35:02.97] /m Information: Measurement calculations completed for testbench: HSPICE_d_latch_tb in 0s
[14:35:23.98] /i gi::setActiveWindow 13
[14:35:23.98] /i gi::setActiveWindow 13 -raise true
[14:35:24.80] /i gi::setActiveWindow 10
[14:35:24.80] /i gi::setActiveWindow 10 -raise true
[14:35:25.66] /# gi::executeAction deSelectActive -in [gi::getWindows 10]
[14:35:25.66] /i de::deselectAll [db::getNext [de::getContexts -window 10]]
[14:35:25.66] /i de::deselectAllLogic -context [db::getNext [de::getContexts -window 10]]
[14:35:27.11] /# gi::executeAction seSchCreateWire -in [gi::getWindows 10]
[14:35:27.11] /i ise::createWire
[14:35:30.23] /# gi::executeAction seCreateInst -in [gi::getWindows 10]
[14:35:30.23] /i ise::createInst
[14:35:30.29] /i gi::setActiveDialog [gi::getDialogs {seCreateInst} -parent [gi::getWindows 10]]
[14:35:30.56] /i db::setAttr geometry -of [gi::getDialogs {seCreateInst}] -value 359x337+0+65
[14:35:33.98] /i gi::executeAction giCloseWindow -in [gi::getWindows 10]
[14:35:33.99] /i gi::setActiveWindow 13
[14:35:33.99] /i gi::setActiveWindow 13 -raise true
[14:35:35.15] /i gi::executeAction giCloseWindow -in [gi::getWindows 13]
[14:35:35.21] /r giDialog gi::setActiveDialog [gi::getDialogs {giPrompt} -parent [gi::getWindows 13]]
[14:35:35.48] /r giDialog db::setAttr geometry -of [gi::getDialogs {giPrompt} -parent [gi::getWindows 13]] -value 292x82+814+573
[14:35:37.22] /r giDialog gi::pressButton {save} -in [gi::getDialogs {giPrompt} -parent [gi::getWindows 13]]
[14:35:37.35] /r giDialog gi::setActiveDialog [gi::getDialogs {saShowSaveState} -parent [gi::getWindows 13]]
[14:35:37.66] /r giDialog db::setAttr geometry -of [gi::getDialogs {saShowSaveState} -parent [gi::getWindows 13]] -value 501x558+710+335
[14:35:43.99] /r giDialog gi::setField {/name} -value {HSPICE_d_ff_tb} -in [gi::getDialogs {saShowSaveState} -parent [gi::getWindows 13]]
[14:35:43.99] /r giDialog gi::pressButton {/ok} -in [gi::getDialogs {saShowSaveState} -parent [gi::getWindows 13]]
[14:35:44.03] /i gi::setActiveWindow 14
[14:35:44.03] /i gi::setActiveWindow 14 -raise true
[14:35:45.23] /i gi::setActiveWindow 2
[14:35:45.23] /i gi::setActiveWindow 2 -raise true
[14:35:46.19] /i gi::executeAction giCloseWindow -in [gi::getWindows 14]
[14:35:47.85] /i gi::setItemSelection {cells} -index {} -in [gi::getWindows 2]
[14:35:48.29] /i gi::setCurrentIndex {cells} -index {d_ff} -in [gi::getWindows 2]
[14:35:48.30] /i gi::setItemSelection {cells} -index {d_ff} -in [gi::getWindows 2]
[14:35:49.05] /i gi::setCurrentIndex {cells} -index {D_latch} -in [gi::getWindows 2]
[14:35:49.05] /i gi::setItemSelection {cells} -index {D_latch} -in [gi::getWindows 2]
[14:35:50.33] /i gi::setCurrentIndex {views} -index {schematic} -in [gi::getWindows 2]
[14:35:50.33] /# gi::executeAction dmShowNewCellView -in [gi::getWindows 2]
[14:35:50.33] /i dm::showNewCellView -parent 2
[14:35:50.36] /o oa:0x1ea42290
[14:35:50.39] /i gi::setActiveDialog [gi::getDialogs {dmNewCellView} -parent [gi::getWindows 2]]
[14:35:50.66] /i db::setAttr geometry -of [gi::getDialogs {dmNewCellView} -parent [gi::getWindows 2]] -value 588x285+656+413
[14:35:54.92] /i gi::setField {cellViewName} -value {layout} -in [gi::getDialogs {dmNewCellView} -parent [gi::getWindows 2]]
[14:35:55.65] /i gi::pressButton {ok} -in [gi::getDialogs {dmNewCellView} -parent [gi::getWindows 2]]
[14:35:55.65] /# db::getAttr viewType -of [dm::findCellView layout -cell [dm::findCell D\_latch -lib [oa::LibFind [oa::ScalarName [oa::CdbaNS] new\_dff]]]]
[14:35:55.65] /# dm::createCellView layout -cell [dm::findCell D\_latch -lib [ oa::LibFind [oa::ScalarName [oa::CdbaNS] new\_dff]]] -viewType maskLayout
[14:35:55.65] /# de::open [dm::findCellView layout -cell [dm::findCell D\_latch -lib [oa::LibFind [oa::ScalarName [oa::CdbaNS] new\_dff]]]] -application leLayout
[14:35:55.66] /m Information: License 'Basic' checked out. (LICENSE-003)
[14:35:55.66] /m Information: License 'Schematic' checked in. (LICENSE-004)
[14:35:55.69] /r giWindowId 15
[14:35:55.69] /r giWindowGeometry 1632x1020
[14:35:55.73] /i de::setActiveLPP [de::getLPPs "text drawing" -from [db::getAttr editDesign -of [de::getContexts -window 15]]]
[14:35:56.92] /# gi::executeAction deCanvasZoomOutAtPoint -in [gi::getWindows 15]
[14:35:56.92] /i de::zoom -window [gi::getWindows 15] -factor 0.5 -center {0.054 0.092}
[14:35:56.92] /o {-0.839 -0.555} {0.732 0.371}
[14:35:56.98] /# gi::executeAction deCanvasZoomOutAtPoint -in [gi::getWindows 15]
[14:35:56.98] /i de::zoom -window [gi::getWindows 15] -factor 0.5 -center {0.058 0.082}
[14:35:56.98] /o {-1.737 -1.192} {1.405 0.66}
[14:35:57.53] /# gi::executeAction deFitView -in [gi::getWindows 15]
[14:35:57.53] /i de::fit -window 15 -fitView true
[14:35:57.53] /o {-0.393 -0.231} {0.393 0.232}
[14:35:58.86] /i gi::setActiveWindow 2
[14:35:58.86] /i gi::setActiveWindow 2 -raise true
[14:36:00.42] /i gi::setCurrentIndex {cells} -index {d_ff} -in [gi::getWindows 2]
[14:36:00.42] /i gi::setItemSelection {cells} -index {d_ff} -in [gi::getWindows 2]
[14:36:02.42] /i gi::setCurrentIndex {cells} -index {D_latch} -in [gi::getWindows 2]
[14:36:02.43] /i gi::setItemSelection {cells} -index {D_latch} -in [gi::getWindows 2]
[14:36:03.17] /i gi::setCurrentIndex {views} -index {schematic} -in [gi::getWindows 2]
[14:36:03.17] /i gi::setItemSelection {views} -index {schematic} -in [gi::getWindows 2]
[14:36:03.32] /i gi::executeAction dmOpen -in [gi::getWindows 2]
[14:36:03.34] /r giWindowId 16
[14:36:03.34] /r giWindowGeometry 1632x1020
[14:36:03.48] /m Information: 
[14:36:03.48] /o Checking "new_dff/D_latch/schematic"
[14:36:03.48] /o No rule violations found in "new_dff/D_latch/schematic"
[14:36:03.48] /m Information: Checking process is completed: marking the design violations
[14:36:03.48] /m Information: Marking of designs is completed
[14:36:46.34] /i gi::setActiveWindow 15
[14:36:46.34] /i gi::setActiveWindow 15 -raise true
[14:36:47.00] /# gi::executeAction deCanvasZoomOutAtPoint -in [gi::getWindows 15]
[14:36:47.00] /i de::zoom -window [gi::getWindows 15] -factor 0.5 -center {-0.058 0.167}
[14:36:47.00] /o {-0.727 -0.63} {0.844 0.296}
[14:36:47.13] /# gi::executeAction deCanvasZoomOutAtPoint -in [gi::getWindows 15]
[14:36:47.13] /i de::zoom -window [gi::getWindows 15] -factor 0.5 -center {0.039 0.202}
[14:36:47.13] /o {-1.494 -1.462} {1.648 0.39}
[14:36:47.90] /# gi::executeAction deFitView -in [gi::getWindows 15]
[14:36:47.90] /i de::fit -window 15 -fitView true
[14:36:47.90] /o {-0.393 -0.231} {0.393 0.232}
[14:36:48.64] /i gi::setActiveWindow 16
[14:36:48.64] /i gi::setActiveWindow 16 -raise true
[14:36:54.09] /i gi::executeAction deCanvasDragCancel -in [gi::getWindows 16]
[14:36:54.40] /i gi::setActiveWindow 15
[14:36:54.40] /i gi::setActiveWindow 15 -raise true
[14:36:55.03] /i gi::setActiveWindow 2
[14:36:55.03] /i gi::setActiveWindow 2 -raise true
[14:36:58.79] /i gi::setCurrentIndex {libs} -index {project_d_ff} -in [gi::getWindows 2]
[14:36:58.80] /i gi::setItemSelection {cells} -index {D_latch} -in [gi::getWindows 2]
[14:36:58.80] /i gi::setItemSelection {views} -index {schematic} -in [gi::getWindows 2]
[14:36:58.80] /i gi::setItemSelection {libs} -index {project_d_ff} -in [gi::getWindows 2]
[14:37:00.73] /i gi::setCurrentIndex {cellCategories} -index {INV} -in [gi::getWindows 2]
[14:37:00.73] /i gi::setItemSelection {cellCategories} -index {INV} -in [gi::getWindows 2]
[14:37:01.58] /i gi::setCurrentIndex {cells} -index {TG_out} -in [gi::getWindows 2]
[14:37:01.59] /i gi::setItemSelection {cells} -index {TG_out} -in [gi::getWindows 2]
[14:37:02.27] /i gi::setCurrentIndex {cells} -index {TG_in} -in [gi::getWindows 2]
[14:37:02.28] /i gi::setItemSelection {cells} -index {TG_in} -in [gi::getWindows 2]
[14:37:02.93] /i gi::setCurrentIndex {views} -index {schematic} -in [gi::getWindows 2]
[14:37:02.94] /i gi::setItemSelection {views} -index {schematic} -in [gi::getWindows 2]
[14:37:03.16] /i gi::executeAction dmOpen -in [gi::getWindows 2]
[14:37:03.18] /r giWindowId 17
[14:37:03.19] /r giWindowGeometry 1632x1020
[14:37:03.34] /o "project_d_ff/TG_in/schematic" design does not need checking
[14:37:05.86] /i gi::setActiveWindow 16
[14:37:05.86] /i gi::setActiveWindow 16 -raise true
[14:37:08.11] /i gi::executeAction deCanvasDragCancel -in [gi::getWindows 16]
[14:37:11.37] /# gi::executeAction deCanvasZoomInAtPoint -in [gi::getWindows 16]
[14:37:11.37] /i de::zoom -window [gi::getWindows 16] -factor 2.0 -center {2.55 3.575}
[14:37:11.37] /o {-0.09375 1.55} {5.16875 4.44375}
[14:37:12.30] /# gi::executeAction deCanvasZoomInAtPoint -in [gi::getWindows 16]
[14:37:12.30] /i de::zoom -window [gi::getWindows 16] -factor 2.0 -center {2.55625 3.65}
[14:37:12.30] /o {1.23125 2.6} {3.8625 4.05}
[14:37:13.84] /# gi::executeAction deCanvasZoomOutAtPoint -in [gi::getWindows 16]
[14:37:13.84] /i de::zoom -window [gi::getWindows 16] -factor 0.5 -center {2.55625 3.63125}
[14:37:13.84] /o {-0.09375 1.56875} {5.16875 4.4625}
[14:37:14.66] /i gi::setActiveWindow 15
[14:37:14.66] /i gi::setActiveWindow 15 -raise true
[14:37:15.29] /i gi::setActiveWindow 16
[14:37:15.29] /i gi::setActiveWindow 16 -raise true
[14:37:16.31] /i gi::setActiveWindow 17
[14:37:16.31] /i gi::setActiveWindow 17 -raise true
[14:37:19.82] /i gi::executeAction giCloseWindow -in [gi::getWindows 17]
[14:37:19.83] /i gi::setActiveWindow 16
[14:37:19.83] /i gi::setActiveWindow 16 -raise true
[14:37:20.76] /i gi::setActiveWindow 2
[14:37:20.76] /i gi::setActiveWindow 2 -raise true
[14:37:24.11] /i gi::setCurrentIndex {views} -index {layout} -in [gi::getWindows 2]
[14:37:24.11] /i gi::setItemSelection {views} -index {layout} -in [gi::getWindows 2]
[14:37:24.26] /i gi::executeAction dmOpen -in [gi::getWindows 2]
[14:37:24.68] /r giWindowId 18
[14:37:24.68] /r giWindowGeometry 1632x1020
[14:37:24.71] /# de::setActiveLPP [de::getLPPs "exclude blockage" -from [db::getAttr editDesign -of [de::getContexts -window 18]]]
[14:37:25.34] /# gi::executeAction deCanvasZoomOutAtPoint -in [gi::getWindows 18]
[14:37:25.34] /i de::zoom -window [gi::getWindows 18] -factor 0.5 -center {7.194 6.43}
[14:37:25.34] /o {1.566 1.481} {11.716 7.463}
[14:37:26.26] /# gi::executeAction deCanvasZoomInAtPoint -in [gi::getWindows 18]
[14:37:26.26] /i de::zoom -window [gi::getWindows 18] -factor 2.0 -center {6.534 6.681}
[14:37:26.26] /o {4.05 4.081} {9.125 7.072}
[14:37:26.97] /# gi::executeAction deSelectByWindow -in [gi::getWindows 18]
[14:37:26.97] /i db::setPrefValue deSelectMode -value Replace -scope [db::getScopes [db::getNext [de::getContexts -window 18]]]; ide::selectByRegion -region rectangle -point {5.835 6.905} 
[14:37:27.47] /# gi::executeAction deEndDrag -in [gi::getWindows 18]
[14:37:27.47] /i de::endDrag {8.288 3.987} -context [db::getNext [de::getContexts -window 18]]
[14:37:28.26] /# gi::executeAction leCopy -in [gi::getWindows 18]
[14:37:28.26] /i ile::copy
[14:37:28.42] /# gi::executeAction deAddPoint -in [gi::getWindows 18]
[14:37:28.42] /i de::addPoint {7.116 5.877} -context [db::getNext [de::getContexts -window 18]]
[14:37:29.03] /i gi::setActiveWindow 15 -raise true
[14:37:29.03] /i gi::setActiveWindow 15 -raise true
[14:37:29.67] /# gi::executeAction deCanvasZoomOutAtPoint -in [gi::getWindows 15]
[14:37:29.67] /i de::zoom -window [gi::getWindows 15] -factor 0.5 -center {0.124 0.046}
[14:37:29.67] /o {-0.909 -0.509} {0.662 0.417}
[14:37:29.71] /# gi::executeAction deCanvasZoomOutAtPoint -in [gi::getWindows 15]
[14:37:29.71] /i de::zoom -window [gi::getWindows 15] -factor 0.5 -center {0.127 0.059}
[14:37:29.71] /o {-1.946 -1.077} {1.196 0.775}
[14:37:30.21] /# gi::executeAction deCanvasZoomOutAtPoint -in [gi::getWindows 15]
[14:37:30.21] /i de::zoom -window [gi::getWindows 15] -factor 0.5 -center {0.234 0.313}
[14:37:30.21] /o {-4.126 -2.467} {2.158 1.237}
[14:37:30.22] /# gi::executeAction deCanvasZoomOutAtPoint -in [gi::getWindows 15]
[14:37:30.22] /i de::zoom -window [gi::getWindows 15] -factor 0.5 -center {0.234 0.313}
[14:37:30.22] /o {-8.486 -5.247} {4.082 2.161}
[14:37:30.26] /# gi::executeAction deCanvasZoomOutAtPoint -in [gi::getWindows 15]
[14:37:30.26] /i de::zoom -window [gi::getWindows 15] -factor 0.5 -center {0.234 0.313}
[14:37:30.26] /o {-17.206 -10.807} {7.93 4.009}
[14:37:30.85] /# gi::executeAction deCanvasZoomInAtPoint -in [gi::getWindows 15]
[14:37:30.85] /i de::zoom -window [gi::getWindows 15] -factor 2.0 -center {2.298 2.313}
[14:37:30.85] /o {-7.454 -4.247} {5.114 3.161}
[14:37:30.94] /# gi::executeAction deCanvasZoomInAtPoint -in [gi::getWindows 15]
[14:37:30.94] /i de::zoom -window [gi::getWindows 15] -factor 2.0 -center {2.242 2.249}
[14:37:30.94] /o {-2.606 -0.999} {3.678 2.705}
[14:37:31.43] /# gi::executeAction deAddPoint -in [gi::getWindows 15]
[14:37:31.43] /i de::addPoint {1.754 1.861} -context [db::getNext [de::getContexts -window 15]]
[14:37:31.59] /# gi::executeAction deFitView -in [gi::getWindows 15]
[14:37:31.59] /i de::fit -window 15 -fitView true
[14:37:31.59] /o {-0.762 0.067} {3.922 2.828}
[14:37:31.87] /# gi::executeAction deSelectActive -in [gi::getWindows 15]
[14:37:31.87] /i de::deselectAll [db::getNext [de::getContexts -window 15]]
[14:37:31.87] /i de::deselectAllLogic -context [db::getNext [de::getContexts -window 15]]
[14:37:32.09] /i gi::executeAction deCanvasDragCancel -in [gi::getWindows 15]
[14:37:34.59] /i gi::setField {stopLevel} -value {2} -in [gi::getToolbars {leHierarchy} -from [gi::getWindows 15]]
[14:37:35.06] /# gi::executeAction deSelectActive -in [gi::getWindows 15]
[14:37:35.06] /i de::deselectAllLogic -context [db::getNext [de::getContexts -window 15]]
[14:37:39.99] /i gi::setField {stopLevel} -value {3} -in [gi::getToolbars {leHierarchy} -from [gi::getWindows 15]]
[14:37:40.22] /# gi::executeAction deSelectActive -in [gi::getWindows 15]
[14:37:40.22] /i de::deselectAllLogic -context [db::getNext [de::getContexts -window 15]]
[14:37:40.51] /# gi::executeAction deCanvasZoomInAtPoint -in [gi::getWindows 15]
[14:37:40.51] /i de::zoom -window [gi::getWindows 15] -factor 2.0 -center {1.698 1.448}
[14:37:40.51] /o {0.468 0.757} {2.81 2.138}
[14:37:40.83] /# gi::executeAction deSelectActive -in [gi::getWindows 15]
[14:37:40.83] /i de::deselectAllLogic -context [db::getNext [de::getContexts -window 15]]
[14:37:41.20] /# gi::executeAction deSelectActive -in [gi::getWindows 15]
[14:37:41.20] /i de::deselectAllLogic -context [db::getNext [de::getContexts -window 15]]
[14:37:41.66] /# gi::executeAction deCanvasZoomOutAtPoint -in [gi::getWindows 15]
[14:37:41.66] /i de::zoom -window [gi::getWindows 15] -factor 0.5 -center {1.725 1.78}
[14:37:41.66] /o {-0.789 -0.265} {3.895 2.496}
[14:37:42.17] /# gi::executeAction deSelectActive -in [gi::getWindows 15]
[14:37:42.17] /i de::deselectAll [db::getNext [de::getContexts -window 15]]
[14:37:42.17] /i de::select [de::getActiveFigure [gi::getWindows 15] -point {1.79 1.974} -index 0 -intent none]
[14:37:42.17] /o oa:0x26dbe470
[14:37:42.63] /# gi::executeAction leStartStretchDrag -in [gi::getWindows 15]
[14:37:42.63] /i layout_editor::directStretch [de::getActiveFigure [gi::getWindows 15] -point {1.745 1.798} -index 0 -intent none] 15
[14:37:42.63] /# ile::stretch -point {1.745 1.8}
[14:37:43.05] /# gi::executeAction deEndDrag -in [gi::getWindows 15]
[14:37:43.05] /i de::endDrag {2.533 1.509} -context [db::getNext [de::getContexts -window 15]]
[14:37:43.64] /# gi::executeAction deSelectActive -in [gi::getWindows 15]
[14:37:43.64] /i de::deselectAll [db::getNext [de::getContexts -window 15]]
[14:37:43.64] /i de::deselectAllLogic -context [db::getNext [de::getContexts -window 15]]
[14:37:45.46] /i gi::setField {stopLevel} -value {2} -in [gi::getToolbars {leHierarchy} -from [gi::getWindows 15]]
[14:37:45.91] /# gi::executeAction leStartStretchDrag -in [gi::getWindows 15]
[14:37:45.91] /i layout_editor::directStretch [de::getActiveFigure [gi::getWindows 15] -point {2.863 2.094} -index 0 -intent none] 15
[14:37:45.91] /# db::setPrefValue deSelectMode -value Replace -scope [db::getScopes [db::getNext [de::getContexts -window 15]]]; ide::selectByRegion -region rectangle -point {2.865 2.095} 
[14:37:46.09] /# gi::executeAction deEndDrag -in [gi::getWindows 15]
[14:37:46.09] /i de::endDrag {2.801 2.094} -context [db::getNext [de::getContexts -window 15]]
[14:37:46.35] /# gi::executeAction deSelectActive -in [gi::getWindows 15]
[14:37:46.35] /i de::deselectAll [db::getNext [de::getContexts -window 15]]
[14:37:46.35] /i de::select [de::getActiveFigure [gi::getWindows 15] -point {2.908 2.091} -index 0 -intent none]
[14:37:46.35] /o oa:0x26ca9510
[14:37:46.78] /# gi::executeAction leStartStretchDrag -in [gi::getWindows 15]
[14:37:46.78] /i layout_editor::directStretch [de::getActiveFigure [gi::getWindows 15] -point {2.908 2.091} -index 0 -intent none] 15
[14:37:46.78] /# ile::stretch -point {2.91 2.09}
[14:37:47.28] /# gi::executeAction deEndDrag -in [gi::getWindows 15]
[14:37:47.28] /i de::endDrag {2.005 2.085} -context [db::getNext [de::getContexts -window 15]]
[14:37:49.61] /i gi::setActiveWindow 2
[14:37:49.61] /i gi::setActiveWindow 2 -raise true
[14:37:51.82] /i gi::setCurrentIndex {libs} -index {new_dff} -in [gi::getWindows 2]
[14:37:51.82] /i gi::setItemSelection {libs} -index {new_dff} -in [gi::getWindows 2]
[14:37:54.44] /# gi::executeAction dbShowTechnologyManager -in [gi::getWindows 2]
[14:37:54.44] /i db::showManageTechnology
[14:37:54.44] /r giWindowId 19
[14:37:54.45] /r giWindowGeometry 350x400
[14:37:54.50] /# gi::setItemSelection {techTechnologyManagerLibWidget} -index {{analogLib}} -in [gi::getWindows 19]
[14:37:54.50] /# gi::setItemSelection {techTechnologyManagerLibWidget} -index {} -in [gi::getWindows 19]
[14:37:54.50] /# gi::setItemSelection {techTechnologyManagerLibWidget} -index {{new_dff}} -in [gi::getWindows 19]
[14:37:54.51] /o oa:0x1e8ac1d0
[14:37:55.50] /i gi::setCurrentIndex {techTechnologyManagerLibWidget} -index {new_dff , Attachment} -in [gi::getWindows 19]
[14:37:56.77] /i gi::setField {techTechnologyManagerLibWidget} -value {new_dff} -index {new_dff,Attachment} -in [gi::getWindows 19]
[14:37:56.83] /r giDialog gi::setActiveDialog [gi::getDialogs {deCloseDesigns}]
[14:37:56.83] /r giDialog gi::setCurrentIndex {target} -index {0,1} -in [gi::getDialogs {deCloseDesigns}]
[14:37:57.06] /r giDialog db::setAttr geometry -of [gi::getDialogs {deCloseDesigns}] -value 347x280+777+415
[14:37:57.94] /r giDialog gi::pressButton {ok} -in [gi::getDialogs {deCloseDesigns}]
[14:37:57.94] /m Information: Saving design 'new_dff D_latch layout'. (DESIGN_WINDOW-004)
[14:37:58.01] /m Information: The context with top design new_dff/D_latch/layout was closed because all the designs in its hierarchy were unexpectedly purged. (DESIGN-113)
[14:37:58.04] /m Information: The context with top design new_dff/D_latch/schematic was closed because all the designs in its hierarchy were unexpectedly purged. (DESIGN-113)
[14:37:58.95] /i gi::setActiveWindow 18
[14:37:58.95] /i gi::setActiveWindow 18 -raise true
[14:37:59.99] /i gi::setActiveWindow 19
[14:37:59.99] /i gi::setActiveWindow 19 -raise true
[14:38:00.40] /i gi::setActiveWindow 2
[14:38:00.40] /i gi::setActiveWindow 2 -raise true
[14:38:01.33] /i gi::setCurrentIndex {cells} -index {d_ff} -in [gi::getWindows 2]
[14:38:01.34] /i gi::setItemSelection {cells} -index {d_ff} -in [gi::getWindows 2]
[14:38:02.31] /i gi::setCurrentIndex {cells} -index {d_ff_tb} -in [gi::getWindows 2]
[14:38:02.31] /i gi::setItemSelection {cells} -index {d_ff_tb} -in [gi::getWindows 2]
[14:38:02.72] /i gi::setCurrentIndex {cells} -index {d_ff} -in [gi::getWindows 2]
[14:38:02.72] /i gi::setItemSelection {cells} -index {d_ff} -in [gi::getWindows 2]
[14:38:02.97] /i gi::setCurrentIndex {cells} -index {D_latch} -in [gi::getWindows 2]
[14:38:02.97] /i gi::setItemSelection {cells} -index {D_latch} -in [gi::getWindows 2]
[14:38:03.78] /i gi::setCurrentIndex {views} -index {layout} -in [gi::getWindows 2]
[14:38:03.78] /i gi::setItemSelection {views} -index {layout} -in [gi::getWindows 2]
[14:38:03.93] /i gi::executeAction dmOpen -in [gi::getWindows 2]
[14:38:03.96] /r giWindowId 20
[14:38:03.96] /r giWindowGeometry 1632x1020
[14:38:03.99] /# de::setActiveLPP [de::getLPPs "exclude blockage" -from [db::getAttr editDesign -of [de::getContexts -window 20]]]
[14:38:04.90] /# gi::executeAction deSelectActive -in [gi::getWindows 20]
[14:38:04.90] /i de::deselectAllLogic -context [db::getNext [de::getContexts -window 20]]
[14:38:06.33] /i gi::setField {stopLevel} -value {2} -in [gi::getToolbars {leHierarchy} -from [gi::getWindows 20]]
[14:38:06.90] /# gi::executeAction deSelectActive -in [gi::getWindows 20]
[14:38:06.90] /i de::deselectAllLogic -context [db::getNext [de::getContexts -window 20]]
[14:38:07.22] /# gi::executeAction deSelectActive -in [gi::getWindows 20]
[14:38:07.22] /i de::deselectAllLogic -context [db::getNext [de::getContexts -window 20]]
[14:38:07.99] /# gi::executeAction deSelectActive -in [gi::getWindows 20]
[14:38:07.99] /i de::deselectAll [db::getNext [de::getContexts -window 20]]
[14:38:07.99] /i de::select [de::getActiveFigure [gi::getWindows 20] -point {1.613 2.646} -index 0 -intent none]
[14:38:07.99] /o oa:0x2625b780
[14:38:08.86] /# gi::executeAction leStartStretchDrag -in [gi::getWindows 20]
[14:38:08.86] /i layout_editor::directStretch [de::getActiveFigure [gi::getWindows 20] -point {1.613 2.649} -index 0 -intent none] 20
[14:38:08.86] /# ile::stretch -point {1.615 2.65}
[14:38:09.28] /# gi::executeAction deEndDrag -in [gi::getWindows 20]
[14:38:09.28] /i de::endDrag {1.541 2.649} -context [db::getNext [de::getContexts -window 20]]
[14:38:09.52] /# gi::executeAction deSelectActive -in [gi::getWindows 20]
[14:38:09.52] /i de::deselectAll [db::getNext [de::getContexts -window 20]]
[14:38:09.52] /i de::select [de::getActiveFigure [gi::getWindows 20] -point {2.033 2.431} -index 0 -intent none]
[14:38:09.52] /o oa:0x2454ea80
[14:38:09.98] /# gi::executeAction deSelectActive -in [gi::getWindows 20]
[14:38:09.98] /i de::cycleActiveFigure [gi::getWindows 20] -direction next
[14:38:09.98] /o oa:0x25ab2e30
[14:38:09.98] /i de::deselectAll [db::getNext [de::getContexts -window 20]]
[14:38:09.98] /i de::select [de::getActiveFigure [gi::getWindows 20] -point {2.033 2.426} -index 1 -intent none]
[14:38:09.98] /o oa:0x24be29d0
[14:38:10.52] /# gi::executeAction leStartStretchDrag -in [gi::getWindows 20]
[14:38:10.52] /i layout_editor::directStretch [de::getActiveFigure [gi::getWindows 20] -point {2.033 2.426} -index 1 -intent none] 20
[14:38:10.53] /# ile::stretch -point {2.035 2.425}
[14:38:12.82] /# gi::executeAction deEndDrag -in [gi::getWindows 20]
[14:38:12.82] /i de::endDrag {2.155 2.44} -context [db::getNext [de::getContexts -window 20]]
[14:38:13.72] /# gi::executeAction deCanvasZoomInAtPoint -in [gi::getWindows 20]
[14:38:13.72] /i de::zoom -window [gi::getWindows 20] -factor 2.0 -center {1.487 1.278}
[14:38:13.72] /o {0.305 0.672} {2.647 2.053}
[14:38:14.21] /# gi::executeAction deCanvasZoomOutAtPoint -in [gi::getWindows 20]
[14:38:14.21] /i de::zoom -window [gi::getWindows 20] -factor 0.5 -center {1.487 1.278}
[14:38:14.21] /o {-0.877 0.067} {3.807 2.828}
[14:38:15.72] /i gi::setField {stopLevel} -value {1} -in [gi::getToolbars {leHierarchy} -from [gi::getWindows 20]]
[14:38:16.39] /# gi::executeAction deSelectActive -in [gi::getWindows 20]
[14:38:16.39] /i de::deselectAll [db::getNext [de::getContexts -window 20]]
[14:38:16.39] /i de::deselectAllLogic -context [db::getNext [de::getContexts -window 20]]
[14:38:16.66] /# gi::executeAction deCanvasZoomInAtPoint -in [gi::getWindows 20]
[14:38:16.66] /i de::zoom -window [gi::getWindows 20] -factor 2.0 -center {1.899 0.982}
[14:38:16.66] /o {0.511 0.524} {2.853 1.905}
[14:38:17.43] /# gi::executeAction deCanvasZoomOutAtPoint -in [gi::getWindows 20]
[14:38:17.43] /i de::zoom -window [gi::getWindows 20] -factor 0.5 -center {1.897 0.984}
[14:38:17.43] /o {-0.875 0.065} {3.809 2.826}
[14:38:18.14] /# gi::executeAction deCanvasZoomInAtPoint -in [gi::getWindows 20]
[14:38:18.14] /i de::zoom -window [gi::getWindows 20] -factor 2.0 -center {1.74 1.24}
[14:38:18.14] /o {0.432 0.652} {2.775 2.033}
[14:38:18.24] /# gi::executeAction deCanvasZoomInAtPoint -in [gi::getWindows 20]
[14:38:18.24] /i de::zoom -window [gi::getWindows 20] -factor 2.0 -center {1.752 1.218}
[14:38:18.24] /o {1.092 0.935} {2.263 1.626}
[14:38:18.65] /# gi::executeAction deSelectActive -in [gi::getWindows 20]
[14:38:18.65] /i de::deselectAll [db::getNext [de::getContexts -window 20]]
[14:38:18.65] /i de::select [de::getActiveFigure [gi::getWindows 20] -point {1.752 1.205} -index 0 -intent none]
[14:38:18.65] /o oa:0x26127630
[14:38:20.19] /# gi::executeAction leDelete -in [gi::getWindows 20]
[14:38:20.19] /i ile::delete
[14:38:20.84] /# gi::executeAction deSelectActive -in [gi::getWindows 20]
[14:38:20.84] /i de::deselectAllLogic -context [db::getNext [de::getContexts -window 20]]
[14:38:20.93] /i gi::executeAction deCanvasDragCancel -in [gi::getWindows 20]
[14:38:21.28] /# gi::executeAction deCanvasZoomOutAtPoint -in [gi::getWindows 20]
[14:38:21.28] /i de::zoom -window [gi::getWindows 20] -factor 0.5 -center {1.354 1.163}
[14:38:21.28] /o {0.83 0.707} {3.173 2.088}
[14:38:21.33] /# gi::executeAction deCanvasZoomOutAtPoint -in [gi::getWindows 20]
[14:38:21.33] /i de::zoom -window [gi::getWindows 20] -factor 0.5 -center {1.354 1.162}
[14:38:21.33] /o {0.307 0.253} {4.991 3.014}
[14:38:21.58] /# gi::executeAction deFitView -in [gi::getWindows 20]
[14:38:21.58] /i de::fit -window 20 -fitView true
[14:38:21.59] /o {-0.757 0.067} {3.927 2.828}
[14:38:22.25] /# gi::executeAction deCanvasZoomInAtPoint -in [gi::getWindows 20]
[14:38:22.25] /i de::zoom -window [gi::getWindows 20] -factor 2.0 -center {0.811 1.099}
[14:38:22.25] /o {0.027 0.583} {2.369 1.964}
[14:38:23.06] /# gi::executeAction deSelectActive -in [gi::getWindows 20]
[14:38:23.06] /i de::deselectAll [db::getNext [de::getContexts -window 20]]
[14:38:23.06] /i de::select [de::getActiveFigure [gi::getWindows 20] -point {0.968 1.202} -index 0 -intent none]
[14:38:23.06] /o oa:0x1f320270
[14:38:23.94] /# gi::executeAction leDelete -in [gi::getWindows 20]
[14:38:23.94] /i ile::delete
[14:38:24.07] /i gi::executeAction deCanvasDragCancel -in [gi::getWindows 20]
[14:38:25.37] /i gi::executeAction deSaveDesign -in [gi::getWindows 20]
[14:38:25.37] /m Information: Saving design 'new_dff D_latch layout'. (DESIGN_WINDOW-004)
[14:38:26.25] /# gi::executeAction deCanvasZoomOutAtPoint -in [gi::getWindows 20]
[14:38:26.25] /i de::zoom -window [gi::getWindows 20] -factor 0.5 -center {1.489 1.184}
[14:38:26.25] /o {-1.435 -0.018} {3.249 2.743}
[14:38:27.25] /# gi::executeAction deSelectActive -in [gi::getWindows 20]
[14:38:27.25] /i de::deselectAll [db::getNext [de::getContexts -window 20]]
[14:38:27.25] /i de::select [de::getActiveFigure [gi::getWindows 20] -point {1.967 0.548} -index 0 -intent none]
[14:38:27.25] /o oa:0x257ab910
[14:38:27.74] /# gi::executeAction leStartStretchDrag -in [gi::getWindows 20]
[14:38:27.74] /i layout_editor::directStretch [de::getActiveFigure [gi::getWindows 20] -point {1.967 0.548} -index 0 -intent none] 20
[14:38:27.74] /# ile::stretch -point {1.965 0.55}
[14:38:30.51] /# gi::executeAction deEndDrag -in [gi::getWindows 20]
[14:38:30.51] /i de::endDrag {1.973 0.575} -context [db::getNext [de::getContexts -window 20]]
[14:38:30.91] /# gi::executeAction deSelectActive -in [gi::getWindows 20]
[14:38:30.91] /i de::deselectAll [db::getNext [de::getContexts -window 20]]
[14:38:30.91] /i de::deselectAllLogic -context [db::getNext [de::getContexts -window 20]]
[14:38:39.59] /# gi::executeAction deCanvasZoomInAtPoint -in [gi::getWindows 20]
[14:38:39.59] /i de::zoom -window [gi::getWindows 20] -factor 2.0 -center {1.439 0.39}
[14:38:39.59] /o {0.002 0.186} {2.344 1.567}
[14:38:39.64] /# gi::executeAction deCanvasZoomInAtPoint -in [gi::getWindows 20]
[14:38:39.64] /i de::zoom -window [gi::getWindows 20] -factor 2.0 -center {1.442 0.389}
[14:38:39.64] /o {0.722 0.287} {1.893 0.978}
[14:38:40.13] /# gi::executeAction leStretch -in [gi::getWindows 20]
[14:38:40.13] /i ile::stretch
[14:38:40.77] /# gi::executeAction deAddPoint -in [gi::getWindows 20]
[14:38:40.77] /i de::addPoint {1.291 0.481} -context [db::getNext [de::getContexts -window 20]]
[14:38:41.65] /# gi::executeAction deAddPoint -in [gi::getWindows 20]
[14:38:41.65] /i de::addPoint {1.295 0.533} -context [db::getNext [de::getContexts -window 20]]
[14:38:41.96] /# gi::executeAction deAbortCommand -in [gi::getWindows 20]
[14:38:41.96] /i de::abortCommand -context [db::getNext [de::getContexts -window 20]]
[14:38:43.86] /# gi::executeAction xtDRCRun -in [gi::getWindows 20]
[14:38:43.86] /i xt::physicalVerification::executeRun drc 20
[14:38:44.03] /# xt::physicalVerification::executePve drc 20
[14:38:44.84] /r giWindowId 21
[14:38:44.85] /r giWindowGeometry 800x600
[14:38:46.27] /m Information: 
              /c =============================
              /c JobID: hercules_drc_25
              /c Completed with no errors.
              /c =============================
              /c 
[14:38:47.54] /i gi::executeAction giCloseWindow -in [gi::getWindows 21]
[14:38:47.56] /i gi::setActiveWindow 20
[14:38:47.56] /i gi::setActiveWindow 20 -raise true
[14:38:48.11] /i gi::setActiveWindow 19
[14:38:48.11] /i gi::setActiveWindow 19 -raise true
[14:38:48.58] /i gi::executeAction giCloseWindow -in [gi::getWindows 19]
[14:38:48.59] /i gi::setActiveWindow 20
[14:38:48.59] /i gi::setActiveWindow 20 -raise true
[14:38:49.33] /# gi::executeAction deCanvasZoomOutAtPoint -in [gi::getWindows 20]
[14:38:49.33] /i de::zoom -window [gi::getWindows 20] -factor 0.5 -center {1.371 0.803}
[14:38:49.33] /o {0.073 -0.228} {2.415 1.153}
[14:38:49.38] /# gi::executeAction deCanvasZoomOutAtPoint -in [gi::getWindows 20]
[14:38:49.38] /i de::zoom -window [gi::getWindows 20] -factor 0.5 -center {1.376 0.804}
[14:38:49.38] /o {-1.23 -1.26} {3.454 1.501}
[14:38:50.19] /# gi::executeAction deFitView -in [gi::getWindows 20]
[14:38:50.19] /i de::fit -window 20 -fitView true
[14:38:50.19] /o {-0.757 0.067} {3.927 2.828}
[14:38:56.33] /# gi::executeAction deCanvasZoomInAtPoint -in [gi::getWindows 20]
[14:38:56.33] /i de::zoom -window [gi::getWindows 20] -factor 2.0 -center {0.758 1.617}
[14:38:56.34] /o {0.0 0.842} {2.343 2.223}
[14:38:56.94] /# gi::executeAction deCanvasZoomInAtPoint -in [gi::getWindows 20]
[14:38:56.94] /i de::zoom -window [gi::getWindows 20] -factor 2.0 -center {0.859 1.523}
[14:38:56.94] /o {0.43 1.182} {1.601 1.873}
[14:38:57.48] /# gi::executeAction deSelectActive -in [gi::getWindows 20]
[14:38:57.48] /i de::deselectAll [db::getNext [de::getContexts -window 20]]
[14:38:57.48] /i de::select [de::getActiveFigure [gi::getWindows 20] -point {0.994 1.454} -index 0 -intent none]
[14:38:57.48] /o oa:0x261ca0d0
[14:38:58.35] /# gi::executeAction deSelectActive -in [gi::getWindows 20]
[14:38:58.35] /i de::deselectAll [db::getNext [de::getContexts -window 20]]
[14:38:58.35] /i de::select [de::getActiveFigure [gi::getWindows 20] -point {1.144 1.463} -index 0 -intent none]
[14:38:58.35] /o oa:0x2098cc90
[14:38:59.29] /# gi::executeAction deSelectActive -in [gi::getWindows 20]
[14:38:59.29] /i de::deselectAll [db::getNext [de::getContexts -window 20]]
[14:38:59.29] /i de::select [de::getActiveFigure [gi::getWindows 20] -point {0.998 1.277} -index 0 -intent none]
[14:38:59.29] /o oa:0x1fe9f990
[14:39:00.08] /# gi::executeAction deFitView -in [gi::getWindows 20]
[14:39:00.08] /i de::fit -window 20 -fitView true
[14:39:00.08] /o {-0.757 0.067} {3.927 2.828}
[14:39:01.08] /# gi::executeAction deSelectActive -in [gi::getWindows 20]
[14:39:01.08] /i de::deselectAll [db::getNext [de::getContexts -window 20]]
[14:39:01.08] /i de::deselectAllLogic -context [db::getNext [de::getContexts -window 20]]
[14:39:02.49] /# gi::executeAction leVia -in [gi::getWindows 20]
[14:39:02.49] /i ile::createVia
[14:39:02.53] /o oa:0x2082daa0
[14:39:03.49] /i gi::setField {viaAuto} -value {true} -in [gi::getToolbars {deCommandOptions} -from [gi::getWindows 20]]
[14:39:04.78] /# gi::executeAction deAddPoint -in [gi::getWindows 20]
[14:39:04.78] /i de::addPoint {1.384 1.465} -context [db::getNext [de::getContexts -window 20]]
[14:39:05.29] /# gi::executeAction deAddPoint -in [gi::getWindows 20]
[14:39:05.29] /i de::addPoint {0.91 1.459} -context [db::getNext [de::getContexts -window 20]]
[14:39:05.30] /w Warning: No via created in some regions because they are creating shorts or they contain via(s)/cut shape(s). (LE_CREATE-150)
[14:39:05.77] /# gi::executeAction deAddPoint -in [gi::getWindows 20]
[14:39:05.77] /i de::addPoint {0.907 1.018} -context [db::getNext [de::getContexts -window 20]]
[14:39:06.15] /# gi::executeAction deAddPoint -in [gi::getWindows 20]
[14:39:06.15] /i de::addPoint {1.336 0.982} -context [db::getNext [de::getContexts -window 20]]
[14:39:06.50] /# gi::executeAction deAddPoint -in [gi::getWindows 20]
[14:39:06.50] /i de::addPoint {1.3 0.973} -context [db::getNext [de::getContexts -window 20]]
[14:39:06.72] /# gi::executeAction deAbortCommand -in [gi::getWindows 20]
[14:39:06.73] /i de::abortCommand -context [db::getNext [de::getContexts -window 20]]
[14:39:07.91] /i gi::executeAction deSaveDesign -in [gi::getWindows 20]
[14:39:07.91] /m Information: Saving design 'new_dff D_latch layout'. (DESIGN_WINDOW-004)
[14:39:08.95] /# gi::executeAction xtDRCRun -in [gi::getWindows 20]
[14:39:08.95] /i xt::physicalVerification::executeRun drc 20
[14:39:09.06] /# xt::physicalVerification::executePve drc 20
[14:39:10.09] /r giWindowId 22
[14:39:10.11] /r giWindowGeometry 800x600
[14:39:11.66] /m Information: 
              /c =============================
              /c JobID: hercules_drc_26
              /c Completed with no errors.
              /c =============================
              /c 
[14:39:14.28] /i gi::setActiveWindow 18
[14:39:14.28] /i gi::setActiveWindow 18 -raise true
[14:39:15.45] /# gi::executeAction deSelectActive -in [gi::getWindows 18]
[14:39:15.45] /i de::deselectAll [db::getNext [de::getContexts -window 18]]
[14:39:15.45] /i de::deselectAllLogic -context [db::getNext [de::getContexts -window 18]]
[14:39:17.26] /i gi::executeAction giCloseWindow -in [gi::getWindows 18]
[14:39:17.27] /i gi::setActiveWindow 22
[14:39:17.27] /i gi::setActiveWindow 22 -raise true
[14:39:18.32] /i gi::setActiveWindow 20
[14:39:18.32] /i gi::setActiveWindow 20 -raise true
[14:39:19.04] /# gi::executeAction deSelectActive -in [gi::getWindows 20]
[14:39:19.04] /i de::deselectAllLogic -context [db::getNext [de::getContexts -window 20]]
[14:39:19.83] /# gi::executeAction deSelectByWindow -in [gi::getWindows 20]
[14:39:19.83] /i db::setPrefValue deSelectMode -value Replace -scope [db::getScopes [db::getNext [de::getContexts -window 20]]]; ide::selectByRegion -region rectangle -point {0.685 1.15} 
[14:39:20.41] /# gi::executeAction deEndDrag -in [gi::getWindows 20]
[14:39:20.41] /i de::endDrag {3.209 -0.064} -context [db::getNext [de::getContexts -window 20]]
[14:39:21.76] /# gi::executeAction leStartStretchDrag -in [gi::getWindows 20]
[14:39:21.76] /i layout_editor::directStretch [de::getActiveFigure [gi::getWindows 20] -point {1.917 0.723} -index 0 -intent none] 20
[14:39:21.76] /# ile::stretch -point {1.915 0.725}
[14:39:25.97] /# gi::executeAction deEndDrag -in [gi::getWindows 20]
[14:39:25.98] /i de::endDrag {1.944 0.437} -context [db::getNext [de::getContexts -window 20]]
[14:39:26.34] /# gi::executeAction deSelectActive -in [gi::getWindows 20]
[14:39:26.34] /i de::deselectAll [db::getNext [de::getContexts -window 20]]
[14:39:26.34] /i de::deselectAllLogic -context [db::getNext [de::getContexts -window 20]]
[14:39:27.09] /# gi::executeAction deSelectActive -in [gi::getWindows 20]
[14:39:27.09] /i de::deselectAll [db::getNext [de::getContexts -window 20]]
[14:39:27.09] /i de::select [de::getActiveFigure [gi::getWindows 20] -point {1.008 0.753} -index 0 -intent none]
[14:39:27.09] /o oa:0x24d0ea80
[14:39:28.01] /# gi::executeAction leDelete -in [gi::getWindows 20]
[14:39:28.01] /i ile::delete
[14:39:28.34] /# gi::executeAction deSelectActive -in [gi::getWindows 20]
[14:39:28.34] /i de::deselectAllLogic -context [db::getNext [de::getContexts -window 20]]
[14:39:28.87] /# gi::executeAction deSelectActive -in [gi::getWindows 20]
[14:39:28.87] /i de::deselectAll [db::getNext [de::getContexts -window 20]]
[14:39:28.87] /i de::select [de::getActiveFigure [gi::getWindows 20] -point {1.309 0.753} -index 0 -intent none]
[14:39:28.87] /o oa:0x1fe86b00
[14:39:29.04] /# gi::executeAction leDelete -in [gi::getWindows 20]
[14:39:29.04] /i ile::delete
[14:39:29.64] /i gi::executeAction deCanvasDragCancel -in [gi::getWindows 20]
[14:39:30.99] /# gi::executeAction leStretch -in [gi::getWindows 20]
[14:39:30.99] /i ile::stretch
[14:39:31.81] /# gi::executeAction deAddPoint -in [gi::getWindows 20]
[14:39:31.81] /i de::addPoint {0.963 0.875} -context [db::getNext [de::getContexts -window 20]]
[14:39:32.87] /# gi::executeAction deCanvasZoomInAtPoint -in [gi::getWindows 20]
[14:39:32.87] /i de::zoom -window [gi::getWindows 20] -factor 2.0 -center {0.972 0.58}
[14:39:32.87] /o {0.107 0.323} {2.45 1.704}
[14:39:34.23] /# gi::executeAction deAddPoint -in [gi::getWindows 20]
[14:39:34.23] /i de::addPoint {0.971 0.586} -context [db::getNext [de::getContexts -window 20]]
[14:39:35.87] /# gi::executeAction deCanvasZoomOutAtPoint -in [gi::getWindows 20]
[14:39:35.87] /i de::zoom -window [gi::getWindows 20] -factor 0.5 -center {1.65 0.558}
[14:39:35.87] /o {-1.435 0.089} {3.249 2.85}
[14:39:36.32] /# gi::executeAction deCanvasZoomInAtPoint -in [gi::getWindows 20]
[14:39:36.32] /i de::zoom -window [gi::getWindows 20] -factor 2.0 -center {1.878 0.155}
[14:39:36.32] /o {0.221 0.122} {2.564 1.503}
[14:39:36.67] /# gi::executeAction leStretch -in [gi::getWindows 20]
[14:39:36.67] /i ile::stretch
[14:39:37.73] /# gi::executeAction deAddPoint -in [gi::getWindows 20]
[14:39:37.73] /i de::addPoint {1.766 0.486} -context [db::getNext [de::getContexts -window 20]]
[14:39:38.61] /# gi::executeAction deAddPoint -in [gi::getWindows 20]
[14:39:38.61] /i de::addPoint {1.764 0.267} -context [db::getNext [de::getContexts -window 20]]
[14:39:39.66] /i gi::executeAction deSaveDesign -in [gi::getWindows 20]
[14:39:39.66] /m Information: Saving design 'new_dff D_latch layout'. (DESIGN_WINDOW-004)
[14:39:39.84] /# gi::executeAction deFitView -in [gi::getWindows 20]
[14:39:39.84] /i de::fit -window 20 -fitView true
[14:39:39.84] /o {-1.056 -0.239} {4.176 2.844}
[14:39:40.59] /# gi::executeAction deAddPoint -in [gi::getWindows 20]
[14:39:40.59] /i de::addPoint {2.161 0.823} -context [db::getNext [de::getContexts -window 20]]
[14:39:41.65] /# gi::executeAction deCanvasZoomInAtPoint -in [gi::getWindows 20]
[14:39:41.65] /i de::zoom -window [gi::getWindows 20] -factor 2.0 -center {1.465 2.681}
[14:39:41.65] /o {0.205 1.221} {2.82 2.763}
[14:39:41.70] /# gi::executeAction deCanvasZoomInAtPoint -in [gi::getWindows 20]
[14:39:41.70] /i de::zoom -window [gi::getWindows 20] -factor 2.0 -center {1.468 2.686}
[14:39:41.70] /o {0.836 1.953} {2.144 2.724}
[14:39:42.26] /# gi::executeAction deAddPoint -in [gi::getWindows 20]
[14:39:42.26] /i de::addPoint {1.496 2.614} -context [db::getNext [de::getContexts -window 20]]
[14:39:42.83] /# gi::executeAction deAddPoint -in [gi::getWindows 20]
[14:39:42.83] /i de::addPoint {1.491 2.614} -context [db::getNext [de::getContexts -window 20]]
[14:39:43.38] /# gi::executeAction deAddPoint -in [gi::getWindows 20]
[14:39:43.38] /i de::addPoint {1.487 2.614} -context [db::getNext [de::getContexts -window 20]]
[14:39:44.16] /# gi::executeAction leDelete -in [gi::getWindows 20]
[14:39:44.16] /i ile::delete
[14:39:44.76] /# gi::executeAction deAddPoint -in [gi::getWindows 20]
[14:39:44.76] /i de::addPoint {1.487 2.614} -context [db::getNext [de::getContexts -window 20]]
[14:39:45.20] /# gi::executeAction deAbortCommand -in [gi::getWindows 20]
[14:39:45.20] /i de::abortCommand -context [db::getNext [de::getContexts -window 20]]
[14:39:45.49] /# gi::executeAction deFitView -in [gi::getWindows 20]
[14:39:45.49] /i de::fit -window 20 -fitView true
[14:39:45.49] /o {-1.056 -0.239} {4.176 2.844}
[14:39:51.25] /i de::setActiveLPP [de::getLPPs "text drawing" -from [db::getAttr editDesign -of [de::getContexts -window 20]]]
[14:39:53.80] /# gi::executeAction leLabel -in [gi::getWindows 20]
[14:39:53.80] /i ile::createLabel
[14:39:56.24] /# gi::executeAction deAddPoint -in [gi::getWindows 20]
[14:39:56.24] /i de::addPoint {1.275 1.193} -context [db::getNext [de::getContexts -window 20]]
[14:39:56.91] /# gi::executeAction deStartDrag -in [gi::getWindows 20]
[14:39:56.91] /i de::startDrag {1.215 1.203} -context [db::getNext [de::getContexts -window 20]]
[14:39:57.18] /# gi::executeAction deEndDrag -in [gi::getWindows 20]
[14:39:57.18] /i de::endDrag {1.532 0.883} -context [db::getNext [de::getContexts -window 20]]
[14:39:57.89] /# gi::executeAction deStartDrag -in [gi::getWindows 20]
[14:39:57.89] /i de::startDrag {1.205 1.213} -context [db::getNext [de::getContexts -window 20]]
[14:39:58.17] /# gi::executeAction deEndDrag -in [gi::getWindows 20]
[14:39:58.17] /i de::endDrag {1.555 0.873} -context [db::getNext [de::getContexts -window 20]]
[14:39:59.65] /i gi::executeAction deObjectActivation -in [gi::getWindows 20]
[14:40:01.23] /i gi::setField {textMultiline} -value {TG_IN} -in [gi::getToolbars {deCommandOptions} -from [gi::getWindows 20]]
[14:40:01.23] /i gi::executeAction deObjectActivation -in [gi::getWindows 20]
[14:40:02.92] /# gi::executeAction deAddPoint -in [gi::getWindows 20]
[14:40:02.92] /i de::addPoint {1.362 1.073} -context [db::getNext [de::getContexts -window 20]]
[14:40:03.39] /# gi::executeAction deAbortCommand -in [gi::getWindows 20]
[14:40:03.39] /i de::abortCommand -context [db::getNext [de::getContexts -window 20]]
[14:40:07.75] /m Information: Stopped sharing "Custom WaveView" license. (WAVEFORM-111)
[14:40:10.87] /# gi::executeAction deCanvasZoomInAtPoint -in [gi::getWindows 20]
[14:40:10.87] /i de::zoom -window [gi::getWindows 20] -factor 2.0 -center {1.232 0.776}
[14:40:10.87] /o {0.088 0.268} {2.704 1.81}
[14:40:11.36] /# gi::executeAction deFitView -in [gi::getWindows 20]
[14:40:11.36] /i de::fit -window 20 -fitView true
[14:40:11.36] /o {-1.056 -0.239} {4.176 2.844}
[14:40:24.02] /# gi::executeAction leRectangle -in [gi::getWindows 20]
[14:40:24.03] /i ile::createRectangle
[14:40:26.37] /# gi::executeAction leVia -in [gi::getWindows 20]
[14:40:26.37] /i ile::createVia
[14:40:26.39] /o oa:0x207d6e60
[14:40:31.74] /# gi::executeAction leVia -in [gi::getWindows 20]
[14:40:31.74] /i ile::createVia
[14:40:32.78] /# gi::executeAction deAddPoint -in [gi::getWindows 20]
[14:40:32.78] /i de::addPoint {0.946 0.653} -context [db::getNext [de::getContexts -window 20]]
[14:40:33.19] /# gi::executeAction deAddPoint -in [gi::getWindows 20]
[14:40:33.19] /i de::addPoint {1.305 0.653} -context [db::getNext [de::getContexts -window 20]]
[14:40:33.80] /# gi::executeAction deAbortCommand -in [gi::getWindows 20]
[14:40:33.80] /i de::abortCommand -context [db::getNext [de::getContexts -window 20]]
[14:40:34.24] /# gi::executeAction leRectangle -in [gi::getWindows 20]
[14:40:34.24] /i ile::createRectangle
[14:40:37.52] /i de::setActiveLPP [de::getLPPs "m1 pin" -from [db::getAttr editDesign -of [de::getContexts -window 20]]]
[14:40:39.33] /# gi::executeAction leLabel -in [gi::getWindows 20]
[14:40:39.33] /i ile::createLabel
[14:40:41.69] /i gi::executeAction deObjectActivation -in [gi::getWindows 20]
[14:40:41.97] /i gi::setField {textMultiline} -value {D} -in [gi::getToolbars {deCommandOptions} -from [gi::getWindows 20]]
[14:40:41.97] /i gi::executeAction deObjectActivation -in [gi::getWindows 20]
[14:40:42.42] /# gi::executeAction deCanvasZoomInAtPoint -in [gi::getWindows 20]
[14:40:42.42] /i de::zoom -window [gi::getWindows 20] -factor 2.0 -center {0.836 1.013}
[14:40:42.42] /o {-0.11 0.387} {2.506 1.929}
[14:40:42.50] /# gi::executeAction deCanvasZoomInAtPoint -in [gi::getWindows 20]
[14:40:42.51] /i de::zoom -window [gi::getWindows 20] -factor 2.0 -center {0.936 0.928}
[14:40:42.51] /o {0.413 0.657} {1.721 1.428}
[14:40:43.76] /# gi::executeAction deAddPoint -in [gi::getWindows 20]
[14:40:43.76] /i de::addPoint {0.958 1.009} -context [db::getNext [de::getContexts -window 20]]
[14:40:45.78] /# gi::executeAction leRectangle -in [gi::getWindows 20]
[14:40:45.78] /i ile::createRectangle
[14:40:47.84] /# gi::executeAction deStartDrag -in [gi::getWindows 20]
[14:40:47.84] /i de::startDrag {0.923 1.078} -context [db::getNext [de::getContexts -window 20]]
[14:40:48.51] /# gi::executeAction deEndDrag -in [gi::getWindows 20]
[14:40:48.51] /i de::endDrag {0.993 0.921} -context [db::getNext [de::getContexts -window 20]]
[14:40:48.91] /# gi::executeAction deCanvasZoomOutAtPoint -in [gi::getWindows 20]
[14:40:48.91] /i de::zoom -window [gi::getWindows 20] -factor 0.5 -center {1.128 1.036}
[14:40:48.91] /o {-0.302 0.279} {2.314 1.821}
[14:40:49.17] /# gi::executeAction deAbortCommand -in [gi::getWindows 20]
[14:40:49.17] /i de::abortCommand -context [db::getNext [de::getContexts -window 20]]
[14:40:50.32] /i gi::executeAction deSaveDesign -in [gi::getWindows 20]
[14:40:50.32] /m Information: Saving design 'new_dff D_latch layout'. (DESIGN_WINDOW-004)
[14:40:50.50] /# gi::executeAction deFitView -in [gi::getWindows 20]
[14:40:50.50] /i de::fit -window 20 -fitView true
[14:40:50.50] /o {-1.056 -0.239} {4.176 2.844}
[14:41:02.79] /# gi::executeAction deSelectActive -in [gi::getWindows 20]
[14:41:02.79] /i de::deselectAll [db::getNext [de::getContexts -window 20]]
[14:41:02.79] /i de::select [de::getActiveFigure [gi::getWindows 20] -point {2.184 2.152} -index 0 -intent none]
[14:41:02.80] /o oa:0x25f4c4c0
[14:41:11.03] /i gi::executeAction giCloseWindow -in [gi::getWindows 22]
[14:41:11.77] /i gi::setActiveWindow 2
[14:41:11.77] /i gi::setActiveWindow 2 -raise true
[14:41:12.96] /i gi::setCurrentIndex {views} -index {schematic} -in [gi::getWindows 2]
[14:41:12.96] /i gi::setItemSelection {views} -index {schematic} -in [gi::getWindows 2]
[14:41:13.10] /i gi::executeAction dmOpen -in [gi::getWindows 2]
[14:41:13.12] /r giWindowId 23
[14:41:13.12] /r giWindowGeometry 1632x1020
[14:41:13.26] /m Information: 
[14:41:13.26] /o Checking "new_dff/D_latch/schematic"
[14:41:13.26] /o No rule violations found in "new_dff/D_latch/schematic"
[14:41:13.26] /m Information: Checking process is completed: marking the design violations
[14:41:13.26] /m Information: Marking of designs is completed
[14:41:15.44] /# gi::executeAction deCanvasZoomInAtPoint -in [gi::getWindows 23]
[14:41:15.44] /i de::zoom -window [gi::getWindows 23] -factor 2.0 -center {2.53125 3.3125}
[14:41:15.44] /o {-0.1 1.41875} {5.15625 4.3125}
[14:41:16.45] /# gi::executeAction deCanvasZoomOutAtPoint -in [gi::getWindows 23]
[14:41:16.45] /i de::zoom -window [gi::getWindows 23] -factor 0.5 -center {2.5875 2.54375}
[14:41:16.45] /o {-2.7875 0.29375} {7.725 6.08125}
[14:41:17.72] /# gi::executeAction deSelectActive -in [gi::getWindows 23]
[14:41:17.72] /i de::deselectAll [db::getNext [de::getContexts -window 23]]
[14:41:17.72] /i de::select [de::getActiveFigure [gi::getWindows 23] -point {1.6375 1.1875} -index 0 -intent none]
[14:41:17.72] /o oa:0x1f10eae0
[14:41:18.43] /# gi::executeAction deSelectActive -in [gi::getWindows 23]
[14:41:18.43] /i de::deselectAll [db::getNext [de::getContexts -window 23]]
[14:41:18.43] /i de::select [de::getActiveFigure [gi::getWindows 23] -point {1.6375 1.275} -index 0 -intent none]
[14:41:18.43] /o oa:0x2587cef0
[14:41:19.67] /# gi::executeAction deCanvasZoomInAtPoint -in [gi::getWindows 23]
[14:41:19.67] /i de::zoom -window [gi::getWindows 23] -factor 2.0 -center {2.45 2.675}
[14:41:19.67] /o {-0.16875 1.48125} {5.0875 4.38125}
[14:41:20.76] /# gi::executeAction deCanvasZoomOutAtPoint -in [gi::getWindows 23]
[14:41:20.76] /i de::zoom -window [gi::getWindows 23] -factor 0.5 -center {2.31875 2.30625}
[14:41:20.76] /o {-2.65625 0.6625} {7.85625 6.45}
[14:41:22.12] /# gi::executeAction deSelectActive -in [gi::getWindows 23]
[14:41:22.12] /i de::deselectAll [db::getNext [de::getContexts -window 23]]
[14:41:22.12] /i de::select [de::getActiveFigure [gi::getWindows 23] -point {2.4875 2.7} -index 0 -intent none]
[14:41:22.12] /o oa:0x26cc3360
[14:41:23.37] /i gi::setActiveWindow 20
[14:41:23.37] /i gi::setActiveWindow 20 -raise true
[14:41:24.40] /# gi::executeAction deSelectActive -in [gi::getWindows 20]
[14:41:24.40] /i de::deselectAll [db::getNext [de::getContexts -window 20]]
[14:41:24.40] /i de::deselectAllLogic -context [db::getNext [de::getContexts -window 20]]
[14:41:25.79] /i gi::setActiveWindow 23
[14:41:25.79] /i gi::setActiveWindow 23 -raise true
[14:41:26.45] /# gi::executeAction deCanvasZoomInAtPoint -in [gi::getWindows 23]
[14:41:26.45] /i de::zoom -window [gi::getWindows 23] -factor 2.0 -center {1.51875 1.075}
[14:41:26.45] /o {-0.56875 0.86875} {4.6875 3.7625}
[14:41:29.70] /# gi::executeAction deSelectActive -in [gi::getWindows 23]
[14:41:29.70] /i de::deselectAll [db::getNext [de::getContexts -window 23]]
[14:41:29.70] /i de::select [de::getActiveFigure [gi::getWindows 23] -point {1.3625 1.15625} -index 0 -intent none]
[14:41:29.70] /o oa:0x1fa0d670
[14:41:34.18] /i gi::setActiveWindow 20
[14:41:34.18] /i gi::setActiveWindow 20 -raise true
[14:41:36.05] /i gi::setActiveWindow 23
[14:41:36.05] /i gi::setActiveWindow 23 -raise true
[14:41:46.29] /i gi::setActiveWindow 20
[14:41:46.30] /i gi::setActiveWindow 20 -raise true
[14:41:47.26] /# gi::executeAction deCanvasZoomInAtPoint -in [gi::getWindows 20]
[14:41:47.26] /i de::zoom -window [gi::getWindows 20] -factor 2.0 -center {1.272 2.501}
[14:41:47.26] /o {0.108 1.131} {2.724 2.673}
[14:41:51.23] /i de::setActiveLPP [de::getLPPs "poly pin" -from [db::getAttr editDesign -of [de::getContexts -window 20]]]
[14:41:52.39] /# gi::executeAction leRectangle -in [gi::getWindows 20]
[14:41:52.39] /i ile::createRectangle
[14:41:52.88] /# gi::executeAction deCanvasZoomOutAtPoint -in [gi::getWindows 20]
[14:41:52.88] /i de::zoom -window [gi::getWindows 20] -factor 0.5 -center {1.199 2.518}
[14:41:52.88] /o {-0.983 -0.256} {4.249 2.827}
[14:41:52.95] /# gi::executeAction deCanvasZoomOutAtPoint -in [gi::getWindows 20]
[14:41:52.95] /i de::zoom -window [gi::getWindows 20] -factor 0.5 -center {1.338 2.544}
[14:41:52.95] /o {-3.303 -3.056} {7.159 3.11}
[14:41:53.21] /# gi::executeAction deFitView -in [gi::getWindows 20]
[14:41:53.21] /i de::fit -window 20 -fitView true
[14:41:53.21] /o {-1.056 -0.239} {4.176 2.844}
[14:41:53.67] /# gi::executeAction deCanvasZoomInAtPoint -in [gi::getWindows 20]
[14:41:53.67] /i de::zoom -window [gi::getWindows 20] -factor 2.0 -center {1.645 2.731}
[14:41:53.67] /o {0.295 1.246} {2.91 2.788}
[14:41:53.80] /# gi::executeAction deCanvasZoomInAtPoint -in [gi::getWindows 20]
[14:41:53.80] /i de::zoom -window [gi::getWindows 20] -factor 2.0 -center {1.645 2.736}
[14:41:53.80] /o {0.97 1.991} {2.278 2.762}
[14:41:54.72] /# gi::executeAction deStartDrag -in [gi::getWindows 20]
[14:41:54.72] /i de::startDrag {1.54 2.661} -context [db::getNext [de::getContexts -window 20]]
[14:41:55.22] /# gi::executeAction deEndDrag -in [gi::getWindows 20]
[14:41:55.22] /i de::endDrag {1.623 2.526} -context [db::getNext [de::getContexts -window 20]]
[14:42:00.56] /# gi::executeAction leLabel -in [gi::getWindows 20]
[14:42:00.56] /i ile::createLabel
[14:42:02.33] /i gi::executeAction deObjectActivation -in [gi::getWindows 20]
[14:42:03.99] /i gi::setField {textMultiline} -value {CLKB} -in [gi::getToolbars {deCommandOptions} -from [gi::getWindows 20]]
[14:42:03.99] /i gi::executeAction deObjectActivation -in [gi::getWindows 20]
[14:42:05.63] /# gi::executeAction deAddPoint -in [gi::getWindows 20]
[14:42:05.63] /i de::addPoint {1.553 2.654} -context [db::getNext [de::getContexts -window 20]]
[14:42:06.22] /# gi::executeAction deAbortCommand -in [gi::getWindows 20]
[14:42:06.22] /i de::abortCommand -context [db::getNext [de::getContexts -window 20]]
[14:42:06.54] /# gi::executeAction deSelectActive -in [gi::getWindows 20]
[14:42:06.54] /i de::deselectAll [db::getNext [de::getContexts -window 20]]
[14:42:06.54] /i de::select [de::getActiveFigure [gi::getWindows 20] -point {1.762 2.667} -index 0 -intent none]
[14:42:06.54] /o oa:0x1f003980
[14:42:07.36] /i gi::setItemSelection {attributes} -index {height,all} -in [gi::getAssistants dePropertyEditor -from [gi::getWindows 20]]
[14:42:07.37] /i gi::setCurrentIndex {attributes} -index {height,Value} -in [gi::getAssistants dePropertyEditor -from [gi::getWindows 20]]
[14:42:07.99] /i gi::setField {attributes} -value {0.1} -index {height,Value} -in [gi::getAssistants dePropertyEditor -from [gi::getWindows 20]]
[14:42:07.99] /i gi::executeAction dePropertyEditorApplyChanges -in [gi::getAssistants dePropertyEditor -from [gi::getWindows 20]]
[14:42:09.10] /# gi::executeAction leStartStretchDrag -in [gi::getWindows 20]
[14:42:09.10] /i layout_editor::directStretch [de::getActiveFigure [gi::getWindows 20] -point {1.677 2.676} -index 0 -intent none] 20
[14:42:09.10] /# ile::stretch -point {1.675 2.675}
[14:42:09.62] /# gi::executeAction deEndDrag -in [gi::getWindows 20]
[14:42:09.62] /i de::endDrag {1.732 2.627} -context [db::getNext [de::getContexts -window 20]]
[14:42:14.89] /i gi::executeAction deSaveDesign -in [gi::getWindows 20]
[14:42:14.89] /m Information: Saving design 'new_dff D_latch layout'. (DESIGN_WINDOW-004)
[14:42:19.02] /# gi::executeAction xtDRCRun -in [gi::getWindows 20]
[14:42:19.02] /i xt::physicalVerification::executeRun drc 20
[14:42:19.10] /# xt::physicalVerification::executePve drc 20
[14:42:19.89] /r giWindowId 24
[14:42:19.90] /r giWindowGeometry 800x600
[14:42:21.29] /m Information: 
              /c =============================
              /c JobID: hercules_drc_27
              /c Completed with no errors.
              /c =============================
              /c 
[14:42:22.90] /i gi::executeAction giCloseWindow -in [gi::getWindows 24]
[14:42:22.91] /i gi::setActiveWindow 20
[14:42:22.91] /i gi::setActiveWindow 20 -raise true
[14:42:24.69] /# gi::executeAction xtDRCSetup -in [gi::getWindows 20]
[14:42:24.69] /i xt::showDRCSetup -job drc -window 20
[14:42:25.25] /# gi::setActiveDialog [gi::getDialogs {xtDRCSetup} -parent [gi::getWindows 20]]
[14:42:25.38] /o oa:0x1f3ec3c0
[14:42:25.68] /i db::setAttr geometry -of [gi::getDialogs {xtDRCSetup} -parent [gi::getWindows 20]] -value 475x427+865+447
[14:42:33.96] /i gi::setField {/tabGroup/mainTab/layoutGroup/layoutCellViewLibrary} -value {new_dff} -in [gi::getDialogs {xtDRCSetup} -parent [gi::getWindows 20]]
[14:42:36.81] /i gi::pressButton {/tabGroup/mainTab/runDir/browseButton} -in [gi::getDialogs {xtDRCSetup} -parent [gi::getWindows 20]]
[14:42:39.50] /r giFileDialog accept .
[14:42:41.78] /i gi::setActiveTab {/tabGroup} -tabName {/tabGroup/customOptionsTab} -in [gi::getDialogs {xtDRCSetup} -parent [gi::getWindows 20]]
[14:42:43.94] /i gi::pressButton {/apply} -in [gi::getDialogs {xtDRCSetup} -parent [gi::getWindows 20]]
[14:42:44.39] /# xt::physicalVerification::executePve drc 20
[14:42:45.27] /r giWindowId 25
[14:42:45.28] /r giWindowGeometry 800x600
[14:42:46.16] /m Information: 
              /c =============================
              /c JobID: hercules_drc_28
              /c --- ERROR SUMMARY -----------
              /c 7.61: Minimum spacing from Polysilicon to Diffusion >= 0.045
              /c  EXTERNAL POLS DIFN { } (102) ........................... 1 violation found.
              /c =============================
              /c 
[14:42:46.63] /j ::xt::hercules::vue::_private::registerConnection localhost:56806 tcp42 herculesVue_1 
[14:42:46.67] /j ::xt::hercules::vue::_private::isJobReady 
[14:42:46.67] /o true
[14:42:46.67] /m Information: Connection established with 'Hercules-VUE' running on 'localhost'.
[14:42:46.67] /j ::xt::hercules::vue::startFilter LAY 
[14:42:46.85] /j ::xt::hercules::vue::setInlibPath /home/itsupport/Desktop/lab1vlsi/. 
[14:42:46.85] /j ::xt::hercules::vue::setTopLayLCV new_dff D_latch layout 
[14:42:46.85] /j ::xt::hercules::vue::openCell new_dff D_latch layout 
[14:42:54.23] /j ::xt::hercules::vue::clearAllHighlights D_latch layout 
[14:42:55.05] /j ::xt::hercules::vue::clearAllHighlights D_latch layout 
[14:42:55.05] /j ::xt::hercules::vue::clearAllHighlights D_latch layout 
[14:42:55.07] /j ::xt::hercules::vue::openCell new_dff D_latch layout 
[14:42:55.39] /j ::xt::hercules::vue::clearAllHighlights D_latch layout 
[14:42:55.41] /j ::xt::hercules::vue::clearAllHighlights D_latch layout 
[14:42:55.43] /j ::xt::hercules::vue::setHighlightProperty D_latch layout yellow brick 
[14:42:55.45] /j ::xt::hercules::vue::addPolygonBegin 4 
[14:42:55.49] /j ::xt::hercules::vue::addPolygonPoints {1.529 2.281 1.536 2.281 1.536 2.279 1.529 2.279 1.529 2.281} 
[14:42:55.49] /j ::xt::hercules::vue::addPolygonEnd 
[14:42:55.49] /j ::xt::hercules::vue::setViewPort extents {1.528 2.279 1.537 2.281} LAY 
[14:42:55.51] /j ::xt::hercules::vue::addErrorDescription {"Distance: 0.000"} 
[14:42:55.53] /j ::xt::hercules::vue::drawHighlights D_latch layout all 
[14:42:56.29] /j ::xt::hercules::vue::clearAllHighlights D_latch layout 
[14:42:56.31] /j ::xt::hercules::vue::clearAllHighlights D_latch layout 
[14:42:56.45] /m Information: Connection closed with 'Hercules-VUE' running on 'localhost'.
[14:42:56.63] /i gi::closeWindows [gi::getDialogs {xtDRCSetup} -parent [gi::getWindows 20]]
[14:42:56.64] /i gi::setActiveWindow 25
[14:42:56.64] /i gi::setActiveWindow 25 -raise true
[14:42:57.11] /i gi::setActiveWindow 20
[14:42:57.11] /i gi::setActiveWindow 20 -raise true
[14:42:57.49] /# gi::executeAction deCanvasZoomOutAtPoint -in [gi::getWindows 20]
[14:42:57.50] /i de::zoom -window [gi::getWindows 20] -factor 0.5 -center {1.534 2.286}
[14:42:57.50] /o {1.489 2.249} {1.573 2.299}
[14:42:57.52] /# gi::executeAction deCanvasZoomOutAtPoint -in [gi::getWindows 20]
[14:42:57.52] /i de::zoom -window [gi::getWindows 20] -factor 0.5 -center {1.534 2.286}
[14:42:57.52] /o {1.443 2.212} {1.613 2.312}
[14:42:57.54] /# gi::executeAction deCanvasZoomOutAtPoint -in [gi::getWindows 20]
[14:42:57.54] /i de::zoom -window [gi::getWindows 20] -factor 0.5 -center {1.534 2.286}
[14:42:57.54] /o {1.352 2.138} {1.692 2.338}
[14:42:57.59] /# gi::executeAction deCanvasZoomOutAtPoint -in [gi::getWindows 20]
[14:42:57.59] /i de::zoom -window [gi::getWindows 20] -factor 0.5 -center {1.534 2.286}
[14:42:57.59] /o {1.171 1.99} {1.849 2.39}
[14:42:58.09] /# gi::executeAction deFitView -in [gi::getWindows 20]
[14:42:58.09] /i de::fit -window 20 -fitView true
[14:42:58.09] /o {-1.102 -0.242} {4.222 2.896}
[14:42:58.77] /# gi::executeAction deSelectActive -in [gi::getWindows 20]
[14:42:58.77] /i de::deselectAll [db::getNext [de::getContexts -window 20]]
[14:42:58.77] /i de::deselectAllLogic -context [db::getNext [de::getContexts -window 20]]
[14:43:01.64] /# gi::executeAction deCanvasZoomInAtPoint -in [gi::getWindows 20]
[14:43:01.64] /i de::zoom -window [gi::getWindows 20] -factor 2.0 -center {1.433 2.893}
[14:43:01.64] /o {0.166 1.326} {2.827 2.894}
[14:43:01.79] /# gi::executeAction deCanvasZoomInAtPoint -in [gi::getWindows 20]
[14:43:01.79] /i de::zoom -window [gi::getWindows 20] -factor 2.0 -center {1.433 2.857}
[14:43:01.79] /o {0.799 2.091} {2.13 2.876}
[14:43:02.30] /# gi::executeAction deFitView -in [gi::getWindows 20]
[14:43:02.30] /i de::fit -window 20 -fitView true
[14:43:02.30] /o {-1.102 -0.242} {4.222 2.896}
[14:43:02.87] /# gi::executeAction deCanvasZoomInAtPoint -in [gi::getWindows 20]
[14:43:02.87] /i de::zoom -window [gi::getWindows 20] -factor 2.0 -center {1.636 2.56}
[14:43:02.87] /o {0.267 1.159} {2.929 2.728}
[14:43:02.96] /# gi::executeAction deCanvasZoomInAtPoint -in [gi::getWindows 20]
[14:43:02.97] /i de::zoom -window [gi::getWindows 20] -factor 2.0 -center {1.636 2.56}
[14:43:02.97] /o {0.952 1.86} {2.282 2.644}
[14:43:03.66] /i gi::executeAction deCanvasDragCancel -in [gi::getWindows 20]
[14:43:03.97] /# gi::executeAction deSelectActive -in [gi::getWindows 20]
[14:43:03.97] /i de::deselectAll [db::getNext [de::getContexts -window 20]]
[14:43:03.97] /i de::select [de::getActiveFigure [gi::getWindows 20] -point {1.608 2.453} -index 0 -intent none]
[14:43:03.97] /o oa:0x261dab30
[14:43:04.55] /# gi::executeAction leStartStretchDrag -in [gi::getWindows 20]
[14:43:04.55] /i layout_editor::directStretch [de::getActiveFigure [gi::getWindows 20] -point {1.608 2.453} -index 0 -intent none] 20
[14:43:04.55] /# ile::stretch -point {1.61 2.455}
[14:43:05.33] /# gi::executeAction deEndDrag -in [gi::getWindows 20]
[14:43:05.33] /i de::endDrag {1.615 2.453} -context [db::getNext [de::getContexts -window 20]]
[14:43:06.01] /# gi::executeAction deSelectActive -in [gi::getWindows 20]
[14:43:06.01] /i de::deselectAll [db::getNext [de::getContexts -window 20]]
[14:43:06.01] /i de::deselectAllLogic -context [db::getNext [de::getContexts -window 20]]
[14:43:07.90] /i gi::executeAction deSaveDesign -in [gi::getWindows 20]
[14:43:07.90] /m Information: Saving design 'new_dff D_latch layout'. (DESIGN_WINDOW-004)
[14:43:08.75] /# gi::executeAction xtDRCRun -in [gi::getWindows 20]
[14:43:08.75] /i xt::physicalVerification::executeRun drc 20
[14:43:08.84] /# xt::physicalVerification::executePve drc 20
[14:43:10.55] /m Information: 
              /c =============================
              /c JobID: hercules_drc_29
              /c Completed with no errors.
              /c =============================
              /c 
[14:43:11.81] /i gi::setActiveWindow 20
[14:43:11.81] /i gi::setActiveWindow 20 -raise true
[14:43:12.70] /# gi::executeAction deSelectActive -in [gi::getWindows 20]
[14:43:12.71] /i de::deselectAll [db::getNext [de::getContexts -window 20]]
[14:43:12.71] /i de::select [de::getActiveFigure [gi::getWindows 20] -point {1.39 2.165} -index 0 -intent none]
[14:43:12.71] /o oa:0x26c68bd0
[14:43:13.37] /# gi::executeAction deCanvasZoomOutAtPoint -in [gi::getWindows 20]
[14:43:13.37] /i de::zoom -window [gi::getWindows 20] -factor 0.5 -center {1.404 2.142}
[14:43:13.37] /o {0.499 1.577} {3.161 3.146}
[14:43:13.43] /# gi::executeAction deCanvasZoomOutAtPoint -in [gi::getWindows 20]
[14:43:13.43] /i de::zoom -window [gi::getWindows 20] -factor 0.5 -center {1.409 2.128}
[14:43:13.43] /o {-0.411 1.026} {4.913 4.164}
[14:43:13.91] /# gi::executeAction deFitView -in [gi::getWindows 20]
[14:43:13.91] /i de::fit -window 20 -fitView true
[14:43:13.91] /o {-1.102 -0.242} {4.222 2.896}
[14:43:14.42] /# gi::executeAction deSelectActive -in [gi::getWindows 20]
[14:43:14.42] /i de::deselectAll [db::getNext [de::getContexts -window 20]]
[14:43:14.42] /i de::deselectAllLogic -context [db::getNext [de::getContexts -window 20]]
[14:43:17.24] /# gi::executeAction deSelectActive -in [gi::getWindows 20]
[14:43:17.24] /i de::deselectAllLogic -context [db::getNext [de::getContexts -window 20]]
[14:43:18.36] /i gi::setActiveWindow 23
[14:43:18.36] /i gi::setActiveWindow 23 -raise true
[14:43:19.19] /i gi::setActiveWindow 2
[14:43:19.19] /i gi::setActiveWindow 2 -raise true
[14:43:20.63] /i gi::setCurrentIndex {libs} -index {project_d_ff} -in [gi::getWindows 2]
[14:43:20.63] /i gi::setItemSelection {cells} -index {D_latch} -in [gi::getWindows 2]
[14:43:20.63] /i gi::setItemSelection {views} -index {schematic} -in [gi::getWindows 2]
[14:43:20.64] /i gi::setItemSelection {libs} -index {project_d_ff} -in [gi::getWindows 2]
[14:43:22.41] /i gi::setCurrentIndex {cells} -index {TG_out} -in [gi::getWindows 2]
[14:43:22.41] /i gi::setItemSelection {cells} -index {TG_out} -in [gi::getWindows 2]
[14:43:23.04] /i gi::setCurrentIndex {views} -index {symbol} -in [gi::getWindows 2]
[14:43:23.04] /i gi::setItemSelection {views} -index {symbol} -in [gi::getWindows 2]
[14:43:24.01] /i gi::setCurrentIndex {views} -index {layout} -in [gi::getWindows 2]
[14:43:24.02] /i gi::setItemSelection {views} -index {layout} -in [gi::getWindows 2]
[14:43:24.17] /i gi::executeAction dmOpen -in [gi::getWindows 2]
[14:43:24.20] /r giWindowId 26
[14:43:24.21] /r giWindowGeometry 1632x1020
[14:43:24.23] /# de::setActiveLPP [de::getLPPs "exclude blockage" -from [db::getAttr editDesign -of [de::getContexts -window 26]]]
[14:43:26.79] /i gi::executeAction deCanvasDragCancel -in [gi::getWindows 26]
[14:43:27.05] /i gi::executeAction deCanvasDragCancel -in [gi::getWindows 26]
[14:43:27.30] /# gi::executeAction deSelectActive -in [gi::getWindows 26]
[14:43:27.30] /i de::deselectAllLogic -context [db::getNext [de::getContexts -window 26]]
[14:43:27.93] /# gi::executeAction deSelectByWindow -in [gi::getWindows 26]
[14:43:27.93] /i db::setPrefValue deSelectMode -value Replace -scope [db::getScopes [db::getNext [de::getContexts -window 26]]]; ide::selectByRegion -region rectangle -point {0.495 2.775} 
[14:43:28.40] /# gi::executeAction deEndDrag -in [gi::getWindows 26]
[14:43:28.40] /i de::endDrag {2.765 0.175} -context [db::getNext [de::getContexts -window 26]]
[14:43:28.84] /# gi::executeAction leCopy -in [gi::getWindows 26]
[14:43:28.84] /i ile::copy
[14:43:28.97] /# gi::executeAction deAddPoint -in [gi::getWindows 26]
[14:43:28.97] /i de::addPoint {1.733 2.023} -context [db::getNext [de::getContexts -window 26]]
[14:43:30.20] /i gi::setActiveWindow 23
[14:43:30.20] /i gi::setActiveWindow 23 -raise true
[14:43:30.80] /i gi::setActiveWindow 20 -raise true
[14:43:30.80] /i gi::setActiveWindow 20 -raise true
[14:43:31.21] /# gi::executeAction deCanvasZoomOutAtPoint -in [gi::getWindows 20]
[14:43:31.21] /i de::zoom -window [gi::getWindows 20] -factor 0.5 -center {2.358 1.991}
[14:43:31.21] /o {-4.561 -2.475} {6.085 3.801}
[14:43:31.91] /# gi::executeAction deAddPoint -in [gi::getWindows 20]
[14:43:31.91] /i de::addPoint {3.7 1.842} -context [db::getNext [de::getContexts -window 20]]
[14:43:32.33] /# gi::executeAction deSelectActive -in [gi::getWindows 20]
[14:43:32.33] /i de::deselectAll [db::getNext [de::getContexts -window 20]]
[14:43:32.33] /i de::deselectAllLogic -context [db::getNext [de::getContexts -window 20]]
[14:43:32.53] /# gi::executeAction deCanvasZoomInAtPoint -in [gi::getWindows 20]
[14:43:32.53] /i de::zoom -window [gi::getWindows 20] -factor 2.0 -center {4.066 2.554}
[14:43:32.53] /o {-0.248 0.04} {5.076 3.177}
[14:43:32.57] /# gi::executeAction deCanvasZoomInAtPoint -in [gi::getWindows 20]
[14:43:32.57] /i de::zoom -window [gi::getWindows 20] -factor 2.0 -center {4.066 2.554}
[14:43:32.58] /o {1.909 1.297} {4.571 2.866}
[14:43:33.47] /# gi::executeAction deSelectActive -in [gi::getWindows 20]
[14:43:33.47] /i de::deselectAll [db::getNext [de::getContexts -window 20]]
[14:43:33.47] /i de::select [de::getActiveFigure [gi::getWindows 20] -point {3.578 2.437} -index 0 -intent none]
[14:43:33.47] /o oa:0x28074700
[14:43:34.53] /# gi::executeAction leDelete -in [gi::getWindows 20]
[14:43:34.53] /i ile::delete
[14:43:34.67] /i gi::executeAction deCanvasDragCancel -in [gi::getWindows 20]
[14:43:34.98] /# gi::executeAction deFitView -in [gi::getWindows 20]
[14:43:34.98] /i de::fit -window 20 -fitView true
[14:43:34.98] /o {-0.004 -0.242} {5.319 2.896}
[14:43:35.54] /# gi::executeAction deCanvasZoomInAtPoint -in [gi::getWindows 20]
[14:43:35.54] /i de::zoom -window [gi::getWindows 20] -factor 2.0 -center {2.917 1.154}
[14:43:35.54] /o {1.456 0.456} {4.118 2.025}
[14:43:35.60] /# gi::executeAction deCanvasZoomInAtPoint -in [gi::getWindows 20]
[14:43:35.60] /i de::zoom -window [gi::getWindows 20] -factor 2.0 -center {2.917 1.154}
[14:43:35.60] /o {2.187 0.805} {3.518 1.589}
[14:43:36.11] /# gi::executeAction deSelectActive -in [gi::getWindows 20]
[14:43:36.11] /i de::deselectAll [db::getNext [de::getContexts -window 20]]
[14:43:36.11] /i de::select [de::getActiveFigure [gi::getWindows 20] -point {2.973 1.22} -index 0 -intent none]
[14:43:36.11] /o oa:0x2810f800
[14:43:36.99] /# gi::executeAction leDelete -in [gi::getWindows 20]
[14:43:36.99] /i ile::delete
[14:43:37.47] /# gi::executeAction deSelectActive -in [gi::getWindows 20]
[14:43:37.47] /i de::deselectAllLogic -context [db::getNext [de::getContexts -window 20]]
[14:43:37.73] /# gi::executeAction deFitView -in [gi::getWindows 20]
[14:43:37.73] /i de::fit -window 20 -fitView true
[14:43:37.73] /o {-0.004 -0.242} {5.319 2.896}
[14:43:38.28] /# gi::executeAction deCanvasZoomInAtPoint -in [gi::getWindows 20]
[14:43:38.28] /i de::zoom -window [gi::getWindows 20] -factor 2.0 -center {3.811 1.188}
[14:43:38.28] /o {1.903 0.473} {4.565 2.042}
[14:43:38.36] /# gi::executeAction deCanvasZoomInAtPoint -in [gi::getWindows 20]
[14:43:38.36] /i de::zoom -window [gi::getWindows 20] -factor 2.0 -center {3.811 1.188}
[14:43:38.36] /o {2.857 0.831} {4.188 1.615}
[14:43:38.83] /# gi::executeAction deSelectActive -in [gi::getWindows 20]
[14:43:38.83] /i de::deselectAll [db::getNext [de::getContexts -window 20]]
[14:43:38.83] /i de::select [de::getActiveFigure [gi::getWindows 20] -point {3.773 1.223} -index 0 -intent none]
[14:43:38.83] /o oa:0x280c5dd0
[14:43:39.38] /# gi::executeAction leDelete -in [gi::getWindows 20]
[14:43:39.38] /i ile::delete
[14:43:39.48] /# gi::executeAction deFitView -in [gi::getWindows 20]
[14:43:39.48] /i de::fit -window 20 -fitView true
[14:43:39.48] /o {-0.004 -0.242} {5.319 2.896}
[14:43:40.15] /# gi::executeAction deCanvasZoomInAtPoint -in [gi::getWindows 20]
[14:43:40.15] /i de::zoom -window [gi::getWindows 20] -factor 2.0 -center {3.516 0.212}
[14:43:40.15] /o {1.756 -0.015} {4.418 1.554}
[14:43:40.72] /# gi::executeAction deSelectActive -in [gi::getWindows 20]
[14:43:40.72] /i de::deselectAll [db::getNext [de::getContexts -window 20]]
[14:43:40.72] /i de::select [de::getActiveFigure [gi::getWindows 20] -point {3.511 0.263} -index 0 -intent none]
[14:43:40.72] /o oa:0x27fa8e20
[14:43:41.29] /# gi::executeAction leDelete -in [gi::getWindows 20]
[14:43:41.29] /i ile::delete
[14:43:41.39] /# gi::executeAction deFitView -in [gi::getWindows 20]
[14:43:41.39] /i de::fit -window 20 -fitView true
[14:43:41.39] /o {-0.004 -0.242} {5.319 2.896}
[14:43:41.98] /# gi::executeAction deSelectActive -in [gi::getWindows 20]
[14:43:41.98] /i de::deselectAllLogic -context [db::getNext [de::getContexts -window 20]]
[14:43:46.47] /i de::setActiveLPP [de::getLPPs "text drawing" -from [db::getAttr editDesign -of [de::getContexts -window 20]]]
[14:43:50.52] /# gi::executeAction leLabel -in [gi::getWindows 20]
[14:43:50.52] /i ile::createLabel
[14:43:52.53] /i gi::executeAction deObjectActivation -in [gi::getWindows 20]
[14:43:54.03] /i gi::setField {textMultiline} -value {TG_OUT} -in [gi::getToolbars {deCommandOptions} -from [gi::getWindows 20]]
[14:43:54.03] /i gi::executeAction deObjectActivation -in [gi::getWindows 20]
[14:43:54.83] /# gi::executeAction deCanvasZoomInAtPoint -in [gi::getWindows 20]
[14:43:54.83] /i de::zoom -window [gi::getWindows 20] -factor 2.0 -center {3.371 1.208}
[14:43:54.83] /o {1.683 0.483} {4.345 2.052}
[14:43:55.15] /# gi::executeAction deAddPoint -in [gi::getWindows 20]
[14:43:55.15] /i de::addPoint {3.368 1.212} -context [db::getNext [de::getContexts -window 20]]
[14:43:55.40] /# gi::executeAction deAbortCommand -in [gi::getWindows 20]
[14:43:55.40] /i de::abortCommand -context [db::getNext [de::getContexts -window 20]]
[14:43:56.17] /# gi::executeAction deSelectActive -in [gi::getWindows 20]
[14:43:56.17] /i de::deselectAll [db::getNext [de::getContexts -window 20]]
[14:43:56.17] /i de::select [de::getActiveFigure [gi::getWindows 20] -point {3.972 1.793} -index 0 -intent none]
[14:43:56.17] /o oa:0x1da0f200
[14:43:57.73] /# gi::executeAction deCanvasZoomOutAtPoint -in [gi::getWindows 20]
[14:43:57.73] /i de::zoom -window [gi::getWindows 20] -factor 0.5 -center {3.874 1.223}
[14:43:57.73] /o {-0.507 -0.257} {4.816 2.881}
[14:43:58.54] /# gi::executeAction deSelectActive -in [gi::getWindows 20]
[14:43:58.54] /i de::deselectAll [db::getNext [de::getContexts -window 20]]
[14:43:58.54] /i de::select [de::getActiveFigure [gi::getWindows 20] -point {3.949 0.55} -index 0 -intent none]
[14:43:58.54] /o oa:0x283c2cd0
[14:44:28.03] /i gi::setActiveWindow 23
[14:44:28.03] /i gi::setActiveWindow 23 -raise true
[14:44:28.51] /i gi::setActiveWindow 26
[14:44:28.51] /i gi::setActiveWindow 26 -raise true
[14:44:29.41] /# gi::executeAction deSelectActive -in [gi::getWindows 26]
[14:44:29.42] /i de::deselectAll [db::getNext [de::getContexts -window 26]]
[14:44:29.42] /i de::deselectAllLogic -context [db::getNext [de::getContexts -window 26]]
[14:44:31.05] /i gi::setActiveWindow 23
[14:44:31.05] /i gi::setActiveWindow 23 -raise true
[14:44:31.67] /# gi::executeAction deCanvasZoomOutAtPoint -in [gi::getWindows 23]
[14:44:31.67] /i de::zoom -window [gi::getWindows 23] -factor 0.5 -center {3.11875 2.34375}
[14:44:31.67] /o {-4.25625 -0.60625} {6.25625 5.18125}
[14:44:32.56] /i gi::executeAction deCanvasDragCancel -in [gi::getWindows 23]
[14:44:32.97] /# gi::executeAction deCanvasZoomInAtPoint -in [gi::getWindows 23]
[14:44:32.97] /i de::zoom -window [gi::getWindows 23] -factor 2.0 -center {2.89375 0.6125}
[14:44:32.97] /o {-0.68125 0.0} {4.575 2.9}
[14:44:33.59] /# gi::executeAction deSelectActive -in [gi::getWindows 23]
[14:44:33.59] /i de::deselectAll [db::getNext [de::getContexts -window 23]]
[14:44:33.59] /i de::select [de::getActiveFigure [gi::getWindows 23] -point {2.40625 0.55} -index 0 -intent none]
[14:44:33.59] /o oa:0x26d3d7e0
[14:44:35.69] /# gi::executeAction deSelectActive -in [gi::getWindows 23]
[14:44:35.69] /i de::deselectAll [db::getNext [de::getContexts -window 23]]
[14:44:35.69] /i de::select [de::getActiveFigure [gi::getWindows 23] -point {2.5625 1.61875} -index 0 -intent none]
[14:44:35.69] /o oa:0x280627d0
[14:44:36.81] /# gi::executeAction deCanvasZoomInAtPoint -in [gi::getWindows 23]
[14:44:36.81] /i de::zoom -window [gi::getWindows 23] -factor 2.0 -center {2.575 1.225}
[14:44:36.81] /o {0.94375 0.6125} {3.575 2.0625}
[14:44:37.98] /# gi::executeAction deCanvasZoomOutAtPoint -in [gi::getWindows 23]
[14:44:37.98] /i de::zoom -window [gi::getWindows 23] -factor 0.5 -center {2.55 0.9875}
[14:44:37.99] /o {-0.65625 0.2375} {4.6 3.1375}
[14:45:10.87] /# gi::executeAction deCanvasZoomOutAtPoint -in [gi::getWindows 23]
[14:45:10.87] /i de::zoom -window [gi::getWindows 23] -factor 0.5 -center {1.74375 2.20625}
[14:45:10.87] /o {-3.05625 -1.725} {7.45625 4.0625}
[14:45:10.91] /# gi::executeAction deCanvasZoomOutAtPoint -in [gi::getWindows 23]
[14:45:10.91] /i de::zoom -window [gi::getWindows 23] -factor 0.5 -center {1.7625 2.225}
[14:45:10.91] /o {-7.88125 -5.68125} {13.15625 5.90625}
[14:45:11.72] /i gi::setActiveWindow 20
[14:45:11.72] /i gi::setActiveWindow 20 -raise true
[14:45:12.26] /i gi::executeAction deCanvasDragCancel -in [gi::getWindows 20]
[14:45:12.52] /# gi::executeAction deSelectActive -in [gi::getWindows 20]
[14:45:12.52] /i de::deselectAll [db::getNext [de::getContexts -window 20]]
[14:45:12.53] /i de::select [de::getActiveFigure [gi::getWindows 20] -point {2.024 2.342} -index 0 -intent none]
[14:45:12.53] /o oa:0x28067e60
[14:45:15.02] /# gi::executeAction deSelectActive -in [gi::getWindows 20]
[14:45:15.02] /i de::deselectAll [db::getNext [de::getContexts -window 20]]
[14:45:15.02] /i de::select [de::getActiveFigure [gi::getWindows 20] -point {1.692 0.116} -index 0 -intent none]
[14:45:15.02] /o oa:0x25d5bf40
[14:45:22.03] /i gi::setActiveWindow 23
[14:45:22.03] /i gi::setActiveWindow 23 -raise true
[14:45:22.46] /i gi::setActiveWindow 26
[14:45:22.46] /i gi::setActiveWindow 26 -raise true
[14:45:22.96] /i gi::setActiveWindow 2
[14:45:22.96] /i gi::setActiveWindow 2 -raise true
[14:45:24.94] /i gi::setActiveWindow 23
[14:45:24.94] /i gi::setActiveWindow 23 -raise true
[14:45:25.56] /# gi::executeAction deCanvasZoomInAtPoint -in [gi::getWindows 23]
[14:45:25.56] /i de::zoom -window [gi::getWindows 23] -factor 2.0 -center {2.9375 3.55}
[14:45:25.56] /o {-2.46875 -1.0625} {8.04375 4.725}
[14:45:25.64] /# gi::executeAction deCanvasZoomInAtPoint -in [gi::getWindows 23]
[14:45:25.64] /i de::zoom -window [gi::getWindows 23] -factor 2.0 -center {2.9125 3.5875}
[14:45:25.64] /o {0.21875 1.2625} {5.48125 4.15625}
[14:45:26.37] /# gi::executeAction deSelectActive -in [gi::getWindows 23]
[14:45:26.37] /i de::deselectAll [db::getNext [de::getContexts -window 23]]
[14:45:26.37] /i de::select [de::getActiveFigure [gi::getWindows 23] -point {2.55625 3.9625} -index 0 -intent none]
[14:45:26.37] /o oa:0x260de9e0
[14:45:28.32] /# gi::executeAction deSelectActive -in [gi::getWindows 23]
[14:45:28.32] /i de::deselectAll [db::getNext [de::getContexts -window 23]]
[14:45:28.32] /i de::select [de::getActiveFigure [gi::getWindows 23] -point {2.53125 2.7375} -index 0 -intent none]
[14:45:28.32] /o oa:0x27e3b1e0
[14:45:29.81] /i gi::setItemSelection {parameters} -index {w,all} -in [gi::getAssistants dePropertyEditor -from [gi::getWindows 23]]
[14:45:29.82] /i gi::setCurrentIndex {parameters} -index {w,Value} -in [gi::getAssistants dePropertyEditor -from [gi::getWindows 23]]
[14:45:31.15] /# gi::executeAction deCanvasZoomOutAtPoint -in [gi::getWindows 23]
[14:45:31.15] /i de::zoom -window [gi::getWindows 23] -factor 0.5 -center {5.075 3.3}
[14:45:31.15] /o {-4.63125 -0.775} {5.88125 5.0125}
[14:45:33.09] /# gi::executeAction deCanvasZoomInAtPoint -in [gi::getWindows 23]
[14:45:33.09] /i de::zoom -window [gi::getWindows 23] -factor 2.0 -center {4.46875 1.2625}
[14:45:33.09] /o {-0.08125 0.24375} {5.175 3.1375}
[14:45:34.20] /# gi::executeAction deCanvasZoomOutAtPoint -in [gi::getWindows 23]
[14:45:34.20] /i de::zoom -window [gi::getWindows 23] -factor 0.5 -center {3.775 2.4625}
[14:45:34.20] /o {-3.9375 -1.975} {6.575 3.8125}
[14:45:43.70] /i gi::setField {parameters} -value {0.28u} -index {w,Value} -in [gi::getAssistants dePropertyEditor -from [gi::getWindows 23]]
[14:45:43.70] /i gi::executeAction dePropertyEditorApplyChanges -in [gi::getAssistants dePropertyEditor -from [gi::getWindows 23]]
[14:45:45.52] /i gi::setActiveWindow 26
[14:45:45.52] /i gi::setActiveWindow 26 -raise true
[14:45:46.10] /i gi::setActiveWindow 2
[14:45:46.10] /i gi::setActiveWindow 2 -raise true
[14:45:47.25] /i gi::setCurrentIndex {cellCategories} -index {D_FF} -in [gi::getWindows 2]
[14:45:47.25] /i gi::setItemSelection {cellCategories} -index {D_FF} -in [gi::getWindows 2]
[14:45:47.65] /i gi::setCurrentIndex {cellCategories} -index {D_LATCH_SLAVE} -in [gi::getWindows 2]
[14:45:47.65] /i gi::setItemSelection {cellCategories} -index {D_LATCH_SLAVE} -in [gi::getWindows 2]
[14:45:48.17] /i gi::setCurrentIndex {cellCategories} -index {D_FF} -in [gi::getWindows 2]
[14:45:48.18] /i gi::setItemSelection {cellCategories} -index {D_FF} -in [gi::getWindows 2]
[14:45:52.54] /i gi::setCurrentIndex {libs} -index {new_dff} -in [gi::getWindows 2]
[14:45:52.55] /i gi::setItemSelection {libs} -index {new_dff} -in [gi::getWindows 2]
[14:45:53.53] /i gi::setCurrentIndex {cells} -index {D_latch} -in [gi::getWindows 2]
[14:45:53.54] /i gi::setItemSelection {cells} -index {D_latch} -in [gi::getWindows 2]
[14:45:55.83] /i gi::setCurrentIndex {views} -index {schematic} -in [gi::getWindows 2]
[14:45:55.83] /i gi::setItemSelection {views} -index {schematic} -in [gi::getWindows 2]
[14:45:57.02] /i gi::setActiveWindow 23
[14:45:57.03] /i gi::setActiveWindow 23 -raise true
[14:45:58.47] /i gi::executeAction deSaveDesign -in [gi::getWindows 23]
[14:45:58.47] /m Information: Saving design 'new_dff D_latch schematic'. (DESIGN_WINDOW-004)
[14:45:58.72] /# gi::executeAction deCanvasZoomOutAtPoint -in [gi::getWindows 23]
[14:45:58.72] /i de::zoom -window [gi::getWindows 23] -factor 0.5 -center {-0.66875 3.625}
[14:45:58.72] /o {-7.2125 -7.58125} {13.825 4.00625}
[14:45:59.68] /i gi::setActiveWindow 2
[14:45:59.68] /i gi::setActiveWindow 2 -raise true
[14:46:01.35] /i gi::setCurrentIndex {cells} -index {d_ff_tb} -in [gi::getWindows 2]
[14:46:01.35] /i gi::setItemSelection {cells} -index {d_ff_tb} -in [gi::getWindows 2]
[14:46:01.83] /i gi::setCurrentIndex {cells} -index {d_latch_tb} -in [gi::getWindows 2]
[14:46:01.83] /i gi::setItemSelection {cells} -index {d_latch_tb} -in [gi::getWindows 2]
[14:46:03.34] /i gi::setCurrentIndex {cells} -index {d_ff_tb} -in [gi::getWindows 2]
[14:46:03.34] /i gi::setItemSelection {cells} -index {d_ff_tb} -in [gi::getWindows 2]
[14:46:04.10] /i gi::setCurrentIndex {views} -index {schematic} -in [gi::getWindows 2]
[14:46:04.10] /i gi::setItemSelection {views} -index {schematic} -in [gi::getWindows 2]
[14:46:04.25] /i gi::executeAction dmOpen -in [gi::getWindows 2]
[14:46:04.27] /r giWindowId 27
[14:46:04.28] /r giWindowGeometry 1632x1020
[14:46:04.43] /o "new_dff/d_ff_tb/schematic" design does not need checking
[14:46:06.79] /# gi::executeAction seShowConsoleForWindow -in [gi::getWindows 27]
[14:46:06.79] /i sa::showConsole -context [db::getNext [de::getContexts -window 27]]
[14:46:06.82] /r giWindowId 28
[14:46:06.83] /r giWindowGeometry 600x500
[14:46:06.90] /o oa:0x28e0c600
[14:46:06.94] /m Information: Launching Background sae_shell Server Process "cd /home/itsupport/Desktop/lab1vlsi && sae_shell -log sae_shell_session7_job1 -libDefFile /home/itsupport/Desktop/lab1vlsi/lib.defs"
[14:46:08.66] /# gi::executeAction saLoadState -in [gi::getWindows 28]
[14:46:08.66] /i sa::showLoadState -parent 28
[14:46:08.87] /o oa:0x26901870
[14:46:08.95] /i gi::setActiveDialog [gi::getDialogs {saShowLoadState} -parent [gi::getWindows 28]]
[14:46:09.23] /i db::setAttr geometry -of [gi::getDialogs {saShowLoadState} -parent [gi::getWindows 28]] -value 603x720+778+424
[14:46:09.44] /m Information: Received ready-for-commands signal from background job 'sae_shell_session7_job1' after 3 seconds.
[14:46:10.13] /i gi::pressButton {/ok} -in [gi::getDialogs {saShowLoadState} -parent [gi::getWindows 28]]
[14:46:11.39] /i gi::executeAction menuPreShow -in [gi::getWindows 28]
[14:46:11.39] /r giMenuAccess db::getNext [gi::getMenus saConsoleSimMenu -from [gi::getWindows 28]]
[14:46:11.96] /# gi::executeAction saNetlistAndRun -in [gi::getWindows 28]
[14:46:11.96] /i isa::netlistAndRun -testbench [sa::findActiveTestbench -window 28] -mode overwrite
[14:46:12.05] /r giDialog gi::setActiveDialog [gi::getDialogs {xtShowDesignsPrompt}]
[14:46:12.05] /r giDialog gi::setCurrentIndex {target} -index {0,0} -in [gi::getDialogs {xtShowDesignsPrompt}]
[14:46:12.28] /r giDialog db::setAttr geometry -of [gi::getDialogs {xtShowDesignsPrompt}] -value 649x290+626+410
[14:46:13.32] /r giDialog gi::pressButton {ok} -in [gi::getDialogs {xtShowDesignsPrompt}]
[14:46:13.44] /r giWindowId 29
[14:46:13.45] /r giWindowGeometry 800x600
[14:46:13.53] /m Information: "Starting incremental netlisting for design "new_dff/d_ff_tb/schematic"..." (NETLISTING-010)
[14:46:13.55] /o No Design Integrity rule violations found in "new_dff/d_ff_tb/schematic"
[14:46:13.55] /m Information: 
[14:46:13.55] /o Checking "new_dff/d_ff/schematic"
[14:46:13.55] /o No rule violations found in "new_dff/d_ff/schematic"
[14:46:13.55] /m Information: 
[14:46:13.55] /o Checking "project_d_ff/CLOCK_inv/schematic"
[14:46:13.56] /o No rule violations found in "project_d_ff/CLOCK_inv/schematic"
[14:46:13.56] /m Information: 
[14:46:13.56] /o Checking "new_dff/D_latch/schematic"
[14:46:13.56] /o No rule violations found in "new_dff/D_latch/schematic"
[14:46:13.58] /m Information: "new_dff D_latch schematic" renetlisted. (NETLISTING-056)
[14:46:13.59] /m Information: "new_dff d_ff schematic" renetlisted. (NETLISTING-056)
[14:46:13.60] /m Information: "new_dff d_ff_tb schematic" renetlisted. (NETLISTING-056)
[14:46:13.60] /m Information: "Netlisting design "new_dff/d_ff_tb/schematic" finished successfully." (NETLISTING-012)
[14:46:13.61] /m Information: "Composing simulator input file for design "new_dff/d_ff_tb/schematic"..."
[14:46:13.63] /m Information: "Simulator input file composed successfully for design "new_dff/d_ff_tb/schematic""
[14:46:13.76] /m Information: "Starting HSPICE simulation for design: new_dff/d_ff_tb/schematic"
[14:46:13.76] /# gi::collapse {jobMonitorTable} -index {0.0.0,0} -in [gi::getWindows 29]
[14:46:13.80] /o 1
[14:46:14.26] /m Information: "Simulation completed successfully for design: new_dff/d_ff_tb/schematic "
[14:46:14.44] /m Information: Launching Background sae_shell Server Process "cd /home/itsupport/Desktop/lab1vlsi && sae_shell -log sae_shell_session7_job2 -libDefFile /home/itsupport/Desktop/lab1vlsi/lib.defs"
[14:46:14.45] /m Information: "Evaluating and plotting outputs..."
[14:46:14.46] /m Information: Started sharing "Custom WaveView" license. (WAVEFORM-110)
[14:46:14.54] /j ::wf::WaveView::plotSuccess WaveView_3 {} {_5fde060_void_pp _6044000_void_pp} 
[14:46:14.66] /j ::wf::WaveView::plotSuccess WaveView_3 {} {_5fde060_void_pp _6043ce0_void_pp} 
[14:46:14.68] /j ::wf::WaveView::plotSuccess WaveView_3 {} {_5fde060_void_pp _6043da8_void_pp} 
[14:46:14.77] /j ::wf::WaveView::plotSuccess WaveView_3 {} {_5fde060_void_pp _6043e70_void_pp} 
[14:46:15.07] /m Information: Measurement calculations completed for testbench: HSPICE_d_ff_tb in 0s
[14:46:16.96] /m Information: Received ready-for-commands signal from background job 'sae_shell_session7_job2' after 2 seconds.
[14:46:18.38] /i gi::setActiveWindow 28
[14:46:18.38] /i gi::setActiveWindow 28 -raise true
[14:46:19.11] /i gi::setCurrentIndex {variablesTable} -index {2,1} -in [gi::getWindows 28]
[14:46:19.11] /i gi::setItemSelection {variablesTable} -index {2,1} -in [gi::getWindows 28]
[14:46:21.55] /i gi::setField {variablesTable} -index {2,1} -value {100p} -in [gi::getWindows 28]
[14:46:21.55] /i gi::setField {variablesTable} -index {2,1} -value {100p} -in [gi::getWindows 28]
[14:46:22.36] /i gi::executeAction menuPreShow -in [gi::getWindows 28]
[14:46:22.36] /r giMenuAccess db::getNext [gi::getMenus saConsoleSimMenu -from [gi::getWindows 28]]
[14:46:22.91] /# gi::executeAction saNetlistAndRun -in [gi::getWindows 28]
[14:46:22.91] /i isa::netlistAndRun -testbench [sa::findActiveTestbench -window 28] -mode overwrite
[14:46:23.01] /m Information: "Starting incremental netlisting for design "new_dff/d_ff_tb/schematic"..." (NETLISTING-010)
[14:46:23.02] /o No Design Integrity rule violations found in "new_dff/d_ff_tb/schematic"
[14:46:23.02] /m Information: 
[14:46:23.02] /o Checking "new_dff/d_ff/schematic"
[14:46:23.02] /o No rule violations found in "new_dff/d_ff/schematic"
[14:46:23.02] /m Information: 
[14:46:23.02] /o Checking "project_d_ff/CLOCK_inv/schematic"
[14:46:23.03] /o No rule violations found in "project_d_ff/CLOCK_inv/schematic"
[14:46:23.03] /m Information: 
[14:46:23.03] /o Checking "new_dff/D_latch/schematic"
[14:46:23.03] /o No rule violations found in "new_dff/D_latch/schematic"
[14:46:23.05] /m Information: "Netlisting design "new_dff/d_ff_tb/schematic" finished successfully." (NETLISTING-012)
[14:46:23.05] /m Information: "Composing simulator input file for design "new_dff/d_ff_tb/schematic"..."
[14:46:23.08] /m Information: "Simulator input file composed successfully for design "new_dff/d_ff_tb/schematic""
[14:46:23.26] /m Information: "Starting HSPICE simulation for design: new_dff/d_ff_tb/schematic"
[14:46:23.26] /# gi::collapse {jobMonitorTable} -index {0.0.0.1,0} -in [gi::getWindows 29]
[14:46:23.28] /o 1
[14:46:24.17] /m Information: "Simulation completed successfully for design: new_dff/d_ff_tb/schematic "
[14:46:24.38] /m Information: "Evaluating and plotting outputs..."
[14:46:24.48] /j ::wf::WaveView::plotSuccess WaveView_3 {} {_608c8a0_void_pp _6043f38_void_pp} 
[14:46:24.53] /j ::wf::WaveView::plotSuccess WaveView_3 {} {_608c8a0_void_pp _6044000_void_pp} 
[14:46:24.56] /j ::wf::WaveView::plotSuccess WaveView_3 {} {_608c8a0_void_pp _6043ce0_void_pp} 
[14:46:24.62] /j ::wf::WaveView::plotSuccess WaveView_3 {} {_608c8a0_void_pp _6043da8_void_pp} 
[14:46:24.78] /m Information: Measurement calculations completed for testbench: HSPICE_d_ff_tb in 0s
[14:46:28.26] /i gi::executeAction giCloseWindow -in [gi::getWindows 29]
[14:46:28.28] /i gi::setActiveWindow 28
[14:46:28.28] /i gi::setActiveWindow 28 -raise true
[14:46:28.75] /i gi::setActiveWindow 26
[14:46:28.75] /i gi::setActiveWindow 26 -raise true
[14:46:30.10] /i gi::setActiveWindow 27
[14:46:30.10] /i gi::setActiveWindow 27 -raise true
[14:46:32.56] /i gi::setActiveWindow 28
[14:46:32.57] /i gi::setActiveWindow 28 -raise true
[14:46:33.39] /i gi::setActiveWindow 23
[14:46:33.39] /i gi::setActiveWindow 23 -raise true
[14:46:34.49] /# gi::executeAction deCanvasZoomInAtPoint -in [gi::getWindows 23]
[14:46:34.49] /i de::zoom -window [gi::getWindows 23] -factor 2.0 -center {2.1625 2.94375}
[14:46:34.49] /o {-2.525 -2.31875} {7.99375 3.475}
[14:46:34.58] /# gi::executeAction deCanvasZoomInAtPoint -in [gi::getWindows 23]
[14:46:34.58] /i de::zoom -window [gi::getWindows 23] -factor 2.0 -center {2.18125 2.9375}
[14:46:34.58] /o {-0.16875 0.3125} {5.0875 3.20625}
[14:46:35.41] /# gi::executeAction deCanvasZoomInAtPoint -in [gi::getWindows 23]
[14:46:35.41] /i de::zoom -window [gi::getWindows 23] -factor 2.0 -center {2.4625 3}
[14:46:35.41] /o {1.14375 1.65625} {3.775 3.1}
[14:46:35.80] /# gi::executeAction deFitEdit -in [gi::getWindows 23]
[14:46:35.80] /i de::fit -window 23 -fitEdit true
[14:46:35.80] /o {-2.73125 -0.475} {7.78125 5.3125}
[14:46:36.66] /# gi::executeAction deSelectActive -in [gi::getWindows 23]
[14:46:36.66] /i de::deselectAll [db::getNext [de::getContexts -window 23]]
[14:46:36.66] /i de::deselectAllLogic -context [db::getNext [de::getContexts -window 23]]
[14:46:37.16] /# gi::executeAction deCanvasZoomInAtPoint -in [gi::getWindows 23]
[14:46:37.17] /i de::zoom -window [gi::getWindows 23] -factor 2.0 -center {3.05 4.025}
[14:46:37.17] /o {0.15625 1.775} {5.41875 4.66875}
[14:46:38.72] /i gi::setActiveWindow 20
[14:46:38.72] /i gi::setActiveWindow 20 -raise true
[14:46:39.38] /i gi::executeAction deCanvasDragCancel -in [gi::getWindows 20]
[14:46:39.87] /# gi::executeAction deSelectActive -in [gi::getWindows 20]
[14:46:39.87] /i de::deselectAll [db::getNext [de::getContexts -window 20]]
[14:46:39.87] /i de::select [de::getActiveFigure [gi::getWindows 20] -point {2.027 2.037} -index 0 -intent none]
[14:46:39.88] /o oa:0x29351f10
[14:46:41.40] /i gi::setItemSelection {parameters} -index {w,all} -in [gi::getAssistants dePropertyEditor -from [gi::getWindows 20]]
[14:46:41.41] /i gi::setCurrentIndex {parameters} -index {w,Value} -in [gi::getAssistants dePropertyEditor -from [gi::getWindows 20]]
[14:46:43.26] /i gi::setField {parameters} -value {0.28u} -index {w,Value} -in [gi::getAssistants dePropertyEditor -from [gi::getWindows 20]]
[14:46:43.26] /i gi::executeAction dePropertyEditorApplyChanges -in [gi::getAssistants dePropertyEditor -from [gi::getWindows 20]]
[14:46:44.29] /# gi::executeAction deSelectActive -in [gi::getWindows 20]
[14:46:44.29] /i de::deselectAll [db::getNext [de::getContexts -window 20]]
[14:46:44.29] /i de::deselectAllLogic -context [db::getNext [de::getContexts -window 20]]
[14:46:46.08] /# gi::executeAction deSelectActive -in [gi::getWindows 20]
[14:46:46.08] /i de::deselectAll [db::getNext [de::getContexts -window 20]]
[14:46:46.08] /i de::select [de::getActiveFigure [gi::getWindows 20] -point {2.048 1.861} -index 0 -intent none]
[14:46:46.08] /o oa:0x29bc8310
[14:46:47.72] /# gi::executeAction deCanvasZoomInAtPoint -in [gi::getWindows 20]
[14:46:47.72] /i de::zoom -window [gi::getWindows 20] -factor 2.0 -center {1.872 1.8}
[14:46:47.72] /o {0.682 0.772} {3.344 2.34}
[14:46:48.39] /# gi::executeAction deSelectActive -in [gi::getWindows 20]
[14:46:48.39] /i de::deselectAll [db::getNext [de::getContexts -window 20]]
[14:46:48.39] /i de::deselectAllLogic -context [db::getNext [de::getContexts -window 20]]
[14:46:49.06] /# gi::executeAction leStretch -in [gi::getWindows 20]
[14:46:49.06] /i ile::stretch
[14:46:49.61] /# gi::executeAction deAddPoint -in [gi::getWindows 20]
[14:46:49.61] /i de::addPoint {1.416 2.247} -context [db::getNext [de::getContexts -window 20]]
[14:46:50.29] /# gi::executeAction deAddPoint -in [gi::getWindows 20]
[14:46:50.29] /i de::addPoint {1.421 2.03} -context [db::getNext [de::getContexts -window 20]]
[14:46:50.58] /# gi::executeAction deAbortCommand -in [gi::getWindows 20]
[14:46:50.58] /i de::abortCommand -context [db::getNext [de::getContexts -window 20]]
[14:46:51.22] /# gi::executeAction leStretch -in [gi::getWindows 20]
[14:46:51.22] /i ile::stretch
[14:46:51.58] /# gi::executeAction deAddPoint -in [gi::getWindows 20]
[14:46:51.58] /i de::addPoint {1.782 2.244} -context [db::getNext [de::getContexts -window 20]]
[14:46:52.71] /# gi::executeAction deAddPoint -in [gi::getWindows 20]
[14:46:52.71] /i de::addPoint {1.777 1.993} -context [db::getNext [de::getContexts -window 20]]
[14:46:53.73] /i gi::executeAction deSaveDesign -in [gi::getWindows 20]
[14:46:53.73] /m Information: Saving design 'new_dff D_latch layout'. (DESIGN_WINDOW-004)
[14:46:54.03] /# gi::executeAction deFitView -in [gi::getWindows 20]
[14:46:54.03] /i de::fit -window 20 -fitView true
[14:46:54.03] /o {-0.044 -0.242} {5.279 2.896}
[14:46:56.30] /# gi::executeAction deCanvasZoomInAtPoint -in [gi::getWindows 20]
[14:46:56.30] /i de::zoom -window [gi::getWindows 20] -factor 2.0 -center {1.85 0.188}
[14:46:56.30] /o {0.903 -0.027} {3.565 1.542}
[14:46:58.30] /# gi::executeAction xtDRCRun -in [gi::getWindows 20]
[14:46:58.30] /i xt::physicalVerification::executeRun drc 20
[14:46:58.38] /# xt::physicalVerification::executePve drc 20
[14:47:00.69] /m Information: 
              /c =============================
              /c JobID: hercules_drc_30
              /c --- ERROR SUMMARY -----------
              /c 7.2: Minimum spacing for Nwell >= 0.55
              /c  EXTERNAL NWELL { } (101) ............................... 1 violation found.
              /c 7.10: Minimum spacing for Polysilicon >= 0.09
              /c  EXTERNAL POLS { } (101) ................................ 1 violation found.
              /c 7.11: Minimum area of Polysilicon >= 0.05
              /c  AREA POLS { } (101) .................................... 1 violation found.
              /c =============================
              /c 
[14:47:01.40] /j ::xt::hercules::vue::_private::registerConnection localhost:60036 tcp55 herculesVue_2 
[14:47:01.42] /m Information: Connection established with 'Hercules-VUE' running on 'localhost'.
[14:47:01.45] /j ::xt::hercules::vue::_private::isJobReady 
[14:47:01.45] /o true
[14:47:01.45] /j ::xt::hercules::vue::startFilter LAY 
[14:47:01.72] /j ::xt::hercules::vue::setInlibPath /home/itsupport/Desktop/lab1vlsi/. 
[14:47:01.74] /j ::xt::hercules::vue::setTopLayLCV new_dff D_latch layout 
[14:47:01.75] /j ::xt::hercules::vue::openCell new_dff D_latch layout 
[14:47:13.23] /j ::xt::hercules::vue::clearAllHighlights D_latch layout 
[14:47:13.24] /j ::xt::hercules::vue::clearAllHighlights D_latch layout 
[14:47:13.36] /m Information: Connection closed with 'Hercules-VUE' running on 'localhost'.
[14:47:14.13] /i gi::executeAction giCloseWindow -in [gi::getWindows 25]
[14:47:14.14] /i gi::setActiveWindow 20
[14:47:14.14] /i gi::setActiveWindow 20 -raise true
[14:47:14.74] /# gi::executeAction deCanvasZoomOutAtPoint -in [gi::getWindows 20]
[14:47:14.74] /i de::zoom -window [gi::getWindows 20] -factor 0.5 -center {1.804 1.301}
[14:47:14.74] /o {0.002 -1.355} {5.325 1.783}
[14:47:14.76] /# gi::executeAction deCanvasZoomOutAtPoint -in [gi::getWindows 20]
[14:47:14.76] /i de::zoom -window [gi::getWindows 20] -factor 0.5 -center {1.805 1.302}
[14:47:14.76] /o {-1.801 -4.012} {8.845 2.264}
[14:47:14.79] /# gi::executeAction deCanvasZoomOutAtPoint -in [gi::getWindows 20]
[14:47:14.79] /i de::zoom -window [gi::getWindows 20] -factor 0.5 -center {1.804 1.301}
[14:47:14.79] /o {-5.407 -9.325} {15.887 3.227}
[14:47:15.01] /# gi::executeAction deFitView -in [gi::getWindows 20]
[14:47:15.01] /i de::fit -window 20 -fitView true
[14:47:15.01] /o {-0.044 -0.242} {5.279 2.896}
[14:47:15.44] /# gi::executeAction deCanvasZoomInAtPoint -in [gi::getWindows 20]
[14:47:15.44] /i de::zoom -window [gi::getWindows 20] -factor 2.0 -center {1.504 2.438}
[14:47:15.44] /o {0.73 1.098} {3.392 2.667}
[14:47:15.51] /# gi::executeAction deCanvasZoomInAtPoint -in [gi::getWindows 20]
[14:47:15.51] /i de::zoom -window [gi::getWindows 20] -factor 2.0 -center {1.494 2.433}
[14:47:15.51] /o {1.112 1.766} {2.443 2.55}
[14:47:16.19] /# gi::executeAction deAddPoint -in [gi::getWindows 20]
[14:47:16.19] /i de::addPoint {1.58 2.443} -context [db::getNext [de::getContexts -window 20]]
[14:47:16.87] /# gi::executeAction deAbortCommand -in [gi::getWindows 20]
[14:47:16.87] /i de::abortCommand -context [db::getNext [de::getContexts -window 20]]
[14:47:17.31] /# gi::executeAction deSelectActive -in [gi::getWindows 20]
[14:47:17.31] /i de::deselectAllLogic -context [db::getNext [de::getContexts -window 20]]
[14:47:17.97] /# gi::executeAction leStretch -in [gi::getWindows 20]
[14:47:17.97] /i ile::stretch
[14:47:18.68] /# gi::executeAction deAddPoint -in [gi::getWindows 20]
[14:47:18.68] /i de::addPoint {1.58 2.28} -context [db::getNext [de::getContexts -window 20]]
[14:47:19.25] /# gi::executeAction deAddPoint -in [gi::getWindows 20]
[14:47:19.25] /i de::addPoint {1.583 1.963} -context [db::getNext [de::getContexts -window 20]]
[14:47:19.55] /# gi::executeAction deCanvasZoomOutAtPoint -in [gi::getWindows 20]
[14:47:19.55] /i de::zoom -window [gi::getWindows 20] -factor 0.5 -center {1.715 2.072}
[14:47:19.55] /o {0.509 1.459} {3.171 3.028}
[14:47:19.58] /# gi::executeAction deCanvasZoomOutAtPoint -in [gi::getWindows 20]
[14:47:19.58] /i de::zoom -window [gi::getWindows 20] -factor 0.5 -center {1.715 2.055}
[14:47:19.58] /o {-0.697 0.863} {4.626 4.001}
[14:47:19.59] /# gi::executeAction deCanvasZoomOutAtPoint -in [gi::getWindows 20]
[14:47:19.59] /i de::zoom -window [gi::getWindows 20] -factor 0.5 -center {1.705 1.924}
[14:47:19.59] /o {-3.099 -0.198} {7.547 6.078}
[14:47:19.99] /# gi::executeAction deFitView -in [gi::getWindows 20]
[14:47:19.99] /i de::fit -window 20 -fitView true
[14:47:19.99] /o {-0.044 -0.242} {5.279 2.896}
[14:47:20.54] /# gi::executeAction deCanvasZoomInAtPoint -in [gi::getWindows 20]
[14:47:20.54] /i de::zoom -window [gi::getWindows 20] -factor 2.0 -center {1.413 0.158}
[14:47:20.54] /o {0.684 -0.042} {3.346 1.527}
[14:47:20.61] /# gi::executeAction deCanvasZoomInAtPoint -in [gi::getWindows 20]
[14:47:20.61] /i de::zoom -window [gi::getWindows 20] -factor 2.0 -center {1.408 0.153}
[14:47:20.61] /o {1.046 0.056} {2.377 0.84}
[14:47:21.00] /# gi::executeAction deCanvasZoomOutAtPoint -in [gi::getWindows 20]
[14:47:21.00] /i de::zoom -window [gi::getWindows 20] -factor 0.5 -center {1.454 0.177}
[14:47:21.00] /o {0.638 -0.066} {3.3 1.503}
[14:47:21.06] /# gi::executeAction deCanvasZoomOutAtPoint -in [gi::getWindows 20]
[14:47:21.06] /i de::zoom -window [gi::getWindows 20] -factor 0.5 -center {1.508 0.19}
[14:47:21.07] /o {-0.231 -0.322} {5.092 2.816}
[14:47:21.17] /# gi::executeAction deFitView -in [gi::getWindows 20]
[14:47:21.17] /i de::fit -window 20 -fitView true
[14:47:21.17] /o {-0.044 -0.242} {5.279 2.896}
[14:47:23.16] /i gi::executeAction deSaveDesign -in [gi::getWindows 20]
[14:47:23.16] /m Information: Saving design 'new_dff D_latch layout'. (DESIGN_WINDOW-004)
[14:47:23.92] /# gi::executeAction deCanvasZoomInAtPoint -in [gi::getWindows 20]
[14:47:23.92] /i de::zoom -window [gi::getWindows 20] -factor 2.0 -center {2.348 2.079}
[14:47:23.92] /o {1.152 0.919} {3.814 2.487}
[14:47:24.06] /# gi::executeAction deCanvasZoomInAtPoint -in [gi::getWindows 20]
[14:47:24.06] /i de::zoom -window [gi::getWindows 20] -factor 2.0 -center {2.348 2.079}
[14:47:24.06] /o {1.75 1.499} {3.081 2.283}
[14:47:24.36] /# gi::executeAction deAddPoint -in [gi::getWindows 20]
[14:47:24.36] /i de::addPoint {2.46 2.005} -context [db::getNext [de::getContexts -window 20]]
[14:47:24.57] /# gi::executeAction deCanvasZoomOutAtPoint -in [gi::getWindows 20]
[14:47:24.57] /i de::zoom -window [gi::getWindows 20] -factor 0.5 -center {2.498 2.006}
[14:47:24.57] /o {1.002 0.992} {3.664 2.56}
[14:47:24.60] /# gi::executeAction deCanvasZoomOutAtPoint -in [gi::getWindows 20]
[14:47:24.60] /i de::zoom -window [gi::getWindows 20] -factor 0.5 -center {2.498 2.006}
[14:47:24.60] /o {-0.494 -0.023} {4.829 3.115}
[14:47:25.24] /# gi::executeAction deStartDrag -in [gi::getWindows 20]
[14:47:25.24] /i de::startDrag {2.525 2.603} -context [db::getNext [de::getContexts -window 20]]
[14:47:25.80] /# gi::executeAction deEndDrag -in [gi::getWindows 20]
[14:47:25.80] /i de::endDrag {4.663 -0.23} -context [db::getNext [de::getContexts -window 20]]
[14:47:39.58] /# gi::executeAction deAbortCommand -in [gi::getWindows 20]
[14:47:39.59] /i de::abortCommand -context [db::getNext [de::getContexts -window 20]]
[14:47:40.29] /# gi::executeAction deSelectByWindow -in [gi::getWindows 20]
[14:47:40.29] /i db::setPrefValue deSelectMode -value Replace -scope [db::getScopes [db::getNext [de::getContexts -window 20]]]; ide::selectByRegion -region rectangle -point {2.645 2.73} 
[14:47:40.63] /# gi::executeAction deEndDrag -in [gi::getWindows 20]
[14:47:40.63] /i de::endDrag {4.995 -0.118} -context [db::getNext [de::getContexts -window 20]]
[14:47:41.34] /# gi::executeAction deSelectActive -in [gi::getWindows 20]
[14:47:41.34] /i de::deselectAll [db::getNext [de::getContexts -window 20]]
[14:47:41.34] /i de::select [de::getActiveFigure [gi::getWindows 20] -point {4.257 1.861} -index 0 -intent none]
[14:47:41.34] /o oa:0x24b88b90
[14:47:42.26] /# gi::executeAction deSelectActive -in [gi::getWindows 20]
[14:47:42.26] /i de::deselectAll [db::getNext [de::getContexts -window 20]]
[14:47:42.26] /i de::deselectAllLogic -context [db::getNext [de::getContexts -window 20]]
[14:47:42.81] /# gi::executeAction deSelectByWindow -in [gi::getWindows 20]
[14:47:42.81] /i db::setPrefValue deSelectMode -value Replace -scope [db::getScopes [db::getNext [de::getContexts -window 20]]]; ide::selectByRegion -region rectangle -point {2.54 2.695} 
[14:47:43.24] /# gi::executeAction deEndDrag -in [gi::getWindows 20]
[14:47:43.24] /i de::endDrag {4.938 -0.118} -context [db::getNext [de::getContexts -window 20]]
[14:47:44.00] /# gi::executeAction leMove -in [gi::getWindows 20]
[14:47:44.01] /i ile::move
[14:47:44.17] /# gi::executeAction deAddPoint -in [gi::getWindows 20]
[14:47:44.17] /i de::addPoint {3.999 1.763} -context [db::getNext [de::getContexts -window 20]]
[14:47:45.54] /# gi::executeAction deAddPoint -in [gi::getWindows 20]
[14:47:45.54] /i de::addPoint {0.2 2.075} -context [db::getNext [de::getContexts -window 20]]
[14:47:45.76] /# gi::executeAction deCanvasZoomOutAtPoint -in [gi::getWindows 20]
[14:47:45.76] /i de::zoom -window [gi::getWindows 20] -factor 0.5 -center {0.292 2.495}
[14:47:45.76] /o {-1.28 -2.541} {9.366 3.735}
[14:47:45.79] /# gi::executeAction deCanvasZoomOutAtPoint -in [gi::getWindows 20]
[14:47:45.79] /i de::zoom -window [gi::getWindows 20] -factor 0.5 -center {0.292 2.508}
[14:47:45.79] /o {-2.853 -7.59} {18.441 4.962}
[14:47:45.84] /# gi::executeAction deCanvasZoomOutAtPoint -in [gi::getWindows 20]
[14:47:45.85] /i de::zoom -window [gi::getWindows 20] -factor 0.5 -center {0.292 2.508}
[14:47:45.85] /o {-5.998 -17.687} {36.59 7.415}
[14:47:46.09] /# gi::executeAction deSelectActive -in [gi::getWindows 20]
[14:47:46.09] /i de::deselectAll [db::getNext [de::getContexts -window 20]]
[14:47:46.09] /i de::deselectAllLogic -context [db::getNext [de::getContexts -window 20]]
[14:47:46.54] /# gi::executeAction deSelectByWindow -in [gi::getWindows 20]
[14:47:46.54] /i db::setPrefValue deSelectMode -value Replace -scope [db::getScopes [db::getNext [de::getContexts -window 20]]]; ide::selectByRegion -region rectangle -point {-3.205 5.03} 
[14:47:46.73] /# gi::executeAction deEndDrag -in [gi::getWindows 20]
[14:47:46.73] /i de::endDrag {10.295 -4.54} -context [db::getNext [de::getContexts -window 20]]
[14:47:47.68] /# gi::executeAction leMove -in [gi::getWindows 20]
[14:47:47.68] /i ile::move
[14:47:47.91] /# gi::executeAction deAddPoint -in [gi::getWindows 20]
[14:47:47.91] /i de::addPoint {1.267 2.183} -context [db::getNext [de::getContexts -window 20]]
[14:47:48.88] /# gi::executeAction deAddPoint -in [gi::getWindows 20]
[14:47:48.88] /i de::addPoint {9.563 4.243} -context [db::getNext [de::getContexts -window 20]]
[14:47:49.76] /# gi::executeAction leMove -in [gi::getWindows 20]
[14:47:49.76] /i ile::move
[14:47:49.97] /# gi::executeAction deAddPoint -in [gi::getWindows 20]
[14:47:49.97] /i de::addPoint {9.644 1.695} -context [db::getNext [de::getContexts -window 20]]
[14:47:50.52] /# gi::executeAction deAddPoint -in [gi::getWindows 20]
[14:47:50.52] /i de::addPoint {9.861 5.762} -context [db::getNext [de::getContexts -window 20]]
[14:47:50.61] /i gi::executeAction deCanvasDragCancel -in [gi::getWindows 20]
[14:47:50.83] /# gi::executeAction deFitView -in [gi::getWindows 20]
[14:47:50.83] /i de::fit -window 20 -fitView true
[14:47:50.83] /o {6.286 3.823} {11.609 6.961}
[14:47:51.34] /# gi::executeAction deSelectActive -in [gi::getWindows 20]
[14:47:51.34] /i de::deselectAll [db::getNext [de::getContexts -window 20]]
[14:47:51.34] /i de::deselectAllLogic -context [db::getNext [de::getContexts -window 20]]
[14:47:53.08] /# gi::executeAction deSelectByWindow -in [gi::getWindows 20]
[14:47:53.08] /i db::setPrefValue deSelectMode -value Replace -scope [db::getScopes [db::getNext [de::getContexts -window 20]]]; ide::selectByRegion -region rectangle -point {7.07 5.79} 
[14:47:53.49] /# gi::executeAction deEndDrag -in [gi::getWindows 20]
[14:47:53.49] /i de::endDrag {9.041 3.979} -context [db::getNext [de::getContexts -window 20]]
[14:47:54.97] /# gi::executeAction leMove -in [gi::getWindows 20]
[14:47:54.97] /i ile::move
[14:47:55.24] /# gi::executeAction deAddPoint -in [gi::getWindows 20]
[14:47:55.24] /i de::addPoint {7.956 5.514} -context [db::getNext [de::getContexts -window 20]]
[14:47:57.96] /# gi::executeAction deAddPoint -in [gi::getWindows 20]
[14:47:57.96] /i de::addPoint {7.956 4.863} -context [db::getNext [de::getContexts -window 20]]
[14:47:58.13] /i gi::executeAction deCanvasDragCancel -in [gi::getWindows 20]
[14:47:58.39] /# gi::executeAction deSelectActive -in [gi::getWindows 20]
[14:47:58.39] /i de::deselectAll [db::getNext [de::getContexts -window 20]]
[14:47:58.39] /i de::deselectAllLogic -context [db::getNext [de::getContexts -window 20]]
[14:47:58.83] /# gi::executeAction deCanvasZoomInAtPoint -in [gi::getWindows 20]
[14:47:58.83] /i de::zoom -window [gi::getWindows 20] -factor 2.0 -center {8.414 4.386}
[14:47:58.83] /o {7.35 4.105} {10.012 5.673}
[14:47:59.01] /# gi::executeAction deCanvasZoomInAtPoint -in [gi::getWindows 20]
[14:47:59.01] /i de::zoom -window [gi::getWindows 20] -factor 2.0 -center {8.414 4.386}
[14:47:59.01] /o {7.882 4.245} {9.213 5.03}
[14:47:59.35] /# gi::executeAction leStretch -in [gi::getWindows 20]
[14:47:59.35] /i ile::stretch
[14:48:00.31] /# gi::executeAction deAddPoint -in [gi::getWindows 20]
[14:48:00.31] /i de::addPoint {8.291 4.559} -context [db::getNext [de::getContexts -window 20]]
[14:48:00.57] /# gi::executeAction deCanvasZoomOutAtPoint -in [gi::getWindows 20]
[14:48:00.57] /i de::zoom -window [gi::getWindows 20] -factor 0.5 -center {8.317 4.315}
[14:48:00.57] /o {7.447 4.176} {10.109 5.744}
[14:48:00.61] /# gi::executeAction deCanvasZoomOutAtPoint -in [gi::getWindows 20]
[14:48:00.61] /i de::zoom -window [gi::getWindows 20] -factor 0.5 -center {8.321 4.279}
[14:48:00.61] /o {6.573 4.072} {11.896 7.21}
[14:48:00.65] /# gi::executeAction deCanvasZoomOutAtPoint -in [gi::getWindows 20]
[14:48:00.65] /i de::zoom -window [gi::getWindows 20] -factor 0.5 -center {8.325 4.221}
[14:48:00.65] /o {4.821 3.923} {15.467 10.199}
[14:48:00.69] /# gi::executeAction deCanvasZoomOutAtPoint -in [gi::getWindows 20]
[14:48:00.69] /i de::zoom -window [gi::getWindows 20] -factor 0.5 -center {8.324 4.113}
[14:48:00.69] /o {1.317 3.733} {22.611 16.285}
[14:48:01.30] /# gi::executeAction deCanvasZoomInAtPoint -in [gi::getWindows 20]
[14:48:01.30] /i de::zoom -window [gi::getWindows 20] -factor 2.0 -center {8.365 4.005}
[14:48:01.30] /o {4.841 3.869} {15.488 10.145}
[14:48:01.46] /# gi::executeAction deFitView -in [gi::getWindows 20]
[14:48:01.46] /i de::fit -window 20 -fitView true
[14:48:01.46] /o {5.961 3.459} {11.934 6.98}
[14:48:01.96] /# gi::executeAction deCanvasZoomInAtPoint -in [gi::getWindows 20]
[14:48:01.96] /i de::zoom -window [gi::getWindows 20] -factor 2.0 -center {8.041 3.885}
[14:48:01.96] /o {7.001 3.672} {9.988 5.433}
[14:48:02.83] /# gi::executeAction deAddPoint -in [gi::getWindows 20]
[14:48:02.83] /i de::addPoint {8.064 3.936} -context [db::getNext [de::getContexts -window 20]]
[14:48:02.96] /# gi::executeAction deAbortCommand -in [gi::getWindows 20]
[14:48:02.96] /i de::abortCommand -context [db::getNext [de::getContexts -window 20]]
[14:48:03.78] /# gi::executeAction deSelectByWindow -in [gi::getWindows 20]
[14:48:03.78] /i db::setPrefValue deSelectMode -value Replace -scope [db::getScopes [db::getNext [de::getContexts -window 20]]]; ide::selectByRegion -region rectangle -point {7.33 5.09} 
[14:48:04.25] /# gi::executeAction deEndDrag -in [gi::getWindows 20]
[14:48:04.25] /i de::endDrag {8.081 4.729} -context [db::getNext [de::getContexts -window 20]]
[14:48:04.80] /# gi::executeAction deFitView -in [gi::getWindows 20]
[14:48:04.81] /i de::fit -window 20 -fitView true
[14:48:04.81] /o {5.961 3.459} {11.934 6.98}
[14:48:05.99] /# gi::executeAction leStartStretchDrag -in [gi::getWindows 20]
[14:48:05.99] /i layout_editor::directStretch [de::getActiveFigure [gi::getWindows 20] -point {7.938 4.877} -index 0 -intent none] 20
[14:48:05.99] /# ile::stretch -point {7.94 4.875}
[14:48:09.60] /# gi::executeAction deEndDrag -in [gi::getWindows 20]
[14:48:09.60] /i de::endDrag {7.892 5.562} -context [db::getNext [de::getContexts -window 20]]
[14:48:09.80] /# gi::executeAction deSelectActive -in [gi::getWindows 20]
[14:48:09.80] /i de::deselectAll [db::getNext [de::getContexts -window 20]]
[14:48:09.81] /i de::deselectAllLogic -context [db::getNext [de::getContexts -window 20]]
[14:48:10.55] /# gi::executeAction deSelectActive -in [gi::getWindows 20]
[14:48:10.55] /i de::deselectAll [db::getNext [de::getContexts -window 20]]
[14:48:10.55] /i de::select [de::getActiveFigure [gi::getWindows 20] -point {7.493 5.577} -index 0 -intent none]
[14:48:10.55] /o oa:0x29393f10
[14:48:11.30] /# gi::executeAction leDelete -in [gi::getWindows 20]
[14:48:11.30] /i ile::delete
[14:48:11.50] /# gi::executeAction deSelectActive -in [gi::getWindows 20]
[14:48:11.50] /i de::deselectAllLogic -context [db::getNext [de::getContexts -window 20]]
[14:48:12.15] /# gi::executeAction deSelectActive -in [gi::getWindows 20]
[14:48:12.15] /i de::deselectAll [db::getNext [de::getContexts -window 20]]
[14:48:12.15] /i de::select [de::getActiveFigure [gi::getWindows 20] -point {8.006 5.539} -index 0 -intent none]
[14:48:12.15] /o oa:0x1faea680
[14:48:12.26] /# gi::executeAction leDelete -in [gi::getWindows 20]
[14:48:12.26] /i ile::delete
[14:48:13.05] /# gi::executeAction deSelectActive -in [gi::getWindows 20]
[14:48:13.05] /i de::deselectAllLogic -context [db::getNext [de::getContexts -window 20]]
[14:48:13.81] /# gi::executeAction deSelectActive -in [gi::getWindows 20]
[14:48:13.81] /i de::deselectAll [db::getNext [de::getContexts -window 20]]
[14:48:13.81] /i de::select [de::getActiveFigure [gi::getWindows 20] -point {7.877 4.33} -index 0 -intent none]
[14:48:13.81] /o oa:0x1ea95230
[14:48:13.90] /# gi::executeAction leDelete -in [gi::getWindows 20]
[14:48:13.90] /i ile::delete
[14:48:14.57] /# gi::executeAction deSelectActive -in [gi::getWindows 20]
[14:48:14.57] /i de::deselectAll [db::getNext [de::getContexts -window 20]]
[14:48:14.57] /i de::select [de::getActiveFigure [gi::getWindows 20] -point {7.447 4.345} -index 0 -intent none]
[14:48:14.57] /o oa:0x2504ced0
[14:48:15.09] /# gi::executeAction deSelectActive -in [gi::getWindows 20]
[14:48:15.09] /i de::deselectAll [db::getNext [de::getContexts -window 20]]
[14:48:15.09] /i de::select [de::getActiveFigure [gi::getWindows 20] -point {7.482 4.341} -index 0 -intent none]
[14:48:15.09] /o oa:0x258372b0
[14:48:15.68] /# gi::executeAction deSelectActive -in [gi::getWindows 20]
[14:48:15.68] /i de::deselectAll [db::getNext [de::getContexts -window 20]]
[14:48:15.68] /i de::select [de::getActiveFigure [gi::getWindows 20] -point {7.398 4.353} -index 0 -intent none]
[14:48:15.68] /o oa:0x25863c40
[14:48:16.33] /# gi::executeAction deSelectActive -in [gi::getWindows 20]
[14:48:16.33] /i de::deselectAll [db::getNext [de::getContexts -window 20]]
[14:48:16.33] /i de::select [de::getActiveFigure [gi::getWindows 20] -point {7.356 4.353} -index 0 -intent none]
[14:48:16.33] /o oa:0x1fda17c0
[14:48:16.54] /# gi::executeAction leDelete -in [gi::getWindows 20]
[14:48:16.54] /i ile::delete
[14:48:17.06] /i gi::executeAction deCanvasDragCancel -in [gi::getWindows 20]
[14:48:18.36] /# gi::executeAction leStretch -in [gi::getWindows 20]
[14:48:18.36] /i ile::stretch
[14:48:19.32] /# gi::executeAction deAddPoint -in [gi::getWindows 20]
[14:48:19.32] /i de::addPoint {7.455 4.961} -context [db::getNext [de::getContexts -window 20]]
[14:48:20.27] /# gi::executeAction deCanvasZoomInAtPoint -in [gi::getWindows 20]
[14:48:20.27] /i de::zoom -window [gi::getWindows 20] -factor 2.0 -center {7.516 5.577}
[14:48:20.27] /o {6.738 4.518} {9.725 6.279}
[14:48:20.37] /# gi::executeAction deCanvasZoomInAtPoint -in [gi::getWindows 20]
[14:48:20.37] /i de::zoom -window [gi::getWindows 20] -factor 2.0 -center {7.516 5.577}
[14:48:20.37] /o {7.127 5.047} {8.621 5.928}
[14:48:21.41] /# gi::executeAction deAddPoint -in [gi::getWindows 20]
[14:48:21.41] /i de::addPoint {7.493 5.647} -context [db::getNext [de::getContexts -window 20]]
[14:48:21.61] /# gi::executeAction deAbortCommand -in [gi::getWindows 20]
[14:48:21.61] /i de::abortCommand -context [db::getNext [de::getContexts -window 20]]
[14:48:22.24] /# gi::executeAction leStretch -in [gi::getWindows 20]
[14:48:22.24] /i ile::stretch
[14:48:22.85] /# gi::executeAction deAddPoint -in [gi::getWindows 20]
[14:48:22.85] /i de::addPoint {7.921 5.468} -context [db::getNext [de::getContexts -window 20]]
[14:48:24.02] /# gi::executeAction deAddPoint -in [gi::getWindows 20]
[14:48:24.02] /i de::addPoint {7.923 5.505} -context [db::getNext [de::getContexts -window 20]]
[14:48:24.16] /# gi::executeAction leStretch -in [gi::getWindows 20]
[14:48:24.16] /i ile::stretch
[14:48:25.08] /i gi::executeAction deSaveDesign -in [gi::getWindows 20]
[14:48:25.08] /m Information: Saving design 'new_dff D_latch layout'. (DESIGN_WINDOW-004)
[14:48:25.80] /# gi::executeAction deAddPoint -in [gi::getWindows 20]
[14:48:25.80] /i de::addPoint {7.987 5.431} -context [db::getNext [de::getContexts -window 20]]
[14:48:26.10] /# gi::executeAction deCanvasZoomOutAtPoint -in [gi::getWindows 20]
[14:48:26.10] /i de::zoom -window [gi::getWindows 20] -factor 0.5 -center {7.995 5.342}
[14:48:26.10] /o {6.259 4.753} {9.246 6.514}
[14:48:26.15] /# gi::executeAction deCanvasZoomOutAtPoint -in [gi::getWindows 20]
[14:48:26.15] /i de::zoom -window [gi::getWindows 20] -factor 0.5 -center {7.995 5.342}
[14:48:26.15] /o {4.524 4.164} {10.497 7.685}
[14:48:26.34] /# gi::executeAction deFitView -in [gi::getWindows 20]
[14:48:26.34] /i de::fit -window 20 -fitView true
[14:48:26.34] /o {5.961 3.459} {11.934 6.98}
[14:48:27.75] /# gi::executeAction deStartDrag -in [gi::getWindows 20]
[14:48:27.75] /i de::startDrag {7.79 4.676} -context [db::getNext [de::getContexts -window 20]]
[14:48:28.27] /# gi::executeAction deEndDrag -in [gi::getWindows 20]
[14:48:28.27] /i de::endDrag {7.801 4.961} -context [db::getNext [de::getContexts -window 20]]
[14:48:28.88] /# gi::executeAction deAddPoint -in [gi::getWindows 20]
[14:48:28.88] /i de::addPoint {7.763 4.638} -context [db::getNext [de::getContexts -window 20]]
[14:48:29.47] /# gi::executeAction deAbortCommand -in [gi::getWindows 20]
[14:48:29.47] /i de::abortCommand -context [db::getNext [de::getContexts -window 20]]
[14:48:37.11] /i gi::setActiveWindow 26
[14:48:37.12] /i gi::setActiveWindow 26 -raise true
[14:48:38.11] /i gi::setActiveWindow 23
[14:48:38.11] /i gi::setActiveWindow 23 -raise true
[14:48:38.67] /i gi::setActiveWindow 28
[14:48:38.67] /i gi::setActiveWindow 28 -raise true
[14:48:40.36] /i gi::setActiveWindow 26
[14:48:40.36] /i gi::setActiveWindow 26 -raise true
[14:48:40.99] /i gi::setActiveWindow 2
[14:48:40.99] /i gi::setActiveWindow 2 -raise true
[14:48:42.03] /i gi::executeAction giCloseWindow -in [gi::getWindows 26]
[14:48:43.50] /i gi::setCurrentIndex {cells} -index {d_ff} -in [gi::getWindows 2]
[14:48:43.51] /i gi::setItemSelection {cells} -index {d_ff} -in [gi::getWindows 2]
[14:48:43.86] /i gi::setCurrentIndex {cells} -index {D_latch} -in [gi::getWindows 2]
[14:48:43.87] /i gi::setItemSelection {cells} -index {D_latch} -in [gi::getWindows 2]
[14:48:44.98] /i gi::setCurrentIndex {views} -index {layout} -in [gi::getWindows 2]
[14:48:44.98] /i gi::setItemSelection {views} -index {layout} -in [gi::getWindows 2]
[14:48:45.40] /i gi::setCurrentIndex {views} -index {schematic} -in [gi::getWindows 2]
[14:48:45.40] /i gi::setItemSelection {views} -index {schematic} -in [gi::getWindows 2]
[14:48:46.26] /i gi::setActiveWindow 23
[14:48:46.26] /i gi::setActiveWindow 23 -raise true
[14:48:46.93] /# gi::executeAction deCanvasZoomOutAtPoint -in [gi::getWindows 23]
[14:48:46.93] /i de::zoom -window [gi::getWindows 23] -factor 0.5 -center {1.60625 3.55}
[14:48:46.93] /o {-1.2875 0.0} {9.225 5.7875}
[14:48:47.00] /# gi::executeAction deCanvasZoomOutAtPoint -in [gi::getWindows 23]
[14:48:47.00] /i de::zoom -window [gi::getWindows 23] -factor 0.5 -center {1.63125 3.54375}
[14:48:47.00] /o {-4.2125 -3.55} {16.825 8.0375}
[14:48:47.26] /# gi::executeAction deCanvasZoomInAtPoint -in [gi::getWindows 23]
[14:48:47.26] /i de::zoom -window [gi::getWindows 23] -factor 2.0 -center {2.025 0.9125}
[14:48:47.26] /o {-1.09375 -1.31875} {9.425 4.475}
[14:48:47.37] /# gi::executeAction deCanvasZoomInAtPoint -in [gi::getWindows 23]
[14:48:47.37] /i de::zoom -window [gi::getWindows 23] -factor 2.0 -center {1.9 0.94375}
[14:48:47.37] /o {0.40625 -0.1875} {5.6625 2.70625}
[14:48:47.83] /# gi::executeAction deCanvasZoomOutAtPoint -in [gi::getWindows 23]
[14:48:47.83] /i de::zoom -window [gi::getWindows 23] -factor 0.5 -center {1.275 1.3}
[14:48:47.83] /o {-0.46875 -1.675} {10.05 4.11875}
[14:48:48.04] /# gi::executeAction deCanvasZoomOutAtPoint -in [gi::getWindows 23]
[14:48:48.04] /i de::zoom -window [gi::getWindows 23] -factor 0.5 -center {1.28125 1.3}
[14:48:48.04] /o {-2.21875 -4.65} {18.81875 6.9375}
[14:48:48.37] /# gi::executeAction deCanvasZoomInAtPoint -in [gi::getWindows 23]
[14:48:48.37] /i de::zoom -window [gi::getWindows 23] -factor 2.0 -center {0.15 1.325}
[14:48:48.37] /o {-1.03125 -1.6625} {9.48125 4.13125}
[14:48:48.86] /# gi::executeAction deCanvasZoomInAtPoint -in [gi::getWindows 23]
[14:48:48.86] /i de::zoom -window [gi::getWindows 23] -factor 2.0 -center {0.45 1.3875}
[14:48:48.86] /o {-0.29375 -0.1375} {4.96875 2.75625}
[14:48:50.54] /# gi::executeAction deCanvasZoomOutAtPoint -in [gi::getWindows 23]
[14:48:50.54] /i de::zoom -window [gi::getWindows 23] -factor 0.5 -center {2.1 1.58125}
[14:48:50.54] /o {-2.68125 -1.85625} {7.83125 3.9375}
[14:48:50.58] /# gi::executeAction deCanvasZoomOutAtPoint -in [gi::getWindows 23]
[14:48:50.58] /i de::zoom -window [gi::getWindows 23] -factor 0.5 -center {2.1 1.63125}
[14:48:50.58] /o {-7.46875 -5.34375} {13.56875 6.24375}
[14:48:51.04] /# gi::executeAction deCanvasZoomInAtPoint -in [gi::getWindows 23]
[14:48:51.04] /i de::zoom -window [gi::getWindows 23] -factor 2.0 -center {1.825 3.04375}
[14:48:51.04] /o {-2.81875 -1.15} {7.69375 4.64375}
[14:48:54.74] /# gi::executeAction deCanvasZoomInAtPoint -in [gi::getWindows 23]
[14:48:54.74] /i de::zoom -window [gi::getWindows 23] -factor 2.0 -center {2.1875 1.65625}
[14:48:54.74] /o {-0.31875 0.25625} {4.94375 3.15}
[14:48:59.32] /# gi::executeAction deCanvasZoomOutAtPoint -in [gi::getWindows 23]
[14:48:59.32] /i de::zoom -window [gi::getWindows 23] -factor 0.5 -center {1.6125 1.50625}
[14:48:59.32] /o {-2.24375 -1.0} {8.26875 4.79375}
[14:49:03.38] /# gi::executeAction deSelectActive -in [gi::getWindows 23]
[14:49:03.38] /i de::deselectAll [db::getNext [de::getContexts -window 23]]
[14:49:03.38] /i de::select [de::getActiveFigure [gi::getWindows 23] -point {1.5375 1.20625} -index 0 -intent none]
[14:49:03.38] /o oa:0x27f3d960
[14:49:04.48] /# gi::executeAction deSelectActive -in [gi::getWindows 23]
[14:49:04.48] /i de::deselectAll [db::getNext [de::getContexts -window 23]]
[14:49:04.48] /i de::deselectAllLogic -context [db::getNext [de::getContexts -window 23]]
[14:49:08.83] /i gi::setActiveWindow 20
[14:49:08.83] /i gi::setActiveWindow 20 -raise true
[14:49:12.17] /# gi::executeAction leRectangle -in [gi::getWindows 20]
[14:49:12.17] /i ile::createRectangle
[14:49:16.38] /i de::setActiveLPP [de::getLPPs "poly drawing" -from [db::getAttr editDesign -of [de::getContexts -window 20]]]
[14:49:16.81] /# gi::executeAction deCanvasZoomInAtPoint -in [gi::getWindows 20]
[14:49:16.81] /i de::zoom -window [gi::getWindows 20] -factor 2.0 -center {9.896 6.809}
[14:49:16.81] /o {7.928 5.134} {10.915 6.895}
[14:49:16.94] /# gi::executeAction deCanvasZoomInAtPoint -in [gi::getWindows 20]
[14:49:16.94] /i de::zoom -window [gi::getWindows 20] -factor 2.0 -center {9.887 6.832}
[14:49:16.94] /o {8.908 5.983} {10.401 6.863}
[14:49:18.27] /# gi::executeAction leRectangle -in [gi::getWindows 20]
[14:49:18.27] /i ile::createRectangle
[14:49:19.15] /# gi::executeAction deCanvasZoomInAtPoint -in [gi::getWindows 20]
[14:49:19.15] /i de::zoom -window [gi::getWindows 20] -factor 2.0 -center {9.955 6.765}
[14:49:19.15] /o {9.431 6.374} {10.178 6.814}
[14:49:19.23] /# gi::executeAction deCanvasZoomInAtPoint -in [gi::getWindows 20]
[14:49:19.23] /i de::zoom -window [gi::getWindows 20] -factor 2.0 -center {9.955 6.765}
[14:49:19.23] /o {9.693 6.569} {10.067 6.79}
[14:49:20.22] /# gi::executeAction deAddPoint -in [gi::getWindows 20]
[14:49:20.22] /i de::addPoint {9.935 6.756} -context [db::getNext [de::getContexts -window 20]]
[14:49:20.44] /# gi::executeAction deCanvasZoomOutAtPoint -in [gi::getWindows 20]
[14:49:20.44] /i de::zoom -window [gi::getWindows 20] -factor 0.5 -center {9.932 6.734}
[14:49:20.44] /o {9.454 6.405} {10.201 6.845}
[14:49:20.46] /# gi::executeAction deCanvasZoomOutAtPoint -in [gi::getWindows 20]
[14:49:20.46] /i de::zoom -window [gi::getWindows 20] -factor 0.5 -center {9.931 6.729}
[14:49:20.46] /o {8.978 6.081} {10.471 6.961}
[14:49:20.47] /# gi::executeAction deCanvasZoomOutAtPoint -in [gi::getWindows 20]
[14:49:20.47] /i de::zoom -window [gi::getWindows 20] -factor 0.5 -center {9.931 6.726}
[14:49:20.47] /o {8.024 5.436} {11.011 7.197}
[14:49:20.50] /# gi::executeAction deCanvasZoomOutAtPoint -in [gi::getWindows 20]
[14:49:20.50] /i de::zoom -window [gi::getWindows 20] -factor 0.5 -center {9.931 6.721}
[14:49:20.50] /o {6.118 4.151} {12.091 7.672}
[14:49:20.52] /# gi::executeAction deCanvasZoomOutAtPoint -in [gi::getWindows 20]
[14:49:20.52] /i de::zoom -window [gi::getWindows 20] -factor 0.5 -center {9.928 6.714}
[14:49:20.52] /o {2.307 1.588} {14.255 8.63}
[14:49:22.27] /# gi::executeAction deCanvasZoomInAtPoint -in [gi::getWindows 20]
[14:49:22.27] /i de::zoom -window [gi::getWindows 20] -factor 2.0 -center {6.399 6.592}
[14:49:22.27] /o {4.353 4.09} {10.327 7.611}
[14:49:29.56] /# gi::executeAction deCanvasZoomOutAtPoint -in [gi::getWindows 20]
[14:49:29.56] /i de::zoom -window [gi::getWindows 20] -factor 0.5 -center {9.844 7.451}
[14:49:29.56] /o {-1.138 0.729} {10.81 7.771}
[14:49:31.76] /# gi::executeAction deCanvasZoomInAtPoint -in [gi::getWindows 20]
[14:49:31.76] /i de::zoom -window [gi::getWindows 20] -factor 2.0 -center {9.844 7.452}
[14:49:31.76] /o {4.353 4.09} {10.327 7.612}
[14:49:31.83] /# gi::executeAction deCanvasZoomInAtPoint -in [gi::getWindows 20]
[14:49:31.83] /i de::zoom -window [gi::getWindows 20] -factor 2.0 -center {9.844 7.452}
[14:49:31.83] /o {7.099 5.771} {10.085 7.532}
[14:49:33.64] /# gi::executeAction deCanvasZoomInAtPoint -in [gi::getWindows 20]
[14:49:33.64] /i de::zoom -window [gi::getWindows 20] -factor 2.0 -center {9.81 7.395}
[14:49:33.64] /o {8.454 6.583} {9.948 7.463}
[14:49:35.23] /# gi::executeAction deAddPoint -in [gi::getWindows 20]
[14:49:35.23] /i de::addPoint {9.836 7.309} -context [db::getNext [de::getContexts -window 20]]
[14:49:35.48] /# gi::executeAction deCanvasZoomOutAtPoint -in [gi::getWindows 20]
[14:49:35.48] /i de::zoom -window [gi::getWindows 20] -factor 0.5 -center {9.836 7.312}
[14:49:35.48] /o {7.073 5.854} {10.059 7.615}
[14:49:36.73] /# gi::executeAction leRectangle -in [gi::getWindows 20]
[14:49:36.73] /i ile::createRectangle
[14:49:36.93] /# gi::executeAction deCanvasZoomOutAtPoint -in [gi::getWindows 20]
[14:49:36.93] /i de::zoom -window [gi::getWindows 20] -factor 0.5 -center {8.185 7.305}
[14:49:36.93] /o {5.96 4.403} {11.934 7.925}
[14:49:36.99] /# gi::executeAction deCanvasZoomOutAtPoint -in [gi::getWindows 20]
[14:49:36.99] /i de::zoom -window [gi::getWindows 20] -factor 0.5 -center {8.485 7.24}
[14:49:36.99] /o {3.435 1.567} {15.383 8.609}
[14:49:37.54] /# gi::executeAction deCanvasZoomInAtPoint -in [gi::getWindows 20]
[14:49:37.54] /i de::zoom -window [gi::getWindows 20] -factor 2.0 -center {9.253 7.141}
[14:49:37.54] /o {6.344 4.354} {12.318 7.875}
[14:49:39.31] /# gi::executeAction deCanvasZoomInAtPoint -in [gi::getWindows 20]
[14:49:39.31] /i de::zoom -window [gi::getWindows 20] -factor 2.0 -center {9.937 7.312}
[14:49:39.31] /o {8.141 5.833} {11.127 7.594}
[14:49:39.41] /# gi::executeAction deCanvasZoomInAtPoint -in [gi::getWindows 20]
[14:49:39.41] /i de::zoom -window [gi::getWindows 20] -factor 2.0 -center {9.937 7.312}
[14:49:39.41] /o {9.039 6.572} {10.532 7.453}
[14:49:40.27] /# gi::executeAction deAddPoint -in [gi::getWindows 20]
[14:49:40.27] /i de::addPoint {9.938 7.309} -context [db::getNext [de::getContexts -window 20]]
[14:49:40.49] /# gi::executeAction deCanvasZoomOutAtPoint -in [gi::getWindows 20]
[14:49:40.49] /i de::zoom -window [gi::getWindows 20] -factor 0.5 -center {9.85 7.259}
[14:49:40.49] /o {8.228 5.886} {11.214 7.647}
[14:49:40.59] /# gi::executeAction deCanvasZoomOutAtPoint -in [gi::getWindows 20]
[14:49:40.59] /i de::zoom -window [gi::getWindows 20] -factor 0.5 -center {9.804 7.217}
[14:49:40.59] /o {6.651 4.555} {12.625 8.076}
[14:49:41.43] /# gi::executeAction deCanvasZoomOutAtPoint -in [gi::getWindows 20]
[14:49:41.43] /i de::zoom -window [gi::getWindows 20] -factor 0.5 -center {7.199 7.084}
[14:49:41.43] /o {6.103 2.026} {18.051 9.068}
[14:49:43.14] /# gi::executeAction deAddPoint -in [gi::getWindows 20]
[14:49:43.14] /i de::addPoint {6.544 7.129} -context [db::getNext [de::getContexts -window 20]]
[14:49:43.92] /# gi::executeAction leRectangle -in [gi::getWindows 20]
[14:49:43.92] /i ile::createRectangle
[14:49:44.40] /# gi::executeAction deCanvasZoomInAtPoint -in [gi::getWindows 20]
[14:49:44.40] /i de::zoom -window [gi::getWindows 20] -factor 2.0 -center {6.316 7.311}
[14:49:44.40] /o {6.21 4.668} {12.183 8.19}
[14:49:45.00] /# gi::executeAction deCanvasZoomInAtPoint -in [gi::getWindows 20]
[14:49:45.00] /i de::zoom -window [gi::getWindows 20] -factor 2.0 -center {6.51 7.33}
[14:49:45.00] /o {6.36 5.999} {9.347 7.76}
[14:49:45.06] /# gi::executeAction deCanvasZoomInAtPoint -in [gi::getWindows 20]
[14:49:45.06] /i de::zoom -window [gi::getWindows 20] -factor 2.0 -center {6.51 7.33}
[14:49:45.06] /o {6.435 6.665} {7.928 7.545}
[14:49:46.80] /# gi::executeAction deAddPoint -in [gi::getWindows 20]
[14:49:46.80] /i de::addPoint {6.547 7.308} -context [db::getNext [de::getContexts -window 20]]
[14:49:46.99] /# gi::executeAction deCanvasZoomOutAtPoint -in [gi::getWindows 20]
[14:49:46.99] /i de::zoom -window [gi::getWindows 20] -factor 0.5 -center {6.61 7.19}
[14:49:46.99] /o {6.26 6.139} {9.247 7.9}
[14:49:47.00] /# gi::executeAction deCanvasZoomOutAtPoint -in [gi::getWindows 20]
[14:49:47.00] /i de::zoom -window [gi::getWindows 20] -factor 0.5 -center {6.631 7.134}
[14:49:47.00] /o {5.889 5.144} {11.862 8.666}
[14:49:47.02] /# gi::executeAction deCanvasZoomOutAtPoint -in [gi::getWindows 20]
[14:49:47.02] /i de::zoom -window [gi::getWindows 20] -factor 0.5 -center {6.657 7.042}
[14:49:47.02] /o {5.12 3.247} {17.068 10.289}
[14:49:47.03] /# gi::executeAction deCanvasZoomOutAtPoint -in [gi::getWindows 20]
[14:49:47.03] /i de::zoom -window [gi::getWindows 20] -factor 0.5 -center {6.725 6.836}
[14:49:47.03] /o {3.516 -0.342} {27.41 13.742}
[14:49:47.85] /# gi::executeAction deCanvasZoomInAtPoint -in [gi::getWindows 20]
[14:49:47.85] /i de::zoom -window [gi::getWindows 20] -factor 2.0 -center {6.725 2.639}
[14:49:47.85] /o {5.12 1.148} {17.068 8.191}
[14:49:48.22] /# gi::executeAction deCanvasZoomInAtPoint -in [gi::getWindows 20]
[14:49:48.22] /i de::zoom -window [gi::getWindows 20] -factor 2.0 -center {6.725 2.647}
[14:49:48.22] /o {5.923 1.898} {11.896 5.419}
[14:49:49.95] /# gi::executeAction deAddPoint -in [gi::getWindows 20]
[14:49:49.95] /i de::addPoint {6.835 3.419} -context [db::getNext [de::getContexts -window 20]]
[14:49:50.10] /# gi::executeAction deAbortCommand -in [gi::getWindows 20]
[14:49:50.10] /i de::abortCommand -context [db::getNext [de::getContexts -window 20]]
[14:49:50.37] /# gi::executeAction deSelectActive -in [gi::getWindows 20]
[14:49:50.37] /i de::deselectAll [db::getNext [de::getContexts -window 20]]
[14:49:50.37] /i de::select [de::getActiveFigure [gi::getWindows 20] -point {6.736 3.727} -index 0 -intent none]
[14:49:50.37] /o oa:0x264b1b90
[14:49:51.29] /i gi::setItemSelection {attributes} -index {width,all} -in [gi::getAssistants dePropertyEditor -from [gi::getWindows 20]]
[14:49:51.29] /i gi::setCurrentIndex {attributes} -index {width,Value} -in [gi::getAssistants dePropertyEditor -from [gi::getWindows 20]]
[14:49:52.33] /i gi::setField {attributes} -value {0.1} -index {width,Value} -in [gi::getAssistants dePropertyEditor -from [gi::getWindows 20]]
[14:49:52.33] /i gi::executeAction dePropertyEditorApplyChanges -in [gi::getAssistants dePropertyEditor -from [gi::getWindows 20]]
[14:49:52.73] /# gi::executeAction deFitView -in [gi::getWindows 20]
[14:49:52.73] /i de::fit -window 20 -fitView true
[14:49:52.73] /o {4.956 3.204} {12.289 7.526}
[14:49:53.46] /# gi::executeAction deSelectActive -in [gi::getWindows 20]
[14:49:53.46] /i de::deselectAll [db::getNext [de::getContexts -window 20]]
[14:49:53.46] /i de::select [de::getActiveFigure [gi::getWindows 20] -point {9.386 7.143} -index 0 -intent none]
[14:49:53.46] /o oa:0x18507840
[14:49:54.26] /i gi::setItemSelection {attributes} -index {height,all} -in [gi::getAssistants dePropertyEditor -from [gi::getWindows 20]]
[14:49:54.27] /i gi::setCurrentIndex {attributes} -index {height,Value} -in [gi::getAssistants dePropertyEditor -from [gi::getWindows 20]]
[14:49:54.79] /i gi::setField {attributes} -value {0.1} -index {height,Value} -in [gi::getAssistants dePropertyEditor -from [gi::getWindows 20]]
[14:49:54.79] /i gi::executeAction dePropertyEditorApplyChanges -in [gi::getAssistants dePropertyEditor -from [gi::getWindows 20]]
[14:49:56.34] /# gi::executeAction leStartStretchDrag -in [gi::getWindows 20]
[14:49:56.34] /i layout_editor::directStretch [de::getActiveFigure [gi::getWindows 20] -point {9.423 7.171} -index 0 -intent none] 20
[14:49:56.34] /# ile::stretch -point {9.425 7.17}
[14:49:58.36] /# gi::executeAction deEndDrag -in [gi::getWindows 20]
[14:49:58.36] /i de::endDrag {9.414 7.255} -context [db::getNext [de::getContexts -window 20]]
[14:49:59.43] /# gi::executeAction deCanvasZoomInAtPoint -in [gi::getWindows 20]
[14:49:59.43] /i de::zoom -window [gi::getWindows 20] -factor 2.0 -center {6.571 3.437}
[14:49:59.43] /o {5.764 3.32} {9.43 5.482}
[14:50:00.48] /# gi::executeAction deCanvasZoomOutAtPoint -in [gi::getWindows 20]
[14:50:00.48] /i de::zoom -window [gi::getWindows 20] -factor 0.5 -center {6.646 4.884}
[14:50:00.48] /o {4.881 1.757} {12.214 6.079}
[14:50:00.51] /# gi::executeAction deCanvasZoomOutAtPoint -in [gi::getWindows 20]
[14:50:00.51] /i de::zoom -window [gi::getWindows 20] -factor 0.5 -center {6.645 4.884}
[14:50:00.51] /o {3.117 -1.37} {17.783 7.274}
[14:50:01.20] /# gi::executeAction deCanvasZoomOutAtPoint -in [gi::getWindows 20]
[14:50:01.20] /i de::zoom -window [gi::getWindows 20] -factor 0.5 -center {8.532 6.994}
[14:50:01.20] /o {-2.298 -9.734} {27.034 7.554}
[14:50:01.83] /# gi::executeAction leCopy -in [gi::getWindows 20]
[14:50:01.83] /i ile::copy
[14:50:02.29] /# gi::executeAction deAddPoint -in [gi::getWindows 20]
[14:50:02.29] /i de::addPoint {8.531 7.218} -context [db::getNext [de::getContexts -window 20]]
[14:50:02.96] /# gi::executeAction deCanvasZoomInAtPoint -in [gi::getWindows 20]
[14:50:02.96] /i de::zoom -window [gi::getWindows 20] -factor 2.0 -center {8.139 3.167}
[14:50:02.96] /o {2.921 -3.284} {17.586 5.361}
[14:50:03.03] /# gi::executeAction deCanvasZoomInAtPoint -in [gi::getWindows 20]
[14:50:03.03] /i de::zoom -window [gi::getWindows 20] -factor 2.0 -center {8.139 3.167}
[14:50:03.03] /o {5.53 -0.058} {12.863 4.264}
[14:50:04.70] /# gi::executeAction deAddPoint -in [gi::getWindows 20]
[14:50:04.70] /i de::addPoint {8.041 3.419} -context [db::getNext [de::getContexts -window 20]]
[14:50:04.86] /i gi::executeAction deCanvasDragCancel -in [gi::getWindows 20]
[14:50:05.22] /# gi::executeAction deCanvasZoomInAtPoint -in [gi::getWindows 20]
[14:50:05.22] /i de::zoom -window [gi::getWindows 20] -factor 2.0 -center {7.971 3.825}
[14:50:05.22] /o {6.75 1.883} {10.417 4.044}
[14:50:05.29] /# gi::executeAction deCanvasZoomInAtPoint -in [gi::getWindows 20]
[14:50:05.29] /i de::zoom -window [gi::getWindows 20] -factor 2.0 -center {7.976 3.834}
[14:50:05.30] /o {7.363 2.859} {9.196 3.939}
[14:50:05.82] /# gi::executeAction deCanvasZoomOutAtPoint -in [gi::getWindows 20]
[14:50:05.82] /i de::zoom -window [gi::getWindows 20] -factor 0.5 -center {7.988 3.556}
[14:50:05.82] /o {6.738 2.161} {10.405 4.322}
[14:50:05.89] /# gi::executeAction deCanvasZoomOutAtPoint -in [gi::getWindows 20]
[14:50:05.89] /i de::zoom -window [gi::getWindows 20] -factor 0.5 -center {7.987 3.557}
[14:50:05.89] /o {5.49 0.766} {12.823 5.088}
[14:50:06.79] /# gi::executeAction leStartStretchDrag -in [gi::getWindows 20]
[14:50:06.79] /i layout_editor::directStretch [de::getActiveFigure [gi::getWindows 20] -point {7.847 3.487} -index 0 -intent none] 20
[14:50:06.80] /# ile::stretch -point {7.845 3.485}
[14:50:07.59] /# gi::executeAction deEndDrag -in [gi::getWindows 20]
[14:50:07.59] /i de::endDrag {7.777 3.109} -context [db::getNext [de::getContexts -window 20]]
[14:50:07.86] /# gi::executeAction deSelectActive -in [gi::getWindows 20]
[14:50:07.86] /i de::deselectAll [db::getNext [de::getContexts -window 20]]
[14:50:07.86] /i de::deselectAllLogic -context [db::getNext [de::getContexts -window 20]]
[14:50:08.57] /# gi::executeAction deCanvasZoomInAtPoint -in [gi::getWindows 20]
[14:50:08.57] /i de::zoom -window [gi::getWindows 20] -factor 2.0 -center {6.428 3.389}
[14:50:08.57] /o {5.959 2.077} {9.625 4.238}
[14:50:08.62] /# gi::executeAction deCanvasZoomInAtPoint -in [gi::getWindows 20]
[14:50:08.62] /i de::zoom -window [gi::getWindows 20] -factor 2.0 -center {6.428 3.389}
[14:50:08.62] /o {6.193 2.733} {8.027 3.814}
[14:50:08.90] /# gi::executeAction leStretch -in [gi::getWindows 20]
[14:50:08.90] /i ile::stretch
[14:50:09.65] /# gi::executeAction deAddPoint -in [gi::getWindows 20]
[14:50:09.65] /i de::addPoint {6.593 3.417} -context [db::getNext [de::getContexts -window 20]]
[14:50:11.39] /# gi::executeAction deCanvasZoomInAtPoint -in [gi::getWindows 20]
[14:50:11.39] /i de::zoom -window [gi::getWindows 20] -factor 2.0 -center {6.604 3.039}
[14:50:11.39] /o {6.399 2.886} {7.315 3.426}
[14:50:12.22] /# gi::executeAction deAddPoint -in [gi::getWindows 20]
[14:50:12.22] /i de::addPoint {6.604 3.034} -context [db::getNext [de::getContexts -window 20]]
[14:50:12.61] /# gi::executeAction deFitView -in [gi::getWindows 20]
[14:50:12.61] /i de::fit -window 20 -fitView true
[14:50:12.61] /o {4.593 2.803} {12.652 7.553}
[14:50:14.41] /# gi::executeAction deAddPoint -in [gi::getWindows 20]
[14:50:14.41] /i de::addPoint {9.923 6.993} -context [db::getNext [de::getContexts -window 20]]
[14:50:15.08] /# gi::executeAction deAbortCommand -in [gi::getWindows 20]
[14:50:15.08] /i de::abortCommand -context [db::getNext [de::getContexts -window 20]]
[14:50:15.57] /# gi::executeAction deSelectActive -in [gi::getWindows 20]
[14:50:15.57] /i de::deselectAll [db::getNext [de::getContexts -window 20]]
[14:50:15.57] /i de::select [de::getActiveFigure [gi::getWindows 20] -point {9.887 7.009} -index 0 -intent none]
[14:50:15.57] /o oa:0x28a08ce0
[14:50:16.27] /# gi::executeAction leCopy -in [gi::getWindows 20]
[14:50:16.27] /i ile::copy
[14:50:16.47] /# gi::executeAction deAddPoint -in [gi::getWindows 20]
[14:50:16.47] /i de::addPoint {9.887 7.009} -context [db::getNext [de::getContexts -window 20]]
[14:50:17.45] /# gi::executeAction deAddPoint -in [gi::getWindows 20]
[14:50:17.45] /i de::addPoint {9.784 3.423} -context [db::getNext [de::getContexts -window 20]]
[14:50:17.57] /i gi::executeAction deCanvasDragCancel -in [gi::getWindows 20]
[14:50:17.86] /# gi::executeAction deCanvasZoomInAtPoint -in [gi::getWindows 20]
[14:50:17.86] /i de::zoom -window [gi::getWindows 20] -factor 2.0 -center {9.8 3.392}
[14:50:17.86] /o {7.197 3.097} {11.226 5.472}
[14:50:18.70] /# gi::executeAction leStartStretchDrag -in [gi::getWindows 20]
[14:50:18.70] /i layout_editor::directStretch [de::getActiveFigure [gi::getWindows 20] -point {9.905 3.502} -index 0 -intent none] 20
[14:50:18.70] /# ile::stretch -point {9.905 3.5}
[14:50:18.87] /# gi::executeAction deEndDrag -in [gi::getWindows 20]
[14:50:18.87] /i de::endDrag {9.92 3.749} -context [db::getNext [de::getContexts -window 20]]
[14:50:19.34] /# gi::executeAction leStartStretchDrag -in [gi::getWindows 20]
[14:50:19.34] /i layout_editor::directStretch [de::getActiveFigure [gi::getWindows 20] -point {9.92 3.754} -index 0 -intent none] 20
[14:50:19.34] /# ile::stretch -point {9.92 3.755}
[14:50:19.59] /# gi::executeAction deEndDrag -in [gi::getWindows 20]
[14:50:19.59] /i de::endDrag {9.874 3.762} -context [db::getNext [de::getContexts -window 20]]
[14:50:19.69] /# gi::executeAction deCanvasZoomInAtPoint -in [gi::getWindows 20]
[14:50:19.69] /i de::zoom -window [gi::getWindows 20] -factor 2.0 -center {9.892 3.885}
[14:50:19.69] /o {8.544 3.491} {10.559 4.679}
[14:50:19.74] /# gi::executeAction deCanvasZoomInAtPoint -in [gi::getWindows 20]
[14:50:19.74] /i de::zoom -window [gi::getWindows 20] -factor 2.0 -center {9.892 3.894}
[14:50:19.74] /o {9.218 3.693} {10.225 4.286}
[14:50:20.32] /# gi::executeAction deSelectActive -in [gi::getWindows 20]
[14:50:20.32] /i de::deselectAll [db::getNext [de::getContexts -window 20]]
[14:50:20.32] /i de::select [de::getActiveFigure [gi::getWindows 20] -point {9.832 4.036} -index 0 -intent none]
[14:50:20.32] /o oa:0x25602460
[14:50:20.72] /# gi::executeAction deSelectActive -in [gi::getWindows 20]
[14:50:20.72] /i de::deselectAll [db::getNext [de::getContexts -window 20]]
[14:50:20.72] /i de::select [de::getActiveFigure [gi::getWindows 20] -point {9.83 4.089} -index 0 -intent none]
[14:50:20.72] /o oa:0x25ead370
[14:50:21.32] /# gi::executeAction leStartStretchDrag -in [gi::getWindows 20]
[14:50:21.32] /i layout_editor::directStretch [de::getActiveFigure [gi::getWindows 20] -point {9.829 4.098} -index 0 -intent none] 20
[14:50:21.32] /# ile::stretch -point {9.83 4.1}
[14:50:22.29] /# gi::executeAction deEndDrag -in [gi::getWindows 20]
[14:50:22.29] /i de::endDrag {9.829 4.099} -context [db::getNext [de::getContexts -window 20]]
[14:50:23.38] /# gi::executeAction deSelectActive -in [gi::getWindows 20]
[14:50:23.38] /i de::deselectAll [db::getNext [de::getContexts -window 20]]
[14:50:23.38] /i de::select [de::getActiveFigure [gi::getWindows 20] -point {9.856 3.819} -index 0 -intent none]
[14:50:23.38] /o oa:0x206d22f0
[14:50:23.95] /# gi::executeAction leDelete -in [gi::getWindows 20]
[14:50:23.95] /i ile::delete
[14:50:24.13] /i gi::executeAction deCanvasDragCancel -in [gi::getWindows 20]
[14:50:24.98] /# gi::executeAction leStretch -in [gi::getWindows 20]
[14:50:24.98] /i ile::stretch
[14:50:25.67] /# gi::executeAction deAddPoint -in [gi::getWindows 20]
[14:50:25.67] /i de::addPoint {9.825 3.98} -context [db::getNext [de::getContexts -window 20]]
[14:50:25.85] /# gi::executeAction deCanvasZoomOutAtPoint -in [gi::getWindows 20]
[14:50:25.85] /i de::zoom -window [gi::getWindows 20] -factor 0.5 -center {9.816 3.918}
[14:50:25.85] /o {8.62 3.467} {10.635 4.655}
[14:50:25.89] /# gi::executeAction deCanvasZoomOutAtPoint -in [gi::getWindows 20]
[14:50:25.89] /i de::zoom -window [gi::getWindows 20] -factor 0.5 -center {9.814 3.854}
[14:50:25.89] /o {7.427 3.08} {11.456 5.455}
[14:50:26.58] /# gi::executeAction deCanvasZoomOutAtPoint -in [gi::getWindows 20]
[14:50:26.58] /i de::zoom -window [gi::getWindows 20] -factor 0.5 -center {9.791 3.232}
[14:50:26.58] /o {5.062 2.929} {13.121 7.679}
[14:50:27.02] /# gi::executeAction deCanvasZoomOutAtPoint -in [gi::getWindows 20]
[14:50:27.02] /i de::zoom -window [gi::getWindows 20] -factor 0.5 -center {9.822 3.164}
[14:50:27.03] /o {0.302 2.693} {16.42 12.193}
[14:50:27.38] /# gi::executeAction deCanvasZoomInAtPoint -in [gi::getWindows 20]
[14:50:27.38] /i de::zoom -window [gi::getWindows 20] -factor 2.0 -center {9.823 3.165}
[14:50:27.38] /o {5.063 2.929} {13.121 7.679}
[14:50:27.68] /# gi::executeAction deCanvasZoomInAtPoint -in [gi::getWindows 20]
[14:50:27.68] /i de::zoom -window [gi::getWindows 20] -factor 2.0 -center {9.838 3.165}
[14:50:27.68] /o {7.45 3.047} {11.48 5.422}
[14:50:27.80] /# gi::executeAction deCanvasZoomInAtPoint -in [gi::getWindows 20]
[14:50:27.80] /i de::zoom -window [gi::getWindows 20] -factor 2.0 -center {9.838 3.165}
[14:50:27.80] /o {8.644 3.106} {10.659 4.294}
[14:50:28.07] /# gi::executeAction deCanvasZoomOutAtPoint -in [gi::getWindows 20]
[14:50:28.07] /i de::zoom -window [gi::getWindows 20] -factor 0.5 -center {9.838 3.165}
[14:50:28.07] /o {7.45 3.047} {11.48 5.422}
[14:50:28.11] /# gi::executeAction deFitView -in [gi::getWindows 20]
[14:50:28.11] /i de::fit -window 20 -fitView true
[14:50:28.11] /o {4.593 2.803} {12.652 7.553}
[14:50:28.77] /# gi::executeAction deCanvasZoomInAtPoint -in [gi::getWindows 20]
[14:50:28.77] /i de::zoom -window [gi::getWindows 20] -factor 2.0 -center {9.569 3.023}
[14:50:28.77] /o {7.081 2.913} {11.11 5.288}
[14:50:29.53] /# gi::executeAction deCanvasZoomInAtPoint -in [gi::getWindows 20]
[14:50:29.53] /i de::zoom -window [gi::getWindows 20] -factor 2.0 -center {9.684 3.079}
[14:50:29.53] /o {8.383 2.996} {10.397 4.183}
[14:50:29.60] /# gi::executeAction deCanvasZoomInAtPoint -in [gi::getWindows 20]
[14:50:29.60] /i de::zoom -window [gi::getWindows 20] -factor 2.0 -center {9.688 3.079}
[14:50:29.60] /o {9.035 3.037} {10.043 3.631}
[14:50:29.84] /# gi::executeAction deCanvasZoomOutAtPoint -in [gi::getWindows 20]
[14:50:29.84] /i de::zoom -window [gi::getWindows 20] -factor 0.5 -center {9.689 3.079}
[14:50:29.84] /o {8.382 2.996} {10.396 4.183}
[14:50:32.02] /# gi::executeAction deAddPoint -in [gi::getWindows 20]
[14:50:32.02] /i de::addPoint {9.697 3.039} -context [db::getNext [de::getContexts -window 20]]
[14:50:33.12] /# gi::executeAction deAddPoint -in [gi::getWindows 20]
[14:50:33.13] /i de::addPoint {9.822 4.033} -context [db::getNext [de::getContexts -window 20]]
[14:50:34.66] /# gi::executeAction deAbortCommand -in [gi::getWindows 20]
[14:50:34.66] /i de::abortCommand -context [db::getNext [de::getContexts -window 20]]
[14:50:35.17] /# gi::executeAction deSelectActive -in [gi::getWindows 20]
[14:50:35.17] /i de::deselectAll [db::getNext [de::getContexts -window 20]]
[14:50:35.17] /i de::select [de::getActiveFigure [gi::getWindows 20] -point {9.829 4.033} -index 0 -intent none]
[14:50:35.17] /o oa:0x26a4aff0
[14:50:35.89] /# gi::executeAction leDelete -in [gi::getWindows 20]
[14:50:35.89] /i ile::delete
[14:50:36.01] /i gi::executeAction deCanvasDragCancel -in [gi::getWindows 20]
[14:50:36.79] /# gi::executeAction deSelectActive -in [gi::getWindows 20]
[14:50:36.79] /i de::deselectAllLogic -context [db::getNext [de::getContexts -window 20]]
[14:50:37.59] /# gi::executeAction leStretch -in [gi::getWindows 20]
[14:50:37.59] /i ile::stretch
[14:50:37.77] /# gi::executeAction deAddPoint -in [gi::getWindows 20]
[14:50:37.77] /i de::addPoint {9.941 3.083} -context [db::getNext [de::getContexts -window 20]]
[14:50:38.92] /# gi::executeAction deCanvasZoomInAtPoint -in [gi::getWindows 20]
[14:50:38.92] /i de::zoom -window [gi::getWindows 20] -factor 2.0 -center {9.86 3.078}
[14:50:38.92] /o {9.121 3.037} {10.128 3.631}
[14:50:38.99] /# gi::executeAction deCanvasZoomInAtPoint -in [gi::getWindows 20]
[14:50:38.99] /i de::zoom -window [gi::getWindows 20] -factor 2.0 -center {9.86 3.078}
[14:50:38.99] /o {9.49 3.057} {9.994 3.354}
[14:50:40.18] /# gi::executeAction deAddPoint -in [gi::getWindows 20]
[14:50:40.18] /i de::addPoint {9.859 3.078} -context [db::getNext [de::getContexts -window 20]]
[14:50:41.33] /i gi::executeAction deSaveDesign -in [gi::getWindows 20]
[14:50:41.33] /m Information: Saving design 'new_dff D_latch layout'. (DESIGN_WINDOW-004)
[14:50:42.67] /# gi::executeAction xtDRCRun -in [gi::getWindows 20]
[14:50:42.67] /i xt::physicalVerification::executeRun drc 20
[14:50:42.78] /# xt::physicalVerification::executePve drc 20
[14:50:43.60] /r giWindowId 30
[14:50:43.61] /r giWindowGeometry 800x600
[14:50:44.66] /m Information: 
              /c =============================
              /c JobID: hercules_drc_31
              /c --- ERROR SUMMARY -----------
              /c 7.2: Minimum spacing for Nwell >= 0.55
              /c  EXTERNAL NWELL { } (101) ............................... 1 violation found.
              /c =============================
              /c 
[14:50:44.95] /j ::xt::hercules::vue::_private::registerConnection localhost:40699 tcp61 herculesVue_3 
[14:50:44.96] /m Information: Connection established with 'Hercules-VUE' running on 'localhost'.
[14:50:45.01] /j ::xt::hercules::vue::_private::isJobReady 
[14:50:45.01] /o true
[14:50:45.03] /j ::xt::hercules::vue::startFilter LAY 
[14:50:45.19] /j ::xt::hercules::vue::setInlibPath /home/itsupport/Desktop/lab1vlsi/. 
[14:50:45.21] /j ::xt::hercules::vue::setTopLayLCV new_dff D_latch layout 
[14:50:45.23] /j ::xt::hercules::vue::openCell new_dff D_latch layout 
[14:50:47.87] /i gi::executeAction giCloseWindow -in [gi::getWindows 30]
[14:50:47.89] /i gi::setActiveWindow 20
[14:50:47.89] /i gi::setActiveWindow 20 -raise true
[14:50:48.60] /# gi::executeAction deFitView -in [gi::getWindows 20]
[14:50:48.60] /i de::fit -window 20 -fitView true
[14:50:48.60] /o {4.593 2.803} {12.652 7.553}
[14:50:49.56] /# gi::executeAction deAddPoint -in [gi::getWindows 20]
[14:50:49.56] /i de::addPoint {11.462 5.347} -context [db::getNext [de::getContexts -window 20]]
[14:50:50.62] /# gi::executeAction deStartDrag -in [gi::getWindows 20]
[14:50:50.62] /i de::startDrag {8.923 6.624} -context [db::getNext [de::getContexts -window 20]]
[14:50:51.67] /# gi::executeAction deEndDrag -in [gi::getWindows 20]
[14:50:51.67] /i de::endDrag {11.662 2.7} -context [db::getNext [de::getContexts -window 20]]
[14:50:52.00] /# gi::executeAction deAddPoint -in [gi::getWindows 20]
[14:50:52.00] /i de::addPoint {10.769 4.844} -context [db::getNext [de::getContexts -window 20]]
[14:50:52.23] /# gi::executeAction deCanvasZoomOutAtPoint -in [gi::getWindows 20]
[14:50:52.23] /i de::zoom -window [gi::getWindows 20] -factor 0.5 -center {10.662 4.413}
[14:50:52.23] /o {-1.476 1.192} {14.642 10.692}
[14:50:52.71] /# gi::executeAction deAbortCommand -in [gi::getWindows 20]
[14:50:52.71] /i de::abortCommand -context [db::getNext [de::getContexts -window 20]]
[14:50:53.77] /# gi::executeAction deSelectByWindow -in [gi::getWindows 20]
[14:50:53.77] /i db::setPrefValue deSelectMode -value Replace -scope [db::getScopes [db::getNext [de::getContexts -window 20]]]; ide::selectByRegion -region rectangle -point {8.26 8.385} 
[14:50:54.14] /# gi::executeAction deEndDrag -in [gi::getWindows 20]
[14:50:54.14] /i de::endDrag {11.984 1.541} -context [db::getNext [de::getContexts -window 20]]
[14:50:55.53] /# gi::executeAction leMove -in [gi::getWindows 20]
[14:50:55.53] /i ile::move
[14:50:55.73] /# gi::executeAction deAddPoint -in [gi::getWindows 20]
[14:50:55.73] /i de::addPoint {10.353 6.188} -context [db::getNext [de::getContexts -window 20]]
[14:50:58.86] /# gi::executeAction deCanvasZoomInAtPoint -in [gi::getWindows 20]
[14:50:58.86] /i de::zoom -window [gi::getWindows 20] -factor 2.0 -center {9.266 6.127}
[14:50:58.86] /o {3.895 3.66} {11.954 8.41}
[14:50:59.13] /# gi::executeAction deCanvasZoomInAtPoint -in [gi::getWindows 20]
[14:50:59.13] /i de::zoom -window [gi::getWindows 20] -factor 2.0 -center {9.266 6.127}
[14:50:59.13] /o {6.581 4.893} {10.61 7.268}
[14:51:01.11] /# gi::executeAction deAddPoint -in [gi::getWindows 20]
[14:51:01.11] /i de::addPoint {9.369 6.091} -context [db::getNext [de::getContexts -window 20]]
[14:51:02.14] /# gi::executeAction leMove -in [gi::getWindows 20]
[14:51:02.14] /i ile::move
[14:51:02.49] /# gi::executeAction deAddPoint -in [gi::getWindows 20]
[14:51:02.49] /i de::addPoint {9.369 6.091} -context [db::getNext [de::getContexts -window 20]]
[14:51:07.09] /# gi::executeAction deAddPoint -in [gi::getWindows 20]
[14:51:07.09] /i de::addPoint {9.392 6.045} -context [db::getNext [de::getContexts -window 20]]
[14:51:08.49] /# gi::executeAction leMove -in [gi::getWindows 20]
[14:51:08.49] /i ile::move
[14:51:08.83] /# gi::executeAction deAddPoint -in [gi::getWindows 20]
[14:51:08.83] /i de::addPoint {9.392 6.045} -context [db::getNext [de::getContexts -window 20]]
[14:51:13.01] /# gi::executeAction deCanvasZoomOutAtPoint -in [gi::getWindows 20]
[14:51:13.01] /i de::zoom -window [gi::getWindows 20] -factor 0.5 -center {9.53 6.014}
[14:51:13.01] /o {3.631 3.773} {11.69 8.523}
[14:51:13.37] /# gi::executeAction deCanvasZoomOutAtPoint -in [gi::getWindows 20]
[14:51:13.37] /i de::zoom -window [gi::getWindows 20] -factor 0.5 -center {9.53 6.014}
[14:51:13.37] /o {-2.268 1.531} {13.85 11.031}
[14:51:13.77] /# gi::executeAction deCanvasZoomInAtPoint -in [gi::getWindows 20]
[14:51:13.77] /i de::zoom -window [gi::getWindows 20] -factor 2.0 -center {9.53 6.014}
[14:51:13.77] /o {3.631 3.773} {11.69 8.523}
[14:51:18.42] /# gi::executeAction deAddPoint -in [gi::getWindows 20]
[14:51:18.42] /i de::addPoint {9.653 5.978} -context [db::getNext [de::getContexts -window 20]]
[14:51:20.07] /i gi::executeAction deSaveDesign -in [gi::getWindows 20]
[14:51:20.07] /m Information: Saving design 'new_dff D_latch layout'. (DESIGN_WINDOW-004)
[14:51:21.09] /# gi::executeAction xtDRCRun -in [gi::getWindows 20]
[14:51:21.09] /i xt::physicalVerification::executeRun drc 20
[14:51:21.18] /# xt::physicalVerification::executePve drc 20
[14:51:22.02] /r giWindowId 31
[14:51:22.04] /r giWindowGeometry 800x600
[14:51:22.98] /m Information: 
              /c =============================
              /c JobID: hercules_drc_32
              /c Completed with no errors.
              /c =============================
              /c 
[14:51:24.63] /i gi::executeAction giCloseWindow -in [gi::getWindows 31]
[14:51:24.64] /i gi::setActiveWindow 20
[14:51:24.64] /i gi::setActiveWindow 20 -raise true
[14:51:25.93] /# gi::executeAction leMove -in [gi::getWindows 20]
[14:51:25.93] /i ile::move
[14:51:26.16] /# gi::executeAction deAddPoint -in [gi::getWindows 20]
[14:51:26.16] /i de::addPoint {9.817 5.953} -context [db::getNext [de::getContexts -window 20]]
[14:51:27.51] /# gi::executeAction deAddPoint -in [gi::getWindows 20]
[14:51:27.51] /i de::addPoint {9.746 5.968} -context [db::getNext [de::getContexts -window 20]]
[14:51:29.75] /m Information: Stopped sharing "Custom WaveView" license. (WAVEFORM-111)
[14:51:32.11] /i gi::executeAction deSaveDesign -in [gi::getWindows 20]
[14:51:32.11] /m Information: Saving design 'new_dff D_latch layout'. (DESIGN_WINDOW-004)
[14:51:33.04] /# gi::executeAction xtDRCRun -in [gi::getWindows 20]
[14:51:33.04] /i xt::physicalVerification::executeRun drc 20
[14:51:33.12] /# xt::physicalVerification::executePve drc 20
[14:51:33.96] /r giWindowId 32
[14:51:33.97] /r giWindowGeometry 800x600
[14:51:34.87] /m Information: 
              /c =============================
              /c JobID: hercules_drc_33
              /c --- ERROR SUMMARY -----------
              /c 7.18: Minimum spacing for N+ Material >= 0.1
              /c  EXTERNAL NPS { } (101) ................................. 1 violation found.
              /c 7.29: Minimum spacing for Metal 1 >= 0.1
              /c  EXTERNAL M1S { } (101) ................................. 2 violations found.
              /c =============================
              /c 
[14:51:35.22] /j ::xt::hercules::vue::_private::registerConnection localhost:40934 tcp70 herculesVue_4 
[14:51:35.26] /j ::xt::hercules::vue::_private::isJobReady 
[14:51:35.26] /o false
[14:51:36.26] /j ::xt::hercules::vue::_private::isJobReady 
[14:51:36.26] /o false
[14:51:37.26] /m Information: Connection established with 'Hercules-VUE' running on 'localhost'.
[14:51:37.26] /j ::xt::hercules::vue::_private::isJobReady 
[14:51:37.26] /o true
[14:51:37.27] /j ::xt::hercules::vue::startFilter LAY 
[14:51:37.28] /i gi::executeAction giCloseWindow -in [gi::getWindows 32]
[14:51:37.29] /i gi::setActiveWindow 20
[14:51:37.29] /i gi::setActiveWindow 20 -raise true
[14:51:37.40] /j ::xt::hercules::vue::setInlibPath /home/itsupport/Desktop/lab1vlsi/. 
[14:51:37.42] /j ::xt::hercules::vue::setTopLayLCV new_dff D_latch layout 
[14:51:37.44] /j ::xt::hercules::vue::openCell new_dff D_latch layout 
[14:51:38.55] /j ::xt::hercules::vue::clearAllHighlights D_latch layout 
[14:51:38.56] /j ::xt::hercules::vue::clearAllHighlights D_latch layout 
[14:51:38.77] /m Information: Connection closed with 'Hercules-VUE' running on 'localhost'.
[14:51:40.30] /i de::undoTransaction -design [db::getAttr editDesign -of [de::getContexts -window 20]] -steps 1
[14:51:42.56] /i gi::executeAction deSaveDesign -in [gi::getWindows 20]
[14:51:42.56] /m Information: Saving design 'new_dff D_latch layout'. (DESIGN_WINDOW-004)
[14:51:46.15] /# gi::executeAction xtDRCRun -in [gi::getWindows 20]
[14:51:46.15] /i xt::physicalVerification::executeRun drc 20
[14:51:46.23] /# xt::physicalVerification::executePve drc 20
[14:51:47.08] /r giWindowId 33
[14:51:47.09] /r giWindowGeometry 800x600
[14:51:48.06] /m Information: 
              /c =============================
              /c JobID: hercules_drc_34
              /c Completed with no errors.
              /c =============================
              /c 
[14:51:49.41] /i gi::executeAction giCloseWindow -in [gi::getWindows 33]
[14:51:49.42] /i gi::setActiveWindow 20
[14:51:49.42] /i gi::setActiveWindow 20 -raise true
[14:51:49.81] /# gi::executeAction deSelectActive -in [gi::getWindows 20]
[14:51:49.81] /i de::deselectAll [db::getNext [de::getContexts -window 20]]
[14:51:49.81] /i de::deselectAllLogic -context [db::getNext [de::getContexts -window 20]]
[14:51:50.16] /# gi::executeAction deFitView -in [gi::getWindows 20]
[14:51:50.16] /i de::fit -window 20 -fitView true
[14:51:50.16] /o {4.191 2.755} {12.334 7.555}
[14:51:51.20] /# gi::executeAction deSelectActive -in [gi::getWindows 20]
[14:51:51.20] /i de::deselectAll [db::getNext [de::getContexts -window 20]]
[14:51:51.20] /i de::select [de::getActiveFigure [gi::getWindows 20] -point {9.54 3.107} -index 0 -intent none]
[14:51:51.20] /o oa:0x20694600
[14:51:51.91] /# gi::executeAction deCanvasZoomInAtPoint -in [gi::getWindows 20]
[14:51:51.91] /i de::zoom -window [gi::getWindows 20] -factor 2.0 -center {9.203 2.838}
[14:51:51.91] /o {6.697 2.797} {10.769 5.197}
[14:51:51.97] /# gi::executeAction deCanvasZoomInAtPoint -in [gi::getWindows 20]
[14:51:51.97] /i de::zoom -window [gi::getWindows 20] -factor 2.0 -center {9.203 2.838}
[14:51:51.98] /o {7.95 2.817} {9.986 4.017}
[14:51:52.24] /# gi::executeAction deCanvasZoomInAtPoint -in [gi::getWindows 20]
[14:51:52.24] /i de::zoom -window [gi::getWindows 20] -factor 2.0 -center {9.186 2.947}
[14:51:52.24] /o {8.568 2.882} {9.586 3.482}
[14:51:52.46] /# gi::executeAction deSelectActive -in [gi::getWindows 20]
[14:51:52.46] /i de::deselectAll [db::getNext [de::getContexts -window 20]]
[14:51:52.46] /i de::deselectAllLogic -context [db::getNext [de::getContexts -window 20]]
[14:51:52.92] /# gi::executeAction leStretch -in [gi::getWindows 20]
[14:51:52.92] /i ile::stretch
[14:51:53.17] /# gi::executeAction deAddPoint -in [gi::getWindows 20]
[14:51:53.17] /i de::addPoint {9.112 2.994} -context [db::getNext [de::getContexts -window 20]]
[14:51:54.60] /# gi::executeAction deStartDrag -in [gi::getWindows 20]
[14:51:54.60] /i de::startDrag {9.113 3.043} -context [db::getNext [de::getContexts -window 20]]
[14:51:55.01] /# gi::executeAction deEndDrag -in [gi::getWindows 20]
[14:51:55.01] /i de::endDrag {9.113 3.039} -context [db::getNext [de::getContexts -window 20]]
[14:51:55.47] /# gi::executeAction deAbortCommand -in [gi::getWindows 20]
[14:51:55.47] /i de::abortCommand -context [db::getNext [de::getContexts -window 20]]
[14:51:56.09] /# gi::executeAction leStretch -in [gi::getWindows 20]
[14:51:56.09] /i ile::stretch
[14:51:56.36] /# gi::executeAction deAddPoint -in [gi::getWindows 20]
[14:51:56.36] /i de::addPoint {9.115 2.994} -context [db::getNext [de::getContexts -window 20]]
[14:51:57.36] /# gi::executeAction deAddPoint -in [gi::getWindows 20]
[14:51:57.36] /i de::addPoint {9.117 3.039} -context [db::getNext [de::getContexts -window 20]]
[14:51:57.44] /# gi::executeAction deAbortCommand -in [gi::getWindows 20]
[14:51:57.44] /i de::abortCommand -context [db::getNext [de::getContexts -window 20]]
[14:51:57.61] /# gi::executeAction deCanvasZoomOutAtPoint -in [gi::getWindows 20]
[14:51:57.61] /i de::zoom -window [gi::getWindows 20] -factor 0.5 -center {9.122 3.027}
[14:51:57.61] /o {8.014 2.737} {10.05 3.937}
[14:51:58.18] /# gi::executeAction leStretch -in [gi::getWindows 20]
[14:51:58.18] /i ile::stretch
[14:51:58.61] /# gi::executeAction deAddPoint -in [gi::getWindows 20]
[14:51:58.61] /i de::addPoint {9.854 3.085} -context [db::getNext [de::getContexts -window 20]]
[14:52:00.85] /# gi::executeAction deAddPoint -in [gi::getWindows 20]
[14:52:00.85] /i de::addPoint {9.137 3.077} -context [db::getNext [de::getContexts -window 20]]
[14:52:01.07] /# gi::executeAction deFitView -in [gi::getWindows 20]
[14:52:01.07] /i de::fit -window 20 -fitView true
[14:52:01.07] /o {4.233 2.803} {12.292 7.553}
[14:52:11.94] /# gi::executeAction leRectangle -in [gi::getWindows 20]
[14:52:11.94] /i ile::createRectangle
[14:52:14.46] /# gi::executeAction leRectangle -in [gi::getWindows 20]
[14:52:14.46] /i ile::createRectangle
[14:52:14.93] /# gi::executeAction deCanvasZoomInAtPoint -in [gi::getWindows 20]
[14:52:14.93] /i de::zoom -window [gi::getWindows 20] -factor 2.0 -center {7.788 5.285}
[14:52:14.93] /o {6.011 4.044} {10.04 6.419}
[14:52:15.85] /# gi::executeAction deCanvasZoomInAtPoint -in [gi::getWindows 20]
[14:52:15.85] /i de::zoom -window [gi::getWindows 20] -factor 2.0 -center {8.021 5.88}
[14:52:15.85] /o {7.016 4.962} {9.03 6.149}
[14:52:15.89] /# gi::executeAction deCanvasZoomInAtPoint -in [gi::getWindows 20]
[14:52:15.89] /i de::zoom -window [gi::getWindows 20] -factor 2.0 -center {8.025 5.88}
[14:52:15.89] /o {7.52 5.421} {8.528 6.015}
[14:52:17.13] /# gi::executeAction deAddPoint -in [gi::getWindows 20]
[14:52:17.13] /i de::addPoint {8.029 5.94} -context [db::getNext [de::getContexts -window 20]]
[14:52:17.43] /# gi::executeAction deCanvasZoomOutAtPoint -in [gi::getWindows 20]
[14:52:17.43] /i de::zoom -window [gi::getWindows 20] -factor 0.5 -center {8.107 5.641}
[14:52:17.43] /o {6.934 5.201} {8.948 6.388}
[14:52:17.52] /# gi::executeAction deCanvasZoomOutAtPoint -in [gi::getWindows 20]
[14:52:17.52] /i de::zoom -window [gi::getWindows 20] -factor 0.5 -center {8.107 5.579}
[14:52:17.52] /o {5.761 4.823} {9.79 7.198}
[14:52:18.09] /# gi::executeAction deFitView -in [gi::getWindows 20]
[14:52:18.09] /i de::fit -window 20 -fitView true
[14:52:18.09] /o {4.233 2.803} {12.292 7.553}
[14:52:18.98] /# gi::executeAction deCanvasZoomInAtPoint -in [gi::getWindows 20]
[14:52:18.98] /i de::zoom -window [gi::getWindows 20] -factor 2.0 -center {7.962 4.454}
[14:52:18.98] /o {6.098 3.628} {10.127 6.003}
[14:52:21.47] /# gi::executeAction deAddPoint -in [gi::getWindows 20]
[14:52:21.47] /i de::addPoint {8.129 4.357} -context [db::getNext [de::getContexts -window 20]]
[14:52:22.04] /# gi::executeAction deCanvasZoomInAtPoint -in [gi::getWindows 20]
[14:52:22.04] /i de::zoom -window [gi::getWindows 20] -factor 2.0 -center {8.085 4.249}
[14:52:22.04] /o {7.091 3.939} {9.106 5.126}
[14:52:22.23] /# gi::executeAction deCanvasZoomInAtPoint -in [gi::getWindows 20]
[14:52:22.23] /i de::zoom -window [gi::getWindows 20] -factor 2.0 -center {8.085 4.249}
[14:52:22.24] /o {7.588 4.094} {8.595 4.688}
[14:52:23.77] /# gi::executeAction deAddPoint -in [gi::getWindows 20]
[14:52:23.77] /i de::addPoint {8.062 4.137} -context [db::getNext [de::getContexts -window 20]]
[14:52:25.75] /# gi::executeAction deAddPoint -in [gi::getWindows 20]
[14:52:25.75] /i de::addPoint {7.96 4.471} -context [db::getNext [de::getContexts -window 20]]
[14:52:27.26] /# gi::executeAction leRectangle -in [gi::getWindows 20]
[14:52:27.26] /i ile::createRectangle
[14:52:29.47] /# gi::executeAction deAddPoint -in [gi::getWindows 20]
[14:52:29.47] /i de::addPoint {7.96 4.468} -context [db::getNext [de::getContexts -window 20]]
[14:52:30.46] /# gi::executeAction deAddPoint -in [gi::getWindows 20]
[14:52:30.46] /i de::addPoint {8.133 4.353} -context [db::getNext [de::getContexts -window 20]]
[14:52:30.51] /# gi::executeAction deAbortCommand -in [gi::getWindows 20]
[14:52:30.51] /i de::abortCommand -context [db::getNext [de::getContexts -window 20]]
[14:52:31.31] /# gi::executeAction deSelectActive -in [gi::getWindows 20]
[14:52:31.31] /i de::deselectAll [db::getNext [de::getContexts -window 20]]
[14:52:31.32] /i de::select [de::getActiveFigure [gi::getWindows 20] -point {8.136 4.397} -index 0 -intent none]
[14:52:31.32] /o oa:0x268497f0
[14:52:32.07] /i gi::setItemSelection {attributes} -index {width,all} -in [gi::getAssistants dePropertyEditor -from [gi::getWindows 20]]
[14:52:32.07] /i gi::setCurrentIndex {attributes} -index {width,Value} -in [gi::getAssistants dePropertyEditor -from [gi::getWindows 20]]
[14:52:34.83] /i gi::setField {attributes} -value {0.1} -index {width,Value} -in [gi::getAssistants dePropertyEditor -from [gi::getWindows 20]]
[14:52:34.83] /i gi::setItemSelection {attributes} -index {height,all} -in [gi::getAssistants dePropertyEditor -from [gi::getWindows 20]]
[14:52:34.83] /i gi::setCurrentIndex {attributes} -index {height,Value} -in [gi::getAssistants dePropertyEditor -from [gi::getWindows 20]]
[14:52:35.78] /i gi::setField {attributes} -value {0.1} -index {height,Value} -in [gi::getAssistants dePropertyEditor -from [gi::getWindows 20]]
[14:52:35.78] /i gi::executeAction dePropertyEditorApplyChanges -in [gi::getAssistants dePropertyEditor -from [gi::getWindows 20]]
[14:52:37.92] /i gi::setItemSelection {attributes} -index {width,all} -in [gi::getAssistants dePropertyEditor -from [gi::getWindows 20]]
[14:52:37.92] /i gi::setCurrentIndex {attributes} -index {width,Value} -in [gi::getAssistants dePropertyEditor -from [gi::getWindows 20]]
[14:52:39.18] /i gi::setField {attributes} -value {0.15} -index {width,Value} -in [gi::getAssistants dePropertyEditor -from [gi::getWindows 20]]
[14:52:39.18] /i gi::executeAction dePropertyEditorApplyChanges -in [gi::getAssistants dePropertyEditor -from [gi::getWindows 20]]
[14:52:39.93] /i gi::executeAction deCanvasDragCancel -in [gi::getWindows 20]
[14:52:40.35] /# gi::executeAction deSelectActive -in [gi::getWindows 20]
[14:52:40.35] /i de::deselectAll [db::getNext [de::getContexts -window 20]]
[14:52:40.35] /i de::deselectAllLogic -context [db::getNext [de::getContexts -window 20]]
[14:52:40.77] /# gi::executeAction leStretch -in [gi::getWindows 20]
[14:52:40.77] /i ile::stretch
[14:52:41.38] /# gi::executeAction deAddPoint -in [gi::getWindows 20]
[14:52:41.38] /i de::addPoint {8.11 4.402} -context [db::getNext [de::getContexts -window 20]]
[14:52:42.49] /# gi::executeAction deAddPoint -in [gi::getWindows 20]
[14:52:42.49] /i de::addPoint {8.131 4.4} -context [db::getNext [de::getContexts -window 20]]
[14:52:43.12] /# gi::executeAction deAddPoint -in [gi::getWindows 20]
[14:52:43.12] /i de::addPoint {7.985 4.491} -context [db::getNext [de::getContexts -window 20]]
[14:52:43.65] /# gi::executeAction deAbortCommand -in [gi::getWindows 20]
[14:52:43.65] /i de::abortCommand -context [db::getNext [de::getContexts -window 20]]
[14:52:44.77] /# gi::executeAction leStretch -in [gi::getWindows 20]
[14:52:44.77] /i ile::stretch
[14:52:45.63] /# gi::executeAction deAddPoint -in [gi::getWindows 20]
[14:52:45.63] /i de::addPoint {7.999 4.471} -context [db::getNext [de::getContexts -window 20]]
[14:52:46.82] /# gi::executeAction deAddPoint -in [gi::getWindows 20]
[14:52:46.82] /i de::addPoint {7.999 4.459} -context [db::getNext [de::getContexts -window 20]]
[14:52:47.99] /i gi::executeAction deSaveDesign -in [gi::getWindows 20]
[14:52:47.99] /m Information: Saving design 'new_dff D_latch layout'. (DESIGN_WINDOW-004)
[14:52:49.17] /# gi::executeAction xtDRCRun -in [gi::getWindows 20]
[14:52:49.17] /i xt::physicalVerification::executeRun drc 20
[14:52:49.27] /# xt::physicalVerification::executePve drc 20
[14:52:50.10] /r giWindowId 34
[14:52:50.12] /r giWindowGeometry 800x600
[14:52:51.06] /m Information: 
              /c =============================
              /c JobID: hercules_drc_35
              /c Completed with no errors.
              /c =============================
              /c 
[14:52:52.58] /i gi::executeAction giCloseWindow -in [gi::getWindows 34]
[14:52:52.59] /i gi::setActiveWindow 20
[14:52:52.59] /i gi::setActiveWindow 20 -raise true
[14:52:52.94] /# gi::executeAction deFitView -in [gi::getWindows 20]
[14:52:52.94] /i de::fit -window 20 -fitView true
[14:52:52.94] /o {4.233 2.803} {12.292 7.553}
[14:53:00.32] /i de::setActiveLPP [de::getLPPs "poly pin" -from [db::getAttr editDesign -of [de::getContexts -window 20]]]
[14:53:01.92] /# gi::executeAction leRectangle -in [gi::getWindows 20]
[14:53:01.92] /i ile::createRectangle
[14:53:02.77] /# gi::executeAction deCanvasZoomInAtPoint -in [gi::getWindows 20]
[14:53:02.77] /i de::zoom -window [gi::getWindows 20] -factor 2.0 -center {8.224 3.993}
[14:53:02.77] /o {6.229 3.398} {10.258 5.773}
[14:53:02.89] /# gi::executeAction deCanvasZoomInAtPoint -in [gi::getWindows 20]
[14:53:02.89] /i de::zoom -window [gi::getWindows 20] -factor 2.0 -center {8.224 3.993}
[14:53:02.89] /o {7.226 3.695} {9.241 4.883}
[14:53:04.48] /# gi::executeAction deCanvasZoomOutAtPoint -in [gi::getWindows 20]
[14:53:04.48] /i de::zoom -window [gi::getWindows 20] -factor 0.5 -center {8.009 3.735}
[14:53:04.48] /o {6.444 3.656} {10.473 6.031}
[14:53:04.83] /# gi::executeAction deFitView -in [gi::getWindows 20]
[14:53:04.83] /i de::fit -window 20 -fitView true
[14:53:04.83] /o {4.233 2.803} {12.292 7.553}
[14:53:05.27] /# gi::executeAction deCanvasZoomInAtPoint -in [gi::getWindows 20]
[14:53:05.27] /i de::zoom -window [gi::getWindows 20] -factor 2.0 -center {7.562 3.223}
[14:53:05.27] /o {5.898 3.013} {9.927 5.388}
[14:53:05.39] /# gi::executeAction deCanvasZoomInAtPoint -in [gi::getWindows 20]
[14:53:05.39] /i de::zoom -window [gi::getWindows 20] -factor 2.0 -center {7.662 3.349}
[14:53:05.39] /o {6.78 3.181} {8.794 4.368}
[14:53:06.56] /# gi::executeAction deStartDrag -in [gi::getWindows 20]
[14:53:06.56] /i de::startDrag {7.958 3.726} -context [db::getNext [de::getContexts -window 20]]
[14:53:07.08] /# gi::executeAction deEndDrag -in [gi::getWindows 20]
[14:53:07.08] /i de::endDrag {8.055 3.644} -context [db::getNext [de::getContexts -window 20]]
[14:53:07.36] /# gi::executeAction deAbortCommand -in [gi::getWindows 20]
[14:53:07.36] /i de::abortCommand -context [db::getNext [de::getContexts -window 20]]
[14:53:07.68] /# gi::executeAction deSelectActive -in [gi::getWindows 20]
[14:53:07.68] /i de::deselectAll [db::getNext [de::getContexts -window 20]]
[14:53:07.68] /i de::select [de::getActiveFigure [gi::getWindows 20] -point {8.019 3.686} -index 0 -intent none]
[14:53:07.68] /o oa:0x28cef6a0
[14:53:10.59] /# gi::executeAction leLabel -in [gi::getWindows 20]
[14:53:10.59] /i ile::createLabel
[14:53:13.80] /i gi::executeAction deObjectActivation -in [gi::getWindows 20]
[14:53:17.41] /i gi::setField {textMultiline} -value {CLK} -in [gi::getToolbars {deCommandOptions} -from [gi::getWindows 20]]
[14:53:17.41] /i gi::executeAction deObjectActivation -in [gi::getWindows 20]
[14:53:18.30] /# gi::executeAction deCanvasZoomInAtPoint -in [gi::getWindows 20]
[14:53:18.30] /i de::zoom -window [gi::getWindows 20] -factor 2.0 -center {7.958 3.61}
[14:53:18.30] /o {7.369 3.395} {8.376 3.989}
[14:53:18.88] /# gi::executeAction deAddPoint -in [gi::getWindows 20]
[14:53:18.88] /i de::addPoint {8.024 3.643} -context [db::getNext [de::getContexts -window 20]]
[14:53:19.07] /# gi::executeAction deAbortCommand -in [gi::getWindows 20]
[14:53:19.07] /i de::abortCommand -context [db::getNext [de::getContexts -window 20]]
[14:53:19.34] /# gi::executeAction deSelectActive -in [gi::getWindows 20]
[14:53:19.34] /i de::deselectAll [db::getNext [de::getContexts -window 20]]
[14:53:19.34] /i de::select [de::getActiveFigure [gi::getWindows 20] -point {8.085 3.639} -index 0 -intent none]
[14:53:19.34] /o oa:0x28bca590
[14:53:20.13] /i gi::setItemSelection {attributes} -index {height,all} -in [gi::getAssistants dePropertyEditor -from [gi::getWindows 20]]
[14:53:20.14] /i gi::setCurrentIndex {attributes} -index {height,Value} -in [gi::getAssistants dePropertyEditor -from [gi::getWindows 20]]
[14:53:20.81] /i gi::setField {attributes} -value {0.1} -index {height,Value} -in [gi::getAssistants dePropertyEditor -from [gi::getWindows 20]]
[14:53:20.81] /i gi::executeAction dePropertyEditorApplyChanges -in [gi::getAssistants dePropertyEditor -from [gi::getWindows 20]]
[14:53:21.80] /# gi::executeAction leStartStretchDrag -in [gi::getWindows 20]
[14:53:21.80] /i layout_editor::directStretch [de::getActiveFigure [gi::getWindows 20] -point {8.06 3.56} -index 0 -intent none] 20
[14:53:21.80] /# ile::stretch -point {8.06 3.56}
[14:53:22.31] /# gi::executeAction deEndDrag -in [gi::getWindows 20]
[14:53:22.31] /i de::endDrag {8.067 3.594} -context [db::getNext [de::getContexts -window 20]]
[14:53:22.52] /# gi::executeAction deFitView -in [gi::getWindows 20]
[14:53:22.52] /i de::fit -window 20 -fitView true
[14:53:22.52] /o {4.233 2.803} {12.292 7.553}
[14:53:23.66] /# gi::executeAction deCanvasZoomInAtPoint -in [gi::getWindows 20]
[14:53:23.66] /i de::zoom -window [gi::getWindows 20] -factor 2.0 -center {8.373 6.47}
[14:53:23.66] /o {6.303 4.636} {10.332 7.011}
[14:53:23.76] /# gi::executeAction deCanvasZoomInAtPoint -in [gi::getWindows 20]
[14:53:23.76] /i de::zoom -window [gi::getWindows 20] -factor 2.0 -center {8.268 6.37}
[14:53:23.76] /o {7.286 5.503} {9.3 6.691}
[14:53:24.43] /# gi::executeAction deFitView -in [gi::getWindows 20]
[14:53:24.43] /i de::fit -window 20 -fitView true
[14:53:24.43] /o {4.233 2.803} {12.292 7.553}
[14:53:25.30] /# gi::executeAction deCanvasZoomInAtPoint -in [gi::getWindows 20]
[14:53:25.30] /i de::zoom -window [gi::getWindows 20] -factor 2.0 -center {8.824 6.085}
[14:53:25.30] /o {6.529 4.444} {10.558 6.819}
[14:53:25.39] /# gi::executeAction deCanvasZoomInAtPoint -in [gi::getWindows 20]
[14:53:25.39] /i de::zoom -window [gi::getWindows 20] -factor 2.0 -center {8.778 6.126}
[14:53:25.40] /o {7.653 5.285} {9.668 6.472}
[14:53:26.91] /# gi::executeAction deFitView -in [gi::getWindows 20]
[14:53:26.91] /i de::fit -window 20 -fitView true
[14:53:26.92] /o {4.233 2.803} {12.292 7.553}
[14:54:11.29] /# gi::executeAction deSelectActive -in [gi::getWindows 20]
[14:54:11.29] /i de::deselectAll [db::getNext [de::getContexts -window 20]]
[14:54:11.29] /i de::select [de::getActiveFigure [gi::getWindows 20] -point {8.07 3.105} -index 0 -intent none]
[14:54:11.29] /o oa:0x28bd1680
[14:54:11.81] /# gi::executeAction leStartStretchDrag -in [gi::getWindows 20]
[14:54:11.81] /i layout_editor::directStretch [de::getActiveFigure [gi::getWindows 20] -point {8.07 3.105} -index 0 -intent none] 20
[14:54:11.81] /# ile::stretch -point {8.07 3.105}
[14:54:12.56] /# gi::executeAction deEndDrag -in [gi::getWindows 20]
[14:54:12.56] /i de::endDrag {8.101 3.516} -context [db::getNext [de::getContexts -window 20]]
[14:54:12.74] /# gi::executeAction deCanvasZoomInAtPoint -in [gi::getWindows 20]
[14:54:12.74] /i de::zoom -window [gi::getWindows 20] -factor 2.0 -center {8.101 3.516}
[14:54:12.74] /o {6.167 3.159} {10.196 5.534}
[14:54:12.79] /# gi::executeAction deCanvasZoomInAtPoint -in [gi::getWindows 20]
[14:54:12.79] /i de::zoom -window [gi::getWindows 20] -factor 2.0 -center {8.101 3.516}
[14:54:12.80] /o {7.134 3.338} {9.149 4.525}
[14:54:13.67] /# gi::executeAction deSelectActive -in [gi::getWindows 20]
[14:54:13.67] /i de::deselectAll [db::getNext [de::getContexts -window 20]]
[14:54:13.67] /i de::deselectAllLogic -context [db::getNext [de::getContexts -window 20]]
[14:54:13.94] /# gi::executeAction deCanvasZoomInAtPoint -in [gi::getWindows 20]
[14:54:13.94] /i de::zoom -window [gi::getWindows 20] -factor 2.0 -center {7.901 3.586}
[14:54:13.94] /o {7.518 3.462} {8.525 4.056}
[14:54:14.85] /# gi::executeAction leRuler -in [gi::getWindows 20]
[14:54:14.85] /i ile::createRuler
[14:54:15.08] /# gi::executeAction deCanvasZoomInAtPoint -in [gi::getWindows 20]
[14:54:15.08] /i de::zoom -window [gi::getWindows 20] -factor 2.0 -center {8.022 3.564}
[14:54:15.08] /o {7.77 3.513} {8.273 3.81}
[14:54:15.19] /# gi::executeAction deCanvasZoomInAtPoint -in [gi::getWindows 20]
[14:54:15.20] /i de::zoom -window [gi::getWindows 20] -factor 2.0 -center {8.025 3.567}
[14:54:15.20] /o {7.897 3.54} {8.149 3.688}
[14:54:16.61] /# gi::executeAction deAddPoint -in [gi::getWindows 20]
[14:54:16.61] /i de::addPoint {8.06 3.635} -context [db::getNext [de::getContexts -window 20]]
[14:54:17.64] /# gi::executeAction deCanvasZoomOutAtPoint -in [gi::getWindows 20]
[14:54:17.64] /i de::zoom -window [gi::getWindows 20] -factor 0.5 -center {8.075 3.561}
[14:54:17.64] /o {7.72 3.519} {8.223 3.816}
[14:54:19.46] /# gi::executeAction deAddPoint -in [gi::getWindows 20]
[14:54:19.46] /i de::addPoint {8.081 3.536} -context [db::getNext [de::getContexts -window 20]]
[14:54:19.57] /# gi::executeAction deAbortCommand -in [gi::getWindows 20]
[14:54:19.57] /i de::abortCommand -context [db::getNext [de::getContexts -window 20]]
[14:54:19.78] /# gi::executeAction deCanvasZoomOutAtPoint -in [gi::getWindows 20]
[14:54:19.78] /i de::zoom -window [gi::getWindows 20] -factor 0.5 -center {8.087 3.555}
[14:54:19.78] /o {7.353 3.483} {8.36 4.077}
[14:54:19.80] /# gi::executeAction deCanvasZoomOutAtPoint -in [gi::getWindows 20]
[14:54:19.80] /i de::zoom -window [gi::getWindows 20] -factor 0.5 -center {8.087 3.555}
[14:54:19.80] /o {6.618 3.411} {8.633 4.598}
[14:54:20.83] /# gi::executeAction leStartStretchDrag -in [gi::getWindows 20]
[14:54:20.83] /i layout_editor::directStretch [de::getActiveFigure [gi::getWindows 20] -point {8.222 3.493} -index 0 -intent none] 20
[14:54:20.83] /# db::setPrefValue deSelectMode -value Replace -scope [db::getScopes [db::getNext [de::getContexts -window 20]]]; ide::selectByRegion -region rectangle -point {8.22 3.495} 
[14:54:21.30] /# gi::executeAction deEndDrag -in [gi::getWindows 20]
[14:54:21.30] /i de::endDrag {8.227 3.467} -context [db::getNext [de::getContexts -window 20]]
[14:54:21.56] /# gi::executeAction deSelectActive -in [gi::getWindows 20]
[14:54:21.56] /i de::deselectAll [db::getNext [de::getContexts -window 20]]
[14:54:21.56] /i de::select [de::getActiveFigure [gi::getWindows 20] -point {8.23 3.497} -index 0 -intent none]
[14:54:21.56] /o oa:0x288b2c10
[14:54:22.13] /# gi::executeAction leStartStretchDrag -in [gi::getWindows 20]
[14:54:22.13] /i layout_editor::directStretch [de::getActiveFigure [gi::getWindows 20] -point {8.23 3.497} -index 0 -intent none] 20
[14:54:22.13] /# ile::stretch -point {8.23 3.495}
[14:54:22.53] /# gi::executeAction deEndDrag -in [gi::getWindows 20]
[14:54:22.53] /i de::endDrag {8.231 3.486} -context [db::getNext [de::getContexts -window 20]]
[14:54:22.78] /# gi::executeAction deSelectActive -in [gi::getWindows 20]
[14:54:22.78] /i de::cycleActiveFigure [gi::getWindows 20] -direction next
[14:54:22.79] /o oa:0x26971650
[14:54:23.31] /# gi::executeAction leStartStretchDrag -in [gi::getWindows 20]
[14:54:23.32] /i layout_editor::directStretch [de::getActiveFigure [gi::getWindows 20] -point {8.231 3.502} -index 0 -intent none] 20
[14:54:23.32] /# ile::stretch -point {8.23 3.5}
[14:54:25.98] /# gi::executeAction deEndDrag -in [gi::getWindows 20]
[14:54:25.98] /i de::endDrag {8.231 3.489} -context [db::getNext [de::getContexts -window 20]]
[14:54:26.36] /# gi::executeAction deSelectActive -in [gi::getWindows 20]
[14:54:26.36] /i de::deselectAll [db::getNext [de::getContexts -window 20]]
[14:54:26.36] /i de::deselectAllLogic -context [db::getNext [de::getContexts -window 20]]
[14:54:26.53] /# gi::executeAction deCanvasZoomInAtPoint -in [gi::getWindows 20]
[14:54:26.53] /i de::zoom -window [gi::getWindows 20] -factor 2.0 -center {8.054 3.67}
[14:54:26.53] /o {7.336 3.54} {8.343 4.134}
[14:54:26.62] /# gi::executeAction deCanvasZoomInAtPoint -in [gi::getWindows 20]
[14:54:26.62] /i de::zoom -window [gi::getWindows 20] -factor 2.0 -center {8.054 3.669}
[14:54:26.62] /o {7.695 3.605} {8.199 3.902}
[14:54:27.02] /# gi::executeAction leStretch -in [gi::getWindows 20]
[14:54:27.02] /i ile::stretch
[14:54:28.08] /# gi::executeAction deAddPoint -in [gi::getWindows 20]
[14:54:28.08] /i de::addPoint {8.049 3.636} -context [db::getNext [de::getContexts -window 20]]
[14:54:29.23] /# gi::executeAction deAddPoint -in [gi::getWindows 20]
[14:54:29.23] /i de::addPoint {8.038 3.772} -context [db::getNext [de::getContexts -window 20]]
[14:54:29.36] /# gi::executeAction deAbortCommand -in [gi::getWindows 20]
[14:54:29.36] /i de::abortCommand -context [db::getNext [de::getContexts -window 20]]
[14:54:29.57] /# gi::executeAction deCanvasZoomOutAtPoint -in [gi::getWindows 20]
[14:54:29.57] /i de::zoom -window [gi::getWindows 20] -factor 0.5 -center {8.052 3.708}
[14:54:29.57] /o {7.338 3.501} {8.345 4.095}
[14:54:29.59] /# gi::executeAction deCanvasZoomOutAtPoint -in [gi::getWindows 20]
[14:54:29.59] /i de::zoom -window [gi::getWindows 20] -factor 0.5 -center {8.052 3.708}
[14:54:29.59] /o {6.624 3.295} {8.639 4.482}
[14:54:30.28] /# gi::executeAction deSelectActive -in [gi::getWindows 20]
[14:54:30.28] /i de::deselectAll [db::getNext [de::getContexts -window 20]]
[14:54:30.28] /i de::select [de::getActiveFigure [gi::getWindows 20] -point {8.01 3.696} -index 0 -intent none]
[14:54:30.28] /o oa:0x27bcdc30
[14:54:31.16] /# gi::executeAction deSelectActive -in [gi::getWindows 20]
[14:54:31.16] /i de::deselectAll [db::getNext [de::getContexts -window 20]]
[14:54:31.16] /i de::deselectAllLogic -context [db::getNext [de::getContexts -window 20]]
[14:54:31.55] /# gi::executeAction deSelectByWindow -in [gi::getWindows 20]
[14:54:31.55] /i db::setPrefValue deSelectMode -value Replace -scope [db::getScopes [db::getNext [de::getContexts -window 20]]]; ide::selectByRegion -region rectangle -point {8.215 3.58} 
[14:54:32.02] /# gi::executeAction deEndDrag -in [gi::getWindows 20]
[14:54:32.02] /i de::endDrag {7.833 3.754} -context [db::getNext [de::getContexts -window 20]]
[14:54:32.72] /# gi::executeAction leStartStretchDrag -in [gi::getWindows 20]
[14:54:32.72] /i layout_editor::directStretch [de::getActiveFigure [gi::getWindows 20] -point {8.037 3.692} -index 0 -intent none] 20
[14:54:32.72] /# ile::stretch -point {8.035 3.69}
[14:54:33.88] /# gi::executeAction deEndDrag -in [gi::getWindows 20]
[14:54:33.88] /i de::endDrag {8.064 4.409} -context [db::getNext [de::getContexts -window 20]]
[14:54:34.58] /# gi::executeAction deSelectActive -in [gi::getWindows 20]
[14:54:34.58] /i de::deselectAll [db::getNext [de::getContexts -window 20]]
[14:54:34.58] /i de::select [de::getActiveFigure [gi::getWindows 20] -point {7.994 3.696} -index 0 -intent none]
[14:54:34.58] /o oa:0x28bbea20
[14:54:34.97] /# gi::executeAction leStartStretchDrag -in [gi::getWindows 20]
[14:54:34.97] /i layout_editor::directStretch [de::getActiveFigure [gi::getWindows 20] -point {7.991 3.684} -index 0 -intent none] 20
[14:54:34.98] /# ile::stretch -point {7.99 3.685}
[14:54:35.61] /# gi::executeAction deEndDrag -in [gi::getWindows 20]
[14:54:35.61] /i de::endDrag {7.972 4.423} -context [db::getNext [de::getContexts -window 20]]
[14:54:36.62] /i gi::executeAction deSaveDesign -in [gi::getWindows 20]
[14:54:36.62] /m Information: Saving design 'new_dff D_latch layout'. (DESIGN_WINDOW-004)
[14:54:36.83] /# gi::executeAction deFitView -in [gi::getWindows 20]
[14:54:36.83] /i de::fit -window 20 -fitView true
[14:54:36.83] /o {4.233 2.803} {12.292 7.553}
[14:54:37.77] /# gi::executeAction xtDRCRun -in [gi::getWindows 20]
[14:54:37.77] /i xt::physicalVerification::executeRun drc 20
[14:54:37.88] /# xt::physicalVerification::executePve drc 20
[14:54:38.73] /r giWindowId 35
[14:54:38.74] /r giWindowGeometry 800x600
[14:54:40.09] /m Information: 
              /c =============================
              /c JobID: hercules_drc_36
              /c Completed with no errors.
              /c =============================
              /c 
[14:54:57.25] /i gi::setActiveWindow 20
[14:54:57.25] /i gi::setActiveWindow 20 -raise true
[14:54:57.89] /i gi::executeAction giCloseWindow -in [gi::getWindows 35]
[14:54:59.03] /i gi::pressButton {ConsoleToggleButton} -in [db::getAttr statusbar -of [gi::getWindows 20]]
[14:55:00.99] /i db::setAttr shown -of [gi::getAssistants giConsole -from [gi::getWindows 20]] -value false
[14:55:01.73] /# gi::executeAction deCanvasZoomInAtPoint -in [gi::getWindows 20]
[14:55:01.73] /i de::zoom -window [gi::getWindows 20] -factor 2.0 -center {9.209 7.086}
[14:55:01.73] /o {6.721 4.944} {10.75 7.319}
[14:55:03.16] /# gi::executeAction deCanvasZoomOutAtPoint -in [gi::getWindows 20]
[14:55:03.16] /i de::zoom -window [gi::getWindows 20] -factor 0.5 -center {9.278 6.663}
[14:55:03.16] /o {4.164 3.226} {12.223 7.976}
[14:55:05.55] /# gi::executeAction deCanvasZoomInAtPoint -in [gi::getWindows 20]
[14:55:05.55] /i de::zoom -window [gi::getWindows 20] -factor 2.0 -center {8.34 6.355}
[14:55:05.55] /o {6.252 4.79} {10.281 7.165}
[14:55:05.63] /# gi::executeAction deCanvasZoomInAtPoint -in [gi::getWindows 20]
[14:55:05.63] /i de::zoom -window [gi::getWindows 20] -factor 2.0 -center {8.317 6.409}
[14:55:05.63] /o {7.285 5.6} {9.299 6.787}
[14:55:06.34] /# gi::executeAction leStretch -in [gi::getWindows 20]
[14:55:06.34] /i ile::stretch
[14:55:06.93] /# gi::executeAction deAddPoint -in [gi::getWindows 20]
[14:55:06.93] /i de::addPoint {8.105 6.564} -context [db::getNext [de::getContexts -window 20]]
[14:55:07.31] /# gi::executeAction deAbortCommand -in [gi::getWindows 20]
[14:55:07.31] /i de::abortCommand -context [db::getNext [de::getContexts -window 20]]
[14:55:07.80] /# gi::executeAction deSelectActive -in [gi::getWindows 20]
[14:55:07.80] /i de::deselectAll [db::getNext [de::getContexts -window 20]]
[14:55:07.80] /i de::select [de::getActiveFigure [gi::getWindows 20] -point {8.125 6.56} -index 0 -intent none]
[14:55:07.80] /o oa:0x27a839b0
[14:55:08.13] /# gi::executeAction deSelectActive -in [gi::getWindows 20]
[14:55:08.13] /i de::deselectAll [db::getNext [de::getContexts -window 20]]
[14:55:08.13] /i de::deselectAllLogic -context [db::getNext [de::getContexts -window 20]]
[14:55:08.67] /# gi::executeAction deSelectActive -in [gi::getWindows 20]
[14:55:08.67] /i de::deselectAll [db::getNext [de::getContexts -window 20]]
[14:55:08.68] /i de::select [de::getActiveFigure [gi::getWindows 20] -point {8.116 6.555} -index 0 -intent none]
[14:55:08.68] /o oa:0x28dfad80
[14:55:09.14] /# gi::executeAction leStartStretchDrag -in [gi::getWindows 20]
[14:55:09.14] /i layout_editor::directStretch [de::getActiveFigure [gi::getWindows 20] -point {8.094 6.541} -index 0 -intent none] 20
[14:55:09.14] /# ile::stretch -point {8.095 6.54}
[14:55:09.55] /# gi::executeAction deEndDrag -in [gi::getWindows 20]
[14:55:09.55] /i de::endDrag {8.201 6.541} -context [db::getNext [de::getContexts -window 20]]
[14:55:10.21] /# gi::executeAction leDelete -in [gi::getWindows 20]
[14:55:10.21] /i ile::delete
[14:55:10.61] /i gi::executeAction deCanvasDragCancel -in [gi::getWindows 20]
[14:55:10.90] /# gi::executeAction deFitView -in [gi::getWindows 20]
[14:55:10.90] /i de::fit -window 20 -fitView true
[14:55:10.90] /o {4.233 2.803} {12.292 7.553}
[14:55:11.50] /# gi::executeAction deCanvasZoomInAtPoint -in [gi::getWindows 20]
[14:55:11.50] /i de::zoom -window [gi::getWindows 20] -factor 2.0 -center {7.726 4.198}
[14:55:11.50] /o {5.98 3.5} {10.009 5.875}
[14:55:11.97] /# gi::executeAction deCanvasZoomInAtPoint -in [gi::getWindows 20]
[14:55:11.97] /i de::zoom -window [gi::getWindows 20] -factor 2.0 -center {7.911 3.734}
[14:55:11.97] /o {6.945 3.617} {8.96 4.805}
[14:55:12.79] /# gi::executeAction leStretch -in [gi::getWindows 20]
[14:55:12.79] /i ile::stretch
[14:55:13.21] /# gi::executeAction deCanvasZoomInAtPoint -in [gi::getWindows 20]
[14:55:13.21] /i de::zoom -window [gi::getWindows 20] -factor 2.0 -center {8.028 3.768}
[14:55:13.21] /o {7.487 3.693} {8.494 4.286}
[14:55:13.24] /# gi::executeAction deCanvasZoomInAtPoint -in [gi::getWindows 20]
[14:55:13.24] /i de::zoom -window [gi::getWindows 20] -factor 2.0 -center {8.028 3.768}
[14:55:13.24] /o {7.757 3.73} {8.261 4.027}
[14:55:13.87] /# gi::executeAction deAddPoint -in [gi::getWindows 20]
[14:55:13.87] /i de::addPoint {8.028 3.769} -context [db::getNext [de::getContexts -window 20]]
[14:55:14.93] /# gi::executeAction deCanvasZoomOutAtPoint -in [gi::getWindows 20]
[14:55:14.93] /i de::zoom -window [gi::getWindows 20] -factor 0.5 -center {8.024 3.93}
[14:55:14.93] /o {7.491 3.531} {8.498 4.124}
[14:55:15.34] /# gi::executeAction deCanvasZoomOutAtPoint -in [gi::getWindows 20]
[14:55:15.34] /i de::zoom -window [gi::getWindows 20] -factor 0.5 -center {8.024 3.94}
[14:55:15.34] /o {6.957 3.121} {8.972 4.309}
[14:55:15.37] /# gi::executeAction deCanvasZoomOutAtPoint -in [gi::getWindows 20]
[14:55:15.37] /i de::zoom -window [gi::getWindows 20] -factor 0.5 -center {8.024 3.939}
[14:55:15.37] /o {5.891 2.303} {9.92 4.678}
[14:55:15.41] /# gi::executeAction deCanvasZoomOutAtPoint -in [gi::getWindows 20]
[14:55:15.41] /i de::zoom -window [gi::getWindows 20] -factor 0.5 -center {8.025 3.945}
[14:55:15.41] /o {3.756 0.662} {11.815 5.412}
[14:55:15.86] /# gi::executeAction deAbortCommand -in [gi::getWindows 20]
[14:55:15.86] /i de::abortCommand -context [db::getNext [de::getContexts -window 20]]
[14:55:15.91] /i gi::executeAction leFocusCanvasToolbar -in [gi::getWindows 20]
[14:55:16.25] /# gi::executeAction deCanvasZoomInAtPoint -in [gi::getWindows 20]
[14:55:16.25] /i de::zoom -window [gi::getWindows 20] -factor 2.0 -center {8.034 3.867}
[14:55:16.25] /o {5.895 2.264} {9.924 4.639}
[14:55:16.29] /# gi::executeAction deCanvasZoomInAtPoint -in [gi::getWindows 20]
[14:55:16.29] /i de::zoom -window [gi::getWindows 20] -factor 2.0 -center {8.034 3.867}
[14:55:16.29] /o {6.965 3.066} {8.979 4.253}
[14:55:16.68] /# gi::executeAction deSelectActive -in [gi::getWindows 20]
[14:55:16.68] /i de::deselectAll [db::getNext [de::getContexts -window 20]]
[14:55:16.68] /i de::select [de::getActiveFigure [gi::getWindows 20] -point {8.034 3.849} -index 0 -intent none]
[14:55:16.68] /o oa:0x26b60d10
[14:55:17.14] /# gi::executeAction deSelectActive -in [gi::getWindows 20]
[14:55:17.14] /i de::cycleActiveFigure [gi::getWindows 20] -direction next
[14:55:17.14] /o oa:0x27381280
[14:55:17.14] /i de::deselectAll [db::getNext [de::getContexts -window 20]]
[14:55:17.14] /i de::select [de::getActiveFigure [gi::getWindows 20] -point {8.034 3.861} -index 1 -intent none]
[14:55:17.14] /o oa:0x2642c240
[14:55:17.69] /# gi::executeAction leStartStretchDrag -in [gi::getWindows 20]
[14:55:17.69] /i layout_editor::directStretch [de::getActiveFigure [gi::getWindows 20] -point {8.032 3.863} -index 1 -intent none] 20
[14:55:17.69] /# ile::stretch -point {8.03 3.865}
[14:55:18.29] /# gi::executeAction deEndDrag -in [gi::getWindows 20]
[14:55:18.30] /i de::endDrag {8.011 3.686} -context [db::getNext [de::getContexts -window 20]]
[14:55:18.94] /# gi::executeAction leDelete -in [gi::getWindows 20]
[14:55:18.94] /i ile::delete
[14:55:19.06] /i gi::executeAction deCanvasDragCancel -in [gi::getWindows 20]
[14:55:19.41] /# gi::executeAction deFitView -in [gi::getWindows 20]
[14:55:19.41] /i de::fit -window 20 -fitView true
[14:55:19.41] /o {4.233 2.803} {12.292 7.553}
[14:55:40.69] /# gi::executeAction deCanvasZoomInAtPoint -in [gi::getWindows 20]
[14:55:40.70] /i de::zoom -window [gi::getWindows 20] -factor 2.0 -center {7.993 4.839}
[14:55:40.70] /o {6.113 3.821} {10.142 6.196}
[14:55:41.20] /# gi::executeAction deSelectActive -in [gi::getWindows 20]
[14:55:41.20] /i de::deselectAll [db::getNext [de::getContexts -window 20]]
[14:55:41.20] /i de::select [de::getActiveFigure [gi::getWindows 20] -point {8.083 5.072} -index 0 -intent none]
[14:55:41.20] /o oa:0x27e26870
[14:55:41.91] /# gi::executeAction leDelete -in [gi::getWindows 20]
[14:55:41.91] /i ile::delete
[14:55:42.18] /i gi::executeAction deCanvasDragCancel -in [gi::getWindows 20]
[14:55:43.48] /# gi::executeAction deSelectActive -in [gi::getWindows 20]
[14:55:43.48] /i de::deselectAll [db::getNext [de::getContexts -window 20]]
[14:55:43.48] /i de::select [de::getActiveFigure [gi::getWindows 20] -point {8.032 4.403} -index 0 -intent none]
[14:55:43.48] /o oa:0x292ef410
[14:55:44.20] /# gi::executeAction deSelectActive -in [gi::getWindows 20]
[14:55:44.20] /i de::cycleActiveFigure [gi::getWindows 20] -direction next
[14:55:44.20] /o oa:0x1f54d8a0
[14:55:44.20] /i de::deselectAll [db::getNext [de::getContexts -window 20]]
[14:55:44.20] /i de::select [de::getActiveFigure [gi::getWindows 20] -point {8.037 4.418} -index 1 -intent none]
[14:55:44.20] /o oa:0x2832a550
[14:55:44.69] /# gi::executeAction deSelectActive -in [gi::getWindows 20]
[14:55:44.69] /i de::deselectAll [db::getNext [de::getContexts -window 20]]
[14:55:44.69] /i de::select [de::getActiveFigure [gi::getWindows 20] -point {8.078 4.418} -index 0 -intent none]
[14:55:44.69] /o oa:0x273370b0
[14:55:46.20] /i gi::setActiveWindow 28
[14:55:46.20] /i gi::setActiveWindow 28 -raise true
[14:55:47.10] /i gi::setActiveWindow 20
[14:55:47.10] /i gi::setActiveWindow 20 -raise true
[14:55:47.67] /# gi::executeAction deCanvasZoomOutAtPoint -in [gi::getWindows 20]
[14:55:47.67] /i de::zoom -window [gi::getWindows 20] -factor 0.5 -center {8.586 4.747}
[14:55:47.67] /o {3.64 2.895} {11.699 7.645}
[14:55:48.87] /# gi::executeAction deSelectActive -in [gi::getWindows 20]
[14:55:48.87] /i de::deselectAll [db::getNext [de::getContexts -window 20]]
[14:55:48.87] /i de::select [de::getActiveFigure [gi::getWindows 20] -point {8.631 3.515} -index 0 -intent none]
[14:55:48.87] /o oa:0x28df8c50
[14:55:50.79] /# gi::executeAction deCanvasZoomInAtPoint -in [gi::getWindows 20]
[14:55:50.79] /i de::zoom -window [gi::getWindows 20] -factor 2.0 -center {8.072 4.177}
[14:55:50.79] /o {5.856 3.536} {9.885 5.911}
[14:55:52.50] /i gi::setActiveWindow 28
[14:55:52.50] /i gi::setActiveWindow 28 -raise true
[14:55:53.36] /i gi::setActiveWindow 23
[14:55:53.36] /i gi::setActiveWindow 23 -raise true
[14:55:55.11] /# gi::executeAction deCanvasZoomInAtPoint -in [gi::getWindows 23]
[14:55:55.11] /i de::zoom -window [gi::getWindows 23] -factor 2.0 -center {2.71875 0.45}
[14:55:55.11] /o {0.2375 -0.275} {5.49375 2.61875}
[14:55:57.01] /# gi::executeAction deCanvasZoomOutAtPoint -in [gi::getWindows 23]
[14:55:57.01] /i de::zoom -window [gi::getWindows 23] -factor 0.5 -center {1.3625 1.68125}
[14:55:57.01] /o {-0.8875 -2.23125} {9.625 3.5625}
[14:55:57.29] /# gi::executeAction deCanvasZoomInAtPoint -in [gi::getWindows 23]
[14:55:57.29] /i de::zoom -window [gi::getWindows 23] -factor 2.0 -center {1.325 1.54375}
[14:55:57.29] /o {0.21875 -0.34375} {5.475 2.55}
[14:56:00.88] /i gi::setActiveWindow 20
[14:56:00.88] /i gi::setActiveWindow 20 -raise true
[14:56:01.39] /# gi::executeAction deCanvasZoomOutAtPoint -in [gi::getWindows 20]
[14:56:01.40] /i de::zoom -window [gi::getWindows 20] -factor 0.5 -center {8.175 5.539}
[14:56:01.40] /o {3.537 1.533} {11.596 6.283}
[14:56:01.96] /# gi::executeAction deFitView -in [gi::getWindows 20]
[14:56:01.96] /i de::fit -window 20 -fitView true
[14:56:01.96] /o {4.233 2.803} {12.292 7.553}
[14:56:02.69] /# gi::executeAction deCanvasZoomInAtPoint -in [gi::getWindows 20]
[14:56:02.69] /i de::zoom -window [gi::getWindows 20] -factor 2.0 -center {7.762 4.839}
[14:56:02.69] /o {5.998 3.821} {10.027 6.196}
[14:56:02.84] /# gi::executeAction deCanvasZoomInAtPoint -in [gi::getWindows 20]
[14:56:02.84] /i de::zoom -window [gi::getWindows 20] -factor 2.0 -center {7.87 4.708}
[14:56:02.84] /o {6.934 4.264} {8.948 5.452}
[14:56:03.28] /# gi::executeAction deFitView -in [gi::getWindows 20]
[14:56:03.28] /i de::fit -window 20 -fitView true
[14:56:03.28] /o {4.233 2.803} {12.292 7.553}
[14:56:04.03] /# gi::executeAction deCanvasZoomInAtPoint -in [gi::getWindows 20]
[14:56:04.03] /i de::zoom -window [gi::getWindows 20] -factor 2.0 -center {7.916 4.408}
[14:56:04.03] /o {6.075 3.605} {10.104 5.98}
[14:56:04.09] /# gi::executeAction deCanvasZoomInAtPoint -in [gi::getWindows 20]
[14:56:04.09] /i de::zoom -window [gi::getWindows 20] -factor 2.0 -center {7.916 4.416}
[14:56:04.09] /o {6.995 4.011} {9.01 5.198}
[14:56:04.61] /# gi::executeAction deSelectActive -in [gi::getWindows 20]
[14:56:04.61] /i de::deselectAll [db::getNext [de::getContexts -window 20]]
[14:56:04.61] /i de::select [de::getActiveFigure [gi::getWindows 20] -point {8.02 4.397} -index 0 -intent none]
[14:56:04.61] /o oa:0x26b05b20
[14:56:05.10] /# gi::executeAction deSelectActive -in [gi::getWindows 20]
[14:56:05.10] /i de::deselectAll [db::getNext [de::getContexts -window 20]]
[14:56:05.10] /i de::select [de::getActiveFigure [gi::getWindows 20] -point {8.081 4.398} -index 0 -intent none]
[14:56:05.10] /o oa:0x29356360
[14:56:05.66] /# gi::executeAction leStartStretchDrag -in [gi::getWindows 20]
[14:56:05.66] /i layout_editor::directStretch [de::getActiveFigure [gi::getWindows 20] -point {8.096 4.398} -index 0 -intent none] 20
[14:56:05.66] /# ile::stretch -point {8.095 4.4}
[14:56:06.18] /# gi::executeAction deEndDrag -in [gi::getWindows 20]
[14:56:06.18] /i de::endDrag {8.042 5.047} -context [db::getNext [de::getContexts -window 20]]
[14:56:06.63] /# gi::executeAction deSelectActive -in [gi::getWindows 20]
[14:56:06.63] /i de::cycleActiveFigure [gi::getWindows 20] -direction next
[14:56:06.63] /o oa:0x272c72c0
[14:56:07.21] /# gi::executeAction leDelete -in [gi::getWindows 20]
[14:56:07.21] /i ile::delete
[14:56:07.33] /i gi::executeAction deCanvasDragCancel -in [gi::getWindows 20]
[14:56:08.10] /# gi::executeAction deSelectActive -in [gi::getWindows 20]
[14:56:08.10] /i de::deselectAll [db::getNext [de::getContexts -window 20]]
[14:56:08.10] /i de::select [de::getActiveFigure [gi::getWindows 20] -point {8.088 4.42} -index 0 -intent none]
[14:56:08.10] /o oa:0x2815c890
[14:56:08.61] /# gi::executeAction leStartStretchDrag -in [gi::getWindows 20]
[14:56:08.61] /i layout_editor::directStretch [de::getActiveFigure [gi::getWindows 20] -point {8.105 4.402} -index 0 -intent none] 20
[14:56:08.61] /# ile::stretch -point {8.105 4.4}
[14:56:08.99] /# gi::executeAction deEndDrag -in [gi::getWindows 20]
[14:56:08.99] /i de::endDrag {8.101 5.035} -context [db::getNext [de::getContexts -window 20]]
[14:56:09.63] /# gi::executeAction deSelectActive -in [gi::getWindows 20]
[14:56:09.63] /i de::deselectAll [db::getNext [de::getContexts -window 20]]
[14:56:09.63] /i de::select [de::getActiveFigure [gi::getWindows 20] -point {8.02 4.385} -index 0 -intent none]
[14:56:09.63] /o oa:0x28958ad0
[14:56:10.02] /# gi::executeAction leStartStretchDrag -in [gi::getWindows 20]
[14:56:10.02] /i layout_editor::directStretch [de::getActiveFigure [gi::getWindows 20] -point {8.02 4.385} -index 0 -intent none] 20
[14:56:10.02] /# ile::stretch -point {8.02 4.385}
[14:56:10.34] /# gi::executeAction deEndDrag -in [gi::getWindows 20]
[14:56:10.34] /i de::endDrag {8.047 5.04} -context [db::getNext [de::getContexts -window 20]]
[14:56:10.42] /# gi::executeAction deFitView -in [gi::getWindows 20]
[14:56:10.42] /i de::fit -window 20 -fitView true
[14:56:10.42] /o {4.233 2.803} {12.292 7.553}
[14:56:11.06] /# gi::executeAction deCanvasZoomInAtPoint -in [gi::getWindows 20]
[14:56:11.06] /i de::zoom -window [gi::getWindows 20] -factor 2.0 -center {8.316 5.937}
[14:56:11.06] /o {6.275 4.37} {10.304 6.745}
[14:56:11.17] /# gi::executeAction deCanvasZoomInAtPoint -in [gi::getWindows 20]
[14:56:11.17] /i de::zoom -window [gi::getWindows 20] -factor 2.0 -center {8.293 5.857}
[14:56:11.17] /o {7.284 5.113} {9.298 6.301}
[14:56:11.68] /# gi::executeAction deCanvasZoomOutAtPoint -in [gi::getWindows 20]
[14:56:11.68] /i de::zoom -window [gi::getWindows 20] -factor 0.5 -center {8.112 5.558}
[14:56:11.68] /o {6.456 4.669} {10.485 7.044}
[14:56:12.90] /# gi::executeAction leStartStretchDrag -in [gi::getWindows 20]
[14:56:12.90] /i layout_editor::directStretch [de::getActiveFigure [gi::getWindows 20] -point {8.033 5.071} -index 0 -intent none] 20
[14:56:12.90] /# ile::stretch -point {8.035 5.07}
[14:56:13.31] /# gi::executeAction deEndDrag -in [gi::getWindows 20]
[14:56:13.31] /i de::endDrag {8.105 5.541} -context [db::getNext [de::getContexts -window 20]]
[14:56:13.98] /# gi::executeAction leStartStretchDrag -in [gi::getWindows 20]
[14:56:13.98] /i layout_editor::directStretch [de::getActiveFigure [gi::getWindows 20] -point {8.028 5.541} -index 0 -intent none] 20
[14:56:13.98] /# ile::stretch -point {8.03 5.54}
[14:56:14.33] /# gi::executeAction deEndDrag -in [gi::getWindows 20]
[14:56:14.33] /i de::endDrag {8.079 5.541} -context [db::getNext [de::getContexts -window 20]]
[14:56:14.71] /# gi::executeAction leStartStretchDrag -in [gi::getWindows 20]
[14:56:14.71] /i layout_editor::directStretch [de::getActiveFigure [gi::getWindows 20] -point {8.079 5.541} -index 0 -intent none] 20
[14:56:14.71] /# ile::stretch -point {8.08 5.54}
[14:56:15.37] /# gi::executeAction deEndDrag -in [gi::getWindows 20]
[14:56:15.37] /i de::endDrag {8.11 6.226} -context [db::getNext [de::getContexts -window 20]]
[14:56:15.87] /# gi::executeAction leStartStretchDrag -in [gi::getWindows 20]
[14:56:15.87] /i layout_editor::directStretch [de::getActiveFigure [gi::getWindows 20] -point {8.082 6.226} -index 0 -intent none] 20
[14:56:15.87] /# ile::stretch -point {8.08 6.225}
[14:56:16.33] /# gi::executeAction deEndDrag -in [gi::getWindows 20]
[14:56:16.33] /i de::endDrag {8.105 6.228} -context [db::getNext [de::getContexts -window 20]]
[14:56:16.52] /# gi::executeAction deCanvasZoomInAtPoint -in [gi::getWindows 20]
[14:56:16.52] /i de::zoom -window [gi::getWindows 20] -factor 2.0 -center {8.105 6.228}
[14:56:16.52] /o {7.28 5.448} {9.295 6.636}
[14:56:16.57] /# gi::executeAction deCanvasZoomInAtPoint -in [gi::getWindows 20]
[14:56:16.57] /i de::zoom -window [gi::getWindows 20] -factor 2.0 -center {8.105 6.228}
[14:56:16.58] /o {7.693 5.838} {8.7 6.432}
[14:56:17.08] /# gi::executeAction leStartStretchDrag -in [gi::getWindows 20]
[14:56:17.08] /i layout_editor::directStretch [de::getActiveFigure [gi::getWindows 20] -point {8.103 6.228} -index 0 -intent none] 20
[14:56:17.09] /# db::setPrefValue deSelectMode -value Replace -scope [db::getScopes [db::getNext [de::getContexts -window 20]]]; ide::selectByRegion -region rectangle -point {8.105 6.23} 
[14:56:17.34] /# gi::executeAction deEndDrag -in [gi::getWindows 20]
[14:56:17.34] /i de::endDrag {8.103 6.242} -context [db::getNext [de::getContexts -window 20]]
[14:56:17.44] /# gi::executeAction deFitView -in [gi::getWindows 20]
[14:56:17.44] /i de::fit -window 20 -fitView true
[14:56:17.44] /o {4.233 2.803} {12.292 7.553}
[14:56:18.38] /# gi::executeAction deSelectActive -in [gi::getWindows 20]
[14:56:18.38] /i de::deselectAll [db::getNext [de::getContexts -window 20]]
[14:56:18.38] /i de::select [de::getActiveFigure [gi::getWindows 20] -point {8.009 5.029} -index 0 -intent none]
[14:56:18.38] /o oa:0x28ba3da0
[14:56:18.81] /# gi::executeAction leStartStretchDrag -in [gi::getWindows 20]
[14:56:18.81] /i layout_editor::directStretch [de::getActiveFigure [gi::getWindows 20] -point {8.009 5.044} -index 0 -intent none] 20
[14:56:18.81] /# ile::stretch -point {8.01 5.045}
[14:56:19.43] /# gi::executeAction deEndDrag -in [gi::getWindows 20]
[14:56:19.43] /i de::endDrag {8.147 6.178} -context [db::getNext [de::getContexts -window 20]]
[14:56:19.62] /# gi::executeAction deCanvasZoomInAtPoint -in [gi::getWindows 20]
[14:56:19.62] /i de::zoom -window [gi::getWindows 20] -factor 2.0 -center {8.147 6.178}
[14:56:19.62] /o {6.19 4.49} {10.219 6.865}
[14:56:19.67] /# gi::executeAction deCanvasZoomInAtPoint -in [gi::getWindows 20]
[14:56:19.67] /i de::zoom -window [gi::getWindows 20] -factor 2.0 -center {8.147 6.18}
[14:56:19.67] /o {7.169 5.335} {9.183 6.523}
[14:56:20.56] /# gi::executeAction leStartStretchDrag -in [gi::getWindows 20]
[14:56:20.56] /i layout_editor::directStretch [de::getActiveFigure [gi::getWindows 20] -point {8.101 6.199} -index 0 -intent none] 20
[14:56:20.57] /# db::setPrefValue deSelectMode -value Replace -scope [db::getScopes [db::getNext [de::getContexts -window 20]]]; ide::selectByRegion -region rectangle -point {8.1 6.2} 
[14:56:20.96] /# gi::executeAction deEndDrag -in [gi::getWindows 20]
[14:56:20.96] /i de::endDrag {8.112 6.199} -context [db::getNext [de::getContexts -window 20]]
[14:56:21.30] /# gi::executeAction deSelectActive -in [gi::getWindows 20]
[14:56:21.30] /i de::deselectAll [db::getNext [de::getContexts -window 20]]
[14:56:21.30] /i de::select [de::getActiveFigure [gi::getWindows 20] -point {8.019 6.153} -index 0 -intent none]
[14:56:21.30] /o oa:0x1f59b9c0
[14:56:21.80] /# gi::executeAction deSelectActive -in [gi::getWindows 20]
[14:56:21.80] /i de::deselectAll [db::getNext [de::getContexts -window 20]]
[14:56:21.81] /i de::select [de::getActiveFigure [gi::getWindows 20] -point {8.009 6.187} -index 0 -intent none]
[14:56:21.81] /o oa:0x24de4e70
[14:56:22.32] /# gi::executeAction leStartStretchDrag -in [gi::getWindows 20]
[14:56:22.32] /i layout_editor::directStretch [de::getActiveFigure [gi::getWindows 20] -point {8.009 6.194} -index 0 -intent none] 20
[14:56:22.32] /# ile::stretch -point {8.01 6.195}
[14:56:23.17] /# gi::executeAction deEndDrag -in [gi::getWindows 20]
[14:56:23.17] /i de::endDrag {8.046 6.421} -context [db::getNext [de::getContexts -window 20]]
[14:56:23.22] /# gi::executeAction deFitView -in [gi::getWindows 20]
[14:56:23.22] /i de::fit -window 20 -fitView true
[14:56:23.22] /o {4.233 2.803} {12.292 7.553}
[14:56:24.42] /# gi::executeAction leStartStretchDrag -in [gi::getWindows 20]
[14:56:24.42] /i layout_editor::directStretch [de::getActiveFigure [gi::getWindows 20] -point {8.065 6.439} -index 0 -intent none] 20
[14:56:24.42] /# ile::stretch -point {8.065 6.44}
[14:56:24.76] /# gi::executeAction deEndDrag -in [gi::getWindows 20]
[14:56:24.76] /i de::endDrag {8.07 6.655} -context [db::getNext [de::getContexts -window 20]]
[14:56:24.93] /# gi::executeAction deCanvasZoomInAtPoint -in [gi::getWindows 20]
[14:56:24.93] /i de::zoom -window [gi::getWindows 20] -factor 2.0 -center {8.065 6.562}
[14:56:24.93] /o {6.149 4.682} {10.178 7.057}
[14:56:25.86] /# gi::executeAction leStartStretchDrag -in [gi::getWindows 20]
[14:56:25.86] /i layout_editor::directStretch [de::getActiveFigure [gi::getWindows 20] -point {8.091 6.631} -index 0 -intent none] 20
[14:56:25.86] /# ile::stretch -point {8.09 6.63}
[14:56:26.19] /# gi::executeAction deEndDrag -in [gi::getWindows 20]
[14:56:26.19] /i de::endDrag {8.137 6.616} -context [db::getNext [de::getContexts -window 20]]
[14:56:26.62] /# gi::executeAction leStartStretchDrag -in [gi::getWindows 20]
[14:56:26.62] /i layout_editor::directStretch [de::getActiveFigure [gi::getWindows 20] -point {8.106 6.639} -index 0 -intent none] 20
[14:56:26.62] /# ile::stretch -point {8.105 6.64}
[14:56:27.25] /# gi::executeAction deEndDrag -in [gi::getWindows 20]
[14:56:27.25] /i de::endDrag {8.114 6.542} -context [db::getNext [de::getContexts -window 20]]
[14:56:27.88] /# gi::executeAction deCanvasZoomOutAtPoint -in [gi::getWindows 20]
[14:56:27.88] /i de::zoom -window [gi::getWindows 20] -factor 0.5 -center {8.027 4.985}
[14:56:27.88] /o {4.271 4.38} {12.33 9.13}
[14:56:27.98] /# gi::executeAction deFitView -in [gi::getWindows 20]
[14:56:27.98] /i de::fit -window 20 -fitView true
[14:56:27.99] /o {4.233 2.803} {12.292 7.553}
[14:56:29.22] /# gi::executeAction deCanvasZoomInAtPoint -in [gi::getWindows 20]
[14:56:29.22] /i de::zoom -window [gi::getWindows 20] -factor 2.0 -center {7.993 5.937}
[14:56:29.22] /o {6.113 4.37} {10.142 6.745}
[14:56:29.36] /# gi::executeAction deCanvasZoomInAtPoint -in [gi::getWindows 20]
[14:56:29.36] /i de::zoom -window [gi::getWindows 20] -factor 2.0 -center {7.998 5.945}
[14:56:29.36] /o {7.056 5.157} {9.07 6.345}
[14:56:30.12] /# gi::executeAction deSelectActive -in [gi::getWindows 20]
[14:56:30.12] /i de::deselectAll [db::getNext [de::getContexts -window 20]]
[14:56:30.12] /i de::select [de::getActiveFigure [gi::getWindows 20] -point {8.072 6.244} -index 0 -intent none]
[14:56:30.12] /o oa:0x29a9d890
[14:56:30.30] /# gi::executeAction deFitView -in [gi::getWindows 20]
[14:56:30.30] /i de::fit -window 20 -fitView true
[14:56:30.30] /o {4.233 2.803} {12.292 7.553}
[14:56:31.69] /# gi::executeAction leStartStretchDrag -in [gi::getWindows 20]
[14:56:31.69] /i layout_editor::directStretch [de::getActiveFigure [gi::getWindows 20] -point {8.086 6.224} -index 0 -intent none] 20
[14:56:31.70] /# ile::stretch -point {8.085 6.225}
[14:56:32.50] /# gi::executeAction deEndDrag -in [gi::getWindows 20]
[14:56:32.50] /i de::endDrag {8.111 6.552} -context [db::getNext [de::getContexts -window 20]]
[14:56:32.92] /# gi::executeAction deSelectActive -in [gi::getWindows 20]
[14:56:32.92] /i de::deselectAll [db::getNext [de::getContexts -window 20]]
[14:56:32.93] /i de::deselectAllLogic -context [db::getNext [de::getContexts -window 20]]
[14:57:13.80] /# gi::executeAction deSelectActive -in [gi::getWindows 20]
[14:57:13.80] /i de::deselectAll [db::getNext [de::getContexts -window 20]]
[14:57:13.80] /i de::select [de::getActiveFigure [gi::getWindows 20] -point {9.117 3.623} -index 0 -intent none]
[14:57:13.80] /o oa:0x1ea7d3e0
[14:57:16.84] /# gi::executeAction leDelete -in [gi::getWindows 20]
[14:57:16.84] /i ile::delete
[14:57:20.79] /i de::undoTransaction -design [db::getAttr editDesign -of [de::getContexts -window 20]] -steps 1
[14:57:21.71] /# gi::executeAction leStartStretchDrag -in [gi::getWindows 20]
[14:57:21.71] /i layout_editor::directStretch [de::getActiveFigure [gi::getWindows 20] -point {9.127 3.916} -index 0 -intent none] 20
[14:57:21.71] /# ile::stretch -point {9.125 3.915}
[14:57:22.59] /# gi::executeAction deEndDrag -in [gi::getWindows 20]
[14:57:22.59] /i de::endDrag {8.009 3.777} -context [db::getNext [de::getContexts -window 20]]
[14:57:22.86] /# gi::executeAction deCanvasZoomInAtPoint -in [gi::getWindows 20]
[14:57:22.86] /i de::zoom -window [gi::getWindows 20] -factor 2.0 -center {7.865 2.905}
[14:57:22.86] /o {6.049 2.854} {10.078 5.229}
[14:57:22.91] /# gi::executeAction deCanvasZoomInAtPoint -in [gi::getWindows 20]
[14:57:22.91] /i de::zoom -window [gi::getWindows 20] -factor 2.0 -center {7.865 2.905}
[14:57:22.91] /o {6.957 2.879} {8.972 4.067}
[14:57:23.58] /# gi::executeAction dbPrint -in [gi::getWindows 20]
[14:57:23.58] /i db::showPrint -parent 20
[14:57:23.62] /o oa:0x24585f40
[14:57:23.65] /i gi::setActiveDialog [gi::getDialogs {dbPrint} -parent [gi::getWindows 20]]
[14:57:23.93] /i db::setAttr geometry -of [gi::getDialogs {dbPrint} -parent [gi::getWindows 20]] -value 638x650+631+230
[14:57:24.20] /i gi::closeWindows [gi::getDialogs {dbPrint} -parent [gi::getWindows 20]]
[14:57:25.02] /# gi::executeAction leStartStretchDrag -in [gi::getWindows 20]
[14:57:25.02] /i layout_editor::directStretch [de::getActiveFigure [gi::getWindows 20] -point {8.015 3.319} -index 0 -intent none] 20
[14:57:25.02] /# ile::stretch -point {8.015 3.32}
[14:57:26.96] /# gi::executeAction deEndDrag -in [gi::getWindows 20]
[14:57:26.96] /i de::endDrag {8.05 3.308} -context [db::getNext [de::getContexts -window 20]]
[14:57:27.36] /# gi::executeAction deCanvasZoomOutAtPoint -in [gi::getWindows 20]
[14:57:27.36] /i de::zoom -window [gi::getWindows 20] -factor 0.5 -center {8.032 3.223}
[14:57:27.36] /o {5.882 2.536} {9.911 4.911}
[14:57:28.56] /# gi::executeAction deSelectActive -in [gi::getWindows 20]
[14:57:28.56] /i de::deselectAll [db::getNext [de::getContexts -window 20]]
[14:57:28.56] /i de::deselectAllLogic -context [db::getNext [de::getContexts -window 20]]
[14:57:29.06] /# gi::executeAction leStretch -in [gi::getWindows 20]
[14:57:29.06] /i ile::stretch
[14:57:29.47] /# gi::executeAction deAddPoint -in [gi::getWindows 20]
[14:57:29.47] /i de::addPoint {8.016 3.038} -context [db::getNext [de::getContexts -window 20]]
[14:57:30.10] /# gi::executeAction deCanvasZoomInAtPoint -in [gi::getWindows 20]
[14:57:30.10] /i de::zoom -window [gi::getWindows 20] -factor 2.0 -center {8.044 3.485}
[14:57:30.10] /o {6.963 3.01} {8.978 4.198}
[14:57:30.22] /# gi::executeAction deCanvasZoomInAtPoint -in [gi::getWindows 20]
[14:57:30.22] /i de::zoom -window [gi::getWindows 20] -factor 2.0 -center {8.044 3.485}
[14:57:30.22] /o {7.504 3.248} {8.511 3.841}
[14:57:31.47] /# gi::executeAction deAddPoint -in [gi::getWindows 20]
[14:57:31.47] /i de::addPoint {8.033 3.429} -context [db::getNext [de::getContexts -window 20]]
[14:57:31.56] /# gi::executeAction deAbortCommand -in [gi::getWindows 20]
[14:57:31.56] /i de::abortCommand -context [db::getNext [de::getContexts -window 20]]
[14:57:31.71] /# gi::executeAction deCanvasZoomOutAtPoint -in [gi::getWindows 20]
[14:57:31.71] /i de::zoom -window [gi::getWindows 20] -factor 0.5 -center {8.123 3.408}
[14:57:31.71] /o {6.884 3.087} {8.899 4.275}
[14:57:32.08] /# gi::executeAction deCanvasZoomOutAtPoint -in [gi::getWindows 20]
[14:57:32.08] /i de::zoom -window [gi::getWindows 20] -factor 0.5 -center {8.728 3.371}
[14:57:32.08] /o {5.04 2.804} {9.069 5.179}
[14:57:32.12] /# gi::executeAction deCanvasZoomOutAtPoint -in [gi::getWindows 20]
[14:57:32.12] /i de::zoom -window [gi::getWindows 20] -factor 0.5 -center {8.728 3.368}
[14:57:32.12] /o {1.352 2.24} {9.411 6.99}
[14:57:32.59] /# gi::executeAction deCanvasZoomInAtPoint -in [gi::getWindows 20]
[14:57:32.59] /i de::zoom -window [gi::getWindows 20] -factor 2.0 -center {9.206 3.368}
[14:57:32.59] /o {5.279 2.804} {9.308 5.179}
[14:57:32.96] /# gi::executeAction leStretch -in [gi::getWindows 20]
[14:57:32.96] /i ile::stretch
[14:57:33.67] /# gi::executeAction deAddPoint -in [gi::getWindows 20]
[14:57:33.67] /i de::addPoint {9.149 3.476} -context [db::getNext [de::getContexts -window 20]]
[14:57:34.24] /# gi::executeAction deCanvasZoomInAtPoint -in [gi::getWindows 20]
[14:57:34.24] /i de::zoom -window [gi::getWindows 20] -factor 2.0 -center {8.059 3.43}
[14:57:34.24] /o {6.669 3.117} {8.684 4.304}
[14:57:35.01] /# gi::executeAction deAddPoint -in [gi::getWindows 20]
[14:57:35.01] /i de::addPoint {8.071 3.439} -context [db::getNext [de::getContexts -window 20]]
[14:57:35.23] /# gi::executeAction deCanvasZoomOutAtPoint -in [gi::getWindows 20]
[14:57:35.23] /i de::zoom -window [gi::getWindows 20] -factor 0.5 -center {7.762 3.358}
[14:57:35.23] /o {5.576 2.876} {9.605 5.251}
[14:57:35.86] /# gi::executeAction deAddPoint -in [gi::getWindows 20]
[14:57:35.86] /i de::addPoint {6.602 3.232} -context [db::getNext [de::getContexts -window 20]]
[14:57:36.17] /# gi::executeAction deAddPoint -in [gi::getWindows 20]
[14:57:36.17] /i de::addPoint {6.692 3.155} -context [db::getNext [de::getContexts -window 20]]
[14:57:36.52] /# gi::executeAction deAbortCommand -in [gi::getWindows 20]
[14:57:36.52] /i de::abortCommand -context [db::getNext [de::getContexts -window 20]]
[14:57:36.81] /# gi::executeAction deCanvasZoomOutAtPoint -in [gi::getWindows 20]
[14:57:36.81] /i de::zoom -window [gi::getWindows 20] -factor 0.5 -center {6.815 3.709}
[14:57:36.81] /o {4.337 2.043} {12.396 6.793}
[14:57:37.31] /# gi::executeAction deCanvasZoomOutAtPoint -in [gi::getWindows 20]
[14:57:37.31] /i de::zoom -window [gi::getWindows 20] -factor 0.5 -center {6.835 4.402}
[14:57:37.31] /o {1.839 -0.317} {17.957 9.183}
[14:57:37.37] /# gi::executeAction deCanvasZoomOutAtPoint -in [gi::getWindows 20]
[14:57:37.37] /i de::zoom -window [gi::getWindows 20] -factor 0.5 -center {6.836 4.402}
[14:57:37.37] /o {-3.157 -5.036} {29.077 13.964}
[14:57:37.58] /# gi::executeAction deFitView -in [gi::getWindows 20]
[14:57:37.58] /i de::fit -window 20 -fitView true
[14:57:37.58] /o {4.233 2.803} {12.292 7.553}
[14:58:07.10] /# gi::executeAction deSelectActive -in [gi::getWindows 20]
[14:58:07.10] /i de::deselectAll [db::getNext [de::getContexts -window 20]]
[14:58:07.10] /i de::select [de::getActiveFigure [gi::getWindows 20] -point {9.542 7.255} -index 0 -intent none]
[14:58:07.10] /o oa:0x27c53ed0
[14:58:07.55] /# gi::executeAction deCanvasZoomInAtPoint -in [gi::getWindows 20]
[14:58:07.55] /i de::zoom -window [gi::getWindows 20] -factor 2.0 -center {9.542 7.255}
[14:58:07.55] /o {6.888 5.029} {10.917 7.404}
[14:58:08.25] /# gi::executeAction leStartStretchDrag -in [gi::getWindows 20]
[14:58:08.25] /i layout_editor::directStretch [de::getActiveFigure [gi::getWindows 20] -point {9.537 7.247} -index 0 -intent none] 20
[14:58:08.25] /# ile::stretch -point {9.535 7.245}
[14:58:10.08] /# gi::executeAction deEndDrag -in [gi::getWindows 20]
[14:58:10.08] /i de::endDrag {9.529 7.04} -context [db::getNext [de::getContexts -window 20]]
[14:58:10.68] /# gi::executeAction deSelectActive -in [gi::getWindows 20]
[14:58:10.68] /i de::deselectAll [db::getNext [de::getContexts -window 20]]
[14:58:10.68] /i de::deselectAllLogic -context [db::getNext [de::getContexts -window 20]]
[14:58:10.82] /# gi::executeAction deFitView -in [gi::getWindows 20]
[14:58:10.82] /i de::fit -window 20 -fitView true
[14:58:10.82] /o {4.238 2.803} {12.287 7.547}
[14:58:15.73] /# gi::executeAction deCanvasZoomInAtPoint -in [gi::getWindows 20]
[14:58:15.73] /i de::zoom -window [gi::getWindows 20] -factor 2.0 -center {8.265 3.73}
[14:58:15.73] /o {6.251 3.266} {10.276 5.639}
[14:58:16.40] /# gi::executeAction deCanvasZoomOutAtPoint -in [gi::getWindows 20]
[14:58:16.41] /i de::zoom -window [gi::getWindows 20] -factor 0.5 -center {8.275 3.784}
[14:58:16.41] /o {4.228 2.749} {12.277 7.493}
[14:58:18.83] /# gi::executeAction deSelectByWindow -in [gi::getWindows 20]
[14:58:18.83] /i db::setPrefValue deSelectMode -value Replace -scope [db::getScopes [db::getNext [de::getContexts -window 20]]]; ide::selectByRegion -region rectangle -point {7.23 4.95} 
[14:58:19.26] /# gi::executeAction deEndDrag -in [gi::getWindows 20]
[14:58:19.26] /i de::endDrag {10.981 2.892} -context [db::getNext [de::getContexts -window 20]]
[14:58:20.66] /# gi::executeAction leMove -in [gi::getWindows 20]
[14:58:20.66] /i ile::move
[14:58:20.89] /# gi::executeAction deAddPoint -in [gi::getWindows 20]
[14:58:20.89] /i de::addPoint {9.444 4.245} -context [db::getNext [de::getContexts -window 20]]
[14:58:22.33] /# gi::executeAction deAddPoint -in [gi::getWindows 20]
[14:58:22.33] /i de::addPoint {9.408 3.861} -context [db::getNext [de::getContexts -window 20]]
[14:58:22.47] /i gi::executeAction deCanvasDragCancel -in [gi::getWindows 20]
[14:58:22.89] /# gi::executeAction deSelectActive -in [gi::getWindows 20]
[14:58:22.89] /i de::deselectAll [db::getNext [de::getContexts -window 20]]
[14:58:22.89] /i de::select [de::getActiveFigure [gi::getWindows 20] -point {7.256 3.528} -index 0 -intent none]
[14:58:22.89] /o oa:0x28e0d8b0
[14:58:23.38] /# gi::executeAction leStartStretchDrag -in [gi::getWindows 20]
[14:58:23.38] /i layout_editor::directStretch [de::getActiveFigure [gi::getWindows 20] -point {7.256 3.528} -index 0 -intent none] 20
[14:58:23.38] /# ile::stretch -point {7.255 3.53}
[14:58:23.76] /# gi::executeAction deEndDrag -in [gi::getWindows 20]
[14:58:23.76] /i de::endDrag {7.246 3.159} -context [db::getNext [de::getContexts -window 20]]
[14:58:25.19] /# gi::executeAction deSelectActive -in [gi::getWindows 20]
[14:58:25.19] /i de::deselectAll [db::getNext [de::getContexts -window 20]]
[14:58:25.20] /i de::deselectAllLogic -context [db::getNext [de::getContexts -window 20]]
[14:58:25.99] /# gi::executeAction deSelectActive -in [gi::getWindows 20]
[14:58:25.99] /i de::deselectAll [db::getNext [de::getContexts -window 20]]
[14:58:25.99] /i de::select [de::getActiveFigure [gi::getWindows 20] -point {8.921 4.265} -index 0 -intent none]
[14:58:25.99] /o oa:0x29df54b0
[14:58:26.46] /# gi::executeAction deSelectActive -in [gi::getWindows 20]
[14:58:26.46] /i de::deselectAll [db::getNext [de::getContexts -window 20]]
[14:58:26.46] /i de::select [de::getActiveFigure [gi::getWindows 20] -point {8.977 4.276} -index 0 -intent none]
[14:58:26.46] /o oa:0x245a13f0
[14:58:26.86] /# gi::executeAction deSelectActive -in [gi::getWindows 20]
[14:58:26.86] /i de::cycleActiveFigure [gi::getWindows 20] -direction next
[14:58:26.86] /o oa:0x202a1fc0
[14:58:27.52] /# gi::executeAction leDelete -in [gi::getWindows 20]
[14:58:27.52] /i ile::delete
[14:58:28.47] /# gi::executeAction deSelectActive -in [gi::getWindows 20]
[14:58:28.47] /i de::deselectAll [db::getNext [de::getContexts -window 20]]
[14:58:28.47] /i de::select [de::getActiveFigure [gi::getWindows 20] -point {8.598 4.306} -index 0 -intent none]
[14:58:28.47] /o oa:0x25d5db20
[14:58:28.71] /# gi::executeAction leDelete -in [gi::getWindows 20]
[14:58:28.71] /i ile::delete
[14:58:29.16] /# gi::executeAction deCanvasZoomInAtPoint -in [gi::getWindows 20]
[14:58:29.16] /i de::zoom -window [gi::getWindows 20] -factor 2.0 -center {8.537 5.475}
[14:58:29.16] /o {6.382 4.112} {10.407 6.484}
[14:58:29.74] /# gi::executeAction deSelectActive -in [gi::getWindows 20]
[14:58:29.74] /i de::deselectAll [db::getNext [de::getContexts -window 20]]
[14:58:29.74] /i de::select [de::getActiveFigure [gi::getWindows 20] -point {8.55 5.554} -index 0 -intent none]
[14:58:29.74] /o oa:0x27d945b0
[14:58:30.21] /# gi::executeAction deSelectActive -in [gi::getWindows 20]
[14:58:30.21] /i de::cycleActiveFigure [gi::getWindows 20] -direction next
[14:58:30.22] /o oa:0x1eb339a0
[14:58:30.22] /i de::deselectAll [db::getNext [de::getContexts -window 20]]
[14:58:30.22] /i de::select [de::getActiveFigure [gi::getWindows 20] -point {8.557 5.57} -index 1 -intent none]
[14:58:30.22] /o oa:0x260c2840
[14:58:30.51] /# gi::executeAction leDelete -in [gi::getWindows 20]
[14:58:30.51] /i ile::delete
[14:58:32.10] /i de::undoTransaction -design [db::getAttr editDesign -of [de::getContexts -window 20]] -steps 1
[14:58:32.88] /# gi::executeAction deSelectActive -in [gi::getWindows 20]
[14:58:32.88] /i de::deselectAll [db::getNext [de::getContexts -window 20]]
[14:58:32.88] /i de::deselectAllLogic -context [db::getNext [de::getContexts -window 20]]
[14:58:32.95] /i gi::executeAction deCanvasDragCancel -in [gi::getWindows 20]
[14:58:33.25] /# gi::executeAction deCanvasZoomInAtPoint -in [gi::getWindows 20]
[14:58:33.25] /i de::zoom -window [gi::getWindows 20] -factor 2.0 -center {8.545 5.652}
[14:58:33.25] /o {7.464 4.882} {9.476 6.068}
[14:58:33.97] /# gi::executeAction deSelectActive -in [gi::getWindows 20]
[14:58:33.97] /i de::deselectAll [db::getNext [de::getContexts -window 20]]
[14:58:33.97] /i de::select [de::getActiveFigure [gi::getWindows 20] -point {8.583 5.556} -index 0 -intent none]
[14:58:33.97] /o oa:0x1f3aad20
[14:58:34.33] /# gi::executeAction deSelectActive -in [gi::getWindows 20]
[14:58:34.33] /i de::cycleActiveFigure [gi::getWindows 20] -direction next
[14:58:34.33] /o oa:0x27fb4740
[14:58:34.34] /i de::deselectAll [db::getNext [de::getContexts -window 20]]
[14:58:34.34] /i de::select [de::getActiveFigure [gi::getWindows 20] -point {8.59 5.519} -index 1 -intent none]
[14:58:34.34] /o oa:0x27445870
[14:58:34.80] /# gi::executeAction deSelectActive -in [gi::getWindows 20]
[14:58:34.80] /i de::deselectAll [db::getNext [de::getContexts -window 20]]
[14:58:34.80] /i de::select [de::getActiveFigure [gi::getWindows 20] -point {8.552 5.519} -index 0 -intent none]
[14:58:34.80] /o oa:0x24916a40
[14:58:35.62] /# gi::executeAction leDelete -in [gi::getWindows 20]
[14:58:35.62] /i ile::delete
[14:58:36.08] /i gi::executeAction deCanvasDragCancel -in [gi::getWindows 20]
[14:58:38.33] /i de::undoTransaction -design [db::getAttr editDesign -of [de::getContexts -window 20]] -steps 1
[14:58:38.52] /i gi::executeAction deCanvasDragCancel -in [gi::getWindows 20]
[14:58:38.73] /# gi::executeAction deSelectActive -in [gi::getWindows 20]
[14:58:38.73] /i de::deselectAll [db::getNext [de::getContexts -window 20]]
[14:58:38.73] /i de::select [de::getActiveFigure [gi::getWindows 20] -point {8.683 5.225} -index 0 -intent none]
[14:58:38.73] /o oa:0x25f1cb40
[14:58:39.08] /# gi::executeAction deSelectActive -in [gi::getWindows 20]
[14:58:39.08] /i de::deselectAll [db::getNext [de::getContexts -window 20]]
[14:58:39.08] /i de::select [de::getActiveFigure [gi::getWindows 20] -point {8.593 5.425} -index 0 -intent none]
[14:58:39.08] /o oa:0x2035bd30
[14:58:39.53] /# gi::executeAction deSelectActive -in [gi::getWindows 20]
[14:58:39.53] /i de::deselectAll [db::getNext [de::getContexts -window 20]]
[14:58:39.53] /i de::select [de::getActiveFigure [gi::getWindows 20] -point {8.552 5.463} -index 0 -intent none]
[14:58:39.53] /o oa:0x288c0980
[14:58:40.58] /# gi::executeAction deSelectActive -in [gi::getWindows 20]
[14:58:40.58] /i de::cycleActiveFigure [gi::getWindows 20] -direction next
[14:58:40.58] /o oa:0x29afc9e0
[14:58:40.58] /i de::deselectAll [db::getNext [de::getContexts -window 20]]
[14:58:40.58] /i de::select [de::getActiveFigure [gi::getWindows 20] -point {8.552 5.463} -index 1 -intent none]
[14:58:40.58] /o oa:0x292684e0
[14:58:41.22] /# gi::executeAction deSelectActive -in [gi::getWindows 20]
[14:58:41.22] /i de::cycleActiveFigure [gi::getWindows 20] -direction next
[14:58:41.22] /o oa:0x27ae1b70
[14:58:41.22] /i de::deselectAll [db::getNext [de::getContexts -window 20]]
[14:58:41.22] /i de::select [de::getActiveFigure [gi::getWindows 20] -point {8.552 5.463} -index 2 -intent none]
[14:58:41.22] /o oa:0x257815d0
[14:58:42.23] /# gi::executeAction leDelete -in [gi::getWindows 20]
[14:58:42.23] /i ile::delete
[14:58:42.65] /i gi::executeAction deCanvasDragCancel -in [gi::getWindows 20]
[14:58:43.08] /# gi::executeAction deSelectActive -in [gi::getWindows 20]
[14:58:43.08] /i de::deselectAll [db::getNext [de::getContexts -window 20]]
[14:58:43.08] /i de::select [de::getActiveFigure [gi::getWindows 20] -point {9.093 5.448} -index 0 -intent none]
[14:58:43.08] /o oa:0x27acbfb0
[14:58:43.70] /# gi::executeAction leDelete -in [gi::getWindows 20]
[14:58:43.70] /i ile::delete
[14:58:43.82] /# gi::executeAction deFitView -in [gi::getWindows 20]
[14:58:43.82] /i de::fit -window 20 -fitView true
[14:58:43.82] /o {4.238 2.803} {12.287 7.547}
[14:58:44.39] /# gi::executeAction deSelectActive -in [gi::getWindows 20]
[14:58:44.39] /i de::deselectAllLogic -context [db::getNext [de::getContexts -window 20]]
[14:58:45.84] /# gi::executeAction deSelectByWindow -in [gi::getWindows 20]
[14:58:45.84] /i db::setPrefValue deSelectMode -value Replace -scope [db::getScopes [db::getNext [de::getContexts -window 20]]]; ide::selectByRegion -region rectangle -point {8.44 4.5} 
[14:58:46.09] /# gi::executeAction deEndDrag -in [gi::getWindows 20]
[14:58:46.09] /i de::endDrag {10.161 3.254} -context [db::getNext [de::getContexts -window 20]]
[14:58:46.93] /# gi::executeAction leStartStretchDrag -in [gi::getWindows 20]
[14:58:46.93] /i layout_editor::directStretch [de::getActiveFigure [gi::getWindows 20] -point {9.5 4.022} -index 0 -intent none] 20
[14:58:46.93] /# ile::stretch -point {9.5 4.02}
[14:58:48.98] /# gi::executeAction deEndDrag -in [gi::getWindows 20]
[14:58:48.98] /i de::endDrag {9.469 3.73} -context [db::getNext [de::getContexts -window 20]]
[14:58:49.50] /# gi::executeAction deSelectActive -in [gi::getWindows 20]
[14:58:49.50] /i de::deselectAll [db::getNext [de::getContexts -window 20]]
[14:58:49.50] /i de::select [de::getActiveFigure [gi::getWindows 20] -point {8.685 4.053} -index 0 -intent none]
[14:58:49.50] /o oa:0x25cc7eb0
[14:58:49.97] /# gi::executeAction leStartStretchDrag -in [gi::getWindows 20]
[14:58:49.97] /i layout_editor::directStretch [de::getActiveFigure [gi::getWindows 20] -point {8.685 4.007} -index 0 -intent none] 20
[14:58:49.97] /# ile::stretch -point {8.685 4.005}
[14:58:50.36] /# gi::executeAction deEndDrag -in [gi::getWindows 20]
[14:58:50.36] /i de::endDrag {8.695 4.161} -context [db::getNext [de::getContexts -window 20]]
[14:58:51.06] /# gi::executeAction deSelectActive -in [gi::getWindows 20]
[14:58:51.06] /i de::deselectAll [db::getNext [de::getContexts -window 20]]
[14:58:51.06] /i de::select [de::getActiveFigure [gi::getWindows 20] -point {7.609 3.966} -index 0 -intent none]
[14:58:51.06] /o oa:0x29167f70
[14:58:51.59] /# gi::executeAction leStartStretchDrag -in [gi::getWindows 20]
[14:58:51.59] /i layout_editor::directStretch [de::getActiveFigure [gi::getWindows 20] -point {7.548 3.976} -index 0 -intent none] 20
[14:58:51.59] /# ile::stretch -point {7.55 3.975}
[14:58:52.80] /# gi::executeAction deEndDrag -in [gi::getWindows 20]
[14:58:52.80] /i de::endDrag {7.594 4.237} -context [db::getNext [de::getContexts -window 20]]
[14:58:58.80] /# gi::executeAction deSelectActive -in [gi::getWindows 20]
[14:58:58.80] /i de::deselectAll [db::getNext [de::getContexts -window 20]]
[14:58:58.80] /i de::select [de::getActiveFigure [gi::getWindows 20] -point {8.132 7.05} -index 0 -intent none]
[14:58:58.80] /o oa:0x26148b00
[14:58:59.00] /# gi::executeAction leCopy -in [gi::getWindows 20]
[14:58:59.00] /i ile::copy
[14:58:59.27] /# gi::executeAction deAddPoint -in [gi::getWindows 20]
[14:58:59.27] /i de::addPoint {8.132 7.05} -context [db::getNext [de::getContexts -window 20]]
[14:58:59.70] /# gi::executeAction deAddPoint -in [gi::getWindows 20]
[14:58:59.70] /i de::addPoint {8.035 6.871} -context [db::getNext [de::getContexts -window 20]]
[14:58:59.79] /i gi::executeAction deCanvasDragCancel -in [gi::getWindows 20]
[14:59:00.09] /# gi::executeAction deCanvasZoomInAtPoint -in [gi::getWindows 20]
[14:59:00.09] /i de::zoom -window [gi::getWindows 20] -factor 2.0 -center {6.318 7.112}
[14:59:00.09] /o {5.278 4.957} {9.303 7.33}
[14:59:00.47] /# gi::executeAction deSelectActive -in [gi::getWindows 20]
[14:59:00.47] /i de::deselectAll [db::getNext [de::getContexts -window 20]]
[14:59:00.47] /i de::deselectAllLogic -context [db::getNext [de::getContexts -window 20]]
[14:59:00.87] /# gi::executeAction leStretch -in [gi::getWindows 20]
[14:59:00.87] /i ile::stretch
[14:59:01.29] /# gi::executeAction deAddPoint -in [gi::getWindows 20]
[14:59:01.29] /i de::addPoint {6.541 6.884} -context [db::getNext [de::getContexts -window 20]]
[14:59:02.23] /# gi::executeAction deAddPoint -in [gi::getWindows 20]
[14:59:02.23] /i de::addPoint {6.976 6.812} -context [db::getNext [de::getContexts -window 20]]
[14:59:02.28] /# gi::executeAction deAbortCommand -in [gi::getWindows 20]
[14:59:02.28] /i de::abortCommand -context [db::getNext [de::getContexts -window 20]]
[14:59:02.88] /# gi::executeAction deCanvasZoomInAtPoint -in [gi::getWindows 20]
[14:59:02.88] /i de::zoom -window [gi::getWindows 20] -factor 2.0 -center {7.363 7.181}
[14:59:02.88] /o {6.32 6.069} {8.333 7.255}
[14:59:02.97] /# gi::executeAction deCanvasZoomInAtPoint -in [gi::getWindows 20]
[14:59:02.97] /i de::zoom -window [gi::getWindows 20] -factor 2.0 -center {7.355 7.177}
[14:59:02.97] /o {6.838 6.623} {7.844 7.216}
[14:59:03.92] /# gi::executeAction leRuler -in [gi::getWindows 20]
[14:59:03.92] /i ile::createRuler
[14:59:04.34] /# gi::executeAction deAbortCommand -in [gi::getWindows 20]
[14:59:04.34] /i de::abortCommand -context [db::getNext [de::getContexts -window 20]]
[14:59:04.48] /# gi::executeAction deCanvasZoomOutAtPoint -in [gi::getWindows 20]
[14:59:04.48] /i de::zoom -window [gi::getWindows 20] -factor 0.5 -center {7.422 6.897}
[14:59:04.49] /o {6.253 6.349} {8.266 7.535}
[14:59:05.01] /# gi::executeAction deSelectActive -in [gi::getWindows 20]
[14:59:05.01] /i de::deselectAll [db::getNext [de::getContexts -window 20]]
[14:59:05.01] /i de::select [de::getActiveFigure [gi::getWindows 20] -point {7.502 6.897} -index 0 -intent none]
[14:59:05.01] /o oa:0x26ed0d60
[14:59:05.40] /# gi::executeAction leStartStretchDrag -in [gi::getWindows 20]
[14:59:05.40] /i layout_editor::directStretch [de::getActiveFigure [gi::getWindows 20] -point {7.502 6.897} -index 0 -intent none] 20
[14:59:05.40] /# ile::stretch -point {7.5 6.895}
[14:59:05.59] /# gi::executeAction deEndDrag -in [gi::getWindows 20]
[14:59:05.59] /i de::endDrag {7.487 6.751} -context [db::getNext [de::getContexts -window 20]]
[14:59:05.97] /# gi::executeAction deFitView -in [gi::getWindows 20]
[14:59:05.97] /i de::fit -window 20 -fitView true
[14:59:05.98] /o {4.238 2.803} {12.287 7.547}
[14:59:06.66] /# gi::executeAction deCanvasZoomInAtPoint -in [gi::getWindows 20]
[14:59:06.66] /i de::zoom -window [gi::getWindows 20] -factor 2.0 -center {9.715 6.604}
[14:59:06.66] /o {6.976 4.703} {11.001 7.076}
[14:59:07.27] /# gi::executeAction leStartStretchDrag -in [gi::getWindows 20]
[14:59:07.27] /i layout_editor::directStretch [de::getActiveFigure [gi::getWindows 20] -point {9.669 6.75} -index 0 -intent none] 20
[14:59:07.28] /# ile::stretch -point {9.67 6.75}
[14:59:08.28] /# gi::executeAction deEndDrag -in [gi::getWindows 20]
[14:59:08.28] /i de::endDrag {9.659 6.566} -context [db::getNext [de::getContexts -window 20]]
[14:59:08.99] /# gi::executeAction deSelectActive -in [gi::getWindows 20]
[14:59:08.99] /i de::deselectAll [db::getNext [de::getContexts -window 20]]
[14:59:08.99] /i de::deselectAllLogic -context [db::getNext [de::getContexts -window 20]]
[14:59:09.22] /# gi::executeAction leStretch -in [gi::getWindows 20]
[14:59:09.22] /i ile::stretch
[14:59:09.72] /# gi::executeAction deAddPoint -in [gi::getWindows 20]
[14:59:09.72] /i de::addPoint {9.946 6.535} -context [db::getNext [de::getContexts -window 20]]
[14:59:10.75] /# gi::executeAction deAddPoint -in [gi::getWindows 20]
[14:59:10.75] /i de::addPoint {8.268 6.515} -context [db::getNext [de::getContexts -window 20]]
[14:59:10.87] /# gi::executeAction deAbortCommand -in [gi::getWindows 20]
[14:59:10.87] /i de::abortCommand -context [db::getNext [de::getContexts -window 20]]
[14:59:11.18] /# gi::executeAction deCanvasZoomOutAtPoint -in [gi::getWindows 20]
[14:59:11.18] /i de::zoom -window [gi::getWindows 20] -factor 0.5 -center {8.593 6.474}
[14:59:11.18] /o {5.36 2.933} {13.409 7.677}
[14:59:11.79] /# gi::executeAction deSelectActive -in [gi::getWindows 20]
[14:59:11.79] /i de::deselectAll [db::getNext [de::getContexts -window 20]]
[14:59:11.79] /i de::select [de::getActiveFigure [gi::getWindows 20] -point {9.146 6.719} -index 0 -intent none]
[14:59:11.79] /o oa:0x26bed620
[14:59:12.26] /# gi::executeAction leCopy -in [gi::getWindows 20]
[14:59:12.26] /i ile::copy
[14:59:13.50] /# gi::executeAction deAbortCommand -in [gi::getWindows 20]
[14:59:13.50] /i de::abortCommand -context [db::getNext [de::getContexts -window 20]]
[14:59:13.86] /# gi::executeAction deSelectActive -in [gi::getWindows 20]
[14:59:13.86] /i de::cycleActiveFigure [gi::getWindows 20] -direction next
[14:59:13.86] /o oa:0x281957a0
[14:59:14.07] /# gi::executeAction leCopy -in [gi::getWindows 20]
[14:59:14.07] /i ile::copy
[14:59:14.34] /# gi::executeAction deAddPoint -in [gi::getWindows 20]
[14:59:14.34] /i de::addPoint {9.177 6.857} -context [db::getNext [de::getContexts -window 20]]
[14:59:15.11] /# gi::executeAction deAddPoint -in [gi::getWindows 20]
[14:59:15.11] /i de::addPoint {7.993 6.919} -context [db::getNext [de::getContexts -window 20]]
[14:59:15.22] /i gi::executeAction deCanvasDragCancel -in [gi::getWindows 20]
[14:59:15.89] /# gi::executeAction leStartStretchDrag -in [gi::getWindows 20]
[14:59:15.89] /i layout_editor::directStretch [de::getActiveFigure [gi::getWindows 20] -point {7.978 6.909} -index 0 -intent none] 20
[14:59:15.89] /# ile::stretch -point {7.98 6.91}
[14:59:16.13] /# gi::executeAction deEndDrag -in [gi::getWindows 20]
[14:59:16.13] /i de::endDrag {7.947 6.704} -context [db::getNext [de::getContexts -window 20]]
[14:59:16.28] /# gi::executeAction deCanvasZoomInAtPoint -in [gi::getWindows 20]
[14:59:16.28] /i de::zoom -window [gi::getWindows 20] -factor 2.0 -center {7.947 6.75}
[14:59:16.28] /o {6.653 4.841} {10.678 7.214}
[14:59:16.32] /# gi::executeAction deCanvasZoomInAtPoint -in [gi::getWindows 20]
[14:59:16.32] /i de::zoom -window [gi::getWindows 20] -factor 2.0 -center {7.947 6.752}
[14:59:16.32] /o {7.3 5.797} {9.313 6.983}
[14:59:16.89] /# gi::executeAction leStartStretchDrag -in [gi::getWindows 20]
[14:59:16.89] /i layout_editor::directStretch [de::getActiveFigure [gi::getWindows 20] -point {7.986 6.789} -index 0 -intent none] 20
[14:59:16.90] /# ile::stretch -point {7.985 6.79}
[14:59:17.33] /# gi::executeAction deEndDrag -in [gi::getWindows 20]
[14:59:17.33] /i de::endDrag {8.078 6.768} -context [db::getNext [de::getContexts -window 20]]
[14:59:17.66] /# gi::executeAction leStartStretchDrag -in [gi::getWindows 20]
[14:59:17.66] /i layout_editor::directStretch [de::getActiveFigure [gi::getWindows 20] -point {8.078 6.77} -index 0 -intent none] 20
[14:59:17.66] /# ile::stretch -point {8.08 6.77}
[14:59:19.78] /# gi::executeAction deEndDrag -in [gi::getWindows 20]
[14:59:19.79] /i de::endDrag {8.074 6.309} -context [db::getNext [de::getContexts -window 20]]
[14:59:20.17] /# gi::executeAction deSelectActive -in [gi::getWindows 20]
[14:59:20.17] /i de::deselectAll [db::getNext [de::getContexts -window 20]]
[14:59:20.17] /i de::deselectAllLogic -context [db::getNext [de::getContexts -window 20]]
[14:59:20.46] /# gi::executeAction leStretch -in [gi::getWindows 20]
[14:59:20.46] /i ile::stretch
[14:59:20.98] /# gi::executeAction deAddPoint -in [gi::getWindows 20]
[14:59:20.98] /i de::addPoint {8.265 6.57} -context [db::getNext [de::getContexts -window 20]]
[14:59:22.75] /# gi::executeAction deAddPoint -in [gi::getWindows 20]
[14:59:22.75] /i de::addPoint {8.128 6.529} -context [db::getNext [de::getContexts -window 20]]
[14:59:22.91] /# gi::executeAction deFitView -in [gi::getWindows 20]
[14:59:22.91] /i de::fit -window 20 -fitView true
[14:59:22.91] /o {4.238 2.803} {12.287 7.547}
[14:59:23.72] /# gi::executeAction deCanvasZoomInAtPoint -in [gi::getWindows 20]
[14:59:23.72] /i de::zoom -window [gi::getWindows 20] -factor 2.0 -center {6.943 6.435}
[14:59:23.72] /o {5.59 4.619} {9.615 6.991}
[14:59:24.08] /# gi::executeAction deCanvasZoomOutAtPoint -in [gi::getWindows 20]
[14:59:24.08] /i de::zoom -window [gi::getWindows 20] -factor 0.5 -center {6.943 6.435}
[14:59:24.08] /o {4.238 2.803} {12.287 7.547}
[14:59:24.77] /# gi::executeAction deAddPoint -in [gi::getWindows 20]
[14:59:24.77] /i de::addPoint {6.687 6.466} -context [db::getNext [de::getContexts -window 20]]
[14:59:24.92] /# gi::executeAction leCopy -in [gi::getWindows 20]
[14:59:24.92] /i ile::copy
[14:59:25.39] /# gi::executeAction deAddPoint -in [gi::getWindows 20]
[14:59:25.39] /i de::addPoint {6.687 6.456} -context [db::getNext [de::getContexts -window 20]]
[14:59:26.45] /# gi::executeAction deAddPoint -in [gi::getWindows 20]
[14:59:26.45] /i de::addPoint {7.01 6.312} -context [db::getNext [de::getContexts -window 20]]
[14:59:26.89] /# gi::executeAction deAbortCommand -in [gi::getWindows 20]
[14:59:26.89] /i de::abortCommand -context [db::getNext [de::getContexts -window 20]]
[14:59:27.75] /# gi::executeAction leStretch -in [gi::getWindows 20]
[14:59:27.75] /i ile::stretch
[14:59:28.15] /# gi::executeAction deAddPoint -in [gi::getWindows 20]
[14:59:28.15] /i de::addPoint {7.02 7.312} -context [db::getNext [de::getContexts -window 20]]
[14:59:28.89] /# gi::executeAction deCanvasZoomInAtPoint -in [gi::getWindows 20]
[14:59:28.89] /i de::zoom -window [gi::getWindows 20] -factor 2.0 -center {7.128 6.64}
[14:59:28.89] /o {5.683 4.721} {9.708 7.094}
[14:59:29.21] /# gi::executeAction deCanvasZoomInAtPoint -in [gi::getWindows 20]
[14:59:29.21] /i de::zoom -window [gi::getWindows 20] -factor 2.0 -center {7.115 6.607}
[14:59:29.21] /o {6.399 5.664} {8.411 6.85}
[14:59:30.92] /# gi::executeAction deAddPoint -in [gi::getWindows 20]
[14:59:30.92] /i de::addPoint {7.114 6.607} -context [db::getNext [de::getContexts -window 20]]
[14:59:31.11] /# gi::executeAction deAbortCommand -in [gi::getWindows 20]
[14:59:31.11] /i de::abortCommand -context [db::getNext [de::getContexts -window 20]]
[14:59:31.44] /# gi::executeAction deCanvasZoomInAtPoint -in [gi::getWindows 20]
[14:59:31.44] /i de::zoom -window [gi::getWindows 20] -factor 2.0 -center {7.004 6.569}
[14:59:31.45] /o {6.701 6.117} {7.708 6.71}
[14:59:31.76] /# gi::executeAction leStretch -in [gi::getWindows 20]
[14:59:31.76] /i ile::stretch
[14:59:32.36] /# gi::executeAction deAddPoint -in [gi::getWindows 20]
[14:59:32.36] /i de::addPoint {6.98 6.571} -context [db::getNext [de::getContexts -window 20]]
[14:59:33.13] /# gi::executeAction deAddPoint -in [gi::getWindows 20]
[14:59:33.13] /i de::addPoint {6.958 6.567} -context [db::getNext [de::getContexts -window 20]]
[14:59:33.20] /# gi::executeAction deAbortCommand -in [gi::getWindows 20]
[14:59:33.20] /i de::abortCommand -context [db::getNext [de::getContexts -window 20]]
[14:59:33.76] /# gi::executeAction leStretch -in [gi::getWindows 20]
[14:59:33.76] /i ile::stretch
[14:59:34.30] /# gi::executeAction deAddPoint -in [gi::getWindows 20]
[14:59:34.30] /i de::addPoint {7.008 6.605} -context [db::getNext [de::getContexts -window 20]]
[14:59:34.84] /# gi::executeAction deAddPoint -in [gi::getWindows 20]
[14:59:34.84] /i de::addPoint {7.008 6.598} -context [db::getNext [de::getContexts -window 20]]
[14:59:34.88] /# gi::executeAction deAbortCommand -in [gi::getWindows 20]
[14:59:34.88] /i de::abortCommand -context [db::getNext [de::getContexts -window 20]]
[14:59:35.16] /# gi::executeAction deCanvasZoomOutAtPoint -in [gi::getWindows 20]
[14:59:35.16] /i de::zoom -window [gi::getWindows 20] -factor 0.5 -center {6.912 6.544}
[14:59:35.16] /o {6.491 5.689} {8.503 6.875}
[14:59:35.52] /# gi::executeAction deFitView -in [gi::getWindows 20]
[14:59:35.52] /i de::fit -window 20 -fitView true
[14:59:35.52] /o {4.238 2.803} {12.287 7.547}
[14:59:36.13] /# gi::executeAction deCanvasZoomInAtPoint -in [gi::getWindows 20]
[14:59:36.13] /i de::zoom -window [gi::getWindows 20] -factor 2.0 -center {6.544 6.579}
[14:59:36.13] /o {5.391 4.691} {9.416 7.063}
[14:59:36.24] /# gi::executeAction deCanvasZoomInAtPoint -in [gi::getWindows 20]
[14:59:36.24] /i de::zoom -window [gi::getWindows 20] -factor 2.0 -center {6.562 6.515}
[14:59:36.24] /o {5.976 5.603} {7.989 6.789}
[14:59:36.65] /# gi::executeAction deCanvasZoomInAtPoint -in [gi::getWindows 20]
[14:59:36.65] /i de::zoom -window [gi::getWindows 20] -factor 2.0 -center {6.781 6.434}
[14:59:36.65] /o {6.379 6.018} {7.385 6.612}
[14:59:36.82] /# gi::executeAction deCanvasZoomInAtPoint -in [gi::getWindows 20]
[14:59:36.82] /i de::zoom -window [gi::getWindows 20] -factor 2.0 -center {6.781 6.434}
[14:59:36.82] /o {6.58 6.226} {7.083 6.523}
[14:59:37.71] /# gi::executeAction leRuler -in [gi::getWindows 20]
[14:59:37.71] /i ile::createRuler
[14:59:39.07] /# gi::executeAction deAddPoint -in [gi::getWindows 20]
[14:59:39.07] /i de::addPoint {6.959 6.401} -context [db::getNext [de::getContexts -window 20]]
[14:59:42.82] /# gi::executeAction deAddPoint -in [gi::getWindows 20]
[14:59:42.82] /i de::addPoint {6.869 6.382} -context [db::getNext [de::getContexts -window 20]]
[14:59:43.83] /i gi::executeAction deSaveDesign -in [gi::getWindows 20]
[14:59:43.83] /m Information: Saving design 'new_dff D_latch layout'. (DESIGN_WINDOW-004)
[14:59:44.60] /# gi::executeAction deFitView -in [gi::getWindows 20]
[14:59:44.60] /i de::fit -window 20 -fitView true
[14:59:44.60] /o {4.238 2.803} {12.287 7.547}
[14:59:45.54] /# gi::executeAction deCanvasZoomInAtPoint -in [gi::getWindows 20]
[14:59:45.54] /i de::zoom -window [gi::getWindows 20] -factor 2.0 -center {7.42 3.638}
[14:59:45.54] /o {5.829 3.22} {9.854 5.593}
[14:59:45.81] /# gi::executeAction deAbortCommand -in [gi::getWindows 20]
[14:59:45.81] /i de::abortCommand -context [db::getNext [de::getContexts -window 20]]
[14:59:46.31] /# gi::executeAction deCanvasZoomOutAtPoint -in [gi::getWindows 20]
[14:59:46.31] /i de::zoom -window [gi::getWindows 20] -factor 0.5 -center {7.527 3.922}
[14:59:46.31] /o {4.131 2.519} {12.18 7.263}
[14:59:47.20] /# gi::executeAction deSelectActive -in [gi::getWindows 20]
[14:59:47.20] /i de::deselectAll [db::getNext [de::getContexts -window 20]]
[14:59:47.20] /i de::select [de::getActiveFigure [gi::getWindows 20] -point {7.405 3.169} -index 0 -intent none]
[14:59:47.20] /o oa:0x2812f080
[14:59:47.66] /# gi::executeAction leCopy -in [gi::getWindows 20]
[14:59:47.66] /i ile::copy
[14:59:47.84] /# gi::executeAction deAddPoint -in [gi::getWindows 20]
[14:59:47.84] /i de::addPoint {7.405 3.169} -context [db::getNext [de::getContexts -window 20]]
[14:59:48.69] /# gi::executeAction deAddPoint -in [gi::getWindows 20]
[14:59:48.69] /i de::addPoint {7.41 4.03} -context [db::getNext [de::getContexts -window 20]]
[14:59:48.78] /i gi::executeAction deCanvasDragCancel -in [gi::getWindows 20]
[14:59:49.24] /# gi::executeAction deCanvasZoomInAtPoint -in [gi::getWindows 20]
[14:59:49.24] /i de::zoom -window [gi::getWindows 20] -factor 2.0 -center {6.349 4.005}
[14:59:49.24] /o {5.24 3.262} {9.265 5.634}
[14:59:50.19] /# gi::executeAction leStretch -in [gi::getWindows 20]
[14:59:50.19] /i ile::stretch
[14:59:50.66] /# gi::executeAction deAddPoint -in [gi::getWindows 20]
[14:59:50.66] /i de::addPoint {6.541 3.966} -context [db::getNext [de::getContexts -window 20]]
[14:59:52.30] /# gi::executeAction deCanvasZoomInAtPoint -in [gi::getWindows 20]
[14:59:52.30] /i de::zoom -window [gi::getWindows 20] -factor 2.0 -center {6.972 3.951}
[14:59:52.30] /o {6.106 3.606} {8.118 4.793}
[14:59:53.69] /# gi::executeAction deAddPoint -in [gi::getWindows 20]
[14:59:53.69] /i de::addPoint {6.956 3.954} -context [db::getNext [de::getContexts -window 20]]
[14:59:54.10] /i gi::executeAction deCanvasDragCancel -in [gi::getWindows 20]
[14:59:54.73] /# gi::executeAction deFitView -in [gi::getWindows 20]
[14:59:54.73] /i de::fit -window 20 -fitView true
[14:59:54.73] /o {4.238 2.803} {12.287 7.547}
[14:59:55.37] /# gi::executeAction deCanvasZoomInAtPoint -in [gi::getWindows 20]
[14:59:55.37] /i de::zoom -window [gi::getWindows 20] -factor 2.0 -center {8.347 3.935}
[14:59:55.37] /o {6.292 3.369} {10.317 5.741}
[14:59:55.51] /# gi::executeAction deCanvasZoomInAtPoint -in [gi::getWindows 20]
[14:59:55.51] /i de::zoom -window [gi::getWindows 20] -factor 2.0 -center {8.378 3.932}
[14:59:55.51] /o {7.335 3.65} {9.348 4.837}
[14:59:55.97] /# gi::executeAction deSelectActive -in [gi::getWindows 20]
[14:59:55.97] /i de::deselectAll [db::getNext [de::getContexts -window 20]]
[14:59:55.97] /i de::deselectAllLogic -context [db::getNext [de::getContexts -window 20]]
[14:59:56.39] /# gi::executeAction leStretch -in [gi::getWindows 20]
[14:59:56.39] /i ile::stretch
[14:59:56.99] /# gi::executeAction deAddPoint -in [gi::getWindows 20]
[14:59:56.99] /i de::addPoint {8.477 3.968} -context [db::getNext [de::getContexts -window 20]]
[14:59:58.26] /# gi::executeAction deCanvasZoomInAtPoint -in [gi::getWindows 20]
[14:59:58.26] /i de::zoom -window [gi::getWindows 20] -factor 2.0 -center {8.067 3.971}
[14:59:58.26] /o {7.701 3.811} {8.707 4.404}
[14:59:58.40] /# gi::executeAction deCanvasZoomInAtPoint -in [gi::getWindows 20]
[14:59:58.40] /i de::zoom -window [gi::getWindows 20] -factor 2.0 -center {8.067 3.971}
[14:59:58.41] /o {7.884 3.891} {8.387 4.187}
[14:59:59.82] /# gi::executeAction deAddPoint -in [gi::getWindows 20]
[14:59:59.82] /i de::addPoint {8.061 3.971} -context [db::getNext [de::getContexts -window 20]]
[14:59:59.87] /# gi::executeAction deAbortCommand -in [gi::getWindows 20]
[14:59:59.87] /i de::abortCommand -context [db::getNext [de::getContexts -window 20]]
[15:00:00.07] /# gi::executeAction deCanvasZoomOutAtPoint -in [gi::getWindows 20]
[15:00:00.07] /i de::zoom -window [gi::getWindows 20] -factor 0.5 -center {8.004 3.98}
[15:00:00.07] /o {7.764 3.802} {8.77 4.395}
[15:00:00.11] /# gi::executeAction deCanvasZoomOutAtPoint -in [gi::getWindows 20]
[15:00:00.11] /i de::zoom -window [gi::getWindows 20] -factor 0.5 -center {8 3.979}
[15:00:00.11] /o {7.528 3.624} {9.541 4.811}
[15:00:00.67] /# gi::executeAction deFitView -in [gi::getWindows 20]
[15:00:00.67] /i de::fit -window 20 -fitView true
[15:00:00.67] /o {4.238 2.803} {12.287 7.547}
[15:00:01.25] /# gi::executeAction deCanvasZoomInAtPoint -in [gi::getWindows 20]
[15:00:01.25] /i de::zoom -window [gi::getWindows 20] -factor 2.0 -center {6.979 4.043}
[15:00:01.25] /o {5.608 3.423} {9.633 5.795}
[15:00:01.35] /# gi::executeAction deCanvasZoomInAtPoint -in [gi::getWindows 20]
[15:00:01.35] /i de::zoom -window [gi::getWindows 20] -factor 2.0 -center {7.041 3.994}
[15:00:01.35] /o {6.325 3.708} {8.337 4.895}
[15:00:01.98] /# gi::executeAction deSelectActive -in [gi::getWindows 20]
[15:00:01.98] /i de::deselectAll [db::getNext [de::getContexts -window 20]]
[15:00:01.98] /i de::select [de::getActiveFigure [gi::getWindows 20] -point {7.267 3.961} -index 0 -intent none]
[15:00:01.98] /o oa:0x207af380
[15:00:02.48] /# gi::executeAction leStartStretchDrag -in [gi::getWindows 20]
[15:00:02.48] /i layout_editor::directStretch [de::getActiveFigure [gi::getWindows 20] -point {7.267 3.963} -index 0 -intent none] 20
[15:00:02.48] /# ile::stretch -point {7.265 3.965}
[15:00:03.37] /# gi::executeAction deEndDrag -in [gi::getWindows 20]
[15:00:03.37] /i de::endDrag {7.252 3.806} -context [db::getNext [de::getContexts -window 20]]
[15:00:03.79] /# gi::executeAction leStartStretchDrag -in [gi::getWindows 20]
[15:00:03.79] /i layout_editor::directStretch [de::getActiveFigure [gi::getWindows 20] -point {7.252 3.84} -index 0 -intent none] 20
[15:00:03.79] /# ile::stretch -point {7.25 3.84}
[15:00:06.17] /# gi::executeAction deEndDrag -in [gi::getWindows 20]
[15:00:06.17] /i de::endDrag {7.251 3.817} -context [db::getNext [de::getContexts -window 20]]
[15:00:06.58] /# gi::executeAction deSelectActive -in [gi::getWindows 20]
[15:00:06.58] /i de::deselectAll [db::getNext [de::getContexts -window 20]]
[15:00:06.58] /i de::select [de::getActiveFigure [gi::getWindows 20] -point {7.99 4.063} -index 0 -intent none]
[15:00:06.58] /o oa:0x2486f770
[15:00:07.63] /# gi::executeAction deSelectActive -in [gi::getWindows 20]
[15:00:07.63] /i de::deselectAll [db::getNext [de::getContexts -window 20]]
[15:00:07.63] /i de::deselectAllLogic -context [db::getNext [de::getContexts -window 20]]
[15:00:07.79] /# gi::executeAction deCanvasZoomInAtPoint -in [gi::getWindows 20]
[15:00:07.79] /i de::zoom -window [gi::getWindows 20] -factor 2.0 -center {8.071 4.052}
[15:00:07.79] /o {7.198 3.88} {8.204 4.473}
[15:00:07.84] /# gi::executeAction deCanvasZoomInAtPoint -in [gi::getWindows 20]
[15:00:07.84] /i de::zoom -window [gi::getWindows 20] -factor 2.0 -center {8.071 4.052}
[15:00:07.84] /o {7.634 3.966} {8.138 4.263}
[15:00:08.18] /# gi::executeAction leStretch -in [gi::getWindows 20]
[15:00:08.18] /i ile::stretch
[15:00:08.76] /# gi::executeAction deAddPoint -in [gi::getWindows 20]
[15:00:08.76] /i de::addPoint {8.025 4.075} -context [db::getNext [de::getContexts -window 20]]
[15:00:09.05] /# gi::executeAction deCanvasZoomOutAtPoint -in [gi::getWindows 20]
[15:00:09.05] /i de::zoom -window [gi::getWindows 20] -factor 0.5 -center {8.023 4.061}
[15:00:09.05] /o {7.246 3.871} {8.252 4.464}
[15:00:09.08] /# gi::executeAction deCanvasZoomOutAtPoint -in [gi::getWindows 20]
[15:00:09.08] /i de::zoom -window [gi::getWindows 20] -factor 0.5 -center {8.021 4.051}
[15:00:09.08] /o {6.471 3.691} {8.483 4.878}
[15:00:09.11] /# gi::executeAction deCanvasZoomOutAtPoint -in [gi::getWindows 20]
[15:00:09.11] /i de::zoom -window [gi::getWindows 20] -factor 0.5 -center {8.019 4.04}
[15:00:09.11] /o {4.922 3.343} {8.947 5.715}
[15:00:09.17] /# gi::executeAction deCanvasZoomOutAtPoint -in [gi::getWindows 20]
[15:00:09.17] /i de::zoom -window [gi::getWindows 20] -factor 0.5 -center {8.015 4.014}
[15:00:09.17] /o {1.83 2.672} {9.879 7.416}
[15:00:09.62] /# gi::executeAction deCanvasZoomInAtPoint -in [gi::getWindows 20]
[15:00:09.62] /i de::zoom -window [gi::getWindows 20] -factor 2.0 -center {8.009 3.63}
[15:00:09.62] /o {4.919 3.151} {8.944 5.523}
[15:00:09.73] /# gi::executeAction deCanvasZoomInAtPoint -in [gi::getWindows 20]
[15:00:09.74] /i de::zoom -window [gi::getWindows 20] -factor 2.0 -center {8.012 3.653}
[15:00:09.74] /o {6.466 3.402} {8.478 4.588}
[15:00:10.57] /# gi::executeAction deCanvasZoomInAtPoint -in [gi::getWindows 20]
[15:00:10.57] /i de::zoom -window [gi::getWindows 20] -factor 2.0 -center {8.031 3.822}
[15:00:10.57] /o {7.248 3.612} {8.255 4.205}
[15:00:10.67] /# gi::executeAction deCanvasZoomInAtPoint -in [gi::getWindows 20]
[15:00:10.67] /i de::zoom -window [gi::getWindows 20] -factor 2.0 -center {8.031 3.822}
[15:00:10.67] /o {7.64 3.717} {8.143 4.014}
[15:00:11.54] /# gi::executeAction deAddPoint -in [gi::getWindows 20]
[15:00:11.54] /i de::addPoint {8.033 3.835} -context [db::getNext [de::getContexts -window 20]]
[15:00:11.72] /# gi::executeAction deFitView -in [gi::getWindows 20]
[15:00:11.72] /i de::fit -window 20 -fitView true
[15:00:11.72] /o {4.238 2.803} {12.287 7.547}
[15:00:12.40] /# gi::executeAction deCanvasZoomInAtPoint -in [gi::getWindows 20]
[15:00:12.40] /i de::zoom -window [gi::getWindows 20] -factor 2.0 -center {7.855 4.365}
[15:00:12.40] /o {6.046 3.584} {10.071 5.956}
[15:00:12.57] /# gi::executeAction deCanvasZoomInAtPoint -in [gi::getWindows 20]
[15:00:12.57] /i de::zoom -window [gi::getWindows 20] -factor 2.0 -center {7.853 4.355}
[15:00:12.57] /o {6.95 3.969} {8.962 5.156}
[15:00:13.01] /# gi::executeAction leStretch -in [gi::getWindows 20]
[15:00:13.01] /i ile::stretch
[15:00:13.45] /# gi::executeAction deAbortCommand -in [gi::getWindows 20]
[15:00:13.45] /i de::abortCommand -context [db::getNext [de::getContexts -window 20]]
[15:00:13.50] /# gi::executeAction deCanvasZoomOutAtPoint -in [gi::getWindows 20]
[15:00:13.50] /i de::zoom -window [gi::getWindows 20] -factor 0.5 -center {7.812 4.051}
[15:00:13.50] /o {6.087 3.888} {10.112 6.26}
[15:00:13.86] /# gi::executeAction deFitView -in [gi::getWindows 20]
[15:00:13.86] /i de::fit -window 20 -fitView true
[15:00:13.86] /o {4.238 2.803} {12.287 7.547}
[15:00:14.41] /# gi::executeAction deCanvasZoomInAtPoint -in [gi::getWindows 20]
[15:00:14.41] /i de::zoom -window [gi::getWindows 20] -factor 2.0 -center {7.343 3.715}
[15:00:14.41] /o {5.79 3.259} {9.815 5.631}
[15:00:14.71] /# gi::executeAction deCanvasZoomInAtPoint -in [gi::getWindows 20]
[15:00:14.71] /i de::zoom -window [gi::getWindows 20] -factor 2.0 -center {7.43 3.984}
[15:00:14.71] /o {6.61 3.621} {8.623 4.808}
[15:00:15.12] /# gi::executeAction leStretch -in [gi::getWindows 20]
[15:00:15.12] /i ile::stretch
[15:00:16.11] /# gi::executeAction deAddPoint -in [gi::getWindows 20]
[15:00:16.11] /i de::addPoint {7.438 4.268} -context [db::getNext [de::getContexts -window 20]]
[15:00:17.64] /# gi::executeAction deAddPoint -in [gi::getWindows 20]
[15:00:17.64] /i de::addPoint {7.438 4.145} -context [db::getNext [de::getContexts -window 20]]
[15:00:17.73] /# gi::executeAction deAbortCommand -in [gi::getWindows 20]
[15:00:17.73] /i de::abortCommand -context [db::getNext [de::getContexts -window 20]]
[15:00:18.80] /# gi::executeAction leStretch -in [gi::getWindows 20]
[15:00:18.80] /i ile::stretch
[15:00:19.12] /# gi::executeAction deAddPoint -in [gi::getWindows 20]
[15:00:19.12] /i de::addPoint {7.772 4.034} -context [db::getNext [de::getContexts -window 20]]
[15:00:21.24] /# gi::executeAction deAddPoint -in [gi::getWindows 20]
[15:00:21.24] /i de::addPoint {7.778 4.295} -context [db::getNext [de::getContexts -window 20]]
[15:00:21.48] /# gi::executeAction deAbortCommand -in [gi::getWindows 20]
[15:00:21.48] /i de::abortCommand -context [db::getNext [de::getContexts -window 20]]
[15:00:21.80] /# gi::executeAction deFitView -in [gi::getWindows 20]
[15:00:21.80] /i de::fit -window 20 -fitView true
[15:00:21.80] /o {4.238 2.803} {12.287 7.547}
[15:00:22.35] /# gi::executeAction deCanvasZoomInAtPoint -in [gi::getWindows 20]
[15:00:22.35] /i de::zoom -window [gi::getWindows 20] -factor 2.0 -center {8.357 3.751}
[15:00:22.35] /o {6.297 3.277} {10.322 5.649}
[15:00:22.42] /# gi::executeAction deCanvasZoomInAtPoint -in [gi::getWindows 20]
[15:00:22.42] /i de::zoom -window [gi::getWindows 20] -factor 2.0 -center {8.357 3.751}
[15:00:22.42] /o {7.327 3.514} {9.34 4.7}
[15:00:22.82] /# gi::executeAction leStretch -in [gi::getWindows 20]
[15:00:22.82] /i ile::stretch
[15:00:23.50] /# gi::executeAction deAddPoint -in [gi::getWindows 20]
[15:00:23.50] /i de::addPoint {8.274 3.932} -context [db::getNext [de::getContexts -window 20]]
[15:00:24.49] /# gi::executeAction deAddPoint -in [gi::getWindows 20]
[15:00:24.49] /i de::addPoint {8.292 3.582} -context [db::getNext [de::getContexts -window 20]]
[15:00:24.58] /# gi::executeAction deAbortCommand -in [gi::getWindows 20]
[15:00:24.58] /i de::abortCommand -context [db::getNext [de::getContexts -window 20]]
[15:00:24.95] /# gi::executeAction deCanvasZoomOutAtPoint -in [gi::getWindows 20]
[15:00:24.95] /i de::zoom -window [gi::getWindows 20] -factor 0.5 -center {8.88 4.042}
[15:00:24.95] /o {5.774 2.986} {9.799 5.358}
[15:00:25.24] /# gi::executeAction leStretch -in [gi::getWindows 20]
[15:00:25.24] /i ile::stretch
[15:00:26.05] /# gi::executeAction deAddPoint -in [gi::getWindows 20]
[15:00:26.05] /i de::addPoint {8.534 4.61} -context [db::getNext [de::getContexts -window 20]]
[15:00:26.87] /# gi::executeAction deCanvasZoomInAtPoint -in [gi::getWindows 20]
[15:00:26.87] /i de::zoom -window [gi::getWindows 20] -factor 2.0 -center {8.587 4.118}
[15:00:26.87] /o {7.181 3.552} {9.193 4.738}
[15:00:27.93] /# gi::executeAction deAddPoint -in [gi::getWindows 20]
[15:00:27.93] /i de::addPoint {8.579 4.089} -context [db::getNext [de::getContexts -window 20]]
[15:00:28.03] /# gi::executeAction deFitView -in [gi::getWindows 20]
[15:00:28.03] /i de::fit -window 20 -fitView true
[15:00:28.04] /o {4.238 2.803} {12.287 7.547}
[15:00:28.48] /# gi::executeAction leStretch -in [gi::getWindows 20]
[15:00:28.48] /i ile::stretch
[15:00:28.70] /# gi::executeAction deCanvasZoomInAtPoint -in [gi::getWindows 20]
[15:00:28.70] /i de::zoom -window [gi::getWindows 20] -factor 2.0 -center {9.331 4.299}
[15:00:28.70] /o {6.784 3.551} {10.809 5.923}
[15:00:28.76] /# gi::executeAction deCanvasZoomInAtPoint -in [gi::getWindows 20]
[15:00:28.76] /i de::zoom -window [gi::getWindows 20] -factor 2.0 -center {9.385 4.284}
[15:00:28.76] /o {8.085 3.917} {10.097 5.104}
[15:00:29.70] /# gi::executeAction deAddPoint -in [gi::getWindows 20]
[15:00:29.70] /i de::addPoint {9.357 4.281} -context [db::getNext [de::getContexts -window 20]]
[15:00:29.90] /# gi::executeAction deCanvasZoomOutAtPoint -in [gi::getWindows 20]
[15:00:29.90] /i de::zoom -window [gi::getWindows 20] -factor 0.5 -center {9.343 4.126}
[15:00:29.90] /o {6.826 3.709} {10.851 6.081}
[15:00:29.96] /# gi::executeAction deCanvasZoomOutAtPoint -in [gi::getWindows 20]
[15:00:29.96] /i de::zoom -window [gi::getWindows 20] -factor 0.5 -center {9.342 4.121}
[15:00:29.96] /o {4.311 3.297} {12.36 8.041}
[15:00:30.58] /# gi::executeAction deCanvasZoomInAtPoint -in [gi::getWindows 20]
[15:00:30.58] /i de::zoom -window [gi::getWindows 20] -factor 2.0 -center {9.276 3.702}
[15:00:30.58] /o {6.793 3.499} {10.818 5.872}
[15:00:30.67] /# gi::executeAction deCanvasZoomInAtPoint -in [gi::getWindows 20]
[15:00:30.67] /i de::zoom -window [gi::getWindows 20] -factor 2.0 -center {9.294 3.686}
[15:00:30.67] /o {8.044 3.593} {10.056 4.779}
[15:00:31.29] /# gi::executeAction deAddPoint -in [gi::getWindows 20]
[15:00:31.29] /i de::addPoint {9.313 3.632} -context [db::getNext [de::getContexts -window 20]]
[15:00:31.36] /# gi::executeAction deFitView -in [gi::getWindows 20]
[15:00:31.36] /i de::fit -window 20 -fitView true
[15:00:31.36] /o {4.238 2.803} {12.287 7.547}
[15:00:32.20] /# gi::executeAction deCanvasZoomInAtPoint -in [gi::getWindows 20]
[15:00:32.21] /i de::zoom -window [gi::getWindows 20] -factor 2.0 -center {7.102 3.054}
[15:00:32.21] /o {5.67 2.928} {9.695 5.301}
[15:00:32.67] /# gi::executeAction deCanvasZoomOutAtPoint -in [gi::getWindows 20]
[15:00:32.68] /i de::zoom -window [gi::getWindows 20] -factor 0.5 -center {6.846 3.138}
[15:00:32.68] /o {4.494 2.719} {12.543 7.463}
[15:00:33.86] /# gi::executeAction deAddPoint -in [gi::getWindows 20]
[15:00:33.86] /i de::addPoint {7.097 3.323} -context [db::getNext [de::getContexts -window 20]]
[15:00:34.27] /# gi::executeAction deCanvasZoomInAtPoint -in [gi::getWindows 20]
[15:00:34.27] /i de::zoom -window [gi::getWindows 20] -factor 2.0 -center {7.02 2.831}
[15:00:34.27] /o {5.757 2.775} {9.782 5.147}
[15:00:34.35] /# gi::executeAction deCanvasZoomInAtPoint -in [gi::getWindows 20]
[15:00:34.35] /i de::zoom -window [gi::getWindows 20] -factor 2.0 -center {7.02 2.831}
[15:00:34.35] /o {6.388 2.803} {8.401 3.989}
[15:00:34.68] /# gi::executeAction leStretch -in [gi::getWindows 20]
[15:00:34.68] /i ile::stretch
[15:00:35.32] /# gi::executeAction deAddPoint -in [gi::getWindows 20]
[15:00:35.32] /i de::addPoint {7.016 3.039} -context [db::getNext [de::getContexts -window 20]]
[15:00:36.79] /# gi::executeAction deCanvasZoomInAtPoint -in [gi::getWindows 20]
[15:00:36.79] /i de::zoom -window [gi::getWindows 20] -factor 2.0 -center {7.043 3.734}
[15:00:36.79] /o {6.716 3.268} {7.722 3.862}
[15:00:36.96] /# gi::executeAction deCanvasZoomInAtPoint -in [gi::getWindows 20]
[15:00:36.96] /i de::zoom -window [gi::getWindows 20] -factor 2.0 -center {7.043 3.734}
[15:00:36.96] /o {6.879 3.501} {7.382 3.798}
[15:00:37.51] /# gi::executeAction deAddPoint -in [gi::getWindows 20]
[15:00:37.51] /i de::addPoint {7.043 3.734} -context [db::getNext [de::getContexts -window 20]]
[15:00:37.60] /# gi::executeAction deFitView -in [gi::getWindows 20]
[15:00:37.60] /i de::fit -window 20 -fitView true
[15:00:37.60] /o {4.238 2.803} {12.287 7.547}
[15:00:54.93] /# gi::executeAction deCanvasZoomInAtPoint -in [gi::getWindows 20]
[15:00:54.93] /i de::zoom -window [gi::getWindows 20] -factor 2.0 -center {6.774 3.243}
[15:00:54.93] /o {5.506 3.023} {9.531 5.395}
[15:00:55.64] /# gi::executeAction deAddPoint -in [gi::getWindows 20]
[15:00:55.64] /i de::addPoint {7.292 3.748} -context [db::getNext [de::getContexts -window 20]]
[15:00:56.00] /# gi::executeAction deAbortCommand -in [gi::getWindows 20]
[15:00:56.00] /i de::abortCommand -context [db::getNext [de::getContexts -window 20]]
[15:00:56.51] /# gi::executeAction deSelectActive -in [gi::getWindows 20]
[15:00:56.51] /i de::deselectAll [db::getNext [de::getContexts -window 20]]
[15:00:56.51] /i de::select [de::getActiveFigure [gi::getWindows 20] -point {7.299 3.779} -index 0 -intent none]
[15:00:56.51] /o oa:0x27f40d50
[15:00:56.97] /# gi::executeAction leStartStretchDrag -in [gi::getWindows 20]
[15:00:56.97] /i layout_editor::directStretch [de::getActiveFigure [gi::getWindows 20] -point {7.307 3.781} -index 0 -intent none] 20
[15:00:56.97] /# ile::stretch -point {7.305 3.78}
[15:00:58.09] /# gi::executeAction deEndDrag -in [gi::getWindows 20]
[15:00:58.09] /i de::endDrag {7.33 4.009} -context [db::getNext [de::getContexts -window 20]]
[15:00:58.31] /# gi::executeAction deCanvasZoomInAtPoint -in [gi::getWindows 20]
[15:00:58.31] /i de::zoom -window [gi::getWindows 20] -factor 2.0 -center {8.298 3.917}
[15:00:58.31] /o {6.902 3.47} {8.914 4.656}
[15:00:58.39] /# gi::executeAction deCanvasZoomInAtPoint -in [gi::getWindows 20]
[15:00:58.39] /i de::zoom -window [gi::getWindows 20] -factor 2.0 -center {8.298 3.917}
[15:00:58.39] /o {7.6 3.693} {8.606 4.287}
[15:00:59.22] /# gi::executeAction leRuler -in [gi::getWindows 20]
[15:00:59.23] /i ile::createRuler
[15:01:00.07] /# gi::executeAction deAbortCommand -in [gi::getWindows 20]
[15:01:00.07] /i de::abortCommand -context [db::getNext [de::getContexts -window 20]]
[15:01:00.30] /# gi::executeAction deSelectActive -in [gi::getWindows 20]
[15:01:00.30] /i de::deselectAll [db::getNext [de::getContexts -window 20]]
[15:01:00.30] /i de::select [de::getActiveFigure [gi::getWindows 20] -point {8.023 3.807} -index 0 -intent none]
[15:01:00.30] /o oa:0x202a58a0
[15:01:00.69] /# gi::executeAction deCanvasZoomOutAtPoint -in [gi::getWindows 20]
[15:01:00.69] /i de::zoom -window [gi::getWindows 20] -factor 0.5 -center {8.023 3.807}
[15:01:00.69] /o {7.177 3.58} {9.189 4.766}
[15:01:00.78] /# gi::executeAction deCanvasZoomOutAtPoint -in [gi::getWindows 20]
[15:01:00.78] /i de::zoom -window [gi::getWindows 20] -factor 0.5 -center {8.024 3.808}
[15:01:00.78] /o {6.33 3.352} {10.355 5.724}
[15:01:01.14] /# gi::executeAction deCanvasZoomInAtPoint -in [gi::getWindows 20]
[15:01:01.14] /i de::zoom -window [gi::getWindows 20] -factor 2.0 -center {8.031 3.823}
[15:01:01.14] /o {7.18 3.587} {9.193 4.774}
[15:01:01.25] /# gi::executeAction deCanvasZoomInAtPoint -in [gi::getWindows 20]
[15:01:01.25] /i de::zoom -window [gi::getWindows 20] -factor 2.0 -center {8.031 3.823}
[15:01:01.25] /o {7.606 3.705} {8.612 4.298}
[15:01:01.88] /# gi::executeAction deSelectActive -in [gi::getWindows 20]
[15:01:01.88] /i de::deselectAll [db::getNext [de::getContexts -window 20]]
[15:01:01.88] /i de::select [de::getActiveFigure [gi::getWindows 20] -point {8.031 3.833} -index 0 -intent none]
[15:01:01.88] /o oa:0x26848e70
[15:01:02.56] /# gi::executeAction leStartStretchDrag -in [gi::getWindows 20]
[15:01:02.56] /i layout_editor::directStretch [de::getActiveFigure [gi::getWindows 20] -point {8.031 3.833} -index 0 -intent none] 20
[15:01:02.56] /# ile::stretch -point {8.03 3.835}
[15:01:02.90] /# gi::executeAction deEndDrag -in [gi::getWindows 20]
[15:01:02.90] /i de::endDrag {8.141 3.821} -context [db::getNext [de::getContexts -window 20]]
[15:01:03.55] /# gi::executeAction leDelete -in [gi::getWindows 20]
[15:01:03.55] /i ile::delete
[15:01:03.69] /i gi::executeAction deCanvasDragCancel -in [gi::getWindows 20]
[15:01:04.10] /# gi::executeAction deFitView -in [gi::getWindows 20]
[15:01:04.10] /i de::fit -window 20 -fitView true
[15:01:04.10] /o {4.238 2.803} {12.287 7.547}
[15:01:04.86] /# gi::executeAction deSelectActive -in [gi::getWindows 20]
[15:01:04.87] /i de::deselectAll [db::getNext [de::getContexts -window 20]]
[15:01:04.87] /i de::select [de::getActiveFigure [gi::getWindows 20] -point {8.035 3.761} -index 0 -intent none]
[15:01:04.87] /o oa:0x274c4fc0
[15:01:05.37] /# gi::executeAction deCanvasZoomInAtPoint -in [gi::getWindows 20]
[15:01:05.37] /i de::zoom -window [gi::getWindows 20] -factor 2.0 -center {8.024 3.699}
[15:01:05.37] /o {6.131 3.251} {10.156 5.623}
[15:01:05.43] /# gi::executeAction deCanvasZoomInAtPoint -in [gi::getWindows 20]
[15:01:05.44] /i de::zoom -window [gi::getWindows 20] -factor 2.0 -center {8.024 3.699}
[15:01:05.44] /o {7.077 3.475} {9.09 4.661}
[15:01:05.71] /# gi::executeAction deSelectActive -in [gi::getWindows 20]
[15:01:05.71] /i de::cycleActiveFigure [gi::getWindows 20] -direction next
[15:01:05.71] /o oa:0x256638d0
[15:01:05.71] /i de::deselectAll [db::getNext [de::getContexts -window 20]]
[15:01:05.71] /i de::select [de::getActiveFigure [gi::getWindows 20] -point {8.024 3.699} -index 1 -intent none]
[15:01:05.71] /o oa:0x25b0b970
[15:01:06.34] /# gi::executeAction leStartStretchDrag -in [gi::getWindows 20]
[15:01:06.34] /i layout_editor::directStretch [de::getActiveFigure [gi::getWindows 20] -point {8.024 3.699} -index 1 -intent none] 20
[15:01:06.34] /# ile::stretch -point {8.025 3.7}
[15:01:06.87] /# gi::executeAction deEndDrag -in [gi::getWindows 20]
[15:01:06.87] /i de::endDrag {8.338 3.645} -context [db::getNext [de::getContexts -window 20]]
[15:01:07.63] /# gi::executeAction leDelete -in [gi::getWindows 20]
[15:01:07.63] /i ile::delete
[15:01:07.74] /# gi::executeAction deFitView -in [gi::getWindows 20]
[15:01:07.74] /i de::fit -window 20 -fitView true
[15:01:07.74] /o {4.238 2.803} {12.287 7.547}
[15:01:08.44] /# gi::executeAction deCanvasZoomInAtPoint -in [gi::getWindows 20]
[15:01:08.44] /i de::zoom -window [gi::getWindows 20] -factor 2.0 -center {8.531 3.653}
[15:01:08.45] /o {6.384 3.228} {10.409 5.6}
[15:01:08.86] /i gi::executeAction deCanvasDragCancel -in [gi::getWindows 20]
[15:01:08.99] /i gi::executeAction deCanvasDragCancel -in [gi::getWindows 20]
[15:01:09.20] /# gi::executeAction deCanvasZoomInAtPoint -in [gi::getWindows 20]
[15:01:09.20] /i de::zoom -window [gi::getWindows 20] -factor 2.0 -center {8.006 3.914}
[15:01:09.20] /o {7.195 3.571} {9.208 4.757}
[15:01:09.96] /# gi::executeAction leStretch -in [gi::getWindows 20]
[15:01:09.96] /i ile::stretch
[15:01:10.82] /# gi::executeAction deAddPoint -in [gi::getWindows 20]
[15:01:10.82] /i de::addPoint {8.056 4.01} -context [db::getNext [de::getContexts -window 20]]
[15:01:11.69] /# gi::executeAction deCanvasZoomInAtPoint -in [gi::getWindows 20]
[15:01:11.69] /i de::zoom -window [gi::getWindows 20] -factor 2.0 -center {9.164 3.953}
[15:01:11.69] /o {8.18 3.762} {9.186 4.355}
[15:01:11.84] /# gi::executeAction deCanvasZoomInAtPoint -in [gi::getWindows 20]
[15:01:11.84] /i de::zoom -window [gi::getWindows 20] -factor 2.0 -center {9.163 3.953}
[15:01:11.84] /o {8.671 3.857} {9.174 4.154}
[15:01:12.58] /# gi::executeAction deAddPoint -in [gi::getWindows 20]
[15:01:12.58] /i de::addPoint {9.141 3.947} -context [db::getNext [de::getContexts -window 20]]
[15:01:12.63] /# gi::executeAction deAbortCommand -in [gi::getWindows 20]
[15:01:12.63] /i de::abortCommand -context [db::getNext [de::getContexts -window 20]]
[15:01:12.79] /# gi::executeAction deCanvasZoomOutAtPoint -in [gi::getWindows 20]
[15:01:12.79] /i de::zoom -window [gi::getWindows 20] -factor 0.5 -center {9.138 3.943}
[15:01:12.79] /o {8.205 3.772} {9.211 4.365}
[15:01:12.82] /# gi::executeAction deCanvasZoomOutAtPoint -in [gi::getWindows 20]
[15:01:12.82] /i de::zoom -window [gi::getWindows 20] -factor 0.5 -center {9.131 3.937}
[15:01:12.82] /o {7.278 3.607} {9.291 4.793}
[15:01:12.88] /# gi::executeAction deCanvasZoomOutAtPoint -in [gi::getWindows 20]
[15:01:12.88] /i de::zoom -window [gi::getWindows 20] -factor 0.5 -center {9.009 3.877}
[15:01:12.88] /o {5.547 3.337} {9.572 5.709}
[15:01:13.51] /# gi::executeAction deFitView -in [gi::getWindows 20]
[15:01:13.51] /i de::fit -window 20 -fitView true
[15:01:13.52] /o {4.238 2.803} {12.287 7.547}
[15:01:14.43] /# gi::executeAction deSelectActive -in [gi::getWindows 20]
[15:01:14.43] /i de::deselectAll [db::getNext [de::getContexts -window 20]]
[15:01:14.43] /i de::select [de::getActiveFigure [gi::getWindows 20] -point {7.886 3.12} -index 0 -intent none]
[15:01:14.43] /o oa:0x278d5080
[15:01:14.92] /i gi::executeAction deCanvasDragCancel -in [gi::getWindows 20]
[15:01:15.38] /# gi::executeAction deSelectActive -in [gi::getWindows 20]
[15:01:15.39] /i de::deselectAll [db::getNext [de::getContexts -window 20]]
[15:01:15.39] /i de::select [de::getActiveFigure [gi::getWindows 20] -point {6.636 4.053} -index 0 -intent none]
[15:01:15.39] /o oa:0x273dc740
[15:01:15.91] /# gi::executeAction leCopy -in [gi::getWindows 20]
[15:01:15.91] /i ile::copy
[15:01:16.11] /# gi::executeAction deAddPoint -in [gi::getWindows 20]
[15:01:16.11] /i de::addPoint {6.656 4.073} -context [db::getNext [de::getContexts -window 20]]
[15:01:16.42] /# gi::executeAction deCompleteShape -in [gi::getWindows 20]
[15:01:16.42] /i de::completeShape -context [db::getNext [de::getContexts -window 20]]
[15:01:16.51] /i gi::executeAction deCanvasDragCancel -in [gi::getWindows 20]
[15:01:17.54] /# gi::executeAction leDelete -in [gi::getWindows 20]
[15:01:17.55] /i ile::delete
[15:01:17.66] /i gi::executeAction deCanvasDragCancel -in [gi::getWindows 20]
[15:01:18.70] /# gi::executeAction deSelectActive -in [gi::getWindows 20]
[15:01:18.70] /i de::deselectAll [db::getNext [de::getContexts -window 20]]
[15:01:18.70] /i de::select [de::getActiveFigure [gi::getWindows 20] -point {9.157 6.881} -index 0 -intent none]
[15:01:18.70] /o oa:0x260c8410
[15:01:18.82] /# gi::executeAction leCopy -in [gi::getWindows 20]
[15:01:18.82] /i ile::copy
[15:01:19.11] /# gi::executeAction deAddPoint -in [gi::getWindows 20]
[15:01:19.11] /i de::addPoint {9.157 6.881} -context [db::getNext [de::getContexts -window 20]]
[15:01:20.10] /# gi::executeAction deAddPoint -in [gi::getWindows 20]
[15:01:20.10] /i de::addPoint {8.931 4.391} -context [db::getNext [de::getContexts -window 20]]
[15:01:20.20] /i gi::executeAction deCanvasDragCancel -in [gi::getWindows 20]
[15:01:20.26] /# gi::executeAction deCanvasZoomInAtPoint -in [gi::getWindows 20]
[15:01:20.26] /i de::zoom -window [gi::getWindows 20] -factor 2.0 -center {8.962 4.412}
[15:01:20.26] /o {6.6 3.607} {10.625 5.98}
[15:01:20.29] /# gi::executeAction deCanvasZoomInAtPoint -in [gi::getWindows 20]
[15:01:20.29] /i de::zoom -window [gi::getWindows 20] -factor 2.0 -center {8.962 4.412}
[15:01:20.29] /o {7.781 4.01} {9.793 5.196}
[15:01:20.37] /# gi::executeAction deCanvasZoomInAtPoint -in [gi::getWindows 20]
[15:01:20.37] /i de::zoom -window [gi::getWindows 20] -factor 2.0 -center {8.962 4.412}
[15:01:20.37] /o {8.371 4.211} {9.378 4.804}
[15:01:20.71] /# gi::executeAction deFitView -in [gi::getWindows 20]
[15:01:20.71] /i de::fit -window 20 -fitView true
[15:01:20.71] /o {4.238 2.803} {12.287 7.547}
[15:01:21.51] /# gi::executeAction deCanvasZoomInAtPoint -in [gi::getWindows 20]
[15:01:21.51] /i de::zoom -window [gi::getWindows 20] -factor 2.0 -center {9.331 4.273}
[15:01:21.51] /o {6.784 3.538} {10.809 5.91}
[15:01:22.44] /# gi::executeAction leStartStretchDrag -in [gi::getWindows 20]
[15:01:22.44] /i layout_editor::directStretch [de::getActiveFigure [gi::getWindows 20] -point {9.2 4.327} -index 0 -intent none] 20
[15:01:22.44] /# ile::stretch -point {9.2 4.325}
[15:01:22.77] /# gi::executeAction deEndDrag -in [gi::getWindows 20]
[15:01:22.77] /i de::endDrag {9.136 4.327} -context [db::getNext [de::getContexts -window 20]]
[15:01:23.33] /# gi::executeAction leStartStretchDrag -in [gi::getWindows 20]
[15:01:23.33] /i layout_editor::directStretch [de::getActiveFigure [gi::getWindows 20] -point {9.108 4.455} -index 0 -intent none] 20
[15:01:23.33] /# ile::stretch -point {9.11 4.455}
[15:01:24.27] /# gi::executeAction deEndDrag -in [gi::getWindows 20]
[15:01:24.27] /i de::endDrag {9.044 3.971} -context [db::getNext [de::getContexts -window 20]]
[15:01:24.93] /# gi::executeAction leStartStretchDrag -in [gi::getWindows 20]
[15:01:24.93] /i layout_editor::directStretch [de::getActiveFigure [gi::getWindows 20] -point {9.1 4.132} -index 0 -intent none] 20
[15:01:24.93] /# ile::stretch -point {9.1 4.13}
[15:01:27.73] /# gi::executeAction deEndDrag -in [gi::getWindows 20]
[15:01:27.73] /i de::endDrag {9.09 4.132} -context [db::getNext [de::getContexts -window 20]]
[15:01:28.41] /# gi::executeAction leStartStretchDrag -in [gi::getWindows 20]
[15:01:28.41] /i layout_editor::directStretch [de::getActiveFigure [gi::getWindows 20] -point {9.09 4.132} -index 0 -intent none] 20
[15:01:28.41] /# ile::stretch -point {9.09 4.13}
[15:01:29.14] /# gi::executeAction deEndDrag -in [gi::getWindows 20]
[15:01:29.14] /i de::endDrag {9.085 3.963} -context [db::getNext [de::getContexts -window 20]]
[15:01:29.36] /# gi::executeAction deCanvasZoomInAtPoint -in [gi::getWindows 20]
[15:01:29.36] /i de::zoom -window [gi::getWindows 20] -factor 2.0 -center {9.085 4.04}
[15:01:29.36] /o {7.935 3.789} {9.947 4.975}
[15:01:30.03] /# gi::executeAction leStartStretchDrag -in [gi::getWindows 20]
[15:01:30.03] /i layout_editor::directStretch [de::getActiveFigure [gi::getWindows 20] -point {9.097 4.094} -index 0 -intent none] 20
[15:01:30.03] /# ile::stretch -point {9.095 4.095}
[15:01:31.10] /# gi::executeAction deEndDrag -in [gi::getWindows 20]
[15:01:31.10] /i de::endDrag {9.097 4.036} -context [db::getNext [de::getContexts -window 20]]
[15:01:31.36] /# gi::executeAction deFitView -in [gi::getWindows 20]
[15:01:31.36] /i de::fit -window 20 -fitView true
[15:01:31.36] /o {4.238 2.803} {12.287 7.547}
[15:01:32.96] /# gi::executeAction deSelectActive -in [gi::getWindows 20]
[15:01:32.96] /i de::deselectAll [db::getNext [de::getContexts -window 20]]
[15:01:32.96] /i de::select [de::getActiveFigure [gi::getWindows 20] -point {6.994 5.18} -index 0 -intent none]
[15:01:32.96] /o oa:0x24cc7810
[15:01:33.30] /# gi::executeAction leCopy -in [gi::getWindows 20]
[15:01:33.30] /i ile::copy
[15:01:33.56] /# gi::executeAction deAddPoint -in [gi::getWindows 20]
[15:01:33.56] /i de::addPoint {6.994 5.18} -context [db::getNext [de::getContexts -window 20]]
[15:01:34.11] /# gi::executeAction deCanvasZoomInAtPoint -in [gi::getWindows 20]
[15:01:34.11] /i de::zoom -window [gi::getWindows 20] -factor 2.0 -center {8.055 5.129}
[15:01:34.11] /o {6.146 3.966} {10.171 6.338}
[15:01:34.82] /# gi::executeAction deFitView -in [gi::getWindows 20]
[15:01:34.82] /i de::fit -window 20 -fitView true
[15:01:34.82] /o {4.238 2.803} {12.287 7.547}
[15:01:36.50] /# gi::executeAction deCanvasZoomInAtPoint -in [gi::getWindows 20]
[15:01:36.50] /i de::zoom -window [gi::getWindows 20] -factor 2.0 -center {8.07 5.129}
[15:01:36.50] /o {6.154 3.966} {10.179 6.338}
[15:01:38.33] /# gi::executeAction deAddPoint -in [gi::getWindows 20]
[15:01:38.33] /i de::addPoint {8.062 5.129} -context [db::getNext [de::getContexts -window 20]]
[15:01:38.57] /i gi::executeAction deCanvasDragCancel -in [gi::getWindows 20]
[15:01:39.21] /# gi::executeAction deCanvasZoomOutAtPoint -in [gi::getWindows 20]
[15:01:39.21] /i de::zoom -window [gi::getWindows 20] -factor 0.5 -center {8.062 5.354}
[15:01:39.21] /o {4.246 2.578} {12.295 7.322}
[15:01:40.33] /# gi::executeAction deSelectActive -in [gi::getWindows 20]
[15:01:40.34] /i de::deselectAll [db::getNext [de::getContexts -window 20]]
[15:01:40.34] /i de::select [de::getActiveFigure [gi::getWindows 20] -point {6.997 6.164} -index 0 -intent none]
[15:01:40.34] /o oa:0x27cc0b50
[15:01:40.93] /# gi::executeAction leDelete -in [gi::getWindows 20]
[15:01:40.93] /i ile::delete
[15:01:41.12] /i gi::executeAction deCanvasDragCancel -in [gi::getWindows 20]
[15:01:42.23] /# gi::executeAction deSelectActive -in [gi::getWindows 20]
[15:01:42.23] /i de::deselectAll [db::getNext [de::getContexts -window 20]]
[15:01:42.23] /i de::select [de::getActiveFigure [gi::getWindows 20] -point {7.166 4.028} -index 0 -intent none]
[15:01:42.23] /o oa:0x268e0040
[15:01:42.83] /# gi::executeAction deSelectActive -in [gi::getWindows 20]
[15:01:42.83] /i de::deselectAll [db::getNext [de::getContexts -window 20]]
[15:01:42.84] /i de::deselectAllLogic -context [db::getNext [de::getContexts -window 20]]
[15:01:43.12] /# gi::executeAction deCanvasZoomInAtPoint -in [gi::getWindows 20]
[15:01:43.12] /i de::zoom -window [gi::getWindows 20] -factor 2.0 -center {7.079 4.028}
[15:01:43.12] /o {5.662 3.303} {9.687 5.675}
[15:01:43.54] /# gi::executeAction leStretch -in [gi::getWindows 20]
[15:01:43.54] /i ile::stretch
[15:01:44.03] /# gi::executeAction deAddPoint -in [gi::getWindows 20]
[15:01:44.03] /i de::addPoint {6.956 4.007} -context [db::getNext [de::getContexts -window 20]]
[15:01:46.68] /# gi::executeAction deAddPoint -in [gi::getWindows 20]
[15:01:46.68] /i de::addPoint {8.017 3.982} -context [db::getNext [de::getContexts -window 20]]
[15:01:46.80] /# gi::executeAction deAbortCommand -in [gi::getWindows 20]
[15:01:46.80] /i de::abortCommand -context [db::getNext [de::getContexts -window 20]]
[15:01:46.92] /# gi::executeAction deCanvasZoomInAtPoint -in [gi::getWindows 20]
[15:01:46.92] /i de::zoom -window [gi::getWindows 20] -factor 2.0 -center {8.094 3.746}
[15:01:46.92] /o {6.878 3.524} {8.891 4.711}
[15:01:46.99] /# gi::executeAction deCanvasZoomInAtPoint -in [gi::getWindows 20]
[15:01:46.99] /i de::zoom -window [gi::getWindows 20] -factor 2.0 -center {8.094 3.746}
[15:01:46.99] /o {7.486 3.635} {8.492 4.228}
[15:01:47.31] /# gi::executeAction leStretch -in [gi::getWindows 20]
[15:01:47.31] /i ile::stretch
[15:01:47.75] /# gi::executeAction deAddPoint -in [gi::getWindows 20]
[15:01:47.75] /i de::addPoint {8.092 3.738} -context [db::getNext [de::getContexts -window 20]]
[15:01:49.49] /# gi::executeAction deAddPoint -in [gi::getWindows 20]
[15:01:49.49] /i de::addPoint {8.109 3.968} -context [db::getNext [de::getContexts -window 20]]
[15:01:49.54] /# gi::executeAction deAbortCommand -in [gi::getWindows 20]
[15:01:49.54] /i de::abortCommand -context [db::getNext [de::getContexts -window 20]]
[15:01:50.36] /# gi::executeAction deSelectActive -in [gi::getWindows 20]
[15:01:50.36] /i de::deselectAllLogic -context [db::getNext [de::getContexts -window 20]]
[15:01:50.36] /# gi::executeAction leStretch -in [gi::getWindows 20]
[15:01:50.36] /i ile::stretch
[15:01:51.11] /# gi::executeAction deAddPoint -in [gi::getWindows 20]
[15:01:51.11] /i de::addPoint {8.019 4.011} -context [db::getNext [de::getContexts -window 20]]
[15:01:51.80] /# gi::executeAction deAddPoint -in [gi::getWindows 20]
[15:01:51.80] /i de::addPoint {8.027 4.009} -context [db::getNext [de::getContexts -window 20]]
[15:01:51.97] /# gi::executeAction deAbortCommand -in [gi::getWindows 20]
[15:01:51.97] /i de::abortCommand -context [db::getNext [de::getContexts -window 20]]
[15:01:52.30] /# gi::executeAction deCanvasZoomOutAtPoint -in [gi::getWindows 20]
[15:01:52.30] /i de::zoom -window [gi::getWindows 20] -factor 0.5 -center {8.034 4.007}
[15:01:52.30] /o {6.938 3.263} {8.951 4.45}
[15:01:52.32] /# gi::executeAction deFitView -in [gi::getWindows 20]
[15:01:52.32] /i de::fit -window 20 -fitView true
[15:01:52.32] /o {4.238 2.803} {12.287 7.547}
[15:01:55.31] /# gi::executeAction deCanvasZoomInAtPoint -in [gi::getWindows 20]
[15:01:55.31] /i de::zoom -window [gi::getWindows 20] -factor 2.0 -center {7.84 3.12}
[15:01:55.31] /o {6.039 2.961} {10.064 5.334}
[15:01:55.40] /# gi::executeAction deCanvasZoomInAtPoint -in [gi::getWindows 20]
[15:01:55.40] /i de::zoom -window [gi::getWindows 20] -factor 2.0 -center {7.848 3.11}
[15:01:55.40] /o {6.943 3.036} {8.956 4.222}
[15:01:55.67] /# gi::executeAction deCanvasZoomOutAtPoint -in [gi::getWindows 20]
[15:01:55.67] /i de::zoom -window [gi::getWindows 20] -factor 0.5 -center {7.85 3.114}
[15:01:55.67] /o {6.037 2.957} {10.062 5.33}
[15:01:55.73] /# gi::executeAction deCanvasZoomOutAtPoint -in [gi::getWindows 20]
[15:01:55.73] /i de::zoom -window [gi::getWindows 20] -factor 0.5 -center {7.846 3.129}
[15:01:55.73] /o {4.228 2.786} {12.277 7.53}
[15:01:57.03] /# gi::executeAction deSelectActive -in [gi::getWindows 20]
[15:01:57.03] /i de::deselectAll [db::getNext [de::getContexts -window 20]]
[15:01:57.03] /i de::select [de::getActiveFigure [gi::getWindows 20] -point {7.538 6.577} -index 0 -intent none]
[15:01:57.03] /o oa:0x1eb411b0
[15:01:57.45] /# gi::executeAction leCopy -in [gi::getWindows 20]
[15:01:57.45] /i ile::copy
[15:01:58.06] /# gi::executeAction deAbortCommand -in [gi::getWindows 20]
[15:01:58.06] /i de::abortCommand -context [db::getNext [de::getContexts -window 20]]
[15:01:58.37] /# gi::executeAction deSelectActive -in [gi::getWindows 20]
[15:01:58.37] /i de::cycleActiveFigure [gi::getWindows 20] -direction next
[15:01:58.37] /o oa:0x27ea2740
[15:02:01.04] /# gi::executeAction leAutoRotate90 -in [gi::getWindows 20]
[15:02:01.04] /i ::le::_impl::autoRotate ile::autoRotate90 R90 {4.233 5.711}
[15:02:02.18] /# gi::executeAction leStartStretchDrag -in [gi::getWindows 20]
[15:02:02.18] /i layout_editor::directStretch [de::getActiveFigure [gi::getWindows 20] -point {7.584 6.885} -index 0 -intent none] 20
[15:02:02.19] /# ile::stretch -point {7.585 6.885}
[15:02:02.84] /# gi::executeAction deEndDrag -in [gi::getWindows 20]
[15:02:02.84] /i de::endDrag {7.215 3.483} -context [db::getNext [de::getContexts -window 20]]
[15:02:04.02] /# gi::executeAction deSelectActive -in [gi::getWindows 20]
[15:02:04.02] /i de::deselectAll [db::getNext [de::getContexts -window 20]]
[15:02:04.02] /i de::deselectAllLogic -context [db::getNext [de::getContexts -window 20]]
[15:02:04.24] /# gi::executeAction deCanvasZoomInAtPoint -in [gi::getWindows 20]
[15:02:04.24] /i de::zoom -window [gi::getWindows 20] -factor 2.0 -center {7.287 3.544}
[15:02:04.24] /o {5.757 3.165} {9.782 5.537}
[15:02:04.66] /# gi::executeAction leStretch -in [gi::getWindows 20]
[15:02:04.66] /i ile::stretch
[15:02:05.27] /# gi::executeAction deAddPoint -in [gi::getWindows 20]
[15:02:05.27] /i de::addPoint {7.512 3.739} -context [db::getNext [de::getContexts -window 20]]
[15:02:05.70] /# gi::executeAction deAddPoint -in [gi::getWindows 20]
[15:02:05.70] /i de::addPoint {7.466 3.178} -context [db::getNext [de::getContexts -window 20]]
[15:02:05.75] /# gi::executeAction deAbortCommand -in [gi::getWindows 20]
[15:02:05.75] /i de::abortCommand -context [db::getNext [de::getContexts -window 20]]
[15:02:06.07] /# gi::executeAction deCanvasZoomOutAtPoint -in [gi::getWindows 20]
[15:02:06.07] /i de::zoom -window [gi::getWindows 20] -factor 0.5 -center {7.356 3.59}
[15:02:06.07] /o {4.159 2.74} {12.208 7.484}
[15:02:06.14] /# gi::executeAction deCanvasZoomOutAtPoint -in [gi::getWindows 20]
[15:02:06.14] /i de::zoom -window [gi::getWindows 20] -factor 0.5 -center {7.346 3.59}
[15:02:06.14] /o {0.972 1.89} {17.07 11.378}
[15:02:06.33] /# gi::executeAction deFitView -in [gi::getWindows 20]
[15:02:06.33] /i de::fit -window 20 -fitView true
[15:02:06.33] /o {3.79 2.301} {12.735 7.574}
[15:02:06.97] /# gi::executeAction deSelectActive -in [gi::getWindows 20]
[15:02:06.97] /i de::deselectAll [db::getNext [de::getContexts -window 20]]
[15:02:06.97] /i de::select [de::getActiveFigure [gi::getWindows 20] -point {7.531 2.854} -index 0 -intent none]
[15:02:06.97] /o oa:0x26f15880
[15:02:07.42] /# gi::executeAction leStartStretchDrag -in [gi::getWindows 20]
[15:02:07.42] /i layout_editor::directStretch [de::getActiveFigure [gi::getWindows 20] -point {7.548 2.837} -index 0 -intent none] 20
[15:02:07.42] /# ile::stretch -point {7.55 2.835}
[15:02:07.81] /# gi::executeAction deEndDrag -in [gi::getWindows 20]
[15:02:07.81] /i de::endDrag {7.981 2.785} -context [db::getNext [de::getContexts -window 20]]
[15:02:07.97] /# gi::executeAction deCanvasZoomInAtPoint -in [gi::getWindows 20]
[15:02:07.97] /i de::zoom -window [gi::getWindows 20] -factor 2.0 -center {7.998 2.785}
[15:02:07.97] /o {5.894 2.543} {10.366 5.179}
[15:02:08.08] /# gi::executeAction deCanvasZoomInAtPoint -in [gi::getWindows 20]
[15:02:08.08] /i de::zoom -window [gi::getWindows 20] -factor 2.0 -center {7.998 2.785}
[15:02:08.08] /o {6.946 2.664} {9.182 3.982}
[15:02:08.57] /# gi::executeAction leStartStretchDrag -in [gi::getWindows 20]
[15:02:08.57] /i layout_editor::directStretch [de::getActiveFigure [gi::getWindows 20] -point {7.994 2.794} -index 0 -intent none] 20
[15:02:08.57] /# ile::stretch -point {7.995 2.795}
[15:02:09.41] /# gi::executeAction deEndDrag -in [gi::getWindows 20]
[15:02:09.41] /i de::endDrag {8.026 2.794} -context [db::getNext [de::getContexts -window 20]]
[15:02:09.75] /# gi::executeAction leStartStretchDrag -in [gi::getWindows 20]
[15:02:09.75] /i layout_editor::directStretch [de::getActiveFigure [gi::getWindows 20] -point {8.019 2.798} -index 0 -intent none] 20
[15:02:09.75] /# ile::stretch -point {8.02 2.8}
[15:02:11.47] /# gi::executeAction deEndDrag -in [gi::getWindows 20]
[15:02:11.47] /i de::endDrag {8.066 3.417} -context [db::getNext [de::getContexts -window 20]]
[15:02:12.55] /# gi::executeAction leStartStretchDrag -in [gi::getWindows 20]
[15:02:12.55] /i layout_editor::directStretch [de::getActiveFigure [gi::getWindows 20] -point {8.005 3.333} -index 0 -intent none] 20
[15:02:12.55] /# ile::stretch -point {8.005 3.335}
[15:02:13.49] /# gi::executeAction deEndDrag -in [gi::getWindows 20]
[15:02:13.49] /i de::endDrag {8.011 3.333} -context [db::getNext [de::getContexts -window 20]]
[15:02:13.78] /# gi::executeAction deCanvasZoomInAtPoint -in [gi::getWindows 20]
[15:02:13.78] /i de::zoom -window [gi::getWindows 20] -factor 2.0 -center {7.975 3.771}
[15:02:13.78] /o {7.461 3.218} {8.579 3.877}
[15:02:13.96] /# gi::executeAction deCanvasZoomInAtPoint -in [gi::getWindows 20]
[15:02:13.96] /i de::zoom -window [gi::getWindows 20] -factor 2.0 -center {7.975 3.771}
[15:02:13.96] /o {7.718 3.494} {8.277 3.824}
[15:02:14.16] /# gi::executeAction deCanvasZoomOutAtPoint -in [gi::getWindows 20]
[15:02:14.16] /i de::zoom -window [gi::getWindows 20] -factor 0.5 -center {7.975 3.77}
[15:02:14.16] /o {7.461 3.219} {8.579 3.878}
[15:02:14.18] /# gi::executeAction deCanvasZoomOutAtPoint -in [gi::getWindows 20]
[15:02:14.18] /i de::zoom -window [gi::getWindows 20] -factor 0.5 -center {7.975 3.768}
[15:02:14.19] /o {6.946 2.669} {9.182 3.987}
[15:02:14.23] /# gi::executeAction deCanvasZoomOutAtPoint -in [gi::getWindows 20]
[15:02:14.23] /i de::zoom -window [gi::getWindows 20] -factor 0.5 -center {7.975 3.739}
[15:02:14.23] /o {5.917 1.599} {10.389 4.235}
[15:02:14.57] /i gi::executeAction deCanvasDragCancel -in [gi::getWindows 20]
[15:02:14.73] /# gi::executeAction deSelectActive -in [gi::getWindows 20]
[15:02:14.73] /i de::deselectAll [db::getNext [de::getContexts -window 20]]
[15:02:14.73] /i de::deselectAllLogic -context [db::getNext [de::getContexts -window 20]]
[15:02:14.90] /# gi::executeAction deCanvasZoomInAtPoint -in [gi::getWindows 20]
[15:02:14.90] /i de::zoom -window [gi::getWindows 20] -factor 2.0 -center {7.961 2.943}
[15:02:14.90] /o {6.939 2.271} {9.175 3.589}
[15:02:14.94] /# gi::executeAction deCanvasZoomInAtPoint -in [gi::getWindows 20]
[15:02:14.94] /i de::zoom -window [gi::getWindows 20] -factor 2.0 -center {7.961 2.944}
[15:02:14.94] /o {7.45 2.608} {8.568 3.267}
[15:02:15.36] /# gi::executeAction leStretch -in [gi::getWindows 20]
[15:02:15.36] /i ile::stretch
[15:02:16.03] /# gi::executeAction deAddPoint -in [gi::getWindows 20]
[15:02:16.03] /i de::addPoint {8.008 3.179} -context [db::getNext [de::getContexts -window 20]]
[15:02:16.89] /# gi::executeAction deAddPoint -in [gi::getWindows 20]
[15:02:16.89] /i de::addPoint {7.999 3.061} -context [db::getNext [de::getContexts -window 20]]
[15:02:17.07] /# gi::executeAction deFitView -in [gi::getWindows 20]
[15:02:17.07] /i de::fit -window 20 -fitView true
[15:02:17.07] /o {4.238 2.803} {12.287 7.547}
[15:02:17.86] /# gi::executeAction deCanvasZoomInAtPoint -in [gi::getWindows 20]
[15:02:17.86] /i de::zoom -window [gi::getWindows 20] -factor 2.0 -center {6.303 3.136}
[15:02:17.86] /o {5.27 2.969} {9.295 5.342}
[15:02:18.04] /# gi::executeAction deCanvasZoomInAtPoint -in [gi::getWindows 20]
[15:02:18.04] /i de::zoom -window [gi::getWindows 20] -factor 2.0 -center {6.48 3.097}
[15:02:18.04] /o {5.875 3.033} {7.888 4.219}
[15:02:18.16] /# gi::executeAction deCanvasZoomInAtPoint -in [gi::getWindows 20]
[15:02:18.16] /i de::zoom -window [gi::getWindows 20] -factor 2.0 -center {6.507 3.097}
[15:02:18.16] /o {6.191 3.065} {7.197 3.658}
[15:02:18.78] /# gi::executeAction deFitView -in [gi::getWindows 20]
[15:02:18.78] /i de::fit -window 20 -fitView true
[15:02:18.78] /o {4.238 2.803} {12.287 7.547}
[15:02:19.27] /# gi::executeAction deCanvasZoomInAtPoint -in [gi::getWindows 20]
[15:02:19.27] /i de::zoom -window [gi::getWindows 20] -factor 2.0 -center {6.395 2.828}
[15:02:19.27] /o {5.316 2.815} {9.341 5.188}
[15:02:19.38] /# gi::executeAction deCanvasZoomInAtPoint -in [gi::getWindows 20]
[15:02:19.38] /i de::zoom -window [gi::getWindows 20] -factor 2.0 -center {6.503 2.897}
[15:02:19.38] /o {5.91 2.856} {7.922 4.042}
[15:02:20.02] /# gi::executeAction leStretch -in [gi::getWindows 20]
[15:02:20.02] /i ile::stretch
[15:02:20.77] /# gi::executeAction deAddPoint -in [gi::getWindows 20]
[15:02:20.77] /i de::addPoint {6.545 3.112} -context [db::getNext [de::getContexts -window 20]]
[15:02:21.18] /# gi::executeAction deCanvasZoomInAtPoint -in [gi::getWindows 20]
[15:02:21.18] /i de::zoom -window [gi::getWindows 20] -factor 2.0 -center {6.626 3.105}
[15:02:21.18] /o {6.268 2.981} {7.274 3.574}
[15:02:21.93] /# gi::executeAction deAddPoint -in [gi::getWindows 20]
[15:02:21.93] /i de::addPoint {6.634 3.104} -context [db::getNext [de::getContexts -window 20]]
[15:02:22.14] /# gi::executeAction deAbortCommand -in [gi::getWindows 20]
[15:02:22.14] /i de::abortCommand -context [db::getNext [de::getContexts -window 20]]
[15:02:22.65] /# gi::executeAction leStretch -in [gi::getWindows 20]
[15:02:22.65] /i ile::stretch
[15:02:23.08] /# gi::executeAction deAddPoint -in [gi::getWindows 20]
[15:02:23.08] /i de::addPoint {6.662 3.038} -context [db::getNext [de::getContexts -window 20]]
[15:02:24.28] /# gi::executeAction deAddPoint -in [gi::getWindows 20]
[15:02:24.28] /i de::addPoint {6.666 3.059} -context [db::getNext [de::getContexts -window 20]]
[15:02:24.35] /# gi::executeAction deFitView -in [gi::getWindows 20]
[15:02:24.35] /i de::fit -window 20 -fitView true
[15:02:24.35] /o {4.257 2.824} {12.268 7.546}
[15:02:25.27] /# gi::executeAction deCanvasZoomInAtPoint -in [gi::getWindows 20]
[15:02:25.27] /i de::zoom -window [gi::getWindows 20] -factor 2.0 -center {6.511 7.48}
[15:02:25.27] /o {5.384 5.152} {9.39 7.513}
[15:02:25.36] /# gi::executeAction deCanvasZoomInAtPoint -in [gi::getWindows 20]
[15:02:25.36] /i de::zoom -window [gi::getWindows 20] -factor 2.0 -center {6.519 7.419}
[15:02:25.36] /o {5.951 6.285} {7.954 7.466}
[15:02:25.72] /# gi::executeAction leStretch -in [gi::getWindows 20]
[15:02:25.72] /i ile::stretch
[15:02:26.32] /# gi::executeAction deAddPoint -in [gi::getWindows 20]
[15:02:26.32] /i de::addPoint {6.546 7.071} -context [db::getNext [de::getContexts -window 20]]
[15:02:27.34] /# gi::executeAction deAddPoint -in [gi::getWindows 20]
[15:02:27.34] /i de::addPoint {6.632 7.063} -context [db::getNext [de::getContexts -window 20]]
[15:02:27.50] /# gi::executeAction deAbortCommand -in [gi::getWindows 20]
[15:02:27.50] /i de::abortCommand -context [db::getNext [de::getContexts -window 20]]
[15:02:28.24] /# gi::executeAction leStretch -in [gi::getWindows 20]
[15:02:28.24] /i ile::stretch
[15:02:28.55] /# gi::executeAction deAddPoint -in [gi::getWindows 20]
[15:02:28.55] /i de::addPoint {6.682 7.308} -context [db::getNext [de::getContexts -window 20]]
[15:02:30.11] /# gi::executeAction deAddPoint -in [gi::getWindows 20]
[15:02:30.11] /i de::addPoint {6.676 7.118} -context [db::getNext [de::getContexts -window 20]]
[15:02:30.38] /# gi::executeAction deCanvasZoomInAtPoint -in [gi::getWindows 20]
[15:02:30.38] /i de::zoom -window [gi::getWindows 20] -factor 2.0 -center {6.567 7.078}
[15:02:30.38] /o {6.259 6.682} {7.261 7.272}
[15:02:30.91] /# gi::executeAction leStretch -in [gi::getWindows 20]
[15:02:30.91] /i ile::stretch
[15:02:31.75] /# gi::executeAction deAddPoint -in [gi::getWindows 20]
[15:02:31.75] /i de::addPoint {6.63 7.076} -context [db::getNext [de::getContexts -window 20]]
[15:02:32.39] /# gi::executeAction deAddPoint -in [gi::getWindows 20]
[15:02:32.39] /i de::addPoint {6.634 7.076} -context [db::getNext [de::getContexts -window 20]]
[15:02:32.95] /# gi::executeAction leStretch -in [gi::getWindows 20]
[15:02:32.95] /i ile::stretch
[15:02:33.24] /# gi::executeAction deAddPoint -in [gi::getWindows 20]
[15:02:33.24] /i de::addPoint {6.658 7.118} -context [db::getNext [de::getContexts -window 20]]
[15:02:33.82] /# gi::executeAction deAddPoint -in [gi::getWindows 20]
[15:02:33.82] /i de::addPoint {6.66 7.109} -context [db::getNext [de::getContexts -window 20]]
[15:02:33.97] /# gi::executeAction deFitView -in [gi::getWindows 20]
[15:02:33.97] /i de::fit -window 20 -fitView true
[15:02:33.97] /o {4.344 2.826} {12.271 7.499}
[15:02:34.73] /# gi::executeAction deCanvasZoomInAtPoint -in [gi::getWindows 20]
[15:02:34.73] /i de::zoom -window [gi::getWindows 20] -factor 2.0 -center {9.687 7.039}
[15:02:34.73] /o {7.016 4.933} {10.979 7.269}
[15:02:35.22] /# gi::executeAction deFitView -in [gi::getWindows 20]
[15:02:35.22] /i de::fit -window 20 -fitView true
[15:02:35.22] /o {4.344 2.826} {12.271 7.499}
[15:02:35.71] /# gi::executeAction deCanvasZoomInAtPoint -in [gi::getWindows 20]
[15:02:35.72] /i de::zoom -window [gi::getWindows 20] -factor 2.0 -center {9.178 7.236}
[15:02:35.72] /o {6.761 5.031} {10.724 7.367}
[15:02:36.16] /# gi::executeAction leStretch -in [gi::getWindows 20]
[15:02:36.16] /i ile::stretch
[15:02:36.54] /# gi::executeAction deAddPoint -in [gi::getWindows 20]
[15:02:36.54] /i de::addPoint {9.193 7.259} -context [db::getNext [de::getContexts -window 20]]
[15:02:36.94] /# gi::executeAction deCanvasZoomInAtPoint -in [gi::getWindows 20]
[15:02:36.94] /i de::zoom -window [gi::getWindows 20] -factor 2.0 -center {9.193 7.168}
[15:02:36.94] /o {7.977 6.1} {9.959 7.268}
[15:02:37.05] /# gi::executeAction deCanvasZoomInAtPoint -in [gi::getWindows 20]
[15:02:37.05] /i de::zoom -window [gi::getWindows 20] -factor 2.0 -center {9.189 7.16}
[15:02:37.05] /o {8.583 6.63} {9.574 7.214}
[15:02:38.89] /# gi::executeAction deAddPoint -in [gi::getWindows 20]
[15:02:38.89] /i de::addPoint {9.182 7.107} -context [db::getNext [de::getContexts -window 20]]
[15:02:39.00] /# gi::executeAction deFitView -in [gi::getWindows 20]
[15:02:39.00] /i de::fit -window 20 -fitView true
[15:02:39.00] /o {4.49 2.835} {12.125 7.335}
[15:02:39.77] /# gi::executeAction leStretch -in [gi::getWindows 20]
[15:02:39.77] /i ile::stretch
[15:02:40.57] /# gi::executeAction deAddPoint -in [gi::getWindows 20]
[15:02:40.57] /i de::addPoint {9.948 7.053} -context [db::getNext [de::getContexts -window 20]]
[15:02:40.95] /# gi::executeAction deCanvasZoomInAtPoint -in [gi::getWindows 20]
[15:02:40.95] /i de::zoom -window [gi::getWindows 20] -factor 2.0 -center {9.044 7.053}
[15:02:40.95] /o {6.767 4.944} {10.584 7.194}
[15:02:41.65] /# gi::executeAction deCanvasZoomInAtPoint -in [gi::getWindows 20]
[15:02:41.65] /i de::zoom -window [gi::getWindows 20] -factor 2.0 -center {9.204 7.017}
[15:02:41.65] /o {7.986 5.981} {9.894 7.106}
[15:02:43.25] /# gi::executeAction deAddPoint -in [gi::getWindows 20]
[15:02:43.25] /i de::addPoint {9.226 7.017} -context [db::getNext [de::getContexts -window 20]]
[15:02:44.21] /i gi::executeAction deSaveDesign -in [gi::getWindows 20]
[15:02:44.21] /m Information: Saving design 'new_dff D_latch layout'. (DESIGN_WINDOW-004)
[15:02:44.59] /# gi::executeAction deFitView -in [gi::getWindows 20]
[15:02:44.59] /i de::fit -window 20 -fitView true
[15:02:44.59] /o {4.49 2.835} {12.125 7.335}
[15:02:45.91] /# gi::executeAction xtDRCRun -in [gi::getWindows 20]
[15:02:45.91] /i xt::physicalVerification::executeRun drc 20
[15:02:46.01] /# xt::physicalVerification::executePve drc 20
[15:02:46.87] /r giWindowId 36
[15:02:46.88] /r giWindowGeometry 800x600
[15:02:47.87] /m Information: 
              /c =============================
              /c JobID: hercules_drc_37
              /c --- ERROR SUMMARY -----------
              /c 1.6: P gate to Contact spacing >= 0.08
              /c  EXTERNAL pdiff_cont pgate { } (100) .................... 1 violation found.
              /c 7.65: Minimum spacing from Polysilicon to Contact >= 0.08
              /c  EXTERNAL POLS CONTS { } (102) .......................... 1 violation found.
              /c =============================
              /c 
[15:02:48.15] /j ::xt::hercules::vue::_private::registerConnection localhost:39372 tcp85 herculesVue_5 
[15:02:48.16] /m Information: Connection established with 'Hercules-VUE' running on 'localhost'.
[15:02:48.20] /j ::xt::hercules::vue::_private::isJobReady 
[15:02:48.20] /o true
[15:02:48.23] /j ::xt::hercules::vue::startFilter LAY 
[15:02:48.40] /j ::xt::hercules::vue::setInlibPath /home/itsupport/Desktop/lab1vlsi/. 
[15:02:48.42] /j ::xt::hercules::vue::setTopLayLCV new_dff D_latch layout 
[15:02:48.44] /j ::xt::hercules::vue::openCell new_dff D_latch layout 
[15:02:56.91] /j ::xt::hercules::vue::clearAllHighlights D_latch layout 
[15:02:56.93] /j ::xt::hercules::vue::clearAllHighlights D_latch layout 
[15:02:57.06] /m Information: Connection closed with 'Hercules-VUE' running on 'localhost'.
[15:02:57.86] /i gi::executeAction giCloseWindow -in [gi::getWindows 36]
[15:02:57.87] /i gi::setActiveWindow 20
[15:02:57.87] /i gi::setActiveWindow 20 -raise true
[15:02:58.49] /# gi::executeAction deCanvasZoomInAtPoint -in [gi::getWindows 20]
[15:02:58.49] /i de::zoom -window [gi::getWindows 20] -factor 2.0 -center {7.294 3.656}
[15:02:58.49] /o {5.892 3.246} {9.709 5.496}
[15:02:58.64] /# gi::executeAction deCanvasZoomInAtPoint -in [gi::getWindows 20]
[15:02:58.64] /i de::zoom -window [gi::getWindows 20] -factor 2.0 -center {7.345 3.678}
[15:02:58.64] /o {6.619 3.462} {8.527 4.587}
[15:02:59.17] /# gi::executeAction deCanvasZoomOutAtPoint -in [gi::getWindows 20]
[15:02:59.17] /i de::zoom -window [gi::getWindows 20] -factor 0.5 -center {7.833 3.773}
[15:02:59.17] /o {5.404 3.151} {9.221 5.401}
[15:03:07.74] /# gi::executeAction deAddPoint -in [gi::getWindows 20]
[15:03:07.74] /i de::addPoint {9.093 4.006} -context [db::getNext [de::getContexts -window 20]]
[15:03:08.03] /# gi::executeAction deAddPoint -in [gi::getWindows 20]
[15:03:08.03] /i de::addPoint {9.088 3.962} -context [db::getNext [de::getContexts -window 20]]
[15:03:08.41] /# gi::executeAction deAbortCommand -in [gi::getWindows 20]
[15:03:08.41] /i de::abortCommand -context [db::getNext [de::getContexts -window 20]]
[15:03:10.32] /i de::undoTransaction -design [db::getAttr editDesign -of [de::getContexts -window 20]] -steps 1
[15:03:10.73] /# gi::executeAction deFitView -in [gi::getWindows 20]
[15:03:10.73] /i de::fit -window 20 -fitView true
[15:03:10.73] /o {4.49 2.835} {12.125 7.335}
[15:03:12.26] /# gi::executeAction deCanvasZoomInAtPoint -in [gi::getWindows 20]
[15:03:12.26] /i de::zoom -window [gi::getWindows 20] -factor 2.0 -center {8.038 6.898}
[15:03:12.26] /o {6.264 4.867} {10.081 7.117}
[15:03:12.37] /# gi::executeAction deCanvasZoomInAtPoint -in [gi::getWindows 20]
[15:03:12.37] /i de::zoom -window [gi::getWindows 20] -factor 2.0 -center {8.035 6.895}
[15:03:12.37] /o {7.15 5.881} {9.058 7.006}
[15:03:14.07] /# gi::executeAction deSelectActive -in [gi::getWindows 20]
[15:03:14.07] /i de::deselectAll [db::getNext [de::getContexts -window 20]]
[15:03:14.07] /i de::select [de::getActiveFigure [gi::getWindows 20] -point {8.104 6.695} -index 0 -intent none]
[15:03:14.07] /o oa:0x26abc8b0
[15:03:14.63] /# gi::executeAction leStartStretchDrag -in [gi::getWindows 20]
[15:03:14.63] /i layout_editor::directStretch [de::getActiveFigure [gi::getWindows 20] -point {8.104 6.695} -index 0 -intent none] 20
[15:03:14.63] /# ile::stretch -point {8.105 6.695}
[15:03:16.02] /# gi::executeAction deEndDrag -in [gi::getWindows 20]
[15:03:16.02] /i de::endDrag {8.108 6.695} -context [db::getNext [de::getContexts -window 20]]
[15:03:16.38] /# gi::executeAction deFitView -in [gi::getWindows 20]
[15:03:16.38] /i de::fit -window 20 -fitView true
[15:03:16.38] /o {4.49 2.835} {12.125 7.335}
[15:03:17.38] /# gi::executeAction deCanvasZoomInAtPoint -in [gi::getWindows 20]
[15:03:17.38] /i de::zoom -window [gi::getWindows 20] -factor 2.0 -center {8.213 6.927}
[15:03:17.38] /o {6.352 4.881} {10.169 7.131}
[15:03:17.45] /# gi::executeAction deCanvasZoomInAtPoint -in [gi::getWindows 20]
[15:03:17.45] /i de::zoom -window [gi::getWindows 20] -factor 2.0 -center {8.213 6.927}
[15:03:17.45] /o {7.282 5.904} {9.191 7.029}
[15:03:17.78] /# gi::executeAction deSelectActive -in [gi::getWindows 20]
[15:03:17.78] /i de::deselectAll [db::getNext [de::getContexts -window 20]]
[15:03:17.79] /i de::deselectAllLogic -context [db::getNext [de::getContexts -window 20]]
[15:03:18.21] /# gi::executeAction leStretch -in [gi::getWindows 20]
[15:03:18.21] /i ile::stretch
[15:03:18.81] /# gi::executeAction deAddPoint -in [gi::getWindows 20]
[15:03:18.81] /i de::addPoint {8.1 6.827} -context [db::getNext [de::getContexts -window 20]]
[15:03:20.27] /# gi::executeAction deAddPoint -in [gi::getWindows 20]
[15:03:20.27] /i de::addPoint {8.104 6.598} -context [db::getNext [de::getContexts -window 20]]
[15:03:20.48] /# gi::executeAction deCanvasZoomOutAtPoint -in [gi::getWindows 20]
[15:03:20.48] /i de::zoom -window [gi::getWindows 20] -factor 0.5 -center {8.264 6.65}
[15:03:20.48] /o {6.301 5.158} {10.118 7.408}
[15:03:20.50] /# gi::executeAction deCanvasZoomOutAtPoint -in [gi::getWindows 20]
[15:03:20.50] /i de::zoom -window [gi::getWindows 20] -factor 0.5 -center {8.269 6.65}
[15:03:20.50] /o {4.332 3.666} {11.967 8.166}
[15:03:20.70] /# gi::executeAction deFitView -in [gi::getWindows 20]
[15:03:20.70] /i de::fit -window 20 -fitView true
[15:03:20.70] /o {4.49 2.835} {12.125 7.335}
[15:03:21.80] /# gi::executeAction deCanvasZoomInAtPoint -in [gi::getWindows 20]
[15:03:21.80] /i de::zoom -window [gi::getWindows 20] -factor 2.0 -center {9.262 6.883}
[15:03:21.80] /o {6.876 4.859} {10.693 7.109}
[15:03:22.53] /# gi::executeAction deCanvasZoomInAtPoint -in [gi::getWindows 20]
[15:03:22.53] /i de::zoom -window [gi::getWindows 20] -factor 2.0 -center {9.158 6.016}
[15:03:22.54] /o {8.017 5.438} {9.926 6.563}
[15:03:23.05] /# gi::executeAction deFitView -in [gi::getWindows 20]
[15:03:23.05] /i de::fit -window 20 -fitView true
[15:03:23.05] /o {4.49 2.835} {12.125 7.335}
[15:03:23.64] /# gi::executeAction deCanvasZoomInAtPoint -in [gi::getWindows 20]
[15:03:23.64] /i de::zoom -window [gi::getWindows 20] -factor 2.0 -center {8.718 3.671}
[15:03:23.64] /o {6.604 3.253} {10.421 5.503}
[15:03:23.77] /# gi::executeAction deCanvasZoomInAtPoint -in [gi::getWindows 20]
[15:03:23.77] /i de::zoom -window [gi::getWindows 20] -factor 2.0 -center {8.725 3.664}
[15:03:23.77] /o {7.665 3.459} {9.573 4.584}
[15:03:26.20] /# gi::executeAction deCanvasZoomInAtPoint -in [gi::getWindows 20]
[15:03:26.20] /i de::zoom -window [gi::getWindows 20] -factor 2.0 -center {8.854 4.083}
[15:03:26.21] /o {8.259 3.771} {9.214 4.333}
[15:03:26.28] /# gi::executeAction deCanvasZoomInAtPoint -in [gi::getWindows 20]
[15:03:26.28] /i de::zoom -window [gi::getWindows 20] -factor 2.0 -center {8.854 4.083}
[15:03:26.28] /o {8.557 3.927} {9.034 4.208}
[15:03:26.44] /# gi::executeAction leStretch -in [gi::getWindows 20]
[15:03:26.44] /i ile::stretch
[15:03:27.11] /# gi::executeAction deAddPoint -in [gi::getWindows 20]
[15:03:27.11] /i de::addPoint {8.856 4.079} -context [db::getNext [de::getContexts -window 20]]
[15:03:27.37] /# gi::executeAction deCanvasZoomOutAtPoint -in [gi::getWindows 20]
[15:03:27.37] /i de::zoom -window [gi::getWindows 20] -factor 0.5 -center {8.853 4.092}
[15:03:27.37] /o {8.26 3.762} {9.215 4.324}
[15:03:28.75] /# gi::executeAction deAddPoint -in [gi::getWindows 20]
[15:03:28.75] /i de::addPoint {8.85 4.234} -context [db::getNext [de::getContexts -window 20]]
[15:03:28.99] /# gi::executeAction deCanvasZoomOutAtPoint -in [gi::getWindows 20]
[15:03:28.99] /i de::zoom -window [gi::getWindows 20] -factor 0.5 -center {8.789 4.213}
[15:03:28.99] /o {7.732 3.311} {9.64 4.436}
[15:03:29.02] /# gi::executeAction deCanvasZoomOutAtPoint -in [gi::getWindows 20]
[15:03:29.03] /i de::zoom -window [gi::getWindows 20] -factor 0.5 -center {8.786 4.212}
[15:03:29.03] /o {6.677 2.409} {10.494 4.659}
[15:03:29.50] /# gi::executeAction deAddPoint -in [gi::getWindows 20]
[15:03:29.50] /i de::addPoint {8.684 4.146} -context [db::getNext [de::getContexts -window 20]]
[15:03:29.96] /# gi::executeAction deStartDrag -in [gi::getWindows 20]
[15:03:29.96] /i de::startDrag {8.684 4.146} -context [db::getNext [de::getContexts -window 20]]
[15:03:30.34] /# gi::executeAction deEndDrag -in [gi::getWindows 20]
[15:03:30.34] /i de::endDrag {8.689 4.299} -context [db::getNext [de::getContexts -window 20]]
[15:03:30.59] /# gi::executeAction deAddPoint -in [gi::getWindows 20]
[15:03:30.59] /i de::addPoint {8.713 4.205} -context [db::getNext [de::getContexts -window 20]]
[15:03:30.98] /# gi::executeAction deAddPoint -in [gi::getWindows 20]
[15:03:30.98] /i de::addPoint {8.713 4.19} -context [db::getNext [de::getContexts -window 20]]
[15:03:31.21] /# gi::executeAction deAbortCommand -in [gi::getWindows 20]
[15:03:31.21] /i de::abortCommand -context [db::getNext [de::getContexts -window 20]]
[15:03:31.94] /# gi::executeAction deSelectActive -in [gi::getWindows 20]
[15:03:31.94] /i de::deselectAll [db::getNext [de::getContexts -window 20]]
[15:03:31.94] /i de::select [de::getActiveFigure [gi::getWindows 20] -point {8.713 4.178} -index 0 -intent none]
[15:03:31.94] /o oa:0x28bc9ee0
[15:03:32.46] /# gi::executeAction leStartStretchDrag -in [gi::getWindows 20]
[15:03:32.46] /i layout_editor::directStretch [de::getActiveFigure [gi::getWindows 20] -point {8.713 4.178} -index 0 -intent none] 20
[15:03:32.46] /# ile::stretch -point {8.715 4.18}
[15:03:34.14] /# gi::executeAction deEndDrag -in [gi::getWindows 20]
[15:03:34.14] /i de::endDrag {8.764 4.331} -context [db::getNext [de::getContexts -window 20]]
[15:03:34.62] /# gi::executeAction deSelectActive -in [gi::getWindows 20]
[15:03:34.62] /i de::deselectAll [db::getNext [de::getContexts -window 20]]
[15:03:34.62] /i de::deselectAllLogic -context [db::getNext [de::getContexts -window 20]]
[15:03:35.20] /# gi::executeAction leStretch -in [gi::getWindows 20]
[15:03:35.20] /i ile::stretch
[15:03:35.55] /# gi::executeAction deAddPoint -in [gi::getWindows 20]
[15:03:35.55] /i de::addPoint {8.568 4.09} -context [db::getNext [de::getContexts -window 20]]
[15:03:36.65] /# gi::executeAction deAddPoint -in [gi::getWindows 20]
[15:03:36.65] /i de::addPoint {8.568 4.226} -context [db::getNext [de::getContexts -window 20]]
[15:03:36.85] /# gi::executeAction leStretch -in [gi::getWindows 20]
[15:03:36.85] /i ile::stretch
[15:03:37.07] /# gi::executeAction deCanvasZoomInAtPoint -in [gi::getWindows 20]
[15:03:37.07] /i de::zoom -window [gi::getWindows 20] -factor 2.0 -center {8.808 4.241}
[15:03:37.07] /o {7.743 3.325} {9.651 4.45}
[15:03:37.14] /# gi::executeAction deCanvasZoomInAtPoint -in [gi::getWindows 20]
[15:03:37.14] /i de::zoom -window [gi::getWindows 20] -factor 2.0 -center {8.81 4.241}
[15:03:37.14] /o {8.276 3.783} {9.231 4.346}
[15:03:37.72] /# gi::executeAction deAddPoint -in [gi::getWindows 20]
[15:03:37.72] /i de::addPoint {8.841 4.234} -context [db::getNext [de::getContexts -window 20]]
[15:03:37.93] /# gi::executeAction deCanvasZoomOutAtPoint -in [gi::getWindows 20]
[15:03:37.93] /i de::zoom -window [gi::getWindows 20] -factor 0.5 -center {8.844 4.246}
[15:03:37.93] /o {7.709 3.32} {9.617 4.445}
[15:03:39.38] /# gi::executeAction deAddPoint -in [gi::getWindows 20]
[15:03:39.38] /i de::addPoint {8.858 4.371} -context [db::getNext [de::getContexts -window 20]]
[15:03:39.51] /# gi::executeAction deFitView -in [gi::getWindows 20]
[15:03:39.51] /i de::fit -window 20 -fitView true
[15:03:39.51] /o {4.49 2.835} {12.125 7.335}
[15:03:40.84] /# gi::executeAction deCanvasZoomInAtPoint -in [gi::getWindows 20]
[15:03:40.84] /i de::zoom -window [gi::getWindows 20] -factor 2.0 -center {8.242 3.034}
[15:03:40.84] /o {6.366 2.934} {10.183 5.184}
[15:03:40.99] /# gi::executeAction deCanvasZoomInAtPoint -in [gi::getWindows 20]
[15:03:40.99] /i de::zoom -window [gi::getWindows 20] -factor 2.0 -center {8.235 3.032}
[15:03:40.99] /o {7.301 2.983} {9.209 4.108}
[15:03:43.40] /# gi::executeAction leStretch -in [gi::getWindows 20]
[15:03:43.40] /i ile::stretch
[15:03:43.64] /# gi::executeAction deCanvasZoomInAtPoint -in [gi::getWindows 20]
[15:03:43.64] /i de::zoom -window [gi::getWindows 20] -factor 2.0 -center {8.016 3.805}
[15:03:43.64] /o {7.658 3.394} {8.613 3.957}
[15:03:43.71] /# gi::executeAction deCanvasZoomInAtPoint -in [gi::getWindows 20]
[15:03:43.71] /i de::zoom -window [gi::getWindows 20] -factor 2.0 -center {8.016 3.805}
[15:03:43.71] /o {7.837 3.6} {8.314 3.881}
[15:03:44.51] /# gi::executeAction deAddPoint -in [gi::getWindows 20]
[15:03:44.51] /i de::addPoint {8.022 3.799} -context [db::getNext [de::getContexts -window 20]]
[15:03:50.90] /w Warning: Disabled optimizations for high-performance drags due to poor X server performance. To restore, review "Performance Tuning" in the documentation and call db::setPrefValue deEnableRuntimePixmaps -value true (RENDERER-005)
[15:03:51.20] /# gi::executeAction deAbortCommand -in [gi::getWindows 20]
[15:03:51.20] /i de::abortCommand -context [db::getNext [de::getContexts -window 20]]
[15:03:51.27] /# gi::executeAction deSelectActive -in [gi::getWindows 20]
[15:03:51.27] /i de::deselectAll [db::getNext [de::getContexts -window 20]]
[15:03:51.27] /i de::select [de::getActiveFigure [gi::getWindows 20] -point {8.017 3.77} -index 0 -intent none]
[15:03:51.27] /o oa:0x26af44c0
[15:03:51.27] /# gi::executeAction deCanvasZoomOutAtPoint -in [gi::getWindows 20]
[15:03:51.27] /i de::zoom -window [gi::getWindows 20] -factor 0.5 -center {8.017 3.77}
[15:03:51.27] /o {7.657 3.429} {8.612 3.992}
[15:03:51.27] /# gi::executeAction deCanvasZoomOutAtPoint -in [gi::getWindows 20]
[15:03:51.27] /i de::zoom -window [gi::getWindows 20] -factor 0.5 -center {8.017 3.769}
[15:03:51.27] /o {7.298 3.089} {9.206 4.214}
[15:03:51.27] /# gi::executeAction deCanvasZoomOutAtPoint -in [gi::getWindows 20]
[15:03:51.27] /i de::zoom -window [gi::getWindows 20] -factor 0.5 -center {8.017 3.768}
[15:03:51.27] /o {6.578 2.411} {10.395 4.661}
[15:03:51.27] /# gi::executeAction deCanvasZoomOutAtPoint -in [gi::getWindows 20]
[15:03:51.28] /i de::zoom -window [gi::getWindows 20] -factor 0.5 -center {8.017 3.769}
[15:03:51.28] /o {5.139 1.052} {12.774 5.552}
[15:03:51.28] /# gi::executeAction deCanvasZoomOutAtPoint -in [gi::getWindows 20]
[15:03:51.28] /i de::zoom -window [gi::getWindows 20] -factor 0.5 -center {8.016 3.769}
[15:03:51.28] /o {2.263 -1.665} {17.531 7.335}
[15:03:51.28] /# gi::executeAction deCanvasZoomOutAtPoint -in [gi::getWindows 20]
[15:03:51.28] /i de::zoom -window [gi::getWindows 20] -factor 0.5 -center {8.016 3.768}
[15:03:51.28] /o {-3.491 -7.098} {27.047 10.902}
[15:03:51.28] /# gi::executeAction deCanvasZoomOutAtPoint -in [gi::getWindows 20]
[15:03:51.28] /i de::zoom -window [gi::getWindows 20] -factor 0.5 -center {8.017 3.768}
[15:03:51.28] /o {-14.999 -17.964} {46.077 18.036}
[15:03:51.28] /# gi::executeAction deSelectActive -in [gi::getWindows 20]
[15:03:51.28] /i de::deselectAll [db::getNext [de::getContexts -window 20]]
[15:03:51.28] /i de::deselectAllLogic -context [db::getNext [de::getContexts -window 20]]
[15:03:51.29] /# gi::executeAction deCanvasZoomOutAtPoint -in [gi::getWindows 20]
[15:03:51.29] /i de::zoom -window [gi::getWindows 20] -factor 0.5 -center {9.649 9.716}
[15:03:51.29] /o {-39.647 -45.644} {82.505 26.356}
[15:03:51.29] /# gi::executeAction deCanvasZoomOutAtPoint -in [gi::getWindows 20]
[15:03:51.29] /i de::zoom -window [gi::getWindows 20] -factor 0.5 -center {5.684 6.684}
[15:03:51.29] /o {-84.977 -97.972} {159.325 46.028}
[15:03:51.29] /# gi::executeAction deCanvasZoomOutAtPoint -in [gi::getWindows 20]
[15:03:51.29] /i de::zoom -window [gi::getWindows 20] -factor 0.5 -center {5.684 6.685}
[15:03:51.30] /o {-175.638 -202.629} {312.966 85.371}
[15:03:51.30] /# gi::executeAction deFitView -in [gi::getWindows 20]
[15:03:51.30] /i de::fit -window 20 -fitView true
[15:03:51.30] /o {4.49 2.835} {12.125 7.335}
[15:03:51.30] /# gi::executeAction deCanvasZoomOutAtPoint -in [gi::getWindows 20]
[15:03:51.30] /i de::zoom -window [gi::getWindows 20] -factor 0.5 -center {7.323 6.106}
[15:03:51.30] /o {1.658 -0.436} {16.926 8.564}
[15:03:51.30] /# gi::executeAction deCanvasZoomOutAtPoint -in [gi::getWindows 20]
[15:03:51.30] /i de::zoom -window [gi::getWindows 20] -factor 0.5 -center {7.324 6.105}
[15:03:51.30] /o {-4.009 -6.977} {26.529 11.023}
[15:04:01.03] /# gi::executeAction deCanvasZoomOutAtPoint -in [gi::getWindows 20]
[15:04:01.03] /i de::zoom -window [gi::getWindows 20] -factor 0.5 -center {17.918 -2.992}
[15:04:01.03] /o {-25.936 -10.962} {35.14 25.038}
[15:04:01.07] /# gi::executeAction deCanvasZoomOutAtPoint -in [gi::getWindows 20]
[15:04:01.07] /i de::zoom -window [gi::getWindows 20] -factor 0.5 -center {17.917 -2.992}
[15:04:01.07] /o {-69.789 -18.932} {52.363 53.068}
[15:04:01.08] /# gi::executeAction deCanvasZoomOutAtPoint -in [gi::getWindows 20]
[15:04:01.08] /i de::zoom -window [gi::getWindows 20] -factor 0.5 -center {17.918 -2.992}
[15:04:01.08] /o {-157.495 -34.872} {86.807 109.128}
[15:04:01.08] /# gi::executeAction deCanvasZoomOutAtPoint -in [gi::getWindows 20]
[15:04:01.08] /i de::zoom -window [gi::getWindows 20] -factor 0.5 -center {17.917 -2.993}
[15:04:01.09] /o {-332.907 -66.751} {155.697 221.249}
[15:04:01.11] /# gi::executeAction deCanvasZoomOutAtPoint -in [gi::getWindows 20]
[15:04:01.11] /i de::zoom -window [gi::getWindows 20] -factor 0.5 -center {17.918 -2.993}
[15:04:01.11] /o {-683.733 -130.509} {293.477 445.491}
[15:04:01.46] /# gi::executeAction deCanvasZoomInAtPoint -in [gi::getWindows 20]
[15:04:01.46] /i de::zoom -window [gi::getWindows 20] -factor 2.0 -center {-64.191 79.115}
[15:04:01.46] /o {-373.962 -25.697} {114.643 262.303}
[15:04:01.51] /# gi::executeAction deCanvasZoomInAtPoint -in [gi::getWindows 20]
[15:04:01.51] /i de::zoom -window [gi::getWindows 20] -factor 2.0 -center {-46.463 68.852}
[15:04:01.51] /o {-210.212 21.578} {34.09 165.578}
[15:04:02.32] /# gi::executeAction deFitView -in [gi::getWindows 20]
[15:04:02.32] /i de::fit -window 20 -fitView true
[15:04:02.32] /o {4.49 2.835} {12.125 7.335}
[15:04:05.17] /# gi::executeAction xtDRCRun -in [gi::getWindows 20]
[15:04:05.17] /i xt::physicalVerification::executeRun drc 20
[15:04:05.26] /# xt::physicalVerification::executePve drc 20
[15:04:06.14] /r giWindowId 37
[15:04:06.16] /r giWindowGeometry 800x600
[15:04:07.16] /m Information: 
              /c =============================
              /c JobID: hercules_drc_38
              /c --- ERROR SUMMARY -----------
              /c 1.6: P gate to Contact spacing >= 0.08
              /c  EXTERNAL pdiff_cont pgate { } (100) .................... 1 violation found.
              /c 7.65: Minimum spacing from Polysilicon to Contact >= 0.08
              /c  EXTERNAL POLS CONTS { } (102) .......................... 1 violation found.
              /c =============================
              /c 
[15:04:07.45] /j ::xt::hercules::vue::_private::registerConnection localhost:57676 tcp91 herculesVue_6 
[15:04:07.46] /m Information: Connection established with 'Hercules-VUE' running on 'localhost'.
[15:04:07.51] /j ::xt::hercules::vue::_private::isJobReady 
[15:04:07.51] /o true
[15:04:07.53] /j ::xt::hercules::vue::startFilter LAY 
[15:04:07.65] /j ::xt::hercules::vue::setInlibPath /home/itsupport/Desktop/lab1vlsi/. 
[15:04:07.65] /j ::xt::hercules::vue::setTopLayLCV new_dff D_latch layout 
[15:04:07.65] /j ::xt::hercules::vue::openCell new_dff D_latch layout 
[15:04:09.36] /j ::xt::hercules::vue::clearAllHighlights D_latch layout 
[15:04:09.95] /j ::xt::hercules::vue::clearAllHighlights D_latch layout 
[15:04:09.95] /j ::xt::hercules::vue::clearAllHighlights D_latch layout 
[15:04:09.95] /j ::xt::hercules::vue::openCell new_dff D_latch layout 
[15:04:10.51] /j ::xt::hercules::vue::clearAllHighlights D_latch layout 
[15:04:10.53] /j ::xt::hercules::vue::clearAllHighlights D_latch layout 
[15:04:10.55] /j ::xt::hercules::vue::setHighlightProperty D_latch layout yellow brick 
[15:04:10.55] /j ::xt::hercules::vue::addPolygonBegin 4 
[15:04:10.61] /j ::xt::hercules::vue::addPolygonPoints {7.950 6.005 7.950 6.095 8.025 6.095 8.025 6.005 7.950 6.005} 
[15:04:10.61] /j ::xt::hercules::vue::addPolygonEnd 
[15:04:10.61] /j ::xt::hercules::vue::setViewPort extents {7.941 5.994 8.034 6.106} LAY 
[15:04:10.63] /j ::xt::hercules::vue::addErrorDescription {"Distance: 0.075"} 
[15:04:10.65] /j ::xt::hercules::vue::drawHighlights D_latch layout all 
[15:04:11.83] /j ::xt::hercules::vue::clearAllHighlights D_latch layout 
[15:04:11.86] /j ::xt::hercules::vue::clearAllHighlights D_latch layout 
[15:04:11.86] /j ::xt::hercules::vue::setHighlightProperty D_latch layout yellow brick 
[15:04:11.86] /j ::xt::hercules::vue::addPolygonBegin 4 
[15:04:11.91] /j ::xt::hercules::vue::addPolygonPoints {7.950 6.005 7.950 6.095 8.025 6.095 8.025 6.005 7.950 6.005} 
[15:04:11.91] /j ::xt::hercules::vue::addPolygonEnd 
[15:04:11.91] /j ::xt::hercules::vue::setViewPort extents {7.941 5.994 8.034 6.106} LAY 
[15:04:11.93] /j ::xt::hercules::vue::addErrorDescription {"Distance: 0.075"} 
[15:04:11.95] /j ::xt::hercules::vue::drawHighlights D_latch layout all 
[15:04:12.29] /j ::xt::hercules::vue::clearAllHighlights D_latch layout 
[15:04:12.31] /j ::xt::hercules::vue::clearAllHighlights D_latch layout 
[15:04:12.33] /j ::xt::hercules::vue::setHighlightProperty D_latch layout yellow brick 
[15:04:12.35] /j ::xt::hercules::vue::addPolygonBegin 4 
[15:04:12.39] /j ::xt::hercules::vue::addPolygonPoints {7.950 6.005 7.950 6.095 8.025 6.095 8.025 6.005 7.950 6.005} 
[15:04:12.39] /j ::xt::hercules::vue::addPolygonEnd 
[15:04:12.39] /j ::xt::hercules::vue::setViewPort extents {7.941 5.994 8.034 6.106} LAY 
[15:04:12.41] /j ::xt::hercules::vue::addErrorDescription {"Distance: 0.075"} 
[15:04:12.43] /j ::xt::hercules::vue::drawHighlights D_latch layout all 
[15:04:13.42] /i gi::setActiveWindow 37
[15:04:13.42] /i gi::setActiveWindow 37 -raise true
[15:04:13.50] /i gi::setActiveWindow 20
[15:04:13.50] /i gi::setActiveWindow 20 -raise true
[15:04:14.24] /# gi::executeAction deCanvasZoomOutAtPoint -in [gi::getWindows 20]
[15:04:14.24] /i de::zoom -window [gi::getWindows 20] -factor 0.5 -center {7.995 6.09}
[15:04:14.24] /o {7.79 5.898} {8.17 6.122}
[15:04:14.30] /# gi::executeAction deCanvasZoomOutAtPoint -in [gi::getWindows 20]
[15:04:14.30] /i de::zoom -window [gi::getWindows 20] -factor 0.5 -center {7.994 6.086}
[15:04:14.30] /o {7.586 5.71} {8.346 6.158}
[15:04:15.19] /# gi::executeAction deFitView -in [gi::getWindows 20]
[15:04:15.19] /i de::fit -window 20 -fitView true
[15:04:15.19] /o {4.49 2.835} {12.125 7.335}
[15:04:16.32] /# gi::executeAction deCanvasZoomInAtPoint -in [gi::getWindows 20]
[15:04:16.32] /i de::zoom -window [gi::getWindows 20] -factor 2.0 -center {7.979 3.496}
[15:04:16.32] /o {6.235 3.166} {10.052 5.416}
[15:04:16.49] /# gi::executeAction deCanvasZoomInAtPoint -in [gi::getWindows 20]
[15:04:16.49] /i de::zoom -window [gi::getWindows 20] -factor 2.0 -center {7.977 3.496}
[15:04:16.49] /o {7.106 3.331} {9.014 4.456}
[15:04:17.02] /i gi::executeAction deCanvasDragCancel -in [gi::getWindows 20]
[15:04:17.29] /# gi::executeAction deCanvasZoomInAtPoint -in [gi::getWindows 20]
[15:04:17.29] /i de::zoom -window [gi::getWindows 20] -factor 2.0 -center {7.993 3.427}
[15:04:17.29] /o {7.549 3.379} {8.504 3.941}
[15:04:17.66] /# gi::executeAction deFitView -in [gi::getWindows 20]
[15:04:17.66] /i de::fit -window 20 -fitView true
[15:04:17.67] /o {4.49 2.835} {12.125 7.335}
[15:04:18.49] /# gi::executeAction deCanvasZoomInAtPoint -in [gi::getWindows 20]
[15:04:18.49] /i de::zoom -window [gi::getWindows 20] -factor 2.0 -center {7.994 3.384}
[15:04:18.49] /o {6.242 3.11} {10.059 5.36}
[15:04:18.59] /# gi::executeAction deCanvasZoomInAtPoint -in [gi::getWindows 20]
[15:04:18.59] /i de::zoom -window [gi::getWindows 20] -factor 2.0 -center {7.992 3.384}
[15:04:18.59] /o {7.117 3.247} {9.026 4.372}
[15:04:18.80] /i gi::executeAction deCanvasDragCancel -in [gi::getWindows 20]
[15:04:19.20] /# gi::executeAction deSelectActive -in [gi::getWindows 20]
[15:04:19.20] /i de::deselectAll [db::getNext [de::getContexts -window 20]]
[15:04:19.20] /i de::select [de::getActiveFigure [gi::getWindows 20] -point {7.997 3.343} -index 0 -intent none]
[15:04:19.20] /o oa:0x2932d570
[15:04:19.69] /# gi::executeAction leStartStretchDrag -in [gi::getWindows 20]
[15:04:19.69] /i layout_editor::directStretch [de::getActiveFigure [gi::getWindows 20] -point {7.997 3.343} -index 0 -intent none] 20
[15:04:19.69] /# ile::stretch -point {7.995 3.345}
[15:04:23.39] /# gi::executeAction deEndDrag -in [gi::getWindows 20]
[15:04:23.39] /i de::endDrag {7.993 3.339} -context [db::getNext [de::getContexts -window 20]]
[15:04:24.37] /# gi::executeAction deCanvasZoomInAtPoint -in [gi::getWindows 20]
[15:04:24.37] /i de::zoom -window [gi::getWindows 20] -factor 2.0 -center {8.004 4.079}
[15:04:24.37] /o {7.561 3.663} {8.515 4.225}
[15:04:24.45] /# gi::executeAction deCanvasZoomInAtPoint -in [gi::getWindows 20]
[15:04:24.45] /i de::zoom -window [gi::getWindows 20] -factor 2.0 -center {8.004 4.079}
[15:04:24.45] /o {7.782 3.871} {8.259 4.152}
[15:04:24.66] /# gi::executeAction deSelectActive -in [gi::getWindows 20]
[15:04:24.66] /i de::deselectAll [db::getNext [de::getContexts -window 20]]
[15:04:24.67] /i de::deselectAllLogic -context [db::getNext [de::getContexts -window 20]]
[15:04:25.13] /# gi::executeAction leStretch -in [gi::getWindows 20]
[15:04:25.13] /i ile::stretch
[15:04:25.46] /# gi::executeAction deAddPoint -in [gi::getWindows 20]
[15:04:25.46] /i de::addPoint {8.025 4.029} -context [db::getNext [de::getContexts -window 20]]
[15:04:26.02] /# gi::executeAction deAddPoint -in [gi::getWindows 20]
[15:04:26.02] /i de::addPoint {8.029 4.028} -context [db::getNext [de::getContexts -window 20]]
[15:04:26.12] /# gi::executeAction deFitView -in [gi::getWindows 20]
[15:04:26.12] /i de::fit -window 20 -fitView true
[15:04:26.12] /o {4.486 2.83} {12.129 7.335}
[15:04:26.25] /# gi::executeAction deCanvasZoomOutAtPoint -in [gi::getWindows 20]
[15:04:26.25] /i de::zoom -window [gi::getWindows 20] -factor 0.5 -center {7.653 4.834}
[15:04:26.25] /o {1.318 0.825} {16.606 9.837}
[15:04:26.33] /# gi::executeAction deCanvasZoomOutAtPoint -in [gi::getWindows 20]
[15:04:26.33] /i de::zoom -window [gi::getWindows 20] -factor 0.5 -center {7.604 4.465}
[15:04:26.33] /o {-4.968 -2.814} {25.608 15.208}
[15:04:26.68] /# gi::executeAction deCanvasZoomInAtPoint -in [gi::getWindows 20]
[15:04:26.68] /i de::zoom -window [gi::getWindows 20] -factor 2.0 -center {7.877 1.818}
[15:04:26.68] /o {1.455 -0.498} {16.742 8.513}
[15:04:26.77] /# gi::executeAction deCanvasZoomInAtPoint -in [gi::getWindows 20]
[15:04:26.77] /i de::zoom -window [gi::getWindows 20] -factor 2.0 -center {7.741 2.032}
[15:04:26.77] /o {4.598 0.767} {12.242 5.273}
[15:04:27.06] /# gi::executeAction deCanvasZoomInAtPoint -in [gi::getWindows 20]
[15:04:27.06] /i de::zoom -window [gi::getWindows 20] -factor 2.0 -center {7.902 2.864}
[15:04:27.06] /o {6.25 1.815} {10.072 4.068}
[15:04:27.29] /# gi::executeAction deFitView -in [gi::getWindows 20]
[15:04:27.29] /i de::fit -window 20 -fitView true
[15:04:27.29] /o {4.486 2.83} {12.129 7.335}
[15:04:28.10] /# gi::executeAction deCanvasZoomInAtPoint -in [gi::getWindows 20]
[15:04:28.10] /i de::zoom -window [gi::getWindows 20] -factor 2.0 -center {7.084 3.127}
[15:04:28.10] /o {5.785 2.978} {9.607 5.231}
[15:04:30.20] /i gi::executeAction deSaveDesign -in [gi::getWindows 20]
[15:04:30.20] /m Information: Saving design 'new_dff D_latch layout'. (DESIGN_WINDOW-004)
[15:04:31.04] /# gi::executeAction xtDRCRun -in [gi::getWindows 20]
[15:04:31.04] /i xt::physicalVerification::executeRun drc 20
[15:04:31.14] /# xt::physicalVerification::executePve drc 20
[15:04:32.97] /m Information: 
              /c =============================
              /c JobID: hercules_drc_39
              /c Completed with no errors.
              /c =============================
              /c 
[15:04:34.59] /i gi::executeAction giCloseWindow -in [gi::getWindows 37]
[15:04:34.61] /i gi::setActiveWindow 20
[15:04:34.61] /i gi::setActiveWindow 20 -raise true
[15:04:35.26] /# gi::executeAction deCanvasZoomOutAtPoint -in [gi::getWindows 20]
[15:04:35.26] /i de::zoom -window [gi::getWindows 20] -factor 0.5 -center {7.193 4.316}
[15:04:35.26] /o {4.377 1.641} {12.02 6.146}
[15:04:35.30] /# gi::executeAction deCanvasZoomOutAtPoint -in [gi::getWindows 20]
[15:04:35.30] /i de::zoom -window [gi::getWindows 20] -factor 0.5 -center {7.184 4.317}
[15:04:35.30] /o {1.569 -1.036} {16.857 7.976}
[15:04:36.21] /# gi::executeAction deAddPoint -in [gi::getWindows 20]
[15:04:36.21] /i de::addPoint {6.678 5.698} -context [db::getNext [de::getContexts -window 20]]
[15:04:36.58] /# gi::executeAction deAbortCommand -in [gi::getWindows 20]
[15:04:36.58] /i de::abortCommand -context [db::getNext [de::getContexts -window 20]]
[15:04:36.94] /# gi::executeAction deSelectActive -in [gi::getWindows 20]
[15:04:36.94] /i de::deselectAll [db::getNext [de::getContexts -window 20]]
[15:04:36.94] /i de::select [de::getActiveFigure [gi::getWindows 20] -point {6.678 5.698} -index 0 -intent none]
[15:04:36.94] /o oa:0x27f50ac0
[15:04:37.46] /# gi::executeAction leStartStretchDrag -in [gi::getWindows 20]
[15:04:37.46] /i layout_editor::directStretch [de::getActiveFigure [gi::getWindows 20] -point {6.678 5.698} -index 0 -intent none] 20
[15:04:37.46] /# ile::stretch -point {6.68 5.7}
[15:04:39.13] /# gi::executeAction deEndDrag -in [gi::getWindows 20]
[15:04:39.13] /i de::endDrag {7.096 5.689} -context [db::getNext [de::getContexts -window 20]]
[15:04:40.14] /i gi::executeAction deSaveDesign -in [gi::getWindows 20]
[15:04:40.14] /m Information: Saving design 'new_dff D_latch layout'. (DESIGN_WINDOW-004)
[15:04:41.68] /# gi::executeAction xtDRCRun -in [gi::getWindows 20]
[15:04:41.68] /i xt::physicalVerification::executeRun drc 20
[15:04:41.78] /# xt::physicalVerification::executePve drc 20
[15:04:42.64] /r giWindowId 38
[15:04:42.65] /r giWindowGeometry 800x600
[15:04:43.60] /m Information: 
              /c =============================
              /c JobID: hercules_drc_40
              /c Completed with no errors.
              /c =============================
              /c 
[15:04:44.88] /i gi::executeAction giCloseWindow -in [gi::getWindows 38]
[15:04:44.89] /i gi::setActiveWindow 20
[15:04:44.89] /i gi::setActiveWindow 20 -raise true
[15:04:45.32] /# gi::executeAction deCanvasZoomInAtPoint -in [gi::getWindows 20]
[15:04:45.32] /i de::zoom -window [gi::getWindows 20] -factor 2.0 -center {4.849 6.477}
[15:04:45.32] /o {3.209 2.721} {10.853 7.226}
[15:04:45.41] /# gi::executeAction deCanvasZoomInAtPoint -in [gi::getWindows 20]
[15:04:45.41] /i de::zoom -window [gi::getWindows 20] -factor 2.0 -center {5.024 6.667}
[15:04:45.41] /o {4.117 4.694} {7.938 6.947}
[15:04:45.83] /# gi::executeAction deCanvasZoomOutAtPoint -in [gi::getWindows 20]
[15:04:45.83] /i de::zoom -window [gi::getWindows 20] -factor 0.5 -center {6.007 6.684}
[15:04:45.83] /o {2.226 2.704} {9.87 7.209}
[15:04:46.05] /# gi::executeAction deFitView -in [gi::getWindows 20]
[15:04:46.05] /i de::fit -window 20 -fitView true
[15:04:46.05] /o {4.486 2.83} {12.129 7.335}
[15:04:47.41] /# gi::executeAction leStartStretchDrag -in [gi::getWindows 20]
[15:04:47.41] /i layout_editor::directStretch [de::getActiveFigure [gi::getWindows 20] -point {7.103 6.82} -index 0 -intent none] 20
[15:04:47.41] /# ile::stretch -point {7.105 6.82}
[15:04:49.82] /# gi::executeAction deEndDrag -in [gi::getWindows 20]
[15:04:49.82] /i de::endDrag {7.244 6.81} -context [db::getNext [de::getContexts -window 20]]
[15:04:50.93] /i gi::executeAction deSaveDesign -in [gi::getWindows 20]
[15:04:50.93] /m Information: Saving design 'new_dff D_latch layout'. (DESIGN_WINDOW-004)
[15:04:52.38] /# gi::executeAction xtDRCRun -in [gi::getWindows 20]
[15:04:52.38] /i xt::physicalVerification::executeRun drc 20
[15:04:52.47] /# xt::physicalVerification::executePve drc 20
[15:04:53.36] /r giWindowId 39
[15:04:53.37] /r giWindowGeometry 800x600
[15:04:54.36] /m Information: 
              /c =============================
              /c JobID: hercules_drc_41
              /c Completed with no errors.
              /c =============================
              /c 
[15:04:55.68] /i gi::executeAction giCloseWindow -in [gi::getWindows 39]
[15:04:55.69] /i gi::setActiveWindow 20
[15:04:55.69] /i gi::setActiveWindow 20 -raise true
[15:05:06.11] /i gi::setActiveWindow 23
[15:05:06.13] /i gi::setActiveWindow 23 -raise true
[15:05:07.07] /# gi::executeAction deCanvasZoomOutAtPoint -in [gi::getWindows 23]
[15:05:07.07] /i de::zoom -window [gi::getWindows 23] -factor 0.5 -center {2.2875 1.88125}
[15:05:07.07] /o {-1.85 -2.56875} {8.6625 3.225}
[15:05:07.60] /# gi::executeAction deCanvasZoomInAtPoint -in [gi::getWindows 23]
[15:05:07.60] /i de::zoom -window [gi::getWindows 23] -factor 2.0 -center {2.24375 3.15}
[15:05:07.60] /o {0.19375 0.29375} {5.45625 3.1875}
[15:05:08.99] /# gi::executeAction deFitEdit -in [gi::getWindows 23]
[15:05:08.99] /i de::fit -window 23 -fitEdit true
[15:05:08.99] /o {-2.73125 -0.475} {7.78125 5.3125}
[15:05:10.05] /# gi::executeAction deSelectActive -in [gi::getWindows 23]
[15:05:10.05] /i de::deselectAllLogic -context [db::getNext [de::getContexts -window 23]]
[15:05:13.51] /i gi::setActiveWindow 20
[15:05:13.51] /i gi::setActiveWindow 20 -raise true
[15:05:14.49] /i gi::setActiveWindow 27
[15:05:14.49] /i gi::setActiveWindow 27 -raise true
[15:05:15.65] /i gi::setActiveWindow 20
[15:05:15.65] /i gi::setActiveWindow 20 -raise true
[15:05:16.45] /i gi::setActiveWindow 2
[15:05:16.45] /i gi::setActiveWindow 2 -raise true
[15:05:18.80] /i gi::setCurrentIndex {libs} -index {parasitics} -in [gi::getWindows 2]
[15:05:18.80] /i gi::setItemSelection {libs} -index {parasitics} -in [gi::getWindows 2]
[15:05:19.07] /i gi::setCurrentIndex {libs} -index {project_d_ff} -in [gi::getWindows 2]
[15:05:19.07] /i gi::setItemSelection {cells} -index {D_latch} -in [gi::getWindows 2]
[15:05:19.07] /i gi::setItemSelection {views} -index {schematic} -in [gi::getWindows 2]
[15:05:19.07] /i gi::setItemSelection {libs} -index {project_d_ff} -in [gi::getWindows 2]
[15:05:20.10] /i gi::setCurrentIndex {cellCategories} -index {D_LATCH_SLAVE} -in [gi::getWindows 2]
[15:05:20.10] /i gi::setItemSelection {cellCategories} -index {D_LATCH_SLAVE} -in [gi::getWindows 2]
[15:05:59.70] /i gi::setActiveWindow 20
[15:05:59.70] /i gi::setActiveWindow 20 -raise true
[15:06:02.07] /i gi::executeAction deCanvasDragCancel -in [gi::getWindows 20]
[15:06:02.32] /# gi::executeAction deSelectActive -in [gi::getWindows 20]
[15:06:02.32] /i de::deselectAll [db::getNext [de::getContexts -window 20]]
[15:06:02.32] /i de::select [de::getActiveFigure [gi::getWindows 20] -point {9.667 6.221} -index 0 -intent none]
[15:06:02.32] /o oa:0x279fe6f0
[15:06:03.25] /# gi::executeAction deSelectActive -in [gi::getWindows 20]
[15:06:03.25] /i de::cycleActiveFigure [gi::getWindows 20] -direction next
[15:06:03.25] /o oa:0x27db41e0
[15:06:03.25] /i de::deselectAll [db::getNext [de::getContexts -window 20]]
[15:06:03.25] /i de::select [de::getActiveFigure [gi::getWindows 20] -point {9.726 6.148} -index 1 -intent none]
[15:06:03.25] /o oa:0x274e9940
[15:06:03.73] /i gi::executeAction deCanvasDragCancel -in [gi::getWindows 20]
[15:06:04.29] /# gi::executeAction deSelectActive -in [gi::getWindows 20]
[15:06:04.29] /i de::cycleActiveFigure [gi::getWindows 20] -direction next
[15:06:04.29] /o oa:0x204c9fd0
[15:06:04.29] /i de::cycleActiveFigure [gi::getWindows 20] -direction next
[15:06:04.29] /o oa:0x25f397f0
[15:06:06.60] /# gi::executeAction deSelectActive -in [gi::getWindows 20]
[15:06:06.60] /i de::deselectAll [db::getNext [de::getContexts -window 20]]
[15:06:06.60] /i de::select [de::getActiveFigure [gi::getWindows 20] -point {7.614 6.27} -index 0 -intent none]
[15:06:06.60] /o oa:0x27ee8510
[15:06:07.59] /# gi::executeAction deSelectActive -in [gi::getWindows 20]
[15:06:07.59] /i de::deselectAll [db::getNext [de::getContexts -window 20]]
[15:06:07.59] /i de::select [de::getActiveFigure [gi::getWindows 20] -point {9.974 5.958} -index 0 -intent none]
[15:06:07.59] /o oa:0x27c0a390
[15:06:09.42] /# gi::executeAction deSelectActive -in [gi::getWindows 20]
[15:06:09.42] /i de::deselectAll [db::getNext [de::getContexts -window 20]]
[15:06:09.42] /i de::select [de::getActiveFigure [gi::getWindows 20] -point {9.541 3.681} -index 0 -intent none]
[15:06:09.43] /o oa:0x24df5530
[15:06:17.04] /# gi::executeAction deSelectActive -in [gi::getWindows 20]
[15:06:17.04] /i de::deselectAll [db::getNext [de::getContexts -window 20]]
[15:06:17.04] /i de::select [de::getActiveFigure [gi::getWindows 20] -point {7.658 6.27} -index 0 -intent none]
[15:06:17.04] /o oa:0x2744a630
[15:06:18.82] /# gi::executeAction deSelectActive -in [gi::getWindows 20]
[15:06:18.82] /i de::deselectAll [db::getNext [de::getContexts -window 20]]
[15:06:18.82] /i de::select [de::getActiveFigure [gi::getWindows 20] -point {8.412 3.491} -index 0 -intent none]
[15:06:18.82] /o oa:0x27e7de10
[15:06:20.46] /# gi::executeAction deSelectActive -in [gi::getWindows 20]
[15:06:20.46] /i de::deselectAll [db::getNext [de::getContexts -window 20]]
[15:06:20.46] /i de::select [de::getActiveFigure [gi::getWindows 20] -point {7.541 6.299} -index 0 -intent none]
[15:06:20.46] /o oa:0x1fe53950
[15:06:22.79] /i gi::setActiveWindow 23
[15:06:22.79] /i gi::setActiveWindow 23 -raise true
[15:06:26.60] /# gi::executeAction deCanvasZoomInAtPoint -in [gi::getWindows 23]
[15:06:26.60] /i de::zoom -window [gi::getWindows 23] -factor 2.0 -center {2.5375 0.86875}
[15:06:26.60] /o {-0.1 0.19375} {5.1625 3.09375}
[15:06:27.10] /# gi::executeAction deCanvasZoomInAtPoint -in [gi::getWindows 23]
[15:06:27.10] /i de::zoom -window [gi::getWindows 23] -factor 2.0 -center {2.4875 1.4125}
[15:06:27.10] /o {1.19375 0.80625} {3.825 2.25}
[15:06:27.79] /# gi::executeAction deCanvasZoomOutAtPoint -in [gi::getWindows 23]
[15:06:27.79] /i de::zoom -window [gi::getWindows 23] -factor 0.5 -center {2.58125 1.31875}
[15:06:27.79] /o {-0.19375 0.2875} {5.06875 3.1875}
[15:06:29.14] /# gi::executeAction deSelectActive -in [gi::getWindows 23]
[15:06:29.14] /i de::deselectAll [db::getNext [de::getContexts -window 23]]
[15:06:29.14] /i de::select [de::getActiveFigure [gi::getWindows 23] -point {2.60625 1.625} -index 0 -intent none]
[15:06:29.14] /o oa:0x27f9d7d0
[15:06:30.25] /i gi::setItemSelection {parameters} -index {w,all} -in [gi::getAssistants dePropertyEditor -from [gi::getWindows 23]]
[15:06:30.25] /i gi::setCurrentIndex {parameters} -index {w,Value} -in [gi::getAssistants dePropertyEditor -from [gi::getWindows 23]]
[15:06:31.65] /i gi::setField {parameters} -value {0.22u} -index {w,Value} -in [gi::getAssistants dePropertyEditor -from [gi::getWindows 23]]
[15:06:31.65] /i gi::executeAction dePropertyEditorApplyChanges -in [gi::getAssistants dePropertyEditor -from [gi::getWindows 23]]
[15:06:33.28] /i gi::setActiveWindow 20
[15:06:33.28] /i gi::setActiveWindow 20 -raise true
[15:06:34.19] /# gi::executeAction deSelectActive -in [gi::getWindows 20]
[15:06:34.19] /i de::cycleActiveFigure [gi::getWindows 20] -direction next
[15:06:34.19] /o oa:0x249b3d70
[15:06:34.19] /i de::cycleActiveFigure [gi::getWindows 20] -direction next
[15:06:34.19] /o oa:0x26b2d330
[15:06:34.19] /i de::deselectAll [db::getNext [de::getContexts -window 20]]
[15:06:34.19] /i de::select [de::getActiveFigure [gi::getWindows 20] -point {8.446 6.386} -index 2 -intent none]
[15:06:34.19] /o oa:0x1f426830
[15:06:34.96] /# gi::executeAction deSelectActive -in [gi::getWindows 20]
[15:06:34.96] /i de::cycleActiveFigure [gi::getWindows 20] -direction next
[15:06:34.97] /o oa:0x27e20890
[15:06:34.97] /i de::deselectAll [db::getNext [de::getContexts -window 20]]
[15:06:34.97] /i de::select [de::getActiveFigure [gi::getWindows 20] -point {7.687 6.367} -index 1 -intent none]
[15:06:34.97] /o oa:0x27d6ca80
[15:06:36.26] /i gi::setItemSelection {parameters} -index {w,all} -in [gi::getAssistants dePropertyEditor -from [gi::getWindows 20]]
[15:06:36.26] /i gi::setCurrentIndex {parameters} -index {w,Value} -in [gi::getAssistants dePropertyEditor -from [gi::getWindows 20]]
[15:06:37.74] /i gi::setField {parameters} -value {0.2u} -index {w,Value} -in [gi::getAssistants dePropertyEditor -from [gi::getWindows 20]]
[15:06:37.74] /i gi::executeAction dePropertyEditorApplyChanges -in [gi::getAssistants dePropertyEditor -from [gi::getWindows 20]]
[15:06:41.80] /i gi::setActiveWindow 28
[15:06:41.80] /i gi::setActiveWindow 28 -raise true
[15:06:42.27] /i gi::setActiveWindow 27
[15:06:42.27] /i gi::setActiveWindow 27 -raise true
[15:06:43.55] /i gi::setActiveWindow 28
[15:06:43.55] /i gi::setActiveWindow 28 -raise true
[15:06:44.04] /i gi::setActiveWindow 23
[15:06:44.04] /i gi::setActiveWindow 23 -raise true
[15:06:46.64] /i gi::setField {parameters} -value {0.2u} -index {w,Value} -in [gi::getAssistants dePropertyEditor -from [gi::getWindows 23]]
[15:06:46.64] /i gi::executeAction dePropertyEditorApplyChanges -in [gi::getAssistants dePropertyEditor -from [gi::getWindows 23]]
[15:06:47.48] /i gi::setActiveWindow 20
[15:06:47.48] /i gi::setActiveWindow 20 -raise true
[15:06:47.63] /i gi::setActiveWindow 23
[15:06:47.63] /i gi::setActiveWindow 23 -raise true
[15:06:47.80] /i gi::addWindow 20 -to 1 -side top
[15:06:47.81] /i gi::setActiveWindow 20
[15:06:47.81] /i gi::setActiveWindow 20 -raise true
[15:06:50.27] /i gi::executeAction deSaveDesign -in [gi::getWindows 20]
[15:06:50.27] /m Information: Saving design 'new_dff D_latch layout'. (DESIGN_WINDOW-004)
[15:06:51.78] /# gi::executeAction dePropertyEditorToggle -in [gi::getWindows 20]
[15:06:51.78] /i db::setAttr shown -of [gi::getAssistants dePropertyEditor -from [gi::getWindows 20]] -value false
[15:06:52.34] /# gi::executeAction xtDRCRun -in [gi::getWindows 20]
[15:06:52.34] /i xt::physicalVerification::executeRun drc 20
[15:06:52.43] /# xt::physicalVerification::executePve drc 20
[15:06:53.29] /r giWindowId 40
[15:06:53.30] /r giWindowGeometry 800x600
[15:06:54.57] /m Information: 
              /c =============================
              /c JobID: hercules_drc_42
              /c Completed with no errors.
              /c =============================
              /c 
[15:06:58.70] /i gi::executeAction giCloseWindow -in [gi::getWindows 40]
[15:06:58.71] /i gi::setActiveWindow 20
[15:06:58.71] /i gi::setActiveWindow 20 -raise true
[15:07:00.79] /j ::xt::hercules::vue::clearAllHighlights D_latch layout 
[15:07:00.91] /j ::xt::hercules::vue::setInlibPath /home/itsupport/Desktop/lab1vlsi/. 
[15:07:00.93] /j ::xt::hercules::vue::setTopLayLCV new_dff D_latch layout 
[15:07:00.95] /j ::xt::hercules::vue::openCell new_dff D_latch layout 
[15:07:02.15] /j ::xt::hercules::vue::clearAllHighlights D_latch layout 
[15:07:02.26] /m Information: Connection closed with 'Hercules-VUE' running on 'localhost'.
[15:07:04.29] /j ::xt::hercules::vue::clearAllHighlights D_latch layout 
[15:07:04.39] /j ::xt::hercules::vue::setInlibPath /home/itsupport/Desktop/lab1vlsi/. 
[15:07:04.41] /j ::xt::hercules::vue::setTopLayLCV new_dff D_latch layout 
[15:07:04.43] /j ::xt::hercules::vue::openCell new_dff D_latch layout 
[15:07:05.25] /j ::xt::hercules::vue::clearAllHighlights D_latch layout 
[15:07:05.36] /m Information: Connection closed with 'Hercules-VUE' running on 'localhost'.
[15:08:01.44] /# gi::executeAction deCanvasZoomInAtPoint -in [gi::getWindows 20]
[15:08:01.44] /i de::zoom -window [gi::getWindows 20] -factor 2.0 -center {7.731 4.82}
[15:08:01.44] /o {6.108 3.825} {10.65 6.078}
[15:08:03.44] /i gi::executeAction deCanvasDragCancel -in [gi::getWindows 20]
[15:08:04.93] /# gi::executeAction deSelectActive -in [gi::getWindows 20]
[15:08:04.93] /i de::deselectAll [db::getNext [de::getContexts -window 20]]
[15:08:04.93] /i de::select [de::getActiveFigure [gi::getWindows 20] -point {7.497 5.28} -index 0 -intent none]
[15:08:04.93] /o oa:0x19d62890
[15:08:05.56] /# gi::executeAction leStartStretchDrag -in [gi::getWindows 20]
[15:08:05.56] /i layout_editor::directStretch [de::getActiveFigure [gi::getWindows 20] -point {7.49 5.28} -index 0 -intent none] 20
[15:08:05.56] /# ile::stretch -point {7.49 5.28}
[15:08:08.02] /# gi::executeAction deEndDrag -in [gi::getWindows 20]
[15:08:08.02] /i de::endDrag {7.488 5.282} -context [db::getNext [de::getContexts -window 20]]
[15:08:28.20] /# gi::executeAction deCanvasZoomInAtPoint -in [gi::getWindows 20]
[15:08:28.20] /i de::zoom -window [gi::getWindows 20] -factor 2.0 -center {7.432 5.632}
[15:08:28.21] /o {6.77 4.728} {9.041 5.855}
[15:08:28.99] /# gi::executeAction deSelectActive -in [gi::getWindows 20]
[15:08:28.99] /i de::deselectAll [db::getNext [de::getContexts -window 20]]
[15:08:28.99] /i de::deselectAllLogic -context [db::getNext [de::getContexts -window 20]]
[15:08:30.20] /# gi::executeAction deSelectActive -in [gi::getWindows 20]
[15:08:30.20] /i de::deselectAll [db::getNext [de::getContexts -window 20]]
[15:08:30.20] /i de::select [de::getActiveFigure [gi::getWindows 20] -point {7.493 5.379} -index 0 -intent none]
[15:08:30.20] /o oa:0x2613fb60
[15:08:30.97] /# gi::executeAction deSelectActive -in [gi::getWindows 20]
[15:08:30.97] /i de::deselectAll [db::getNext [de::getContexts -window 20]]
[15:08:30.97] /i de::deselectAllLogic -context [db::getNext [de::getContexts -window 20]]
[15:08:31.14] /# gi::executeAction deFitView -in [gi::getWindows 20]
[15:08:31.14] /i de::fit -window 20 -fitView true
[15:08:31.14] /o {3.765 2.83} {12.85 7.335}
[15:08:32.97] /# gi::executeAction deCanvasZoomInAtPoint -in [gi::getWindows 20]
[15:08:32.97] /i de::zoom -window [gi::getWindows 20] -factor 2.0 -center {8.529 4.153}
[15:08:32.97] /o {6.147 3.491} {10.689 5.744}
[15:08:33.86] /# gi::executeAction deCanvasZoomOutAtPoint -in [gi::getWindows 20]
[15:08:33.86] /i de::zoom -window [gi::getWindows 20] -factor 0.5 -center {8.427 4.175}
[15:08:33.86] /o {3.867 2.808} {12.952 7.313}
[15:08:44.43] /# gi::executeAction leRectangle -in [gi::getWindows 20]
[15:08:44.43] /i ile::createRectangle
[15:08:47.01] /# gi::executeAction leRectangle -in [gi::getWindows 20]
[15:08:47.01] /i ile::createRectangle
[15:09:00.79] /i de::setActiveLPP [de::getLPPs "m4 drawing" -from [db::getAttr editDesign -of [de::getContexts -window 20]]]
[15:09:01.42] /# gi::executeAction deCanvasZoomInAtPoint -in [gi::getWindows 20]
[15:09:01.42] /i de::zoom -window [gi::getWindows 20] -factor 2.0 -center {7.886 5.031}
[15:09:01.42] /o {5.877 3.919} {10.419 6.172}
[15:09:01.49] /# gi::executeAction deCanvasZoomInAtPoint -in [gi::getWindows 20]
[15:09:01.49] /i de::zoom -window [gi::getWindows 20] -factor 2.0 -center {7.886 5.031}
[15:09:01.49] /o {6.881 4.475} {9.152 5.602}
[15:09:02.47] /# gi::executeAction deCanvasZoomInAtPoint -in [gi::getWindows 20]
[15:09:02.47] /i de::zoom -window [gi::getWindows 20] -factor 2.0 -center {7.419 5.058}
[15:09:02.47] /o {7.15 4.767} {8.286 5.33}
[15:09:03.49] /# gi::executeAction deAddPoint -in [gi::getWindows 20]
[15:09:03.49] /i de::addPoint {7.406 5.065} -context [db::getNext [de::getContexts -window 20]]
[15:09:05.27] /# gi::executeAction deAddPoint -in [gi::getWindows 20]
[15:09:05.27] /i de::addPoint {7.803 4.877} -context [db::getNext [de::getContexts -window 20]]
[15:09:05.69] /# gi::executeAction deAbortCommand -in [gi::getWindows 20]
[15:09:05.69] /i de::abortCommand -context [db::getNext [de::getContexts -window 20]]
[15:09:06.00] /# gi::executeAction deSelectActive -in [gi::getWindows 20]
[15:09:06.00] /i de::deselectAll [db::getNext [de::getContexts -window 20]]
[15:09:06.00] /i de::select [de::getActiveFigure [gi::getWindows 20] -point {7.746 4.925} -index 0 -intent none]
[15:09:06.00] /o oa:0x2497f420
[15:09:06.56] /i gi::executeAction deCanvasDragCancel -in [gi::getWindows 20]
[15:09:07.00] /# gi::executeAction deSelectActive -in [gi::getWindows 20]
[15:09:07.01] /i de::cycleActiveFigure [gi::getWindows 20] -direction next
[15:09:07.01] /o oa:0x27c4a170
[15:09:07.43] /# gi::executeAction deSelectActive -in [gi::getWindows 20]
[15:09:07.43] /i de::cycleActiveFigure [gi::getWindows 20] -direction next
[15:09:07.43] /o oa:0x2774bab0
[15:09:07.61] /i gi::executeAction dePropertyEditorToggleExtended -in [gi::getWindows 20]
[15:09:07.61] /# db::setAttr shown -of [gi::getAssistants dePropertyEditor -from [gi::getWindows 20]] -value true
[15:09:08.51] /i gi::setItemSelection {attributes} -index {height,all} -in [gi::getAssistants dePropertyEditor -from [gi::getWindows 20]]
[15:09:08.51] /i gi::setCurrentIndex {attributes} -index {height,Value} -in [gi::getAssistants dePropertyEditor -from [gi::getWindows 20]]
[15:09:09.38] /i gi::setField {attributes} -value {0.15} -index {height,Value} -in [gi::getAssistants dePropertyEditor -from [gi::getWindows 20]]
[15:09:09.38] /i gi::executeAction dePropertyEditorApplyChanges -in [gi::getAssistants dePropertyEditor -from [gi::getWindows 20]]
[15:09:10.82] /# gi::executeAction leVia -in [gi::getWindows 20]
[15:09:10.82] /i ile::createVia
[15:09:10.84] /o oa:0x247ea590
[15:09:11.60] /# gi::executeAction deAddPoint -in [gi::getWindows 20]
[15:09:11.60] /i de::addPoint {7.503 4.951} -context [db::getNext [de::getContexts -window 20]]
[15:09:12.51] /i gi::executeAction deSaveDesign -in [gi::getWindows 20]
[15:09:12.51] /m Information: Saving design 'new_dff D_latch layout'. (DESIGN_WINDOW-004)
[15:09:12.97] /# gi::executeAction deCanvasZoomOutAtPoint -in [gi::getWindows 20]
[15:09:12.97] /i de::zoom -window [gi::getWindows 20] -factor 0.5 -center {7.22 5.282}
[15:09:12.97] /o {7.08 4.251} {8.991 5.378}
[15:09:15.64] /# gi::executeAction xtDRCRun -in [gi::getWindows 20]
[15:09:15.64] /i xt::physicalVerification::executeRun drc 20
[15:09:15.74] /# xt::physicalVerification::executePve drc 20
[15:09:16.66] /r giWindowId 41
[15:09:16.67] /r giWindowGeometry 800x600
[15:09:17.46] /m Information: 
              /c =============================
              /c JobID: hercules_drc_43
              /c Completed with no errors.
              /c =============================
              /c 
[15:09:18.86] /i gi::executeAction giCloseWindow -in [gi::getWindows 41]
[15:09:18.87] /i gi::setActiveWindow 20
[15:09:18.87] /i gi::setActiveWindow 20 -raise true
[15:09:19.10] /# gi::executeAction deFitView -in [gi::getWindows 20]
[15:09:19.10] /i de::fit -window 20 -fitView true
[15:09:19.10] /o {4.486 2.83} {12.129 7.335}
[15:11:35.99] /# gi::executeAction deCanvasZoomInAtPoint -in [gi::getWindows 20]
[15:11:35.99] /i de::zoom -window [gi::getWindows 20] -factor 2.0 -center {7.716 5.126}
[15:11:35.99] /o {6.101 3.978} {9.923 6.231}
[15:11:36.06] /# gi::executeAction deCanvasZoomInAtPoint -in [gi::getWindows 20]
[15:11:36.07] /i de::zoom -window [gi::getWindows 20] -factor 2.0 -center {7.716 5.126}
[15:11:36.07] /o {6.908 4.552} {8.819 5.678}
[15:11:37.00] /# gi::executeAction deCanvasZoomOutAtPoint -in [gi::getWindows 20]
[15:11:37.00] /i de::zoom -window [gi::getWindows 20] -factor 0.5 -center {7.788 4.962}
[15:11:37.00] /o {6.029 4.142} {9.851 6.395}
[15:11:37.09] /# gi::executeAction deCanvasZoomOutAtPoint -in [gi::getWindows 20]
[15:11:37.09] /i de::zoom -window [gi::getWindows 20] -factor 0.5 -center {7.788 4.962}
[15:11:37.09] /o {4.27 3.322} {11.913 7.827}
[15:11:38.81] /i gi::setActiveWindow 28
[15:11:38.81] /i gi::setActiveWindow 28 -raise true
[15:11:39.32] /i gi::setActiveWindow 27
[15:11:39.32] /i gi::setActiveWindow 27 -raise true
[15:11:42.86] /i gi::setActiveWindow 23
[15:11:42.86] /i gi::setActiveWindow 23 -raise true
[15:11:43.59] /# gi::executeAction deCanvasZoomOutAtPoint -in [gi::getWindows 23]
[15:11:43.59] /i de::zoom -window [gi::getWindows 23] -factor 0.5 -center {3.5625 2.34375}
[15:11:43.59] /o {-3.94375 -1.7625} {6.56875 4.025}
[15:11:44.51] /# gi::executeAction deFitEdit -in [gi::getWindows 23]
[15:11:44.51] /i de::fit -window 23 -fitEdit true
[15:11:44.51] /o {-2.73125 -0.475} {7.78125 5.3125}
[15:11:48.22] /i gi::setActiveWindow 2
[15:11:48.22] /i gi::setActiveWindow 2 -raise true
[15:11:50.59] /i gi::setCurrentIndex {cellCategories} -index {All} -in [gi::getWindows 2]
[15:11:50.59] /i gi::setItemSelection {cellCategories} -index {All} -in [gi::getWindows 2]
[15:11:50.99] /i gi::setCurrentIndex {cellCategories} -index {D_FF} -in [gi::getWindows 2]
[15:11:50.99] /i gi::setItemSelection {cellCategories} -index {D_FF} -in [gi::getWindows 2]
[15:11:51.78] /i gi::setCurrentIndex {cellCategories} -index {D_LATCH_SLAVE} -in [gi::getWindows 2]
[15:11:51.78] /i gi::setItemSelection {cellCategories} -index {D_LATCH_SLAVE} -in [gi::getWindows 2]
[15:11:52.09] /i gi::setCurrentIndex {cellCategories} -index {INV} -in [gi::getWindows 2]
[15:11:52.09] /i gi::setItemSelection {cellCategories} -index {INV} -in [gi::getWindows 2]
[15:11:52.69] /i gi::setCurrentIndex {cells} -index {inv_out} -in [gi::getWindows 2]
[15:11:52.69] /i gi::setItemSelection {cells} -index {inv_out} -in [gi::getWindows 2]
[15:11:54.97] /i gi::setCurrentIndex {cells} -index {inv_store} -in [gi::getWindows 2]
[15:11:54.98] /i gi::setItemSelection {cells} -index {inv_store} -in [gi::getWindows 2]
[15:11:56.43] /i gi::setCurrentIndex {views} -index {schematic} -in [gi::getWindows 2]
[15:11:56.44] /i gi::setItemSelection {views} -index {schematic} -in [gi::getWindows 2]
[15:11:57.32] /i gi::setCurrentIndex {views} -index {layout} -in [gi::getWindows 2]
[15:11:57.32] /i gi::setItemSelection {views} -index {layout} -in [gi::getWindows 2]
[15:11:57.46] /i gi::executeAction dmOpen -in [gi::getWindows 2]
[15:11:57.51] /r giWindowId 42
[15:11:57.52] /r giWindowGeometry 1632x1020
[15:11:57.55] /# de::setActiveLPP [de::getLPPs "exclude blockage" -from [db::getAttr editDesign -of [de::getContexts -window 42]]]
[15:12:00.00] /i gi::setField {stopLevel} -value {2} -in [gi::getToolbars {leHierarchy} -from [gi::getWindows 42]]
[15:12:00.50] /# gi::executeAction deSelectActive -in [gi::getWindows 42]
[15:12:00.50] /i de::deselectAllLogic -context [db::getNext [de::getContexts -window 42]]
[15:12:00.86] /# gi::executeAction deSelectByWindow -in [gi::getWindows 42]
[15:12:00.86] /i db::setPrefValue deSelectMode -value Replace -scope [db::getScopes [db::getNext [de::getContexts -window 42]]]; ide::selectByRegion -region rectangle -point {4.535 7.27} 
[15:12:01.47] /# gi::executeAction deEndDrag -in [gi::getWindows 42]
[15:12:01.47] /i de::endDrag {7.767 3.371} -context [db::getNext [de::getContexts -window 42]]
[15:12:01.82] /# gi::executeAction leCopy -in [gi::getWindows 42]
[15:12:01.82] /i ile::copy
[15:12:02.02] /# gi::executeAction deAddPoint -in [gi::getWindows 42]
[15:12:02.02] /i de::addPoint {5.958 6.115} -context [db::getNext [de::getContexts -window 42]]
[15:12:02.64] /i gi::setActiveWindow 27
[15:12:02.64] /i gi::setActiveWindow 27 -raise true
[15:12:03.93] /i gi::setActiveWindow 28
[15:12:03.93] /i gi::setActiveWindow 28 -raise true
[15:12:04.89] /i gi::setActiveWindow 23
[15:12:04.89] /i gi::setActiveWindow 23 -raise true
[15:12:05.36] /# gi::executeAction deCanvasZoomOutAtPoint -in [gi::getWindows 23]
[15:12:05.36] /i de::zoom -window [gi::getWindows 23] -factor 0.5 -center {5.80625 3.59375}
[15:12:05.36] /o {-11.275 -4.55} {9.7625 7.0375}
[15:12:06.63] /i gi::setActiveWindow 20 -raise true
[15:12:06.63] /i gi::setActiveWindow 20 -raise true
[15:12:07.18] /# gi::executeAction deCanvasZoomOutAtPoint -in [gi::getWindows 20]
[15:12:07.18] /i de::zoom -window [gi::getWindows 20] -factor 0.5 -center {10.828 6.231}
[15:12:07.18] /o {-2.289 0.412} {12.999 9.424}
[15:12:07.22] /# gi::executeAction deCanvasZoomOutAtPoint -in [gi::getWindows 20]
[15:12:07.22] /i de::zoom -window [gi::getWindows 20] -factor 0.5 -center {10.829 6.232}
[15:12:07.22] /o {-15.407 -5.407} {15.169 12.615}
[15:12:07.99] /# gi::executeAction deAddPoint -in [gi::getWindows 20]
[15:12:07.99] /i de::addPoint {11.627 6.173} -context [db::getNext [de::getContexts -window 20]]
[15:12:09.25] /i gi::setActiveWindow 2
[15:12:09.25] /i gi::setActiveWindow 2 -raise true
[15:12:10.16] /i gi::setCurrentIndex {cells} -index {inv_out} -in [gi::getWindows 2]
[15:12:10.16] /i gi::setItemSelection {cells} -index {inv_out} -in [gi::getWindows 2]
[15:12:11.03] /i gi::setCurrentIndex {views} -index {layout} -in [gi::getWindows 2]
[15:12:11.03] /i gi::setItemSelection {views} -index {layout} -in [gi::getWindows 2]
[15:12:11.18] /i gi::executeAction dmOpen -in [gi::getWindows 2]
[15:12:11.22] /r giWindowId 43
[15:12:11.23] /r giWindowGeometry 1632x1020
[15:12:11.25] /# de::setActiveLPP [de::getLPPs "exclude blockage" -from [db::getAttr editDesign -of [de::getContexts -window 43]]]
[15:12:12.97] /# gi::executeAction deSelectByWindow -in [gi::getWindows 43]
[15:12:12.97] /i db::setPrefValue deSelectMode -value Replace -scope [db::getScopes [db::getNext [de::getContexts -window 43]]]; ide::selectByRegion -region rectangle -point {2.825 6.455} 
[15:12:13.34] /# gi::executeAction deEndDrag -in [gi::getWindows 43]
[15:12:13.34] /i de::endDrag {6.161 2.43} -context [db::getNext [de::getContexts -window 43]]
[15:12:13.88] /# gi::executeAction deSelectActive -in [gi::getWindows 43]
[15:12:13.88] /i de::deselectAll [db::getNext [de::getContexts -window 43]]
[15:12:13.88] /i de::deselectAllLogic -context [db::getNext [de::getContexts -window 43]]
[15:12:14.26] /# gi::executeAction deCanvasZoomOutAtPoint -in [gi::getWindows 43]
[15:12:14.26] /i de::zoom -window [gi::getWindows 43] -factor 0.5 -center {2.043 6.478}
[15:12:14.26] /o {-1.123 -1.109} {12.469 6.903}
[15:12:14.74] /# gi::executeAction deSelectByWindow -in [gi::getWindows 43]
[15:12:14.74] /i db::setPrefValue deSelectMode -value Replace -scope [db::getScopes [db::getNext [de::getContexts -window 43]]]; ide::selectByRegion -region rectangle -point {2.26 6.825} 
[15:12:14.99] /# gi::executeAction deEndDrag -in [gi::getWindows 43]
[15:12:14.99] /i de::endDrag {6.802 2.274} -context [db::getNext [de::getContexts -window 43]]
[15:12:15.32] /# gi::executeAction leCopy -in [gi::getWindows 43]
[15:12:15.32] /i ile::copy
[15:12:15.56] /# gi::executeAction deAddPoint -in [gi::getWindows 43]
[15:12:15.56] /i de::addPoint {3.16 6.124} -context [db::getNext [de::getContexts -window 43]]
[15:12:16.26] /i gi::setActiveWindow 20 -raise true
[15:12:16.26] /i gi::setActiveWindow 20 -raise true
[15:12:16.85] /# gi::executeAction deCanvasZoomOutAtPoint -in [gi::getWindows 20]
[15:12:16.85] /i de::zoom -window [gi::getWindows 20] -factor 0.5 -center {11.471 8.645}
[15:12:16.85] /o {-42.284 -19.459} {18.866 16.585}
[15:12:17.07] /# gi::executeAction deFitView -in [gi::getWindows 20]
[15:12:17.07] /i de::fit -window 20 -fitView true
[15:12:17.07] /o {5.602 2.824} {13.453 7.451}
[15:12:17.79] /# gi::executeAction deAddPoint -in [gi::getWindows 20]
[15:12:17.79] /i de::addPoint {12.963 6.412} -context [db::getNext [de::getContexts -window 20]]
[15:12:18.05] /# gi::executeAction deAbortCommand -in [gi::getWindows 20]
[15:12:18.05] /i de::abortCommand -context [db::getNext [de::getContexts -window 20]]
[15:12:23.83] /i gi::executeAction giCloseWindow -in [gi::getWindows 43]
[15:12:24.70] /i gi::setActiveWindow 42
[15:12:24.70] /i gi::setActiveWindow 42 -raise true
[15:12:25.30] /i gi::executeAction giCloseWindow -in [gi::getWindows 42]
[15:12:25.34] /i gi::setActiveWindow 20
[15:12:25.34] /i gi::setActiveWindow 20 -raise true
[15:12:27.06] /# gi::executeAction deFitView -in [gi::getWindows 20]
[15:12:27.06] /i de::fit -window 20 -fitView true
[15:12:27.06] /o {6.205 2.601} {14.81 7.674}
[15:12:27.68] /# gi::executeAction deCanvasZoomInAtPoint -in [gi::getWindows 20]
[15:12:27.68] /i de::zoom -window [gi::getWindows 20] -factor 2.0 -center {11.83 5.515}
[15:12:27.68] /o {9.017 4.058} {13.32 6.594}
[15:12:27.80] /# gi::executeAction deCanvasZoomInAtPoint -in [gi::getWindows 20]
[15:12:27.80] /i de::zoom -window [gi::getWindows 20] -factor 2.0 -center {11.806 5.51}
[15:12:27.80] /o {10.412 4.784} {12.563 6.052}
[15:12:28.69] /# gi::executeAction deSelectActive -in [gi::getWindows 20]
[15:12:28.69] /i de::deselectAll [db::getNext [de::getContexts -window 20]]
[15:12:28.69] /i de::select [de::getActiveFigure [gi::getWindows 20] -point {11.062 5.194} -index 0 -intent none]
[15:12:28.69] /o oa:0x274f4c60
[15:12:29.53] /# gi::executeAction leDelete -in [gi::getWindows 20]
[15:12:29.53] /i ile::delete
[15:12:29.99] /# gi::executeAction deSelectActive -in [gi::getWindows 20]
[15:12:29.99] /i de::deselectAllLogic -context [db::getNext [de::getContexts -window 20]]
[15:12:30.03] /i gi::executeAction deCanvasDragCancel -in [gi::getWindows 20]
[15:12:30.53] /# gi::executeAction deSelectActive -in [gi::getWindows 20]
[15:12:30.53] /i de::deselectAll [db::getNext [de::getContexts -window 20]]
[15:12:30.54] /i de::select [de::getActiveFigure [gi::getWindows 20] -point {11.657 5.337} -index 0 -intent none]
[15:12:30.54] /o oa:0x27d79170
[15:12:31.19] /# gi::executeAction leDelete -in [gi::getWindows 20]
[15:12:31.19] /i ile::delete
[15:12:31.52] /# gi::executeAction deSelectActive -in [gi::getWindows 20]
[15:12:31.52] /i de::deselectAllLogic -context [db::getNext [de::getContexts -window 20]]
[15:12:31.59] /i gi::executeAction deCanvasDragCancel -in [gi::getWindows 20]
[15:12:31.89] /# gi::executeAction deCanvasZoomOutAtPoint -in [gi::getWindows 20]
[15:12:31.89] /i de::zoom -window [gi::getWindows 20] -factor 0.5 -center {12.014 5.266}
[15:12:31.89] /o {8.809 4.302} {13.112 6.838}
[15:12:31.95] /# gi::executeAction deFitView -in [gi::getWindows 20]
[15:12:31.95] /i de::fit -window 20 -fitView true
[15:12:31.95] /o {6.205 2.601} {14.81 7.674}
[15:12:32.92] /# gi::executeAction deCanvasZoomInAtPoint -in [gi::getWindows 20]
[15:12:32.92] /i de::zoom -window [gi::getWindows 20] -factor 2.0 -center {13.622 5.17}
[15:12:32.92] /o {9.913 3.886} {14.216 6.422}
[15:12:33.06] /# gi::executeAction deCanvasZoomInAtPoint -in [gi::getWindows 20]
[15:12:33.06] /i de::zoom -window [gi::getWindows 20] -factor 2.0 -center {13.655 5.198}
[15:12:33.06] /o {11.784 4.542} {13.936 5.81}
[15:12:33.57] /# gi::executeAction deSelectActive -in [gi::getWindows 20]
[15:12:33.57] /i de::deselectAll [db::getNext [de::getContexts -window 20]]
[15:12:33.57] /i de::select [de::getActiveFigure [gi::getWindows 20] -point {13.732 5.3} -index 0 -intent none]
[15:12:33.57] /o oa:0x2058c3d0
[15:12:34.36] /# gi::executeAction leDelete -in [gi::getWindows 20]
[15:12:34.36] /i ile::delete
[15:12:34.76] /i gi::executeAction deCanvasDragCancel -in [gi::getWindows 20]
[15:12:35.01] /# gi::executeAction deCanvasZoomInAtPoint -in [gi::getWindows 20]
[15:12:35.01] /i de::zoom -window [gi::getWindows 20] -factor 2.0 -center {13.297 5.184}
[15:12:35.01] /o {12.541 4.863} {13.616 5.497}
[15:12:35.58] /# gi::executeAction deSelectActive -in [gi::getWindows 20]
[15:12:35.58] /i de::deselectAll [db::getNext [de::getContexts -window 20]]
[15:12:35.58] /i de::select [de::getActiveFigure [gi::getWindows 20] -point {13.104 5.178} -index 0 -intent none]
[15:12:35.58] /o oa:0x27ca4380
[15:12:36.46] /# gi::executeAction leDelete -in [gi::getWindows 20]
[15:12:36.46] /i ile::delete
[15:12:37.24] /# gi::executeAction deFitView -in [gi::getWindows 20]
[15:12:37.24] /i de::fit -window 20 -fitView true
[15:12:37.24] /o {6.205 2.601} {14.81 7.674}
[15:12:38.40] /i gi::executeAction deSaveDesign -in [gi::getWindows 20]
[15:12:38.40] /m Information: Saving design 'new_dff D_latch layout'. (DESIGN_WINDOW-004)
[15:12:39.68] /i gi::setActiveWindow 23
[15:12:39.68] /i gi::setActiveWindow 23 -raise true
[15:12:40.17] /i gi::setActiveWindow 28
[15:12:40.17] /i gi::setActiveWindow 28 -raise true
[15:12:41.12] /i gi::setActiveWindow 23
[15:12:41.12] /i gi::setActiveWindow 23 -raise true
[15:12:41.66] /# gi::executeAction deCanvasZoomInAtPoint -in [gi::getWindows 23]
[15:12:41.66] /i de::zoom -window [gi::getWindows 23] -factor 2.0 -center {5.73125 4.4375}
[15:12:41.66] /o {-2.76875 -0.05625} {7.74375 5.7375}
[15:12:42.38] /# gi::executeAction deCanvasZoomInAtPoint -in [gi::getWindows 23]
[15:12:42.38] /i de::zoom -window [gi::getWindows 23] -factor 2.0 -center {5.06875 4.25625}
[15:12:42.38] /o {1.15 2.1} {6.40625 4.99375}
[15:12:44.31] /# gi::executeAction deSelectActive -in [gi::getWindows 23]
[15:12:44.31] /i de::deselectAll [db::getNext [de::getContexts -window 23]]
[15:12:44.31] /i de::select [de::getActiveFigure [gi::getWindows 23] -point {4.33125 4.125} -index 0 -intent none]
[15:12:44.31] /o oa:0x291867e0
[15:12:45.36] /i gi::setActiveWindow 20
[15:12:45.36] /i gi::setActiveWindow 20 -raise true
[15:12:46.69] /# gi::executeAction deSelectActive -in [gi::getWindows 20]
[15:12:46.69] /i de::deselectAll [db::getNext [de::getContexts -window 20]]
[15:12:46.69] /i de::select [de::getActiveFigure [gi::getWindows 20] -point {14.082 6.14} -index 0 -intent none]
[15:12:46.69] /o oa:0x2dd3dfd0
[15:12:48.42] /# gi::executeAction deSelectActive -in [gi::getWindows 20]
[15:12:48.42] /i de::deselectAll [db::getNext [de::getContexts -window 20]]
[15:12:48.42] /i de::select [de::getActiveFigure [gi::getWindows 20] -point {14.115 4.513} -index 0 -intent none]
[15:12:48.42] /o oa:0x25e89eb0
[15:12:49.86] /# gi::executeAction deSelectActive -in [gi::getWindows 20]
[15:12:49.86] /i de::deselectAll [db::getNext [de::getContexts -window 20]]
[15:12:49.86] /i de::select [de::getActiveFigure [gi::getWindows 20] -point {12.225 6.354} -index 0 -intent none]
[15:12:49.86] /o oa:0x26b8eea0
[15:12:50.86] /# gi::executeAction deSelectActive -in [gi::getWindows 20]
[15:12:50.86] /i de::deselectAll [db::getNext [de::getContexts -window 20]]
[15:12:50.86] /i de::select [de::getActiveFigure [gi::getWindows 20] -point {12.11 4.579} -index 0 -intent none]
[15:12:50.86] /o oa:0x28102e60
[15:12:54.12] /# gi::executeAction leLabel -in [gi::getWindows 20]
[15:12:54.12] /i ile::createLabel
[15:12:58.61] /i de::setActiveLPP [de::getLPPs "text drawing" -from [db::getAttr editDesign -of [de::getContexts -window 20]]]
[15:13:00.84] /i gi::executeAction deObjectActivation -in [gi::getWindows 20]
[15:13:03.40] /i gi::setField {textMultiline} -value {INV_STORE} -in [gi::getToolbars {deCommandOptions} -from [gi::getWindows 20]]
[15:13:03.40] /i gi::executeAction deObjectActivation -in [gi::getWindows 20]
[15:13:03.92] /# gi::executeAction deCanvasZoomInAtPoint -in [gi::getWindows 20]
[15:13:03.92] /i de::zoom -window [gi::getWindows 20] -factor 2.0 -center {12.159 4.891}
[15:13:03.92] /o {9.182 3.746} {13.485 6.282}
[15:13:04.96] /# gi::executeAction deAddPoint -in [gi::getWindows 20]
[15:13:04.96] /i de::addPoint {11.822 5.195} -context [db::getNext [de::getContexts -window 20]]
[15:13:05.45] /# gi::executeAction deCanvasZoomOutAtPoint -in [gi::getWindows 20]
[15:13:05.45] /i de::zoom -window [gi::getWindows 20] -factor 0.5 -center {11.904 5.236}
[15:13:05.45] /o {6.46 2.256} {15.065 7.329}
[15:13:08.63] /i gi::setField {textMultiline} -value {INV_OUT} -in [gi::getToolbars {deCommandOptions} -from [gi::getWindows 20]]
[15:13:09.41] /# gi::executeAction deAddPoint -in [gi::getWindows 20]
[15:13:09.41] /i de::addPoint {13.904 5.187} -context [db::getNext [de::getContexts -window 20]]
[15:13:09.54] /# gi::executeAction deAbortCommand -in [gi::getWindows 20]
[15:13:09.54] /i de::abortCommand -context [db::getNext [de::getContexts -window 20]]
[15:13:10.12] /# gi::executeAction deSelectActive -in [gi::getWindows 20]
[15:13:10.12] /i de::deselectAll [db::getNext [de::getContexts -window 20]]
[15:13:10.12] /i de::deselectAllLogic -context [db::getNext [de::getContexts -window 20]]
[15:13:10.86] /# gi::executeAction deCanvasZoomOutAtPoint -in [gi::getWindows 20]
[15:13:10.86] /i de::zoom -window [gi::getWindows 20] -factor 0.5 -center {11.067 7.126}
[15:13:10.86] /o {1.852 -2.613} {19.064 7.531}
[15:13:11.76] /# gi::executeAction deSelectByWindow -in [gi::getWindows 20]
[15:13:11.76] /i db::setPrefValue deSelectMode -value Replace -scope [db::getScopes [db::getNext [de::getContexts -window 20]]]; ide::selectByRegion -region rectangle -point {10.925 7.335} 
[15:13:12.26] /# gi::executeAction deEndDrag -in [gi::getWindows 20]
[15:13:12.26] /i de::endDrag {12.808 2.371} -context [db::getNext [de::getContexts -window 20]]
[15:13:12.82] /# gi::executeAction deCanvasZoomInAtPoint -in [gi::getWindows 20]
[15:13:12.82] /i de::zoom -window [gi::getWindows 20] -factor 2.0 -center {11.658 6.699}
[15:13:12.83] /o {6.755 2.043} {15.361 7.115}
[15:13:15.02] /i gi::executeAction deSaveDesign -in [gi::getWindows 20]
[15:13:15.02] /m Information: Saving design 'new_dff D_latch layout'. (DESIGN_WINDOW-004)
[15:13:16.91] /# gi::executeAction leMove -in [gi::getWindows 20]
[15:13:16.91] /i ile::move
[15:13:17.06] /# gi::executeAction deAddPoint -in [gi::getWindows 20]
[15:13:17.06] /i de::addPoint {12.217 6.272} -context [db::getNext [de::getContexts -window 20]]
[15:13:17.78] /# gi::executeAction deAbortCommand -in [gi::getWindows 20]
[15:13:17.78] /i de::abortCommand -context [db::getNext [de::getContexts -window 20]]
[15:13:18.23] /# gi::executeAction deSelectActive -in [gi::getWindows 20]
[15:13:18.23] /i de::deselectAll [db::getNext [de::getContexts -window 20]]
[15:13:18.23] /i de::select [de::getActiveFigure [gi::getWindows 20] -point {12.282 5.779} -index 0 -intent none]
[15:13:18.23] /o oa:0x24e12b60
[15:13:18.49] /# gi::executeAction deCanvasZoomOutAtPoint -in [gi::getWindows 20]
[15:13:18.49] /i de::zoom -window [gi::getWindows 20] -factor 0.5 -center {12.266 5.992}
[15:13:18.49] /o {1.244 -1.906} {18.456 8.238}
[15:13:19.27] /# gi::executeAction deSelectByWindow -in [gi::getWindows 20]
[15:13:19.27] /i db::setPrefValue deSelectMode -value Replace -scope [db::getScopes [db::getNext [de::getContexts -window 20]]]; ide::selectByRegion -region rectangle -point {10.295 7.715} 
[15:13:19.77] /# gi::executeAction deEndDrag -in [gi::getWindows 20]
[15:13:19.77] /i de::endDrag {12.813 2.059} -context [db::getNext [de::getContexts -window 20]]
[15:13:20.67] /# gi::executeAction leMove -in [gi::getWindows 20]
[15:13:20.67] /i ile::move
[15:13:20.87] /# gi::executeAction deAddPoint -in [gi::getWindows 20]
[15:13:20.87] /i de::addPoint {11.926 5.642} -context [db::getNext [de::getContexts -window 20]]
[15:13:21.59] /# gi::executeAction deAddPoint -in [gi::getWindows 20]
[15:13:21.59] /i de::addPoint {11.4 5.708} -context [db::getNext [de::getContexts -window 20]]
[15:13:22.70] /# gi::executeAction leMove -in [gi::getWindows 20]
[15:13:22.70] /i ile::move
[15:13:22.89] /# gi::executeAction deAddPoint -in [gi::getWindows 20]
[15:13:22.89] /i de::addPoint {11.345 5.993} -context [db::getNext [de::getContexts -window 20]]
[15:13:23.58] /# gi::executeAction deCanvasZoomInAtPoint -in [gi::getWindows 20]
[15:13:23.58] /i de::zoom -window [gi::getWindows 20] -factor 2.0 -center {11.378 5.861}
[15:13:23.58] /o {6.311 1.977} {14.917 7.05}
[15:13:25.33] /# gi::executeAction deAddPoint -in [gi::getWindows 20]
[15:13:25.33] /i de::addPoint {10.945 5.784} -context [db::getNext [de::getContexts -window 20]]
[15:13:26.12] /# gi::executeAction leMove -in [gi::getWindows 20]
[15:13:26.12] /i ile::move
[15:13:26.28] /# gi::executeAction deAddPoint -in [gi::getWindows 20]
[15:13:26.28] /i de::addPoint {10.951 5.801} -context [db::getNext [de::getContexts -window 20]]
[15:13:29.55] /# gi::executeAction deAddPoint -in [gi::getWindows 20]
[15:13:29.55] /i de::addPoint {11.011 5.702} -context [db::getNext [de::getContexts -window 20]]
[15:13:30.24] /# gi::executeAction deSelectActive -in [gi::getWindows 20]
[15:13:30.24] /i de::deselectAll [db::getNext [de::getContexts -window 20]]
[15:13:30.24] /i de::deselectAllLogic -context [db::getNext [de::getContexts -window 20]]
[15:13:30.59] /# gi::executeAction deSelectByWindow -in [gi::getWindows 20]
[15:13:30.59] /i db::setPrefValue deSelectMode -value Replace -scope [db::getScopes [db::getNext [de::getContexts -window 20]]]; ide::selectByRegion -region rectangle -point {12.07 2.575} 
[15:13:31.04] /# gi::executeAction deEndDrag -in [gi::getWindows 20]
[15:13:31.04] /i de::endDrag {9.751 5.187} -context [db::getNext [de::getContexts -window 20]]
[15:13:32.00] /# gi::executeAction leMove -in [gi::getWindows 20]
[15:13:32.00] /i ile::move
[15:13:32.18] /# gi::executeAction deAddPoint -in [gi::getWindows 20]
[15:13:32.18] /i de::addPoint {10.655 4.618} -context [db::getNext [de::getContexts -window 20]]
[15:13:34.26] /# gi::executeAction deAddPoint -in [gi::getWindows 20]
[15:13:34.27] /i de::addPoint {10.704 3.823} -context [db::getNext [de::getContexts -window 20]]
[15:13:34.77] /# gi::executeAction deSelectActive -in [gi::getWindows 20]
[15:13:34.77] /i de::deselectAll [db::getNext [de::getContexts -window 20]]
[15:13:34.77] /i de::deselectAllLogic -context [db::getNext [de::getContexts -window 20]]
[15:13:35.07] /# gi::executeAction deSelectByWindow -in [gi::getWindows 20]
[15:13:35.07] /i db::setPrefValue deSelectMode -value Replace -scope [db::getScopes [db::getNext [de::getContexts -window 20]]]; ide::selectByRegion -region rectangle -point {11.93 2.245} 
[15:13:35.58] /# gi::executeAction deEndDrag -in [gi::getWindows 20]
[15:13:35.58] /i de::endDrag {9.751 4.431} -context [db::getNext [de::getContexts -window 20]]
[15:13:37.08] /# gi::executeAction leMove -in [gi::getWindows 20]
[15:13:37.08] /i ile::move
[15:13:37.28] /# gi::executeAction deAddPoint -in [gi::getWindows 20]
[15:13:37.28] /i de::addPoint {11.159 3.599} -context [db::getNext [de::getContexts -window 20]]
[15:13:41.50] /# gi::executeAction deAddPoint -in [gi::getWindows 20]
[15:13:41.50] /i de::addPoint {11 3.528} -context [db::getNext [de::getContexts -window 20]]
[15:13:42.03] /# gi::executeAction deSelectActive -in [gi::getWindows 20]
[15:13:42.03] /i de::deselectAll [db::getNext [de::getContexts -window 20]]
[15:13:42.03] /i de::select [de::getActiveFigure [gi::getWindows 20] -point {11.504 6.288} -index 0 -intent none]
[15:13:42.03] /o oa:0x27566200
[15:13:42.59] /# gi::executeAction deSelectActive -in [gi::getWindows 20]
[15:13:42.59] /i de::deselectAll [db::getNext [de::getContexts -window 20]]
[15:13:42.59] /i de::deselectAllLogic -context [db::getNext [de::getContexts -window 20]]
[15:13:43.06] /# gi::executeAction deCanvasZoomOutAtPoint -in [gi::getWindows 20]
[15:13:43.06] /i de::zoom -window [gi::getWindows 20] -factor 0.5 -center {11.822 5.423}
[15:13:43.06] /o {0.8 -1.468} {18.012 8.676}
[15:13:44.02] /# gi::executeAction deSelectByWindow -in [gi::getWindows 20]
[15:13:44.03] /i db::setPrefValue deSelectMode -value Replace -scope [db::getScopes [db::getNext [de::getContexts -window 20]]]; ide::selectByRegion -region rectangle -point {9.475 7.845} 
[15:13:44.32] /# gi::executeAction deEndDrag -in [gi::getWindows 20]
[15:13:44.32] /i de::endDrag {12.873 0.449} -context [db::getNext [de::getContexts -window 20]]
[15:13:45.02] /# gi::executeAction deCanvasZoomInAtPoint -in [gi::getWindows 20]
[15:13:45.02] /i de::zoom -window [gi::getWindows 20] -factor 2.0 -center {11.197 5.675}
[15:13:45.02] /o {5.999 2.103} {14.604 7.176}
[15:13:45.86] /# gi::executeAction leMove -in [gi::getWindows 20]
[15:13:45.86] /i ile::move
[15:13:46.06] /# gi::executeAction deAddPoint -in [gi::getWindows 20]
[15:13:46.06] /i de::addPoint {11.23 5.806} -context [db::getNext [de::getContexts -window 20]]
[15:13:54.34] /# gi::executeAction deAddPoint -in [gi::getWindows 20]
[15:13:54.34] /i de::addPoint {10.879 5.79} -context [db::getNext [de::getContexts -window 20]]
[15:13:54.75] /# gi::executeAction deSelectActive -in [gi::getWindows 20]
[15:13:54.75] /i de::deselectAll [db::getNext [de::getContexts -window 20]]
[15:13:54.75] /i de::deselectAllLogic -context [db::getNext [de::getContexts -window 20]]
[15:13:58.05] /# gi::executeAction deSelectByWindow -in [gi::getWindows 20]
[15:13:58.05] /i db::setPrefValue deSelectMode -value Replace -scope [db::getScopes [db::getNext [de::getContexts -window 20]]]; ide::selectByRegion -region rectangle -point {9.42 4.395} 
[15:13:58.38] /# gi::executeAction deEndDrag -in [gi::getWindows 20]
[15:13:58.38] /i de::endDrag {11.805 2.635} -context [db::getNext [de::getContexts -window 20]]
[15:13:59.51] /# gi::executeAction leStartStretchDrag -in [gi::getWindows 20]
[15:13:59.51] /i layout_editor::directStretch [de::getActiveFigure [gi::getWindows 20] -point {10.622 3.654} -index 0 -intent none] 20
[15:13:59.52] /# ile::stretch -point {10.62 3.655}
[15:14:01.72] /# gi::executeAction deEndDrag -in [gi::getWindows 20]
[15:14:01.72] /i de::endDrag {10.622 3.654} -context [db::getNext [de::getContexts -window 20]]
[15:14:02.08] /# gi::executeAction deSelectActive -in [gi::getWindows 20]
[15:14:02.08] /i de::deselectAll [db::getNext [de::getContexts -window 20]]
[15:14:02.08] /i de::deselectAllLogic -context [db::getNext [de::getContexts -window 20]]
[15:14:03.01] /# gi::executeAction deFitView -in [gi::getWindows 20]
[15:14:03.01] /i de::fit -window 20 -fitView true
[15:14:03.01] /o {6.205 2.339} {14.81 7.411}
[15:14:07.74] /# gi::executeAction deSelectActive -in [gi::getWindows 20]
[15:14:07.75] /i de::deselectAll [db::getNext [de::getContexts -window 20]]
[15:14:07.75] /i de::select [de::getActiveFigure [gi::getWindows 20] -point {10.51 6.469} -index 0 -intent none]
[15:14:07.75] /o oa:0x27e7a3b0
[15:14:08.05] /# gi::executeAction leCopy -in [gi::getWindows 20]
[15:14:08.05] /i ile::copy
[15:14:08.27] /# gi::executeAction deAddPoint -in [gi::getWindows 20]
[15:14:08.27] /i de::addPoint {10.51 6.469} -context [db::getNext [de::getContexts -window 20]]
[15:14:09.38] /# gi::executeAction deAbortCommand -in [gi::getWindows 20]
[15:14:09.38] /i de::abortCommand -context [db::getNext [de::getContexts -window 20]]
[15:14:25.74] /# gi::executeAction deSelectByWindow -in [gi::getWindows 20]
[15:14:25.75] /i db::setPrefValue deSelectMode -value Replace -scope [db::getScopes [db::getNext [de::getContexts -window 20]]]; ide::selectByRegion -region rectangle -point {12.565 7.16} 
[15:14:26.06] /# gi::executeAction deEndDrag -in [gi::getWindows 20]
[15:14:26.06] /i de::endDrag {15.079 2.788} -context [db::getNext [de::getContexts -window 20]]
[15:14:30.54] /# gi::executeAction leAutoFlipHorizontal -in [gi::getWindows 20]
[15:14:30.54] /i ::le::_impl::autoRotate ile::autoFlipHorizontal MY {6.21 4.568}
[15:14:32.49] /# gi::executeAction leMove -in [gi::getWindows 20]
[15:14:32.49] /i ile::move
[15:14:32.66] /# gi::executeAction deAddPoint -in [gi::getWindows 20]
[15:14:32.66] /i de::addPoint {13.934 4.464} -context [db::getNext [de::getContexts -window 20]]
[15:14:33.57] /# gi::executeAction deAddPoint -in [gi::getWindows 20]
[15:14:33.57] /i de::addPoint {12.236 4.486} -context [db::getNext [de::getContexts -window 20]]
[15:14:33.68] /i gi::executeAction deCanvasDragCancel -in [gi::getWindows 20]
[15:14:34.04] /# gi::executeAction deSelectActive -in [gi::getWindows 20]
[15:14:34.04] /i de::deselectAll [db::getNext [de::getContexts -window 20]]
[15:14:34.05] /i de::deselectAllLogic -context [db::getNext [de::getContexts -window 20]]
[15:14:34.48] /# gi::executeAction deCanvasZoomInAtPoint -in [gi::getWindows 20]
[15:14:34.48] /i de::zoom -window [gi::getWindows 20] -factor 2.0 -center {12.718 5.226}
[15:14:34.48] /o {9.461 3.782} {13.764 6.319}
[15:14:34.59] /# gi::executeAction deCanvasZoomInAtPoint -in [gi::getWindows 20]
[15:14:34.59] /i de::zoom -window [gi::getWindows 20] -factor 2.0 -center {12.718 5.193}
[15:14:34.59] /o {11.09 4.488} {13.241 5.756}
[15:14:34.94] /# gi::executeAction deCanvasZoomOutAtPoint -in [gi::getWindows 20]
[15:14:34.94] /i de::zoom -window [gi::getWindows 20] -factor 0.5 -center {12.712 5.168}
[15:14:34.94] /o {9.467 3.807} {13.77 6.344}
[15:14:35.60] /# gi::executeAction deSelectByWindow -in [gi::getWindows 20]
[15:14:35.60] /i db::setPrefValue deSelectMode -value Replace -scope [db::getScopes [db::getNext [de::getContexts -window 20]]]; ide::selectByRegion -region rectangle -point {11.335 5} 
[15:14:35.88] /# gi::executeAction deEndDrag -in [gi::getWindows 20]
[15:14:35.88] /i de::endDrag {12.888 3.67} -context [db::getNext [de::getContexts -window 20]]
[15:14:36.16] /# gi::executeAction deCanvasZoomOutAtPoint -in [gi::getWindows 20]
[15:14:36.16] /i de::zoom -window [gi::getWindows 20] -factor 0.5 -center {12.847 3.81}
[15:14:36.16] /o {6.088 3.805} {14.693 8.877}
[15:14:36.19] /# gi::executeAction deCanvasZoomOutAtPoint -in [gi::getWindows 20]
[15:14:36.19] /i de::zoom -window [gi::getWindows 20] -factor 0.5 -center {12.831 3.827}
[15:14:36.19] /o {-0.656 3.783} {16.556 13.927}
[15:14:36.21] /# gi::executeAction deCanvasZoomOutAtPoint -in [gi::getWindows 20]
[15:14:36.21] /i de::zoom -window [gi::getWindows 20] -factor 0.5 -center {12.82 3.859}
[15:14:36.21] /o {-14.131 3.706} {20.291 23.996}
[15:14:36.25] /# gi::executeAction deCanvasZoomOutAtPoint -in [gi::getWindows 20]
[15:14:36.25] /i de::zoom -window [gi::getWindows 20] -factor 0.5 -center {12.644 4.188}
[15:14:36.25] /o {-40.906 3.224} {27.938 43.804}
[15:14:36.78] /# gi::executeAction deSelectActive -in [gi::getWindows 20]
[15:14:36.78] /i de::deselectAll [db::getNext [de::getContexts -window 20]]
[15:14:36.78] /i de::deselectAllLogic -context [db::getNext [de::getContexts -window 20]]
[15:14:36.84] /# gi::executeAction deFitView -in [gi::getWindows 20]
[15:14:36.84] /i de::fit -window 20 -fitView true
[15:14:36.84] /o {5.426 2.381} {13.889 7.369}
[15:14:37.62] /# gi::executeAction leStartStretchDrag -in [gi::getWindows 20]
[15:14:37.62] /i layout_editor::directStretch [de::getActiveFigure [gi::getWindows 20] -point {11.201 5.22} -index 0 -intent none] 20
[15:14:37.62] /# db::setPrefValue deSelectMode -value Replace -scope [db::getScopes [db::getNext [de::getContexts -window 20]]]; ide::selectByRegion -region rectangle -point {11.2 5.22} 
[15:14:37.86] /# gi::executeAction deEndDrag -in [gi::getWindows 20]
[15:14:37.86] /i de::endDrag {14.094 2.515} -context [db::getNext [de::getContexts -window 20]]
[15:14:38.82] /# gi::executeAction leMove -in [gi::getWindows 20]
[15:14:38.82] /i ile::move
[15:14:38.96] /# gi::executeAction deAddPoint -in [gi::getWindows 20]
[15:14:38.96] /i de::addPoint {12.3 4.519} -context [db::getNext [de::getContexts -window 20]]
[15:14:39.80] /# gi::executeAction deAddPoint -in [gi::getWindows 20]
[15:14:39.80] /i de::addPoint {12.203 3.83} -context [db::getNext [de::getContexts -window 20]]
[15:14:39.91] /i gi::executeAction deCanvasDragCancel -in [gi::getWindows 20]
[15:14:41.14] /i gi::setActiveWindow 27
[15:14:41.15] /i gi::setActiveWindow 27 -raise true
[15:14:43.87] /i gi::setActiveWindow 23
[15:14:43.87] /i gi::setActiveWindow 23 -raise true
[15:14:44.84] /# gi::executeAction deCanvasZoomOutAtPoint -in [gi::getWindows 23]
[15:14:44.84] /i de::zoom -window [gi::getWindows 23] -factor 0.5 -center {4.4 3.81875}
[15:14:44.84] /o {-2.1 0.38125} {8.4125 6.175}
[15:14:45.34] /# gi::executeAction deCanvasZoomOutAtPoint -in [gi::getWindows 23]
[15:14:45.34] /i de::zoom -window [gi::getWindows 23] -factor 0.5 -center {4.83125 1.925}
[15:14:45.34] /o {-9.0375 -1.1625} {12.0 10.425}
[15:14:46.02] /# gi::executeAction deCanvasZoomInAtPoint -in [gi::getWindows 23]
[15:14:46.02] /i de::zoom -window [gi::getWindows 23] -factor 2.0 -center {5.10625 0.59375}
[15:14:46.02] /o {-1.9625 -0.28125} {8.55 5.50625}
[15:14:50.09] /i gi::setActiveWindow 20
[15:14:50.09] /i gi::setActiveWindow 20 -raise true
[15:14:51.63] /# gi::executeAction deSelectActive -in [gi::getWindows 20]
[15:14:51.63] /i de::deselectAll [db::getNext [de::getContexts -window 20]]
[15:14:51.63] /i de::deselectAllLogic -context [db::getNext [de::getContexts -window 20]]
[15:14:54.42] /# gi::executeAction deSelectByWindow -in [gi::getWindows 20]
[15:14:54.42] /i db::setPrefValue deSelectMode -value Replace -scope [db::getScopes [db::getNext [de::getContexts -window 20]]]; ide::selectByRegion -region rectangle -point {11.28 4.375} 
[15:14:54.72] /# gi::executeAction deEndDrag -in [gi::getWindows 20]
[15:14:54.72] /i de::endDrag {13.124 2.327} -context [db::getNext [de::getContexts -window 20]]
[15:14:55.80] /# gi::executeAction leMove -in [gi::getWindows 20]
[15:14:55.80] /i ile::move
[15:14:55.98] /# gi::executeAction deAddPoint -in [gi::getWindows 20]
[15:14:55.98] /i de::addPoint {12.349 3.797} -context [db::getNext [de::getContexts -window 20]]
[15:14:57.06] /# gi::executeAction deAddPoint -in [gi::getWindows 20]
[15:14:57.06] /i de::addPoint {12.311 3.614} -context [db::getNext [de::getContexts -window 20]]
[15:14:57.43] /# gi::executeAction deSelectActive -in [gi::getWindows 20]
[15:14:57.43] /i de::deselectAll [db::getNext [de::getContexts -window 20]]
[15:14:57.43] /i de::deselectAllLogic -context [db::getNext [de::getContexts -window 20]]
[15:14:58.27] /# gi::executeAction leStretch -in [gi::getWindows 20]
[15:14:58.27] /i ile::stretch
[15:14:58.99] /# gi::executeAction deAddPoint -in [gi::getWindows 20]
[15:14:58.99] /i de::addPoint {11.988 4.6} -context [db::getNext [de::getContexts -window 20]]
[15:14:59.86] /# gi::executeAction deAddPoint -in [gi::getWindows 20]
[15:14:59.86] /i de::addPoint {12.117 3.55} -context [db::getNext [de::getContexts -window 20]]
[15:15:00.89] /# gi::executeAction deCanvasZoomInAtPoint -in [gi::getWindows 20]
[15:15:00.89] /i de::zoom -window [gi::getWindows 20] -factor 2.0 -center {10.436 4.358}
[15:15:00.89] /o {7.931 3.369} {12.163 5.864}
[15:15:01.13] /# gi::executeAction deCanvasZoomOutAtPoint -in [gi::getWindows 20]
[15:15:01.13] /i de::zoom -window [gi::getWindows 20] -factor 0.5 -center {10.436 4.358}
[15:15:01.13] /o {5.426 2.381} {13.889 7.369}
[15:15:01.91] /# gi::executeAction deStartDrag -in [gi::getWindows 20]
[15:15:01.91] /i de::startDrag {9.407 4.277} -context [db::getNext [de::getContexts -window 20]]
[15:15:02.41] /# gi::executeAction deEndDrag -in [gi::getWindows 20]
[15:15:02.41] /i de::endDrag {11.099 2.451} -context [db::getNext [de::getContexts -window 20]]
[15:15:03.66] /# gi::executeAction leMove -in [gi::getWindows 20]
[15:15:03.66] /i ile::move
[15:15:03.86] /# gi::executeAction deAddPoint -in [gi::getWindows 20]
[15:15:03.86] /i de::addPoint {10.63 3.62} -context [db::getNext [de::getContexts -window 20]]
[15:15:04.60] /# gi::executeAction deAbortCommand -in [gi::getWindows 20]
[15:15:04.60] /i de::abortCommand -context [db::getNext [de::getContexts -window 20]]
[15:15:04.96] /# gi::executeAction deSelectActive -in [gi::getWindows 20]
[15:15:04.96] /i de::deselectAllLogic -context [db::getNext [de::getContexts -window 20]]
[15:15:05.69] /# gi::executeAction deSelectByWindow -in [gi::getWindows 20]
[15:15:05.69] /i db::setPrefValue deSelectMode -value Replace -scope [db::getScopes [db::getNext [de::getContexts -window 20]]]; ide::selectByRegion -region rectangle -point {9.505 4.34} 
[15:15:06.13] /# gi::executeAction deEndDrag -in [gi::getWindows 20]
[15:15:06.13] /i de::endDrag {11.104 2.305} -context [db::getNext [de::getContexts -window 20]]
[15:15:06.94] /# gi::executeAction leMove -in [gi::getWindows 20]
[15:15:06.94] /i ile::move
[15:15:07.16] /# gi::executeAction deAddPoint -in [gi::getWindows 20]
[15:15:07.16] /i de::addPoint {10.598 3.566} -context [db::getNext [de::getContexts -window 20]]
[15:15:08.13] /# gi::executeAction deAddPoint -in [gi::getWindows 20]
[15:15:08.13] /i de::addPoint {10.775 3.55} -context [db::getNext [de::getContexts -window 20]]
[15:15:08.22] /i gi::executeAction deCanvasDragCancel -in [gi::getWindows 20]
[15:15:08.39] /# gi::executeAction deSelectActive -in [gi::getWindows 20]
[15:15:08.39] /i de::deselectAll [db::getNext [de::getContexts -window 20]]
[15:15:08.39] /i de::deselectAllLogic -context [db::getNext [de::getContexts -window 20]]
[15:15:08.58] /# gi::executeAction deCanvasZoomInAtPoint -in [gi::getWindows 20]
[15:15:08.58] /i de::zoom -window [gi::getWindows 20] -factor 2.0 -center {10.571 4.374}
[15:15:08.58] /o {7.998 3.377} {12.23 5.872}
[15:15:08.94] /# gi::executeAction leStretch -in [gi::getWindows 20]
[15:15:08.94] /i ile::stretch
[15:15:09.45] /# gi::executeAction deAddPoint -in [gi::getWindows 20]
[15:15:09.45] /i de::addPoint {10.358 4.49} -context [db::getNext [de::getContexts -window 20]]
[15:15:10.09] /# gi::executeAction deAddPoint -in [gi::getWindows 20]
[15:15:10.09] /i de::addPoint {10.417 3.965} -context [db::getNext [de::getContexts -window 20]]
[15:15:10.13] /# gi::executeAction deAbortCommand -in [gi::getWindows 20]
[15:15:10.13] /i de::abortCommand -context [db::getNext [de::getContexts -window 20]]
[15:15:10.59] /# gi::executeAction deSelectActive -in [gi::getWindows 20]
[15:15:10.59] /i de::deselectAll [db::getNext [de::getContexts -window 20]]
[15:15:10.59] /i de::select [de::getActiveFigure [gi::getWindows 20] -point {10.803 3.703} -index 0 -intent none]
[15:15:10.59] /o oa:0x27aad0f0
[15:15:11.11] /# gi::executeAction leStartStretchDrag -in [gi::getWindows 20]
[15:15:11.11] /i layout_editor::directStretch [de::getActiveFigure [gi::getWindows 20] -point {10.803 3.719} -index 0 -intent none] 20
[15:15:11.11] /# ile::stretch -point {10.805 3.72}
[15:15:11.30] /# gi::executeAction deEndDrag -in [gi::getWindows 20]
[15:15:11.30] /i de::endDrag {10.781 3.719} -context [db::getNext [de::getContexts -window 20]]
[15:15:11.56] /# gi::executeAction deSelectActive -in [gi::getWindows 20]
[15:15:11.56] /i de::deselectAll [db::getNext [de::getContexts -window 20]]
[15:15:11.56] /i de::deselectAllLogic -context [db::getNext [de::getContexts -window 20]]
[15:15:13.57] /i de::undoTransaction -design [db::getAttr editDesign -of [de::getContexts -window 20]] -steps 1
[15:15:13.87] /# gi::executeAction deSelectActive -in [gi::getWindows 20]
[15:15:13.87] /i de::deselectAll [db::getNext [de::getContexts -window 20]]
[15:15:13.87] /i de::deselectAllLogic -context [db::getNext [de::getContexts -window 20]]
[15:15:14.26] /# gi::executeAction leStretch -in [gi::getWindows 20]
[15:15:14.26] /i ile::stretch
[15:15:14.89] /# gi::executeAction deStartDrag -in [gi::getWindows 20]
[15:15:14.89] /i de::startDrag {10.342 3.973} -context [db::getNext [de::getContexts -window 20]]
[15:15:14.96] /# gi::executeAction deEndDrag -in [gi::getWindows 20]
[15:15:14.96] /i de::endDrag {10.361 3.833} -context [db::getNext [de::getContexts -window 20]]
[15:15:15.63] /# gi::executeAction deAbortCommand -in [gi::getWindows 20]
[15:15:15.63] /i de::abortCommand -context [db::getNext [de::getContexts -window 20]]
[15:15:16.04] /# gi::executeAction leStretch -in [gi::getWindows 20]
[15:15:16.04] /i ile::stretch
[15:15:16.49] /# gi::executeAction deAddPoint -in [gi::getWindows 20]
[15:15:16.49] /i de::addPoint {10.633 3.973} -context [db::getNext [de::getContexts -window 20]]
[15:15:16.70] /# gi::executeAction deAbortCommand -in [gi::getWindows 20]
[15:15:16.70] /i de::abortCommand -context [db::getNext [de::getContexts -window 20]]
[15:15:17.23] /# gi::executeAction leStretch -in [gi::getWindows 20]
[15:15:17.23] /i ile::stretch
[15:15:17.63] /# gi::executeAction deAddPoint -in [gi::getWindows 20]
[15:15:17.63] /i de::addPoint {10.361 3.97} -context [db::getNext [de::getContexts -window 20]]
[15:15:18.17] /# gi::executeAction deAddPoint -in [gi::getWindows 20]
[15:15:18.17] /i de::addPoint {10.353 3.703} -context [db::getNext [de::getContexts -window 20]]
[15:15:18.25] /# gi::executeAction deAbortCommand -in [gi::getWindows 20]
[15:15:18.25] /i de::abortCommand -context [db::getNext [de::getContexts -window 20]]
[15:15:18.53] /# gi::executeAction deSelectActive -in [gi::getWindows 20]
[15:15:18.53] /i de::deselectAllLogic -context [db::getNext [de::getContexts -window 20]]
[15:15:19.29] /# gi::executeAction deCanvasZoomOutAtPoint -in [gi::getWindows 20]
[15:15:19.29] /i de::zoom -window [gi::getWindows 20] -factor 0.5 -center {10.7 3.819}
[15:15:19.29] /o {5.297 2.936} {13.76 7.924}
[15:15:20.00] /# gi::executeAction deSelectByWindow -in [gi::getWindows 20]
[15:15:20.00] /i db::setPrefValue deSelectMode -value Replace -scope [db::getScopes [db::getNext [de::getContexts -window 20]]]; ide::selectByRegion -region rectangle -point {9.535 4.43} 
[15:15:20.37] /# gi::executeAction deEndDrag -in [gi::getWindows 20]
[15:15:20.37] /i de::endDrag {11.25 2.801} -context [db::getNext [de::getContexts -window 20]]
[15:15:21.53] /# gi::executeAction leMove -in [gi::getWindows 20]
[15:15:21.53] /i ile::move
[15:15:21.72] /# gi::executeAction deAddPoint -in [gi::getWindows 20]
[15:15:21.72] /i de::addPoint {10.808 3.733} -context [db::getNext [de::getContexts -window 20]]
[15:15:22.80] /# gi::executeAction deCanvasZoomInAtPoint -in [gi::getWindows 20]
[15:15:22.80] /i de::zoom -window [gi::getWindows 20] -factor 2.0 -center {10.765 3.733}
[15:15:22.80] /o {8.031 3.334} {12.263 5.829}
[15:15:24.03] /# gi::executeAction deAddPoint -in [gi::getWindows 20]
[15:15:24.03] /i de::addPoint {10.795 3.725} -context [db::getNext [de::getContexts -window 20]]
[15:15:24.20] /i gi::executeAction deCanvasDragCancel -in [gi::getWindows 20]
[15:15:24.33] /# gi::executeAction deCanvasZoomOutAtPoint -in [gi::getWindows 20]
[15:15:24.33] /i de::zoom -window [gi::getWindows 20] -factor 0.5 -center {10.827 3.806}
[15:15:24.33] /o {5.235 2.863} {13.698 7.851}
[15:15:24.36] /# gi::executeAction deCanvasZoomOutAtPoint -in [gi::getWindows 20]
[15:15:24.36] /i de::zoom -window [gi::getWindows 20] -factor 0.5 -center {10.827 3.805}
[15:15:24.36] /o {-0.358 1.92} {16.57 11.898}
[15:15:24.72] /# gi::executeAction deSelectActive -in [gi::getWindows 20]
[15:15:24.72] /i de::deselectAll [db::getNext [de::getContexts -window 20]]
[15:15:24.73] /i de::deselectAllLogic -context [db::getNext [de::getContexts -window 20]]
[15:15:25.06] /# gi::executeAction deCanvasZoomInAtPoint -in [gi::getWindows 20]
[15:15:25.06] /i de::zoom -window [gi::getWindows 20] -factor 2.0 -center {10.967 2.944}
[15:15:25.06] /o {5.305 2.432} {13.768 7.421}
[15:15:25.71] /# gi::executeAction deSelectActive -in [gi::getWindows 20]
[15:15:25.71] /i de::deselectAll [db::getNext [de::getContexts -window 20]]
[15:15:25.71] /i de::select [de::getActiveFigure [gi::getWindows 20] -point {10.644 3.003} -index 0 -intent none]
[15:15:25.71] /o oa:0x281366e0
[15:15:25.87] /# gi::executeAction deCanvasZoomInAtPoint -in [gi::getWindows 20]
[15:15:25.87] /i de::zoom -window [gi::getWindows 20] -factor 2.0 -center {10.644 3.003}
[15:15:25.87] /o {7.974 2.718} {12.206 5.212}
[15:15:26.49] /# gi::executeAction leStartStretchDrag -in [gi::getWindows 20]
[15:15:26.49] /i layout_editor::directStretch [de::getActiveFigure [gi::getWindows 20] -point {10.636 3.046} -index 0 -intent none] 20
[15:15:26.49] /# ile::stretch -point {10.635 3.045}
[15:15:29.00] /# gi::executeAction deEndDrag -in [gi::getWindows 20]
[15:15:29.00] /i de::endDrag {10.62 3.043} -context [db::getNext [de::getContexts -window 20]]
[15:15:29.31] /# gi::executeAction deSelectActive -in [gi::getWindows 20]
[15:15:29.31] /i de::deselectAll [db::getNext [de::getContexts -window 20]]
[15:15:29.31] /i de::deselectAllLogic -context [db::getNext [de::getContexts -window 20]]
[15:15:29.50] /# gi::executeAction deCanvasZoomOutAtPoint -in [gi::getWindows 20]
[15:15:29.50] /i de::zoom -window [gi::getWindows 20] -factor 0.5 -center {10.927 4.008}
[15:15:29.51] /o {5.022 1.427} {13.485 6.416}
[15:15:30.17] /# gi::executeAction deSelectActive -in [gi::getWindows 20]
[15:15:30.17] /i de::deselectAll [db::getNext [de::getContexts -window 20]]
[15:15:30.17] /i de::select [de::getActiveFigure [gi::getWindows 20] -point {10.829 5.037} -index 0 -intent none]
[15:15:30.17] /o oa:0x277423d0
[15:15:30.43] /# gi::executeAction deCanvasZoomOutAtPoint -in [gi::getWindows 20]
[15:15:30.43] /i de::zoom -window [gi::getWindows 20] -factor 0.5 -center {10.829 5.037}
[15:15:30.43] /o {-0.786 -2.183} {16.142 7.795}
[15:15:31.01] /# gi::executeAction leStartStretchDrag -in [gi::getWindows 20]
[15:15:31.01] /i layout_editor::directStretch [de::getActiveFigure [gi::getWindows 20] -point {10.83 5.036} -index 0 -intent none] 20
[15:15:31.01] /# ile::stretch -point {10.83 5.035}
[15:15:31.46] /# gi::executeAction deEndDrag -in [gi::getWindows 20]
[15:15:31.46] /i de::endDrag {10.657 7.364} -context [db::getNext [de::getContexts -window 20]]
[15:15:32.10] /# gi::executeAction deSelectActive -in [gi::getWindows 20]
[15:15:32.10] /i de::deselectAll [db::getNext [de::getContexts -window 20]]
[15:15:32.10] /i de::deselectAllLogic -context [db::getNext [de::getContexts -window 20]]
[15:15:32.40] /# gi::executeAction deSelectActive -in [gi::getWindows 20]
[15:15:32.40] /i de::deselectAll [db::getNext [de::getContexts -window 20]]
[15:15:32.40] /i de::select [de::getActiveFigure [gi::getWindows 20] -point {11.562 5.241} -index 0 -intent none]
[15:15:32.40] /o oa:0x26bd1620
[15:15:32.87] /# gi::executeAction leStartStretchDrag -in [gi::getWindows 20]
[15:15:32.87] /i layout_editor::directStretch [de::getActiveFigure [gi::getWindows 20] -point {11.562 5.241} -index 0 -intent none] 20
[15:15:32.87] /# ile::stretch -point {11.56 5.24}
[15:15:33.31] /# gi::executeAction deEndDrag -in [gi::getWindows 20]
[15:15:33.31] /i de::endDrag {12.08 7.472} -context [db::getNext [de::getContexts -window 20]]
[15:15:34.07] /# gi::executeAction deSelectActive -in [gi::getWindows 20]
[15:15:34.07] /i de::deselectAll [db::getNext [de::getContexts -window 20]]
[15:15:34.07] /i de::select [de::getActiveFigure [gi::getWindows 20] -point {8.923 5.133} -index 0 -intent none]
[15:15:34.07] /o oa:0x2687a940
[15:15:34.46] /# gi::executeAction leStartStretchDrag -in [gi::getWindows 20]
[15:15:34.46] /i layout_editor::directStretch [de::getActiveFigure [gi::getWindows 20] -point {8.923 5.101} -index 0 -intent none] 20
[15:15:34.46] /# ile::stretch -point {8.925 5.1}
[15:15:35.04] /# gi::executeAction deEndDrag -in [gi::getWindows 20]
[15:15:35.04] /i de::endDrag {8.923 7.666} -context [db::getNext [de::getContexts -window 20]]
[15:15:36.84] /# gi::executeAction deCanvasZoomInAtPoint -in [gi::getWindows 20]
[15:15:36.84] /i de::zoom -window [gi::getWindows 20] -factor 2.0 -center {7.985 4.293}
[15:15:36.84] /o {3.6 1.055} {12.063 6.044}
[15:15:36.87] /# gi::executeAction deCanvasZoomInAtPoint -in [gi::getWindows 20]
[15:15:36.87] /i de::zoom -window [gi::getWindows 20] -factor 2.0 -center {7.985 4.293}
[15:15:36.87] /o {5.792 2.674} {10.024 5.168}
[15:15:37.29] /# gi::executeAction deSelectActive -in [gi::getWindows 20]
[15:15:37.29] /i de::deselectAll [db::getNext [de::getContexts -window 20]]
[15:15:37.29] /i de::select [de::getActiveFigure [gi::getWindows 20] -point {7.953 4.199} -index 0 -intent none]
[15:15:37.29] /o oa:0x25aa2460
[15:15:37.81] /# gi::executeAction leStartStretchDrag -in [gi::getWindows 20]
[15:15:37.81] /i layout_editor::directStretch [de::getActiveFigure [gi::getWindows 20] -point {7.953 4.199} -index 0 -intent none] 20
[15:15:37.81] /# ile::stretch -point {7.955 4.2}
[15:15:38.17] /# gi::executeAction deEndDrag -in [gi::getWindows 20]
[15:15:38.17] /i de::endDrag {8.114 5.287} -context [db::getNext [de::getContexts -window 20]]
[15:15:38.52] /# gi::executeAction deCanvasZoomOutAtPoint -in [gi::getWindows 20]
[15:15:38.52] /i de::zoom -window [gi::getWindows 20] -factor 0.5 -center {7.974 4.778}
[15:15:38.52] /o {3.611 0.57} {12.074 5.559}
[15:15:38.77] /# gi::executeAction deFitView -in [gi::getWindows 20]
[15:15:38.77] /i de::fit -window 20 -fitView true
[15:15:38.77] /o {4.448 1.993} {14.867 8.134}
[15:15:40.14] /# gi::executeAction leStartStretchDrag -in [gi::getWindows 20]
[15:15:40.14] /i layout_editor::directStretch [de::getActiveFigure [gi::getWindows 20] -point {7.976 5.402} -index 0 -intent none] 20
[15:15:40.14] /# ile::stretch -point {7.975 5.4}
[15:15:40.24] /# gi::executeAction deEndDrag -in [gi::getWindows 20]
[15:15:40.24] /i de::endDrag {8.009 5.601} -context [db::getNext [de::getContexts -window 20]]
[15:15:41.49] /# gi::executeAction leStartStretchDrag -in [gi::getWindows 20]
[15:15:41.49] /i layout_editor::directStretch [de::getActiveFigure [gi::getWindows 20] -point {7.877 5.422} -index 0 -intent none] 20
[15:15:41.49] /# ile::stretch -point {7.875 5.42}
[15:15:42.01] /# gi::executeAction deEndDrag -in [gi::getWindows 20]
[15:15:42.01] /i de::endDrag {8.016 7.597} -context [db::getNext [de::getContexts -window 20]]
[15:16:41.62] /# gi::executeAction deCanvasZoomInAtPoint -in [gi::getWindows 20]
[15:16:41.62] /i de::zoom -window [gi::getWindows 20] -factor 2.0 -center {12.811 4.745}
[15:16:41.62] /o {8.63 3.369} {13.839 6.44}
[15:16:41.74] /# gi::executeAction deCanvasZoomInAtPoint -in [gi::getWindows 20]
[15:16:41.74] /i de::zoom -window [gi::getWindows 20] -factor 2.0 -center {12.811 4.745}
[15:16:41.74] /o {10.72 4.057} {13.325 5.592}
[15:16:42.56] /# gi::executeAction leStretch -in [gi::getWindows 20]
[15:16:42.56] /i ile::stretch
[15:16:43.24] /# gi::executeAction deAddPoint -in [gi::getWindows 20]
[15:16:43.24] /i de::addPoint {12.586 4.815} -context [db::getNext [de::getContexts -window 20]]
[15:16:43.55] /# gi::executeAction deAbortCommand -in [gi::getWindows 20]
[15:16:43.55] /i de::abortCommand -context [db::getNext [de::getContexts -window 20]]
[15:16:44.16] /# gi::executeAction leStretch -in [gi::getWindows 20]
[15:16:44.16] /i ile::stretch
[15:16:44.47] /# gi::executeAction deAddPoint -in [gi::getWindows 20]
[15:16:44.47] /i de::addPoint {12.592 4.815} -context [db::getNext [de::getContexts -window 20]]
[15:16:44.90] /# gi::executeAction deAbortCommand -in [gi::getWindows 20]
[15:16:44.91] /i de::abortCommand -context [db::getNext [de::getContexts -window 20]]
[15:16:45.33] /# gi::executeAction deCanvasZoomOutAtPoint -in [gi::getWindows 20]
[15:16:45.33] /i de::zoom -window [gi::getWindows 20] -factor 0.5 -center {12.645 4.74}
[15:16:45.33] /o {8.796 3.374} {14.005 6.445}
[15:16:46.72] /i gi::executeAction deSaveDesign -in [gi::getWindows 20]
[15:16:46.72] /m Information: Saving design 'new_dff D_latch layout'. (DESIGN_WINDOW-004)
[15:16:47.91] /# gi::executeAction deCanvasZoomOutAtPoint -in [gi::getWindows 20]
[15:16:47.91] /i de::zoom -window [gi::getWindows 20] -factor 0.5 -center {11.186 5.775}
[15:16:47.91] /o {6.405 0.973} {16.824 7.114}
[15:16:47.96] /# gi::executeAction deCanvasZoomOutAtPoint -in [gi::getWindows 20]
[15:16:47.96] /i de::zoom -window [gi::getWindows 20] -factor 0.5 -center {11.207 5.761}
[15:16:47.97] /o {1.603 -3.815} {22.441 8.467}
[15:16:48.40] /# gi::executeAction deCanvasZoomInAtPoint -in [gi::getWindows 20]
[15:16:48.40] /i de::zoom -window [gi::getWindows 20] -factor 2.0 -center {11.352 6.199}
[15:16:48.41] /o {6.478 1.192} {16.896 7.333}
[15:16:48.95] /# gi::executeAction deSelectByWindow -in [gi::getWindows 20]
[15:16:48.95] /i db::setPrefValue deSelectMode -value Replace -scope [db::getScopes [db::getNext [de::getContexts -window 20]]]; ide::selectByRegion -region rectangle -point {11.04 7.185} 
[15:16:49.50] /# gi::executeAction deEndDrag -in [gi::getWindows 20]
[15:16:49.50] /i de::endDrag {13.561 1.882} -context [db::getNext [de::getContexts -window 20]]
[15:16:50.47] /# gi::executeAction leMove -in [gi::getWindows 20]
[15:16:50.47] /i ile::move
[15:16:50.68] /# gi::executeAction deAddPoint -in [gi::getWindows 20]
[15:16:50.68] /i de::addPoint {12.387 5.974} -context [db::getNext [de::getContexts -window 20]]
[15:16:52.36] /# gi::executeAction deAddPoint -in [gi::getWindows 20]
[15:16:52.36] /i de::addPoint {12.075 5.974} -context [db::getNext [de::getContexts -window 20]]
[15:16:53.18] /# gi::executeAction leMove -in [gi::getWindows 20]
[15:16:53.18] /i ile::move
[15:16:53.42] /# gi::executeAction deAddPoint -in [gi::getWindows 20]
[15:16:53.42] /i de::addPoint {12.075 5.974} -context [db::getNext [de::getContexts -window 20]]
[15:16:57.32] /# gi::executeAction deAddPoint -in [gi::getWindows 20]
[15:16:57.32] /i de::addPoint {12.135 5.901} -context [db::getNext [de::getContexts -window 20]]
[15:16:58.17] /# gi::executeAction leMove -in [gi::getWindows 20]
[15:16:58.17] /i ile::move
[15:16:58.42] /# gi::executeAction deAddPoint -in [gi::getWindows 20]
[15:16:58.42] /i de::addPoint {12.135 5.901} -context [db::getNext [de::getContexts -window 20]]
[15:17:01.78] /# gi::executeAction deAddPoint -in [gi::getWindows 20]
[15:17:01.78] /i de::addPoint {11.737 5.914} -context [db::getNext [de::getContexts -window 20]]
[15:17:02.26] /# gi::executeAction deSelectActive -in [gi::getWindows 20]
[15:17:02.26] /i de::deselectAll [db::getNext [de::getContexts -window 20]]
[15:17:02.26] /i de::deselectAllLogic -context [db::getNext [de::getContexts -window 20]]
[15:17:03.73] /i gi::executeAction deSaveDesign -in [gi::getWindows 20]
[15:17:03.73] /m Information: Saving design 'new_dff D_latch layout'. (DESIGN_WINDOW-004)
[15:17:04.82] /# gi::executeAction xtDRCRun -in [gi::getWindows 20]
[15:17:04.82] /i xt::physicalVerification::executeRun drc 20
[15:17:04.91] /# xt::physicalVerification::executePve drc 20
[15:17:05.76] /r giWindowId 44
[15:17:05.77] /r giWindowGeometry 800x600
[15:17:06.66] /m Information: 
              /c =============================
              /c JobID: hercules_drc_44
              /c --- ERROR SUMMARY -----------
              /c 7.30: Minimum area of Metal 1 >= 0.04
              /c  AREA M1S { } (101) ..................................... 2 violations found.
              /c =============================
              /c 
[15:17:06.97] /j ::xt::hercules::vue::_private::registerConnection localhost:42317 tcp112 herculesVue_7 
[15:17:07.01] /j ::xt::hercules::vue::_private::isJobReady 
[15:17:07.01] /o false
[15:17:08.01] /j ::xt::hercules::vue::_private::isJobReady 
[15:17:08.01] /o false
[15:17:09.01] /m Information: Connection established with 'Hercules-VUE' running on 'localhost'.
[15:17:09.01] /j ::xt::hercules::vue::_private::isJobReady 
[15:17:09.01] /o true
[15:17:09.01] /j ::xt::hercules::vue::startFilter LAY 
[15:17:09.03] /i gi::pressButton {ConsoleToggleButton} -in [db::getAttr statusbar -of [gi::getWindows 44]]
[15:17:09.19] /j ::xt::hercules::vue::setInlibPath /home/itsupport/Desktop/lab1vlsi/. 
[15:17:09.21] /j ::xt::hercules::vue::setTopLayLCV new_dff D_latch layout 
[15:17:09.22] /j ::xt::hercules::vue::openCell new_dff D_latch layout 
[15:17:11.70] /i gi::executeAction giCloseWindow -in [gi::getWindows 44]
[15:17:11.71] /i gi::setActiveWindow 20
[15:17:11.71] /i gi::setActiveWindow 20 -raise true
[15:17:12.50] /# gi::executeAction deCanvasZoomInAtPoint -in [gi::getWindows 20]
[15:17:12.50] /i de::zoom -window [gi::getWindows 20] -factor 2.0 -center {11.856 4.342}
[15:17:12.50] /o {9.167 2.767} {14.376 5.838}
[15:17:12.84] /# gi::executeAction leStretch -in [gi::getWindows 20]
[15:17:12.84] /i ile::stretch
[15:17:13.87] /# gi::executeAction deAddPoint -in [gi::getWindows 20]
[15:17:13.87] /i de::addPoint {11.886 4.74} -context [db::getNext [de::getContexts -window 20]]
[15:17:14.48] /# gi::executeAction deCanvasZoomInAtPoint -in [gi::getWindows 20]
[15:17:14.48] /i de::zoom -window [gi::getWindows 20] -factor 2.0 -center {11.856 3.977}
[15:17:14.48] /o {10.511 3.372} {13.116 4.907}
[15:17:14.60] /# gi::executeAction deCanvasZoomInAtPoint -in [gi::getWindows 20]
[15:17:14.60] /i de::zoom -window [gi::getWindows 20] -factor 2.0 -center {11.856 3.966}
[15:17:14.60] /o {11.184 3.669} {12.486 4.437}
[15:17:18.57] /# gi::executeAction deAddPoint -in [gi::getWindows 20]
[15:17:18.57] /i de::addPoint {11.863 3.872} -context [db::getNext [de::getContexts -window 20]]
[15:17:19.19] /# gi::executeAction deFitView -in [gi::getWindows 20]
[15:17:19.19] /i de::fit -window 20 -fitView true
[15:17:19.19] /o {4.129 1.912} {14.765 8.18}
[15:17:20.16] /i gi::executeAction deSaveDesign -in [gi::getWindows 20]
[15:17:20.16] /m Information: Saving design 'new_dff D_latch layout'. (DESIGN_WINDOW-004)
[15:17:21.14] /i gi::executeAction deSaveDesign -in [gi::getWindows 20]
[15:17:21.14] /m Information: Saving design 'new_dff D_latch layout'. (DESIGN_WINDOW-004)
[15:17:21.94] /# gi::executeAction deCanvasZoomInAtPoint -in [gi::getWindows 20]
[15:17:21.94] /i de::zoom -window [gi::getWindows 20] -factor 2.0 -center {11.305 6.833}
[15:17:21.94] /o {7.717 4.372} {13.035 7.507}
[15:17:22.07] /# gi::executeAction deCanvasZoomInAtPoint -in [gi::getWindows 20]
[15:17:22.07] /i de::zoom -window [gi::getWindows 20] -factor 2.0 -center {11.305 6.833}
[15:17:22.07] /o {9.511 5.603} {12.17 7.17}
[15:17:22.42] /# gi::executeAction leStretch -in [gi::getWindows 20]
[15:17:22.42] /i ile::stretch
[15:17:23.23] /# gi::executeAction deAddPoint -in [gi::getWindows 20]
[15:17:23.23] /i de::addPoint {11.116 6.696} -context [db::getNext [de::getContexts -window 20]]
[15:17:24.48] /# gi::executeAction deAddPoint -in [gi::getWindows 20]
[15:17:24.48] /i de::addPoint {11.132 7.107} -context [db::getNext [de::getContexts -window 20]]
[15:17:25.45] /i gi::executeAction deSaveDesign -in [gi::getWindows 20]
[15:17:25.45] /m Information: Saving design 'new_dff D_latch layout'. (DESIGN_WINDOW-004)
[15:17:27.12] /# gi::executeAction xtDRCRun -in [gi::getWindows 20]
[15:17:27.13] /i xt::physicalVerification::executeRun drc 20
[15:17:27.21] /# xt::physicalVerification::executePve drc 20
[15:17:28.06] /r giWindowId 45
[15:17:28.07] /r giWindowGeometry 800x600
[15:17:29.01] /m Information: 
              /c =============================
              /c JobID: hercules_drc_45
              /c --- ERROR SUMMARY -----------
              /c 7.30: Minimum area of Metal 1 >= 0.04
              /c  AREA M1S { } (101) ..................................... 1 violation found.
              /c =============================
              /c 
[15:17:29.35] /j ::xt::hercules::vue::_private::registerConnection localhost:49175 tcp118 herculesVue_8 
[15:17:29.36] /m Information: Connection established with 'Hercules-VUE' running on 'localhost'.
[15:17:29.41] /j ::xt::hercules::vue::_private::isJobReady 
[15:17:29.41] /o true
[15:17:29.44] /j ::xt::hercules::vue::startFilter LAY 
[15:17:29.61] /j ::xt::hercules::vue::setInlibPath /home/itsupport/Desktop/lab1vlsi/. 
[15:17:29.63] /j ::xt::hercules::vue::setTopLayLCV new_dff D_latch layout 
[15:17:29.65] /j ::xt::hercules::vue::openCell new_dff D_latch layout 
[15:17:31.71] /j ::xt::hercules::vue::clearAllHighlights D_latch layout 
[15:17:32.65] /j ::xt::hercules::vue::clearAllHighlights D_latch layout 
[15:17:32.65] /j ::xt::hercules::vue::clearAllHighlights D_latch layout 
[15:17:32.65] /j ::xt::hercules::vue::openCell new_dff D_latch layout 
[15:17:33.21] /j ::xt::hercules::vue::clearAllHighlights D_latch layout 
[15:17:33.23] /j ::xt::hercules::vue::clearAllHighlights D_latch layout 
[15:17:33.25] /j ::xt::hercules::vue::setHighlightProperty D_latch layout yellow brick 
[15:17:33.25] /j ::xt::hercules::vue::addPolygonBegin 4 
[15:17:33.31] /j ::xt::hercules::vue::addPolygonPoints {9.705 3.915 9.705 4.125 9.855 4.125 9.855 3.915 9.705 3.915} 
[15:17:33.31] /j ::xt::hercules::vue::addPolygonEnd 
[15:17:33.31] /j ::xt::hercules::vue::setViewPort extents {9.686 3.889 9.874 4.151} LAY 
[15:17:33.33] /j ::xt::hercules::vue::addErrorDescription {"Area: 0.032"} 
[15:17:33.35] /j ::xt::hercules::vue::drawHighlights D_latch layout all 
[15:17:33.55] /j ::xt::hercules::vue::clearAllHighlights D_latch layout 
[15:17:33.55] /j ::xt::hercules::vue::clearAllHighlights D_latch layout 
[15:17:33.55] /j ::xt::hercules::vue::setHighlightProperty D_latch layout yellow brick 
[15:17:33.55] /j ::xt::hercules::vue::addPolygonBegin 4 
[15:17:33.61] /j ::xt::hercules::vue::addPolygonPoints {9.705 3.915 9.705 4.125 9.855 4.125 9.855 3.915 9.705 3.915} 
[15:17:33.61] /j ::xt::hercules::vue::addPolygonEnd 
[15:17:33.61] /j ::xt::hercules::vue::setViewPort extents {9.686 3.889 9.874 4.151} LAY 
[15:17:33.63] /j ::xt::hercules::vue::addErrorDescription {"Area: 0.032"} 
[15:17:33.65] /j ::xt::hercules::vue::drawHighlights D_latch layout all 
[15:17:34.14] /i gi::setActiveWindow 45
[15:17:34.14] /i gi::setActiveWindow 45 -raise true
[15:17:34.51] /i gi::setActiveWindow 20
[15:17:34.51] /i gi::setActiveWindow 20 -raise true
[15:17:34.94] /# gi::executeAction deCanvasZoomOutAtPoint -in [gi::getWindows 20]
[15:17:34.94] /i de::zoom -window [gi::getWindows 20] -factor 0.5 -center {9.84 4.101}
[15:17:34.94] /o {9.276 3.677} {10.164 4.201}
[15:17:34.97] /# gi::executeAction deCanvasZoomOutAtPoint -in [gi::getWindows 20]
[15:17:34.97] /i de::zoom -window [gi::getWindows 20] -factor 0.5 -center {9.841 4.099}
[15:17:34.97] /o {8.71 3.255} {10.488 4.303}
[15:17:35.57] /# gi::executeAction deCanvasZoomOutAtPoint -in [gi::getWindows 20]
[15:17:35.57] /i de::zoom -window [gi::getWindows 20] -factor 0.5 -center {9.844 4.106}
[15:17:35.57] /o {7.576 2.404} {11.132 4.5}
[15:17:35.99] /# gi::executeAction deCanvasZoomInAtPoint -in [gi::getWindows 20]
[15:17:35.99] /i de::zoom -window [gi::getWindows 20] -factor 2.0 -center {9.853 4.208}
[15:17:35.99] /o {8.715 3.306} {10.492 4.354}
[15:17:36.25] /# gi::executeAction deFitView -in [gi::getWindows 20]
[15:17:36.25] /i de::fit -window 20 -fitView true
[15:17:36.25] /o {4.129 1.912} {14.765 8.18}
[15:17:38.46] /# gi::executeAction deCanvasZoomInAtPoint -in [gi::getWindows 20]
[15:17:38.46] /i de::zoom -window [gi::getWindows 20] -factor 2.0 -center {9.694 4.213}
[15:17:38.46] /o {6.912 3.062} {12.229 6.197}
[15:17:38.77] /# gi::executeAction leStretch -in [gi::getWindows 20]
[15:17:38.77] /i ile::stretch
[15:17:39.87] /# gi::executeAction deAddPoint -in [gi::getWindows 20]
[15:17:39.87] /i de::addPoint {9.779 4.741} -context [db::getNext [de::getContexts -window 20]]
[15:17:40.33] /# gi::executeAction deCanvasZoomInAtPoint -in [gi::getWindows 20]
[15:17:40.33] /i de::zoom -window [gi::getWindows 20] -factor 2.0 -center {9.799 4.196}
[15:17:40.33] /o {8.355 3.629} {11.014 5.196}
[15:17:40.41] /# gi::executeAction deCanvasZoomInAtPoint -in [gi::getWindows 20]
[15:17:40.41] /i de::zoom -window [gi::getWindows 20] -factor 2.0 -center {9.799 4.191}
[15:17:40.41] /o {9.077 3.91} {10.407 4.694}
[15:17:40.54] /# gi::executeAction deCanvasZoomInAtPoint -in [gi::getWindows 20]
[15:17:40.54] /i de::zoom -window [gi::getWindows 20] -factor 2.0 -center {9.801 4.188}
[15:17:40.54] /o {9.439 4.049} {10.104 4.441}
[15:17:40.91] /# gi::executeAction deCanvasZoomOutAtPoint -in [gi::getWindows 20]
[15:17:40.91] /i de::zoom -window [gi::getWindows 20] -factor 0.5 -center {9.807 4.138}
[15:17:40.91] /o {9.071 3.96} {10.401 4.744}
[15:17:40.99] /# gi::executeAction deCanvasZoomOutAtPoint -in [gi::getWindows 20]
[15:17:40.99] /i de::zoom -window [gi::getWindows 20] -factor 0.5 -center {9.807 4.134}
[15:17:40.99] /o {8.335 3.786} {10.994 5.353}
[15:17:43.78] /# gi::executeAction deAddPoint -in [gi::getWindows 20]
[15:17:43.78] /i de::addPoint {9.809 3.945} -context [db::getNext [de::getContexts -window 20]]
[15:17:45.00] /i gi::executeAction deSaveDesign -in [gi::getWindows 20]
[15:17:45.01] /m Information: Saving design 'new_dff D_latch layout'. (DESIGN_WINDOW-004)
[15:17:46.06] /# gi::executeAction xtDRCRun -in [gi::getWindows 20]
[15:17:46.06] /i xt::physicalVerification::executeRun drc 20
[15:17:46.15] /# xt::physicalVerification::executePve drc 20
[15:17:47.97] /m Information: 
              /c =============================
              /c JobID: hercules_drc_46
              /c Completed with no errors.
              /c =============================
              /c 
[15:17:51.14] /i gi::executeAction giCloseWindow -in [gi::getWindows 45]
[15:17:51.15] /i gi::setActiveWindow 20
[15:17:51.15] /i gi::setActiveWindow 20 -raise true
[15:17:51.49] /# gi::executeAction deFitView -in [gi::getWindows 20]
[15:17:51.49] /i de::fit -window 20 -fitView true
[15:17:51.49] /o {4.129 1.912} {14.765 8.18}
[15:17:52.27] /# gi::executeAction deCanvasZoomInAtPoint -in [gi::getWindows 20]
[15:17:52.27] /i de::zoom -window [gi::getWindows 20] -factor 2.0 -center {10.567 3.469}
[15:17:52.27] /o {7.348 2.69} {12.666 5.825}
[15:17:54.04] /# gi::executeAction deCanvasZoomOutAtPoint -in [gi::getWindows 20]
[15:17:54.04] /i de::zoom -window [gi::getWindows 20] -factor 0.5 -center {10.52 3.618}
[15:17:54.04] /o {4.176 1.763} {14.812 8.031}
[15:17:55.02] /# gi::executeAction deAddPoint -in [gi::getWindows 20]
[15:17:55.02] /i de::addPoint {11 4.856} -context [db::getNext [de::getContexts -window 20]]
[15:17:56.32] /# gi::executeAction deStartDrag -in [gi::getWindows 20]
[15:17:56.32] /i de::startDrag {9.396 7.442} -context [db::getNext [de::getContexts -window 20]]
[15:17:57.95] /# gi::executeAction deEndDrag -in [gi::getWindows 20]
[15:17:57.95] /i de::endDrag {13.823 1.851} -context [db::getNext [de::getContexts -window 20]]
[15:17:59.27] /# gi::executeAction leMove -in [gi::getWindows 20]
[15:17:59.27] /i ile::move
[15:17:59.50] /# gi::executeAction deAddPoint -in [gi::getWindows 20]
[15:17:59.50] /i de::addPoint {11.535 6.183} -context [db::getNext [de::getContexts -window 20]]
[15:18:00.52] /# gi::executeAction deAddPoint -in [gi::getWindows 20]
[15:18:00.52] /i de::addPoint {11.569 6.224} -context [db::getNext [de::getContexts -window 20]]
[15:18:00.53] /# gi::executeAction deAbortCommand -in [gi::getWindows 20]
[15:18:00.53] /i de::abortCommand -context [db::getNext [de::getContexts -window 20]]
[15:18:02.77] /i de::undoTransaction -design [db::getAttr editDesign -of [de::getContexts -window 20]] -steps 1
[15:18:04.42] /i de::undoTransaction -design [db::getAttr editDesign -of [de::getContexts -window 20]] -steps 1
[15:18:06.05] /i de::redoTransaction -design [db::getAttr editDesign -of [de::getContexts -window 20]] -steps 1
[15:18:06.55] /# gi::executeAction deSelectActive -in [gi::getWindows 20]
[15:18:06.55] /i de::deselectAll [db::getNext [de::getContexts -window 20]]
[15:18:06.55] /i de::select [de::getActiveFigure [gi::getWindows 20] -point {10.98 2.406} -index 0 -intent none]
[15:18:06.55] /o oa:0x269119c0
[15:18:07.58] /# gi::executeAction deSelectActive -in [gi::getWindows 20]
[15:18:07.58] /i de::deselectAll [db::getNext [de::getContexts -window 20]]
[15:18:07.58] /i de::deselectAllLogic -context [db::getNext [de::getContexts -window 20]]
[15:18:07.97] /# gi::executeAction deSelectByWindow -in [gi::getWindows 20]
[15:18:07.97] /i db::setPrefValue deSelectMode -value Replace -scope [db::getScopes [db::getNext [de::getContexts -window 20]]]; ide::selectByRegion -region rectangle -point {13.545 1.835} 
[15:18:08.96] /# gi::executeAction deEndDrag -in [gi::getWindows 20]
[15:18:08.96] /i de::endDrag {9.301 7.558} -context [db::getNext [de::getContexts -window 20]]
[15:18:10.19] /# gi::executeAction leMove -in [gi::getWindows 20]
[15:18:10.19] /i ile::move
[15:18:10.35] /# gi::executeAction deAddPoint -in [gi::getWindows 20]
[15:18:10.35] /i de::addPoint {11.027 6.204} -context [db::getNext [de::getContexts -window 20]]
[15:18:12.27] /# gi::executeAction deCanvasZoomInAtPoint -in [gi::getWindows 20]
[15:18:12.27] /i de::zoom -window [gi::getWindows 20] -factor 2.0 -center {10.675 6.237}
[15:18:12.27] /o {7.426 4.0} {12.743 7.134}
[15:18:13.81] /# gi::executeAction deCanvasZoomOutAtPoint -in [gi::getWindows 20]
[15:18:13.81] /i de::zoom -window [gi::getWindows 20] -factor 0.5 -center {10.851 6.227}
[15:18:13.81] /o {4.0 1.773} {14.636 8.041}
[15:18:20.21] /# gi::executeAction deAddPoint -in [gi::getWindows 20]
[15:18:20.21] /i de::addPoint {10.906 6.112} -context [db::getNext [de::getContexts -window 20]]
[15:18:21.62] /i gi::executeAction deSaveDesign -in [gi::getWindows 20]
[15:18:21.62] /m Information: Saving design 'new_dff D_latch layout'. (DESIGN_WINDOW-004)
[15:18:22.94] /# gi::executeAction xtDRCRun -in [gi::getWindows 20]
[15:18:22.94] /i xt::physicalVerification::executeRun drc 20
[15:18:23.03] /# xt::physicalVerification::executePve drc 20
[15:18:23.89] /r giWindowId 46
[15:18:23.90] /r giWindowGeometry 800x600
[15:18:24.86] /m Information: 
              /c =============================
              /c JobID: hercules_drc_47
              /c Completed with no errors.
              /c =============================
              /c 
[15:18:26.48] /i gi::executeAction giCloseWindow -in [gi::getWindows 46]
[15:18:26.49] /i gi::setActiveWindow 20
[15:18:26.49] /i gi::setActiveWindow 20 -raise true
[15:18:27.07] /# gi::executeAction deCanvasZoomInAtPoint -in [gi::getWindows 20]
[15:18:27.07] /i de::zoom -window [gi::getWindows 20] -factor 2.0 -center {8.719 3.201}
[15:18:27.07] /o {6.36 2.487} {11.677 5.621}
[15:18:27.38] /# gi::executeAction deSelectActive -in [gi::getWindows 20]
[15:18:27.38] /i de::deselectAll [db::getNext [de::getContexts -window 20]]
[15:18:27.38] /i de::deselectAllLogic -context [db::getNext [de::getContexts -window 20]]
[15:18:27.78] /# gi::executeAction deCanvasZoomInAtPoint -in [gi::getWindows 20]
[15:18:27.78] /i de::zoom -window [gi::getWindows 20] -factor 2.0 -center {8.171 3.648}
[15:18:27.79] /o {7.265 3.067} {9.924 4.635}
[15:18:28.77] /# gi::executeAction leRuler -in [gi::getWindows 20]
[15:18:28.77] /i ile::createRuler
[15:18:29.09] /# gi::executeAction deCanvasZoomInAtPoint -in [gi::getWindows 20]
[15:18:29.09] /i de::zoom -window [gi::getWindows 20] -factor 2.0 -center {8.841 3.623}
[15:18:29.09] /o {8.053 3.345} {9.383 4.129}
[15:18:29.21] /# gi::executeAction deCanvasZoomInAtPoint -in [gi::getWindows 20]
[15:18:29.21] /i de::zoom -window [gi::getWindows 20] -factor 2.0 -center {8.772 3.633}
[15:18:29.21] /o {8.413 3.489} {9.077 3.881}
[15:18:30.54] /# gi::executeAction deAddPoint -in [gi::getWindows 20]
[15:18:30.54] /i de::addPoint {8.619 3.66} -context [db::getNext [de::getContexts -window 20]]
[15:18:31.59] /# gi::executeAction deAddPoint -in [gi::getWindows 20]
[15:18:31.59] /i de::addPoint {8.48 3.658} -context [db::getNext [de::getContexts -window 20]]
[15:18:31.84] /# gi::executeAction deCanvasZoomOutAtPoint -in [gi::getWindows 20]
[15:18:31.84] /i de::zoom -window [gi::getWindows 20] -factor 0.5 -center {8.74 3.656}
[15:18:31.84] /o {8.085 3.322} {9.415 4.106}
[15:18:31.87] /# gi::executeAction deCanvasZoomOutAtPoint -in [gi::getWindows 20]
[15:18:31.87] /i de::zoom -window [gi::getWindows 20] -factor 0.5 -center {8.74 3.656}
[15:18:31.87] /o {7.43 2.988} {10.089 4.556}
[15:18:31.92] /# gi::executeAction deCanvasZoomOutAtPoint -in [gi::getWindows 20]
[15:18:31.92] /i de::zoom -window [gi::getWindows 20] -factor 0.5 -center {8.808 3.66}
[15:18:31.92] /o {6.053 2.317} {11.37 5.451}
[15:18:32.39] /# gi::executeAction deCanvasZoomInAtPoint -in [gi::getWindows 20]
[15:18:32.39] /i de::zoom -window [gi::getWindows 20] -factor 2.0 -center {9.712 3.59}
[15:18:32.39] /o {7.882 2.953} {10.541 4.521}
[15:18:32.74] /# gi::executeAction deCanvasZoomInAtPoint -in [gi::getWindows 20]
[15:18:32.74] /i de::zoom -window [gi::getWindows 20] -factor 2.0 -center {9.773 3.564}
[15:18:32.74] /o {8.828 3.259} {10.157 4.042}
[15:18:34.14] /# gi::executeAction deAddPoint -in [gi::getWindows 20]
[15:18:34.14] /i de::addPoint {9.765 3.582} -context [db::getNext [de::getContexts -window 20]]
[15:18:36.02] /# gi::executeAction deAddPoint -in [gi::getWindows 20]
[15:18:36.02] /i de::addPoint {9.56 3.546} -context [db::getNext [de::getContexts -window 20]]
[15:18:36.26] /# gi::executeAction deCanvasZoomOutAtPoint -in [gi::getWindows 20]
[15:18:36.26] /i de::zoom -window [gi::getWindows 20] -factor 0.5 -center {9.57 3.541}
[15:18:36.26] /o {8.085 2.976} {10.744 4.544}
[15:18:36.31] /# gi::executeAction deCanvasZoomOutAtPoint -in [gi::getWindows 20]
[15:18:36.31] /i de::zoom -window [gi::getWindows 20] -factor 0.5 -center {9.57 3.542}
[15:18:36.31] /o {6.601 2.411} {11.918 5.545}
[15:18:36.80] /# gi::executeAction deAbortCommand -in [gi::getWindows 20]
[15:18:36.80] /i de::abortCommand -context [db::getNext [de::getContexts -window 20]]
[15:18:37.48] /# gi::executeAction deFitView -in [gi::getWindows 20]
[15:18:37.48] /i de::fit -window 20 -fitView true
[15:18:37.48] /o {4.129 1.912} {14.765 8.18}
[15:18:38.21] /# gi::executeAction deSelectActive -in [gi::getWindows 20]
[15:18:38.21] /i de::deselectAllLogic -context [db::getNext [de::getContexts -window 20]]
[15:18:38.36] /i gi::executeAction deCanvasDragCancel -in [gi::getWindows 20]
[15:18:39.32] /# gi::executeAction deSelectByWindow -in [gi::getWindows 20]
[15:18:39.32] /i db::setPrefValue deSelectMode -value Replace -scope [db::getScopes [db::getNext [de::getContexts -window 20]]]; ide::selectByRegion -region rectangle -point {12.525 2.025} 
[15:18:40.92] /# gi::executeAction deEndDrag -in [gi::getWindows 20]
[15:18:40.92] /i de::endDrag {9.329 7.774} -context [db::getNext [de::getContexts -window 20]]
[15:18:42.43] /# gi::executeAction leMove -in [gi::getWindows 20]
[15:18:42.43] /i ile::move
[15:18:42.90] /# gi::executeAction deAddPoint -in [gi::getWindows 20]
[15:18:42.90] /i de::addPoint {10.71 5.96} -context [db::getNext [de::getContexts -window 20]]
[15:18:43.36] /# gi::executeAction deCanvasZoomInAtPoint -in [gi::getWindows 20]
[15:18:43.36] /i de::zoom -window [gi::getWindows 20] -factor 2.0 -center {10.696 5.96}
[15:18:43.36] /o {7.413 3.936} {12.73 7.07}
[15:18:44.46] /# gi::executeAction deCanvasZoomOutAtPoint -in [gi::getWindows 20]
[15:18:44.46] /i de::zoom -window [gi::getWindows 20] -factor 0.5 -center {10.666 5.94}
[15:18:44.46] /o {4.159 1.932} {14.795 8.2}
[15:18:46.89] /# gi::executeAction deAddPoint -in [gi::getWindows 20]
[15:18:46.89] /i de::addPoint {10.624 5.939} -context [db::getNext [de::getContexts -window 20]]
[15:18:48.22] /i gi::executeAction deSaveDesign -in [gi::getWindows 20]
[15:18:48.22] /m Information: Saving design 'new_dff D_latch layout'. (DESIGN_WINDOW-004)
[15:18:49.36] /# gi::executeAction xtDRCRun -in [gi::getWindows 20]
[15:18:49.36] /i xt::physicalVerification::executeRun drc 20
[15:18:49.46] /# xt::physicalVerification::executePve drc 20
[15:18:50.32] /r giWindowId 47
[15:18:50.34] /r giWindowGeometry 800x600
[15:18:51.27] /m Information: 
              /c =============================
              /c JobID: hercules_drc_48
              /c Completed with no errors.
              /c =============================
              /c 
[15:18:52.63] /i gi::executeAction giCloseWindow -in [gi::getWindows 47]
[15:18:52.64] /i gi::setActiveWindow 20
[15:18:52.64] /i gi::setActiveWindow 20 -raise true
[15:18:53.29] /# gi::executeAction deSelectActive -in [gi::getWindows 20]
[15:18:53.29] /i de::deselectAll [db::getNext [de::getContexts -window 20]]
[15:18:53.29] /i de::deselectAllLogic -context [db::getNext [de::getContexts -window 20]]
[15:18:54.09] /# gi::executeAction deFitView -in [gi::getWindows 20]
[15:18:54.09] /i de::fit -window 20 -fitView true
[15:18:54.09] /o {4.087 1.912} {14.722 8.18}
[15:19:00.53] /i de::setActiveLPP [de::getLPPs "m1 drawing" -from [db::getAttr editDesign -of [de::getContexts -window 20]]]
[15:19:02.08] /# gi::executeAction leRectangle -in [gi::getWindows 20]
[15:19:02.08] /i ile::createRectangle
[15:19:02.69] /# gi::executeAction deCanvasZoomInAtPoint -in [gi::getWindows 20]
[15:19:02.69] /i de::zoom -window [gi::getWindows 20] -factor 2.0 -center {11.831 4.992}
[15:19:02.69] /o {7.959 3.452} {13.277 6.586}
[15:19:02.92] /# gi::executeAction deCanvasZoomInAtPoint -in [gi::getWindows 20]
[15:19:02.92] /i de::zoom -window [gi::getWindows 20] -factor 2.0 -center {11.787 4.958}
[15:19:02.93] /o {9.873 4.205} {12.532 5.772}
[15:19:06.58] /i de::setActiveLPP [de::getLPPs "m1 pin" -from [db::getAttr editDesign -of [de::getContexts -window 20]]]
[15:19:07.71] /# gi::executeAction deStartDrag -in [gi::getWindows 20]
[15:19:07.71] /i de::startDrag {11.62 4.821} -context [db::getNext [de::getContexts -window 20]]
[15:19:08.89] /# gi::executeAction deEndDrag -in [gi::getWindows 20]
[15:19:08.89] /i de::endDrag {11.696 4.445} -context [db::getNext [de::getContexts -window 20]]
[15:19:11.00] /# gi::executeAction leLabel -in [gi::getWindows 20]
[15:19:11.00] /i ile::createLabel
[15:19:13.12] /i gi::executeAction deObjectActivation -in [gi::getWindows 20]
[15:19:13.48] /i gi::setField {textMultiline} -value {Q} -in [gi::getToolbars {deCommandOptions} -from [gi::getWindows 20]]
[15:19:13.48] /i gi::executeAction deObjectActivation -in [gi::getWindows 20]
[15:19:14.44] /# gi::executeAction deAddPoint -in [gi::getWindows 20]
[15:19:14.44] /i de::addPoint {11.667 4.66} -context [db::getNext [de::getContexts -window 20]]
[15:19:14.59] /# gi::executeAction deAbortCommand -in [gi::getWindows 20]
[15:19:14.59] /i de::abortCommand -context [db::getNext [de::getContexts -window 20]]
[15:19:14.87] /# gi::executeAction deCanvasZoomOutAtPoint -in [gi::getWindows 20]
[15:19:14.87] /i de::zoom -window [gi::getWindows 20] -factor 0.5 -center {11.723 4.648}
[15:19:14.87] /o {8.023 3.762} {13.341 6.896}
[15:19:14.88] /# gi::executeAction deCanvasZoomOutAtPoint -in [gi::getWindows 20]
[15:19:14.88] /i de::zoom -window [gi::getWindows 20] -factor 0.5 -center {11.723 4.649}
[15:19:14.88] /o {4.323 2.875} {14.958 9.143}
[15:19:16.87] /# gi::executeAction leRectangle -in [gi::getWindows 20]
[15:19:16.87] /i ile::createRectangle
[15:19:27.39] /i de::setActiveLPP [de::getLPPs "m4 drawing" -from [db::getAttr editDesign -of [de::getContexts -window 20]]]
[15:19:28.71] /# gi::executeAction leRectangle -in [gi::getWindows 20]
[15:19:28.71] /i ile::createRectangle
[15:19:29.91] /# gi::executeAction deCanvasZoomInAtPoint -in [gi::getWindows 20]
[15:19:29.91] /i de::zoom -window [gi::getWindows 20] -factor 2.0 -center {8.229 4.953}
[15:19:29.91] /o {6.276 3.914} {11.594 7.048}
[15:19:30.85] /# gi::executeAction deAbortCommand -in [gi::getWindows 20]
[15:19:30.85] /i de::abortCommand -context [db::getNext [de::getContexts -window 20]]
[15:19:31.40] /# gi::executeAction leStretch -in [gi::getWindows 20]
[15:19:31.40] /i ile::stretch
[15:19:31.84] /# gi::executeAction deAddPoint -in [gi::getWindows 20]
[15:19:31.84] /i de::addPoint {7.799 4.953} -context [db::getNext [de::getContexts -window 20]]
[15:19:32.73] /# gi::executeAction deCanvasZoomOutAtPoint -in [gi::getWindows 20]
[15:19:32.73] /i de::zoom -window [gi::getWindows 20] -factor 0.5 -center {10.886 4.56}
[15:19:32.74] /o {1.666 3.268} {12.301 9.536}
[15:19:33.67] /# gi::executeAction deCanvasZoomInAtPoint -in [gi::getWindows 20]
[15:19:33.67] /i de::zoom -window [gi::getWindows 20] -factor 2.0 -center {11.577 4.615}
[15:19:33.67] /o {6.621 3.941} {11.939 7.076}
[15:19:34.60] /# gi::executeAction deCanvasZoomInAtPoint -in [gi::getWindows 20]
[15:19:34.60] /i de::zoom -window [gi::getWindows 20] -factor 2.0 -center {11.712 4.618}
[15:19:34.60] /o {9.167 4.28} {11.826 5.847}
[15:19:36.03] /# gi::executeAction deAddPoint -in [gi::getWindows 20]
[15:19:36.03] /i de::addPoint {11.702 4.627} -context [db::getNext [de::getContexts -window 20]]
[15:19:37.48] /# gi::executeAction leVia -in [gi::getWindows 20]
[15:19:37.48] /i ile::createVia
[15:19:37.51] /o oa:0x27c87d20
[15:19:38.65] /# gi::executeAction deAddPoint -in [gi::getWindows 20]
[15:19:38.65] /i de::addPoint {11.672 4.946} -context [db::getNext [de::getContexts -window 20]]
[15:19:39.76] /i gi::executeAction deSaveDesign -in [gi::getWindows 20]
[15:19:39.76] /m Information: Saving design 'new_dff D_latch layout'. (DESIGN_WINDOW-004)
[15:19:41.15] /# gi::executeAction xtDRCRun -in [gi::getWindows 20]
[15:19:41.15] /i xt::physicalVerification::executeRun drc 20
[15:19:41.24] /# xt::physicalVerification::executePve drc 20
[15:19:42.12] /r giWindowId 48
[15:19:42.13] /r giWindowGeometry 800x600
[15:19:43.16] /m Information: 
              /c =============================
              /c JobID: hercules_drc_49
              /c --- ERROR SUMMARY -----------
              /c 7.34: Minimum spacing for Metal 2 >= 0.15
              /c  EXTERNAL M2S { } (101) ................................. 1 violation found.
              /c =============================
              /c 
[15:19:43.46] /j ::xt::hercules::vue::_private::registerConnection localhost:40595 tcp133 herculesVue_9 
[15:19:43.47] /m Information: Connection established with 'Hercules-VUE' running on 'localhost'.
[15:19:43.52] /j ::xt::hercules::vue::_private::isJobReady 
[15:19:43.52] /o true
[15:19:43.52] /j ::xt::hercules::vue::startFilter LAY 
[15:19:43.71] /j ::xt::hercules::vue::setInlibPath /home/itsupport/Desktop/lab1vlsi/. 
[15:19:43.72] /j ::xt::hercules::vue::setTopLayLCV new_dff D_latch layout 
[15:19:43.74] /j ::xt::hercules::vue::openCell new_dff D_latch layout 
[15:19:46.42] /j ::xt::hercules::vue::clearAllHighlights D_latch layout 
[15:19:47.18] /j ::xt::hercules::vue::clearAllHighlights D_latch layout 
[15:19:47.20] /j ::xt::hercules::vue::clearAllHighlights D_latch layout 
[15:19:47.22] /j ::xt::hercules::vue::openCell new_dff D_latch layout 
[15:19:47.48] /j ::xt::hercules::vue::clearAllHighlights D_latch layout 
[15:19:47.50] /j ::xt::hercules::vue::clearAllHighlights D_latch layout 
[15:19:47.52] /j ::xt::hercules::vue::setHighlightProperty D_latch layout yellow brick 
[15:19:47.54] /j ::xt::hercules::vue::addPolygonBegin 4 
[15:19:47.58] /j ::xt::hercules::vue::addPolygonPoints {11.580 5.150 11.580 5.255 11.730 5.255 11.730 5.150 11.580 5.150} 
[15:19:47.58] /j ::xt::hercules::vue::addPolygonEnd 
[15:19:47.58] /j ::xt::hercules::vue::setViewPort extents {11.561 5.137 11.749 5.268} LAY 
[15:19:47.60] /j ::xt::hercules::vue::addErrorDescription {"Distance: 0.105"} 
[15:19:47.62] /j ::xt::hercules::vue::drawHighlights D_latch layout all 
[15:19:47.72] /j ::xt::hercules::vue::clearAllHighlights D_latch layout 
[15:19:47.74] /j ::xt::hercules::vue::clearAllHighlights D_latch layout 
[15:19:47.75] /j ::xt::hercules::vue::setHighlightProperty D_latch layout yellow brick 
[15:19:47.75] /j ::xt::hercules::vue::addPolygonBegin 4 
[15:19:47.80] /j ::xt::hercules::vue::addPolygonPoints {11.580 5.150 11.580 5.255 11.730 5.255 11.730 5.150 11.580 5.150} 
[15:19:47.80] /j ::xt::hercules::vue::addPolygonEnd 
[15:19:47.80] /j ::xt::hercules::vue::setViewPort extents {11.561 5.137 11.749 5.268} LAY 
[15:19:47.82] /j ::xt::hercules::vue::addErrorDescription {"Distance: 0.105"} 
[15:19:47.84] /j ::xt::hercules::vue::drawHighlights D_latch layout all 
[15:19:48.55] /j ::xt::hercules::vue::clearAllHighlights D_latch layout 
[15:19:48.55] /j ::xt::hercules::vue::clearAllHighlights D_latch layout 
[15:19:48.56] /i gi::setActiveWindow 48
[15:19:48.56] /i gi::setActiveWindow 48 -raise true
[15:19:48.76] /m Information: Connection closed with 'Hercules-VUE' running on 'localhost'.
[15:19:49.09] /i gi::setActiveWindow 20
[15:19:49.10] /i gi::setActiveWindow 20 -raise true
[15:19:49.61] /# gi::executeAction deCanvasZoomOutAtPoint -in [gi::getWindows 20]
[15:19:49.61] /i de::zoom -window [gi::getWindows 20] -factor 0.5 -center {11.718 5.2}
[15:19:49.61] /o {11.37 5.074} {11.814 5.336}
[15:19:49.75] /# gi::executeAction deCanvasZoomOutAtPoint -in [gi::getWindows 20]
[15:19:49.75] /i de::zoom -window [gi::getWindows 20] -factor 0.5 -center {11.718 5.199}
[15:19:49.75] /o {11.022 4.949} {11.91 5.473}
[15:19:49.82] /# gi::executeAction deFitView -in [gi::getWindows 20]
[15:19:49.82] /i de::fit -window 20 -fitView true
[15:19:49.82] /o {4.087 1.912} {14.722 8.18}
[15:19:51.88] /# gi::executeAction deCanvasZoomInAtPoint -in [gi::getWindows 20]
[15:19:51.88] /i de::zoom -window [gi::getWindows 20] -factor 2.0 -center {11.953 4.85}
[15:19:51.88] /o {8.02 3.381} {13.338 6.515}
[15:19:52.00] /# gi::executeAction deCanvasZoomInAtPoint -in [gi::getWindows 20]
[15:19:52.00] /i de::zoom -window [gi::getWindows 20] -factor 2.0 -center {11.953 4.85}
[15:19:52.00] /o {9.986 4.115} {12.645 5.683}
[15:19:53.93] /i gi::setActiveWindow 48
[15:19:53.93] /i gi::setActiveWindow 48 -raise true
[15:19:55.43] /i gi::executeAction giCloseWindow -in [gi::getWindows 48]
[15:19:55.43] /i gi::setActiveWindow 20
[15:19:55.44] /i gi::setActiveWindow 20 -raise true
[15:19:57.72] /# gi::executeAction deCanvasZoomInAtPoint -in [gi::getWindows 20]
[15:19:57.72] /i de::zoom -window [gi::getWindows 20] -factor 2.0 -center {11.677 5.107}
[15:19:57.72] /o {10.832 4.611} {12.161 5.395}
[15:19:59.04] /# gi::executeAction leRuler -in [gi::getWindows 20]
[15:19:59.04] /i ile::createRuler
[15:20:00.62] /# gi::executeAction deAddPoint -in [gi::getWindows 20]
[15:20:00.62] /i de::addPoint {11.756 5.257} -context [db::getNext [de::getContexts -window 20]]
[15:20:01.36] /# gi::executeAction deAddPoint -in [gi::getWindows 20]
[15:20:01.36] /i de::addPoint {11.746 5.153} -context [db::getNext [de::getContexts -window 20]]
[15:20:01.42] /# gi::executeAction deFitView -in [gi::getWindows 20]
[15:20:01.42] /i de::fit -window 20 -fitView true
[15:20:01.42] /o {4.087 1.912} {14.722 8.18}
[15:20:02.67] /# gi::executeAction deCanvasZoomInAtPoint -in [gi::getWindows 20]
[15:20:02.67] /i de::zoom -window [gi::getWindows 20] -factor 2.0 -center {7.79 5.594}
[15:20:02.67] /o {5.938 3.753} {11.256 6.887}
[15:20:02.85] /# gi::executeAction deCanvasZoomInAtPoint -in [gi::getWindows 20]
[15:20:02.85] /i de::zoom -window [gi::getWindows 20] -factor 2.0 -center {7.729 5.594}
[15:20:02.85] /o {6.834 4.673} {9.493 6.241}
[15:20:04.23] /# gi::executeAction leVia -in [gi::getWindows 20]
[15:20:04.23] /i ile::createVia
[15:20:05.15] /# gi::executeAction deAddPoint -in [gi::getWindows 20]
[15:20:05.15] /i de::addPoint {7.489 5.545} -context [db::getNext [de::getContexts -window 20]]
[15:20:05.76] /# gi::executeAction deAddPoint -in [gi::getWindows 20]
[15:20:05.76] /i de::addPoint {7.876 5.565} -context [db::getNext [de::getContexts -window 20]]
[15:20:06.41] /# gi::executeAction deAddPoint -in [gi::getWindows 20]
[15:20:06.41] /i de::addPoint {8.531 5.479} -context [db::getNext [de::getContexts -window 20]]
[15:20:06.82] /# gi::executeAction deAddPoint -in [gi::getWindows 20]
[15:20:06.82] /i de::addPoint {8.946 5.467} -context [db::getNext [de::getContexts -window 20]]
[15:20:06.92] /# gi::executeAction deFitView -in [gi::getWindows 20]
[15:20:06.92] /i de::fit -window 20 -fitView true
[15:20:06.92] /o {4.087 1.912} {14.722 8.18}
[15:20:09.37] /# gi::executeAction deAbortCommand -in [gi::getWindows 20]
[15:20:09.37] /i de::abortCommand -context [db::getNext [de::getContexts -window 20]]
[15:20:09.71] /# gi::executeAction deSelectActive -in [gi::getWindows 20]
[15:20:09.71] /i de::deselectAll [db::getNext [de::getContexts -window 20]]
[15:20:09.71] /i de::select [de::getActiveFigure [gi::getWindows 20] -point {11.75 6.021} -index 0 -intent none]
[15:20:09.71] /o oa:0x26e602c0
[15:20:10.14] /# gi::executeAction deCanvasZoomInAtPoint -in [gi::getWindows 20]
[15:20:10.14] /i de::zoom -window [gi::getWindows 20] -factor 2.0 -center {11.845 5.858}
[15:20:10.14] /o {7.966 3.885} {13.284 7.019}
[15:20:10.72] /# gi::executeAction deCanvasZoomOutAtPoint -in [gi::getWindows 20]
[15:20:10.72] /i de::zoom -window [gi::getWindows 20] -factor 0.5 -center {11.889 5.086}
[15:20:10.72] /o {4.043 2.684} {14.678 8.952}
[15:20:11.48] /# gi::executeAction deCanvasZoomInAtPoint -in [gi::getWindows 20]
[15:20:11.48] /i de::zoom -window [gi::getWindows 20] -factor 2.0 -center {11.848 4.985}
[15:20:11.49] /o {7.945 3.834} {13.263 6.969}
[15:20:11.95] /# gi::executeAction deCanvasZoomInAtPoint -in [gi::getWindows 20]
[15:20:11.95] /i de::zoom -window [gi::getWindows 20] -factor 2.0 -center {11.845 4.965}
[15:20:11.95] /o {9.895 4.4} {12.554 5.967}
[15:20:12.44] /# gi::executeAction deSelectActive -in [gi::getWindows 20]
[15:20:12.44] /i de::deselectAll [db::getNext [de::getContexts -window 20]]
[15:20:12.45] /i de::deselectAllLogic -context [db::getNext [de::getContexts -window 20]]
[15:20:13.10] /# gi::executeAction deSelectActive -in [gi::getWindows 20]
[15:20:13.10] /i de::deselectAll [db::getNext [de::getContexts -window 20]]
[15:20:13.11] /i de::select [de::getActiveFigure [gi::getWindows 20] -point {11.415 5.32} -index 0 -intent none]
[15:20:13.11] /o oa:0x27c45670
[15:20:14.23] /# gi::executeAction deCanvasZoomInAtPoint -in [gi::getWindows 20]
[15:20:14.23] /i de::zoom -window [gi::getWindows 20] -factor 2.0 -center {11.74 5.173}
[15:20:14.23] /o {10.818 4.786} {12.147 5.57}
[15:20:15.44] /# gi::executeAction leRuler -in [gi::getWindows 20]
[15:20:15.44] /i ile::createRuler
[15:20:15.81] /# gi::executeAction deCanvasZoomInAtPoint -in [gi::getWindows 20]
[15:20:15.81] /i de::zoom -window [gi::getWindows 20] -factor 2.0 -center {11.699 5.153}
[15:20:15.81] /o {11.258 4.97} {11.923 5.361}
[15:20:16.65] /# gi::executeAction deAddPoint -in [gi::getWindows 20]
[15:20:16.65] /i de::addPoint {11.708 5.15} -context [db::getNext [de::getContexts -window 20]]
[15:20:19.53] /# gi::executeAction deAddPoint -in [gi::getWindows 20]
[15:20:19.53] /i de::addPoint {11.731 5.299} -context [db::getNext [de::getContexts -window 20]]
[15:20:19.64] /# gi::executeAction deAbortCommand -in [gi::getWindows 20]
[15:20:19.64] /i de::abortCommand -context [db::getNext [de::getContexts -window 20]]
[15:20:19.79] /# gi::executeAction deCanvasZoomOutAtPoint -in [gi::getWindows 20]
[15:20:19.79] /i de::zoom -window [gi::getWindows 20] -factor 0.5 -center {11.779 5.213}
[15:20:19.79] /o {10.738 4.726} {12.067 5.51}
[15:20:19.83] /# gi::executeAction deCanvasZoomOutAtPoint -in [gi::getWindows 20]
[15:20:19.83] /i de::zoom -window [gi::getWindows 20] -factor 0.5 -center {11.781 5.208}
[15:20:19.84] /o {9.694 4.245} {12.353 5.812}
[15:20:19.87] /# gi::executeAction deCanvasZoomOutAtPoint -in [gi::getWindows 20]
[15:20:19.87] /i de::zoom -window [gi::getWindows 20] -factor 0.5 -center {11.781 5.206}
[15:20:19.87] /o {7.607 3.283} {12.925 6.418}
[15:20:20.65] /# gi::executeAction deCanvasZoomOutAtPoint -in [gi::getWindows 20]
[15:20:20.65] /i de::zoom -window [gi::getWindows 20] -factor 0.5 -center {12.14 4.708}
[15:20:20.65] /o {3.075 1.859} {13.71 8.127}
[15:20:21.10] /# gi::executeAction deCanvasZoomInAtPoint -in [gi::getWindows 20]
[15:20:21.10] /i de::zoom -window [gi::getWindows 20] -factor 2.0 -center {12.113 4.729}
[15:20:21.10] /o {7.594 3.294} {12.912 6.428}
[15:20:22.42] /# gi::executeAction deSelectActive -in [gi::getWindows 20]
[15:20:22.42] /i de::deselectAll [db::getNext [de::getContexts -window 20]]
[15:20:22.42] /i de::select [de::getActiveFigure [gi::getWindows 20] -point {11.761 4.952} -index 0 -intent none]
[15:20:22.42] /o oa:0x1f01a130
[15:20:23.07] /# gi::executeAction leDelete -in [gi::getWindows 20]
[15:20:23.07] /i ile::delete
[15:20:23.69] /# gi::executeAction deSelectActive -in [gi::getWindows 20]
[15:20:23.69] /i de::deselectAll [db::getNext [de::getContexts -window 20]]
[15:20:23.69] /i de::select [de::getActiveFigure [gi::getWindows 20] -point {11.761 4.952} -index 0 -intent none]
[15:20:23.69] /o oa:0x251c5cd0
[15:20:24.24] /# gi::executeAction leDelete -in [gi::getWindows 20]
[15:20:24.24] /i ile::delete
[15:20:24.89] /# gi::executeAction deSelectActive -in [gi::getWindows 20]
[15:20:24.89] /i de::deselectAllLogic -context [db::getNext [de::getContexts -window 20]]
[15:20:25.43] /# gi::executeAction deSelectActive -in [gi::getWindows 20]
[15:20:25.43] /i de::deselectAll [db::getNext [de::getContexts -window 20]]
[15:20:25.43] /i de::select [de::getActiveFigure [gi::getWindows 20] -point {11.71 4.956} -index 0 -intent none]
[15:20:25.44] /o oa:0x28ccdf50
[15:20:25.88] /# gi::executeAction deSelectActive -in [gi::getWindows 20]
[15:20:25.88] /i de::cycleActiveFigure [gi::getWindows 20] -direction next
[15:20:25.88] /o oa:0x26417870
[15:20:25.88] /i de::deselectAll [db::getNext [de::getContexts -window 20]]
[15:20:25.89] /i de::select [de::getActiveFigure [gi::getWindows 20] -point {11.71 4.956} -index 1 -intent none]
[15:20:25.89] /o oa:0x2de1a880
[15:20:26.80] /# gi::executeAction leDelete -in [gi::getWindows 20]
[15:20:26.80] /i ile::delete
[15:20:27.48] /# gi::executeAction deSelectActive -in [gi::getWindows 20]
[15:20:27.48] /i de::deselectAll [db::getNext [de::getContexts -window 20]]
[15:20:27.48] /i de::select [de::getActiveFigure [gi::getWindows 20] -point {11.71 4.956} -index 0 -intent none]
[15:20:27.48] /o oa:0x27cfdde0
[15:20:28.17] /# gi::executeAction leDelete -in [gi::getWindows 20]
[15:20:28.17] /i ile::delete
[15:20:29.82] /# gi::executeAction deCanvasZoomOutAtPoint -in [gi::getWindows 20]
[15:20:29.82] /i de::zoom -window [gi::getWindows 20] -factor 0.5 -center {8.339 5.24}
[15:20:29.82] /o {6.849 1.348} {17.484 7.616}
[15:20:30.67] /# gi::executeAction deCanvasZoomInAtPoint -in [gi::getWindows 20]
[15:20:30.67] /i de::zoom -window [gi::getWindows 20] -factor 2.0 -center {11.466 4.888}
[15:20:30.67] /o {9.157 3.118} {14.475 6.252}
[15:20:31.29] /# gi::executeAction deSelectActive -in [gi::getWindows 20]
[15:20:31.29] /i de::deselectAll [db::getNext [de::getContexts -window 20]]
[15:20:31.29] /i de::select [de::getActiveFigure [gi::getWindows 20] -point {11.699 4.929} -index 0 -intent none]
[15:20:31.29] /o oa:0x28d7ca50
[15:20:32.00] /# gi::executeAction leDelete -in [gi::getWindows 20]
[15:20:32.00] /i ile::delete
[15:20:32.57] /i gi::executeAction deCanvasDragCancel -in [gi::getWindows 20]
[15:20:32.73] /# gi::executeAction deCanvasZoomInAtPoint -in [gi::getWindows 20]
[15:20:32.73] /i de::zoom -window [gi::getWindows 20] -factor 2.0 -center {11.699 4.929}
[15:20:32.73] /o {10.428 4.023} {13.087 5.591}
[15:20:33.88] /# gi::executeAction leRectangle -in [gi::getWindows 20]
[15:20:33.88] /i ile::createRectangle
[15:20:37.02] /i de::setActiveLPP [de::getLPPs "m1 drawing" -from [db::getAttr editDesign -of [de::getContexts -window 20]]]
[15:20:37.37] /# gi::executeAction deCanvasZoomOutAtPoint -in [gi::getWindows 20]
[15:20:37.37] /i de::zoom -window [gi::getWindows 20] -factor 0.5 -center {11.638 5.225}
[15:20:37.37] /o {9.218 2.822} {14.536 5.956}
[15:20:37.43] /# gi::executeAction deCanvasZoomOutAtPoint -in [gi::getWindows 20]
[15:20:37.43] /i de::zoom -window [gi::getWindows 20] -factor 0.5 -center {11.639 5.093}
[15:20:37.43] /o {6.798 0.551} {17.433 6.819}
[15:20:37.99] /# gi::executeAction deFitView -in [gi::getWindows 20]
[15:20:37.99] /i de::fit -window 20 -fitView true
[15:20:37.99] /o {4.087 1.912} {14.722 8.18}
[15:20:39.16] /i de::undoTransaction -design [db::getAttr editDesign -of [de::getContexts -window 20]] -steps 1
[15:20:39.32] /i de::undoTransaction -design [db::getAttr editDesign -of [de::getContexts -window 20]] -steps 1
[15:20:39.46] /i de::undoTransaction -design [db::getAttr editDesign -of [de::getContexts -window 20]] -steps 1
[15:20:40.09] /# gi::executeAction deAbortCommand -in [gi::getWindows 20]
[15:20:40.09] /i de::abortCommand -context [db::getNext [de::getContexts -window 20]]
[15:20:40.17] /# gi::executeAction deCanvasZoomInAtPoint -in [gi::getWindows 20]
[15:20:40.17] /i de::zoom -window [gi::getWindows 20] -factor 2.0 -center {11.175 4.518}
[15:20:40.18] /o {7.631 3.215} {12.949 6.349}
[15:20:40.26] /# gi::executeAction deCanvasZoomInAtPoint -in [gi::getWindows 20]
[15:20:40.26] /i de::zoom -window [gi::getWindows 20] -factor 2.0 -center {11.175 4.518}
[15:20:40.27] /o {9.403 3.866} {12.062 5.434}
[15:20:41.58] /# gi::executeAction deSelectActive -in [gi::getWindows 20]
[15:20:41.58] /i de::deselectAll [db::getNext [de::getContexts -window 20]]
[15:20:41.58] /i de::select [de::getActiveFigure [gi::getWindows 20] -point {11.733 4.95} -index 0 -intent none]
[15:20:41.58] /o oa:0x28d3dbb0
[15:20:42.20] /# gi::executeAction deSelectActive -in [gi::getWindows 20]
[15:20:42.20] /i de::cycleActiveFigure [gi::getWindows 20] -direction next
[15:20:42.20] /o oa:0x26a50fe0
[15:20:42.77] /# gi::executeAction deSelectActive -in [gi::getWindows 20]
[15:20:42.77] /i de::deselectAll [db::getNext [de::getContexts -window 20]]
[15:20:42.77] /i de::select [de::getActiveFigure [gi::getWindows 20] -point {11.705 4.95} -index 0 -intent none]
[15:20:42.77] /o oa:0x2642d1e0
[15:20:43.50] /# gi::executeAction deSelectActive -in [gi::getWindows 20]
[15:20:43.50] /i de::cycleActiveFigure [gi::getWindows 20] -direction next
[15:20:43.50] /o oa:0x29354770
[15:20:43.50] /i de::deselectAll [db::getNext [de::getContexts -window 20]]
[15:20:43.50] /i de::select [de::getActiveFigure [gi::getWindows 20] -point {11.705 4.95} -index 1 -intent none]
[15:20:43.50] /o oa:0x28b8fee0
[15:20:44.21] /# gi::executeAction deSelectActive -in [gi::getWindows 20]
[15:20:44.21] /i de::cycleActiveFigure [gi::getWindows 20] -direction next
[15:20:44.21] /o oa:0x2491c2f0
[15:20:44.21] /i de::deselectAll [db::getNext [de::getContexts -window 20]]
[15:20:44.21] /i de::select [de::getActiveFigure [gi::getWindows 20] -point {11.705 4.95} -index 2 -intent none]
[15:20:44.21] /o oa:0x28f324e0
[15:20:45.33] /# gi::executeAction leDelete -in [gi::getWindows 20]
[15:20:45.33] /i ile::delete
[15:20:46.07] /# gi::executeAction deSelectActive -in [gi::getWindows 20]
[15:20:46.07] /i de::deselectAllLogic -context [db::getNext [de::getContexts -window 20]]
[15:20:46.51] /# gi::executeAction deSelectActive -in [gi::getWindows 20]
[15:20:46.51] /i de::deselectAll [db::getNext [de::getContexts -window 20]]
[15:20:46.51] /i de::select [de::getActiveFigure [gi::getWindows 20] -point {11.512 4.95} -index 0 -intent none]
[15:20:46.51] /o oa:0x27cd4510
[15:20:46.95] /# gi::executeAction deCanvasZoomOutAtPoint -in [gi::getWindows 20]
[15:20:46.95] /i de::zoom -window [gi::getWindows 20] -factor 0.5 -center {11.481 4.95}
[15:20:46.95] /o {7.325 2.783} {12.643 5.917}
[15:20:47.73] /# gi::executeAction leStartStretchDrag -in [gi::getWindows 20]
[15:20:47.73] /i layout_editor::directStretch [de::getActiveFigure [gi::getWindows 20] -point {11.461 4.949} -index 0 -intent none] 20
[15:20:47.73] /# ile::stretch -point {11.46 4.95}
[15:20:49.87] /# gi::executeAction deEndDrag -in [gi::getWindows 20]
[15:20:49.87] /i de::endDrag {11.461 4.655} -context [db::getNext [de::getContexts -window 20]]
[15:20:50.77] /# gi::executeAction deFitView -in [gi::getWindows 20]
[15:20:50.77] /i de::fit -window 20 -fitView true
[15:20:50.77] /o {4.087 1.912} {14.722 8.18}
[15:21:03.55] /# gi::executeAction deCanvasZoomInAtPoint -in [gi::getWindows 20]
[15:21:03.55] /i de::zoom -window [gi::getWindows 20] -factor 2.0 -center {7.973 4.741}
[15:21:03.55] /o {6.03 3.326} {11.348 6.461}
[15:21:04.20] /# gi::executeAction deSelectActive -in [gi::getWindows 20]
[15:21:04.20] /i de::deselectAll [db::getNext [de::getContexts -window 20]]
[15:21:04.20] /i de::select [de::getActiveFigure [gi::getWindows 20] -point {7.556 4.856} -index 0 -intent none]
[15:21:04.20] /o oa:0x288a7860
[15:21:04.87] /# gi::executeAction leDelete -in [gi::getWindows 20]
[15:21:04.87] /i ile::delete
[15:21:05.50] /# gi::executeAction deSelectActive -in [gi::getWindows 20]
[15:21:05.50] /i de::deselectAll [db::getNext [de::getContexts -window 20]]
[15:21:05.50] /i de::select [de::getActiveFigure [gi::getWindows 20] -point {7.556 4.856} -index 0 -intent none]
[15:21:05.50] /o oa:0x289951e0
[15:21:06.11] /# gi::executeAction leDelete -in [gi::getWindows 20]
[15:21:06.11] /i ile::delete
[15:21:06.73] /# gi::executeAction deSelectActive -in [gi::getWindows 20]
[15:21:06.73] /i de::deselectAllLogic -context [db::getNext [de::getContexts -window 20]]
[15:21:07.36] /# gi::executeAction deSelectActive -in [gi::getWindows 20]
[15:21:07.36] /i de::deselectAll [db::getNext [de::getContexts -window 20]]
[15:21:07.36] /i de::select [de::getActiveFigure [gi::getWindows 20] -point {7.516 4.897} -index 0 -intent none]
[15:21:07.36] /o oa:0x2015bea0
[15:21:07.94] /# gi::executeAction deSelectActive -in [gi::getWindows 20]
[15:21:07.94] /i de::deselectAll [db::getNext [de::getContexts -window 20]]
[15:21:07.94] /i de::select [de::getActiveFigure [gi::getWindows 20] -point {7.536 4.897} -index 0 -intent none]
[15:21:07.94] /o oa:0x25faa390
[15:21:08.65] /# gi::executeAction leDelete -in [gi::getWindows 20]
[15:21:08.65] /i ile::delete
[15:21:09.21] /# gi::executeAction deFitView -in [gi::getWindows 20]
[15:21:09.21] /i de::fit -window 20 -fitView true
[15:21:09.21] /o {4.087 1.912} {14.722 8.18}
[15:21:09.96] /# gi::executeAction deSelectActive -in [gi::getWindows 20]
[15:21:09.96] /i de::deselectAll [db::getNext [de::getContexts -window 20]]
[15:21:09.96] /i de::select [de::getActiveFigure [gi::getWindows 20] -point {7.519 5.168} -index 0 -intent none]
[15:21:09.96] /o oa:0x2df67ab0
[15:21:18.97] /# gi::executeAction deCanvasZoomInAtPoint -in [gi::getWindows 20]
[15:21:18.97] /i de::zoom -window [gi::getWindows 20] -factor 2.0 -center {7.458 4.559}
[15:21:18.98] /o {5.772 3.235} {11.09 6.37}
[15:21:19.03] /# gi::executeAction deCanvasZoomInAtPoint -in [gi::getWindows 20]
[15:21:19.03] /i de::zoom -window [gi::getWindows 20] -factor 2.0 -center {7.451 4.559}
[15:21:19.03] /o {6.612 3.897} {9.271 5.464}
[15:21:19.65] /# gi::executeAction deSelectActive -in [gi::getWindows 20]
[15:21:19.65] /i de::deselectAll [db::getNext [de::getContexts -window 20]]
[15:21:19.65] /i de::deselectAllLogic -context [db::getNext [de::getContexts -window 20]]
[15:21:19.97] /# gi::executeAction deCanvasZoomInAtPoint -in [gi::getWindows 20]
[15:21:19.97] /i de::zoom -window [gi::getWindows 20] -factor 2.0 -center {7.434 4.63}
[15:21:19.97] /o {7.023 4.264} {8.352 5.047}
[15:21:20.02] /# gi::executeAction deCanvasZoomInAtPoint -in [gi::getWindows 20]
[15:21:20.02] /i de::zoom -window [gi::getWindows 20] -factor 2.0 -center {7.434 4.63}
[15:21:20.02] /o {7.228 4.447} {7.893 4.839}
[15:21:20.54] /# gi::executeAction leStretch -in [gi::getWindows 20]
[15:21:20.55] /i ile::stretch
[15:21:20.88] /# gi::executeAction deAddPoint -in [gi::getWindows 20]
[15:21:20.88] /i de::addPoint {7.403 4.635} -context [db::getNext [de::getContexts -window 20]]
[15:21:21.17] /# gi::executeAction deCanvasZoomOutAtPoint -in [gi::getWindows 20]
[15:21:21.17] /i de::zoom -window [gi::getWindows 20] -factor 0.5 -center {7.575 4.62}
[15:21:21.17] /o {6.882 4.274} {8.211 5.057}
[15:21:21.20] /# gi::executeAction deCanvasZoomOutAtPoint -in [gi::getWindows 20]
[15:21:21.20] /i de::zoom -window [gi::getWindows 20] -factor 0.5 -center {7.583 4.62}
[15:21:21.20] /o {6.181 3.927} {8.84 5.494}
[15:21:21.67] /# gi::executeAction deAbortCommand -in [gi::getWindows 20]
[15:21:21.67] /i de::abortCommand -context [db::getNext [de::getContexts -window 20]]
[15:21:22.35] /# gi::executeAction deSelectActive -in [gi::getWindows 20]
[15:21:22.35] /i de::deselectAllLogic -context [db::getNext [de::getContexts -window 20]]
[15:21:23.24] /# gi::executeAction leStretch -in [gi::getWindows 20]
[15:21:23.24] /i ile::stretch
[15:21:23.74] /# gi::executeAction deAddPoint -in [gi::getWindows 20]
[15:21:23.74] /i de::addPoint {7.409 4.652} -context [db::getNext [de::getContexts -window 20]]
[15:21:24.48] /# gi::executeAction deAbortCommand -in [gi::getWindows 20]
[15:21:24.48] /i de::abortCommand -context [db::getNext [de::getContexts -window 20]]
[15:21:25.04] /# gi::executeAction deSelectActive -in [gi::getWindows 20]
[15:21:25.04] /i de::deselectAllLogic -context [db::getNext [de::getContexts -window 20]]
[15:21:25.28] /# gi::executeAction deCanvasZoomInAtPoint -in [gi::getWindows 20]
[15:21:25.28] /i de::zoom -window [gi::getWindows 20] -factor 2.0 -center {7.481 4.641}
[15:21:25.28] /o {6.831 4.284} {8.16 5.068}
[15:21:25.34] /# gi::executeAction deCanvasZoomInAtPoint -in [gi::getWindows 20]
[15:21:25.34] /i de::zoom -window [gi::getWindows 20] -factor 2.0 -center {7.481 4.641}
[15:21:25.34] /o {7.156 4.463} {7.821 4.854}
[15:21:25.72] /# gi::executeAction deSelectActive -in [gi::getWindows 20]
[15:21:25.73] /i de::deselectAll [db::getNext [de::getContexts -window 20]]
[15:21:25.73] /i de::select [de::getActiveFigure [gi::getWindows 20] -point {7.44 4.648} -index 0 -intent none]
[15:21:25.73] /o oa:0x2605ce60
[15:21:26.46] /i gi::executeAction deCanvasDragCancel -in [gi::getWindows 20]
[15:21:26.53] /# gi::executeAction deSelectActive -in [gi::getWindows 20]
[15:21:26.53] /i de::deselectAll [db::getNext [de::getContexts -window 20]]
[15:21:26.53] /i de::deselectAllLogic -context [db::getNext [de::getContexts -window 20]]
[15:21:26.96] /# gi::executeAction leStretch -in [gi::getWindows 20]
[15:21:26.96] /i ile::stretch
[15:21:27.77] /# gi::executeAction deAddPoint -in [gi::getWindows 20]
[15:21:27.77] /i de::addPoint {7.405 4.646} -context [db::getNext [de::getContexts -window 20]]
[15:21:28.08] /# gi::executeAction deCanvasZoomOutAtPoint -in [gi::getWindows 20]
[15:21:28.08] /i de::zoom -window [gi::getWindows 20] -factor 0.5 -center {7.524 4.628}
[15:21:28.08] /o {6.788 4.297} {8.117 5.081}
[15:21:28.35] /# gi::executeAction deAbortCommand -in [gi::getWindows 20]
[15:21:28.35] /i de::abortCommand -context [db::getNext [de::getContexts -window 20]]
[15:21:28.90] /# gi::executeAction deSelectActive -in [gi::getWindows 20]
[15:21:28.90] /i de::deselectAll [db::getNext [de::getContexts -window 20]]
[15:21:28.90] /i de::select [de::getActiveFigure [gi::getWindows 20] -point {7.571 4.638} -index 0 -intent none]
[15:21:28.90] /o oa:0x27b86470
[15:21:29.52] /# gi::executeAction leStartStretchDrag -in [gi::getWindows 20]
[15:21:29.52] /i layout_editor::directStretch [de::getActiveFigure [gi::getWindows 20] -point {7.571 4.639} -index 0 -intent none] 20
[15:21:29.52] /# ile::stretch -point {7.57 4.64}
[15:21:29.87] /# gi::executeAction deEndDrag -in [gi::getWindows 20]
[15:21:29.87] /i de::endDrag {7.814 4.623} -context [db::getNext [de::getContexts -window 20]]
[15:21:30.01] /# gi::executeAction deCanvasZoomOutAtPoint -in [gi::getWindows 20]
[15:21:30.01] /i de::zoom -window [gi::getWindows 20] -factor 0.5 -center {7.822 4.623}
[15:21:30.01] /o {5.754 3.971} {8.413 5.538}
[15:21:30.03] /# gi::executeAction deCanvasZoomOutAtPoint -in [gi::getWindows 20]
[15:21:30.03] /i de::zoom -window [gi::getWindows 20] -factor 0.5 -center {7.822 4.623}
[15:21:30.03] /o {3.685 3.319} {9.003 6.454}
[15:21:30.28] /# gi::executeAction deFitView -in [gi::getWindows 20]
[15:21:30.29] /i de::fit -window 20 -fitView true
[15:21:30.29] /o {4.087 1.912} {14.722 8.18}
[15:21:31.08] /# gi::executeAction deCanvasZoomInAtPoint -in [gi::getWindows 20]
[15:21:31.08] /i de::zoom -window [gi::getWindows 20] -factor 2.0 -center {8.359 4.599}
[15:21:31.08] /o {6.223 3.255} {11.541 6.39}
[15:21:31.17] /# gi::executeAction deCanvasZoomInAtPoint -in [gi::getWindows 20]
[15:21:31.17] /i de::zoom -window [gi::getWindows 20] -factor 2.0 -center {8.338 4.602}
[15:21:31.17] /o {7.28 3.929} {9.939 5.496}
[15:21:32.28] /# gi::executeAction leStartStretchDrag -in [gi::getWindows 20]
[15:21:32.28] /i layout_editor::directStretch [de::getActiveFigure [gi::getWindows 20] -point {7.693 4.651} -index 0 -intent none] 20
[15:21:32.28] /# ile::stretch -point {7.695 4.65}
[15:21:37.57] /# gi::executeAction deEndDrag -in [gi::getWindows 20]
[15:21:37.57] /i de::endDrag {8.252 4.575} -context [db::getNext [de::getContexts -window 20]]
[15:21:38.93] /# gi::executeAction leVia -in [gi::getWindows 20]
[15:21:38.93] /i ile::createVia
[15:21:38.95] /o oa:0x27d8a010
[15:21:39.58] /# gi::executeAction deAddPoint -in [gi::getWindows 20]
[15:21:39.58] /i de::addPoint {8.277 4.601} -context [db::getNext [de::getContexts -window 20]]
[15:21:40.89] /i gi::executeAction deSaveDesign -in [gi::getWindows 20]
[15:21:40.89] /m Information: Saving design 'new_dff D_latch layout'. (DESIGN_WINDOW-004)
[15:21:42.14] /# gi::executeAction xtDRCRun -in [gi::getWindows 20]
[15:21:42.14] /i xt::physicalVerification::executeRun drc 20
[15:21:42.22] /# xt::physicalVerification::executePve drc 20
[15:21:43.22] /r giWindowId 49
[15:21:43.23] /r giWindowGeometry 800x600
[15:21:44.16] /m Information: 
              /c =============================
              /c JobID: hercules_drc_50
              /c Completed with no errors.
              /c =============================
              /c 
[15:21:45.73] /i gi::executeAction giCloseWindow -in [gi::getWindows 49]
[15:21:45.75] /i gi::setActiveWindow 20
[15:21:45.75] /i gi::setActiveWindow 20 -raise true
[15:21:46.36] /# gi::executeAction deCanvasZoomOutAtPoint -in [gi::getWindows 20]
[15:21:46.36] /i de::zoom -window [gi::getWindows 20] -factor 0.5 -center {9.222 5.09}
[15:21:46.36] /o {5.339 2.767} {10.657 5.902}
[15:21:46.38] /# gi::executeAction deCanvasZoomOutAtPoint -in [gi::getWindows 20]
[15:21:46.38] /i de::zoom -window [gi::getWindows 20] -factor 0.5 -center {9.221 5.059}
[15:21:46.38] /o {1.457 0.476} {12.092 6.744}
[15:21:46.90] /# gi::executeAction deFitView -in [gi::getWindows 20]
[15:21:46.90] /i de::fit -window 20 -fitView true
[15:21:46.90] /o {4.252 1.912} {14.888 8.18}
[15:21:47.62] /# gi::executeAction deCanvasZoomInAtPoint -in [gi::getWindows 20]
[15:21:47.62] /i de::zoom -window [gi::getWindows 20] -factor 2.0 -center {11.631 4.586}
[15:21:47.62] /o {7.942 3.249} {13.259 6.383}
[15:21:47.79] /# gi::executeAction deCanvasZoomInAtPoint -in [gi::getWindows 20]
[15:21:47.79] /i de::zoom -window [gi::getWindows 20] -factor 2.0 -center {11.672 4.582}
[15:21:47.79] /o {9.807 3.915} {12.466 5.483}
[15:21:48.34] /# gi::executeAction deAddPoint -in [gi::getWindows 20]
[15:21:48.34] /i de::addPoint {11.672 4.592} -context [db::getNext [de::getContexts -window 20]]
[15:21:48.75] /# gi::executeAction deCanvasZoomOutAtPoint -in [gi::getWindows 20]
[15:21:48.75] /i de::zoom -window [gi::getWindows 20] -factor 0.5 -center {11.773 4.608}
[15:21:48.75] /o {7.841 3.223} {13.158 6.357}
[15:21:48.94] /# gi::executeAction deAbortCommand -in [gi::getWindows 20]
[15:21:48.94] /i de::abortCommand -context [db::getNext [de::getContexts -window 20]]
[15:21:49.85] /# gi::executeAction deCanvasZoomInAtPoint -in [gi::getWindows 20]
[15:21:49.85] /i de::zoom -window [gi::getWindows 20] -factor 2.0 -center {12.607 4.607}
[15:21:49.85] /o {10.224 3.915} {12.883 5.482}
[15:21:50.21] /# gi::executeAction leStretch -in [gi::getWindows 20]
[15:21:50.21] /i ile::stretch
[15:21:50.72] /# gi::executeAction deAddPoint -in [gi::getWindows 20]
[15:21:50.72] /i de::addPoint {12.5 4.653} -context [db::getNext [de::getContexts -window 20]]
[15:21:51.31] /# gi::executeAction deAbortCommand -in [gi::getWindows 20]
[15:21:51.31] /i de::abortCommand -context [db::getNext [de::getContexts -window 20]]
[15:21:51.89] /# gi::executeAction deSelectActive -in [gi::getWindows 20]
[15:21:51.89] /i de::deselectAll [db::getNext [de::getContexts -window 20]]
[15:21:51.89] /i de::deselectAllLogic -context [db::getNext [de::getContexts -window 20]]
[15:21:52.51] /# gi::executeAction leStretch -in [gi::getWindows 20]
[15:21:52.51] /i ile::stretch
[15:21:52.81] /# gi::executeAction deAddPoint -in [gi::getWindows 20]
[15:21:52.81] /i de::addPoint {12.509 4.653} -context [db::getNext [de::getContexts -window 20]]
[15:21:53.26] /# gi::executeAction deCanvasZoomInAtPoint -in [gi::getWindows 20]
[15:21:53.26] /i de::zoom -window [gi::getWindows 20] -factor 2.0 -center {11.901 4.607}
[15:21:53.26] /o {11.062 4.261} {12.392 5.045}
[15:21:53.33] /# gi::executeAction deCanvasZoomInAtPoint -in [gi::getWindows 20]
[15:21:53.33] /i de::zoom -window [gi::getWindows 20] -factor 2.0 -center {11.898 4.607}
[15:21:53.33] /o {11.48 4.434} {12.145 4.826}
[15:21:53.49] /# gi::executeAction deCanvasZoomInAtPoint -in [gi::getWindows 20]
[15:21:53.49] /i de::zoom -window [gi::getWindows 20] -factor 2.0 -center {11.898 4.607}
[15:21:53.49] /o {11.689 4.52} {12.021 4.716}
[15:21:54.02] /# gi::executeAction deCanvasZoomOutAtPoint -in [gi::getWindows 20]
[15:21:54.02] /i de::zoom -window [gi::getWindows 20] -factor 0.5 -center {11.876 4.608}
[15:21:54.02] /o {11.502 4.433} {12.167 4.825}
[15:21:55.69] /# gi::executeAction deAddPoint -in [gi::getWindows 20]
[15:21:55.69] /i de::addPoint {11.736 4.615} -context [db::getNext [de::getContexts -window 20]]
[15:21:55.95] /# gi::executeAction deFitView -in [gi::getWindows 20]
[15:21:55.95] /i de::fit -window 20 -fitView true
[15:21:55.95] /o {4.087 1.912} {14.722 8.18}
[15:21:56.90] /i gi::executeAction deSaveDesign -in [gi::getWindows 20]
[15:21:56.90] /m Information: Saving design 'new_dff D_latch layout'. (DESIGN_WINDOW-004)
[15:21:57.98] /# gi::executeAction xtDRCRun -in [gi::getWindows 20]
[15:21:57.98] /i xt::physicalVerification::executeRun drc 20
[15:21:58.08] /# xt::physicalVerification::executePve drc 20
[15:21:58.96] /r giWindowId 50
[15:21:58.98] /r giWindowGeometry 800x600
[15:22:00.59] /m Information: 
              /c =============================
              /c JobID: hercules_drc_51
              /c Completed with no errors.
              /c =============================
              /c 
[15:22:02.37] /i gi::executeAction giCloseWindow -in [gi::getWindows 50]
[15:22:02.39] /i gi::setActiveWindow 20
[15:22:02.39] /i gi::setActiveWindow 20 -raise true
[15:22:21.86] /# gi::executeAction leRectangle -in [gi::getWindows 20]
[15:22:21.87] /i ile::createRectangle
[15:22:25.96] /i de::setActiveLPP [de::getLPPs "m4 drawing" -from [db::getAttr editDesign -of [de::getContexts -window 20]]]
[15:22:27.07] /# gi::executeAction deAbortCommand -in [gi::getWindows 20]
[15:22:27.07] /i de::abortCommand -context [db::getNext [de::getContexts -window 20]]
[15:22:27.98] /# gi::executeAction deSelectActive -in [gi::getWindows 20]
[15:22:27.98] /i de::deselectAll [db::getNext [de::getContexts -window 20]]
[15:22:27.98] /i de::select [de::getActiveFigure [gi::getWindows 20] -point {9.977 4.708} -index 0 -intent none]
[15:22:27.98] /o oa:0x27cd16f0
[15:22:28.09] /# gi::executeAction leCopy -in [gi::getWindows 20]
[15:22:28.09] /i ile::copy
[15:22:28.36] /# gi::executeAction deAddPoint -in [gi::getWindows 20]
[15:22:28.36] /i de::addPoint {9.977 4.708} -context [db::getNext [de::getContexts -window 20]]
[15:22:28.97] /# gi::executeAction deAddPoint -in [gi::getWindows 20]
[15:22:28.97] /i de::addPoint {9.956 5.032} -context [db::getNext [de::getContexts -window 20]]
[15:22:29.41] /# gi::executeAction leStartStretchDrag -in [gi::getWindows 20]
[15:22:29.41] /i layout_editor::directStretch [de::getActiveFigure [gi::getWindows 20] -point {9.956 5.032} -index 0 -intent none] 20
[15:22:29.41] /# ile::stretch -point {9.955 5.03}
[15:22:32.13] /# gi::executeAction deEndDrag -in [gi::getWindows 20]
[15:22:32.13] /i de::endDrag {9.151 4.985} -context [db::getNext [de::getContexts -window 20]]
[15:22:32.46] /# gi::executeAction deCanvasZoomInAtPoint -in [gi::getWindows 20]
[15:22:32.46] /i de::zoom -window [gi::getWindows 20] -factor 2.0 -center {7.891 4.911}
[15:22:32.46] /o {5.989 3.411} {11.307 6.546}
[15:22:32.49] /# gi::executeAction deCanvasZoomInAtPoint -in [gi::getWindows 20]
[15:22:32.49] /i de::zoom -window [gi::getWindows 20] -factor 2.0 -center {7.891 4.911}
[15:22:32.49] /o {6.94 4.161} {9.599 5.728}
[15:22:32.57] /# gi::executeAction deCanvasZoomInAtPoint -in [gi::getWindows 20]
[15:22:32.57] /i de::zoom -window [gi::getWindows 20] -factor 2.0 -center {7.891 4.911}
[15:22:32.57] /o {7.415 4.536} {8.745 5.32}
[15:22:33.17] /# gi::executeAction deCanvasZoomOutAtPoint -in [gi::getWindows 20]
[15:22:33.17] /i de::zoom -window [gi::getWindows 20] -factor 0.5 -center {7.768 4.923}
[15:22:33.17] /o {7.063 4.149} {9.722 5.716}
[15:22:33.77] /# gi::executeAction leStartStretchDrag -in [gi::getWindows 20]
[15:22:33.77] /i layout_editor::directStretch [de::getActiveFigure [gi::getWindows 20] -point {7.765 4.948} -index 0 -intent none] 20
[15:22:33.77] /# ile::stretch -point {7.765 4.95}
[15:22:34.36] /# gi::executeAction deEndDrag -in [gi::getWindows 20]
[15:22:34.36] /i de::endDrag {7.759 5.046} -context [db::getNext [de::getContexts -window 20]]
[15:22:34.90] /# gi::executeAction leStartStretchDrag -in [gi::getWindows 20]
[15:22:34.90] /i layout_editor::directStretch [de::getActiveFigure [gi::getWindows 20] -point {7.75 5.055} -index 0 -intent none] 20
[15:22:34.90] /# ile::stretch -point {7.75 5.055}
[15:22:35.99] /# gi::executeAction deEndDrag -in [gi::getWindows 20]
[15:22:35.99] /i de::endDrag {7.753 5.055} -context [db::getNext [de::getContexts -window 20]]
[15:22:36.26] /# gi::executeAction deCanvasZoomOutAtPoint -in [gi::getWindows 20]
[15:22:36.26] /i de::zoom -window [gi::getWindows 20] -factor 0.5 -center {7.791 5.065}
[15:22:36.26] /o {6.335 3.233} {11.653 6.368}
[15:22:36.31] /# gi::executeAction deCanvasZoomOutAtPoint -in [gi::getWindows 20]
[15:22:36.31] /i de::zoom -window [gi::getWindows 20] -factor 0.5 -center {7.858 5.065}
[15:22:36.32] /o {4.812 1.402} {15.447 7.67}
[15:22:37.08] /# gi::executeAction deSelectActive -in [gi::getWindows 20]
[15:22:37.08] /i de::deselectAll [db::getNext [de::getContexts -window 20]]
[15:22:37.08] /i de::deselectAllLogic -context [db::getNext [de::getContexts -window 20]]
[15:22:38.16] /i gi::executeAction deSaveDesign -in [gi::getWindows 20]
[15:22:38.16] /m Information: Saving design 'new_dff D_latch layout'. (DESIGN_WINDOW-004)
[15:22:39.36] /# gi::executeAction xtDRCRun -in [gi::getWindows 20]
[15:22:39.36] /i xt::physicalVerification::executeRun drc 20
[15:22:39.44] /# xt::physicalVerification::executePve drc 20
[15:22:40.30] /r giWindowId 51
[15:22:40.32] /r giWindowGeometry 800x600
[15:22:41.51] /m Information: 
              /c =============================
              /c JobID: hercules_drc_52
              /c Completed with no errors.
              /c =============================
              /c 
[15:22:42.94] /i gi::executeAction giCloseWindow -in [gi::getWindows 51]
[15:22:42.95] /i gi::setActiveWindow 20
[15:22:42.95] /i gi::setActiveWindow 20 -raise true
[15:22:44.13] /# gi::executeAction leVia -in [gi::getWindows 20]
[15:22:44.13] /i ile::createVia
[15:22:44.15] /o oa:0x2898a120
[15:22:45.37] /# gi::executeAction deAddPoint -in [gi::getWindows 20]
[15:22:45.37] /i de::addPoint {7.418 5.105} -context [db::getNext [de::getContexts -window 20]]
[15:22:46.53] /i gi::executeAction deSaveDesign -in [gi::getWindows 20]
[15:22:46.53] /m Information: Saving design 'new_dff D_latch layout'. (DESIGN_WINDOW-004)
[15:22:47.39] /# gi::executeAction xtDRCRun -in [gi::getWindows 20]
[15:22:47.39] /i xt::physicalVerification::executeRun drc 20
[15:22:47.48] /# xt::physicalVerification::executePve drc 20
[15:22:48.48] /r giWindowId 52
[15:22:48.50] /r giWindowGeometry 800x600
[15:22:49.39] /m Information: 
              /c =============================
              /c JobID: hercules_drc_53
              /c Completed with no errors.
              /c =============================
              /c 
[15:22:51.07] /i gi::executeAction giCloseWindow -in [gi::getWindows 52]
[15:22:51.08] /i gi::setActiveWindow 20
[15:22:51.08] /i gi::setActiveWindow 20 -raise true
[15:22:51.75] /# gi::executeAction deCanvasZoomInAtPoint -in [gi::getWindows 20]
[15:22:51.75] /i de::zoom -window [gi::getWindows 20] -factor 2.0 -center {7.093 4.942}
[15:22:51.75] /o {5.952 3.172} {11.27 6.306}
[15:22:52.18] /# gi::executeAction deAbortCommand -in [gi::getWindows 20]
[15:22:52.18] /i de::abortCommand -context [db::getNext [de::getContexts -window 20]]
[15:23:12.46] /# gi::executeAction deCanvasZoomOutAtPoint -in [gi::getWindows 20]
[15:23:12.46] /i de::zoom -window [gi::getWindows 20] -factor 0.5 -center {8.83 5.318}
[15:23:12.46] /o {3.075 1.026} {13.71 7.294}
[15:23:12.91] /# gi::executeAction deCanvasZoomInAtPoint -in [gi::getWindows 20]
[15:23:12.91] /i de::zoom -window [gi::getWindows 20] -factor 2.0 -center {8.951 5.365}
[15:23:12.91] /o {6.013 3.195} {11.331 6.33}
[15:23:14.34] /# gi::executeAction leVia -in [gi::getWindows 20]
[15:23:14.34] /i ile::createVia
[15:23:14.37] /o oa:0x27e50750
[15:23:15.43] /# gi::executeAction deAddPoint -in [gi::getWindows 20]
[15:23:15.43] /i de::addPoint {9.317 5.091} -context [db::getNext [de::getContexts -window 20]]
[15:23:16.40] /i gi::executeAction deSaveDesign -in [gi::getWindows 20]
[15:23:16.40] /m Information: Saving design 'new_dff D_latch layout'. (DESIGN_WINDOW-004)
[15:23:17.43] /# gi::executeAction xtDRCRun -in [gi::getWindows 20]
[15:23:17.43] /i xt::physicalVerification::executeRun drc 20
[15:23:17.51] /# xt::physicalVerification::executePve drc 20
[15:23:18.38] /r giWindowId 53
[15:23:18.40] /r giWindowGeometry 800x600
[15:23:19.58] /m Information: 
              /c =============================
              /c JobID: hercules_drc_54
              /c --- ERROR SUMMARY -----------
              /c 7.34: Minimum spacing for Metal 2 >= 0.15
              /c  EXTERNAL M2S { } (101) ................................. 1 violation found.
              /c =============================
              /c 
[15:23:19.95] /j ::xt::hercules::vue::_private::registerConnection localhost:37825 tcp151 herculesVue_10 
[15:23:19.96] /m Information: Connection established with 'Hercules-VUE' running on 'localhost'.
[15:23:20.00] /j ::xt::hercules::vue::_private::isJobReady 
[15:23:20.00] /o true
[15:23:20.02] /j ::xt::hercules::vue::startFilter LAY 
[15:23:20.25] /j ::xt::hercules::vue::setInlibPath /home/itsupport/Desktop/lab1vlsi/. 
[15:23:20.25] /j ::xt::hercules::vue::setTopLayLCV new_dff D_latch layout 
[15:23:20.26] /j ::xt::hercules::vue::openCell new_dff D_latch layout 
[15:23:22.20] /j ::xt::hercules::vue::clearAllHighlights D_latch layout 
[15:23:22.22] /j ::xt::hercules::vue::clearAllHighlights D_latch layout 
[15:23:22.38] /m Information: Connection closed with 'Hercules-VUE' running on 'localhost'.
[15:23:23.09] /i gi::executeAction giCloseWindow -in [gi::getWindows 53]
[15:23:23.10] /i gi::setActiveWindow 20
[15:23:23.10] /i gi::setActiveWindow 20 -raise true
[15:23:23.98] /# gi::executeAction deAbortCommand -in [gi::getWindows 20]
[15:23:23.98] /i de::abortCommand -context [db::getNext [de::getContexts -window 20]]
[15:23:24.69] /# gi::executeAction deCanvasZoomInAtPoint -in [gi::getWindows 20]
[15:23:24.69] /i de::zoom -window [gi::getWindows 20] -factor 2.0 -center {9.591 5.605}
[15:23:24.69] /o {7.802 4.4} {10.461 5.967}
[15:23:25.43] /# gi::executeAction deSelectByWindow -in [gi::getWindows 20]
[15:23:25.43] /i db::setPrefValue deSelectMode -value Replace -scope [db::getScopes [db::getNext [de::getContexts -window 20]]]; ide::selectByRegion -region rectangle -point {9.455 5.61} 
[15:23:25.91] /# gi::executeAction deEndDrag -in [gi::getWindows 20]
[15:23:25.91] /i de::endDrag {10.165 5.224} -context [db::getNext [de::getContexts -window 20]]
[15:23:26.92] /# gi::executeAction leStartStretchDrag -in [gi::getWindows 20]
[15:23:26.92] /i layout_editor::directStretch [de::getActiveFigure [gi::getWindows 20] -point {9.833 5.419} -index 0 -intent none] 20
[15:23:26.92] /# ile::stretch -point {9.835 5.42}
[15:23:28.37] /# gi::executeAction deEndDrag -in [gi::getWindows 20]
[15:23:28.37] /i de::endDrag {9.83 5.5} -context [db::getNext [de::getContexts -window 20]]
[15:23:28.67] /# gi::executeAction deSelectActive -in [gi::getWindows 20]
[15:23:28.67] /i de::deselectAll [db::getNext [de::getContexts -window 20]]
[15:23:28.67] /i de::deselectAllLogic -context [db::getNext [de::getContexts -window 20]]
[15:23:29.31] /# gi::executeAction deCanvasZoomInAtPoint -in [gi::getWindows 20]
[15:23:29.31] /i de::zoom -window [gi::getWindows 20] -factor 2.0 -center {9.642 5.483}
[15:23:29.31] /o {8.722 4.942} {10.051 5.725}
[15:23:29.39] /# gi::executeAction deCanvasZoomInAtPoint -in [gi::getWindows 20]
[15:23:29.39] /i de::zoom -window [gi::getWindows 20] -factor 2.0 -center {9.642 5.483}
[15:23:29.39] /o {9.182 5.212} {9.847 5.604}
[15:23:29.67] /# gi::executeAction leStretch -in [gi::getWindows 20]
[15:23:29.67] /i ile::stretch
[15:23:30.07] /# gi::executeAction deAddPoint -in [gi::getWindows 20]
[15:23:30.07] /i de::addPoint {9.609 5.475} -context [db::getNext [de::getContexts -window 20]]
[15:23:31.77] /# gi::executeAction deAddPoint -in [gi::getWindows 20]
[15:23:31.77] /i de::addPoint {9.614 5.555} -context [db::getNext [de::getContexts -window 20]]
[15:23:31.97] /# gi::executeAction deCanvasZoomOutAtPoint -in [gi::getWindows 20]
[15:23:31.97] /i de::zoom -window [gi::getWindows 20] -factor 0.5 -center {9.743 5.485}
[15:23:31.97] /o {8.621 4.94} {9.95 5.723}
[15:23:31.99] /# gi::executeAction deCanvasZoomOutAtPoint -in [gi::getWindows 20]
[15:23:31.99] /i de::zoom -window [gi::getWindows 20] -factor 0.5 -center {9.751 5.479}
[15:23:31.99] /o {7.491 4.4} {10.15 5.967}
[15:23:32.67] /# gi::executeAction leStretch -in [gi::getWindows 20]
[15:23:32.67] /i ile::stretch
[15:23:32.96] /# gi::executeAction deAddPoint -in [gi::getWindows 20]
[15:23:32.96] /i de::addPoint {9.991 5.316} -context [db::getNext [de::getContexts -window 20]]
[15:23:34.78] /# gi::executeAction deAddPoint -in [gi::getWindows 20]
[15:23:34.78] /i de::addPoint {10.001 5.394} -context [db::getNext [de::getContexts -window 20]]
[15:23:35.06] /# gi::executeAction deCanvasZoomInAtPoint -in [gi::getWindows 20]
[15:23:35.06] /i de::zoom -window [gi::getWindows 20] -factor 2.0 -center {9.595 5.382}
[15:23:35.06] /o {8.543 4.891} {9.872 5.675}
[15:23:36.49] /i gi::executeAction deSaveDesign -in [gi::getWindows 20]
[15:23:36.49] /m Information: Saving design 'new_dff D_latch layout'. (DESIGN_WINDOW-004)
[15:23:37.55] /# gi::executeAction xtDRCRun -in [gi::getWindows 20]
[15:23:37.55] /i xt::physicalVerification::executeRun drc 20
[15:23:37.65] /# xt::physicalVerification::executePve drc 20
[15:23:38.55] /r giWindowId 54
[15:23:38.57] /r giWindowGeometry 800x600
[15:23:39.56] /m Information: 
              /c =============================
              /c JobID: hercules_drc_55
              /c --- ERROR SUMMARY -----------
              /c 7.34: Minimum spacing for Metal 2 >= 0.15
              /c  EXTERNAL M2S { } (101) ................................. 1 violation found.
              /c =============================
              /c 
[15:23:39.97] /j ::xt::hercules::vue::_private::registerConnection localhost:33512 tcp157 herculesVue_11 
[15:23:39.98] /m Information: Connection established with 'Hercules-VUE' running on 'localhost'.
[15:23:40.02] /j ::xt::hercules::vue::_private::isJobReady 
[15:23:40.02] /o true
[15:23:40.04] /j ::xt::hercules::vue::startFilter LAY 
[15:23:40.22] /j ::xt::hercules::vue::setInlibPath /home/itsupport/Desktop/lab1vlsi/. 
[15:23:40.24] /j ::xt::hercules::vue::setTopLayLCV new_dff D_latch layout 
[15:23:40.25] /j ::xt::hercules::vue::openCell new_dff D_latch layout 
[15:23:42.56] /j ::xt::hercules::vue::clearAllHighlights D_latch layout 
[15:23:42.56] /j ::xt::hercules::vue::clearAllHighlights D_latch layout 
[15:23:42.76] /m Information: Connection closed with 'Hercules-VUE' running on 'localhost'.
[15:23:43.19] /i gi::executeAction giCloseWindow -in [gi::getWindows 54]
[15:23:43.20] /i gi::setActiveWindow 20
[15:23:43.20] /i gi::setActiveWindow 20 -raise true
[15:23:43.52] /# gi::executeAction deCanvasZoomOutAtPoint -in [gi::getWindows 20]
[15:23:43.52] /i de::zoom -window [gi::getWindows 20] -factor 0.5 -center {9.65 5.329}
[15:23:43.52] /o {7.436 4.453} {10.095 6.02}
[15:23:43.62] /# gi::executeAction deCanvasZoomOutAtPoint -in [gi::getWindows 20]
[15:23:43.62] /i de::zoom -window [gi::getWindows 20] -factor 0.5 -center {9.616 5.308}
[15:23:43.62] /o {5.256 3.598} {10.574 6.733}
[15:23:44.66] /# gi::executeAction deCanvasZoomInAtPoint -in [gi::getWindows 20]
[15:23:44.66] /i de::zoom -window [gi::getWindows 20] -factor 2.0 -center {7.727 4.81}
[15:23:44.66] /o {6.491 4.204} {9.15 5.771}
[15:23:45.09] /# gi::executeAction deFitView -in [gi::getWindows 20]
[15:23:45.09] /i de::fit -window 20 -fitView true
[15:23:45.09] /o {4.087 1.912} {14.722 8.18}
[15:23:45.94] /# gi::executeAction deCanvasZoomInAtPoint -in [gi::getWindows 20]
[15:23:45.94] /i de::zoom -window [gi::getWindows 20] -factor 2.0 -center {8.623 5.046}
[15:23:45.94] /o {6.355 3.479} {11.673 6.613}
[15:23:46.59] /# gi::executeAction deCanvasZoomInAtPoint -in [gi::getWindows 20]
[15:23:46.59] /i de::zoom -window [gi::getWindows 20] -factor 2.0 -center {9.405 5.198}
[15:23:46.59] /o {7.88 4.338} {10.539 5.906}
[15:23:47.66] /# gi::executeAction deCanvasZoomInAtPoint -in [gi::getWindows 20]
[15:23:47.66] /i de::zoom -window [gi::getWindows 20] -factor 2.0 -center {9.41 5.269}
[15:23:47.66] /o {8.645 4.804} {9.974 5.587}
[15:23:47.97] /# gi::executeAction deCanvasZoomOutAtPoint -in [gi::getWindows 20]
[15:23:47.97] /i de::zoom -window [gi::getWindows 20] -factor 0.5 -center {9.478 5.312}
[15:23:47.97] /o {7.812 4.295} {10.471 5.863}
[15:23:49.31] /# gi::executeAction deStartDrag -in [gi::getWindows 20]
[15:23:49.31] /i de::startDrag {9.406 5.629} -context [db::getNext [de::getContexts -window 20]]
[15:23:49.80] /# gi::executeAction deEndDrag -in [gi::getWindows 20]
[15:23:49.80] /i de::endDrag {10.153 5.206} -context [db::getNext [de::getContexts -window 20]]
[15:23:50.75] /# gi::executeAction deStartDrag -in [gi::getWindows 20]
[15:23:50.75] /i de::startDrag {9.985 5.456} -context [db::getNext [de::getContexts -window 20]]
[15:23:51.12] /# gi::executeAction deEndDrag -in [gi::getWindows 20]
[15:23:51.12] /i de::endDrag {9.985 5.461} -context [db::getNext [de::getContexts -window 20]]
[15:23:51.39] /# gi::executeAction deAddPoint -in [gi::getWindows 20]
[15:23:51.39] /i de::addPoint {10.012 5.292} -context [db::getNext [de::getContexts -window 20]]
[15:23:51.81] /# gi::executeAction deAddPoint -in [gi::getWindows 20]
[15:23:51.82] /i de::addPoint {10.058 5.241} -context [db::getNext [de::getContexts -window 20]]
[15:23:52.30] /# gi::executeAction deStartDrag -in [gi::getWindows 20]
[15:23:52.30] /i de::startDrag {10.078 5.231} -context [db::getNext [de::getContexts -window 20]]
[15:23:53.04] /# gi::executeAction deEndDrag -in [gi::getWindows 20]
[15:23:53.04] /i de::endDrag {9.398 5.648} -context [db::getNext [de::getContexts -window 20]]
[15:23:53.88] /# gi::executeAction leMove -in [gi::getWindows 20]
[15:23:53.88] /i ile::move
[15:23:54.08] /# gi::executeAction deAddPoint -in [gi::getWindows 20]
[15:23:54.08] /i de::addPoint {9.696 5.446} -context [db::getNext [de::getContexts -window 20]]
[15:23:55.49] /# gi::executeAction deAddPoint -in [gi::getWindows 20]
[15:23:55.49] /i de::addPoint {9.692 5.502} -context [db::getNext [de::getContexts -window 20]]
[15:23:56.02] /# gi::executeAction deAddPoint -in [gi::getWindows 20]
[15:23:56.02] /i de::addPoint {9.972 5.394} -context [db::getNext [de::getContexts -window 20]]
[15:23:56.86] /# gi::executeAction deAbortCommand -in [gi::getWindows 20]
[15:23:56.86] /i de::abortCommand -context [db::getNext [de::getContexts -window 20]]
[15:23:57.83] /# gi::executeAction deSelectActive -in [gi::getWindows 20]
[15:23:57.83] /i de::deselectAll [db::getNext [de::getContexts -window 20]]
[15:23:57.83] /i de::select [de::getActiveFigure [gi::getWindows 20] -point {9.966 5.394} -index 0 -intent none]
[15:23:57.83] /o oa:0x26066a80
[15:23:58.65] /# gi::executeAction leStartStretchDrag -in [gi::getWindows 20]
[15:23:58.65] /i layout_editor::directStretch [de::getActiveFigure [gi::getWindows 20] -point {9.97 5.406} -index 0 -intent none] 20
[15:23:58.65] /# ile::stretch -point {9.97 5.405}
[15:24:00.42] /# gi::executeAction deEndDrag -in [gi::getWindows 20]
[15:24:00.42] /i de::endDrag {9.961 5.46} -context [db::getNext [de::getContexts -window 20]]
[15:24:00.90] /# gi::executeAction deSelectActive -in [gi::getWindows 20]
[15:24:00.90] /i de::deselectAll [db::getNext [de::getContexts -window 20]]
[15:24:00.90] /i de::select [de::getActiveFigure [gi::getWindows 20] -point {9.997 5.389} -index 0 -intent none]
[15:24:00.90] /o oa:0x27d6c8a0
[15:24:01.35] /# gi::executeAction leStartStretchDrag -in [gi::getWindows 20]
[15:24:01.35] /i layout_editor::directStretch [de::getActiveFigure [gi::getWindows 20] -point {9.997 5.389} -index 0 -intent none] 20
[15:24:01.35] /# ile::stretch -point {9.995 5.39}
[15:24:04.40] /# gi::executeAction deEndDrag -in [gi::getWindows 20]
[15:24:04.40] /i de::endDrag {9.992 5.461} -context [db::getNext [de::getContexts -window 20]]
[15:24:05.01] /# gi::executeAction deSelectActive -in [gi::getWindows 20]
[15:24:05.01] /i de::deselectAll [db::getNext [de::getContexts -window 20]]
[15:24:05.01] /i de::select [de::getActiveFigure [gi::getWindows 20] -point {9.626 5.389} -index 0 -intent none]
[15:24:05.01] /o oa:0x262aaaa0
[15:24:05.54] /# gi::executeAction deSelectActive -in [gi::getWindows 20]
[15:24:05.54] /i de::deselectAll [db::getNext [de::getContexts -window 20]]
[15:24:05.54] /i de::select [de::getActiveFigure [gi::getWindows 20] -point {9.652 5.389} -index 0 -intent none]
[15:24:05.54] /o oa:0x2d2f16a0
[15:24:06.09] /# gi::executeAction leStartStretchDrag -in [gi::getWindows 20]
[15:24:06.09] /i layout_editor::directStretch [de::getActiveFigure [gi::getWindows 20] -point {9.652 5.389} -index 0 -intent none] 20
[15:24:06.09] /# ile::stretch -point {9.65 5.39}
[15:24:06.48] /# gi::executeAction deEndDrag -in [gi::getWindows 20]
[15:24:06.48] /i de::endDrag {9.647 5.472} -context [db::getNext [de::getContexts -window 20]]
[15:24:06.72] /# gi::executeAction deSelectActive -in [gi::getWindows 20]
[15:24:06.72] /i de::deselectAll [db::getNext [de::getContexts -window 20]]
[15:24:06.72] /i de::deselectAllLogic -context [db::getNext [de::getContexts -window 20]]
[15:24:07.92] /i gi::executeAction deSaveDesign -in [gi::getWindows 20]
[15:24:07.92] /m Information: Saving design 'new_dff D_latch layout'. (DESIGN_WINDOW-004)
[15:24:09.03] /# gi::executeAction xtDRCRun -in [gi::getWindows 20]
[15:24:09.03] /i xt::physicalVerification::executeRun drc 20
[15:24:09.13] /# xt::physicalVerification::executePve drc 20
[15:24:09.99] /r giWindowId 55
[15:24:10.00] /r giWindowGeometry 800x600
[15:24:10.96] /m Information: 
              /c =============================
              /c JobID: hercules_drc_56
              /c Completed with no errors.
              /c =============================
              /c 
[15:24:12.32] /i gi::executeAction giCloseWindow -in [gi::getWindows 55]
[15:24:12.33] /i gi::setActiveWindow 20
[15:24:12.33] /i gi::setActiveWindow 20 -raise true
[15:24:12.89] /# gi::executeAction deFitView -in [gi::getWindows 20]
[15:24:12.89] /i de::fit -window 20 -fitView true
[15:24:12.89] /o {4.087 1.912} {14.722 8.18}
[15:24:18.53] /# gi::executeAction deSelectActive -in [gi::getWindows 20]
[15:24:18.53] /i de::deselectAll [db::getNext [de::getContexts -window 20]]
[15:24:18.53] /i de::select [de::getActiveFigure [gi::getWindows 20] -point {7.912 7.693} -index 0 -intent none]
[15:24:18.53] /o oa:0x25602510
[15:24:19.00] /# gi::executeAction leStartStretchDrag -in [gi::getWindows 20]
[15:24:19.00] /i layout_editor::directStretch [de::getActiveFigure [gi::getWindows 20] -point {7.912 7.693} -index 0 -intent none] 20
[15:24:19.00] /# ile::stretch -point {7.91 7.695}
[15:24:19.62] /# gi::executeAction deEndDrag -in [gi::getWindows 20]
[15:24:19.62] /i de::endDrag {7.661 7.368} -context [db::getNext [de::getContexts -window 20]]
[15:24:20.19] /# gi::executeAction deCanvasZoomInAtPoint -in [gi::getWindows 20]
[15:24:20.19] /i de::zoom -window [gi::getWindows 20] -factor 2.0 -center {6.47 7.348}
[15:24:20.20] /o {5.278 4.63} {10.596 7.764}
[15:24:20.22] /# gi::executeAction deCanvasZoomInAtPoint -in [gi::getWindows 20]
[15:24:20.22] /i de::zoom -window [gi::getWindows 20] -factor 2.0 -center {6.47 7.348}
[15:24:20.22] /o {5.874 5.989} {8.533 7.556}
[15:24:20.61] /# gi::executeAction deSelectActive -in [gi::getWindows 20]
[15:24:20.61] /i de::deselectAll [db::getNext [de::getContexts -window 20]]
[15:24:20.61] /i de::deselectAllLogic -context [db::getNext [de::getContexts -window 20]]
[15:24:20.97] /# gi::executeAction leStretch -in [gi::getWindows 20]
[15:24:20.97] /i ile::stretch
[15:24:21.36] /# gi::executeAction deAddPoint -in [gi::getWindows 20]
[15:24:21.36] /i de::addPoint {6.637 7.077} -context [db::getNext [de::getContexts -window 20]]
[15:24:22.53] /# gi::executeAction deAddPoint -in [gi::getWindows 20]
[15:24:22.53] /i de::addPoint {7.191 7.042} -context [db::getNext [de::getContexts -window 20]]
[15:24:22.96] /# gi::executeAction deAddPoint -in [gi::getWindows 20]
[15:24:22.96] /i de::addPoint {7.755 7.311} -context [db::getNext [de::getContexts -window 20]]
[15:24:23.40] /# gi::executeAction deStartDrag -in [gi::getWindows 20]
[15:24:23.40] /i de::startDrag {7.78 7.331} -context [db::getNext [de::getContexts -window 20]]
[15:24:23.81] /# gi::executeAction deEndDrag -in [gi::getWindows 20]
[15:24:23.81] /i de::endDrag {6.82 7.062} -context [db::getNext [de::getContexts -window 20]]
[15:24:23.90] /# gi::executeAction deAbortCommand -in [gi::getWindows 20]
[15:24:23.90] /i de::abortCommand -context [db::getNext [de::getContexts -window 20]]
[15:24:24.39] /# gi::executeAction deFitView -in [gi::getWindows 20]
[15:24:24.39] /i de::fit -window 20 -fitView true
[15:24:24.39] /o {4.124 1.914} {14.685 8.138}
[15:24:25.43] /# gi::executeAction deSelectActive -in [gi::getWindows 20]
[15:24:25.43] /i de::deselectAll [db::getNext [de::getContexts -window 20]]
[15:24:25.43] /i de::select [de::getActiveFigure [gi::getWindows 20] -point {9.045 7.688} -index 0 -intent none]
[15:24:25.43] /o oa:0x2dd8e7a0
[15:24:25.87] /# gi::executeAction leStartStretchDrag -in [gi::getWindows 20]
[15:24:25.87] /i layout_editor::directStretch [de::getActiveFigure [gi::getWindows 20] -point {9.045 7.688} -index 0 -intent none] 20
[15:24:25.87] /# ile::stretch -point {9.045 7.69}
[15:24:26.67] /# gi::executeAction deEndDrag -in [gi::getWindows 20]
[15:24:26.67] /i de::endDrag {9.092 7.473} -context [db::getNext [de::getContexts -window 20]]
[15:24:27.15] /# gi::executeAction deSelectActive -in [gi::getWindows 20]
[15:24:27.15] /i de::deselectAll [db::getNext [de::getContexts -window 20]]
[15:24:27.15] /i de::select [de::getActiveFigure [gi::getWindows 20] -point {10.443 7.587} -index 0 -intent none]
[15:24:27.15] /o oa:0x27f72100
[15:24:27.60] /# gi::executeAction leStartStretchDrag -in [gi::getWindows 20]
[15:24:27.60] /i layout_editor::directStretch [de::getActiveFigure [gi::getWindows 20] -point {10.463 7.486} -index 0 -intent none] 20
[15:24:27.61] /# ile::stretch -point {10.465 7.485}
[15:24:28.45] /# gi::executeAction deEndDrag -in [gi::getWindows 20]
[15:24:28.45] /i de::endDrag {10.483 7.385} -context [db::getNext [de::getContexts -window 20]]
[15:24:28.84] /# gi::executeAction leStartStretchDrag -in [gi::getWindows 20]
[15:24:28.84] /i layout_editor::directStretch [de::getActiveFigure [gi::getWindows 20] -point {10.483 7.385} -index 0 -intent none] 20
[15:24:28.84] /# ile::stretch -point {10.485 7.385}
[15:24:29.12] /# gi::executeAction deEndDrag -in [gi::getWindows 20]
[15:24:29.12] /i de::endDrag {10.383 7.372} -context [db::getNext [de::getContexts -window 20]]
[15:24:29.40] /# gi::executeAction deSelectActive -in [gi::getWindows 20]
[15:24:29.40] /i de::deselectAll [db::getNext [de::getContexts -window 20]]
[15:24:29.41] /i de::deselectAllLogic -context [db::getNext [de::getContexts -window 20]]
[15:24:30.24] /# gi::executeAction deCanvasZoomInAtPoint -in [gi::getWindows 20]
[15:24:30.24] /i de::zoom -window [gi::getWindows 20] -factor 2.0 -center {10.766 2.331}
[15:24:30.25] /o {7.445 2.122} {12.725 5.235}
[15:24:30.34] /# gi::executeAction deCanvasZoomInAtPoint -in [gi::getWindows 20]
[15:24:30.34] /i de::zoom -window [gi::getWindows 20] -factor 2.0 -center {10.776 2.321}
[15:24:30.34] /o {9.111 2.222} {11.751 3.778}
[15:24:30.72] /# gi::executeAction deCanvasZoomOutAtPoint -in [gi::getWindows 20]
[15:24:30.72] /i de::zoom -window [gi::getWindows 20] -factor 0.5 -center {10.791 2.301}
[15:24:30.73] /o {7.43 2.142} {12.71 5.255}
[15:24:30.75] /# gi::executeAction deCanvasZoomOutAtPoint -in [gi::getWindows 20]
[15:24:30.75] /i de::zoom -window [gi::getWindows 20] -factor 0.5 -center {10.791 2.3}
[15:24:30.75] /o {4.069 1.985} {14.63 8.209}
[15:24:30.88] /# gi::executeAction deFitView -in [gi::getWindows 20]
[15:24:30.88] /i de::fit -window 20 -fitView true
[15:24:30.88] /o {4.327 1.926} {14.482 7.911}
[15:24:31.74] /# gi::executeAction leStretch -in [gi::getWindows 20]
[15:24:31.74] /i ile::stretch
[15:24:32.24] /# gi::executeAction deAddPoint -in [gi::getWindows 20]
[15:24:32.24] /i de::addPoint {10.843 2.21} -context [db::getNext [de::getContexts -window 20]]
[15:24:33.02] /# gi::executeAction deAddPoint -in [gi::getWindows 20]
[15:24:33.02] /i de::addPoint {10.888 2.766} -context [db::getNext [de::getContexts -window 20]]
[15:24:33.17] /# gi::executeAction deAbortCommand -in [gi::getWindows 20]
[15:24:33.17] /i de::abortCommand -context [db::getNext [de::getContexts -window 20]]
[15:24:34.15] /i gi::executeAction deSaveDesign -in [gi::getWindows 20]
[15:24:34.15] /m Information: Saving design 'new_dff D_latch layout'. (DESIGN_WINDOW-004)
[15:24:46.59] /# gi::executeAction deCanvasZoomInAtPoint -in [gi::getWindows 20]
[15:24:46.59] /i de::zoom -window [gi::getWindows 20] -factor 2.0 -center {8.419 4.957}
[15:24:46.59] /o {6.373 3.441} {11.45 6.434}
[15:24:48.69] /# gi::executeAction deSelectActive -in [gi::getWindows 20]
[15:24:48.70] /i de::deselectAll [db::getNext [de::getContexts -window 20]]
[15:24:48.70] /i de::select [de::getActiveFigure [gi::getWindows 20] -point {8.972 5.028} -index 0 -intent none]
[15:24:48.70] /o oa:0x27a3e9c0
[15:24:49.74] /# gi::executeAction deSelectActive -in [gi::getWindows 20]
[15:24:49.74] /i de::deselectAll [db::getNext [de::getContexts -window 20]]
[15:24:49.74] /i de::deselectAllLogic -context [db::getNext [de::getContexts -window 20]]
[15:24:51.21] /# gi::executeAction leStretch -in [gi::getWindows 20]
[15:24:51.21] /i ile::stretch
[15:24:52.11] /# gi::executeAction deAddPoint -in [gi::getWindows 20]
[15:24:52.11] /i de::addPoint {10.943 5.086} -context [db::getNext [de::getContexts -window 20]]
[15:24:53.07] /# gi::executeAction deCanvasZoomInAtPoint -in [gi::getWindows 20]
[15:24:53.07] /i de::zoom -window [gi::getWindows 20] -factor 2.0 -center {9.408 5.025}
[15:24:53.07] /o {7.891 4.233} {10.429 5.73}
[15:24:53.16] /# gi::executeAction deCanvasZoomInAtPoint -in [gi::getWindows 20]
[15:24:53.16] /i de::zoom -window [gi::getWindows 20] -factor 2.0 -center {9.408 5.025}
[15:24:53.16] /o {8.649 4.629} {9.919 5.377}
[15:24:55.66] /# gi::executeAction deAddPoint -in [gi::getWindows 20]
[15:24:55.66] /i de::addPoint {9.401 5.023} -context [db::getNext [de::getContexts -window 20]]
[15:24:56.61] /i gi::executeAction deSaveDesign -in [gi::getWindows 20]
[15:24:56.61] /m Information: Saving design 'new_dff D_latch layout'. (DESIGN_WINDOW-004)
[15:24:57.54] /# gi::executeAction deAddPoint -in [gi::getWindows 20]
[15:24:57.55] /i de::addPoint {9.088 5.147} -context [db::getNext [de::getContexts -window 20]]
[15:24:57.84] /# gi::executeAction deCompleteShape -in [gi::getWindows 20]
[15:24:57.84] /i de::completeShape -context [db::getNext [de::getContexts -window 20]]
[15:24:58.19] /# gi::executeAction deAbortCommand -in [gi::getWindows 20]
[15:24:58.19] /i de::abortCommand -context [db::getNext [de::getContexts -window 20]]
[15:24:58.56] /# gi::executeAction deSelectActive -in [gi::getWindows 20]
[15:24:58.56] /i de::deselectAll [db::getNext [de::getContexts -window 20]]
[15:24:58.56] /i de::select [de::getActiveFigure [gi::getWindows 20] -point {9.054 5.168} -index 0 -intent none]
[15:24:58.57] /o oa:0x202a1180
[15:24:59.37] /i gi::executeAction deCanvasDragCancel -in [gi::getWindows 20]
[15:24:59.51] /# gi::executeAction deSelectActive -in [gi::getWindows 20]
[15:24:59.51] /i de::deselectAll [db::getNext [de::getContexts -window 20]]
[15:24:59.51] /i de::deselectAllLogic -context [db::getNext [de::getContexts -window 20]]
[15:25:00.17] /# gi::executeAction leStretch -in [gi::getWindows 20]
[15:25:00.17] /i ile::stretch
[15:25:00.90] /# gi::executeAction deAddPoint -in [gi::getWindows 20]
[15:25:00.90] /i de::addPoint {9.066 5.204} -context [db::getNext [de::getContexts -window 20]]
[15:25:01.16] /# gi::executeAction deAbortCommand -in [gi::getWindows 20]
[15:25:01.16] /i de::abortCommand -context [db::getNext [de::getContexts -window 20]]
[15:25:01.52] /# gi::executeAction deSelectActive -in [gi::getWindows 20]
[15:25:01.52] /i de::deselectAll [db::getNext [de::getContexts -window 20]]
[15:25:01.52] /i de::select [de::getActiveFigure [gi::getWindows 20] -point {9.052 5.124} -index 0 -intent none]
[15:25:01.52] /o oa:0x27bc8f70
[15:25:02.48] /i gi::setItemSelection {attributes} -index {width,all} -in [gi::getAssistants dePropertyEditor -from [gi::getWindows 20]]
[15:25:02.48] /i gi::setCurrentIndex {attributes} -index {width,Value} -in [gi::getAssistants dePropertyEditor -from [gi::getWindows 20]]
[15:25:03.08] /i gi::setItemSelection {attributes} -index {height,all} -in [gi::getAssistants dePropertyEditor -from [gi::getWindows 20]]
[15:25:03.08] /i gi::setCurrentIndex {attributes} -index {height,Value} -in [gi::getAssistants dePropertyEditor -from [gi::getWindows 20]]
[15:25:04.40] /i gi::setField {attributes} -value {0.15} -index {height,Value} -in [gi::getAssistants dePropertyEditor -from [gi::getWindows 20]]
[15:25:04.40] /i gi::executeAction dePropertyEditorApplyChanges -in [gi::getAssistants dePropertyEditor -from [gi::getWindows 20]]
[15:25:04.98] /i gi::setField {attributes} -value {0} -index {height,Value} -in [gi::getAssistants dePropertyEditor -from [gi::getWindows 20]]
[15:25:07.66] /i gi::setField {attributes} -value {0.15} -index {height,Value} -in [gi::getAssistants dePropertyEditor -from [gi::getWindows 20]]
[15:25:07.66] /i gi::executeAction dePropertyEditorApplyChanges -in [gi::getAssistants dePropertyEditor -from [gi::getWindows 20]]
[15:25:08.48] /# gi::executeAction deSelectActive -in [gi::getWindows 20]
[15:25:08.48] /i de::deselectAll [db::getNext [de::getContexts -window 20]]
[15:25:08.48] /i de::deselectAllLogic -context [db::getNext [de::getContexts -window 20]]
[15:25:08.62] /# gi::executeAction deFitView -in [gi::getWindows 20]
[15:25:08.62] /i de::fit -window 20 -fitView true
[15:25:08.62] /o {4.709 2.353} {14.1 7.889}
[15:25:33.48] /i gi::setActiveWindow 28
[15:25:33.48] /i gi::setActiveWindow 28 -raise true
[15:25:34.32] /i gi::setActiveWindow 23
[15:25:34.32] /i gi::setActiveWindow 23 -raise true
[15:25:36.57] /# gi::executeAction deSelectActive -in [gi::getWindows 23]
[15:25:36.57] /i de::deselectAll [db::getNext [de::getContexts -window 23]]
[15:25:36.57] /i de::deselectAllLogic -context [db::getNext [de::getContexts -window 23]]
[15:25:39.49] /i gi::setActiveWindow 20
[15:25:39.49] /i gi::setActiveWindow 20 -raise true
[15:25:43.71] /# gi::executeAction deCanvasZoomInAtPoint -in [gi::getWindows 20]
[15:25:43.71] /i de::zoom -window [gi::getWindows 20] -factor 2.0 -center {9.605 5.103}
[15:25:43.71] /o {7.157 3.728} {11.853 6.496}
[15:25:47.28] /# gi::executeAction deSelectActive -in [gi::getWindows 20]
[15:25:47.28] /i de::deselectAll [db::getNext [de::getContexts -window 20]]
[15:25:47.28] /i de::select [de::getActiveFigure [gi::getWindows 20] -point {8.846 5.025} -index 0 -intent none]
[15:25:47.28] /o oa:0x27cb1760
[15:25:49.01] /i gi::setItemSelection {attributes} -index {width,all} -in [gi::getAssistants dePropertyEditor -from [gi::getWindows 20]]
[15:25:49.01] /i gi::setCurrentIndex {attributes} -index {width,Value} -in [gi::getAssistants dePropertyEditor -from [gi::getWindows 20]]
[15:25:50.60] /i gi::setField {attributes} -value {2.5} -index {width,Value} -in [gi::getAssistants dePropertyEditor -from [gi::getWindows 20]]
[15:25:50.60] /i gi::executeAction dePropertyEditorApplyChanges -in [gi::getAssistants dePropertyEditor -from [gi::getWindows 20]]
[15:25:51.57] /# gi::executeAction deSelectActive -in [gi::getWindows 20]
[15:25:51.57] /i de::deselectAll [db::getNext [de::getContexts -window 20]]
[15:25:51.57] /i de::deselectAllLogic -context [db::getNext [de::getContexts -window 20]]
[15:25:52.04] /# gi::executeAction deCanvasZoomInAtPoint -in [gi::getWindows 20]
[15:25:52.04] /i de::zoom -window [gi::getWindows 20] -factor 2.0 -center {9.967 5.04}
[15:25:52.04] /o {8.562 4.384} {10.91 5.768}
[15:25:52.08] /# gi::executeAction deCanvasZoomInAtPoint -in [gi::getWindows 20]
[15:25:52.08] /i de::zoom -window [gi::getWindows 20] -factor 2.0 -center {9.967 5.04}
[15:25:52.08] /o {9.264 4.712} {10.438 5.404}
[15:25:52.40] /# gi::executeAction leStretch -in [gi::getWindows 20]
[15:25:52.40] /i ile::stretch
[15:25:53.31] /# gi::executeAction deAddPoint -in [gi::getWindows 20]
[15:25:53.31] /i de::addPoint {9.903 5.061} -context [db::getNext [de::getContexts -window 20]]
[15:25:55.29] /# gi::executeAction deAddPoint -in [gi::getWindows 20]
[15:25:55.29] /i de::addPoint {10.202 5.054} -context [db::getNext [de::getContexts -window 20]]
[15:25:55.62] /# gi::executeAction deCanvasZoomOutAtPoint -in [gi::getWindows 20]
[15:25:55.62] /i de::zoom -window [gi::getWindows 20] -factor 0.5 -center {10.229 5.065}
[15:25:55.62] /o {8.3 4.359} {10.648 5.743}
[15:25:56.14] /# gi::executeAction deCanvasZoomInAtPoint -in [gi::getWindows 20]
[15:25:56.14] /i de::zoom -window [gi::getWindows 20] -factor 2.0 -center {9.51 5.239}
[15:25:56.14] /o {8.905 4.799} {10.079 5.491}
[15:25:56.20] /# gi::executeAction deCanvasZoomInAtPoint -in [gi::getWindows 20]
[15:25:56.20] /i de::zoom -window [gi::getWindows 20] -factor 2.0 -center {9.506 5.238}
[15:25:56.20] /o {9.205 5.019} {9.792 5.364}
[15:25:56.49] /# gi::executeAction deCanvasZoomOutAtPoint -in [gi::getWindows 20]
[15:25:56.49] /i de::zoom -window [gi::getWindows 20] -factor 0.5 -center {9.68 5.163}
[15:25:56.49] /o {8.731 4.874} {9.905 5.566}
[15:25:56.52] /# gi::executeAction deCanvasZoomOutAtPoint -in [gi::getWindows 20]
[15:25:56.52] /i de::zoom -window [gi::getWindows 20] -factor 0.5 -center {9.68 5.162}
[15:25:56.52] /o {7.782 4.586} {10.13 5.97}
[15:25:56.66] /# gi::executeAction deFitView -in [gi::getWindows 20]
[15:25:56.66] /i de::fit -window 20 -fitView true
[15:25:56.66] /o {4.709 2.353} {14.1 7.889}
[15:25:57.20] /# gi::executeAction deCanvasZoomInAtPoint -in [gi::getWindows 20]
[15:25:57.20] /i de::zoom -window [gi::getWindows 20] -factor 2.0 -center {9.963 4.93}
[15:25:57.20] /o {7.336 3.642} {12.032 6.409}
[15:25:57.53] /# gi::executeAction deCanvasZoomInAtPoint -in [gi::getWindows 20]
[15:25:57.53] /i de::zoom -window [gi::getWindows 20] -factor 2.0 -center {10.352 5.043}
[15:25:57.53] /o {8.844 4.342} {11.192 5.726}
[15:25:57.57] /# gi::executeAction deCanvasZoomInAtPoint -in [gi::getWindows 20]
[15:25:57.57] /i de::zoom -window [gi::getWindows 20] -factor 2.0 -center {10.352 5.043}
[15:25:57.57] /o {9.598 4.693} {10.772 5.385}
[15:25:58.20] /# gi::executeAction deAddPoint -in [gi::getWindows 20]
[15:25:58.20] /i de::addPoint {10.148 5.086} -context [db::getNext [de::getContexts -window 20]]
[15:25:58.79] /# gi::executeAction deAbortCommand -in [gi::getWindows 20]
[15:25:58.79] /i de::abortCommand -context [db::getNext [de::getContexts -window 20]]
[15:25:59.19] /# gi::executeAction deSelectActive -in [gi::getWindows 20]
[15:25:59.19] /i de::deselectAllLogic -context [db::getNext [de::getContexts -window 20]]
[15:26:00.00] /# gi::executeAction leVia -in [gi::getWindows 20]
[15:26:00.00] /i ile::createVia
[15:26:00.03] /o oa:0x27f4fa30
[15:26:00.65] /# gi::executeAction deAddPoint -in [gi::getWindows 20]
[15:26:00.65] /i de::addPoint {10.174 5.051} -context [db::getNext [de::getContexts -window 20]]
[15:26:01.59] /i gi::executeAction deSaveDesign -in [gi::getWindows 20]
[15:26:01.59] /m Information: Saving design 'new_dff D_latch layout'. (DESIGN_WINDOW-004)
[15:26:02.54] /# gi::executeAction xtDRCRun -in [gi::getWindows 20]
[15:26:02.54] /i xt::physicalVerification::executeRun drc 20
[15:26:02.64] /# xt::physicalVerification::executePve drc 20
[15:26:03.55] /r giWindowId 56
[15:26:03.57] /r giWindowGeometry 800x600
[15:26:04.56] /m Information: 
              /c =============================
              /c JobID: hercules_drc_57
              /c Completed with no errors.
              /c =============================
              /c 
[15:26:05.99] /i gi::executeAction giCloseWindow -in [gi::getWindows 56]
[15:26:06.00] /i gi::setActiveWindow 20
[15:26:06.00] /i gi::setActiveWindow 20 -raise true
[15:26:06.45] /# gi::executeAction deAddPoint -in [gi::getWindows 20]
[15:26:06.45] /i de::addPoint {10.563 5.1} -context [db::getNext [de::getContexts -window 20]]
[15:26:06.68] /# gi::executeAction deFitView -in [gi::getWindows 20]
[15:26:06.68] /i de::fit -window 20 -fitView true
[15:26:06.68] /o {4.709 2.353} {14.1 7.889}
[15:26:27.11] /i de::setActiveLPP [de::getLPPs "m2 drawing" -from [db::getAttr editDesign -of [de::getContexts -window 20]]]
[15:26:27.48] /# gi::executeAction deAbortCommand -in [gi::getWindows 20]
[15:26:27.49] /i de::abortCommand -context [db::getNext [de::getContexts -window 20]]
[15:26:28.47] /# gi::executeAction leRectangle -in [gi::getWindows 20]
[15:26:28.47] /i ile::createRectangle
[15:26:29.58] /# gi::executeAction deStartDrag -in [gi::getWindows 20]
[15:26:29.58] /i de::startDrag {11.619 2.503} -context [db::getNext [de::getContexts -window 20]]
[15:26:30.21] /# gi::executeAction deEndDrag -in [gi::getWindows 20]
[15:26:30.21] /i de::endDrag {9.587 3.166} -context [db::getNext [de::getContexts -window 20]]
[15:26:30.39] /# gi::executeAction deAbortCommand -in [gi::getWindows 20]
[15:26:30.39] /i de::abortCommand -context [db::getNext [de::getContexts -window 20]]
[15:26:30.71] /# gi::executeAction deCanvasZoomInAtPoint -in [gi::getWindows 20]
[15:26:30.71] /i de::zoom -window [gi::getWindows 20] -factor 2.0 -center {7.441 3.005}
[15:26:30.71] /o {6.075 2.679} {10.771 5.447}
[15:26:30.78] /# gi::executeAction deCanvasZoomInAtPoint -in [gi::getWindows 20]
[15:26:30.78] /i de::zoom -window [gi::getWindows 20] -factor 2.0 -center {7.441 3.005}
[15:26:30.78] /o {6.758 2.842} {9.106 4.226}
[15:26:31.23] /# gi::executeAction deSelectActive -in [gi::getWindows 20]
[15:26:31.23] /i de::deselectAll [db::getNext [de::getContexts -window 20]]
[15:26:31.23] /i de::select [de::getActiveFigure [gi::getWindows 20] -point {7.484 3.128} -index 0 -intent none]
[15:26:31.23] /o oa:0x2d570750
[15:26:31.70] /# gi::executeAction leStartStretchDrag -in [gi::getWindows 20]
[15:26:31.70] /i layout_editor::directStretch [de::getActiveFigure [gi::getWindows 20] -point {7.484 3.128} -index 0 -intent none] 20
[15:26:31.70] /# ile::stretch -point {7.485 3.13}
[15:26:32.37] /# gi::executeAction deEndDrag -in [gi::getWindows 20]
[15:26:32.37] /i de::endDrag {7.517 3.314} -context [db::getNext [de::getContexts -window 20]]
[15:26:32.88] /# gi::executeAction deSelectActive -in [gi::getWindows 20]
[15:26:32.88] /i de::deselectAll [db::getNext [de::getContexts -window 20]]
[15:26:32.88] /i de::deselectAllLogic -context [db::getNext [de::getContexts -window 20]]
[15:26:33.40] /# gi::executeAction leStretch -in [gi::getWindows 20]
[15:26:33.40] /i ile::stretch
[15:26:33.69] /# gi::executeAction deAddPoint -in [gi::getWindows 20]
[15:26:33.69] /i de::addPoint {8.022 3.054} -context [db::getNext [de::getContexts -window 20]]
[15:26:34.51] /# gi::executeAction deCanvasZoomInAtPoint -in [gi::getWindows 20]
[15:26:34.51] /i de::zoom -window [gi::getWindows 20] -factor 2.0 -center {8.024 3.243}
[15:26:34.51] /o {7.391 3.043} {8.565 3.734}
[15:26:35.43] /# gi::executeAction deAddPoint -in [gi::getWindows 20]
[15:26:35.43] /i de::addPoint {8.022 3.244} -context [db::getNext [de::getContexts -window 20]]
[15:26:35.59] /# gi::executeAction deFitView -in [gi::getWindows 20]
[15:26:35.59] /i de::fit -window 20 -fitView true
[15:26:35.59] /o {4.591 2.221} {14.218 7.896}
[15:26:36.12] /# gi::executeAction deCanvasZoomInAtPoint -in [gi::getWindows 20]
[15:26:36.12] /i de::zoom -window [gi::getWindows 20] -factor 2.0 -center {6.858 2.981}
[15:26:36.12] /o {5.725 2.601} {10.538 5.438}
[15:26:36.52] /# gi::executeAction leStretch -in [gi::getWindows 20]
[15:26:36.52] /i ile::stretch
[15:26:37.44] /# gi::executeAction deAddPoint -in [gi::getWindows 20]
[15:26:37.44] /i de::addPoint {6.647 3.294} -context [db::getNext [de::getContexts -window 20]]
[15:26:37.94] /# gi::executeAction deCanvasZoomInAtPoint -in [gi::getWindows 20]
[15:26:37.94] /i de::zoom -window [gi::getWindows 20] -factor 2.0 -center {7.204 3.248}
[15:26:37.94] /o {6.464 2.925} {8.871 4.343}
[15:26:38.04] /# gi::executeAction deCanvasZoomInAtPoint -in [gi::getWindows 20]
[15:26:38.04] /i de::zoom -window [gi::getWindows 20] -factor 2.0 -center {7.181 3.252}
[15:26:38.04] /o {6.823 3.088} {8.026 3.798}
[15:26:39.06] /# gi::executeAction deAddPoint -in [gi::getWindows 20]
[15:26:39.06] /i de::addPoint {7.202 3.246} -context [db::getNext [de::getContexts -window 20]]
[15:26:39.21] /# gi::executeAction deCanvasZoomOutAtPoint -in [gi::getWindows 20]
[15:26:39.21] /i de::zoom -window [gi::getWindows 20] -factor 0.5 -center {7.209 3.225}
[15:26:39.22] /o {6.436 2.952} {8.843 4.37}
[15:26:39.24] /# gi::executeAction deCanvasZoomOutAtPoint -in [gi::getWindows 20]
[15:26:39.25] /i de::zoom -window [gi::getWindows 20] -factor 0.5 -center {7.208 3.217}
[15:26:39.25] /o {5.665 2.686} {10.478 5.523}
[15:26:39.66] /# gi::executeAction deCanvasZoomInAtPoint -in [gi::getWindows 20]
[15:26:39.66] /i de::zoom -window [gi::getWindows 20] -factor 2.0 -center {7.212 3.069}
[15:26:39.66] /o {6.438 2.878} {8.845 4.296}
[15:26:40.04] /# gi::executeAction deAddPoint -in [gi::getWindows 20]
[15:26:40.04] /i de::addPoint {7.266 2.966} -context [db::getNext [de::getContexts -window 20]]
[15:26:40.34] /# gi::executeAction leStretch -in [gi::getWindows 20]
[15:26:40.34] /i ile::stretch
[15:26:41.18] /# gi::executeAction deAddPoint -in [gi::getWindows 20]
[15:26:41.18] /i de::addPoint {7.262 3.054} -context [db::getNext [de::getContexts -window 20]]
[15:26:41.64] /# gi::executeAction deCanvasZoomInAtPoint -in [gi::getWindows 20]
[15:26:41.64] /i de::zoom -window [gi::getWindows 20] -factor 2.0 -center {7.262 3.242}
[15:26:41.64] /o {6.85 3.06} {8.053 3.769}
[15:26:41.76] /# gi::executeAction deCanvasZoomInAtPoint -in [gi::getWindows 20]
[15:26:41.76] /i de::zoom -window [gi::getWindows 20] -factor 2.0 -center {7.262 3.242}
[15:26:41.76] /o {7.056 3.151} {7.658 3.506}
[15:26:42.26] /# gi::executeAction deAddPoint -in [gi::getWindows 20]
[15:26:42.26] /i de::addPoint {7.262 3.242} -context [db::getNext [de::getContexts -window 20]]
[15:26:42.62] /# gi::executeAction deFitView -in [gi::getWindows 20]
[15:26:42.62] /i de::fit -window 20 -fitView true
[15:26:42.62] /o {4.709 2.221} {14.335 7.896}
[15:26:43.62] /i gi::executeAction deSaveDesign -in [gi::getWindows 20]
[15:26:43.62] /m Information: Saving design 'new_dff D_latch layout'. (DESIGN_WINDOW-004)
[15:26:45.03] /# gi::executeAction xtDRCRun -in [gi::getWindows 20]
[15:26:45.03] /i xt::physicalVerification::executeRun drc 20
[15:26:45.12] /# xt::physicalVerification::executePve drc 20
[15:26:45.97] /r giWindowId 57
[15:26:45.99] /r giWindowGeometry 800x600
[15:26:46.96] /m Information: 
              /c =============================
              /c JobID: hercules_drc_58
              /c Completed with no errors.
              /c =============================
              /c 
[15:26:48.71] /i gi::executeAction giCloseWindow -in [gi::getWindows 57]
[15:26:48.73] /i gi::setActiveWindow 20
[15:26:48.73] /i gi::setActiveWindow 20 -raise true
[15:26:49.67] /# gi::executeAction deAddPoint -in [gi::getWindows 20]
[15:26:49.67] /i de::addPoint {11.351 2.852} -context [db::getNext [de::getContexts -window 20]]
[15:26:50.92] /# gi::executeAction deAbortCommand -in [gi::getWindows 20]
[15:26:50.92] /i de::abortCommand -context [db::getNext [de::getContexts -window 20]]
[15:26:51.93] /# gi::executeAction leStretch -in [gi::getWindows 20]
[15:26:51.93] /i ile::stretch
[15:26:52.16] /# gi::executeAction deAddPoint -in [gi::getWindows 20]
[15:26:52.16] /i de::addPoint {9.586 2.761} -context [db::getNext [de::getContexts -window 20]]
[15:26:54.03] /# gi::executeAction deAddPoint -in [gi::getWindows 20]
[15:26:54.03] /i de::addPoint {7.123 2.797} -context [db::getNext [de::getContexts -window 20]]
[15:26:55.28] /# gi::executeAction deCanvasZoomInAtPoint -in [gi::getWindows 20]
[15:26:55.28] /i de::zoom -window [gi::getWindows 20] -factor 2.0 -center {10.8 2.761}
[15:26:55.28] /o {7.754 2.491} {12.568 5.328}
[15:26:55.73] /# gi::executeAction leStretch -in [gi::getWindows 20]
[15:26:55.73] /i ile::stretch
[15:26:56.42] /# gi::executeAction deAddPoint -in [gi::getWindows 20]
[15:26:56.42] /i de::addPoint {10.846 2.77} -context [db::getNext [de::getContexts -window 20]]
[15:26:56.97] /# gi::executeAction deAddPoint -in [gi::getWindows 20]
[15:26:56.97] /i de::addPoint {10.846 2.605} -context [db::getNext [de::getContexts -window 20]]
[15:26:57.03] /# gi::executeAction deAbortCommand -in [gi::getWindows 20]
[15:26:57.03] /i de::abortCommand -context [db::getNext [de::getContexts -window 20]]
[15:26:57.93] /# gi::executeAction leVia -in [gi::getWindows 20]
[15:26:57.93] /i ile::createVia
[15:26:57.95] /o oa:0x24e2ae90
[15:26:58.53] /# gi::executeAction deAddPoint -in [gi::getWindows 20]
[15:26:58.53] /i de::addPoint {10.365 2.843} -context [db::getNext [de::getContexts -window 20]]
[15:26:59.18] /# gi::executeAction deAddPoint -in [gi::getWindows 20]
[15:26:59.18] /i de::addPoint {10.919 2.853} -context [db::getNext [de::getContexts -window 20]]
[15:26:59.51] /# gi::executeAction deAddPoint -in [gi::getWindows 20]
[15:26:59.51] /i de::addPoint {10.864 2.853} -context [db::getNext [de::getContexts -window 20]]
[15:27:00.02] /# gi::executeAction deAddPoint -in [gi::getWindows 20]
[15:27:00.02] /i de::addPoint {10.855 2.853} -context [db::getNext [de::getContexts -window 20]]
[15:27:00.43] /# gi::executeAction deAbortCommand -in [gi::getWindows 20]
[15:27:00.43] /i de::abortCommand -context [db::getNext [de::getContexts -window 20]]
[15:27:02.34] /i de::setActiveLPP [de::getLPPs "m2 pin" -from [db::getAttr editDesign -of [de::getContexts -window 20]]]
[15:27:03.14] /# gi::executeAction leRectangle -in [gi::getWindows 20]
[15:27:03.14] /i ile::createRectangle
[15:27:03.77] /# gi::executeAction deStartDrag -in [gi::getWindows 20]
[15:27:03.77] /i de::startDrag {9.179 2.938} -context [db::getNext [de::getContexts -window 20]]
[15:27:04.05] /# gi::executeAction deEndDrag -in [gi::getWindows 20]
[15:27:04.05] /i de::endDrag {10.055 2.439} -context [db::getNext [de::getContexts -window 20]]
[15:27:04.82] /# gi::executeAction deCanvasZoomOutAtPoint -in [gi::getWindows 20]
[15:27:04.82] /i de::zoom -window [gi::getWindows 20] -factor 0.5 -center {9.825 2.641}
[15:27:04.82] /o {5.684 2.341} {15.31 8.016}
[15:27:05.42] /# gi::executeAction deFitView -in [gi::getWindows 20]
[15:27:05.42] /i de::fit -window 20 -fitView true
[15:27:05.42] /o {4.647 2.153} {14.397 7.899}
[15:27:05.86] /# gi::executeAction deAbortCommand -in [gi::getWindows 20]
[15:27:05.86] /i de::abortCommand -context [db::getNext [de::getContexts -window 20]]
[15:27:06.09] /# gi::executeAction deCanvasZoomInAtPoint -in [gi::getWindows 20]
[15:27:06.09] /i de::zoom -window [gi::getWindows 20] -factor 2.0 -center {9.916 2.221}
[15:27:06.09] /o {7.282 2.187} {12.156 5.06}
[15:27:06.17] /# gi::executeAction deCanvasZoomInAtPoint -in [gi::getWindows 20]
[15:27:06.17] /i de::zoom -window [gi::getWindows 20] -factor 2.0 -center {9.916 2.227}
[15:27:06.17] /o {8.599 2.207} {11.036 3.644}
[15:27:06.65] /# gi::executeAction deSelectActive -in [gi::getWindows 20]
[15:27:06.65] /i de::deselectAll [db::getNext [de::getContexts -window 20]]
[15:27:06.65] /i de::select [de::getActiveFigure [gi::getWindows 20] -point {9.795 2.433} -index 0 -intent none]
[15:27:06.65] /o oa:0x268fba80
[15:27:07.15] /# gi::executeAction leStartStretchDrag -in [gi::getWindows 20]
[15:27:07.15] /i layout_editor::directStretch [de::getActiveFigure [gi::getWindows 20] -point {9.795 2.433} -index 0 -intent none] 20
[15:27:07.15] /# ile::stretch -point {9.795 2.435}
[15:27:07.89] /# gi::executeAction deEndDrag -in [gi::getWindows 20]
[15:27:07.89] /i de::endDrag {9.797 2.572} -context [db::getNext [de::getContexts -window 20]]
[15:27:09.14] /# gi::executeAction leLabel -in [gi::getWindows 20]
[15:27:09.14] /i ile::createLabel
[15:27:11.80] /i gi::executeAction deObjectActivation -in [gi::getWindows 20]
[15:27:12.16] /i gi::setField {textMultiline} -value {gnd!} -in [gi::getToolbars {deCommandOptions} -from [gi::getWindows 20]]
[15:27:12.16] /i gi::executeAction deObjectActivation -in [gi::getWindows 20]
[15:27:13.13] /# gi::executeAction deAddPoint -in [gi::getWindows 20]
[15:27:13.13] /i de::addPoint {9.587 2.814} -context [db::getNext [de::getContexts -window 20]]
[15:27:13.37] /# gi::executeAction deAbortCommand -in [gi::getWindows 20]
[15:27:13.37] /i de::abortCommand -context [db::getNext [de::getContexts -window 20]]
[15:27:13.50] /# gi::executeAction deCanvasZoomOutAtPoint -in [gi::getWindows 20]
[15:27:13.50] /i de::zoom -window [gi::getWindows 20] -factor 0.5 -center {9.587 2.818}
[15:27:13.50] /o {7.611 1.596} {12.485 4.469}
[15:27:13.53] /# gi::executeAction deCanvasZoomOutAtPoint -in [gi::getWindows 20]
[15:27:13.53] /i de::zoom -window [gi::getWindows 20] -factor 0.5 -center {9.597 2.84}
[15:27:13.53] /o {5.624 0.352} {15.374 6.098}
[15:27:14.21] /# gi::executeAction deSelectActive -in [gi::getWindows 20]
[15:27:14.21] /i de::deselectAll [db::getNext [de::getContexts -window 20]]
[15:27:14.21] /i de::select [de::getActiveFigure [gi::getWindows 20] -point {8.733 2.927} -index 0 -intent none]
[15:27:14.21] /o oa:0x276f6430
[15:27:14.64] /# gi::executeAction leCopy -in [gi::getWindows 20]
[15:27:14.64] /i ile::copy
[15:27:14.87] /# gi::executeAction deAddPoint -in [gi::getWindows 20]
[15:27:14.87] /i de::addPoint {8.733 2.927} -context [db::getNext [de::getContexts -window 20]]
[15:27:15.36] /# gi::executeAction deFitView -in [gi::getWindows 20]
[15:27:15.36] /i de::fit -window 20 -fitView true
[15:27:15.36] /o {4.709 2.221} {14.335 7.896}
[15:27:19.38] /# gi::executeAction deAddPoint -in [gi::getWindows 20]
[15:27:19.38] /i de::addPoint {8.275 7.081} -context [db::getNext [de::getContexts -window 20]]
[15:27:19.77] /i gi::executeAction deCanvasDragCancel -in [gi::getWindows 20]
[15:27:22.55] /# gi::executeAction leStartStretchDrag -in [gi::getWindows 20]
[15:27:22.55] /i layout_editor::directStretch [de::getActiveFigure [gi::getWindows 20] -point {9.746 6.897} -index 0 -intent none] 20
[15:27:22.55] /# ile::stretch -point {9.745 6.895}
[15:27:23.34] /# gi::executeAction deEndDrag -in [gi::getWindows 20]
[15:27:23.34] /i de::endDrag {12.068 6.811} -context [db::getNext [de::getContexts -window 20]]
[15:27:24.12] /# gi::executeAction deSelectActive -in [gi::getWindows 20]
[15:27:24.12] /i de::deselectAll [db::getNext [de::getContexts -window 20]]
[15:27:24.12] /i de::deselectAllLogic -context [db::getNext [de::getContexts -window 20]]
[15:27:24.58] /# gi::executeAction leStretch -in [gi::getWindows 20]
[15:27:24.58] /i ile::stretch
[15:27:25.17] /# gi::executeAction deAddPoint -in [gi::getWindows 20]
[15:27:25.17] /i de::addPoint {13.962 7.013} -context [db::getNext [de::getContexts -window 20]]
[15:27:25.94] /# gi::executeAction deAddPoint -in [gi::getWindows 20]
[15:27:25.95] /i de::addPoint {11.498 7.105} -context [db::getNext [de::getContexts -window 20]]
[15:27:26.21] /# gi::executeAction deCanvasZoomInAtPoint -in [gi::getWindows 20]
[15:27:26.21] /i de::zoom -window [gi::getWindows 20] -factor 2.0 -center {11.474 7.105}
[15:27:26.21] /o {8.091 4.663} {12.905 7.5}
[15:27:26.32] /# gi::executeAction deCanvasZoomInAtPoint -in [gi::getWindows 20]
[15:27:26.32] /i de::zoom -window [gi::getWindows 20] -factor 2.0 -center {11.192 7.105}
[15:27:26.32] /o {9.642 5.884} {12.048 7.303}
[15:27:26.73] /# gi::executeAction deCanvasZoomOutAtPoint -in [gi::getWindows 20]
[15:27:26.73] /i de::zoom -window [gi::getWindows 20] -factor 0.5 -center {10.323 7.131}
[15:27:26.73] /o {8.96 4.637} {13.774 7.474}
[15:27:27.07] /# gi::executeAction deFitView -in [gi::getWindows 20]
[15:27:27.07] /i de::fit -window 20 -fitView true
[15:27:27.08] /o {4.709 2.221} {14.335 7.896}
[15:27:27.67] /# gi::executeAction deCanvasZoomInAtPoint -in [gi::getWindows 20]
[15:27:27.67] /i de::zoom -window [gi::getWindows 20] -factor 2.0 -center {9.66 6.878}
[15:27:27.67] /o {7.184 4.55} {11.998 7.387}
[15:27:28.19] /# gi::executeAction leStretch -in [gi::getWindows 20]
[15:27:28.19] /i ile::stretch
[15:27:28.73] /# gi::executeAction deAddPoint -in [gi::getWindows 20]
[15:27:28.73] /i de::addPoint {9.449 6.979} -context [db::getNext [de::getContexts -window 20]]
[15:27:29.56] /# gi::executeAction deAddPoint -in [gi::getWindows 20]
[15:27:29.56] /i de::addPoint {10.025 6.952} -context [db::getNext [de::getContexts -window 20]]
[15:27:30.28] /# gi::executeAction deAddPoint -in [gi::getWindows 20]
[15:27:30.28] /i de::addPoint {11.275 6.86} -context [db::getNext [de::getContexts -window 20]]
[15:27:30.37] /# gi::executeAction deAbortCommand -in [gi::getWindows 20]
[15:27:30.37] /i de::abortCommand -context [db::getNext [de::getContexts -window 20]]
[15:27:30.84] /# gi::executeAction deSelectActive -in [gi::getWindows 20]
[15:27:30.84] /i de::deselectAll [db::getNext [de::getContexts -window 20]]
[15:27:30.84] /i de::select [de::getActiveFigure [gi::getWindows 20] -point {11.275 6.869} -index 0 -intent none]
[15:27:30.84] /o oa:0x27dafb60
[15:27:31.32] /# gi::executeAction leStartStretchDrag -in [gi::getWindows 20]
[15:27:31.32] /i layout_editor::directStretch [de::getActiveFigure [gi::getWindows 20] -point {11.275 6.869} -index 0 -intent none] 20
[15:27:31.32] /# ile::stretch -point {11.275 6.87}
[15:27:31.83] /# gi::executeAction deEndDrag -in [gi::getWindows 20]
[15:27:31.83] /i de::endDrag {11.275 6.743} -context [db::getNext [de::getContexts -window 20]]
[15:27:33.18] /# gi::executeAction leVia -in [gi::getWindows 20]
[15:27:33.18] /i ile::createVia
[15:27:33.20] /o oa:0x27c042b0
[15:27:34.26] /# gi::executeAction deAddPoint -in [gi::getWindows 20]
[15:27:34.26] /i de::addPoint {10.309 6.878} -context [db::getNext [de::getContexts -window 20]]
[15:27:35.04] /# gi::executeAction deAddPoint -in [gi::getWindows 20]
[15:27:35.04] /i de::addPoint {10.916 6.823} -context [db::getNext [de::getContexts -window 20]]
[15:27:35.99] /# gi::executeAction deAbortCommand -in [gi::getWindows 20]
[15:27:35.99] /i de::abortCommand -context [db::getNext [de::getContexts -window 20]]
[15:27:37.73] /# gi::executeAction leRectangle -in [gi::getWindows 20]
[15:27:37.73] /i ile::createRectangle
[15:27:38.68] /# gi::executeAction deStartDrag -in [gi::getWindows 20]
[15:27:38.68] /i de::startDrag {11.14 7.08} -context [db::getNext [de::getContexts -window 20]]
[15:27:39.00] /# gi::executeAction deEndDrag -in [gi::getWindows 20]
[15:27:39.00] /i de::endDrag {11.422 6.685} -context [db::getNext [de::getContexts -window 20]]
[15:27:42.54] /# gi::executeAction leLabel -in [gi::getWindows 20]
[15:27:42.54] /i ile::createLabel
[15:27:44.96] /i gi::executeAction deObjectActivation -in [gi::getWindows 20]
[15:27:45.41] /i gi::setField {textMultiline} -value {vdd!} -in [gi::getToolbars {deCommandOptions} -from [gi::getWindows 20]]
[15:27:45.41] /i gi::executeAction deObjectActivation -in [gi::getWindows 20]
[15:27:46.28] /# gi::executeAction deCanvasZoomInAtPoint -in [gi::getWindows 20]
[15:27:46.28] /i de::zoom -window [gi::getWindows 20] -factor 2.0 -center {11.367 6.946}
[15:27:46.28] /o {9.276 5.748} {11.682 7.166}
[15:27:46.74] /# gi::executeAction deAddPoint -in [gi::getWindows 20]
[15:27:46.74] /i de::addPoint {11.272 6.903} -context [db::getNext [de::getContexts -window 20]]
[15:27:46.88] /# gi::executeAction deAbortCommand -in [gi::getWindows 20]
[15:27:46.88] /i de::abortCommand -context [db::getNext [de::getContexts -window 20]]
