[20:40:25.12] /r giWindowId 0
[20:40:25.12] /r giWindowGeometry 600x300
[20:40:25.12] /o 
              /c                                 Custom Compiler 
              /c 
              /c               Version N-2017.12-SP1-2 for linux64 - May 16, 2018 
              /c 
              /c                     Copyright (c) 2004 - 2018 Synopsys, Inc.
              /c    This software and the associated documentation are proprietary to Synopsys,
              /c  Inc. This software may only be used in accordance with the terms and conditions
              /c  of a written license agreement with Synopsys, Inc. All other use, reproduction,
              /c             or distribution of this software is strictly prohibited.
              /c 
              /c Build  (OPT) Config 4182185 compiled on Wed May 16 15:20:56 2018 for RHEL64 6.6
              /c Invocation: /usr/synopsys/customcompiler/N-2017.12-SP1-2/linux64/platform/bin/cdesigner
              /c Execution time: Sat May 23 20:40:23 2026
              /c Host: localhost.localdomain
              /c Working directory: /home/itsupport/Desktop/lab1vlsi
              /c 
[20:40:26.28] /r giShowFrameTabs true
[20:40:26.28] /r giWindowId 1
[20:40:26.28] /r giWindowGeometry 1040x800
[20:40:35.09] /# gi::pressButton {/scroll/scrollArea/scrollAreaInnerWidget/applications/dmLibraryManager} -in [gi::getWindows 1]
[20:40:35.09] /# 
[20:40:35.09] /i dm::openLibraryManager
[20:40:35.09] /r giWindowId 2
[20:40:35.09] /r giWindowGeometry 660x600+50+78
[20:40:35.11] /o oa:0x1a7191f0
[20:40:36.23] /i gi::setCurrentIndex {libs} -index {inverter} -in [gi::getWindows 2]
[20:40:36.24] /i gi::setItemSelection {libs} -index {inverter} -in [gi::getWindows 2]
[20:40:37.88] /i db::setAttr maximized -of [gi::getFrames 1] -value true
[20:40:38.20] /i db::setAttr geometry -of [gi::getFrames 1] -value 1910x1101+5+56
[20:40:38.67] /i gi::setCurrentIndex {cellCategories} -index {LAB1} -in [gi::getWindows 2]
[20:40:38.67] /i gi::setItemSelection {cellCategories} -index {LAB1} -in [gi::getWindows 2]
[20:40:39.06] /i gi::setCurrentIndex {cellCategories} -index {LAB3} -in [gi::getWindows 2]
[20:40:39.06] /i gi::setItemSelection {cellCategories} -index {LAB3} -in [gi::getWindows 2]
[20:40:39.42] /i gi::setCurrentIndex {cellCategories} -index {FULL_ADDER_2BIT} -in [gi::getWindows 2]
[20:40:39.42] /i gi::setItemSelection {cellCategories} -index {FULL_ADDER_2BIT} -in [gi::getWindows 2]
[20:40:39.84] /i gi::setCurrentIndex {cellCategories} -index {LAB3} -in [gi::getWindows 2]
[20:40:39.84] /i gi::setItemSelection {cellCategories} -index {LAB3} -in [gi::getWindows 2]
[20:40:41.43] /i gi::setCurrentIndex {libs} -index {project_d_ff} -in [gi::getWindows 2]
[20:40:41.43] /i gi::setItemSelection {libs} -index {project_d_ff} -in [gi::getWindows 2]
[20:40:42.27] /i gi::setCurrentIndex {cellCategories} -index {D_LATCH_SLAVE} -in [gi::getWindows 2]
[20:40:42.27] /i gi::setItemSelection {cellCategories} -index {D_LATCH_SLAVE} -in [gi::getWindows 2]
[20:40:43.06] /i gi::setCurrentIndex {cellCategories} -index {D_FF} -in [gi::getWindows 2]
[20:40:43.06] /i gi::setItemSelection {cellCategories} -index {D_FF} -in [gi::getWindows 2]
[20:40:43.96] /i gi::setCurrentIndex {cells} -index {D_FF} -in [gi::getWindows 2]
[20:40:43.96] /i gi::setItemSelection {cells} -index {D_FF} -in [gi::getWindows 2]
[20:40:44.26] /i gi::setCurrentIndex {cells} -index {D_FF_tb} -in [gi::getWindows 2]
[20:40:44.26] /i gi::setItemSelection {cells} -index {D_FF_tb} -in [gi::getWindows 2]
[20:40:45.18] /i gi::setCurrentIndex {views} -index {schematic} -in [gi::getWindows 2]
[20:40:45.18] /i gi::setItemSelection {views} -index {schematic} -in [gi::getWindows 2]
[20:40:46.39] /i gi::executeAction dmOpen -in [gi::getWindows 2]
[20:40:46.40] /w Warning: Preference 'leActiveLPP' is deprecated and scheduled for removal in a future release with no replacement. For migration assistance, see the Custom Compiler Tcl Reference Manual. (PREFERENCE-058)
[20:40:46.40] /o 	#######################################
[20:40:46.40] /o 	PDK Library Name	: reference90RF
[20:40:46.40] /o 	PDK Version		: 2.0
[20:40:46.40] /o 	PDK Release Date	: 25-March-2010 
[20:40:46.40] /o 	#######################################
[20:40:46.40] /o 
[20:40:46.41] /m Information: License 'Schematic' checked out. (LICENSE-003)
[20:40:46.45] /r giWindowId 3
[20:40:46.45] /r giWindowGeometry 1632x1020
[20:40:46.64] /o "project_d_ff/D_FF_tb/schematic" design does not need checking
[20:40:48.52] /# gi::executeAction seShowConsoleForWindow -in [gi::getWindows 3]
[20:40:48.52] /i sa::showConsole -context [db::getNext [de::getContexts -window 3]]
[20:40:49.67] /m Information: License 'SAE' checked out. (LICENSE-003)
[20:40:49.70] /r giWindowId 4
[20:40:49.70] /r giWindowGeometry 600x500
[20:40:49.78] /o oa:0x236367a0
[20:40:49.80] /m Information: Launching Background sae_shell Server Process "cd /home/itsupport/Desktop/lab1vlsi && sae_shell -log sae_shell_session0_job1 -libDefFile /home/itsupport/Desktop/lab1vlsi/lib.defs"
[20:40:52.21] /m Information: Received ready-for-commands signal from background job 'sae_shell_session0_job1' after 3 seconds.
[20:41:00.30] /i gi::executeAction menuPreShow -in [gi::getWindows 4]
[20:41:00.30] /r giMenuAccess db::getNext [gi::getMenus saConsoleSimMenu -from [gi::getWindows 4]]
[20:41:00.58] /i gi::executeAction menuPreShow -in [gi::getWindows 4]
[20:41:00.58] /r giMenuAccess db::getNext [gi::getMenus saConsoleOutputsMenu -from [gi::getWindows 4]]
[20:41:01.03] /i gi::executeAction menuPreShow -in [gi::getWindows 4]
[20:41:01.03] /r giMenuAccess db::getNext [gi::getMenus saVariablesMenu -from [gi::getWindows 4]]
[20:41:01.18] /i gi::executeAction menuPreShow -in [gi::getWindows 4]
[20:41:01.18] /r giMenuAccess db::getNext [gi::getMenus saConsoleSetupMenu -from [gi::getWindows 4]]
[20:41:02.05] /i gi::executeAction menuPreShow -in [gi::getWindows 4]
[20:41:02.05] /r giMenuAccess db::getNext [gi::getMenus saConsoleSessionMenu -from [gi::getWindows 4]]
[20:41:03.19] /# gi::executeAction saLoadState -in [gi::getWindows 4]
[20:41:03.19] /i sa::showLoadState -parent 4
[20:41:03.41] /o oa:0x239eea70
[20:41:03.47] /i gi::setActiveDialog [gi::getDialogs {saShowLoadState} -parent [gi::getWindows 4]]
[20:41:03.72] /i db::setAttr geometry -of [gi::getDialogs {saShowLoadState} -parent [gi::getWindows 4]] -value 603x720+778+424
[20:41:04.71] /i gi::pressButton {/ok} -in [gi::getDialogs {saShowLoadState} -parent [gi::getWindows 4]]
[20:41:06.06] /i gi::executeAction menuPreShow -in [gi::getWindows 4]
[20:41:06.06] /r giMenuAccess db::getNext [gi::getMenus saConsoleSimMenu -from [gi::getWindows 4]]
[20:41:06.35] /i gi::executeAction menuPreShow -in [gi::getWindows 4]
[20:41:06.35] /r giMenuAccess db::getNext [gi::getMenus saResultsMenu -from [gi::getWindows 4]]
[20:41:06.62] /i gi::executeAction menuPreShow -in [gi::getWindows 4]
[20:41:06.62] /r giMenuAccess db::getNext [gi::getMenus saConsoleSimMenu -from [gi::getWindows 4]]
[20:41:07.89] /# gi::executeAction saNetlistAndRun -in [gi::getWindows 4]
[20:41:07.89] /i isa::netlistAndRun -testbench [sa::findActiveTestbench -window 4] -mode overwrite
[20:41:07.90] /r giWindowId 5
[20:41:07.91] /r giWindowGeometry 800x600
[20:41:07.99] /m Information: "Starting incremental netlisting for design "project_d_ff/D_FF_tb/schematic"..." (NETLISTING-010)
[20:41:08.00] /o No Design Integrity rule violations found in "project_d_ff/D_FF_tb/schematic"
[20:41:08.01] /m Information: 
[20:41:08.01] /o Checking "project_d_ff/D_FF/schematic"
[20:41:08.01] /o No rule violations found in "project_d_ff/D_FF/schematic"
[20:41:08.02] /m Information: 
[20:41:08.02] /o Checking "project_d_ff/D_latch/schematic"
[20:41:08.02] /o No rule violations found in "project_d_ff/D_latch/schematic"
[20:41:08.02] /m Information: 
[20:41:08.02] /o Checking "project_d_ff/inv_out/schematic"
[20:41:08.03] /o No rule violations found in "project_d_ff/inv_out/schematic"
[20:41:08.03] /m Information: 
[20:41:08.03] /o Checking "project_d_ff/TG_out/schematic"
[20:41:08.03] /o No rule violations found in "project_d_ff/TG_out/schematic"
[20:41:08.06] /m Information: "Netlisting design "project_d_ff/D_FF_tb/schematic" finished successfully." (NETLISTING-012)
[20:41:08.07] /m Information: "Composing simulator input file for design "project_d_ff/D_FF_tb/schematic"..."
[20:41:08.11] /m Information: "Simulator input file composed successfully for design "project_d_ff/D_FF_tb/schematic""
[20:41:08.24] /m Information: "Starting HSPICE simulation for design: project_d_ff/D_FF_tb/schematic"
[20:41:08.24] /# gi::collapse {jobMonitorTable} -index {0.0.0.0,0} -in [gi::getWindows 5]
[20:41:08.25] /o 1
[20:41:08.63] /m Information: "Simulation completed successfully for design: project_d_ff/D_FF_tb/schematic "
[20:41:08.81] /m Information: Launching Background sae_shell Server Process "cd /home/itsupport/Desktop/lab1vlsi && sae_shell -log sae_shell_session0_job2 -libDefFile /home/itsupport/Desktop/lab1vlsi/lib.defs"
[20:41:08.82] /m Information: "Evaluating and plotting outputs..."
[20:41:08.88] /m Information: Started sharing "Custom WaveView" license. (WAVEFORM-110)
[20:41:08.90] /m Information: Launching Waveform Viewer "cd /home/itsupport/simulation/project_d_ff,D_FF_tb,schematic/history_1/simulation/HSPICE_d_Fff/HSPICE/nominal/results &&  wv -k -cdesigner -spxkey /usr/synopsys/customcompiler/N-2017.12-SP1-2/auxx/waveform/sae.spxkey -spxrc /tmp/sae_spxrc_SbzIYH -unique_string 7f022bfd91f14a65c4ac300f607c403a15c9c611af414893916e52343c87a980eb2070ad53df9c9058d97ebbee82bd514a0976cb5e529f0f -lic_type 1    > /home/itsupport/simulation/project_d_ff,D_FF_tb,schematic/history_1/simulation/HSPICE_d_Fff/HSPICE/nominal/results/viewer.log 2>&1"
[20:41:08.90] /i gi::collapse {jobMonitorTable} -index {0.0,0} -in [gi::getWindows 5]
[20:41:09.31] /m Information: Measurement calculations completed for testbench: HSPICE_d_Fff in 1s
[20:41:09.61] /j ::wf::WaveView::plotSuccess WaveView_1 {} {_705e790_void_pp _70a9da0_void_pp} 
[20:41:09.64] /j ::wf::WaveView::plotSuccess WaveView_1 {} {_705e790_void_pp _70a9e68_void_pp} 
[20:41:09.68] /j ::wf::WaveView::plotSuccess WaveView_1 {} {_705e790_void_pp _70a9f30_void_pp} 
[20:41:09.69] /j ::wf::WaveView::plotSuccess WaveView_1 {} {_705e790_void_pp _70a9ff8_void_pp} 
[20:41:11.21] /m Information: Received ready-for-commands signal from background job 'sae_shell_session0_job2' after 3 seconds.
[20:42:34.72] /i gi::setActiveWindow 3
[20:42:34.73] /i gi::setActiveWindow 3 -raise true
[20:42:36.09] /i gi::setActiveWindow 4
[20:42:36.09] /i gi::setActiveWindow 4 -raise true
[20:42:36.71] /i gi::setCurrentIndex {variablesTable} -index {0,1} -in [gi::getWindows 4]
[20:42:36.71] /i gi::setItemSelection {variablesTable} -index {0,1} -in [gi::getWindows 4]
[20:42:37.02] /i gi::setField {variablesTable} -index {0,1} -value {25} -in [gi::getWindows 4]
[20:42:37.02] /i gi::setCurrentIndex {variablesTable} -index {1,1} -in [gi::getWindows 4]
[20:42:37.02] /i gi::setItemSelection {variablesTable} -index {1,1} -in [gi::getWindows 4]
[20:42:37.62] /i gi::executeAction giToggleFullScreen -in [gi::getWindows 4]
[20:42:37.62] /# db::setAttr maximized -of [gi::getFrames 1] -value false
[20:42:38.00] /i db::setAttr geometry -of [gi::getFrames 1] -value 1910x1167+5+28
[20:42:40.78] /i gi::setField {variablesTable} -index {1,1} -value {166.7} -in [gi::getWindows 4]
[20:42:40.78] /i gi::setField {variablesTable} -index {1,1} -value {166.7} -in [gi::getWindows 4]
[20:42:43.33] /i gi::setField {variablesTable} -index {1,1} -value {166.7p} -in [gi::getWindows 4]
[20:42:43.33] /i gi::setField {variablesTable} -index {1,1} -value {166.7p} -in [gi::getWindows 4]
[20:42:43.95] /i gi::setItemSelection {variablesTable} -index {} -in [gi::getWindows 4]
[20:42:44.54] /i gi::executeAction menuPreShow -in [gi::getWindows 4]
[20:42:44.54] /r giMenuAccess db::getNext [gi::getMenus saConsoleSimMenu -from [gi::getWindows 4]]
[20:42:45.33] /# gi::executeAction saNetlistAndRun -in [gi::getWindows 4]
[20:42:45.33] /i isa::netlistAndRun -testbench [sa::findActiveTestbench -window 4] -mode overwrite
[20:42:45.39] /m Information: "Starting incremental netlisting for design "project_d_ff/D_FF_tb/schematic"..." (NETLISTING-010)
[20:42:45.40] /o No Design Integrity rule violations found in "project_d_ff/D_FF_tb/schematic"
[20:42:45.42] /m Information: 
[20:42:45.42] /o Checking "project_d_ff/D_FF/schematic"
[20:42:45.42] /o No rule violations found in "project_d_ff/D_FF/schematic"
[20:42:45.42] /m Information: 
[20:42:45.42] /o Checking "project_d_ff/D_latch/schematic"
[20:42:45.42] /o No rule violations found in "project_d_ff/D_latch/schematic"
[20:42:45.43] /m Information: 
[20:42:45.43] /o Checking "project_d_ff/inv_out/schematic"
[20:42:45.43] /o No rule violations found in "project_d_ff/inv_out/schematic"
[20:42:45.43] /m Information: 
[20:42:45.43] /o Checking "project_d_ff/TG_out/schematic"
[20:42:45.43] /o No rule violations found in "project_d_ff/TG_out/schematic"
[20:42:45.46] /m Information: "Netlisting design "project_d_ff/D_FF_tb/schematic" finished successfully." (NETLISTING-012)
[20:42:45.47] /m Information: "Composing simulator input file for design "project_d_ff/D_FF_tb/schematic"..."
[20:42:45.49] /m Information: "Simulator input file composed successfully for design "project_d_ff/D_FF_tb/schematic""
[20:42:45.65] /m Information: "Starting HSPICE simulation for design: project_d_ff/D_FF_tb/schematic"
[20:42:45.65] /# gi::collapse {jobMonitorTable} -index {0.0.0.0,0} -in [gi::getWindows 5]
[20:42:45.66] /o 1
[20:42:45.68] /i db::setAttr geometry -of [gi::getFrames 1] -value 1910x1166+5+28
[20:42:46.02] /m Information: "Simulation completed successfully for design: project_d_ff/D_FF_tb/schematic "
[20:42:46.19] /m Information: "Evaluating and plotting outputs..."
[20:42:46.36] /j ::wf::WaveView::plotSuccess WaveView_1 {} {_7666230_void_pp _70aa0c0_void_pp} 
[20:42:46.51] /j ::wf::WaveView::plotSuccess WaveView_1 {} {_7666230_void_pp _70a9da0_void_pp} 
[20:42:46.58] /j ::wf::WaveView::plotSuccess WaveView_1 {} {_7666230_void_pp _70a9e68_void_pp} 
[20:42:46.61] /m Information: Measurement calculations completed for testbench: HSPICE_d_Fff in 0s
[20:42:46.71] /j ::wf::WaveView::plotSuccess WaveView_1 {} {_7666230_void_pp _70a9f30_void_pp} 
[20:42:53.93] /i gi::pressButton {ConsoleToggleButton} -in [db::getAttr statusbar -of [gi::getWindows 5]]
[20:42:54.28] /i gi::pressButton {ConsoleToggleButton} -in [db::getAttr statusbar -of [gi::getWindows 5]]
[20:43:15.11] /m Information: Waveform viewer exited normally.
[20:43:18.90] /i gi::executeAction giToggleFullScreen -in [gi::getWindows 5]
[20:43:19.22] /i db::setAttr geometry -of [gi::getFrames 1] -value 1040x824+439+170
[20:43:20.60] /i db::setAttr maximized -of [gi::getFrames 1] -value true
[20:43:20.90] /i db::setAttr geometry -of [gi::getFrames 1] -value 1910x1101+5+56
[20:43:21.73] /i gi::executeAction giCloseWindow -in [gi::getWindows 5]
[20:43:21.75] /i gi::setActiveWindow 4
[20:43:21.75] /i gi::setActiveWindow 4 -raise true
[20:43:23.44] /i gi::executeAction menuPreShow -in [gi::getWindows 4]
[20:43:23.44] /r giMenuAccess db::getNext [gi::getMenus saConsoleSimMenu -from [gi::getWindows 4]]
[20:43:24.17] /# gi::executeAction saNetlistAndRun -in [gi::getWindows 4]
[20:43:24.17] /i isa::netlistAndRun -testbench [sa::findActiveTestbench -window 4] -mode overwrite
[20:43:24.18] /r giWindowId 6
[20:43:24.18] /r giWindowGeometry 800x600
[20:43:24.24] /m Information: "Starting incremental netlisting for design "project_d_ff/D_FF_tb/schematic"..." (NETLISTING-010)
[20:43:24.25] /o No Design Integrity rule violations found in "project_d_ff/D_FF_tb/schematic"
[20:43:24.26] /m Information: 
[20:43:24.26] /o Checking "project_d_ff/D_FF/schematic"
[20:43:24.26] /o No rule violations found in "project_d_ff/D_FF/schematic"
[20:43:24.27] /m Information: 
[20:43:24.27] /o Checking "project_d_ff/D_latch/schematic"
[20:43:24.27] /o No rule violations found in "project_d_ff/D_latch/schematic"
[20:43:24.27] /m Information: 
[20:43:24.27] /o Checking "project_d_ff/inv_out/schematic"
[20:43:24.27] /o No rule violations found in "project_d_ff/inv_out/schematic"
[20:43:24.28] /m Information: 
[20:43:24.28] /o Checking "project_d_ff/TG_out/schematic"
[20:43:24.28] /o No rule violations found in "project_d_ff/TG_out/schematic"
[20:43:24.31] /m Information: "Netlisting design "project_d_ff/D_FF_tb/schematic" finished successfully." (NETLISTING-012)
[20:43:24.31] /m Information: "Composing simulator input file for design "project_d_ff/D_FF_tb/schematic"..."
[20:43:24.34] /m Information: "Simulator input file composed successfully for design "project_d_ff/D_FF_tb/schematic""
[20:43:24.48] /m Information: "Starting HSPICE simulation for design: project_d_ff/D_FF_tb/schematic"
[20:43:24.49] /# gi::collapse {jobMonitorTable} -index {0.0.0.0,0} -in [gi::getWindows 6]
[20:43:24.51] /o 1
[20:43:24.92] /m Information: "Simulation completed successfully for design: project_d_ff/D_FF_tb/schematic "
[20:43:25.11] /m Information: "Evaluating and plotting outputs..."
[20:43:25.14] /m Information: Launching Waveform Viewer "cd /home/itsupport/simulation/project_d_ff,D_FF_tb,schematic/history_1/simulation/HSPICE_d_Fff/HSPICE/nominal/results &&  wv -k -cdesigner -spxkey /usr/synopsys/customcompiler/N-2017.12-SP1-2/auxx/waveform/sae.spxkey -spxrc /tmp/sae_spxrc_UOM2DV -unique_string 7f022bfd91f14a65c4ac300f607c403a15c9c611af414893916e52343c87a980eb2070ad53df9c9098dbb48e031a60b8e83de96803d3d8be -lic_type 1    > /home/itsupport/simulation/project_d_ff,D_FF_tb,schematic/history_1/simulation/HSPICE_d_Fff/HSPICE/nominal/results/viewer.log 2>&1"
[20:43:25.14] /i gi::collapse {jobMonitorTable} -index {0.0,0} -in [gi::getWindows 6]
[20:43:25.41] /m Information: Measurement calculations completed for testbench: HSPICE_d_Fff in 0s
[20:43:25.87] /j ::wf::WaveView::plotSuccess WaveView_2 {} {_6f90740_void_pp _6fdba00_void_pp} 
[20:43:25.89] /j ::wf::WaveView::plotSuccess WaveView_2 {} {_6f90740_void_pp _6fdbac8_void_pp} 
[20:43:25.95] /j ::wf::WaveView::plotSuccess WaveView_2 {} {_6f90740_void_pp _6fdbb90_void_pp} 
[20:43:25.97] /j ::wf::WaveView::plotSuccess WaveView_2 {} {_6f90740_void_pp _6fdbc58_void_pp} 
[20:43:47.56] /i gi::setActiveWindow 4
[20:43:47.56] /i gi::setActiveWindow 4 -raise true
[20:43:48.43] /i gi::setItemSelection {variablesTable} -index {1,1} -in [gi::getWindows 4]
[20:43:50.30] /i gi::setField {variablesTable} -index {1,1} -value {150p} -in [gi::getWindows 4]
[20:43:50.30] /i gi::setField {variablesTable} -index {1,1} -value {150p} -in [gi::getWindows 4]
[20:43:51.32] /i gi::executeAction menuPreShow -in [gi::getWindows 4]
[20:43:51.32] /r giMenuAccess db::getNext [gi::getMenus saConsoleSimMenu -from [gi::getWindows 4]]
[20:43:51.72] /# gi::executeAction saNetlistAndRun -in [gi::getWindows 4]
[20:43:51.72] /i isa::netlistAndRun -testbench [sa::findActiveTestbench -window 4] -mode overwrite
[20:43:51.78] /m Information: "Starting incremental netlisting for design "project_d_ff/D_FF_tb/schematic"..." (NETLISTING-010)
[20:43:51.79] /o No Design Integrity rule violations found in "project_d_ff/D_FF_tb/schematic"
[20:43:51.81] /m Information: 
[20:43:51.81] /o Checking "project_d_ff/D_FF/schematic"
[20:43:51.81] /o No rule violations found in "project_d_ff/D_FF/schematic"
[20:43:51.82] /m Information: 
[20:43:51.82] /o Checking "project_d_ff/D_latch/schematic"
[20:43:51.82] /o No rule violations found in "project_d_ff/D_latch/schematic"
[20:43:51.82] /m Information: 
[20:43:51.82] /o Checking "project_d_ff/inv_out/schematic"
[20:43:51.82] /o No rule violations found in "project_d_ff/inv_out/schematic"
[20:43:51.83] /m Information: 
[20:43:51.83] /o Checking "project_d_ff/TG_out/schematic"
[20:43:51.83] /o No rule violations found in "project_d_ff/TG_out/schematic"
[20:43:51.87] /m Information: "Netlisting design "project_d_ff/D_FF_tb/schematic" finished successfully." (NETLISTING-012)
[20:43:51.87] /m Information: "Composing simulator input file for design "project_d_ff/D_FF_tb/schematic"..."
[20:43:51.90] /m Information: "Simulator input file composed successfully for design "project_d_ff/D_FF_tb/schematic""
[20:43:52.03] /m Information: "Starting HSPICE simulation for design: project_d_ff/D_FF_tb/schematic"
[20:43:52.03] /# gi::collapse {jobMonitorTable} -index {0.0.0.0,0} -in [gi::getWindows 6]
[20:43:52.04] /o 1
[20:43:52.41] /m Information: "Simulation completed successfully for design: project_d_ff/D_FF_tb/schematic "
[20:43:52.58] /m Information: "Evaluating and plotting outputs..."
[20:43:52.91] /m Information: Measurement calculations completed for testbench: HSPICE_d_Fff in 0s
[20:43:52.92] /j ::wf::WaveView::plotSuccess WaveView_2 {} {_75c5910_void_pp _6fdbd20_void_pp} 
[20:43:53.10] /j ::wf::WaveView::plotSuccess WaveView_2 {} {_75c5910_void_pp _6fdba00_void_pp} 
[20:43:53.29] /j ::wf::WaveView::plotSuccess WaveView_2 {} {_75c5910_void_pp _6fdbac8_void_pp} 
[20:43:53.47] /j ::wf::WaveView::plotSuccess WaveView_2 {} {_75c5910_void_pp _6fdbb90_void_pp} 
[20:44:05.15] /i gi::setActiveWindow 4
[20:44:05.15] /i gi::setActiveWindow 4 -raise true
[20:44:05.53] /i gi::setActiveWindow 3
[20:44:05.53] /i gi::setActiveWindow 3 -raise true
[20:44:06.81] /# gi::executeAction deSelectActive -in [gi::getWindows 3]
[20:44:06.81] /i de::deselectAll [db::getNext [de::getContexts -window 3]]
[20:44:06.81] /i de::select [de::getActiveFigure [gi::getWindows 3] -point {3.29375 3.7125} -index 0 -intent none]
[20:44:06.81] /o oa:0x240ab8a0
[20:44:10.58] /i gi::setActiveWindow 4
[20:44:10.58] /i gi::setActiveWindow 4 -raise true
[20:44:35.74] /i gi::setActiveWindow 3
[20:44:35.74] /i gi::setActiveWindow 3 -raise true
[20:44:38.31] /# gi::executeAction deSelectActive -in [gi::getWindows 3]
[20:44:38.31] /i de::deselectAll [db::getNext [de::getContexts -window 3]]
[20:44:38.31] /i de::select [de::getActiveFigure [gi::getWindows 3] -point {3.625 3.1625} -index 0 -intent none]
[20:44:38.31] /o oa:0x248e4ca0
[20:44:39.14] /i gi::setItemSelection {parameters} -index {tr,all} -in [gi::getAssistants dePropertyEditor -from [gi::getWindows 3]]
[20:44:39.14] /i gi::setCurrentIndex {parameters} -index {tr,Value} -in [gi::getAssistants dePropertyEditor -from [gi::getWindows 3]]
[20:44:41.45] /i gi::setField {parameters} -value {5p} -index {tr,Value} -in [gi::getAssistants dePropertyEditor -from [gi::getWindows 3]]
[20:44:41.45] /i gi::executeAction dePropertyEditorApplyChanges -in [gi::getAssistants dePropertyEditor -from [gi::getWindows 3]]
[20:44:42.38] /i gi::setItemSelection {parameters} -index {tf,all} -in [gi::getAssistants dePropertyEditor -from [gi::getWindows 3]]
[20:44:42.39] /i gi::setCurrentIndex {parameters} -index {tf,Value} -in [gi::getAssistants dePropertyEditor -from [gi::getWindows 3]]
[20:44:44.36] /i gi::setField {parameters} -value {5p} -index {tf,Value} -in [gi::getAssistants dePropertyEditor -from [gi::getWindows 3]]
[20:44:44.36] /i gi::executeAction dePropertyEditorApplyChanges -in [gi::getAssistants dePropertyEditor -from [gi::getWindows 3]]
[20:44:45.72] /# gi::executeAction deSelectActive -in [gi::getWindows 3]
[20:44:45.72] /i de::deselectAll [db::getNext [de::getContexts -window 3]]
[20:44:45.72] /i de::select [de::getActiveFigure [gi::getWindows 3] -point {3.41875 3.78125} -index 0 -intent none]
[20:44:45.72] /o oa:0x24664c00
[20:44:46.02] /# gi::executeAction deDescend -in [gi::getWindows 3]
[20:44:46.02] /i ide::descend 3 -inPlace false -promptView false -readOnly auto
[20:44:46.08] /r giDialog gi::setActiveDialog [gi::getDialogs {deDescendFailed} -parent [gi::getWindows 3]]
[20:44:46.38] /r giDialog db::setAttr geometry -of [gi::getDialogs {deDescendFailed} -parent [gi::getWindows 3]] -value 407x82+757+573
[20:44:46.63] /r giDialog gi::closeWindows [gi::getDialogs {deDescendFailed} -parent [gi::getWindows 3]]
[20:44:47.51] /# gi::executeAction deSelectActive -in [gi::getWindows 3]
[20:44:47.51] /i de::deselectAll [db::getNext [de::getContexts -window 3]]
[20:44:47.51] /i de::select [de::getActiveFigure [gi::getWindows 3] -point {3.3375 3.7375} -index 0 -intent none]
[20:44:47.51] /o oa:0x240128d0
[20:44:48.38] /i gi::setItemSelection {parameters} -index {tf,all} -in [gi::getAssistants dePropertyEditor -from [gi::getWindows 3]]
[20:44:48.38] /i gi::setCurrentIndex {parameters} -index {tf,Value} -in [gi::getAssistants dePropertyEditor -from [gi::getWindows 3]]
[20:44:49.86] /i gi::setField {parameters} -value {5p} -index {tf,Value} -in [gi::getAssistants dePropertyEditor -from [gi::getWindows 3]]
[20:44:49.86] /i gi::executeAction dePropertyEditorApplyChanges -in [gi::getAssistants dePropertyEditor -from [gi::getWindows 3]]
[20:44:50.52] /i gi::setItemSelection {parameters} -index {tr,all} -in [gi::getAssistants dePropertyEditor -from [gi::getWindows 3]]
[20:44:50.52] /i gi::setCurrentIndex {parameters} -index {tr,Value} -in [gi::getAssistants dePropertyEditor -from [gi::getWindows 3]]
[20:44:51.92] /i gi::setField {parameters} -value {5p} -index {tr,Value} -in [gi::getAssistants dePropertyEditor -from [gi::getWindows 3]]
[20:44:51.92] /i gi::executeAction dePropertyEditorApplyChanges -in [gi::getAssistants dePropertyEditor -from [gi::getWindows 3]]
[20:44:53.16] /i gi::setActiveWindow 4
[20:44:53.16] /i gi::setActiveWindow 4 -raise true
[20:44:53.98] /i gi::executeAction menuPreShow -in [gi::getWindows 4]
[20:44:53.98] /r giMenuAccess db::getNext [gi::getMenus saConsoleSimMenu -from [gi::getWindows 4]]
[20:44:54.57] /# gi::executeAction saNetlistAndRun -in [gi::getWindows 4]
[20:44:54.57] /i isa::netlistAndRun -testbench [sa::findActiveTestbench -window 4] -mode overwrite
[20:44:54.64] /r giDialog gi::setActiveDialog [gi::getDialogs {xtShowDesignsPrompt}]
[20:44:54.64] /r giDialog gi::setCurrentIndex {target} -index {0,0} -in [gi::getDialogs {xtShowDesignsPrompt}]
[20:44:54.90] /r giDialog db::setAttr geometry -of [gi::getDialogs {xtShowDesignsPrompt}] -value 649x290+626+410
[20:44:55.79] /r giDialog gi::pressButton {ok} -in [gi::getDialogs {xtShowDesignsPrompt}]
[20:44:55.82] /m Information: 
[20:44:55.82] /o Checking "project_d_ff/D_FF_tb/schematic"
[20:44:55.83] /o No rule violations found in "project_d_ff/D_FF_tb/schematic"
[20:44:55.83] /o No Design Integrity rule violations found in "project_d_ff/D_FF_tb/schematic"
[20:44:55.83] /m Information: Checking process is completed: marking the design violations
[20:44:55.83] /m Information: Marking of designs is completed
[20:44:55.91] /m Information: "Starting incremental netlisting for design "project_d_ff/D_FF_tb/schematic"..." (NETLISTING-010)
[20:44:55.92] /o No Design Integrity rule violations found in "project_d_ff/D_FF_tb/schematic"
[20:44:55.94] /m Information: 
[20:44:55.94] /o Checking "project_d_ff/D_FF/schematic"
[20:44:55.94] /o No rule violations found in "project_d_ff/D_FF/schematic"
[20:44:55.96] /m Information: 
[20:44:55.96] /o Checking "project_d_ff/D_latch/schematic"
[20:44:55.96] /o No rule violations found in "project_d_ff/D_latch/schematic"
[20:44:55.98] /m Information: 
[20:44:55.98] /o Checking "project_d_ff/inv_out/schematic"
[20:44:55.98] /o No rule violations found in "project_d_ff/inv_out/schematic"
[20:44:56.01] /m Information: 
[20:44:56.01] /o Checking "project_d_ff/TG_out/schematic"
[20:44:56.01] /o No rule violations found in "project_d_ff/TG_out/schematic"
[20:44:56.04] /m Information: "project_d_ff D_FF_tb schematic" renetlisted. (NETLISTING-056)
[20:44:56.05] /m Information: "Netlisting design "project_d_ff/D_FF_tb/schematic" finished successfully." (NETLISTING-012)
[20:44:56.05] /m Information: "Composing simulator input file for design "project_d_ff/D_FF_tb/schematic"..."
[20:44:56.08] /m Information: "Simulator input file composed successfully for design "project_d_ff/D_FF_tb/schematic""
[20:44:56.21] /m Information: "Starting HSPICE simulation for design: project_d_ff/D_FF_tb/schematic"
[20:44:56.22] /# gi::collapse {jobMonitorTable} -index {0.0.0.0,0} -in [gi::getWindows 6]
[20:44:56.23] /o 1
[20:44:56.62] /m Information: "Simulation completed successfully for design: project_d_ff/D_FF_tb/schematic "
[20:44:56.82] /m Information: "Evaluating and plotting outputs..."
[20:44:57.11] /j ::wf::WaveView::plotSuccess WaveView_2 {} {_6f90740_void_pp _6fdbc58_void_pp} 
[20:44:57.11] /m Information: Measurement calculations completed for testbench: HSPICE_d_Fff in 1s
[20:44:57.28] /j ::wf::WaveView::plotSuccess WaveView_2 {} {_6f90740_void_pp _6fdbd20_void_pp} 
[20:44:57.46] /j ::wf::WaveView::plotSuccess WaveView_2 {} {_6f90740_void_pp _6fdba00_void_pp} 
[20:44:57.66] /j ::wf::WaveView::plotSuccess WaveView_2 {} {_6f90740_void_pp _6fdbac8_void_pp} 
[20:45:03.53] /i gi::setActiveWindow 4
[20:45:03.53] /i gi::setActiveWindow 4 -raise true
[20:45:04.81] /i gi::setCurrentIndex {analysisPane} -index {1,3} -in [gi::getWindows 4]
[20:45:04.81] /i gi::setItemSelection {analysisPane} -index {1,3} -in [gi::getWindows 4]
[20:45:04.81] /i gi::setItemSelection {variablesTable} -index {} -in [gi::getWindows 4]
[20:45:06.29] /i gi::setActiveDialog [gi::getDialogs {saEditAnalysesDialogXsaeSession0} -parent [gi::getWindows 4]]
[20:45:06.59] /i db::setAttr geometry -of [gi::getDialogs {saEditAnalysesDialogXsaeSession0} -parent [gi::getWindows 4]] -value 633x680+762+450
[20:45:09.30] /i gi::setField {/analysesGroups/tabGeneral/anaPane/stop} -value {tper*20} -in [gi::getDialogs {saEditAnalysesDialogXsaeSession0} -parent [gi::getWindows 4]]
[20:45:09.30] /i gi::pressButton {/ok} -in [gi::getDialogs {saEditAnalysesDialogXsaeSession0} -parent [gi::getWindows 4]]
[20:45:10.77] /i gi::setActiveDialog [gi::getDialogs {saEditAnalysesDialogXsaeSession0} -parent [gi::getWindows 4]]
[20:45:11.01] /i db::setAttr geometry -of [gi::getDialogs {saEditAnalysesDialogXsaeSession0} -parent [gi::getWindows 4]] -value 633x680+762+413
[20:45:13.23] /i gi::setField {/analysesGroups/tabGeneral/anaPane/step} -value {1p} -in [gi::getDialogs {saEditAnalysesDialogXsaeSession0} -parent [gi::getWindows 4]]
[20:45:13.23] /i gi::pressButton {/ok} -in [gi::getDialogs {saEditAnalysesDialogXsaeSession0} -parent [gi::getWindows 4]]
[20:45:14.42] /i gi::executeAction menuPreShow -in [gi::getWindows 4]
[20:45:14.42] /r giMenuAccess db::getNext [gi::getMenus saConsoleSimMenu -from [gi::getWindows 4]]
[20:45:14.89] /# gi::executeAction saNetlistAndRun -in [gi::getWindows 4]
[20:45:14.89] /i isa::netlistAndRun -testbench [sa::findActiveTestbench -window 4] -mode overwrite
[20:45:14.97] /m Information: "Starting incremental netlisting for design "project_d_ff/D_FF_tb/schematic"..." (NETLISTING-010)
[20:45:14.98] /o No Design Integrity rule violations found in "project_d_ff/D_FF_tb/schematic"
[20:45:14.99] /m Information: 
[20:45:15.00] /o Checking "project_d_ff/D_FF/schematic"
[20:45:15.00] /o No rule violations found in "project_d_ff/D_FF/schematic"
[20:45:15.00] /m Information: 
[20:45:15.00] /o Checking "project_d_ff/D_latch/schematic"
[20:45:15.00] /o No rule violations found in "project_d_ff/D_latch/schematic"
[20:45:15.00] /m Information: 
[20:45:15.00] /o Checking "project_d_ff/inv_out/schematic"
[20:45:15.00] /o No rule violations found in "project_d_ff/inv_out/schematic"
[20:45:15.01] /m Information: 
[20:45:15.01] /o Checking "project_d_ff/TG_out/schematic"
[20:45:15.01] /o No rule violations found in "project_d_ff/TG_out/schematic"
[20:45:15.06] /m Information: "Netlisting design "project_d_ff/D_FF_tb/schematic" finished successfully." (NETLISTING-012)
[20:45:15.07] /m Information: "Composing simulator input file for design "project_d_ff/D_FF_tb/schematic"..."
[20:45:15.09] /m Information: "Simulator input file composed successfully for design "project_d_ff/D_FF_tb/schematic""
[20:45:15.24] /m Information: "Starting HSPICE simulation for design: project_d_ff/D_FF_tb/schematic"
[20:45:15.24] /# gi::collapse {jobMonitorTable} -index {0.0.0.0,0} -in [gi::getWindows 6]
[20:45:15.26] /o 1
[20:45:15.72] /m Information: "Simulation completed successfully for design: project_d_ff/D_FF_tb/schematic "
[20:45:15.90] /m Information: "Evaluating and plotting outputs..."
[20:45:16.16] /j ::wf::WaveView::plotSuccess WaveView_2 {} {_75d9420_void_pp _6fdbb90_void_pp} 
[20:45:16.22] /m Information: Measurement calculations completed for testbench: HSPICE_d_Fff in 0s
[20:45:16.30] /j ::wf::WaveView::plotSuccess WaveView_2 {} {_75d9420_void_pp _6fdbc58_void_pp} 
[20:45:16.48] /j ::wf::WaveView::plotSuccess WaveView_2 {} {_75d9420_void_pp _6fdbd20_void_pp} 
[20:45:16.62] /j ::wf::WaveView::plotSuccess WaveView_2 {} {_75d9420_void_pp _6fdba00_void_pp} 
[20:45:46.66] /i gi::setActiveWindow 4
[20:45:46.66] /i gi::setActiveWindow 4 -raise true
[20:45:47.13] /i gi::setActiveWindow 3
[20:45:47.13] /i gi::setActiveWindow 3 -raise true
[20:45:55.38] /i gi::setActiveWindow 4
[20:45:55.38] /i gi::setActiveWindow 4 -raise true
[20:45:56.33] /i gi::setActiveWindow 6
[20:45:56.33] /i gi::setActiveWindow 6 -raise true
[20:46:13.59] /i gi::setActiveWindow 4
[20:46:13.59] /i gi::setActiveWindow 4 -raise true
[20:46:14.08] /i gi::setActiveWindow 3
[20:46:14.08] /i gi::setActiveWindow 3 -raise true
[20:46:17.48] /# gi::executeAction deSelectActive -in [gi::getWindows 3]
[20:46:17.48] /i de::deselectAll [db::getNext [de::getContexts -window 3]]
[20:46:17.48] /i de::select [de::getActiveFigure [gi::getWindows 3] -point {3.55 3.18125} -index 0 -intent none]
[20:46:17.48] /o oa:0x24fa2360
[20:46:18.45] /# gi::executeAction deSelectActive -in [gi::getWindows 3]
[20:46:18.45] /i de::deselectAll [db::getNext [de::getContexts -window 3]]
[20:46:18.45] /i de::select [de::getActiveFigure [gi::getWindows 3] -point {3.3375 3.7125} -index 0 -intent none]
[20:46:18.45] /o oa:0x251c6d50
[20:46:20.25] /i gi::setItemSelection {parameters} -index {td,all} -in [gi::getAssistants dePropertyEditor -from [gi::getWindows 3]]
[20:46:20.25] /i gi::setCurrentIndex {parameters} -index {td,Value} -in [gi::getAssistants dePropertyEditor -from [gi::getWindows 3]]
[20:46:23.81] /i gi::setField {parameters} -value {0.5*tper} -index {td,Value} -in [gi::getAssistants dePropertyEditor -from [gi::getWindows 3]]
[20:46:23.81] /i gi::executeAction dePropertyEditorApplyChanges -in [gi::getAssistants dePropertyEditor -from [gi::getWindows 3]]
[20:46:25.04] /i gi::setActiveWindow 4
[20:46:25.04] /i gi::setActiveWindow 4 -raise true
[20:46:25.52] /i gi::executeAction menuPreShow -in [gi::getWindows 4]
[20:46:25.52] /r giMenuAccess db::getNext [gi::getMenus saConsoleSimMenu -from [gi::getWindows 4]]
[20:46:25.94] /# gi::executeAction saNetlistAndRun -in [gi::getWindows 4]
[20:46:25.94] /i isa::netlistAndRun -testbench [sa::findActiveTestbench -window 4] -mode overwrite
[20:46:26.03] /r giDialog gi::setActiveDialog [gi::getDialogs {xtShowDesignsPrompt}]
[20:46:26.03] /r giDialog gi::setCurrentIndex {target} -index {0,0} -in [gi::getDialogs {xtShowDesignsPrompt}]
[20:46:26.29] /r giDialog db::setAttr geometry -of [gi::getDialogs {xtShowDesignsPrompt}] -value 649x290+626+410
[20:46:27.04] /r giDialog gi::pressButton {ok} -in [gi::getDialogs {xtShowDesignsPrompt}]
[20:46:27.07] /m Information: 
[20:46:27.07] /o Checking "project_d_ff/D_FF_tb/schematic"
[20:46:27.07] /o No rule violations found in "project_d_ff/D_FF_tb/schematic"
[20:46:27.07] /o No Design Integrity rule violations found in "project_d_ff/D_FF_tb/schematic"
[20:46:27.07] /m Information: Checking process is completed: marking the design violations
[20:46:27.07] /m Information: Marking of designs is completed
[20:46:27.18] /m Information: "Starting incremental netlisting for design "project_d_ff/D_FF_tb/schematic"..." (NETLISTING-010)
[20:46:27.19] /o No Design Integrity rule violations found in "project_d_ff/D_FF_tb/schematic"
[20:46:27.22] /m Information: 
[20:46:27.22] /o Checking "project_d_ff/D_FF/schematic"
[20:46:27.22] /o No rule violations found in "project_d_ff/D_FF/schematic"
[20:46:27.25] /m Information: 
[20:46:27.25] /o Checking "project_d_ff/D_latch/schematic"
[20:46:27.25] /o No rule violations found in "project_d_ff/D_latch/schematic"
[20:46:27.26] /m Information: 
[20:46:27.26] /o Checking "project_d_ff/inv_out/schematic"
[20:46:27.26] /o No rule violations found in "project_d_ff/inv_out/schematic"
[20:46:27.26] /m Information: 
[20:46:27.26] /o Checking "project_d_ff/TG_out/schematic"
[20:46:27.26] /o No rule violations found in "project_d_ff/TG_out/schematic"
[20:46:27.29] /m Information: "project_d_ff D_FF_tb schematic" renetlisted. (NETLISTING-056)
[20:46:27.30] /m Information: "Netlisting design "project_d_ff/D_FF_tb/schematic" finished successfully." (NETLISTING-012)
[20:46:27.31] /m Information: "Composing simulator input file for design "project_d_ff/D_FF_tb/schematic"..."
[20:46:27.34] /m Information: "Simulator input file composed successfully for design "project_d_ff/D_FF_tb/schematic""
[20:46:27.48] /m Information: "Starting HSPICE simulation for design: project_d_ff/D_FF_tb/schematic"
[20:46:27.49] /# gi::collapse {jobMonitorTable} -index {0.0.0.0,0} -in [gi::getWindows 6]
[20:46:27.50] /o 1
[20:46:27.91] /m Information: "Simulation completed successfully for design: project_d_ff/D_FF_tb/schematic "
[20:46:28.11] /m Information: "Evaluating and plotting outputs..."
[20:46:28.46] /j ::wf::WaveView::plotSuccess WaveView_2 {} {_6f90740_void_pp _6fdbac8_void_pp} 
[20:46:28.52] /m Information: Measurement calculations completed for testbench: HSPICE_d_Fff in 0s
[20:46:28.62] /j ::wf::WaveView::plotSuccess WaveView_2 {} {_6f90740_void_pp _6fdbb90_void_pp} 
[20:46:28.75] /j ::wf::WaveView::plotSuccess WaveView_2 {} {_6f90740_void_pp _6fdbc58_void_pp} 
[20:46:28.94] /j ::wf::WaveView::plotSuccess WaveView_2 {} {_6f90740_void_pp _6fdbd20_void_pp} 
[20:46:49.73] /i gi::setActiveWindow 4
[20:46:49.73] /i gi::setActiveWindow 4 -raise true
[20:46:50.43] /i gi::setCurrentIndex {variablesTable} -index {1,1} -in [gi::getWindows 4]
[20:46:50.43] /i gi::setItemSelection {variablesTable} -index {1,1} -in [gi::getWindows 4]
[20:46:50.43] /i gi::setItemSelection {analysisPane} -index {} -in [gi::getWindows 4]
[20:46:51.67] /i gi::setField {variablesTable} -index {1,1} -value {1n} -in [gi::getWindows 4]
[20:46:51.67] /i gi::setField {variablesTable} -index {1,1} -value {1n} -in [gi::getWindows 4]
[20:46:52.48] /i gi::executeAction menuPreShow -in [gi::getWindows 4]
[20:46:52.48] /r giMenuAccess db::getNext [gi::getMenus saConsoleSimMenu -from [gi::getWindows 4]]
[20:46:53.17] /# gi::executeAction saNetlistAndRun -in [gi::getWindows 4]
[20:46:53.17] /i isa::netlistAndRun -testbench [sa::findActiveTestbench -window 4] -mode overwrite
[20:46:53.25] /m Information: "Starting incremental netlisting for design "project_d_ff/D_FF_tb/schematic"..." (NETLISTING-010)
[20:46:53.27] /o No Design Integrity rule violations found in "project_d_ff/D_FF_tb/schematic"
[20:46:53.28] /m Information: 
[20:46:53.28] /o Checking "project_d_ff/D_FF/schematic"
[20:46:53.28] /o No rule violations found in "project_d_ff/D_FF/schematic"
[20:46:53.28] /m Information: 
[20:46:53.28] /o Checking "project_d_ff/D_latch/schematic"
[20:46:53.28] /o No rule violations found in "project_d_ff/D_latch/schematic"
[20:46:53.29] /m Information: 
[20:46:53.29] /o Checking "project_d_ff/inv_out/schematic"
[20:46:53.29] /o No rule violations found in "project_d_ff/inv_out/schematic"
[20:46:53.29] /m Information: 
[20:46:53.29] /o Checking "project_d_ff/TG_out/schematic"
[20:46:53.29] /o No rule violations found in "project_d_ff/TG_out/schematic"
[20:46:53.32] /m Information: "Netlisting design "project_d_ff/D_FF_tb/schematic" finished successfully." (NETLISTING-012)
[20:46:53.33] /m Information: "Composing simulator input file for design "project_d_ff/D_FF_tb/schematic"..."
[20:46:53.35] /m Information: "Simulator input file composed successfully for design "project_d_ff/D_FF_tb/schematic""
[20:46:53.50] /m Information: "Starting HSPICE simulation for design: project_d_ff/D_FF_tb/schematic"
[20:46:53.50] /# gi::collapse {jobMonitorTable} -index {0.0.0.0,0} -in [gi::getWindows 6]
[20:46:53.51] /o 1
[20:46:53.91] /m Information: "Simulation completed successfully for design: project_d_ff/D_FF_tb/schematic "
[20:46:54.11] /m Information: "Evaluating and plotting outputs..."
[20:46:54.44] /j ::wf::WaveView::plotSuccess WaveView_2 {} {_7604990_void_pp _6fdba00_void_pp} 
[20:46:54.51] /m Information: Measurement calculations completed for testbench: HSPICE_d_Fff in 0s
[20:46:54.64] /j ::wf::WaveView::plotSuccess WaveView_2 {} {_7604990_void_pp _6fdbac8_void_pp} 
[20:46:54.80] /j ::wf::WaveView::plotSuccess WaveView_2 {} {_7604990_void_pp _6fdbb90_void_pp} 
[20:46:55.00] /j ::wf::WaveView::plotSuccess WaveView_2 {} {_7604990_void_pp _6fdbc58_void_pp} 
[20:47:32.55] /i gi::setActiveWindow 4
[20:47:32.55] /i gi::setActiveWindow 4 -raise true
[20:47:35.51] /i gi::setActiveWindow 3
[20:47:35.51] /i gi::setActiveWindow 3 -raise true
[20:48:27.73] /i gi::setActiveWindow 4
[20:48:27.73] /i gi::setActiveWindow 4 -raise true
[20:48:30.04] /i gi::setField {variablesTable} -index {1,1} -value {100p} -in [gi::getWindows 4]
[20:48:30.04] /i gi::setField {variablesTable} -index {1,1} -value {100p} -in [gi::getWindows 4]
[20:48:30.98] /i gi::executeAction menuPreShow -in [gi::getWindows 4]
[20:48:30.98] /r giMenuAccess db::getNext [gi::getMenus saConsoleSimMenu -from [gi::getWindows 4]]
[20:48:31.37] /# gi::executeAction saNetlistAndRun -in [gi::getWindows 4]
[20:48:31.37] /i isa::netlistAndRun -testbench [sa::findActiveTestbench -window 4] -mode overwrite
[20:48:31.44] /m Information: "Starting incremental netlisting for design "project_d_ff/D_FF_tb/schematic"..." (NETLISTING-010)
[20:48:31.46] /o No Design Integrity rule violations found in "project_d_ff/D_FF_tb/schematic"
[20:48:31.46] /m Information: 
[20:48:31.46] /o Checking "project_d_ff/D_FF/schematic"
[20:48:31.46] /o No rule violations found in "project_d_ff/D_FF/schematic"
[20:48:31.47] /m Information: 
[20:48:31.47] /o Checking "project_d_ff/D_latch/schematic"
[20:48:31.47] /o No rule violations found in "project_d_ff/D_latch/schematic"
[20:48:31.47] /m Information: 
[20:48:31.47] /o Checking "project_d_ff/inv_out/schematic"
[20:48:31.47] /o No rule violations found in "project_d_ff/inv_out/schematic"
[20:48:31.47] /m Information: 
[20:48:31.47] /o Checking "project_d_ff/TG_out/schematic"
[20:48:31.47] /o No rule violations found in "project_d_ff/TG_out/schematic"
[20:48:31.51] /m Information: "Netlisting design "project_d_ff/D_FF_tb/schematic" finished successfully." (NETLISTING-012)
[20:48:31.51] /m Information: "Composing simulator input file for design "project_d_ff/D_FF_tb/schematic"..."
[20:48:31.54] /m Information: "Simulator input file composed successfully for design "project_d_ff/D_FF_tb/schematic""
[20:48:31.71] /m Information: "Starting HSPICE simulation for design: project_d_ff/D_FF_tb/schematic"
[20:48:31.71] /# gi::collapse {jobMonitorTable} -index {0.0.0.0,0} -in [gi::getWindows 6]
[20:48:31.72] /o 1
[20:48:32.12] /m Information: "Simulation completed successfully for design: project_d_ff/D_FF_tb/schematic "
[20:48:32.32] /m Information: "Evaluating and plotting outputs..."
[20:48:32.51] /j ::wf::WaveView::plotSuccess WaveView_2 {} {_6f959f0_void_pp _6fdbd20_void_pp} 
[20:48:32.61] /m Information: Measurement calculations completed for testbench: HSPICE_d_Fff in 0s
[20:48:32.74] /j ::wf::WaveView::plotSuccess WaveView_2 {} {_6f959f0_void_pp _6fdba00_void_pp} 
[20:48:32.92] /j ::wf::WaveView::plotSuccess WaveView_2 {} {_6f959f0_void_pp _6fdbac8_void_pp} 
[20:48:33.06] /j ::wf::WaveView::plotSuccess WaveView_2 {} {_6f959f0_void_pp _6fdbb90_void_pp} 
[20:53:37.80] /m Information: Stopped sharing "Custom WaveView" license. (WAVEFORM-111)
[20:57:05.27] /i gi::setActiveWindow 4
[20:57:05.27] /i gi::setActiveWindow 4 -raise true
[20:57:08.03] /i gi::setField {variablesTable} -index {1,1} -value {500p} -in [gi::getWindows 4]
[20:57:08.03] /i gi::setField {variablesTable} -index {1,1} -value {500p} -in [gi::getWindows 4]
[20:57:09.02] /i gi::executeAction menuPreShow -in [gi::getWindows 4]
[20:57:09.02] /r giMenuAccess db::getNext [gi::getMenus saConsoleSimMenu -from [gi::getWindows 4]]
[20:57:09.54] /# gi::executeAction saNetlistAndRun -in [gi::getWindows 4]
[20:57:09.54] /i isa::netlistAndRun -testbench [sa::findActiveTestbench -window 4] -mode overwrite
[20:57:09.58] /m Information: "Starting incremental netlisting for design "project_d_ff/D_FF_tb/schematic"..." (NETLISTING-010)
[20:57:09.59] /o No Design Integrity rule violations found in "project_d_ff/D_FF_tb/schematic"
[20:57:09.60] /m Information: 
[20:57:09.60] /o Checking "project_d_ff/D_FF/schematic"
[20:57:09.60] /o No rule violations found in "project_d_ff/D_FF/schematic"
[20:57:09.61] /m Information: 
[20:57:09.61] /o Checking "project_d_ff/D_latch/schematic"
[20:57:09.61] /o No rule violations found in "project_d_ff/D_latch/schematic"
[20:57:09.61] /m Information: 
[20:57:09.61] /o Checking "project_d_ff/inv_out/schematic"
[20:57:09.61] /o No rule violations found in "project_d_ff/inv_out/schematic"
[20:57:09.61] /m Information: 
[20:57:09.61] /o Checking "project_d_ff/TG_out/schematic"
[20:57:09.61] /o No rule violations found in "project_d_ff/TG_out/schematic"
[20:57:09.65] /m Information: "Netlisting design "project_d_ff/D_FF_tb/schematic" finished successfully." (NETLISTING-012)
[20:57:09.66] /m Information: "Composing simulator input file for design "project_d_ff/D_FF_tb/schematic"..."
[20:57:09.69] /m Information: "Simulator input file composed successfully for design "project_d_ff/D_FF_tb/schematic""
[20:57:09.85] /m Information: "Starting HSPICE simulation for design: project_d_ff/D_FF_tb/schematic"
[20:57:09.86] /# gi::collapse {jobMonitorTable} -index {0.0.0.0,0} -in [gi::getWindows 6]
[20:57:09.90] /o 1
[20:57:10.32] /m Information: "Simulation completed successfully for design: project_d_ff/D_FF_tb/schematic "
[20:57:10.51] /m Information: "Evaluating and plotting outputs..."
[20:57:10.51] /m Information: Started sharing "Custom WaveView" license. (WAVEFORM-110)
[20:57:10.82] /m Information: Measurement calculations completed for testbench: HSPICE_d_Fff in 0s
[20:57:11.13] /j ::wf::WaveView::plotSuccess WaveView_2 {} {_8aa02b0_void_pp _6fdbc58_void_pp} 
[20:57:11.37] /j ::wf::WaveView::plotSuccess WaveView_2 {} {_8aa02b0_void_pp _6fdbd20_void_pp} 
[20:57:11.59] /j ::wf::WaveView::plotSuccess WaveView_2 {} {_8aa02b0_void_pp _6fdba00_void_pp} 
[20:57:11.87] /j ::wf::WaveView::plotSuccess WaveView_2 {} {_8aa02b0_void_pp _6fdbac8_void_pp} 
[21:01:35.41] /i gi::setActiveWindow 4
[21:01:35.41] /i gi::setActiveWindow 4 -raise true
[21:01:38.66] /i gi::setField {variablesTable} -index {1,1} -value {300p} -in [gi::getWindows 4]
[21:01:38.66] /i gi::setItemSelection {variablesTable} -index {} -in [gi::getWindows 4]
[21:01:38.66] /i gi::setCurrentIndex {variablesTable} -index {2,1} -in [gi::getWindows 4]
[21:01:38.66] /i gi::setItemSelection {variablesTable} -index {} -in [gi::getWindows 4]
[21:01:39.44] /i gi::setCurrentIndex {variablesTable} -index {1,1} -in [gi::getWindows 4]
[21:01:39.44] /i gi::setItemSelection {variablesTable} -index {1,1} -in [gi::getWindows 4]
[21:01:40.16] /i gi::setField {variablesTable} -index {1,1} -value {300p} -in [gi::getWindows 4]
[21:01:40.16] /i gi::executeAction menuPreShow -in [gi::getWindows 4]
[21:01:40.16] /r giMenuAccess db::getNext [gi::getMenus saConsoleSimMenu -from [gi::getWindows 4]]
[21:01:40.76] /# gi::executeAction saNetlistAndRun -in [gi::getWindows 4]
[21:01:40.76] /i isa::netlistAndRun -testbench [sa::findActiveTestbench -window 4] -mode overwrite
[21:01:40.85] /m Information: "Starting incremental netlisting for design "project_d_ff/D_FF_tb/schematic"..." (NETLISTING-010)
[21:01:40.86] /o No Design Integrity rule violations found in "project_d_ff/D_FF_tb/schematic"
[21:01:40.88] /m Information: 
[21:01:40.88] /o Checking "project_d_ff/D_FF/schematic"
[21:01:40.88] /o No rule violations found in "project_d_ff/D_FF/schematic"
[21:01:40.89] /m Information: 
[21:01:40.89] /o Checking "project_d_ff/D_latch/schematic"
[21:01:40.89] /o No rule violations found in "project_d_ff/D_latch/schematic"
[21:01:40.90] /m Information: 
[21:01:40.90] /o Checking "project_d_ff/inv_out/schematic"
[21:01:40.90] /o No rule violations found in "project_d_ff/inv_out/schematic"
[21:01:40.90] /m Information: 
[21:01:40.90] /o Checking "project_d_ff/TG_out/schematic"
[21:01:40.90] /o No rule violations found in "project_d_ff/TG_out/schematic"
[21:01:40.93] /m Information: "Netlisting design "project_d_ff/D_FF_tb/schematic" finished successfully." (NETLISTING-012)
[21:01:40.94] /m Information: "Composing simulator input file for design "project_d_ff/D_FF_tb/schematic"..."
[21:01:40.97] /m Information: "Simulator input file composed successfully for design "project_d_ff/D_FF_tb/schematic""
[21:01:41.13] /m Information: "Starting HSPICE simulation for design: project_d_ff/D_FF_tb/schematic"
[21:01:41.13] /# gi::collapse {jobMonitorTable} -index {0.0.0.0,0} -in [gi::getWindows 6]
[21:01:41.15] /o 1
[21:01:41.62] /m Information: "Simulation completed successfully for design: project_d_ff/D_FF_tb/schematic "
[21:01:41.81] /m Information: "Evaluating and plotting outputs..."
[21:01:42.21] /m Information: Measurement calculations completed for testbench: HSPICE_d_Fff in 1s
[21:01:42.50] /j ::wf::WaveView::plotSuccess WaveView_2 {} {_8b61d10_void_pp _6fdbb90_void_pp} 
[21:01:42.97] /j ::wf::WaveView::plotSuccess WaveView_2 {} {_8b61d10_void_pp _6fdbc58_void_pp} 
[21:01:43.37] /j ::wf::WaveView::plotSuccess WaveView_2 {} {_8b61d10_void_pp _6fdbd20_void_pp} 
[21:01:43.85] /j ::wf::WaveView::plotSuccess WaveView_2 {} {_8b61d10_void_pp _6fdba00_void_pp} 
[21:01:45.19] /i gi::setActiveWindow 4
[21:01:45.19] /i gi::setActiveWindow 4 -raise true
[21:01:46.00] /i gi::setCurrentIndex {variablesTable} -index {0,1} -in [gi::getWindows 4]
[21:01:46.00] /i gi::setItemSelection {variablesTable} -index {0,1} -in [gi::getWindows 4]
[21:01:46.33] /i gi::setField {variablesTable} -index {0,1} -value {25} -in [gi::getWindows 4]
[21:01:46.33] /i gi::setCurrentIndex {variablesTable} -index {1,1} -in [gi::getWindows 4]
[21:01:46.33] /i gi::setItemSelection {variablesTable} -index {1,1} -in [gi::getWindows 4]
[21:01:47.78] /i gi::setField {variablesTable} -index {1,1} -value {300p} -in [gi::getWindows 4]
[21:01:47.78] /i gi::setField {variablesTable} -index {1,1} -value {300p} -in [gi::getWindows 4]
[21:01:47.79] /i gi::setItemSelection {variablesTable} -index {} -in [gi::getWindows 4]
[21:01:47.79] /i gi::setCurrentIndex {variablesTable} -index {2,1} -in [gi::getWindows 4]
[21:01:47.79] /i gi::setItemSelection {variablesTable} -index {} -in [gi::getWindows 4]
[21:01:48.76] /i gi::executeAction menuPreShow -in [gi::getWindows 4]
[21:01:48.76] /r giMenuAccess db::getNext [gi::getMenus saConsoleSimMenu -from [gi::getWindows 4]]
[21:01:49.99] /i gi::setCurrentIndex {variablesTable} -index {1,1} -in [gi::getWindows 4]
[21:01:49.99] /i gi::setItemSelection {variablesTable} -index {1,1} -in [gi::getWindows 4]
[21:01:50.96] /i gi::setField {variablesTable} -index {1,1} -value {300p} -in [gi::getWindows 4]
[21:01:50.96] /i gi::setField {variablesTable} -index {1,1} -value {300p} -in [gi::getWindows 4]
[21:01:51.88] /i gi::executeAction menuPreShow -in [gi::getWindows 4]
[21:01:51.88] /r giMenuAccess db::getNext [gi::getMenus saConsoleSimMenu -from [gi::getWindows 4]]
[21:01:52.32] /# gi::executeAction saNetlistAndRun -in [gi::getWindows 4]
[21:01:52.32] /i isa::netlistAndRun -testbench [sa::findActiveTestbench -window 4] -mode overwrite
[21:01:52.35] /m Information: "Starting incremental netlisting for design "project_d_ff/D_FF_tb/schematic"..." (NETLISTING-010)
[21:01:52.37] /o No Design Integrity rule violations found in "project_d_ff/D_FF_tb/schematic"
[21:01:52.38] /m Information: 
[21:01:52.38] /o Checking "project_d_ff/D_FF/schematic"
[21:01:52.38] /o No rule violations found in "project_d_ff/D_FF/schematic"
[21:01:52.39] /m Information: 
[21:01:52.39] /o Checking "project_d_ff/D_latch/schematic"
[21:01:52.39] /o No rule violations found in "project_d_ff/D_latch/schematic"
[21:01:52.39] /m Information: 
[21:01:52.39] /o Checking "project_d_ff/inv_out/schematic"
[21:01:52.39] /o No rule violations found in "project_d_ff/inv_out/schematic"
[21:01:52.39] /m Information: 
[21:01:52.39] /o Checking "project_d_ff/TG_out/schematic"
[21:01:52.39] /o No rule violations found in "project_d_ff/TG_out/schematic"
[21:01:52.44] /m Information: "Netlisting design "project_d_ff/D_FF_tb/schematic" finished successfully." (NETLISTING-012)
[21:01:52.44] /m Information: "Composing simulator input file for design "project_d_ff/D_FF_tb/schematic"..."
[21:01:52.47] /m Information: "Simulator input file composed successfully for design "project_d_ff/D_FF_tb/schematic""
[21:01:52.64] /m Information: "Starting HSPICE simulation for design: project_d_ff/D_FF_tb/schematic"
[21:01:52.64] /# gi::collapse {jobMonitorTable} -index {0.0.0.0,0} -in [gi::getWindows 6]
[21:01:52.65] /o 1
[21:01:53.12] /m Information: "Simulation completed successfully for design: project_d_ff/D_FF_tb/schematic "
[21:01:53.29] /m Information: "Evaluating and plotting outputs..."
[21:01:53.71] /m Information: Measurement calculations completed for testbench: HSPICE_d_Fff in 0s
[21:01:53.81] /e Error: Waveform viewer exited abnormally.
[21:01:56.63] /i gi::executeAction giCloseWindow -in [gi::getWindows 6]
[21:01:56.64] /i gi::setActiveWindow 4
[21:01:56.64] /i gi::setActiveWindow 4 -raise true
[21:01:57.59] /i gi::executeAction menuPreShow -in [gi::getWindows 4]
[21:01:57.59] /r giMenuAccess db::getNext [gi::getMenus saConsoleSimMenu -from [gi::getWindows 4]]
[21:01:59.19] /i gi::executeAction menuPreShow -in [gi::getWindows 4]
[21:01:59.19] /r giMenuAccess db::getNext [gi::getMenus saConsoleSimMenu -from [gi::getWindows 4]]
[21:01:59.57] /# gi::executeAction saNetlistAndRun -in [gi::getWindows 4]
[21:01:59.57] /i isa::netlistAndRun -testbench [sa::findActiveTestbench -window 4] -mode overwrite
[21:01:59.58] /r giWindowId 7
[21:01:59.59] /r giWindowGeometry 800x600
[21:01:59.65] /m Information: "Starting incremental netlisting for design "project_d_ff/D_FF_tb/schematic"..." (NETLISTING-010)
[21:01:59.66] /o No Design Integrity rule violations found in "project_d_ff/D_FF_tb/schematic"
[21:01:59.67] /m Information: 
[21:01:59.67] /o Checking "project_d_ff/D_FF/schematic"
[21:01:59.67] /o No rule violations found in "project_d_ff/D_FF/schematic"
[21:01:59.67] /m Information: 
[21:01:59.67] /o Checking "project_d_ff/D_latch/schematic"
[21:01:59.67] /o No rule violations found in "project_d_ff/D_latch/schematic"
[21:01:59.67] /m Information: 
[21:01:59.67] /o Checking "project_d_ff/inv_out/schematic"
[21:01:59.67] /o No rule violations found in "project_d_ff/inv_out/schematic"
[21:01:59.68] /m Information: 
[21:01:59.68] /o Checking "project_d_ff/TG_out/schematic"
[21:01:59.68] /o No rule violations found in "project_d_ff/TG_out/schematic"
[21:01:59.71] /m Information: "Netlisting design "project_d_ff/D_FF_tb/schematic" finished successfully." (NETLISTING-012)
[21:01:59.72] /m Information: "Composing simulator input file for design "project_d_ff/D_FF_tb/schematic"..."
[21:01:59.75] /m Information: "Simulator input file composed successfully for design "project_d_ff/D_FF_tb/schematic""
[21:01:59.89] /m Information: "Starting HSPICE simulation for design: project_d_ff/D_FF_tb/schematic"
[21:01:59.89] /# gi::collapse {jobMonitorTable} -index {0.0.0.0,0} -in [gi::getWindows 7]
[21:01:59.91] /o 1
[21:02:00.42] /m Information: "Simulation completed successfully for design: project_d_ff/D_FF_tb/schematic "
[21:02:00.60] /m Information: "Evaluating and plotting outputs..."
[21:02:00.61] /m Information: Launching Waveform Viewer "cd /home/itsupport/simulation/project_d_ff,D_FF_tb,schematic/history_1/simulation/HSPICE_d_Fff/HSPICE/nominal/results &&  wv -k -cdesigner -spxkey /usr/synopsys/customcompiler/N-2017.12-SP1-2/auxx/waveform/sae.spxkey -spxrc /tmp/sae_spxrc_GICDqZ -unique_string 7f022bfd91f14a65c4ac300f607c403a15c9c611af414893916e52343c87a980eb2070ad53df9c90151b85c18e9b8280ef00809fe4a5ad60 -lic_type 1    > /home/itsupport/simulation/project_d_ff,D_FF_tb,schematic/history_1/simulation/HSPICE_d_Fff/HSPICE/nominal/results/viewer.log 2>&1"
[21:02:00.61] /i gi::collapse {jobMonitorTable} -index {0.0,0} -in [gi::getWindows 7]
[21:02:00.91] /m Information: Measurement calculations completed for testbench: HSPICE_d_Fff in 0s
[21:02:01.34] /j ::wf::WaveView::plotSuccess WaveView_3 {} {_5ca9d60_void_pp _5cf4ad0_void_pp} 
[21:02:01.36] /j ::wf::WaveView::plotSuccess WaveView_3 {} {_5ca9d60_void_pp _5cf4b98_void_pp} 
[21:02:01.40] /j ::wf::WaveView::plotSuccess WaveView_3 {} {_5ca9d60_void_pp _5cf4c60_void_pp} 
[21:02:01.44] /j ::wf::WaveView::plotSuccess WaveView_3 {} {_5ca9d60_void_pp _5cf4d28_void_pp} 
[21:02:19.05] /i gi::setActiveWindow 4
[21:02:19.05] /i gi::setActiveWindow 4 -raise true
[21:02:19.39] /i gi::setActiveWindow 3
[21:02:19.39] /i gi::setActiveWindow 3 -raise true
[21:02:27.45] /i gi::setItemSelection {parameters} -index {v1,all} -in [gi::getAssistants dePropertyEditor -from [gi::getWindows 3]]
[21:02:27.45] /i gi::setCurrentIndex {parameters} -index {v1,Value} -in [gi::getAssistants dePropertyEditor -from [gi::getWindows 3]]
[21:02:31.01] /i gi::setField {parameters} -value {1.2} -index {v1,Value} -in [gi::getAssistants dePropertyEditor -from [gi::getWindows 3]]
[21:02:31.01] /i gi::executeAction dePropertyEditorApplyChanges -in [gi::getAssistants dePropertyEditor -from [gi::getWindows 3]]
[21:02:31.71] /i gi::setItemSelection {parameters} -index {v2,all} -in [gi::getAssistants dePropertyEditor -from [gi::getWindows 3]]
[21:02:31.72] /i gi::setCurrentIndex {parameters} -index {v2,Value} -in [gi::getAssistants dePropertyEditor -from [gi::getWindows 3]]
[21:02:32.86] /i gi::setField {parameters} -value {0} -index {v2,Value} -in [gi::getAssistants dePropertyEditor -from [gi::getWindows 3]]
[21:02:32.86] /i gi::executeAction dePropertyEditorApplyChanges -in [gi::getAssistants dePropertyEditor -from [gi::getWindows 3]]
[21:02:35.86] /# gi::executeAction deSelectActive -in [gi::getWindows 3]
[21:02:35.86] /i de::deselectAll [db::getNext [de::getContexts -window 3]]
[21:02:35.86] /i de::select [de::getActiveFigure [gi::getWindows 3] -point {3.5875 3.19375} -index 0 -intent none]
[21:02:35.86] /o oa:0x23b67870
[21:02:38.47] /# gi::executeAction deSelectActive -in [gi::getWindows 3]
[21:02:38.47] /i de::deselectAll [db::getNext [de::getContexts -window 3]]
[21:02:38.47] /i de::select [de::getActiveFigure [gi::getWindows 3] -point {3.35 3.7} -index 0 -intent none]
[21:02:38.47] /o oa:0x23e4a100
[21:02:39.54] /i gi::setItemSelection {parameters} -index {td,all} -in [gi::getAssistants dePropertyEditor -from [gi::getWindows 3]]
[21:02:39.54] /i gi::setCurrentIndex {parameters} -index {td,Value} -in [gi::getAssistants dePropertyEditor -from [gi::getWindows 3]]
[21:02:40.56] /i gi::setField {parameters} -value {0.25*tper} -index {td,Value} -in [gi::getAssistants dePropertyEditor -from [gi::getWindows 3]]
[21:02:40.56] /i gi::executeAction dePropertyEditorApplyChanges -in [gi::getAssistants dePropertyEditor -from [gi::getWindows 3]]
[21:02:41.70] /i gi::setActiveWindow 4
[21:02:41.70] /i gi::setActiveWindow 4 -raise true
[21:02:42.39] /i gi::executeAction menuPreShow -in [gi::getWindows 4]
[21:02:42.39] /r giMenuAccess db::getNext [gi::getMenus saConsoleSimMenu -from [gi::getWindows 4]]
[21:02:42.91] /# gi::executeAction saNetlistAndRun -in [gi::getWindows 4]
[21:02:42.91] /i isa::netlistAndRun -testbench [sa::findActiveTestbench -window 4] -mode overwrite
[21:02:42.99] /r giDialog gi::setActiveDialog [gi::getDialogs {xtShowDesignsPrompt}]
[21:02:42.99] /r giDialog gi::setCurrentIndex {target} -index {0,0} -in [gi::getDialogs {xtShowDesignsPrompt}]
[21:02:43.22] /r giDialog db::setAttr geometry -of [gi::getDialogs {xtShowDesignsPrompt}] -value 649x290+626+410
[21:02:43.98] /r giDialog gi::pressButton {ok} -in [gi::getDialogs {xtShowDesignsPrompt}]
[21:02:44.01] /m Information: 
[21:02:44.01] /o Checking "project_d_ff/D_FF_tb/schematic"
[21:02:44.01] /o No rule violations found in "project_d_ff/D_FF_tb/schematic"
[21:02:44.01] /o No Design Integrity rule violations found in "project_d_ff/D_FF_tb/schematic"
[21:02:44.01] /m Information: Checking process is completed: marking the design violations
[21:02:44.01] /m Information: Marking of designs is completed
[21:02:44.10] /m Information: "Starting incremental netlisting for design "project_d_ff/D_FF_tb/schematic"..." (NETLISTING-010)
[21:02:44.11] /o No Design Integrity rule violations found in "project_d_ff/D_FF_tb/schematic"
[21:02:44.12] /m Information: 
[21:02:44.12] /o Checking "project_d_ff/D_FF/schematic"
[21:02:44.12] /o No rule violations found in "project_d_ff/D_FF/schematic"
[21:02:44.13] /m Information: 
[21:02:44.13] /o Checking "project_d_ff/D_latch/schematic"
[21:02:44.13] /o No rule violations found in "project_d_ff/D_latch/schematic"
[21:02:44.13] /m Information: 
[21:02:44.13] /o Checking "project_d_ff/inv_out/schematic"
[21:02:44.13] /o No rule violations found in "project_d_ff/inv_out/schematic"
[21:02:44.13] /m Information: 
[21:02:44.13] /o Checking "project_d_ff/TG_out/schematic"
[21:02:44.13] /o No rule violations found in "project_d_ff/TG_out/schematic"
[21:02:44.16] /m Information: "project_d_ff D_FF_tb schematic" renetlisted. (NETLISTING-056)
[21:02:44.17] /m Information: "Netlisting design "project_d_ff/D_FF_tb/schematic" finished successfully." (NETLISTING-012)
[21:02:44.18] /m Information: "Composing simulator input file for design "project_d_ff/D_FF_tb/schematic"..."
[21:02:44.20] /m Information: "Simulator input file composed successfully for design "project_d_ff/D_FF_tb/schematic""
[21:02:44.37] /m Information: "Starting HSPICE simulation for design: project_d_ff/D_FF_tb/schematic"
[21:02:44.37] /# gi::collapse {jobMonitorTable} -index {0.0.0.0,0} -in [gi::getWindows 7]
[21:02:44.38] /o 1
[21:02:45.30] /m Information: "Simulation completed successfully for design: project_d_ff/D_FF_tb/schematic "
[21:02:45.48] /m Information: "Evaluating and plotting outputs..."
[21:02:45.65] /j ::wf::WaveView::plotSuccess WaveView_3 {} {_6386350_void_pp _5cf4df0_void_pp} 
[21:02:45.80] /j ::wf::WaveView::plotSuccess WaveView_3 {} {_6386350_void_pp _5cf4ad0_void_pp} 
[21:02:45.81] /m Information: Measurement calculations completed for testbench: HSPICE_d_Fff in 0s
[21:02:45.90] /j ::wf::WaveView::plotSuccess WaveView_3 {} {_6386350_void_pp _5cf4b98_void_pp} 
[21:02:46.01] /j ::wf::WaveView::plotSuccess WaveView_3 {} {_6386350_void_pp _5cf4c60_void_pp} 
[21:02:53.18] /i gi::setActiveWindow 4
[21:02:53.18] /i gi::setActiveWindow 4 -raise true
[21:02:59.81] /m Information: Waveform viewer exited normally.
[21:03:00.48] /i gi::executeAction menuPreShow -in [gi::getWindows 4]
[21:03:00.48] /r giMenuAccess db::getNext [gi::getMenus saConsoleSimMenu -from [gi::getWindows 4]]
[21:03:00.94] /# gi::executeAction saNetlistAndRun -in [gi::getWindows 4]
[21:03:00.94] /i isa::netlistAndRun -testbench [sa::findActiveTestbench -window 4] -mode overwrite
[21:03:00.98] /m Information: "Starting incremental netlisting for design "project_d_ff/D_FF_tb/schematic"..." (NETLISTING-010)
[21:03:00.99] /o No Design Integrity rule violations found in "project_d_ff/D_FF_tb/schematic"
[21:03:01.01] /m Information: 
[21:03:01.01] /o Checking "project_d_ff/D_FF/schematic"
[21:03:01.01] /o No rule violations found in "project_d_ff/D_FF/schematic"
[21:03:01.02] /m Information: 
[21:03:01.02] /o Checking "project_d_ff/D_latch/schematic"
[21:03:01.02] /o No rule violations found in "project_d_ff/D_latch/schematic"
[21:03:01.02] /m Information: 
[21:03:01.02] /o Checking "project_d_ff/inv_out/schematic"
[21:03:01.02] /o No rule violations found in "project_d_ff/inv_out/schematic"
[21:03:01.02] /m Information: 
[21:03:01.02] /o Checking "project_d_ff/TG_out/schematic"
[21:03:01.02] /o No rule violations found in "project_d_ff/TG_out/schematic"
[21:03:01.06] /m Information: "Netlisting design "project_d_ff/D_FF_tb/schematic" finished successfully." (NETLISTING-012)
[21:03:01.06] /m Information: "Composing simulator input file for design "project_d_ff/D_FF_tb/schematic"..."
[21:03:01.09] /m Information: "Simulator input file composed successfully for design "project_d_ff/D_FF_tb/schematic""
[21:03:01.24] /m Information: "Starting HSPICE simulation for design: project_d_ff/D_FF_tb/schematic"
[21:03:01.24] /# gi::collapse {jobMonitorTable} -index {0.0.0.0,0} -in [gi::getWindows 7]
[21:03:01.26] /o 1
[21:03:01.72] /m Information: "Simulation completed successfully for design: project_d_ff/D_FF_tb/schematic "
[21:03:01.91] /m Information: "Evaluating and plotting outputs..."
[21:03:01.93] /m Information: Launching Waveform Viewer "cd /home/itsupport/simulation/project_d_ff,D_FF_tb,schematic/history_1/simulation/HSPICE_d_Fff/HSPICE/nominal/results &&  wv -k -cdesigner -spxkey /usr/synopsys/customcompiler/N-2017.12-SP1-2/auxx/waveform/sae.spxkey -spxrc /tmp/sae_spxrc_Uwp6P9 -unique_string 7f022bfd91f14a65c4ac300f607c403a15c9c611af414893916e52343c87a980eb2070ad53df9c90d84b65b90bc063cdeb3a93b329461130 -lic_type 1    > /home/itsupport/simulation/project_d_ff,D_FF_tb,schematic/history_1/simulation/HSPICE_d_Fff/HSPICE/nominal/results/viewer.log 2>&1"
[21:03:01.93] /i gi::collapse {jobMonitorTable} -index {0.0,0} -in [gi::getWindows 7]
[21:03:02.31] /m Information: Measurement calculations completed for testbench: HSPICE_d_Fff in 0s
[21:03:02.60] /j ::wf::WaveView::plotSuccess WaveView_4 {} {_6de0310_void_pp _6e2ce90_void_pp} 
[21:03:02.61] /j ::wf::WaveView::plotSuccess WaveView_4 {} {_6de0310_void_pp _6e2cf58_void_pp} 
[21:03:02.68] /j ::wf::WaveView::plotSuccess WaveView_4 {} {_6de0310_void_pp _6e2d020_void_pp} 
[21:03:02.70] /j ::wf::WaveView::plotSuccess WaveView_4 {} {_6de0310_void_pp _6e2d0e8_void_pp} 
[21:03:25.59] /i gi::setActiveWindow 4
[21:03:25.59] /i gi::setActiveWindow 4 -raise true
[21:03:25.98] /i gi::setActiveWindow 3
[21:03:25.98] /i gi::setActiveWindow 3 -raise true
[21:03:27.83] /i gi::setItemSelection {parameters} -index {per,all} -in [gi::getAssistants dePropertyEditor -from [gi::getWindows 3]]
[21:03:27.84] /i gi::setCurrentIndex {parameters} -index {per,Value} -in [gi::getAssistants dePropertyEditor -from [gi::getWindows 3]]
[21:03:30.03] /i gi::setField {parameters} -value {tper} -index {per,Value} -in [gi::getAssistants dePropertyEditor -from [gi::getWindows 3]]
[21:03:30.03] /i gi::executeAction dePropertyEditorApplyChanges -in [gi::getAssistants dePropertyEditor -from [gi::getWindows 3]]
[21:03:31.03] /i gi::setItemSelection {parameters} -index {pw,all} -in [gi::getAssistants dePropertyEditor -from [gi::getWindows 3]]
[21:03:31.03] /i gi::setCurrentIndex {parameters} -index {pw,Value} -in [gi::getAssistants dePropertyEditor -from [gi::getWindows 3]]
[21:03:32.64] /i gi::setField {parameters} -value {tper/2} -index {pw,Value} -in [gi::getAssistants dePropertyEditor -from [gi::getWindows 3]]
[21:03:32.64] /i gi::executeAction dePropertyEditorApplyChanges -in [gi::getAssistants dePropertyEditor -from [gi::getWindows 3]]
[21:03:34.25] /i gi::setActiveWindow 4
[21:03:34.25] /i gi::setActiveWindow 4 -raise true
[21:03:37.32] /i gi::setField {variablesTable} -index {1,1} -value {150p} -in [gi::getWindows 4]
[21:03:37.32] /i gi::setField {variablesTable} -index {1,1} -value {150p} -in [gi::getWindows 4]
[21:03:38.41] /i gi::executeAction menuPreShow -in [gi::getWindows 4]
[21:03:38.41] /r giMenuAccess db::getNext [gi::getMenus saConsoleSimMenu -from [gi::getWindows 4]]
[21:03:38.82] /# gi::executeAction saNetlistAndRun -in [gi::getWindows 4]
[21:03:38.82] /i isa::netlistAndRun -testbench [sa::findActiveTestbench -window 4] -mode overwrite
[21:03:38.89] /r giDialog gi::setActiveDialog [gi::getDialogs {xtShowDesignsPrompt}]
[21:03:38.89] /r giDialog gi::setCurrentIndex {target} -index {0,0} -in [gi::getDialogs {xtShowDesignsPrompt}]
[21:03:39.12] /r giDialog db::setAttr geometry -of [gi::getDialogs {xtShowDesignsPrompt}] -value 649x290+626+410
[21:03:39.84] /r giDialog gi::pressButton {ok} -in [gi::getDialogs {xtShowDesignsPrompt}]
[21:03:39.87] /m Information: 
[21:03:39.87] /o Checking "project_d_ff/D_FF_tb/schematic"
[21:03:39.87] /o No rule violations found in "project_d_ff/D_FF_tb/schematic"
[21:03:39.87] /o No Design Integrity rule violations found in "project_d_ff/D_FF_tb/schematic"
[21:03:39.87] /m Information: Checking process is completed: marking the design violations
[21:03:39.87] /m Information: Marking of designs is completed
[21:03:39.97] /m Information: "Starting incremental netlisting for design "project_d_ff/D_FF_tb/schematic"..." (NETLISTING-010)
[21:03:39.98] /o No Design Integrity rule violations found in "project_d_ff/D_FF_tb/schematic"
[21:03:40.00] /m Information: 
[21:03:40.00] /o Checking "project_d_ff/D_FF/schematic"
[21:03:40.00] /o No rule violations found in "project_d_ff/D_FF/schematic"
[21:03:40.03] /m Information: 
[21:03:40.03] /o Checking "project_d_ff/D_latch/schematic"
[21:03:40.03] /o No rule violations found in "project_d_ff/D_latch/schematic"
[21:03:40.06] /m Information: 
[21:03:40.06] /o Checking "project_d_ff/inv_out/schematic"
[21:03:40.06] /o No rule violations found in "project_d_ff/inv_out/schematic"
[21:03:40.06] /m Information: 
[21:03:40.06] /o Checking "project_d_ff/TG_out/schematic"
[21:03:40.06] /o No rule violations found in "project_d_ff/TG_out/schematic"
[21:03:40.09] /m Information: "project_d_ff D_FF_tb schematic" renetlisted. (NETLISTING-056)
[21:03:40.10] /m Information: "Netlisting design "project_d_ff/D_FF_tb/schematic" finished successfully." (NETLISTING-012)
[21:03:40.10] /m Information: "Composing simulator input file for design "project_d_ff/D_FF_tb/schematic"..."
[21:03:40.12] /m Information: "Simulator input file composed successfully for design "project_d_ff/D_FF_tb/schematic""
[21:03:40.26] /m Information: "Starting HSPICE simulation for design: project_d_ff/D_FF_tb/schematic"
[21:03:40.26] /# gi::collapse {jobMonitorTable} -index {0.0.0.0,0} -in [gi::getWindows 7]
[21:03:40.28] /o 1
[21:03:40.74] /m Information: "Simulation completed successfully for design: project_d_ff/D_FF_tb/schematic "
[21:03:40.92] /m Information: "Evaluating and plotting outputs..."
[21:03:41.24] /j ::wf::WaveView::plotSuccess WaveView_4 {} {_737fbe0_void_pp _6e2d1b0_void_pp} 
[21:03:41.31] /m Information: Measurement calculations completed for testbench: HSPICE_d_Fff in 0s
[21:03:41.42] /j ::wf::WaveView::plotSuccess WaveView_4 {} {_737fbe0_void_pp _6e2ce90_void_pp} 
[21:03:41.54] /j ::wf::WaveView::plotSuccess WaveView_4 {} {_737fbe0_void_pp _6e2cf58_void_pp} 
[21:03:41.66] /j ::wf::WaveView::plotSuccess WaveView_4 {} {_737fbe0_void_pp _6e2d020_void_pp} 
[21:03:53.07] /i gi::setActiveWindow 3
[21:03:53.07] /i gi::setActiveWindow 3 -raise true
[21:03:54.72] /i gi::setItemSelection {parameters} -index {pw,all} -in [gi::getAssistants dePropertyEditor -from [gi::getWindows 3]]
[21:03:54.72] /i gi::setCurrentIndex {parameters} -index {pw,Value} -in [gi::getAssistants dePropertyEditor -from [gi::getWindows 3]]
[21:04:00.18] /i gi::setField {parameters} -value {tper} -index {pw,Value} -in [gi::getAssistants dePropertyEditor -from [gi::getWindows 3]]
[21:04:00.18] /i gi::setItemSelection {parameters} -index {per,all} -in [gi::getAssistants dePropertyEditor -from [gi::getWindows 3]]
[21:04:00.18] /i gi::setCurrentIndex {parameters} -index {per,Value} -in [gi::getAssistants dePropertyEditor -from [gi::getWindows 3]]
[21:04:01.40] /i gi::setField {parameters} -value {tper/2} -index {per,Value} -in [gi::getAssistants dePropertyEditor -from [gi::getWindows 3]]
[21:04:01.40] /i gi::executeAction dePropertyEditorApplyChanges -in [gi::getAssistants dePropertyEditor -from [gi::getWindows 3]]
[21:04:03.68] /# gi::executeAction deSelectActive -in [gi::getWindows 3]
[21:04:03.68] /i de::deselectAll [db::getNext [de::getContexts -window 3]]
[21:04:03.68] /i de::select [de::getActiveFigure [gi::getWindows 3] -point {3.60625 3.19375} -index 0 -intent none]
[21:04:03.68] /o oa:0x24f5ed70
[21:04:04.66] /# gi::executeAction deSelectActive -in [gi::getWindows 3]
[21:04:04.66] /i de::deselectAll [db::getNext [de::getContexts -window 3]]
[21:04:04.66] /i de::select [de::getActiveFigure [gi::getWindows 3] -point {3.2875 3.6875} -index 0 -intent none]
[21:04:04.66] /o oa:0x25222530
[21:04:05.42] /i gi::setItemSelection {parameters} -index {per,all} -in [gi::getAssistants dePropertyEditor -from [gi::getWindows 3]]
[21:04:05.42] /i gi::setCurrentIndex {parameters} -index {per,Value} -in [gi::getAssistants dePropertyEditor -from [gi::getWindows 3]]
[21:04:05.80] /i gi::setItemSelection {parameters} -index {pw,all} -in [gi::getAssistants dePropertyEditor -from [gi::getWindows 3]]
[21:04:05.80] /i gi::setCurrentIndex {parameters} -index {pw,Value} -in [gi::getAssistants dePropertyEditor -from [gi::getWindows 3]]
[21:04:07.69] /i gi::setItemSelection {parameters} -index {per,all} -in [gi::getAssistants dePropertyEditor -from [gi::getWindows 3]]
[21:04:07.69] /i gi::setCurrentIndex {parameters} -index {per,Value} -in [gi::getAssistants dePropertyEditor -from [gi::getWindows 3]]
[21:04:10.74] /i gi::setField {parameters} -value {tper*2} -index {per,Value} -in [gi::getAssistants dePropertyEditor -from [gi::getWindows 3]]
[21:04:10.74] /i gi::executeAction dePropertyEditorApplyChanges -in [gi::getAssistants dePropertyEditor -from [gi::getWindows 3]]
[21:04:12.71] /i gi::executeAction deSaveDesign -in [gi::getWindows 3]
[21:04:12.71] /m Information: Saving design 'project_d_ff D_FF_tb schematic'. (DESIGN_WINDOW-004)
[21:04:13.19] /i gi::setActiveWindow 4
[21:04:13.19] /i gi::setActiveWindow 4 -raise true
[21:04:13.85] /i gi::executeAction menuPreShow -in [gi::getWindows 4]
[21:04:13.85] /r giMenuAccess db::getNext [gi::getMenus saConsoleOutputsMenu -from [gi::getWindows 4]]
[21:04:14.09] /i gi::executeAction menuPreShow -in [gi::getWindows 4]
[21:04:14.09] /r giMenuAccess db::getNext [gi::getMenus saConsoleSimMenu -from [gi::getWindows 4]]
[21:04:14.67] /# gi::executeAction saNetlistAndRun -in [gi::getWindows 4]
[21:04:14.67] /i isa::netlistAndRun -testbench [sa::findActiveTestbench -window 4] -mode overwrite
[21:04:14.74] /m Information: "Starting incremental netlisting for design "project_d_ff/D_FF_tb/schematic"..." (NETLISTING-010)
[21:04:14.75] /m Information: 
[21:04:14.75] /o Checking "project_d_ff/D_FF_tb/schematic"
[21:04:14.75] /o No rule violations found in "project_d_ff/D_FF_tb/schematic"
[21:04:14.75] /o No Design Integrity rule violations found in "project_d_ff/D_FF_tb/schematic"
[21:04:14.75] /m Information: 
[21:04:14.75] /o Checking "project_d_ff/D_FF/schematic"
[21:04:14.75] /o No rule violations found in "project_d_ff/D_FF/schematic"
[21:04:14.76] /m Information: 
[21:04:14.76] /o Checking "project_d_ff/D_latch/schematic"
[21:04:14.76] /o No rule violations found in "project_d_ff/D_latch/schematic"
[21:04:14.77] /m Information: 
[21:04:14.77] /o Checking "project_d_ff/inv_out/schematic"
[21:04:14.77] /o No rule violations found in "project_d_ff/inv_out/schematic"
[21:04:14.79] /m Information: 
[21:04:14.79] /o Checking "project_d_ff/TG_out/schematic"
[21:04:14.79] /o No rule violations found in "project_d_ff/TG_out/schematic"
[21:04:14.84] /m Information: "project_d_ff D_FF_tb schematic" renetlisted. (NETLISTING-056)
[21:04:14.85] /m Information: "Netlisting design "project_d_ff/D_FF_tb/schematic" finished successfully." (NETLISTING-012)
[21:04:14.86] /m Information: "Composing simulator input file for design "project_d_ff/D_FF_tb/schematic"..."
[21:04:14.89] /m Information: "Simulator input file composed successfully for design "project_d_ff/D_FF_tb/schematic""
[21:04:15.04] /m Information: "Starting HSPICE simulation for design: project_d_ff/D_FF_tb/schematic"
[21:04:15.04] /# gi::collapse {jobMonitorTable} -index {0.0.0.0,0} -in [gi::getWindows 7]
[21:04:15.06] /o 1
[21:04:15.52] /m Information: "Simulation completed successfully for design: project_d_ff/D_FF_tb/schematic "
[21:04:15.71] /m Information: "Evaluating and plotting outputs..."
[21:04:15.94] /j ::wf::WaveView::plotSuccess WaveView_4 {} {_6e4d0c0_void_pp _6e2d0e8_void_pp} 
[21:04:16.12] /m Information: Measurement calculations completed for testbench: HSPICE_d_Fff in 1s
[21:04:16.13] /j ::wf::WaveView::plotSuccess WaveView_4 {} {_6e4d0c0_void_pp _6e2d1b0_void_pp} 
[21:04:16.29] /j ::wf::WaveView::plotSuccess WaveView_4 {} {_6e4d0c0_void_pp _6e2ce90_void_pp} 
[21:04:16.48] /j ::wf::WaveView::plotSuccess WaveView_4 {} {_6e4d0c0_void_pp _6e2cf58_void_pp} 
[21:04:28.67] /i gi::setActiveWindow 4
[21:04:28.67] /i gi::setActiveWindow 4 -raise true
[21:04:30.88] /i gi::setField {variablesTable} -index {1,1} -value {120} -in [gi::getWindows 4]
[21:04:30.88] /i gi::setField {variablesTable} -index {1,1} -value {120} -in [gi::getWindows 4]
[21:04:32.92] /i gi::setField {variablesTable} -index {1,1} -value {120p} -in [gi::getWindows 4]
[21:04:32.92] /i gi::setField {variablesTable} -index {1,1} -value {120p} -in [gi::getWindows 4]
[21:04:33.87] /i gi::executeAction menuPreShow -in [gi::getWindows 4]
[21:04:33.87] /r giMenuAccess db::getNext [gi::getMenus saConsoleSimMenu -from [gi::getWindows 4]]
[21:04:34.21] /# gi::executeAction saNetlistAndRun -in [gi::getWindows 4]
[21:04:34.21] /i isa::netlistAndRun -testbench [sa::findActiveTestbench -window 4] -mode overwrite
[21:04:34.25] /m Information: "Starting incremental netlisting for design "project_d_ff/D_FF_tb/schematic"..." (NETLISTING-010)
[21:04:34.26] /m Information: 
[21:04:34.26] /o Checking "project_d_ff/D_FF_tb/schematic"
[21:04:34.26] /o No rule violations found in "project_d_ff/D_FF_tb/schematic"
[21:04:34.26] /o No Design Integrity rule violations found in "project_d_ff/D_FF_tb/schematic"
[21:04:34.27] /m Information: 
[21:04:34.27] /o Checking "project_d_ff/D_FF/schematic"
[21:04:34.27] /o No rule violations found in "project_d_ff/D_FF/schematic"
[21:04:34.28] /m Information: 
[21:04:34.28] /o Checking "project_d_ff/D_latch/schematic"
[21:04:34.28] /o No rule violations found in "project_d_ff/D_latch/schematic"
[21:04:34.29] /m Information: 
[21:04:34.29] /o Checking "project_d_ff/inv_out/schematic"
[21:04:34.29] /o No rule violations found in "project_d_ff/inv_out/schematic"
[21:04:34.29] /m Information: 
[21:04:34.29] /o Checking "project_d_ff/TG_out/schematic"
[21:04:34.29] /o No rule violations found in "project_d_ff/TG_out/schematic"
[21:04:34.33] /m Information: "Netlisting design "project_d_ff/D_FF_tb/schematic" finished successfully." (NETLISTING-012)
[21:04:34.33] /m Information: "Composing simulator input file for design "project_d_ff/D_FF_tb/schematic"..."
[21:04:34.36] /m Information: "Simulator input file composed successfully for design "project_d_ff/D_FF_tb/schematic""
[21:04:34.51] /m Information: "Starting HSPICE simulation for design: project_d_ff/D_FF_tb/schematic"
[21:04:34.51] /# gi::collapse {jobMonitorTable} -index {0.0.0.0,0} -in [gi::getWindows 7]
[21:04:34.53] /o 1
[21:04:34.92] /m Information: "Simulation completed successfully for design: project_d_ff/D_FF_tb/schematic "
[21:04:35.12] /m Information: "Evaluating and plotting outputs..."
[21:04:35.42] /j ::wf::WaveView::plotSuccess WaveView_4 {} {_73b6210_void_pp _6e2d020_void_pp} 
[21:04:35.51] /m Information: Measurement calculations completed for testbench: HSPICE_d_Fff in 0s
[21:04:35.60] /j ::wf::WaveView::plotSuccess WaveView_4 {} {_73b6210_void_pp _6e2d0e8_void_pp} 
[21:04:35.76] /j ::wf::WaveView::plotSuccess WaveView_4 {} {_73b6210_void_pp _6e2d1b0_void_pp} 
[21:04:35.90] /j ::wf::WaveView::plotSuccess WaveView_4 {} {_73b6210_void_pp _6e2ce90_void_pp} 
[21:04:39.58] /i gi::setActiveWindow 4
[21:04:39.58] /i gi::setActiveWindow 4 -raise true
[21:04:43.10] /i gi::setField {variablesTable} -index {1,1} -value {120p} -in [gi::getWindows 4]
[21:04:55.38] /i gi::setField {variablesTable} -index {1,1} -value {100p} -in [gi::getWindows 4]
[21:04:55.38] /i gi::setField {variablesTable} -index {1,1} -value {100p} -in [gi::getWindows 4]
[21:04:56.20] /i gi::executeAction menuPreShow -in [gi::getWindows 4]
[21:04:56.20] /r giMenuAccess db::getNext [gi::getMenus saConsoleSimMenu -from [gi::getWindows 4]]
[21:04:56.71] /# gi::executeAction saNetlistAndRun -in [gi::getWindows 4]
[21:04:56.71] /i isa::netlistAndRun -testbench [sa::findActiveTestbench -window 4] -mode overwrite
[21:04:56.78] /m Information: "Starting incremental netlisting for design "project_d_ff/D_FF_tb/schematic"..." (NETLISTING-010)
[21:04:56.79] /m Information: 
[21:04:56.79] /o Checking "project_d_ff/D_FF_tb/schematic"
[21:04:56.79] /o No rule violations found in "project_d_ff/D_FF_tb/schematic"
[21:04:56.79] /o No Design Integrity rule violations found in "project_d_ff/D_FF_tb/schematic"
[21:04:56.80] /m Information: 
[21:04:56.80] /o Checking "project_d_ff/D_FF/schematic"
[21:04:56.80] /o No rule violations found in "project_d_ff/D_FF/schematic"
[21:04:56.80] /m Information: 
[21:04:56.80] /o Checking "project_d_ff/D_latch/schematic"
[21:04:56.80] /o No rule violations found in "project_d_ff/D_latch/schematic"
[21:04:56.81] /m Information: 
[21:04:56.81] /o Checking "project_d_ff/inv_out/schematic"
[21:04:56.81] /o No rule violations found in "project_d_ff/inv_out/schematic"
[21:04:56.81] /m Information: 
[21:04:56.81] /o Checking "project_d_ff/TG_out/schematic"
[21:04:56.81] /o No rule violations found in "project_d_ff/TG_out/schematic"
[21:04:56.84] /m Information: "Netlisting design "project_d_ff/D_FF_tb/schematic" finished successfully." (NETLISTING-012)
[21:04:56.85] /m Information: "Composing simulator input file for design "project_d_ff/D_FF_tb/schematic"..."
[21:04:56.87] /m Information: "Simulator input file composed successfully for design "project_d_ff/D_FF_tb/schematic""
[21:04:57.02] /m Information: "Starting HSPICE simulation for design: project_d_ff/D_FF_tb/schematic"
[21:04:57.03] /# gi::collapse {jobMonitorTable} -index {0.0.0.0,0} -in [gi::getWindows 7]
[21:04:57.04] /o 1
[21:04:57.42] /m Information: "Simulation completed successfully for design: project_d_ff/D_FF_tb/schematic "
[21:04:57.59] /m Information: "Evaluating and plotting outputs..."
[21:04:57.78] /j ::wf::WaveView::plotSuccess WaveView_4 {} {_6db5d00_void_pp _6e2cf58_void_pp} 
[21:04:57.91] /m Information: Measurement calculations completed for testbench: HSPICE_d_Fff in 0s
[21:04:57.96] /j ::wf::WaveView::plotSuccess WaveView_4 {} {_6db5d00_void_pp _6e2d020_void_pp} 
[21:04:58.12] /j ::wf::WaveView::plotSuccess WaveView_4 {} {_6db5d00_void_pp _6e2d0e8_void_pp} 
[21:04:58.26] /j ::wf::WaveView::plotSuccess WaveView_4 {} {_6db5d00_void_pp _6e2d1b0_void_pp} 
[21:05:02.52] /i gi::setActiveWindow 4
[21:05:02.52] /i gi::setActiveWindow 4 -raise true
[21:05:04.94] /i gi::setField {variablesTable} -index {1,1} -value {88p} -in [gi::getWindows 4]
[21:05:04.94] /i gi::setField {variablesTable} -index {1,1} -value {88p} -in [gi::getWindows 4]
[21:05:05.95] /i gi::executeAction menuPreShow -in [gi::getWindows 4]
[21:05:05.95] /r giMenuAccess db::getNext [gi::getMenus saConsoleSimMenu -from [gi::getWindows 4]]
[21:05:06.41] /# gi::executeAction saNetlistAndRun -in [gi::getWindows 4]
[21:05:06.41] /i isa::netlistAndRun -testbench [sa::findActiveTestbench -window 4] -mode overwrite
[21:05:06.45] /m Information: "Starting incremental netlisting for design "project_d_ff/D_FF_tb/schematic"..." (NETLISTING-010)
[21:05:06.46] /m Information: 
[21:05:06.46] /o Checking "project_d_ff/D_FF_tb/schematic"
[21:05:06.46] /o No rule violations found in "project_d_ff/D_FF_tb/schematic"
[21:05:06.46] /o No Design Integrity rule violations found in "project_d_ff/D_FF_tb/schematic"
[21:05:06.47] /m Information: 
[21:05:06.47] /o Checking "project_d_ff/D_FF/schematic"
[21:05:06.47] /o No rule violations found in "project_d_ff/D_FF/schematic"
[21:05:06.48] /m Information: 
[21:05:06.48] /o Checking "project_d_ff/D_latch/schematic"
[21:05:06.48] /o No rule violations found in "project_d_ff/D_latch/schematic"
[21:05:06.48] /m Information: 
[21:05:06.48] /o Checking "project_d_ff/inv_out/schematic"
[21:05:06.48] /o No rule violations found in "project_d_ff/inv_out/schematic"
[21:05:06.48] /m Information: 
[21:05:06.48] /o Checking "project_d_ff/TG_out/schematic"
[21:05:06.48] /o No rule violations found in "project_d_ff/TG_out/schematic"
[21:05:06.51] /m Information: "Netlisting design "project_d_ff/D_FF_tb/schematic" finished successfully." (NETLISTING-012)
[21:05:06.52] /m Information: "Composing simulator input file for design "project_d_ff/D_FF_tb/schematic"..."
[21:05:06.55] /m Information: "Simulator input file composed successfully for design "project_d_ff/D_FF_tb/schematic""
[21:05:06.70] /m Information: "Starting HSPICE simulation for design: project_d_ff/D_FF_tb/schematic"
[21:05:06.70] /# gi::collapse {jobMonitorTable} -index {0.0.0.0,0} -in [gi::getWindows 7]
[21:05:06.71] /o 1
[21:05:07.12] /m Information: "Simulation completed successfully for design: project_d_ff/D_FF_tb/schematic "
[21:05:07.29] /m Information: "Evaluating and plotting outputs..."
[21:05:07.59] /j ::wf::WaveView::plotSuccess WaveView_4 {} {_737fbe0_void_pp _6e2ce90_void_pp} 
[21:05:07.63] /m Information: Measurement calculations completed for testbench: HSPICE_d_Fff in 0s
[21:05:07.79] /j ::wf::WaveView::plotSuccess WaveView_4 {} {_737fbe0_void_pp _6e2cf58_void_pp} 
[21:05:07.99] /j ::wf::WaveView::plotSuccess WaveView_4 {} {_737fbe0_void_pp _6e2d020_void_pp} 
[21:05:08.11] /j ::wf::WaveView::plotSuccess WaveView_4 {} {_737fbe0_void_pp _6e2d0e8_void_pp} 
[21:05:37.35] /i gi::setActiveWindow 4
[21:05:37.35] /i gi::setActiveWindow 4 -raise true
[21:05:39.34] /i gi::setItemSelection {analysisPane} -index {1,3} -in [gi::getWindows 4]
[21:05:39.34] /i gi::setItemSelection {variablesTable} -index {} -in [gi::getWindows 4]
[21:05:42.96] /i gi::setCurrentIndex {variablesTable} -index {2,1} -in [gi::getWindows 4]
[21:05:42.96] /i gi::setItemSelection {analysisPane} -index {} -in [gi::getWindows 4]
[21:05:43.31] /w Warning: Invalid design variable value: ''. (SAE-632)
[21:05:43.31] /w Warning: Invalid design variable value: ''. (SAE-632)
[21:05:43.31] /w Warning: Invalid design variable value: ''. (SAE-632)
[21:05:43.31] /w Warning: Invalid design variable value: ''. (SAE-632)
[21:05:43.31] /i gi::setField {variablesTable} -index {2,1} -value {} -in [gi::getWindows 4]
[21:05:43.31] /i gi::setCurrentIndex {variablesTable} -index {1,1} -in [gi::getWindows 4]
[21:05:43.31] /i gi::setItemSelection {variablesTable} -index {1,1} -in [gi::getWindows 4]
[21:05:44.70] /i gi::setField {variablesTable} -index {1,1} -value {50p} -in [gi::getWindows 4]
[21:05:44.70] /i gi::setField {variablesTable} -index {1,1} -value {50p} -in [gi::getWindows 4]
[21:05:45.61] /i gi::executeAction menuPreShow -in [gi::getWindows 4]
[21:05:45.61] /r giMenuAccess db::getNext [gi::getMenus saConsoleSimMenu -from [gi::getWindows 4]]
[21:05:46.04] /# gi::executeAction saNetlistAndRun -in [gi::getWindows 4]
[21:05:46.04] /i isa::netlistAndRun -testbench [sa::findActiveTestbench -window 4] -mode overwrite
[21:05:46.07] /m Information: "Starting incremental netlisting for design "project_d_ff/D_FF_tb/schematic"..." (NETLISTING-010)
[21:05:46.09] /m Information: 
[21:05:46.09] /o Checking "project_d_ff/D_FF_tb/schematic"
[21:05:46.09] /o No rule violations found in "project_d_ff/D_FF_tb/schematic"
[21:05:46.09] /o No Design Integrity rule violations found in "project_d_ff/D_FF_tb/schematic"
[21:05:46.10] /m Information: 
[21:05:46.10] /o Checking "project_d_ff/D_FF/schematic"
[21:05:46.10] /o No rule violations found in "project_d_ff/D_FF/schematic"
[21:05:46.10] /m Information: 
[21:05:46.10] /o Checking "project_d_ff/D_latch/schematic"
[21:05:46.10] /o No rule violations found in "project_d_ff/D_latch/schematic"
[21:05:46.11] /m Information: 
[21:05:46.11] /o Checking "project_d_ff/inv_out/schematic"
[21:05:46.11] /o No rule violations found in "project_d_ff/inv_out/schematic"
[21:05:46.11] /m Information: 
[21:05:46.11] /o Checking "project_d_ff/TG_out/schematic"
[21:05:46.11] /o No rule violations found in "project_d_ff/TG_out/schematic"
[21:05:46.14] /m Information: "Netlisting design "project_d_ff/D_FF_tb/schematic" finished successfully." (NETLISTING-012)
[21:05:46.15] /m Information: "Composing simulator input file for design "project_d_ff/D_FF_tb/schematic"..."
[21:05:46.18] /m Information: "Simulator input file composed successfully for design "project_d_ff/D_FF_tb/schematic""
[21:05:46.33] /m Information: "Starting HSPICE simulation for design: project_d_ff/D_FF_tb/schematic"
[21:05:46.33] /# gi::collapse {jobMonitorTable} -index {0.0.0.0,0} -in [gi::getWindows 7]
[21:05:46.35] /o 1
[21:05:46.72] /m Information: "Simulation completed successfully for design: project_d_ff/D_FF_tb/schematic "
[21:05:46.90] /m Information: "Evaluating and plotting outputs..."
[21:05:47.04] /j ::wf::WaveView::plotSuccess WaveView_4 {} {_6db5d00_void_pp _6e2d1b0_void_pp} 
[21:05:47.16] /j ::wf::WaveView::plotSuccess WaveView_4 {} {_6db5d00_void_pp _6e2ce90_void_pp} 
[21:05:47.21] /m Information: Measurement calculations completed for testbench: HSPICE_d_Fff in 0s
[21:05:47.26] /j ::wf::WaveView::plotSuccess WaveView_4 {} {_6db5d00_void_pp _6e2cf58_void_pp} 
[21:05:47.40] /j ::wf::WaveView::plotSuccess WaveView_4 {} {_6db5d00_void_pp _6e2d020_void_pp} 
[21:05:50.27] /i gi::setActiveWindow 3
[21:05:50.28] /i gi::setActiveWindow 3 -raise true
[21:05:50.79] /i gi::setActiveWindow 4
[21:05:50.79] /i gi::setActiveWindow 4 -raise true
[21:05:51.41] /i gi::setCurrentIndex {variablesTable} -index {0,1} -in [gi::getWindows 4]
[21:05:51.41] /i gi::setItemSelection {variablesTable} -index {0,1} -in [gi::getWindows 4]
[21:05:51.77] /i gi::setField {variablesTable} -index {0,1} -value {25} -in [gi::getWindows 4]
[21:05:51.77] /i gi::setCurrentIndex {variablesTable} -index {1,1} -in [gi::getWindows 4]
[21:05:51.77] /i gi::setItemSelection {variablesTable} -index {1,1} -in [gi::getWindows 4]
[21:05:53.23] /i gi::setField {variablesTable} -index {1,1} -value {67} -in [gi::getWindows 4]
[21:05:53.23] /i gi::setField {variablesTable} -index {1,1} -value {67} -in [gi::getWindows 4]
[21:05:55.25] /i gi::setField {variablesTable} -index {1,1} -value {67p} -in [gi::getWindows 4]
[21:05:55.25] /i gi::setField {variablesTable} -index {1,1} -value {67p} -in [gi::getWindows 4]
[21:05:56.21] /i gi::executeAction menuPreShow -in [gi::getWindows 4]
[21:05:56.21] /r giMenuAccess db::getNext [gi::getMenus saConsoleSimMenu -from [gi::getWindows 4]]
[21:05:56.59] /# gi::executeAction saNetlistAndRun -in [gi::getWindows 4]
[21:05:56.59] /i isa::netlistAndRun -testbench [sa::findActiveTestbench -window 4] -mode overwrite
[21:05:56.66] /m Information: "Starting incremental netlisting for design "project_d_ff/D_FF_tb/schematic"..." (NETLISTING-010)
[21:05:56.67] /m Information: 
[21:05:56.67] /o Checking "project_d_ff/D_FF_tb/schematic"
[21:05:56.68] /o No rule violations found in "project_d_ff/D_FF_tb/schematic"
[21:05:56.68] /o No Design Integrity rule violations found in "project_d_ff/D_FF_tb/schematic"
[21:05:56.68] /m Information: 
[21:05:56.68] /o Checking "project_d_ff/D_FF/schematic"
[21:05:56.68] /o No rule violations found in "project_d_ff/D_FF/schematic"
[21:05:56.69] /m Information: 
[21:05:56.69] /o Checking "project_d_ff/D_latch/schematic"
[21:05:56.69] /o No rule violations found in "project_d_ff/D_latch/schematic"
[21:05:56.69] /m Information: 
[21:05:56.69] /o Checking "project_d_ff/inv_out/schematic"
[21:05:56.69] /o No rule violations found in "project_d_ff/inv_out/schematic"
[21:05:56.69] /m Information: 
[21:05:56.69] /o Checking "project_d_ff/TG_out/schematic"
[21:05:56.69] /o No rule violations found in "project_d_ff/TG_out/schematic"
[21:05:56.73] /m Information: "Netlisting design "project_d_ff/D_FF_tb/schematic" finished successfully." (NETLISTING-012)
[21:05:56.73] /m Information: "Composing simulator input file for design "project_d_ff/D_FF_tb/schematic"..."
[21:05:56.76] /m Information: "Simulator input file composed successfully for design "project_d_ff/D_FF_tb/schematic""
[21:05:56.93] /m Information: "Starting HSPICE simulation for design: project_d_ff/D_FF_tb/schematic"
[21:05:56.93] /# gi::collapse {jobMonitorTable} -index {0.0.0.0,0} -in [gi::getWindows 7]
[21:05:56.94] /o 1
[21:05:57.42] /m Information: "Simulation completed successfully for design: project_d_ff/D_FF_tb/schematic "
[21:05:57.63] /m Information: "Evaluating and plotting outputs..."
[21:05:57.82] /j ::wf::WaveView::plotSuccess WaveView_4 {} {_73b6210_void_pp _6e2d0e8_void_pp} 
[21:05:57.99] /j ::wf::WaveView::plotSuccess WaveView_4 {} {_73b6210_void_pp _6e2d1b0_void_pp} 
[21:05:58.02] /m Information: Measurement calculations completed for testbench: HSPICE_d_Fff in 0s
[21:05:58.15] /j ::wf::WaveView::plotSuccess WaveView_4 {} {_73b6210_void_pp _6e2ce90_void_pp} 
[21:05:58.27] /j ::wf::WaveView::plotSuccess WaveView_4 {} {_73b6210_void_pp _6e2cf58_void_pp} 
[21:08:42.63] /i gi::setActiveWindow 4
[21:08:42.63] /i gi::setActiveWindow 4 -raise true
[21:08:43.30] /i gi::setActiveWindow 3
[21:08:43.30] /i gi::setActiveWindow 3 -raise true
[21:08:53.54] /# gi::executeAction deSelectActive -in [gi::getWindows 3]
[21:08:53.55] /i de::deselectAll [db::getNext [de::getContexts -window 3]]
[21:08:53.55] /i de::select [de::getActiveFigure [gi::getWindows 3] -point {3.66875 3.20625} -index 0 -intent none]
[21:08:53.55] /o oa:0x24f19ba0
[21:09:56.67] /i gi::executeAction giCloseWindow -in [gi::getWindows 3]
[21:09:56.68] /i gi::setActiveWindow 4
[21:09:56.68] /i gi::setActiveWindow 4 -raise true
[21:09:57.16] /i gi::executeAction giCloseWindow -in [gi::getWindows 4]
[21:09:57.24] /r giDialog gi::setActiveDialog [gi::getDialogs {giPrompt} -parent [gi::getWindows 4]]
[21:09:57.50] /r giDialog db::setAttr geometry -of [gi::getDialogs {giPrompt} -parent [gi::getWindows 4]] -value 292x82+814+573
[21:09:58.47] /r giDialog gi::pressButton {save} -in [gi::getDialogs {giPrompt} -parent [gi::getWindows 4]]
[21:09:58.63] /r giDialog gi::setActiveDialog [gi::getDialogs {saShowSaveState} -parent [gi::getWindows 4]]
[21:09:58.97] /r giDialog db::setAttr geometry -of [gi::getDialogs {saShowSaveState} -parent [gi::getWindows 4]] -value 501x558+710+335
[21:10:00.30] /r giDialog gi::pressButton {/ok} -in [gi::getDialogs {saShowSaveState} -parent [gi::getWindows 4]]
[21:10:00.32] /i gi::setActiveWindow 7
[21:10:00.32] /i gi::setActiveWindow 7 -raise true
[21:10:01.26] /i gi::executeAction giCloseWindow -in [gi::getWindows 7]
[21:10:01.26] /i gi::setActiveWindow 2
[21:10:01.26] /i gi::setActiveWindow 2 -raise true
[21:10:04.43] /i gi::setCurrentIndex {cellCategories} -index {INV} -in [gi::getWindows 2]
[21:10:04.43] /i gi::setItemSelection {cellCategories} -index {INV} -in [gi::getWindows 2]
[21:10:05.56] /i gi::setCurrentIndex {cells} -index {TG_in} -in [gi::getWindows 2]
[21:10:05.57] /i gi::setItemSelection {cells} -index {TG_in} -in [gi::getWindows 2]
[21:10:06.38] /i gi::setCurrentIndex {views} -index {layout} -in [gi::getWindows 2]
[21:10:06.39] /i gi::setItemSelection {views} -index {layout} -in [gi::getWindows 2]
[21:10:07.25] /i gi::executeAction dmOpen -in [gi::getWindows 2]
[21:10:07.26] /m Information: License 'Basic' checked out. (LICENSE-003)
[21:10:07.26] /m Information: License 'Schematic' checked in. (LICENSE-004)
[21:10:07.70] /r giWindowId 8
[21:10:07.70] /r giWindowGeometry 1632x1020
[21:10:07.74] /# de::setActiveLPP [de::getLPPs "exclude blockage" -from [db::getAttr editDesign -of [de::getContexts -window 8]]]
[21:10:10.65] /i gi::setField {stopLevel} -value {1} -in [gi::getToolbars {leHierarchy} -from [gi::getWindows 8]]
[21:10:12.72] /# gi::executeAction deFitView -in [gi::getWindows 8]
[21:10:12.72] /i de::fit -window 8 -fitView true
[21:10:12.72] /o {-1.188 0.052} {3.158 2.613}
[21:11:02.81] /m Information: Stopped sharing "Custom WaveView" license. (WAVEFORM-111)
[21:11:23.88] /i gi::setActiveWindow 2
[21:11:23.88] /i gi::setActiveWindow 2 -raise true
[21:11:25.72] /i gi::setCurrentIndex {views} -index {schematic} -in [gi::getWindows 2]
[21:11:25.72] /i gi::setItemSelection {views} -index {schematic} -in [gi::getWindows 2]
[21:11:25.88] /i gi::executeAction dmOpen -in [gi::getWindows 2]
[21:11:25.90] /r giWindowId 9
[21:11:25.91] /r giWindowGeometry 1632x1020
[21:11:26.08] /o "project_d_ff/TG_in/schematic" design does not need checking
[21:11:37.85] /# gi::executeAction deSelectActive -in [gi::getWindows 9]
[21:11:37.85] /i de::deselectAll [db::getNext [de::getContexts -window 9]]
[21:11:37.85] /i de::select [de::getActiveFigure [gi::getWindows 9] -point {2.76875 1.75} -index 0 -intent none]
[21:11:37.85] /o oa:0x2352ef20
[21:11:38.00] /# gi::executeAction deDescend -in [gi::getWindows 9]
[21:11:38.00] /i ide::descend 9 -inPlace false -promptView false -readOnly auto
[21:11:38.01] /# Navigating to reference90RF/p_4t/symbol (M1)
[21:11:38.48] /i db::setAttr dockSize -of [gi::getAssistants giConsole -from [gi::getWindows 9]] -value 1867x89
[21:11:38.50] /i db::setAttr dockSize -of [gi::getAssistants dePropertyEditor -from [gi::getWindows 9]] -value 290x839
[21:11:38.50] /i db::setAttr dockSize -of [gi::getAssistants deMarkerBrowser -from [gi::getWindows 9]] -value 290x839
[21:11:39.28] /# gi::executeAction deSelectActive -in [gi::getWindows 9]
[21:11:39.28] /i de::deselectAll [db::getNext [de::getContexts -window 9]]
[21:11:39.28] /i de::select [de::getActiveFigure [gi::getWindows 9] -point {0.25 0} -index 0 -intent none]
[21:11:39.28] /o oa:0x25ed3bd0
[21:11:41.84] /# gi::executeAction deReturnToTop -in [gi::getWindows 9]
[21:11:41.84] /i de::return [db::getNext [de::getContexts -window 9]] -levels -1
[21:11:41.84] /# Navigating to project_d_ff/TG_in/schematic
[21:11:42.08] /o oa:0x25ecfd50
[21:11:42.32] /i db::setAttr dockSize -of [gi::getAssistants dePropertyEditor -from [gi::getWindows 9]] -value 290x839
[21:11:42.32] /i db::setAttr dockSize -of [gi::getAssistants giConsole -from [gi::getWindows 9]] -value 1867x89
[21:11:42.37] /i db::setAttr dockSize -of [gi::getAssistants deMarkerBrowser -from [gi::getWindows 9]] -value 290x839
[21:11:55.96] /i gi::setActiveWindow 8
[21:11:55.97] /i gi::setActiveWindow 8 -raise true
[21:11:57.46] /i gi::setActiveWindow 9
[21:11:57.46] /i gi::setActiveWindow 9 -raise true
[21:12:01.96] /i gi::setActiveWindow 2
[21:12:01.96] /i gi::setActiveWindow 2 -raise true
[21:12:03.21] /i gi::setCurrentIndex {cells} -index {TG_out} -in [gi::getWindows 2]
[21:12:03.22] /i gi::setItemSelection {cells} -index {TG_out} -in [gi::getWindows 2]
[21:12:03.96] /i gi::setCurrentIndex {views} -index {schematic} -in [gi::getWindows 2]
[21:12:03.96] /i gi::setItemSelection {views} -index {schematic} -in [gi::getWindows 2]
[21:12:04.19] /i gi::executeAction dmOpen -in [gi::getWindows 2]
[21:12:04.21] /r giWindowId 10
[21:12:04.22] /r giWindowGeometry 1632x1020
[21:12:04.37] /m Information: 
[21:12:04.37] /o Checking "project_d_ff/TG_out/schematic"
[21:12:04.37] /o No rule violations found in "project_d_ff/TG_out/schematic"
[21:12:04.37] /m Information: Checking process is completed: marking the design violations
[21:12:04.37] /m Information: Marking of designs is completed
[21:13:17.65] /i gi::setActiveWindow 9
[21:13:17.65] /i gi::setActiveWindow 9 -raise true
[21:13:20.03] /i gi::setActiveWindow 2
[21:13:20.03] /i gi::setActiveWindow 2 -raise true
[21:13:21.69] /i gi::setCurrentIndex {cells} -index {inv_out} -in [gi::getWindows 2]
[21:13:21.70] /i gi::setItemSelection {cells} -index {inv_out} -in [gi::getWindows 2]
[21:13:22.87] /i gi::setCurrentIndex {cells} -index {inv_store} -in [gi::getWindows 2]
[21:13:22.87] /i gi::setItemSelection {cells} -index {inv_store} -in [gi::getWindows 2]
[21:13:24.43] /i gi::setCurrentIndex {views} -index {layout} -in [gi::getWindows 2]
[21:13:24.44] /i gi::setItemSelection {views} -index {layout} -in [gi::getWindows 2]
[21:13:24.60] /i gi::executeAction dmOpen -in [gi::getWindows 2]
[21:13:24.65] /r giWindowId 11
[21:13:24.66] /r giWindowGeometry 1632x1020
[21:13:24.69] /# de::setActiveLPP [de::getLPPs "exclude blockage" -from [db::getAttr editDesign -of [de::getContexts -window 11]]]
[21:13:25.89] /# gi::executeAction deFitView -in [gi::getWindows 11]
[21:13:25.89] /i de::fit -window 11 -fitView true
[21:13:25.89] /o {-10.651 -7.413} {-4.599 -3.847}
[21:13:26.35] /# gi::executeAction deSelectActive -in [gi::getWindows 11]
[21:13:26.35] /i de::deselectAllLogic -context [db::getNext [de::getContexts -window 11]]
[21:13:27.86] /i gi::setField {stopLevel} -value {1} -in [gi::getToolbars {leHierarchy} -from [gi::getWindows 11]]
[21:13:31.28] /# gi::executeAction deCanvasZoomInAtPoint -in [gi::getWindows 11]
[21:13:31.28] /i de::zoom -window [gi::getWindows 11] -factor 2.0 -center {-7.434 -4.833}
[21:13:31.28] /o {-9.042 -6.123} {-6.017 -4.34}
[21:13:31.63] /# gi::executeAction deCanvasZoomInAtPoint -in [gi::getWindows 11]
[21:13:31.63] /i de::zoom -window [gi::getWindows 11] -factor 2.0 -center {-7.434 -4.833}
[21:13:31.63] /o {-8.238 -5.478} {-6.725 -4.586}
[21:13:31.78] /# gi::executeAction deCanvasZoomInAtPoint -in [gi::getWindows 11]
[21:13:31.78] /i de::zoom -window [gi::getWindows 11] -factor 2.0 -center {-7.434 -4.833}
[21:13:31.78] /o {-7.836 -5.156} {-7.08 -4.71}
[21:13:32.58] /# gi::executeAction deFitView -in [gi::getWindows 11]
[21:13:32.59] /i de::fit -window 11 -fitView true
[21:13:32.59] /o {-10.651 -7.413} {-4.599 -3.847}
[21:13:33.30] /# gi::executeAction deCanvasZoomInAtPoint -in [gi::getWindows 11]
[21:13:33.30] /i de::zoom -window [gi::getWindows 11] -factor 2.0 -center {-7.369 -4.428}
[21:13:33.30] /o {-9.01 -5.921} {-5.984 -4.137}
[21:13:33.48] /# gi::executeAction deCanvasZoomInAtPoint -in [gi::getWindows 11]
[21:13:33.48] /i de::zoom -window [gi::getWindows 11] -factor 2.0 -center {-7.369 -4.428}
[21:13:33.48] /o {-8.189 -5.174} {-6.677 -4.283}
[21:13:33.82] /# gi::executeAction deFitView -in [gi::getWindows 11]
[21:13:33.82] /i de::fit -window 11 -fitView true
[21:13:33.82] /o {-10.651 -7.413} {-4.599 -3.847}
[21:13:37.12] /# gi::executeAction deSelectByWindow -in [gi::getWindows 11]
[21:13:37.12] /i db::setPrefValue deSelectMode -value Replace -scope [db::getScopes [db::getNext [de::getContexts -window 11]]]; ide::selectByRegion -region rectangle -point {-8.625 -3.895} 
[21:13:37.73] /# gi::executeAction deEndDrag -in [gi::getWindows 11]
[21:13:37.73] /i de::endDrag {-5.817 -4.856} -context [db::getNext [de::getContexts -window 11]]
[21:13:38.82] /# gi::executeAction leStartStretchDrag -in [gi::getWindows 11]
[21:13:38.82] /i layout_editor::directStretch [de::getActiveFigure [gi::getWindows 11] -point {-7.161 -4.563} -index 0 -intent none] 11
[21:13:38.82] /# ile::stretch -point {-7.16 -4.565}
[21:13:42.59] /# gi::executeAction deEndDrag -in [gi::getWindows 11]
[21:13:42.59] /i de::endDrag {-7.145 -4.69} -context [db::getNext [de::getContexts -window 11]]
[21:13:42.94] /# gi::executeAction deSelectActive -in [gi::getWindows 11]
[21:13:42.94] /i de::deselectAll [db::getNext [de::getContexts -window 11]]
[21:13:42.94] /i de::deselectAllLogic -context [db::getNext [de::getContexts -window 11]]
[21:13:43.82] /# gi::executeAction deCanvasZoomInAtPoint -in [gi::getWindows 11]
[21:13:43.82] /i de::zoom -window [gi::getWindows 11] -factor 2.0 -center {-7.773 -4.209}
[21:13:43.82] /o {-9.212 -5.811} {-6.186 -4.028}
[21:13:43.87] /# gi::executeAction deCanvasZoomInAtPoint -in [gi::getWindows 11]
[21:13:43.87] /i de::zoom -window [gi::getWindows 11] -factor 2.0 -center {-7.773 -4.209}
[21:13:43.87] /o {-8.492 -5.01} {-6.98 -4.118}
[21:13:44.18] /# gi::executeAction leStretch -in [gi::getWindows 11]
[21:13:44.18] /i ile::stretch
[21:13:44.82] /# gi::executeAction deAddPoint -in [gi::getWindows 11]
[21:13:44.82] /i de::addPoint {-7.785 -4.18} -context [db::getNext [de::getContexts -window 11]]
[21:13:46.16] /# gi::executeAction deAddPoint -in [gi::getWindows 11]
[21:13:46.16] /i de::addPoint {-7.779 -4.326} -context [db::getNext [de::getContexts -window 11]]
[21:13:46.34] /# gi::executeAction deAbortCommand -in [gi::getWindows 11]
[21:13:46.34] /i de::abortCommand -context [db::getNext [de::getContexts -window 11]]
[21:13:48.97] /i gi::executeAction deSaveDesign -in [gi::getWindows 11]
[21:13:48.97] /m Information: Saving design 'project_d_ff inv_store layout'. (DESIGN_WINDOW-004)
[21:13:49.92] /# gi::executeAction xtDRCRun -in [gi::getWindows 11]
[21:13:49.92] /i xt::physicalVerification::executeRun drc 11
[21:13:50.09] /# xt::physicalVerification::executePve drc 11
[21:13:50.89] /r giWindowId 12
[21:13:50.90] /r giWindowGeometry 800x600
[21:13:52.41] /m Information: 
              /c =============================
              /c JobID: hercules_drc_6
              /c Completed with no errors.
              /c =============================
              /c 
[21:13:57.83] /i gi::pressButton {ConsoleToggleButton} -in [db::getAttr statusbar -of [gi::getWindows 12]]
[21:13:58.71] /i gi::pressButton {ConsoleToggleButton} -in [db::getAttr statusbar -of [gi::getWindows 12]]
[21:13:59.78] /i gi::executeAction giCloseWindow -in [gi::getWindows 12]
[21:13:59.79] /i gi::setActiveWindow 11
[21:13:59.79] /i gi::setActiveWindow 11 -raise true
[21:14:00.08] /# gi::executeAction deFitView -in [gi::getWindows 11]
[21:14:00.08] /i de::fit -window 11 -fitView true
[21:14:00.08] /o {-10.651 -7.413} {-4.599 -3.847}
[21:14:00.65] /# gi::executeAction deSelectActive -in [gi::getWindows 11]
[21:14:00.65] /i de::deselectAllLogic -context [db::getNext [de::getContexts -window 11]]
[21:14:01.87] /# gi::executeAction deCanvasZoomInAtPoint -in [gi::getWindows 11]
[21:14:01.87] /i de::zoom -window [gi::getWindows 11] -factor 2.0 -center {-7.677 -5.88}
[21:14:01.87] /o {-9.164 -6.647} {-6.138 -4.863}
[21:14:02.08] /# gi::executeAction deCanvasZoomInAtPoint -in [gi::getWindows 11]
[21:14:02.08] /i de::zoom -window [gi::getWindows 11] -factor 2.0 -center {-7.677 -5.88}
[21:14:02.08] /o {-8.42 -6.263} {-6.908 -5.372}
[21:14:03.21] /# gi::executeAction deFitView -in [gi::getWindows 11]
[21:14:03.21] /i de::fit -window 11 -fitView true
[21:14:03.21] /o {-10.651 -7.413} {-4.599 -3.847}
[21:14:09.25] /i gi::executeAction deSaveDesign -in [gi::getWindows 11]
[21:14:09.25] /m Information: Saving design 'project_d_ff inv_store layout'. (DESIGN_WINDOW-004)
[21:14:10.72] /# gi::executeAction deCanvasZoomInAtPoint -in [gi::getWindows 11]
[21:14:10.72] /i de::zoom -window [gi::getWindows 11] -factor 2.0 -center {-7.877 -4.902}
[21:14:10.72] /o {-9.264 -6.158} {-6.238 -4.374}
[21:14:10.81] /# gi::executeAction deCanvasZoomInAtPoint -in [gi::getWindows 11]
[21:14:10.81] /i de::zoom -window [gi::getWindows 11] -factor 2.0 -center {-7.889 -5}
[21:14:10.81] /o {-8.576 -5.579} {-7.064 -4.687}
[21:14:10.97] /# gi::executeAction deCanvasZoomInAtPoint -in [gi::getWindows 11]
[21:14:10.97] /i de::zoom -window [gi::getWindows 11] -factor 2.0 -center {-7.72 -5.227}
[21:14:10.97] /o {-8.148 -5.403} {-7.392 -4.957}
[21:14:11.20] /# gi::executeAction deCanvasZoomOutAtPoint -in [gi::getWindows 11]
[21:14:11.20] /i de::zoom -window [gi::getWindows 11] -factor 0.5 -center {-7.67 -5.27}
[21:14:11.20] /o {-8.626 -5.536} {-7.114 -4.644}
[21:14:11.56] /# gi::executeAction deFitView -in [gi::getWindows 11]
[21:14:11.56] /i de::fit -window 11 -fitView true
[21:14:11.56] /o {-10.651 -7.413} {-4.599 -3.847}
[21:14:12.28] /# gi::executeAction deCanvasZoomInAtPoint -in [gi::getWindows 11]
[21:14:12.28] /i de::zoom -window [gi::getWindows 11] -factor 2.0 -center {-7.677 -5.942}
[21:14:12.28] /o {-9.164 -6.678} {-6.138 -4.894}
[21:14:12.74] /# gi::executeAction deFitView -in [gi::getWindows 11]
[21:14:12.74] /i de::fit -window 11 -fitView true
[21:14:12.74] /o {-10.651 -7.413} {-4.599 -3.847}
[21:14:14.60] /i gi::setActiveWindow 2
[21:14:14.60] /i gi::setActiveWindow 2 -raise true
[21:14:19.67] /i gi::setActiveWindow 11
[21:14:19.67] /i gi::setActiveWindow 11 -raise true
[21:14:26.76] /# gi::executeAction xtLVSRun -in [gi::getWindows 11]
[21:14:26.76] /i xt::physicalVerification::executeRun lvs 11
[21:14:26.98] /# xt::physicalVerification::executePve lvs 11
[21:14:27.67] /m Information: "Starting netlisting for design "project_d_ff/inv_store/schematic"..." (NETLISTING-010)
[21:14:27.70] /o No Design Integrity rule violations found in "project_d_ff/inv_store/schematic"
[21:14:27.73] /m Information: "Netlisting design "project_d_ff/inv_store/schematic" finished successfully." (NETLISTING-012)
[21:14:28.15] /r giWindowId 13
[21:14:28.17] /r giWindowGeometry 800x600
[21:14:30.58] /m Information: 
              /c =============================
              /c JobID: hercules_lvs_5
              /c Completed with no errors.
              /c =============================
              /c 
[21:14:33.99] /i gi::executeAction giCloseWindow -in [gi::getWindows 13]
[21:14:34.01] /i gi::setActiveWindow 11
[21:14:34.01] /i gi::setActiveWindow 11 -raise true
[21:14:36.88] /# gi::executeAction xtLPERun -in [gi::getWindows 11]
[21:14:36.88] /i xt::physicalVerification::executeRun lpe 11
[21:14:37.08] /# xt::physicalVerification::executePve lpe 11
[21:14:37.23] /r giWindowId 14
[21:14:37.25] /r giWindowGeometry 800x600
[21:14:42.41] /m Information: 
              /c =============================
              /c JobID: starrc_lpe_8
              /c Completed with no errors.
              /c =============================
              /c 
[21:14:42.66] /r giWindowId 15
[21:14:42.68] /r giWindowGeometry 1632x1020
[21:14:42.70] /i de::setActiveLPP [de::getLPPs "exclude blockage" -from [db::getAttr editDesign -of [de::getContexts -window 15]]]
[21:14:45.11] /# gi::executeAction deCanvasZoomInAtPoint -in [gi::getWindows 15]
[21:14:45.11] /i de::zoom -window [gi::getWindows 15] -factor 2.0 -center {-7.388 -4.37}
[21:14:45.11] /o {-9.019 -5.892} {-5.994 -4.108}
[21:14:45.28] /# gi::executeAction deCanvasZoomInAtPoint -in [gi::getWindows 15]
[21:14:45.28] /i de::zoom -window [gi::getWindows 15] -factor 2.0 -center {-7.388 -4.37}
[21:14:45.28] /o {-8.204 -5.131} {-6.691 -4.239}
[21:14:45.52] /# gi::executeAction deCanvasZoomInAtPoint -in [gi::getWindows 15]
[21:14:45.52] /i de::zoom -window [gi::getWindows 15] -factor 2.0 -center {-7.402 -4.405}
[21:14:45.52] /o {-7.803 -4.768} {-7.046 -4.322}
[21:14:45.92] /# gi::executeAction deFitView -in [gi::getWindows 15]
[21:14:45.92] /i de::fit -window 15 -fitView true
[21:14:45.92] /o {-10.651 -7.413} {-4.599 -3.847}
[21:14:46.77] /# gi::executeAction deCanvasZoomInAtPoint -in [gi::getWindows 15]
[21:14:46.77] /i de::zoom -window [gi::getWindows 15] -factor 2.0 -center {-7.496 -5.372}
[21:14:46.77] /o {-9.073 -6.393} {-6.048 -4.609}
[21:14:46.96] /# gi::executeAction deCanvasZoomInAtPoint -in [gi::getWindows 15]
[21:14:46.96] /i de::zoom -window [gi::getWindows 15] -factor 2.0 -center {-7.496 -5.372}
[21:14:46.96] /o {-8.285 -5.882} {-6.772 -4.991}
[21:14:47.23] /# gi::executeAction deFitView -in [gi::getWindows 15]
[21:14:47.23] /i de::fit -window 15 -fitView true
[21:14:47.23] /o {-10.651 -7.413} {-4.599 -3.847}
[21:14:49.85] /i gi::setActiveWindow 14
[21:14:49.85] /i gi::setActiveWindow 14 -raise true
[21:14:50.39] /i gi::executeAction giCloseWindow -in [gi::getWindows 14]
[21:14:50.40] /i gi::setActiveWindow 15
[21:14:50.41] /i gi::setActiveWindow 15 -raise true
[21:14:50.86] /i gi::setActiveWindow 11
[21:14:50.86] /i gi::setActiveWindow 11 -raise true
[21:16:00.20] /# gi::executeAction deCanvasZoomInAtPoint -in [gi::getWindows 11]
[21:16:00.21] /i de::zoom -window [gi::getWindows 11] -factor 2.0 -center {-7.4 -5.85}
[21:16:00.21] /o {-9.025 -6.632} {-6.0 -4.848}
[21:16:00.52] /# gi::executeAction deCanvasZoomInAtPoint -in [gi::getWindows 11]
[21:16:00.52] /i de::zoom -window [gi::getWindows 11] -factor 2.0 -center {-7.4 -5.85}
[21:16:00.52] /o {-8.213 -6.241} {-6.7 -5.349}
[21:16:01.40] /# gi::executeAction deSelectActive -in [gi::getWindows 11]
[21:16:01.40] /i de::deselectAll [db::getNext [de::getContexts -window 11]]
[21:16:01.40] /i de::select [de::getActiveFigure [gi::getWindows 11] -point {-7.437 -5.795} -index 0 -intent none]
[21:16:01.40] /o oa:0x288fc260
[21:16:01.91] /# gi::executeAction leStartStretchDrag -in [gi::getWindows 11]
[21:16:01.91] /i layout_editor::directStretch [de::getActiveFigure [gi::getWindows 11] -point {-7.435 -5.788} -index 0 -intent none] 11
[21:16:01.91] /# ile::stretch -point {-7.435 -5.79}
[21:16:02.84] /# gi::executeAction deEndDrag -in [gi::getWindows 11]
[21:16:02.84] /i de::endDrag {-7.409 -5.829} -context [db::getNext [de::getContexts -window 11]]
[21:16:03.31] /# gi::executeAction leStartStretchDrag -in [gi::getWindows 11]
[21:16:03.31] /i layout_editor::directStretch [de::getActiveFigure [gi::getWindows 11] -point {-7.432 -5.83} -index 0 -intent none] 11
[21:16:03.32] /# ile::stretch -point {-7.43 -5.83}
[21:16:04.36] /# gi::executeAction deEndDrag -in [gi::getWindows 11]
[21:16:04.36] /i de::endDrag {-7.426 -5.833} -context [db::getNext [de::getContexts -window 11]]
[21:16:05.25] /i gi::executeAction deSaveDesign -in [gi::getWindows 11]
[21:16:05.25] /m Information: Saving design 'project_d_ff inv_store layout'. (DESIGN_WINDOW-004)
[21:16:06.55] /i gi::setActiveWindow 15
[21:16:06.55] /i gi::setActiveWindow 15 -raise true
[21:16:07.40] /# gi::executeAction deCanvasZoomInAtPoint -in [gi::getWindows 15]
[21:16:07.40] /i de::zoom -window [gi::getWindows 15] -factor 2.0 -center {-7.4 -6.081}
[21:16:07.40] /o {-9.025 -6.747} {-6.0 -4.964}
[21:16:07.49] /# gi::executeAction deCanvasZoomInAtPoint -in [gi::getWindows 15]
[21:16:07.49] /i de::zoom -window [gi::getWindows 15] -factor 2.0 -center {-7.4 -6.073}
[21:16:07.49] /o {-8.213 -6.41} {-6.7 -5.518}
[21:16:09.82] /i gi::setActiveWindow 11
[21:16:09.82] /i gi::setActiveWindow 11 -raise true
[21:16:12.01] /i gi::setActiveWindow 15
[21:16:12.01] /i gi::setActiveWindow 15 -raise true
[21:16:14.47] /i gi::setActiveWindow 11
[21:16:14.47] /i gi::setActiveWindow 11 -raise true
[21:16:14.99] /# gi::executeAction deCanvasZoomOutAtPoint -in [gi::getWindows 11]
[21:16:14.99] /i de::zoom -window [gi::getWindows 11] -factor 0.5 -center {-7.623 -5.653}
[21:16:14.99] /o {-8.802 -6.829} {-5.777 -5.045}
[21:16:15.48] /# gi::executeAction deCanvasZoomOutAtPoint -in [gi::getWindows 11]
[21:16:15.48] /i de::zoom -window [gi::getWindows 11] -factor 0.5 -center {-7.629 -5.854}
[21:16:15.48] /o {-9.976 -7.803} {-3.924 -4.237}
[21:16:17.07] /i gi::setActiveWindow 15
[21:16:17.07] /i gi::setActiveWindow 15 -raise true
[21:16:18.19] /i gi::setActiveWindow 11
[21:16:18.19] /i gi::setActiveWindow 11 -raise true
[21:16:19.50] /i gi::setActiveWindow 15
[21:16:19.50] /i gi::setActiveWindow 15 -raise true
[21:16:20.26] /# gi::executeAction deCanvasZoomOutAtPoint -in [gi::getWindows 15]
[21:16:20.26] /i de::zoom -window [gi::getWindows 15] -factor 0.5 -center {-7.51 -5.804}
[21:16:20.26] /o {-8.915 -7.016} {-5.89 -5.233}
[21:16:20.68] /# gi::executeAction deCanvasZoomOutAtPoint -in [gi::getWindows 15]
[21:16:20.68] /i de::zoom -window [gi::getWindows 15] -factor 0.5 -center {-7.515 -5.477}
[21:16:20.68] /o {-10.316 -8.555} {-4.264 -4.989}
[21:16:21.62] /# gi::executeAction deFitView -in [gi::getWindows 15]
[21:16:21.62] /i de::fit -window 15 -fitView true
[21:16:21.62] /o {-10.651 -7.413} {-4.599 -3.847}
[21:16:22.32] /# gi::executeAction deCanvasZoomInAtPoint -in [gi::getWindows 15]
[21:16:22.32] /i de::zoom -window [gi::getWindows 15] -factor 2.0 -center {-7.631 -4.07}
[21:16:22.32] /o {-9.141 -5.742} {-6.115 -3.958}
[21:16:22.38] /# gi::executeAction deCanvasZoomInAtPoint -in [gi::getWindows 15]
[21:16:22.38] /i de::zoom -window [gi::getWindows 15] -factor 2.0 -center {-7.621 -4.105}
[21:16:22.38] /o {-8.381 -4.923} {-6.868 -4.032}
[21:16:23.93] /i gi::setActiveWindow 11
[21:16:23.93] /i gi::setActiveWindow 11 -raise true
[21:16:24.79] /# gi::executeAction deCanvasZoomInAtPoint -in [gi::getWindows 11]
[21:16:24.79] /i de::zoom -window [gi::getWindows 11] -factor 2.0 -center {-7.711 -4.252}
[21:16:24.79] /o {-8.843 -6.028} {-5.818 -4.244}
[21:16:24.93] /# gi::executeAction deCanvasZoomInAtPoint -in [gi::getWindows 11]
[21:16:24.93] /i de::zoom -window [gi::getWindows 11] -factor 2.0 -center {-7.657 -4.362}
[21:16:24.93] /o {-8.25 -5.195} {-6.737 -4.303}
[21:16:25.59] /# gi::executeAction deSelectActive -in [gi::getWindows 11]
[21:16:25.59] /i de::deselectAll [db::getNext [de::getContexts -window 11]]
[21:16:25.59] /i de::select [de::getActiveFigure [gi::getWindows 11] -point {-7.588 -4.443} -index 0 -intent none]
[21:16:25.60] /o oa:0x27081000
[21:16:26.27] /# gi::executeAction leStartStretchDrag -in [gi::getWindows 11]
[21:16:26.27] /i layout_editor::directStretch [de::getActiveFigure [gi::getWindows 11] -point {-7.648 -4.443} -index 0 -intent none] 11
[21:16:26.27] /# db::setPrefValue deSelectMode -value Replace -scope [db::getScopes [db::getNext [de::getContexts -window 11]]]; ide::selectByRegion -region rectangle -point {-7.65 -4.445} 
[21:16:26.85] /# gi::executeAction deEndDrag -in [gi::getWindows 11]
[21:16:26.85] /i de::endDrag {-7.623 -4.457} -context [db::getNext [de::getContexts -window 11]]
[21:16:27.32] /# gi::executeAction deFitView -in [gi::getWindows 11]
[21:16:27.32] /i de::fit -window 11 -fitView true
[21:16:27.32] /o {-10.651 -7.413} {-4.599 -3.847}
[21:16:27.97] /# gi::executeAction deSelectActive -in [gi::getWindows 11]
[21:16:27.97] /i de::deselectAllLogic -context [db::getNext [de::getContexts -window 11]]
[21:16:30.22] /# gi::executeAction deSelectActive -in [gi::getWindows 11]
[21:16:30.22] /i de::deselectAllLogic -context [db::getNext [de::getContexts -window 11]]
[21:16:30.62] /# gi::executeAction deSelectActive -in [gi::getWindows 11]
[21:16:30.62] /i de::deselectAll [db::getNext [de::getContexts -window 11]]
[21:16:30.62] /i de::select [de::getActiveFigure [gi::getWindows 11] -point {-6.833 -4.69} -index 0 -intent none]
[21:16:30.62] /o oa:0x25bbd3a0
[21:16:30.92] /# gi::executeAction deCanvasZoomInAtPoint -in [gi::getWindows 11]
[21:16:30.92] /i de::zoom -window [gi::getWindows 11] -factor 2.0 -center {-6.857 -5.11}
[21:16:30.92] /o {-8.754 -6.262} {-5.728 -4.478}
[21:16:30.96] /# gi::executeAction deCanvasZoomInAtPoint -in [gi::getWindows 11]
[21:16:30.96] /i de::zoom -window [gi::getWindows 11] -factor 2.0 -center {-6.857 -5.11}
[21:16:30.96] /o {-7.805 -5.686} {-6.293 -4.794}
[21:16:31.03] /# gi::executeAction deCanvasZoomInAtPoint -in [gi::getWindows 11]
[21:16:31.03] /i de::zoom -window [gi::getWindows 11] -factor 2.0 -center {-6.857 -5.11}
[21:16:31.03] /o {-7.331 -5.398} {-6.575 -4.952}
[21:16:31.50] /# gi::executeAction deFitView -in [gi::getWindows 11]
[21:16:31.50] /i de::fit -window 11 -fitView true
[21:16:31.50] /o {-10.651 -7.413} {-4.599 -3.847}
[21:16:32.26] /# gi::executeAction deSelectActive -in [gi::getWindows 11]
[21:16:32.26] /i de::deselectAll [db::getNext [de::getContexts -window 11]]
[21:16:32.26] /i de::select [de::getActiveFigure [gi::getWindows 11] -point {-7.4 -5.129} -index 0 -intent none]
[21:16:32.26] /o oa:0x1c502a00
[21:16:33.20] /# gi::executeAction deSelectActive -in [gi::getWindows 11]
[21:16:33.20] /i de::deselectAll [db::getNext [de::getContexts -window 11]]
[21:16:33.20] /i de::select [de::getActiveFigure [gi::getWindows 11] -point {-7.134 -4.509} -index 0 -intent none]
[21:16:33.20] /o oa:0x267685e0
[21:16:34.00] /# gi::executeAction deSelectActive -in [gi::getWindows 11]
[21:16:34.01] /i de::cycleActiveFigure [gi::getWindows 11] -direction next
[21:16:34.01] /o oa:0x265e1a70
[21:16:36.21] /i gi::executeAction giCloseWindow -in [gi::getWindows 11]
[21:16:36.38] /i gi::setActiveWindow 15
[21:16:36.38] /i gi::setActiveWindow 15 -raise true
[21:16:37.26] /i gi::executeAction giCloseWindow -in [gi::getWindows 15]
[21:16:37.29] /i gi::setActiveWindow 10
[21:16:37.29] /i gi::setActiveWindow 10 -raise true
[21:16:38.16] /i gi::executeAction giCloseWindow -in [gi::getWindows 10]
[21:16:38.18] /i gi::setActiveWindow 2
[21:16:38.18] /i gi::setActiveWindow 2 -raise true
[21:16:39.97] /i gi::setCurrentIndex {cells} -index {int_out_ds} -in [gi::getWindows 2]
[21:16:39.97] /i gi::setItemSelection {cells} -index {int_out_ds} -in [gi::getWindows 2]
[21:16:40.33] /i gi::setCurrentIndex {cells} -index {inv_out} -in [gi::getWindows 2]
[21:16:40.34] /i gi::setItemSelection {cells} -index {inv_out} -in [gi::getWindows 2]
[21:16:43.04] /i gi::setCurrentIndex {views} -index {schematic} -in [gi::getWindows 2]
[21:16:43.04] /# gi::executeAction dmShowNewCellView -in [gi::getWindows 2]
[21:16:43.04] /i dm::showNewCellView -parent 2
[21:16:43.07] /o oa:0x1f0d4ee0
[21:16:43.11] /i gi::setActiveDialog [gi::getDialogs {dmNewCellView} -parent [gi::getWindows 2]]
[21:16:43.37] /i db::setAttr geometry -of [gi::getDialogs {dmNewCellView} -parent [gi::getWindows 2]] -value 588x285+656+413
[21:16:48.34] /i gi::setField {cellViewName} -value {layout} -in [gi::getDialogs {dmNewCellView} -parent [gi::getWindows 2]]
[21:16:49.12] /i gi::pressButton {ok} -in [gi::getDialogs {dmNewCellView} -parent [gi::getWindows 2]]
[21:16:49.12] /# db::getAttr viewType -of [dm::findCellView layout -cell [dm::findCell inv\_out -lib [oa::LibFind [oa::ScalarName [oa::CdbaNS] project\_d\_ff]]]]
[21:16:49.12] /# dm::createCellView layout -cell [dm::findCell inv\_out -lib [ oa::LibFind [oa::ScalarName [oa::CdbaNS] project\_d\_ff]]] -viewType maskLayout
[21:16:49.13] /# dm::addToCellCategory [db::getNext [dm::getCellCategories -libName project\_d\_ff -filter "%name == \"INV\""]] -cell [dm::findCell inv\_out -libName project\_d\_ff]
[21:16:49.13] /# de::open [dm::findCellView layout -cell [dm::findCell inv\_out -lib [oa::LibFind [oa::ScalarName [oa::CdbaNS] project\_d\_ff]]]] -application leLayout
[21:16:49.20] /r giWindowId 16
[21:16:49.21] /r giWindowGeometry 1632x1020
[21:16:49.23] /i de::setActiveLPP [de::getLPPs "exclude blockage" -from [db::getAttr editDesign -of [de::getContexts -window 16]]]
[21:16:50.68] /i gi::setActiveWindow 2
[21:16:50.68] /i gi::setActiveWindow 2 -raise true
[21:16:51.64] /i gi::setCurrentIndex {cells} -index {inv_store} -in [gi::getWindows 2]
[21:16:51.64] /i gi::setItemSelection {cells} -index {inv_store} -in [gi::getWindows 2]
[21:16:52.60] /i gi::setCurrentIndex {views} -index {layout} -in [gi::getWindows 2]
[21:16:52.61] /i gi::setItemSelection {views} -index {layout} -in [gi::getWindows 2]
[21:16:52.75] /i gi::executeAction dmOpen -in [gi::getWindows 2]
[21:16:52.79] /r giWindowId 17
[21:16:52.80] /r giWindowGeometry 1632x1020
[21:16:52.82] /# de::setActiveLPP [de::getLPPs "exclude blockage" -from [db::getAttr editDesign -of [de::getContexts -window 17]]]
[21:16:53.96] /# gi::executeAction deSelectByWindow -in [gi::getWindows 17]
[21:16:53.96] /i db::setPrefValue deSelectMode -value Replace -scope [db::getScopes [db::getNext [de::getContexts -window 17]]]; ide::selectByRegion -region rectangle -point {-8.72 -3.945} 
[21:16:54.49] /# gi::executeAction deEndDrag -in [gi::getWindows 17]
[21:16:54.49] /i de::endDrag {-5.89 -7.44} -context [db::getNext [de::getContexts -window 17]]
[21:16:54.94] /# gi::executeAction leCopy -in [gi::getWindows 17]
[21:16:54.94] /i ile::copy
[21:16:55.26] /# gi::executeAction deAddPoint -in [gi::getWindows 17]
[21:16:55.26] /i de::addPoint {-7.434 -5.618} -context [db::getNext [de::getContexts -window 17]]
[21:16:56.21] /i gi::setActiveWindow 16 -raise true
[21:16:56.21] /i gi::setActiveWindow 16 -raise true
[21:16:57.48] /w Warning: Disabled optimizations for high-performance drags due to poor X server performance. To restore, review "Performance Tuning" in the documentation and call db::setPrefValue deEnableRuntimePixmaps -value true (RENDERER-005)
[21:16:58.13] /# gi::executeAction deCanvasZoomOutAtPoint -in [gi::getWindows 16]
[21:16:58.13] /i de::zoom -window [gi::getWindows 16] -factor 0.5 -center {0.061 0.009}
[21:16:58.13] /o {-0.846 -0.472} {0.725 0.454}
[21:16:58.15] /# gi::executeAction deCanvasZoomOutAtPoint -in [gi::getWindows 16]
[21:16:58.15] /i de::zoom -window [gi::getWindows 16] -factor 0.5 -center {0.064 0.012}
[21:16:58.15] /o {-1.757 -0.956} {1.385 0.896}
[21:16:58.18] /# gi::executeAction deCanvasZoomOutAtPoint -in [gi::getWindows 16]
[21:16:58.18] /i de::zoom -window [gi::getWindows 16] -factor 0.5 -center {0.067 0.018}
[21:16:58.18] /o {-3.581 -1.93} {2.703 1.774}
[21:16:58.47] /# gi::executeAction deFitView -in [gi::getWindows 16]
[21:16:58.47] /i de::fit -window 16 -fitView true
[21:16:58.47] /o {-0.393 -0.231} {0.393 0.232}
[21:16:59.00] /# gi::executeAction deCanvasZoomOutAtPoint -in [gi::getWindows 16]
[21:16:59.00] /i de::zoom -window [gi::getWindows 16] -factor 0.5 -center {0.188 0.117}
[21:16:59.00] /o {-0.973 -0.58} {0.598 0.346}
[21:16:59.01] /# gi::executeAction deCanvasZoomOutAtPoint -in [gi::getWindows 16]
[21:16:59.01] /i de::zoom -window [gi::getWindows 16] -factor 0.5 -center {0.189 0.114}
[21:16:59.01] /o {-2.136 -1.274} {1.006 0.578}
[21:16:59.03] /# gi::executeAction deCanvasZoomOutAtPoint -in [gi::getWindows 16]
[21:16:59.03] /i de::zoom -window [gi::getWindows 16] -factor 0.5 -center {0.188 0.114}
[21:16:59.03] /o {-4.46 -2.662} {1.824 1.042}
[21:16:59.04] /# gi::executeAction deCanvasZoomOutAtPoint -in [gi::getWindows 16]
[21:16:59.04] /i de::zoom -window [gi::getWindows 16] -factor 0.5 -center {0.188 0.114}
[21:16:59.04] /o {-9.108 -5.438} {3.46 1.97}
[21:17:00.22] /# gi::executeAction deAddPoint -in [gi::getWindows 16]
[21:17:00.22] /i de::addPoint {1.428 1.802} -context [db::getNext [de::getContexts -window 16]]
[21:17:00.42] /# gi::executeAction deFitView -in [gi::getWindows 16]
[21:17:00.42] /i de::fit -window 16 -fitView true
[21:17:00.42] /o {-1.668 0.014} {4.148 3.441}
[21:17:00.90] /# gi::executeAction deSelectActive -in [gi::getWindows 16]
[21:17:00.90] /i de::deselectAll [db::getNext [de::getContexts -window 16]]
[21:17:00.90] /i de::deselectAllLogic -context [db::getNext [de::getContexts -window 16]]
[21:17:03.27] /i gi::setField {stopLevel} -value {2} -in [gi::getToolbars {leHierarchy} -from [gi::getWindows 16]]
[21:17:03.30] /i gi::setActiveWindow 17
[21:17:03.30] /i gi::setActiveWindow 17 -raise true
[21:17:04.47] /i gi::executeAction giCloseWindow -in [gi::getWindows 17]
[21:17:04.49] /i gi::setActiveWindow 16
[21:17:04.49] /i gi::setActiveWindow 16 -raise true
[21:17:05.06] /i gi::setActiveWindow 2
[21:17:05.06] /i gi::setActiveWindow 2 -raise true
[21:17:06.17] /i gi::setCurrentIndex {views} -index {schematic} -in [gi::getWindows 2]
[21:17:06.17] /i gi::setItemSelection {views} -index {schematic} -in [gi::getWindows 2]
[21:17:06.35] /i gi::executeAction dmOpen -in [gi::getWindows 2]
[21:17:06.38] /r giWindowId 18
[21:17:06.39] /r giWindowGeometry 1632x1020
[21:17:06.60] /o "project_d_ff/inv_store/schematic" design does not need checking
[21:17:08.78] /i gi::setActiveWindow 16
[21:17:08.79] /i gi::setActiveWindow 16 -raise true
[21:17:09.92] /# gi::executeAction deSelectActive -in [gi::getWindows 16]
[21:17:09.92] /i de::deselectAll [db::getNext [de::getContexts -window 16]]
[21:17:09.92] /i de::select [de::getActiveFigure [gi::getWindows 16] -point {1.79 2.149} -index 0 -intent none]
[21:17:09.92] /o oa:0x27ba91a0
[21:17:11.82] /# gi::executeAction deSelectActive -in [gi::getWindows 16]
[21:17:11.82] /i de::deselectAll [db::getNext [de::getContexts -window 16]]
[21:17:11.82] /i de::select [de::getActiveFigure [gi::getWindows 16] -point {1.586 1.239} -index 0 -intent none]
[21:17:11.82] /o oa:0x2783ab80
[21:17:13.57] /i gi::setActiveWindow 18
[21:17:13.57] /i gi::setActiveWindow 18 -raise true
[21:17:14.02] /i gi::setActiveWindow 2
[21:17:14.02] /i gi::setActiveWindow 2 -raise true
[21:17:19.60] /i gi::executeAction giCloseWindow -in [gi::getWindows 18]
[21:17:21.76] /i gi::setCurrentIndex {cells} -index {inv_out} -in [gi::getWindows 2]
[21:17:21.77] /i gi::setItemSelection {cells} -index {inv_out} -in [gi::getWindows 2]
[21:17:22.41] /i gi::setCurrentIndex {views} -index {schematic} -in [gi::getWindows 2]
[21:17:22.41] /i gi::setItemSelection {views} -index {schematic} -in [gi::getWindows 2]
[21:17:22.56] /i gi::executeAction dmOpen -in [gi::getWindows 2]
[21:17:22.58] /r giWindowId 19
[21:17:22.59] /r giWindowGeometry 1632x1020
[21:17:22.77] /m Information: 
[21:17:22.77] /o Checking "project_d_ff/inv_out/schematic"
[21:17:22.77] /o No rule violations found in "project_d_ff/inv_out/schematic"
[21:17:22.77] /m Information: Checking process is completed: marking the design violations
[21:17:22.77] /m Information: Marking of designs is completed
[21:17:25.28] /i gi::setActiveWindow 16
[21:17:25.28] /i gi::setActiveWindow 16 -raise true
[21:17:26.57] /# gi::executeAction deSelectActive -in [gi::getWindows 16]
[21:17:26.57] /i de::deselectAll [db::getNext [de::getContexts -window 16]]
[21:17:26.57] /i de::select [de::getActiveFigure [gi::getWindows 16] -point {1.453 2.209} -index 0 -intent none]
[21:17:26.57] /o oa:0x274d06b0
[21:17:27.92] /i gi::setItemSelection {parameters} -index {w,all} -in [gi::getAssistants dePropertyEditor -from [gi::getWindows 16]]
[21:17:27.93] /i gi::setCurrentIndex {parameters} -index {w,Value} -in [gi::getAssistants dePropertyEditor -from [gi::getWindows 16]]
[21:17:29.81] /o 
              /c ************************ P **************************
[21:17:29.81] /o 
[21:17:29.81] /o WARNING 0007> "Width per Finger" 0.42 > Max value 0.9000m
[21:17:29.81] /o               Resetting "Width per Finger" to Max value
[21:17:29.81] /o 
[21:17:29.82] /i gi::setField {parameters} -value {0.42} -index {w,Value} -in [gi::getAssistants dePropertyEditor -from [gi::getWindows 16]]
[21:17:29.82] /i gi::executeAction dePropertyEditorApplyChanges -in [gi::getAssistants dePropertyEditor -from [gi::getWindows 16]]
[21:17:32.87] /i gi::setField {parameters} -value {0.42u} -index {w,Value} -in [gi::getAssistants dePropertyEditor -from [gi::getWindows 16]]
[21:17:32.87] /i gi::executeAction dePropertyEditorApplyChanges -in [gi::getAssistants dePropertyEditor -from [gi::getWindows 16]]
[21:17:34.09] /# gi::executeAction deSelectActive -in [gi::getWindows 16]
[21:17:34.09] /i de::deselectAll [db::getNext [de::getContexts -window 16]]
[21:17:34.09] /i de::select [de::getActiveFigure [gi::getWindows 16] -point {1.49 1.12} -index 0 -intent none]
[21:17:34.09] /o oa:0x26b368a0
[21:17:34.95] /i gi::setItemSelection {parameters} -index {w,all} -in [gi::getAssistants dePropertyEditor -from [gi::getWindows 16]]
[21:17:34.96] /i gi::setCurrentIndex {parameters} -index {w,Value} -in [gi::getAssistants dePropertyEditor -from [gi::getWindows 16]]
[21:17:37.65] /i gi::setField {parameters} -value {0.18u} -index {w,Value} -in [gi::getAssistants dePropertyEditor -from [gi::getWindows 16]]
[21:17:37.65] /i gi::executeAction dePropertyEditorApplyChanges -in [gi::getAssistants dePropertyEditor -from [gi::getWindows 16]]
[21:17:38.92] /# gi::executeAction deSelectActive -in [gi::getWindows 16]
[21:17:38.92] /i de::deselectAll [db::getNext [de::getContexts -window 16]]
[21:17:38.92] /i de::deselectAllLogic -context [db::getNext [de::getContexts -window 16]]
[21:17:39.31] /# gi::executeAction deSelectActive -in [gi::getWindows 16]
[21:17:39.31] /i de::deselectAllLogic -context [db::getNext [de::getContexts -window 16]]
[21:17:39.54] /# gi::executeAction deCanvasZoomInAtPoint -in [gi::getWindows 16]
[21:17:39.54] /i de::zoom -window [gi::getWindows 16] -factor 2.0 -center {1.279 1.45}
[21:17:39.54] /o {-0.194 0.732} {2.713 2.446}
[21:17:39.60] /# gi::executeAction deCanvasZoomInAtPoint -in [gi::getWindows 16]
[21:17:39.60] /i de::zoom -window [gi::getWindows 16] -factor 2.0 -center {1.266 1.455}
[21:17:39.60] /o {0.536 1.093} {1.99 1.95}
[21:17:39.68] /# gi::executeAction deCanvasZoomInAtPoint -in [gi::getWindows 16]
[21:17:39.68] /i de::zoom -window [gi::getWindows 16] -factor 2.0 -center {1.266 1.455}
[21:17:39.68] /o {0.901 1.274} {1.628 1.703}
[21:17:40.12] /# gi::executeAction deSelectActive -in [gi::getWindows 16]
[21:17:40.12] /i de::deselectAll [db::getNext [de::getContexts -window 16]]
[21:17:40.12] /i de::select [de::getActiveFigure [gi::getWindows 16] -point {1.191 1.521} -index 0 -intent none]
[21:17:40.12] /o oa:0x288ee850
[21:17:41.30] /# gi::executeAction deCanvasZoomOutAtPoint -in [gi::getWindows 16]
[21:17:41.30] /i de::zoom -window [gi::getWindows 16] -factor 0.5 -center {1.191 1.521}
[21:17:41.31] /o {0.611 1.027} {2.065 1.884}
[21:17:42.02] /# gi::executeAction leStartStretchDrag -in [gi::getWindows 16]
[21:17:42.02] /i layout_editor::directStretch [de::getActiveFigure [gi::getWindows 16] -point {1.191 1.521} -index 0 -intent none] 16
[21:17:42.02] /# ile::stretch -point {1.19 1.52}
[21:17:42.73] /# gi::executeAction deEndDrag -in [gi::getWindows 16]
[21:17:42.73] /i de::endDrag {1.334 1.514} -context [db::getNext [de::getContexts -window 16]]
[21:17:43.19] /# gi::executeAction deSelectActive -in [gi::getWindows 16]
[21:17:43.19] /i de::deselectAll [db::getNext [de::getContexts -window 16]]
[21:17:43.19] /i de::select [de::getActiveFigure [gi::getWindows 16] -point {1.173 1.437} -index 0 -intent none]
[21:17:43.19] /o oa:0x26a6e080
[21:17:44.03] /# gi::executeAction deSelectActive -in [gi::getWindows 16]
[21:17:44.03] /i de::deselectAll [db::getNext [de::getContexts -window 16]]
[21:17:44.03] /i de::select [de::getActiveFigure [gi::getWindows 16] -point {1.336 1.562} -index 0 -intent none]
[21:17:44.03] /o oa:0x268e9a80
[21:17:44.41] /# gi::executeAction leStartStretchDrag -in [gi::getWindows 16]
[21:17:44.42] /i layout_editor::directStretch [de::getActiveFigure [gi::getWindows 16] -point {1.336 1.561} -index 0 -intent none] 16
[21:17:44.42] /# ile::stretch -point {1.335 1.56}
[21:17:46.77] /# gi::executeAction deEndDrag -in [gi::getWindows 16]
[21:17:46.77] /i de::endDrag {1.191 1.551} -context [db::getNext [de::getContexts -window 16]]
[21:17:47.01] /# gi::executeAction deFitView -in [gi::getWindows 16]
[21:17:47.01] /i de::fit -window 16 -fitView true
[21:17:47.01] /o {-1.668 0.014} {4.148 3.441}
[21:17:47.41] /# gi::executeAction deSelectActive -in [gi::getWindows 16]
[21:17:47.41] /i de::deselectAll [db::getNext [de::getContexts -window 16]]
[21:17:47.42] /i de::deselectAllLogic -context [db::getNext [de::getContexts -window 16]]
[21:17:47.97] /# gi::executeAction deCanvasZoomInAtPoint -in [gi::getWindows 16]
[21:17:47.97] /i de::zoom -window [gi::getWindows 16] -factor 2.0 -center {1.368 2.509}
[21:17:47.97] /o {-0.15 1.261} {2.758 2.975}
[21:17:48.90] /# gi::executeAction deCanvasZoomOutAtPoint -in [gi::getWindows 16]
[21:17:48.90] /i de::zoom -window [gi::getWindows 16] -factor 0.5 -center {1.366 2.509}
[21:17:48.90] /o {-1.666 0.014} {4.15 3.441}
[21:17:50.31] /# gi::executeAction xtDRCRun -in [gi::getWindows 16]
[21:17:50.31] /i xt::physicalVerification::executeRun drc 16
[21:17:50.47] /# xt::physicalVerification::executePve drc 16
[21:17:50.49] /e Error: xtDRCHerculesRunsetFile: preference value is empty in '/home/itsupport/Desktop/lab1vlsi/synopsys_custom/inv_out.hercules.drc_pve' scope.
[21:17:50.92] /i gi::setActiveDialog [gi::getDialogs {xtDRCSetup} -parent [gi::getWindows 16]]
[21:17:51.20] /i db::setAttr geometry -of [gi::getDialogs {xtDRCSetup} -parent [gi::getWindows 16]] -value 475x427+865+447
[21:17:52.53] /i gi::pressButton {/tabGroup/mainTab/runDir/browseButton} -in [gi::getDialogs {xtDRCSetup} -parent [gi::getWindows 16]]
[21:17:53.54] /r giFileDialog reject synopsys_custom/inv_out.hercules.drc
[21:17:55.01] /i gi::pressButton {/tabGroup/mainTab/runDir/browseButton} -in [gi::getDialogs {xtDRCSetup} -parent [gi::getWindows 16]]
[21:17:57.43] /r giFileDialog accept .
[21:17:58.40] /i gi::pressButton {/tabGroup/mainTab/jobParametersGroup/runsetFile/browseButton} -in [gi::getDialogs {xtDRCSetup} -parent [gi::getWindows 16]]
[21:18:01.77] /r giFileDialog accept PDK/hercules/drc/reference_drc.ev
[21:18:02.45] /i gi::setActiveTab {/tabGroup} -tabName {/tabGroup/controlVariablesTab} -in [gi::getDialogs {xtDRCSetup} -parent [gi::getWindows 16]]
[21:18:02.66] /i gi::setActiveTab {/tabGroup} -tabName {/tabGroup/customOptionsTab} -in [gi::getDialogs {xtDRCSetup} -parent [gi::getWindows 16]]
[21:18:04.23] /i gi::setField {/tabGroup/customOptionsTab/layerMapFile/entryField} -value {/remote/dept-seg-cae2/FTK/agarwals/PERFORCE/IPL/reference/90nm/techfiles/reference90RF_layer.map} -in [gi::getDialogs {xtDRCSetup} -parent [gi::getWindows 16]]
[21:18:05.10] /i gi::pressButton {/tabGroup/customOptionsTab/layerMapFile/browseButton} -in [gi::getDialogs {xtDRCSetup} -parent [gi::getWindows 16]]
[21:18:12.20] /r giFileDialog accept PDK/techfiles/reference90RF_layer.map
[21:18:12.75] /i gi::pressButton {/apply} -in [gi::getDialogs {xtDRCSetup} -parent [gi::getWindows 16]]
[21:18:13.22] /r giDialog gi::setActiveDialog [gi::getDialogs {xtShowDesignsPrompt}]
[21:18:13.22] /r giDialog gi::setCurrentIndex {target} -index {0,0} -in [gi::getDialogs {xtShowDesignsPrompt}]
[21:18:13.49] /r giDialog db::setAttr geometry -of [gi::getDialogs {xtShowDesignsPrompt}] -value 649x290+626+410
[21:18:14.17] /r giDialog gi::pressButton {ok} -in [gi::getDialogs {xtShowDesignsPrompt}]
[21:18:14.21] /# xt::physicalVerification::executePve drc 16
[21:18:14.57] /# gi::setActiveDialog [gi::getDialogs {xtDRCSetup} -parent [gi::getWindows 16]]
[21:18:15.12] /r giWindowId 20
[21:18:15.14] /r giWindowGeometry 800x600
[21:18:16.50] /m Information: 
              /c =============================
              /c JobID: hercules_drc_7
              /c Completed with no errors.
              /c =============================
              /c 
[21:18:17.84] /i gi::closeWindows [gi::getDialogs {xtDRCSetup} -parent [gi::getWindows 16]]
[21:18:19.03] /i gi::executeAction giCloseWindow -in [gi::getWindows 20]
[21:18:19.05] /i gi::setActiveWindow 16
[21:18:19.05] /i gi::setActiveWindow 16 -raise true
[21:18:20.31] /# gi::executeAction deFitView -in [gi::getWindows 16]
[21:18:20.31] /i de::fit -window 16 -fitView true
[21:18:20.31] /o {-1.668 0.014} {4.148 3.441}
[21:18:20.75] /# gi::executeAction deSelectActive -in [gi::getWindows 16]
[21:18:20.75] /i de::deselectAllLogic -context [db::getNext [de::getContexts -window 16]]
[21:18:21.25] /# gi::executeAction deFitView -in [gi::getWindows 16]
[21:18:21.25] /i de::fit -window 16 -fitView true
[21:18:21.25] /o {-1.668 0.014} {4.148 3.441}
[21:18:21.91] /# gi::executeAction deSelectByWindow -in [gi::getWindows 16]
[21:18:21.91] /i db::setPrefValue deSelectMode -value Replace -scope [db::getScopes [db::getNext [de::getContexts -window 16]]]; ide::selectByRegion -region rectangle -point {0.425 3.325} 
[21:18:23.11] /# gi::executeAction deEndDrag -in [gi::getWindows 16]
[21:18:23.11] /i de::endDrag {2.097 2.52} -context [db::getNext [de::getContexts -window 16]]
[21:18:24.14] /# gi::executeAction leStartStretchDrag -in [gi::getWindows 16]
[21:18:24.14] /i layout_editor::directStretch [de::getActiveFigure [gi::getWindows 16] -point {1.73 2.794} -index 0 -intent none] 16
[21:18:24.14] /# ile::stretch -point {1.73 2.795}
[21:18:27.95] /# gi::executeAction deEndDrag -in [gi::getWindows 16]
[21:18:27.95] /i de::endDrag {1.756 2.882} -context [db::getNext [de::getContexts -window 16]]
[21:18:28.22] /# gi::executeAction deSelectActive -in [gi::getWindows 16]
[21:18:28.22] /i de::deselectAll [db::getNext [de::getContexts -window 16]]
[21:18:28.22] /i de::deselectAllLogic -context [db::getNext [de::getContexts -window 16]]
[21:18:28.35] /# gi::executeAction deFitView -in [gi::getWindows 16]
[21:18:28.35] /i de::fit -window 16 -fitView true
[21:18:28.36] /o {-1.748 0.009} {4.228 3.531}
[21:18:28.96] /# gi::executeAction deSelectActive -in [gi::getWindows 16]
[21:18:28.96] /i de::deselectAllLogic -context [db::getNext [de::getContexts -window 16]]
[21:18:30.56] /i gi::executeAction deSaveDesign -in [gi::getWindows 16]
[21:18:30.56] /m Information: Saving design 'project_d_ff inv_out layout'. (DESIGN_WINDOW-004)
[21:18:31.55] /# gi::executeAction xtDRCRun -in [gi::getWindows 16]
[21:18:31.55] /i xt::physicalVerification::executeRun drc 16
[21:18:31.63] /# xt::physicalVerification::executePve drc 16
[21:18:32.51] /r giWindowId 21
[21:18:32.53] /r giWindowGeometry 800x600
[21:18:33.41] /m Information: 
              /c =============================
              /c JobID: hercules_drc_8
              /c Completed with no errors.
              /c =============================
              /c 
[21:18:34.58] /i gi::executeAction giCloseWindow -in [gi::getWindows 21]
[21:18:34.60] /i gi::setActiveWindow 16
[21:18:34.60] /i gi::setActiveWindow 16 -raise true
[21:18:35.57] /# gi::executeAction deFitView -in [gi::getWindows 16]
[21:18:35.57] /i de::fit -window 16 -fitView true
[21:18:35.57] /o {-1.748 0.009} {4.228 3.531}
[21:18:36.18] /# gi::executeAction deSelectByWindow -in [gi::getWindows 16]
[21:18:36.18] /i db::setPrefValue deSelectMode -value Replace -scope [db::getScopes [db::getNext [de::getContexts -window 16]]]; ide::selectByRegion -region rectangle -point {1.72 0.06} 
[21:18:36.87] /# gi::executeAction deEndDrag -in [gi::getWindows 16]
[21:18:36.87] /i de::endDrag {0.363 0.96} -context [db::getNext [de::getContexts -window 16]]
[21:18:37.14] /# gi::executeAction deCanvasZoomInAtPoint -in [gi::getWindows 16]
[21:18:37.14] /i de::zoom -window [gi::getWindows 16] -factor 2.0 -center {0.572 0.937}
[21:18:37.14] /o {-0.588 0.473} {2.4 2.234}
[21:18:38.16] /# gi::executeAction deFitView -in [gi::getWindows 16]
[21:18:38.16] /i de::fit -window 16 -fitView true
[21:18:38.16] /o {-1.748 0.009} {4.228 3.531}
[21:18:38.47] /# gi::executeAction deSelectActive -in [gi::getWindows 16]
[21:18:38.47] /i de::deselectAll [db::getNext [de::getContexts -window 16]]
[21:18:38.47] /i de::deselectAllLogic -context [db::getNext [de::getContexts -window 16]]
[21:18:40.22] /# gi::executeAction deCanvasZoomInAtPoint -in [gi::getWindows 16]
[21:18:40.22] /i de::zoom -window [gi::getWindows 16] -factor 2.0 -center {1.116 0.838}
[21:18:40.22] /o {-0.316 0.423} {2.672 2.185}
[21:18:40.65] /# gi::executeAction deCanvasZoomInAtPoint -in [gi::getWindows 16]
[21:18:40.65] /i de::zoom -window [gi::getWindows 16] -factor 2.0 -center {1.116 0.838}
[21:18:40.65] /o {0.4 0.631} {1.894 1.511}
[21:18:40.96] /# gi::executeAction deFitView -in [gi::getWindows 16]
[21:18:40.96] /i de::fit -window 16 -fitView true
[21:18:40.96] /o {-1.748 0.009} {4.228 3.531}
[21:18:42.61] /# gi::executeAction xtLVSRun -in [gi::getWindows 16]
[21:18:42.61] /i xt::physicalVerification::executeRun lvs 16
[21:18:42.76] /# xt::physicalVerification::executePve lvs 16
[21:18:42.77] /e Error: xtLVSHerculesRunsetFile: preference value is empty in '/home/itsupport/Desktop/lab1vlsi/synopsys_custom/inv_out.hercules.lvs_pve' scope.
[21:18:43.10] /i gi::setActiveDialog [gi::getDialogs {xtLVSSetup} -parent [gi::getWindows 16]]
[21:18:43.39] /i db::setAttr geometry -of [gi::getDialogs {xtLVSSetup} -parent [gi::getWindows 16]] -value 704x454+787+419
[21:18:48.84] /i gi::pressButton {/tabGroup/mainTab/jobParametersGroup/runsetFile/browseButton} -in [gi::getDialogs {xtLVSSetup} -parent [gi::getWindows 16]]
[21:18:53.38] /r giFileDialog accept PDK/hercules/lvs/reference_lvs.ev
[21:18:53.85] /i gi::setCurrentIndex {/tabGroup/controlVariablesTab/controlVariablesTable} -index {0,0} -in [gi::getDialogs {xtLVSSetup} -parent [gi::getWindows 16]]
[21:18:53.85] /i gi::setActiveTab {/tabGroup} -tabName {/tabGroup/controlVariablesTab} -in [gi::getDialogs {xtLVSSetup} -parent [gi::getWindows 16]]
[21:18:54.55] /i gi::setActiveTab {/tabGroup} -tabName {/tabGroup/netlistingOptionsTab} -in [gi::getDialogs {xtLVSSetup} -parent [gi::getWindows 16]]
[21:18:56.50] /i gi::setField {/tabGroup/netlistingOptionsTab/schematicOutputNetlist/entryField} -value {/home/itsupport/Desktop/lab1vlsi/synopsys_custom/inv_out.hercules.lvs/inv_out.custom_compiler.sp} -in [gi::getDialogs {xtLVSSetup} -parent [gi::getWindows 16]]
[21:18:57.63] /i gi::pressButton {/apply} -in [gi::getDialogs {xtLVSSetup} -parent [gi::getWindows 16]]
[21:18:58.04] /# xt::physicalVerification::executePve lvs 16
[21:18:58.71] /m Information: "Starting netlisting for design "project_d_ff/inv_out/schematic"..." (NETLISTING-010)
[21:18:58.72] /m Information: 
[21:18:58.72] /o Checking "project_d_ff/inv_out/schematic"
[21:18:58.72] /o No rule violations found in "project_d_ff/inv_out/schematic"
[21:18:58.72] /o No Design Integrity rule violations found in "project_d_ff/inv_out/schematic"
[21:18:58.73] /m Information: "Netlisting design "project_d_ff/inv_out/schematic" finished successfully." (NETLISTING-012)
[21:18:58.91] /r giWindowId 22
[21:18:58.92] /r giWindowGeometry 800x600
[21:19:00.90] /m Information: 
              /c =============================
              /c JobID: hercules_lvs_6
              /c Completed with no errors.
              /c =============================
              /c 
[21:19:02.14] /i gi::closeWindows [gi::getDialogs {xtLVSSetup} -parent [gi::getWindows 16]]
[21:19:03.05] /i gi::executeAction giCloseWindow -in [gi::getWindows 22]
[21:19:03.07] /i gi::setActiveWindow 16
[21:19:03.07] /i gi::setActiveWindow 16 -raise true
[21:19:05.37] /# gi::executeAction leBoundary -in [gi::getWindows 16]
[21:19:05.37] /i ile::createBoundary
[21:19:07.50] /i gi::pressButton {autoCreate} -in [gi::getToolbars {deCommandOptions} -from [gi::getWindows 16]]
[21:19:10.08] /# gi::executeAction xtLPESetup -in [gi::getWindows 16]
[21:19:10.08] /i xt::showLPESetup -job lpe -window 16
[21:19:10.49] /o oa:0x266d0810
[21:19:10.56] /i gi::setActiveDialog [gi::getDialogs {xtLPESetup} -parent [gi::getWindows 16]]
[21:19:10.82] /i db::setAttr geometry -of [gi::getDialogs {xtLPESetup} -parent [gi::getWindows 16]] -value 487x659+830+226
[21:19:11.68] /i gi::pressButton {/tabGroup/mainTab/runDir/browseButton} -in [gi::getDialogs {xtLPESetup} -parent [gi::getWindows 16]]
[21:19:16.07] /r giFileDialog accept .
[21:19:17.32] /i gi::pressButton {/tabGroup/mainTab/jobParametersGroup/runsetFile/browseButton} -in [gi::getDialogs {xtLPESetup} -parent [gi::getWindows 16]]
[21:19:20.98] /r giFileDialog accept PDK/starrc/star_herc_cmd
[21:19:21.70] /i gi::setActiveTab {/tabGroup} -tabName {/tabGroup/extractionOptionsTab} -in [gi::getDialogs {xtLPESetup} -parent [gi::getWindows 16]]
[21:19:22.85] /i gi::setField {/tabGroup/extractionOptionsTab/layoutExtractionGroup/milkywayDatabase/entryField} -value {../testcell.hercules.lvs/EXTRACT_VIEW} -in [gi::getDialogs {xtLPESetup} -parent [gi::getWindows 16]]
[21:19:22.94] /i gi::pressButton {/tabGroup/extractionOptionsTab/layoutExtractionGroup/milkywayDatabase/browseButton} -in [gi::getDialogs {xtLPESetup} -parent [gi::getWindows 16]]
[21:19:25.17] /r giFileDialog accept EXTRACT_VIEW
[21:19:25.94] /i gi::pressButton {/ok} -in [gi::getDialogs {xtLPESetup} -parent [gi::getWindows 16]]
[21:19:26.41] /r giDialog gi::setActiveDialog [gi::getDialogs {xtShowDesignsPrompt}]
[21:19:26.41] /r giDialog gi::setCurrentIndex {target} -index {0,0} -in [gi::getDialogs {xtShowDesignsPrompt}]
[21:19:26.67] /r giDialog db::setAttr geometry -of [gi::getDialogs {xtShowDesignsPrompt}] -value 649x290+626+410
[21:19:27.34] /r giDialog gi::pressButton {ok} -in [gi::getDialogs {xtShowDesignsPrompt}]
[21:19:27.38] /# xt::physicalVerification::executePve lpe 16
[21:19:27.41] /w Warning: Failed to copy '/home/itsupport/Desktop/lab1vlsi/synopsys_custom/.lib_12225_7f0100.defs' to '/home/itsupport/Desktop/lab1vlsi/lib.defs': copy would overwrite top library definitions file.
[21:19:27.61] /r giWindowId 23
[21:19:27.63] /r giWindowGeometry 800x600
[21:19:28.00] /i gi::setActiveTab {tabs} -tabName {stdout.lpe.log} -in [gi::getWindows 23]
[21:19:28.00] /i gi::setActiveTab {tabs} -tabName {stdout.lpe.log} -in [gi::getWindows 23]
[21:19:28.00] /i gi::setActiveTab {tabs} -tabName {stdout.lpe.log} -in [gi::getWindows 23]
[21:19:28.00] /i gi::setActiveTab {tabs} -tabName {stdout.lpe.log} -in [gi::getWindows 23]
[21:19:28.02] /e Error: The job 'starrc_lpe_9' started on host 'localhost' with process id 16369 failed to start or complete successfully; the job's return code is 255.
[21:19:29.57] /i gi::executeAction giCloseWindow -in [gi::getWindows 23]
[21:19:29.61] /i gi::setActiveWindow 16
[21:19:29.61] /i gi::setActiveWindow 16 -raise true
[21:19:31.49] /i gi::executeAction giCloseWindow -in [gi::getWindows 9]
[21:19:31.96] /i gi::executeAction giCloseWindow -in [gi::getWindows 8]
[21:19:33.33] /# gi::executeAction xtLPERun -in [gi::getWindows 16]
[21:19:33.33] /i xt::physicalVerification::executeRun lpe 16
[21:19:33.43] /# xt::physicalVerification::executePve lpe 16
[21:19:33.47] /w Warning: Failed to copy '/home/itsupport/Desktop/lab1vlsi/synopsys_custom/.lib_12225_7f0100.defs' to '/home/itsupport/Desktop/lab1vlsi/lib.defs': copy would overwrite top library definitions file.
[21:19:33.61] /r giWindowId 24
[21:19:33.62] /r giWindowGeometry 800x600
[21:19:34.01] /i gi::setActiveTab {tabs} -tabName {stdout.lpe.log} -in [gi::getWindows 24]
[21:19:34.01] /i gi::setActiveTab {tabs} -tabName {stdout.lpe.log} -in [gi::getWindows 24]
[21:19:34.01] /i gi::setActiveTab {tabs} -tabName {stdout.lpe.log} -in [gi::getWindows 24]
[21:19:34.01] /i gi::setActiveTab {tabs} -tabName {stdout.lpe.log} -in [gi::getWindows 24]
[21:19:34.02] /e Error: The job 'starrc_lpe_10' started on host 'localhost' with process id 16471 failed to start or complete successfully; the job's return code is 255.
[21:19:35.47] /i gi::executeAction giCloseWindow -in [gi::getWindows 24]
[21:19:35.48] /i gi::setActiveWindow 16
[21:19:35.48] /i gi::setActiveWindow 16 -raise true
[21:19:37.55] /# gi::executeAction xtLPESetup -in [gi::getWindows 16]
[21:19:37.55] /i xt::showLPESetup -job lpe -window 16
[21:19:38.08] /o oa:0x2790d1e0
[21:19:38.14] /i gi::setActiveDialog [gi::getDialogs {xtLPESetup} -parent [gi::getWindows 16]]
[21:19:38.40] /i db::setAttr geometry -of [gi::getDialogs {xtLPESetup} -parent [gi::getWindows 16]] -value 487x659+830+189
[21:19:40.28] /i gi::setActiveTab {/tabGroup} -tabName {/tabGroup/extractionOptionsTab} -in [gi::getDialogs {xtLPESetup} -parent [gi::getWindows 16]]
[21:19:41.69] /i gi::setActiveTab {/tabGroup} -tabName {/tabGroup/outputOptionsTab} -in [gi::getDialogs {xtLPESetup} -parent [gi::getWindows 16]]
[21:19:47.65] /i gi::setActiveTab {/tabGroup} -tabName {/tabGroup/extractionOptionsTab} -in [gi::getDialogs {xtLPESetup} -parent [gi::getWindows 16]]
[21:19:54.64] /i gi::setActiveTab {/tabGroup} -tabName {/tabGroup/mainTab} -in [gi::getDialogs {xtLPESetup} -parent [gi::getWindows 16]]
[21:19:57.48] /i gi::pressButton {/tabGroup/mainTab/runDir/browseButton} -in [gi::getDialogs {xtLPESetup} -parent [gi::getWindows 16]]
[21:19:58.96] /r giFileDialog accept .
[21:19:59.69] /i gi::pressButton {/apply} -in [gi::getDialogs {xtLPESetup} -parent [gi::getWindows 16]]
[21:20:00.11] /# xt::physicalVerification::executePve lpe 16
[21:20:00.13] /w Warning: Failed to copy '/home/itsupport/Desktop/lab1vlsi/synopsys_custom/.lib_12225_7f0100.defs' to '/home/itsupport/Desktop/lab1vlsi/lib.defs': copy would overwrite top library definitions file.
[21:20:00.24] /r giWindowId 25
[21:20:00.25] /r giWindowGeometry 800x600
[21:20:00.52] /i gi::setActiveTab {tabs} -tabName {stdout.lpe.log} -in [gi::getWindows 25]
[21:20:00.52] /i gi::setActiveTab {tabs} -tabName {stdout.lpe.log} -in [gi::getWindows 25]
[21:20:00.52] /i gi::setActiveTab {tabs} -tabName {stdout.lpe.log} -in [gi::getWindows 25]
[21:20:00.52] /i gi::setActiveTab {tabs} -tabName {stdout.lpe.log} -in [gi::getWindows 25]
[21:20:00.53] /e Error: The job 'starrc_lpe_11' started on host 'localhost' with process id 16567 failed to start or complete successfully; the job's return code is 255.
[21:20:01.84] /i gi::closeWindows [gi::getDialogs {xtLPESetup} -parent [gi::getWindows 16]]
[21:20:02.46] /i gi::executeAction giCloseWindow -in [gi::getWindows 25]
[21:20:02.46] /i gi::setActiveWindow 16
[21:20:02.47] /i gi::setActiveWindow 16 -raise true
[21:20:04.18] /# gi::executeAction xtLVSSetup -in [gi::getWindows 16]
[21:20:04.18] /i xt::showLVSSetup -job lvs -window 16
[21:20:04.77] /# gi::setActiveDialog [gi::getDialogs {xtLVSSetup} -parent [gi::getWindows 16]]
[21:20:04.93] /o oa:0x25532390
[21:20:04.98] /i db::setAttr geometry -of [gi::getDialogs {xtLVSSetup} -parent [gi::getWindows 16]] -value 704x454+787+382
[21:20:06.20] /i gi::pressButton {/tabGroup/mainTab/runDir/browseButton} -in [gi::getDialogs {xtLVSSetup} -parent [gi::getWindows 16]]
[21:20:08.71] /r giFileDialog accept .
[21:20:10.79] /i gi::setActiveTab {/tabGroup} -tabName {/tabGroup/netlistingOptionsTab} -in [gi::getDialogs {xtLVSSetup} -parent [gi::getWindows 16]]
[21:20:13.27] /i gi::pressButton {/tabGroup/netlistingOptionsTab/schematicOutputNetlist/browseButton} -in [gi::getDialogs {xtLVSSetup} -parent [gi::getWindows 16]]
[21:20:21.81] /r giFileDialog accept PDK/techfiles/reference90RF_layer.map
[21:20:22.49] /i gi::closeWindows [gi::getDialogs {xtLVSSetup} -parent [gi::getWindows 16]]
[21:20:24.87] /# gi::executeAction xtLVSSetup -in [gi::getWindows 16]
[21:20:24.87] /i xt::showLVSSetup -job lvs -window 16
[21:20:25.46] /# gi::setActiveDialog [gi::getDialogs {xtLVSSetup} -parent [gi::getWindows 16]]
[21:20:25.62] /o oa:0x26335610
[21:20:25.64] /i db::setAttr geometry -of [gi::getDialogs {xtLVSSetup} -parent [gi::getWindows 16]] -value 704x454+787+345
[21:20:26.86] /i gi::pressButton {/tabGroup/mainTab/runDir/browseButton} -in [gi::getDialogs {xtLVSSetup} -parent [gi::getWindows 16]]
[21:20:29.62] /r giFileDialog accept .
[21:20:31.58] /i gi::setActiveTab {/tabGroup} -tabName {/tabGroup/netlistingOptionsTab} -in [gi::getDialogs {xtLVSSetup} -parent [gi::getWindows 16]]
[21:20:33.47] /i gi::setCurrentIndex {/tabGroup/controlVariablesTab/controlVariablesTable} -index {0,0} -in [gi::getDialogs {xtLVSSetup} -parent [gi::getWindows 16]]
[21:20:33.47] /i gi::setActiveTab {/tabGroup} -tabName {/tabGroup/controlVariablesTab} -in [gi::getDialogs {xtLVSSetup} -parent [gi::getWindows 16]]
[21:20:33.86] /i gi::setActiveTab {/tabGroup} -tabName {/tabGroup/customOptionsTab} -in [gi::getDialogs {xtLVSSetup} -parent [gi::getWindows 16]]
[21:20:35.78] /i gi::pressButton {/apply} -in [gi::getDialogs {xtLVSSetup} -parent [gi::getWindows 16]]
[21:20:36.13] /# xt::physicalVerification::executePve lvs 16
[21:20:36.80] /m Information: "Starting netlisting for design "project_d_ff/inv_out/schematic"..." (NETLISTING-010)
[21:20:36.80] /m Information: 
[21:20:36.80] /o Checking "project_d_ff/inv_out/schematic"
[21:20:36.80] /o No rule violations found in "project_d_ff/inv_out/schematic"
[21:20:36.80] /o No Design Integrity rule violations found in "project_d_ff/inv_out/schematic"
[21:20:36.82] /m Information: "Netlisting design "project_d_ff/inv_out/schematic" finished successfully." (NETLISTING-012)
[21:20:36.90] /r giWindowId 26
[21:20:36.91] /r giWindowGeometry 800x600
[21:20:39.11] /m Information: 
              /c =============================
              /c JobID: hercules_lvs_7
              /c Completed with no errors.
              /c =============================
              /c 
[21:20:41.61] /i gi::pressButton {/ok} -in [gi::getDialogs {xtLVSSetup} -parent [gi::getWindows 16]]
[21:20:42.00] /# xt::physicalVerification::executePve lvs 16
[21:20:42.79] /m Information: "Starting netlisting for design "project_d_ff/inv_out/schematic"..." (NETLISTING-010)
[21:20:42.80] /m Information: 
[21:20:42.80] /o Checking "project_d_ff/inv_out/schematic"
[21:20:42.80] /o No rule violations found in "project_d_ff/inv_out/schematic"
[21:20:42.80] /o No Design Integrity rule violations found in "project_d_ff/inv_out/schematic"
[21:20:42.81] /m Information: "Netlisting design "project_d_ff/inv_out/schematic" finished successfully." (NETLISTING-012)
[21:20:43.01] /i gi::setActiveTab {tabs} -tabName {stdout.lvs.log} -in [gi::getWindows 26]
[21:20:43.01] /i gi::setActiveTab {tabs} -tabName {stdout.lvs.log} -in [gi::getWindows 26]
[21:20:43.01] /i gi::setActiveTab {tabs} -tabName {stdout.lvs.log} -in [gi::getWindows 26]
[21:20:43.01] /i gi::setActiveTab {tabs} -tabName {stdout.lvs.log} -in [gi::getWindows 26]
[21:20:43.01] /i gi::setActiveTab {tabs} -tabName {stdout.lvs.log} -in [gi::getWindows 26]
[21:20:43.01] /i gi::setActiveTab {tabs} -tabName {stdout.lvs.log} -in [gi::getWindows 26]
[21:20:43.01] /i gi::setActiveTab {tabs} -tabName {stdout.lvs.log} -in [gi::getWindows 26]
[21:20:43.01] /i gi::setActiveTab {tabs} -tabName {stdout.lvs.log} -in [gi::getWindows 26]
[21:20:45.01] /m Information: 
              /c =============================
              /c JobID: hercules_lvs_8
              /c Completed with no errors.
              /c =============================
              /c 
[21:20:45.07] /i gi::setActiveWindow 16
[21:20:45.07] /i gi::setActiveWindow 16 -raise true
[21:20:46.70] /# gi::executeAction xtPVEOptions -in [gi::getWindows 16]
[21:20:46.70] /i xt::showPveOptions
[21:20:46.71] /o oa:0x23c66f00
[21:20:46.76] /i gi::setActiveDialog [gi::getDialogs {xtShowPveOptions}]
[21:20:47.03] /i db::setAttr geometry -of [gi::getDialogs {xtShowPveOptions}] -value 445x116+868+509
[21:20:48.45] /i gi::closeWindows [gi::getDialogs {xtShowPveOptions}]
[21:20:49.42] /i gi::executeAction giCloseWindow -in [gi::getWindows 26]
[21:20:51.78] /# gi::executeAction xtLPESetup -in [gi::getWindows 16]
[21:20:51.78] /i xt::showLPESetup -job lpe -window 16
[21:20:52.25] /o oa:0x266cc430
[21:20:52.31] /i gi::setActiveDialog [gi::getDialogs {xtLPESetup} -parent [gi::getWindows 16]]
[21:20:52.59] /i db::setAttr geometry -of [gi::getDialogs {xtLPESetup} -parent [gi::getWindows 16]] -value 487x659+830+152
[21:20:54.87] /i gi::setActiveTab {/tabGroup} -tabName {/tabGroup/extractionOptionsTab} -in [gi::getDialogs {xtLPESetup} -parent [gi::getWindows 16]]
[21:20:56.22] /i gi::pressButton {/ok} -in [gi::getDialogs {xtLPESetup} -parent [gi::getWindows 16]]
[21:20:56.22] /e Error: The requested action could not be completed because one or more inputs are incomplete or invalid. (CUSTOM_WIDGETS-001)
[21:20:57.62] /i gi::setField {/tabGroup/extractionOptionsTab/layoutExtractionGroup/milkywayDatabase/entryField} -value {../testcell.hercules.lvs/EXTRACT_VIEW} -in [gi::getDialogs {xtLPESetup} -parent [gi::getWindows 16]]
[21:20:57.69] /i gi::pressButton {/ok} -in [gi::getDialogs {xtLPESetup} -parent [gi::getWindows 16]]
[21:20:57.69] /e Error: The requested action could not be completed because one or more inputs are incomplete or invalid. (CUSTOM_WIDGETS-001)
[21:20:58.87] /i gi::pressButton {/tabGroup/extractionOptionsTab/layoutExtractionGroup/milkywayDatabase/browseButton} -in [gi::getDialogs {xtLPESetup} -parent [gi::getWindows 16]]
[21:21:01.76] /r giFileDialog accept EXTRACT_VIEW
[21:21:02.87] /i gi::pressButton {/ok} -in [gi::getDialogs {xtLPESetup} -parent [gi::getWindows 16]]
[21:21:03.19] /# xt::physicalVerification::executePve lpe 16
[21:21:03.22] /w Warning: Failed to copy '/home/itsupport/Desktop/lab1vlsi/synopsys_custom/.lib_12225_7f0100.defs' to '/home/itsupport/Desktop/lab1vlsi/lib.defs': copy would overwrite top library definitions file.
[21:21:03.36] /r giWindowId 27
[21:21:03.37] /r giWindowGeometry 800x600
[21:21:06.61] /m Information: 
              /c =============================
              /c JobID: starrc_lpe_12
              /c Completed with no errors.
              /c =============================
              /c 
[21:21:06.65] /r giWindowId 28
[21:21:06.66] /r giWindowGeometry 1632x1020
[21:21:06.68] /i de::setActiveLPP [de::getLPPs "exclude blockage" -from [db::getAttr editDesign -of [de::getContexts -window 28]]]
[21:21:08.91] /i gi::executeAction giCloseWindow -in [gi::getWindows 28]
[21:21:08.93] /i gi::setActiveWindow 27
[21:21:08.93] /i gi::setActiveWindow 27 -raise true
[21:21:09.81] /i gi::executeAction giCloseWindow -in [gi::getWindows 27]
[21:21:09.82] /i gi::setActiveWindow 16
[21:21:09.82] /i gi::setActiveWindow 16 -raise true
[21:21:10.58] /i gi::executeAction giCloseWindow -in [gi::getWindows 16]
[21:21:10.63] /i gi::setActiveWindow 19
[21:21:10.63] /i gi::setActiveWindow 19 -raise true
[21:21:11.96] /i gi::executeAction giCloseWindow -in [gi::getWindows 19]
[21:21:11.98] /i gi::setActiveWindow 2
[21:21:11.98] /i gi::setActiveWindow 2 -raise true
[21:21:54.04] /i gi::setCurrentIndex {cells} -index {inv_store} -in [gi::getWindows 2]
[21:21:54.05] /i gi::setItemSelection {cells} -index {inv_store} -in [gi::getWindows 2]
[21:21:55.15] /i gi::setCurrentIndex {cells} -index {inv_store_tb} -in [gi::getWindows 2]
[21:21:55.15] /i gi::setItemSelection {cells} -index {inv_store_tb} -in [gi::getWindows 2]
[21:21:55.62] /i gi::setCurrentIndex {cells} -index {TG_out} -in [gi::getWindows 2]
[21:21:55.63] /i gi::setItemSelection {cells} -index {TG_out} -in [gi::getWindows 2]
[21:21:56.02] /i gi::setCurrentIndex {cells} -index {TG_in} -in [gi::getWindows 2]
[21:21:56.02] /i gi::setItemSelection {cells} -index {TG_in} -in [gi::getWindows 2]
[21:21:56.80] /i gi::setCurrentIndex {views} -index {layout} -in [gi::getWindows 2]
[21:21:56.80] /i gi::setItemSelection {views} -index {layout} -in [gi::getWindows 2]
[21:21:58.54] /i gi::setCurrentIndex {cells} -index {TG_out} -in [gi::getWindows 2]
[21:21:58.54] /i gi::setItemSelection {cells} -index {TG_out} -in [gi::getWindows 2]
[21:21:58.92] /i gi::setCurrentIndex {cells} -index {TG_in} -in [gi::getWindows 2]
[21:21:58.93] /i gi::setItemSelection {cells} -index {TG_in} -in [gi::getWindows 2]
[21:21:59.70] /i gi::setSectionSizes {libCellView} -values {468 468 471 470} -in [gi::getWindows 2]
[21:22:00.01] /i gi::setCurrentIndex {views} -index {layout} -in [gi::getWindows 2]
[21:22:00.01] /i gi::setItemSelection {views} -index {layout} -in [gi::getWindows 2]
[21:22:00.15] /i gi::executeAction dmOpen -in [gi::getWindows 2]
[21:22:00.20] /r giWindowId 29
[21:22:00.20] /r giWindowGeometry 1632x1020
[21:22:00.22] /# de::setActiveLPP [de::getLPPs "exclude blockage" -from [db::getAttr editDesign -of [de::getContexts -window 29]]]
[21:22:02.45] /i gi::setField {stopLevel} -value {1} -in [gi::getToolbars {leHierarchy} -from [gi::getWindows 29]]
[21:22:41.83] /i gi::setActiveWindow 2
[21:22:41.83] /i gi::setActiveWindow 2 -raise true
[21:22:51.08] /i gi::executeAction dmOpen -in [gi::getWindows 2]
[21:22:51.08] /r giWindowId 30
[21:22:51.09] /r giWindowGeometry 1632x1020
[21:22:51.12] /# de::setActiveLPP [de::getLPPs "exclude blockage" -from [db::getAttr editDesign -of [de::getContexts -window 30]]]
[21:22:51.85] /# gi::executeAction deSelectActive -in [gi::getWindows 30]
[21:22:51.86] /i de::deselectAll [db::getNext [de::getContexts -window 30]]
[21:22:51.86] /i de::select [de::getActiveFigure [gi::getWindows 30] -point {1.139 1.457} -index 0 -intent none]
[21:22:51.86] /o oa:0x1eb3b380
[21:22:56.92] /# gi::executeAction deSelectActive -in [gi::getWindows 30]
[21:22:56.92] /i de::deselectAll [db::getNext [de::getContexts -window 30]]
[21:22:56.92] /i de::select [de::getActiveFigure [gi::getWindows 30] -point {1.246 0.356} -index 0 -intent none]
[21:22:56.92] /o oa:0x25b11b10
[21:23:05.54] /# gi::executeAction deSelectActive -in [gi::getWindows 30]
[21:23:05.55] /i de::cycleActiveFigure [gi::getWindows 30] -direction next
[21:23:05.55] /o oa:0x263dcfd0
[21:23:06.01] /# gi::executeAction leStartStretchDrag -in [gi::getWindows 30]
[21:23:06.01] /i layout_editor::directStretch [de::getActiveFigure [gi::getWindows 30] -point {1.36 0.273} -index 0 -intent none] 30
[21:23:06.01] /# ile::stretch -point {1.36 0.275}
[21:23:07.51] /# gi::executeAction deEndDrag -in [gi::getWindows 30]
[21:23:07.51] /i de::endDrag {1.354 0.27} -context [db::getNext [de::getContexts -window 30]]
[21:23:07.76] /# gi::executeAction deCanvasZoomInAtPoint -in [gi::getWindows 30]
[21:23:07.76] /i de::zoom -window [gi::getWindows 30] -factor 2.0 -center {1.127 0.362}
[21:23:07.77] /o {-0.03 0.207} {2.142 1.488}
[21:23:07.83] /# gi::executeAction deCanvasZoomInAtPoint -in [gi::getWindows 30]
[21:23:07.83] /i de::zoom -window [gi::getWindows 30] -factor 2.0 -center {1.127 0.362}
[21:23:07.83] /o {0.548 0.284} {1.635 0.925}
[21:23:07.91] /# gi::executeAction deCanvasZoomInAtPoint -in [gi::getWindows 30]
[21:23:07.91] /i de::zoom -window [gi::getWindows 30] -factor 2.0 -center {1.127 0.362}
[21:23:07.91] /o {0.838 0.323} {1.381 0.643}
[21:23:08.82] /# gi::executeAction leStartStretchDrag -in [gi::getWindows 30]
[21:23:08.82] /i layout_editor::directStretch [de::getActiveFigure [gi::getWindows 30] -point {1.29 0.465} -index 0 -intent none] 30
[21:23:08.82] /# ile::stretch -point {1.29 0.465}
[21:23:09.33] /# gi::executeAction deEndDrag -in [gi::getWindows 30]
[21:23:09.33] /i de::endDrag {1.295 0.465} -context [db::getNext [de::getContexts -window 30]]
[21:23:09.50] /# gi::executeAction deFitView -in [gi::getWindows 30]
[21:23:09.50] /i de::fit -window 30 -fitView true
[21:23:09.50] /o {-1.188 0.052} {3.158 2.613}
[21:23:09.94] /# gi::executeAction deSelectActive -in [gi::getWindows 30]
[21:23:09.94] /i de::deselectAll [db::getNext [de::getContexts -window 30]]
[21:23:09.94] /i de::deselectAllLogic -context [db::getNext [de::getContexts -window 30]]
[21:23:59.50] /i gi::setActiveWindow 29
[21:23:59.51] /i gi::setActiveWindow 29 -raise true
[21:24:00.60] /i gi::setActiveWindow 30
[21:24:00.60] /i gi::setActiveWindow 30 -raise true
[21:24:01.43] /i gi::setActiveWindow 2
[21:24:01.43] /i gi::setActiveWindow 2 -raise true
[21:24:02.78] /i gi::setActiveWindow 29
[21:24:02.78] /i gi::setActiveWindow 29 -raise true
[21:24:03.67] /i gi::setActiveWindow 30
[21:24:03.67] /i gi::setActiveWindow 30 -raise true
[21:24:04.51] /i gi::executeAction giCloseWindow -in [gi::getWindows 29]
[21:24:05.16] /i gi::setActiveWindow 2
[21:24:05.16] /i gi::setActiveWindow 2 -raise true
[21:24:06.56] /i gi::setCurrentIndex {views} -index {schematic} -in [gi::getWindows 2]
[21:24:06.56] /i gi::setItemSelection {views} -index {schematic} -in [gi::getWindows 2]
[21:24:06.69] /i gi::executeAction dmOpen -in [gi::getWindows 2]
[21:24:06.72] /r giWindowId 31
[21:24:06.72] /r giWindowGeometry 1632x1020
[21:24:06.88] /o "project_d_ff/TG_in/schematic" design does not need checking
[21:24:27.12] /i gi::setActiveWindow 30
[21:24:27.12] /i gi::setActiveWindow 30 -raise true
[21:24:28.17] /# gi::executeAction deCanvasZoomInAtPoint -in [gi::getWindows 30]
[21:24:28.18] /i de::zoom -window [gi::getWindows 30] -factor 2.0 -center {1.41 0.746}
[21:24:28.18] /o {0.111 0.399} {2.284 1.68}
[21:24:28.67] /# gi::executeAction deCanvasZoomOutAtPoint -in [gi::getWindows 30]
[21:24:28.67] /i de::zoom -window [gi::getWindows 30] -factor 0.5 -center {1.41 0.746}
[21:24:28.67] /o {-1.188 0.052} {3.158 2.613}
[21:24:29.55] /# gi::executeAction deSelectActive -in [gi::getWindows 30]
[21:24:29.55] /i de::deselectAll [db::getNext [de::getContexts -window 30]]
[21:24:29.56] /i de::select [de::getActiveFigure [gi::getWindows 30] -point {1.197 2.231} -index 0 -intent none]
[21:24:29.56] /o oa:0x27256790
[21:25:18.52] /# gi::executeAction deCanvasZoomInAtPoint -in [gi::getWindows 30]
[21:25:18.52] /i de::zoom -window [gi::getWindows 30] -factor 2.0 -center {1.227 0.378}
[21:25:18.52] /o {0.02 0.215} {2.192 1.496}
[21:25:20.24] /# gi::executeAction deSelectActive -in [gi::getWindows 30]
[21:25:20.24] /i de::deselectAll [db::getNext [de::getContexts -window 30]]
[21:25:20.25] /i de::select [de::getActiveFigure [gi::getWindows 30] -point {1.378 0.474} -index 0 -intent none]
[21:25:20.25] /o oa:0x25bf3a00
[21:25:23.07] /# gi::executeAction leAutoFlipHorizontal -in [gi::getWindows 30]
[21:25:23.07] /i ::le::_impl::autoRotate ile::autoFlipHorizontal MY {0.02 0.689}
[21:25:24.60] /# gi::executeAction leStartStretchDrag -in [gi::getWindows 30]
[21:25:24.60] /i layout_editor::directStretch [de::getActiveFigure [gi::getWindows 30] -point {1.357 0.515} -index 0 -intent none] 30
[21:25:24.60] /# ile::stretch -point {1.355 0.515}
[21:25:26.52] /# gi::executeAction deEndDrag -in [gi::getWindows 30]
[21:25:26.52] /i de::endDrag {1.497 0.532} -context [db::getNext [de::getContexts -window 30]]
[21:25:27.00] /# gi::executeAction deSelectActive -in [gi::getWindows 30]
[21:25:27.00] /i de::deselectAll [db::getNext [de::getContexts -window 30]]
[21:25:27.00] /i de::select [de::getActiveFigure [gi::getWindows 30] -point {1.195 0.761} -index 0 -intent none]
[21:25:27.01] /o oa:0x26f5ee00
[21:25:27.31] /# gi::executeAction deCanvasZoomOutAtPoint -in [gi::getWindows 30]
[21:25:27.31] /i de::zoom -window [gi::getWindows 30] -factor 0.5 -center {1.233 0.814}
[21:25:27.31] /o {-1.194 -0.384} {3.152 2.177}
[21:25:27.90] /# gi::executeAction leStartStretchDrag -in [gi::getWindows 30]
[21:25:27.90] /i layout_editor::directStretch [de::getActiveFigure [gi::getWindows 30] -point {1.495 1.239} -index 0 -intent none] 30
[21:25:27.90] /# db::setPrefValue deSelectMode -value Replace -scope [db::getScopes [db::getNext [de::getContexts -window 30]]]; ide::selectByRegion -region rectangle -point {1.495 1.24} 
[21:25:28.31] /# gi::executeAction deEndDrag -in [gi::getWindows 30]
[21:25:28.31] /i de::endDrag {1.545 1.239} -context [db::getNext [de::getContexts -window 30]]
[21:25:28.56] /# gi::executeAction deSelectActive -in [gi::getWindows 30]
[21:25:28.56] /i de::deselectAll [db::getNext [de::getContexts -window 30]]
[21:25:28.56] /i de::select [de::getActiveFigure [gi::getWindows 30] -point {1.498 1.239} -index 0 -intent none]
[21:25:28.56] /o oa:0x27b23000
[21:25:28.98] /# gi::executeAction deSelectActive -in [gi::getWindows 30]
[21:25:28.98] /i de::cycleActiveFigure [gi::getWindows 30] -direction next
[21:25:28.98] /o oa:0x25916c70
[21:25:28.98] /i de::deselectAll [db::getNext [de::getContexts -window 30]]
[21:25:28.98] /i de::select [de::getActiveFigure [gi::getWindows 30] -point {1.498 1.239} -index 1 -intent none]
[21:25:28.98] /o oa:0x25b88700
[21:25:29.44] /# gi::executeAction leStartStretchDrag -in [gi::getWindows 30]
[21:25:29.44] /i layout_editor::directStretch [de::getActiveFigure [gi::getWindows 30] -point {1.498 1.239} -index 1 -intent none] 30
[21:25:29.44] /# ile::stretch -point {1.5 1.24}
[21:25:30.42] /# gi::executeAction deEndDrag -in [gi::getWindows 30]
[21:25:30.42] /i de::endDrag {1.489 1.237} -context [db::getNext [de::getContexts -window 30]]
[21:25:31.08] /# gi::executeAction deSelectActive -in [gi::getWindows 30]
[21:25:31.08] /i de::deselectAll [db::getNext [de::getContexts -window 30]]
[21:25:31.08] /i de::select [de::getActiveFigure [gi::getWindows 30] -point {1.133 0.714} -index 0 -intent none]
[21:25:31.08] /o oa:0x2400e520
[21:25:31.57] /# gi::executeAction leStartStretchDrag -in [gi::getWindows 30]
[21:25:31.57] /i layout_editor::directStretch [de::getActiveFigure [gi::getWindows 30] -point {1.182 0.714} -index 0 -intent none] 30
[21:25:31.57] /# ile::stretch -point {1.18 0.715}
[21:25:33.38] /# gi::executeAction deEndDrag -in [gi::getWindows 30]
[21:25:33.38] /i de::endDrag {0.825 0.664} -context [db::getNext [de::getContexts -window 30]]
[21:25:33.78] /# gi::executeAction deCanvasZoomInAtPoint -in [gi::getWindows 30]
[21:25:33.78] /i de::zoom -window [gi::getWindows 30] -factor 2.0 -center {1.381 0.432}
[21:25:33.78] /o {0.094 0.024} {2.266 1.305}
[21:25:34.49] /# gi::executeAction deSelectActive -in [gi::getWindows 30]
[21:25:34.49] /i de::deselectAll [db::getNext [de::getContexts -window 30]]
[21:25:34.49] /i de::select [de::getActiveFigure [gi::getWindows 30] -point {1.34 0.599} -index 0 -intent none]
[21:25:34.49] /o oa:0x1f54ac60
[21:25:35.00] /# gi::executeAction leStartStretchDrag -in [gi::getWindows 30]
[21:25:35.00] /i layout_editor::directStretch [de::getActiveFigure [gi::getWindows 30] -point {1.34 0.599} -index 0 -intent none] 30
[21:25:35.00] /# ile::stretch -point {1.34 0.6}
[21:25:35.99] /# gi::executeAction deEndDrag -in [gi::getWindows 30]
[21:25:35.99] /i de::endDrag {1.336 0.602} -context [db::getNext [de::getContexts -window 30]]
[21:25:36.51] /# gi::executeAction deSelectActive -in [gi::getWindows 30]
[21:25:36.51] /i de::deselectAll [db::getNext [de::getContexts -window 30]]
[21:25:36.51] /i de::deselectAllLogic -context [db::getNext [de::getContexts -window 30]]
[21:25:37.75] /# gi::executeAction leStartStretchDrag -in [gi::getWindows 30]
[21:25:37.75] /i layout_editor::directStretch [de::getActiveFigure [gi::getWindows 30] -point {1.385 0.598} -index 0 -intent none] 30
[21:25:37.75] /# db::setPrefValue deSelectMode -value Replace -scope [db::getScopes [db::getNext [de::getContexts -window 30]]]; ide::selectByRegion -region rectangle -point {1.385 0.6} 
[21:25:38.33] /# gi::executeAction deEndDrag -in [gi::getWindows 30]
[21:25:38.33] /i de::endDrag {1.309 0.598} -context [db::getNext [de::getContexts -window 30]]
[21:25:38.65] /# gi::executeAction deSelectActive -in [gi::getWindows 30]
[21:25:38.65] /i de::deselectAll [db::getNext [de::getContexts -window 30]]
[21:25:38.65] /i de::select [de::getActiveFigure [gi::getWindows 30] -point {1.398 0.585} -index 0 -intent none]
[21:25:38.66] /o oa:0x23575ab0
[21:25:39.10] /# gi::executeAction leStartStretchDrag -in [gi::getWindows 30]
[21:25:39.10] /i layout_editor::directStretch [de::getActiveFigure [gi::getWindows 30] -point {1.402 0.587} -index 0 -intent none] 30
[21:25:39.10] /# ile::stretch -point {1.4 0.585}
[21:25:43.13] /# gi::executeAction deEndDrag -in [gi::getWindows 30]
[21:25:43.13] /i de::endDrag {1.398 0.573} -context [db::getNext [de::getContexts -window 30]]
[21:25:43.60] /# gi::executeAction deSelectActive -in [gi::getWindows 30]
[21:25:43.60] /i de::deselectAll [db::getNext [de::getContexts -window 30]]
[21:25:43.60] /i de::deselectAllLogic -context [db::getNext [de::getContexts -window 30]]
[21:25:43.95] /# gi::executeAction deCanvasZoomOutAtPoint -in [gi::getWindows 30]
[21:25:43.95] /i de::zoom -window [gi::getWindows 30] -factor 0.5 -center {1.376 0.706}
[21:25:43.95] /o {-1.189 -0.658} {3.157 1.903}
[21:25:44.81] /# gi::executeAction deFitView -in [gi::getWindows 30]
[21:25:44.81] /i de::fit -window 30 -fitView true
[21:25:44.81] /o {-1.207 0.041} {3.157 2.614}
[21:26:02.23] /# gi::executeAction deCanvasZoomInAtPoint -in [gi::getWindows 30]
[21:26:02.23] /i de::zoom -window [gi::getWindows 30] -factor 2.0 -center {1.288 0.519}
[21:26:02.23] /o {0.041 0.28} {2.222 1.566}
[21:26:06.14] /i de::setActiveLPP [de::getLPPs "m1 pin" -from [db::getAttr editDesign -of [de::getContexts -window 30]]]
[21:26:07.08] /# gi::executeAction leRectangle -in [gi::getWindows 30]
[21:26:07.08] /i ile::createRectangle
[21:26:07.37] /# gi::executeAction deCanvasZoomInAtPoint -in [gi::getWindows 30]
[21:26:07.37] /i de::zoom -window [gi::getWindows 30] -factor 2.0 -center {0.625 0.723}
[21:26:07.37] /o {0.333 0.502} {1.424 1.145}
[21:26:08.28] /# gi::executeAction deStartDrag -in [gi::getWindows 30]
[21:26:08.28] /i de::startDrag {0.761 0.782} -context [db::getNext [de::getContexts -window 30]]
[21:26:09.23] /# gi::executeAction deEndDrag -in [gi::getWindows 30]
[21:26:09.23] /i de::endDrag {0.844 0.659} -context [db::getNext [de::getContexts -window 30]]
[21:26:10.41] /# gi::executeAction leLabel -in [gi::getWindows 30]
[21:26:10.41] /i ile::createLabel
[21:26:11.59] /i gi::executeAction deObjectActivation -in [gi::getWindows 30]
[21:26:11.69] /i gi::setField {textMultiline} -value {A} -in [gi::getToolbars {deCommandOptions} -from [gi::getWindows 30]]
[21:26:11.74] /i gi::executeAction deObjectActivation -in [gi::getWindows 30]
[21:26:13.53] /# gi::executeAction deAddPoint -in [gi::getWindows 30]
[21:26:13.53] /i de::addPoint {0.798 0.731} -context [db::getNext [de::getContexts -window 30]]
[21:26:13.70] /# gi::executeAction deAbortCommand -in [gi::getWindows 30]
[21:26:13.70] /i de::abortCommand -context [db::getNext [de::getContexts -window 30]]
[21:26:14.35] /# gi::executeAction deFitView -in [gi::getWindows 30]
[21:26:14.35] /i de::fit -window 30 -fitView true
[21:26:14.35] /o {-1.207 0.041} {3.157 2.614}
[21:26:25.61] /# gi::executeAction deCanvasZoomInAtPoint -in [gi::getWindows 30]
[21:26:25.61] /i de::zoom -window [gi::getWindows 30] -factor 2.0 -center {1.171 0.672}
[21:26:25.61] /o {-0.018 0.357} {2.164 1.643}
[21:26:26.07] /# gi::executeAction deCanvasZoomOutAtPoint -in [gi::getWindows 30]
[21:26:26.07] /i de::zoom -window [gi::getWindows 30] -factor 0.5 -center {1.163 0.672}
[21:26:26.07] /o {-1.199 0.041} {3.165 2.614}
[21:26:26.64] /# gi::executeAction deCanvasZoomInAtPoint -in [gi::getWindows 30]
[21:26:26.64] /i de::zoom -window [gi::getWindows 30] -factor 2.0 -center {1.354 0.336}
[21:26:26.65] /o {0.078 0.189} {2.259 1.475}
[21:26:27.54] /# gi::executeAction lePolygon -in [gi::getWindows 30]
[21:26:27.54] /i ile::createPolygon
[21:26:27.87] /# gi::executeAction leRectangle -in [gi::getWindows 30]
[21:26:27.87] /i ile::createRectangle
[21:26:30.18] /i de::setActiveLPP [de::getLPPs "m1 drawing" -from [db::getAttr editDesign -of [de::getContexts -window 30]]]
[21:26:31.26] /# gi::executeAction leRectangle -in [gi::getWindows 30]
[21:26:31.26] /i ile::createRectangle
[21:26:32.84] /# gi::executeAction deAddPoint -in [gi::getWindows 30]
[21:26:32.84] /i de::addPoint {1.104 1.316} -context [db::getNext [de::getContexts -window 30]]
[21:26:34.86] /# gi::executeAction deAddPoint -in [gi::getWindows 30]
[21:26:34.86] /i de::addPoint {1.198 0.686} -context [db::getNext [de::getContexts -window 30]]
[21:26:34.99] /# gi::executeAction deAbortCommand -in [gi::getWindows 30]
[21:26:34.99] /i de::abortCommand -context [db::getNext [de::getContexts -window 30]]
[21:26:35.25] /# gi::executeAction deSelectActive -in [gi::getWindows 30]
[21:26:35.25] /i de::deselectAll [db::getNext [de::getContexts -window 30]]
[21:26:35.25] /i de::select [de::getActiveFigure [gi::getWindows 30] -point {1.166 0.753} -index 0 -intent none]
[21:26:35.25] /o oa:0x26b593c0
[21:26:35.99] /i gi::setItemSelection {attributes} -index {height,all} -in [gi::getAssistants dePropertyEditor -from [gi::getWindows 30]]
[21:26:35.99] /i gi::setCurrentIndex {attributes} -index {height,Value} -in [gi::getAssistants dePropertyEditor -from [gi::getWindows 30]]
[21:26:36.36] /i gi::setItemSelection {attributes} -index {width,all} -in [gi::getAssistants dePropertyEditor -from [gi::getWindows 30]]
[21:26:36.36] /i gi::setCurrentIndex {attributes} -index {width,Value} -in [gi::getAssistants dePropertyEditor -from [gi::getWindows 30]]
[21:26:37.36] /i gi::setField {attributes} -value {0.1} -index {width,Value} -in [gi::getAssistants dePropertyEditor -from [gi::getWindows 30]]
[21:26:37.36] /i gi::executeAction dePropertyEditorApplyChanges -in [gi::getAssistants dePropertyEditor -from [gi::getWindows 30]]
[21:26:38.71] /# gi::executeAction leStartStretchDrag -in [gi::getWindows 30]
[21:26:38.71] /i layout_editor::directStretch [de::getActiveFigure [gi::getWindows 30] -point {1.187 0.798} -index 0 -intent none] 30
[21:26:38.71] /# ile::stretch -point {1.185 0.8}
[21:26:39.41] /# gi::executeAction deEndDrag -in [gi::getWindows 30]
[21:26:39.41] /i de::endDrag {1.178 0.798} -context [db::getNext [de::getContexts -window 30]]
[21:26:40.19] /# gi::executeAction leStartStretchDrag -in [gi::getWindows 30]
[21:26:40.19] /i layout_editor::directStretch [de::getActiveFigure [gi::getWindows 30] -point {1.171 0.782} -index 0 -intent none] 30
[21:26:40.19] /# ile::stretch -point {1.17 0.78}
[21:26:41.54] /# gi::executeAction deEndDrag -in [gi::getWindows 30]
[21:26:41.54] /i de::endDrag {1.171 0.808} -context [db::getNext [de::getContexts -window 30]]
[21:26:41.71] /# gi::executeAction leCopy -in [gi::getWindows 30]
[21:26:41.71] /i ile::copy
[21:26:41.99] /# gi::executeAction deAddPoint -in [gi::getWindows 30]
[21:26:41.99] /i de::addPoint {1.173 0.798} -context [db::getNext [de::getContexts -window 30]]
[21:26:42.80] /# gi::executeAction deAddPoint -in [gi::getWindows 30]
[21:26:42.80] /i de::addPoint {1.612 0.675} -context [db::getNext [de::getContexts -window 30]]
[21:26:43.86] /# gi::executeAction leAutoRotate90 -in [gi::getWindows 30]
[21:26:43.86] /i ::le::_impl::autoRotate ile::autoRotate90 R90 {0.079 0.679}
[21:26:44.75] /# gi::executeAction leStartStretchDrag -in [gi::getWindows 30]
[21:26:44.75] /i layout_editor::directStretch [de::getActiveFigure [gi::getWindows 30] -point {1.807 1.025} -index 0 -intent none] 30
[21:26:44.76] /# ile::stretch -point {1.805 1.025}
[21:26:45.15] /# gi::executeAction deEndDrag -in [gi::getWindows 30]
[21:26:45.15] /i de::endDrag {1.762 0.754} -context [db::getNext [de::getContexts -window 30]]
[21:26:45.49] /# gi::executeAction leStartStretchDrag -in [gi::getWindows 30]
[21:26:45.49] /i layout_editor::directStretch [de::getActiveFigure [gi::getWindows 30] -point {1.762 0.754} -index 0 -intent none] 30
[21:26:45.49] /# ile::stretch -point {1.76 0.755}
[21:26:45.88] /# gi::executeAction deEndDrag -in [gi::getWindows 30]
[21:26:45.88] /i de::endDrag {1.583 0.79} -context [db::getNext [de::getContexts -window 30]]
[21:26:46.30] /# gi::executeAction leStartStretchDrag -in [gi::getWindows 30]
[21:26:46.30] /i layout_editor::directStretch [de::getActiveFigure [gi::getWindows 30] -point {1.475 0.771} -index 0 -intent none] 30
[21:26:46.30] /# ile::stretch -point {1.475 0.77}
[21:26:47.69] /# gi::executeAction deEndDrag -in [gi::getWindows 30]
[21:26:47.69] /i de::endDrag {1.482 0.771} -context [db::getNext [de::getContexts -window 30]]
[21:26:48.11] /# gi::executeAction leStartStretchDrag -in [gi::getWindows 30]
[21:26:48.11] /i layout_editor::directStretch [de::getActiveFigure [gi::getWindows 30] -point {1.475 0.765} -index 0 -intent none] 30
[21:26:48.12] /# ile::stretch -point {1.475 0.765}
[21:26:49.63] /# gi::executeAction deEndDrag -in [gi::getWindows 30]
[21:26:49.63] /i de::endDrag {1.475 0.771} -context [db::getNext [de::getContexts -window 30]]
[21:26:50.05] /# gi::executeAction deSelectActive -in [gi::getWindows 30]
[21:26:50.05] /i de::deselectAll [db::getNext [de::getContexts -window 30]]
[21:26:50.06] /i de::deselectAllLogic -context [db::getNext [de::getContexts -window 30]]
[21:26:50.33] /# gi::executeAction deCanvasZoomInAtPoint -in [gi::getWindows 30]
[21:26:50.33] /i de::zoom -window [gi::getWindows 30] -factor 2.0 -center {1.779 0.723}
[21:26:50.33] /o {0.928 0.456} {2.019 1.099}
[21:26:50.50] /# gi::executeAction leStretch -in [gi::getWindows 30]
[21:26:50.50] /i ile::stretch
[21:26:51.11] /# gi::executeAction deAddPoint -in [gi::getWindows 30]
[21:26:51.11] /i de::addPoint {1.729 0.752} -context [db::getNext [de::getContexts -window 30]]
[21:26:51.85] /# gi::executeAction deAddPoint -in [gi::getWindows 30]
[21:26:51.85] /i de::addPoint {1.427 0.752} -context [db::getNext [de::getContexts -window 30]]
[21:26:51.92] /# gi::executeAction deAbortCommand -in [gi::getWindows 30]
[21:26:51.92] /i de::abortCommand -context [db::getNext [de::getContexts -window 30]]
[21:26:52.24] /# gi::executeAction deSelectActive -in [gi::getWindows 30]
[21:26:52.24] /i de::deselectAll [db::getNext [de::getContexts -window 30]]
[21:26:52.24] /i de::select [de::getActiveFigure [gi::getWindows 30] -point {1.381 0.752} -index 0 -intent none]
[21:26:52.24] /o oa:0x2774c9b0
[21:26:52.40] /# gi::executeAction leCopy -in [gi::getWindows 30]
[21:26:52.40] /i ile::copy
[21:26:52.73] /# gi::executeAction deAddPoint -in [gi::getWindows 30]
[21:26:52.73] /i de::addPoint {1.381 0.753} -context [db::getNext [de::getContexts -window 30]]
[21:26:53.04] /# gi::executeAction deAbortCommand -in [gi::getWindows 30]
[21:26:53.04] /i de::abortCommand -context [db::getNext [de::getContexts -window 30]]
[21:26:53.99] /# gi::executeAction deSelectActive -in [gi::getWindows 30]
[21:26:53.99] /i de::deselectAll [db::getNext [de::getContexts -window 30]]
[21:26:53.99] /i de::select [de::getActiveFigure [gi::getWindows 30] -point {1.146 0.882} -index 0 -intent none]
[21:26:53.99] /o oa:0x1f1b7060
[21:26:54.55] /# gi::executeAction deSelectActive -in [gi::getWindows 30]
[21:26:54.55] /i de::deselectAll [db::getNext [de::getContexts -window 30]]
[21:26:54.55] /i de::select [de::getActiveFigure [gi::getWindows 30] -point {1.173 0.888} -index 0 -intent none]
[21:26:54.55] /o oa:0x1ed795a0
[21:26:54.96] /# gi::executeAction leStretch -in [gi::getWindows 30]
[21:26:54.96] /i ile::stretch
[21:26:55.24] /# gi::executeAction deAddPoint -in [gi::getWindows 30]
[21:26:55.24] /i de::addPoint {1.173 0.888} -context [db::getNext [de::getContexts -window 30]]
[21:26:55.68] /# gi::executeAction deAddPoint -in [gi::getWindows 30]
[21:26:55.68] /i de::addPoint {1.372 0.826} -context [db::getNext [de::getContexts -window 30]]
[21:26:56.30] /# gi::executeAction leStartStretchDrag -in [gi::getWindows 30]
[21:26:56.30] /i layout_editor::directStretch [de::getActiveFigure [gi::getWindows 30] -point {1.376 0.875} -index 0 -intent none] 30
[21:26:56.30] /# ile::stretch -point {1.375 0.875}
[21:26:56.59] /# gi::executeAction deEndDrag -in [gi::getWindows 30]
[21:26:56.59] /i de::endDrag {1.357 0.584} -context [db::getNext [de::getContexts -window 30]]
[21:26:56.90] /# gi::executeAction deFitView -in [gi::getWindows 30]
[21:26:56.90] /i de::fit -window 30 -fitView true
[21:26:56.90] /o {-1.207 0.041} {3.157 2.614}
[21:26:57.81] /# gi::executeAction leCopy -in [gi::getWindows 30]
[21:26:57.81] /i ile::copy
[21:26:58.21] /# gi::executeAction deAddPoint -in [gi::getWindows 30]
[21:26:58.21] /i de::addPoint {1.351 0.711} -context [db::getNext [de::getContexts -window 30]]
[21:26:59.20] /# gi::executeAction deAddPoint -in [gi::getWindows 30]
[21:26:59.20] /i de::addPoint {1.163 0.714} -context [db::getNext [de::getContexts -window 30]]
[21:26:59.66] /# gi::executeAction deCanvasZoomInAtPoint -in [gi::getWindows 30]
[21:26:59.67] /i de::zoom -window [gi::getWindows 30] -factor 2.0 -center {1.143 0.647}
[21:26:59.67] /o {-0.032 0.344} {2.15 1.63}
[21:27:00.25] /# gi::executeAction leStartStretchDrag -in [gi::getWindows 30]
[21:27:00.25] /i layout_editor::directStretch [de::getActiveFigure [gi::getWindows 30] -point {1.157 0.639} -index 0 -intent none] 30
[21:27:00.25] /# ile::stretch -point {1.155 0.64}
[21:27:00.61] /# gi::executeAction deEndDrag -in [gi::getWindows 30]
[21:27:00.61] /i de::endDrag {1.14 0.88} -context [db::getNext [de::getContexts -window 30]]
[21:27:01.15] /# gi::executeAction leStartStretchDrag -in [gi::getWindows 30]
[21:27:01.15] /i layout_editor::directStretch [de::getActiveFigure [gi::getWindows 30] -point {1.157 0.875} -index 0 -intent none] 30
[21:27:01.15] /# db::setPrefValue deSelectMode -value Replace -scope [db::getScopes [db::getNext [de::getContexts -window 30]]]; ide::selectByRegion -region rectangle -point {1.155 0.875} 
[21:27:01.34] /# gi::executeAction deEndDrag -in [gi::getWindows 30]
[21:27:01.34] /i de::endDrag {1.149 0.875} -context [db::getNext [de::getContexts -window 30]]
[21:27:01.73] /# gi::executeAction deSelectActive -in [gi::getWindows 30]
[21:27:01.73] /i de::deselectAll [db::getNext [de::getContexts -window 30]]
[21:27:01.73] /i de::select [de::getActiveFigure [gi::getWindows 30] -point {1.149 0.883} -index 0 -intent none]
[21:27:01.73] /o oa:0x27033730
[21:27:02.15] /# gi::executeAction deSelectActive -in [gi::getWindows 30]
[21:27:02.15] /i de::deselectAll [db::getNext [de::getContexts -window 30]]
[21:27:02.15] /i de::select [de::getActiveFigure [gi::getWindows 30] -point {1.149 0.889} -index 0 -intent none]
[21:27:02.15] /o oa:0x24c28da0
[21:27:02.67] /# gi::executeAction leStartStretchDrag -in [gi::getWindows 30]
[21:27:02.67] /i layout_editor::directStretch [de::getActiveFigure [gi::getWindows 30] -point {1.149 0.889} -index 0 -intent none] 30
[21:27:02.67] /# ile::stretch -point {1.15 0.89}
[21:27:03.22] /# gi::executeAction deEndDrag -in [gi::getWindows 30]
[21:27:03.22] /i de::endDrag {1.14 0.889} -context [db::getNext [de::getContexts -window 30]]
[21:27:03.60] /# gi::executeAction leStartStretchDrag -in [gi::getWindows 30]
[21:27:03.60] /i layout_editor::directStretch [de::getActiveFigure [gi::getWindows 30] -point {1.14 0.889} -index 0 -intent none] 30
[21:27:03.60] /# db::setPrefValue deSelectMode -value Replace -scope [db::getScopes [db::getNext [de::getContexts -window 30]]]; ide::selectByRegion -region rectangle -point {1.14 0.89} 
[21:27:04.07] /# gi::executeAction deEndDrag -in [gi::getWindows 30]
[21:27:04.07] /i de::endDrag {1.135 0.972} -context [db::getNext [de::getContexts -window 30]]
[21:27:04.30] /# gi::executeAction deSelectActive -in [gi::getWindows 30]
[21:27:04.30] /i de::deselectAll [db::getNext [de::getContexts -window 30]]
[21:27:04.30] /i de::select [de::getActiveFigure [gi::getWindows 30] -point {1.135 0.972} -index 0 -intent none]
[21:27:04.30] /o oa:0x1c548df0
[21:27:04.68] /# gi::executeAction deSelectActive -in [gi::getWindows 30]
[21:27:04.68] /i de::cycleActiveFigure [gi::getWindows 30] -direction next
[21:27:04.68] /o oa:0x2651cee0
[21:27:04.68] /i de::cycleActiveFigure [gi::getWindows 30] -direction next
[21:27:04.68] /o oa:0x1ed9f710
[21:27:04.68] /i de::deselectAll [db::getNext [de::getContexts -window 30]]
[21:27:04.68] /i de::select [de::getActiveFigure [gi::getWindows 30] -point {1.135 0.972} -index 2 -intent none]
[21:27:04.68] /o oa:0x287c89a0
[21:27:05.15] /# gi::executeAction deSelectActive -in [gi::getWindows 30]
[21:27:05.15] /i de::cycleActiveFigure [gi::getWindows 30] -direction next
[21:27:05.15] /o oa:0x26947f80
[21:27:05.15] /i de::deselectAll [db::getNext [de::getContexts -window 30]]
[21:27:05.15] /i de::select [de::getActiveFigure [gi::getWindows 30] -point {1.135 0.972} -index 0 -intent none]
[21:27:05.16] /o oa:0x27928750
[21:27:05.74] /# gi::executeAction leStartStretchDrag -in [gi::getWindows 30]
[21:27:05.74] /i layout_editor::directStretch [de::getActiveFigure [gi::getWindows 30] -point {1.135 0.972} -index 0 -intent none] 30
[21:27:05.74] /# ile::stretch -point {1.135 0.97}
[21:27:08.24] /# gi::executeAction deEndDrag -in [gi::getWindows 30]
[21:27:08.24] /i de::endDrag {1.136 1.021} -context [db::getNext [de::getContexts -window 30]]
[21:27:09.02] /# gi::executeAction deSelectActive -in [gi::getWindows 30]
[21:27:09.02] /i de::deselectAll [db::getNext [de::getContexts -window 30]]
[21:27:09.02] /i de::deselectAllLogic -context [db::getNext [de::getContexts -window 30]]
[21:27:09.50] /# gi::executeAction deFitView -in [gi::getWindows 30]
[21:27:09.50] /i de::fit -window 30 -fitView true
[21:27:09.50] /o {-1.207 0.041} {3.157 2.614}
[21:27:09.88] /# gi::executeAction deCanvasZoomInAtPoint -in [gi::getWindows 30]
[21:27:09.88] /i de::zoom -window [gi::getWindows 30] -factor 2.0 -center {1.543 0.378}
[21:27:09.88] /o {0.168 0.21} {2.35 1.496}
[21:27:10.87] /i gi::executeAction deCanvasDragCancel -in [gi::getWindows 30]
[21:27:11.22] /# gi::executeAction deSelectActive -in [gi::getWindows 30]
[21:27:11.22] /i de::deselectAll [db::getNext [de::getContexts -window 30]]
[21:27:11.22] /i de::select [de::getActiveFigure [gi::getWindows 30] -point {1.376 0.665} -index 0 -intent none]
[21:27:11.22] /o oa:0x1e7f1c60
[21:27:11.64] /# gi::executeAction leStartStretchDrag -in [gi::getWindows 30]
[21:27:11.64] /i layout_editor::directStretch [de::getActiveFigure [gi::getWindows 30] -point {1.374 0.669} -index 0 -intent none] 30
[21:27:11.64] /# ile::stretch -point {1.375 0.67}
[21:27:13.54] /# gi::executeAction deEndDrag -in [gi::getWindows 30]
[21:27:13.54] /i de::endDrag {1.324 0.669} -context [db::getNext [de::getContexts -window 30]]
[21:27:13.99] /# gi::executeAction leStartStretchDrag -in [gi::getWindows 30]
[21:27:13.99] /i layout_editor::directStretch [de::getActiveFigure [gi::getWindows 30] -point {1.322 0.674} -index 0 -intent none] 30
[21:27:13.99] /# ile::stretch -point {1.32 0.675}
[21:27:15.40] /# gi::executeAction deEndDrag -in [gi::getWindows 30]
[21:27:15.40] /i de::endDrag {1.315 0.565} -context [db::getNext [de::getContexts -window 30]]
[21:27:16.04] /# gi::executeAction leStretch -in [gi::getWindows 30]
[21:27:16.04] /i ile::stretch
[21:27:16.67] /# gi::executeAction deAddPoint -in [gi::getWindows 30]
[21:27:16.67] /i de::addPoint {1.564 0.728} -context [db::getNext [de::getContexts -window 30]]
[21:27:17.28] /# gi::executeAction deAbortCommand -in [gi::getWindows 30]
[21:27:17.28] /i de::abortCommand -context [db::getNext [de::getContexts -window 30]]
[21:27:18.08] /# gi::executeAction deSelectActive -in [gi::getWindows 30]
[21:27:18.08] /i de::deselectAll [db::getNext [de::getContexts -window 30]]
[21:27:18.08] /i de::deselectAllLogic -context [db::getNext [de::getContexts -window 30]]
[21:27:18.67] /# gi::executeAction leStretch -in [gi::getWindows 30]
[21:27:18.67] /i ile::stretch
[21:27:19.20] /# gi::executeAction deAddPoint -in [gi::getWindows 30]
[21:27:19.20] /i de::addPoint {1.303 0.94} -context [db::getNext [de::getContexts -window 30]]
[21:27:21.07] /# gi::executeAction deAddPoint -in [gi::getWindows 30]
[21:27:21.07] /i de::addPoint {1.315 0.811} -context [db::getNext [de::getContexts -window 30]]
[21:27:21.20] /# gi::executeAction deAbortCommand -in [gi::getWindows 30]
[21:27:21.20] /i de::abortCommand -context [db::getNext [de::getContexts -window 30]]
[21:27:21.71] /# gi::executeAction deCanvasZoomInAtPoint -in [gi::getWindows 30]
[21:27:21.71] /i de::zoom -window [gi::getWindows 30] -factor 2.0 -center {1.432 0.761}
[21:27:21.71] /o {0.8 0.485} {1.891 1.128}
[21:27:21.93] /# gi::executeAction leStretch -in [gi::getWindows 30]
[21:27:21.93] /i ile::stretch
[21:27:22.42] /# gi::executeAction deAddPoint -in [gi::getWindows 30]
[21:27:22.42] /i de::addPoint {1.422 0.765} -context [db::getNext [de::getContexts -window 30]]
[21:27:22.88] /# gi::executeAction deAbortCommand -in [gi::getWindows 30]
[21:27:22.88] /i de::abortCommand -context [db::getNext [de::getContexts -window 30]]
[21:27:23.65] /# gi::executeAction leStretch -in [gi::getWindows 30]
[21:27:23.65] /i ile::stretch
[21:27:23.98] /# gi::executeAction deAddPoint -in [gi::getWindows 30]
[21:27:23.98] /i de::addPoint {1.426 0.767} -context [db::getNext [de::getContexts -window 30]]
[21:27:24.96] /# gi::executeAction deAddPoint -in [gi::getWindows 30]
[21:27:24.96] /i de::addPoint {1.425 0.767} -context [db::getNext [de::getContexts -window 30]]
[21:27:24.97] /# gi::executeAction deAbortCommand -in [gi::getWindows 30]
[21:27:24.97] /i de::abortCommand -context [db::getNext [de::getContexts -window 30]]
[21:27:25.39] /# gi::executeAction deSelectActive -in [gi::getWindows 30]
[21:27:25.39] /i de::deselectAll [db::getNext [de::getContexts -window 30]]
[21:27:25.39] /i de::select [de::getActiveFigure [gi::getWindows 30] -point {1.405 0.763} -index 0 -intent none]
[21:27:25.39] /o oa:0x27465a70
[21:27:31.23] /i gi::setField {attributes} -value {m2
              /c drw} -index {LPP,Value} -in [gi::getAssistants dePropertyEditor -from [gi::getWindows 30]]
[21:27:32.06] /# gi::executeAction deSelectActive -in [gi::getWindows 30]
[21:27:32.06] /i de::cycleActiveFigure [gi::getWindows 30] -direction next
[21:27:32.06] /o oa:0x236c25f0
[21:27:32.61] /# gi::executeAction deSelectActive -in [gi::getWindows 30]
[21:27:32.61] /i de::cycleActiveFigure [gi::getWindows 30] -direction next
[21:27:32.61] /o oa:0x2461ec10
[21:27:33.01] /# gi::executeAction deSelectActive -in [gi::getWindows 30]
[21:27:33.01] /i de::cycleActiveFigure [gi::getWindows 30] -direction next
[21:27:33.01] /o oa:0x26ca68a0
[21:27:33.16] /# gi::executeAction deSelectActive -in [gi::getWindows 30]
[21:27:33.16] /i de::cycleActiveFigure [gi::getWindows 30] -direction next
[21:27:33.16] /o oa:0x27555bb0
[21:27:33.30] /w Warning: Nothing is bound to the 'Button1-Triple' in the current active set. (WINDOW-015)
[21:27:33.64] /# gi::executeAction deSelectActive -in [gi::getWindows 30]
[21:27:33.64] /i de::deselectAll [db::getNext [de::getContexts -window 30]]
[21:27:33.68] /r giDialog gi::setActiveDialog [gi::getDialogs {dbSelectionChange} -parent [gi::getWindows 30]]
[21:27:33.98] /r giDialog db::setAttr geometry -of [gi::getDialogs {dbSelectionChange} -parent [gi::getWindows 30]] -value 432x82+744+573
[21:27:34.59] /r giDialog gi::pressButton {apply} -in [gi::getDialogs {dbSelectionChange} -parent [gi::getWindows 30]]
[21:27:34.60] /i de::deselectAllLogic -context [db::getNext [de::getContexts -window 30]]
[21:27:36.52] /# gi::executeAction leVia -in [gi::getWindows 30]
[21:27:36.52] /i ile::createVia
[21:27:36.58] /o oa:0x2737a070
[21:27:38.08] /i gi::setField {viaAuto} -value {true} -in [gi::getToolbars {deCommandOptions} -from [gi::getWindows 30]]
[21:27:39.01] /# gi::executeAction deAddPoint -in [gi::getWindows 30]
[21:27:39.01] /i de::addPoint {1.159 0.753} -context [db::getNext [de::getContexts -window 30]]
[21:27:40.31] /# gi::executeAction deCanvasZoomOutAtPoint -in [gi::getWindows 30]
[21:27:40.31] /i de::zoom -window [gi::getWindows 30] -factor 0.5 -center {1.34 0.707}
[21:27:40.31] /o {0.26 0.264} {2.442 1.55}
[21:27:40.35] /# gi::executeAction deCanvasZoomOutAtPoint -in [gi::getWindows 30]
[21:27:40.36] /i de::zoom -window [gi::getWindows 30] -factor 0.5 -center {1.345 0.703}
[21:27:40.36] /o {-0.825 -0.176} {3.539 2.397}
[21:27:40.77] /# gi::executeAction deAbortCommand -in [gi::getWindows 30]
[21:27:40.77] /i de::abortCommand -context [db::getNext [de::getContexts -window 30]]
[21:27:41.13] /# gi::executeAction deSelectActive -in [gi::getWindows 30]
[21:27:41.13] /i de::deselectAll [db::getNext [de::getContexts -window 30]]
[21:27:41.13] /i de::select [de::getActiveFigure [gi::getWindows 30] -point {1.55 1.202} -index 0 -intent none]
[21:27:41.13] /o oa:0x23bff540
[21:27:41.66] /# gi::executeAction deSelectActive -in [gi::getWindows 30]
[21:27:41.66] /i de::cycleActiveFigure [gi::getWindows 30] -direction next
[21:27:41.66] /o oa:0x2882c0d0
[21:27:41.66] /i de::deselectAll [db::getNext [de::getContexts -window 30]]
[21:27:41.66] /i de::select [de::getActiveFigure [gi::getWindows 30] -point {1.55 1.205} -index 1 -intent none]
[21:27:41.66] /o oa:0x24773360
[21:27:42.15] /# gi::executeAction leStartStretchDrag -in [gi::getWindows 30]
[21:27:42.15] /i layout_editor::directStretch [de::getActiveFigure [gi::getWindows 30] -point {1.55 1.205} -index 1 -intent none] 30
[21:27:42.15] /# ile::stretch -point {1.55 1.205}
[21:27:43.26] /# gi::executeAction deEndDrag -in [gi::getWindows 30]
[21:27:43.26] /i de::endDrag {1.545 1.344} -context [db::getNext [de::getContexts -window 30]]
[21:27:43.54] /# gi::executeAction deCanvasZoomInAtPoint -in [gi::getWindows 30]
[21:27:43.54] /i de::zoom -window [gi::getWindows 30] -factor 2.0 -center {1.478 0.702}
[21:27:43.54] /o {0.327 0.263} {2.508 1.549}
[21:27:43.63] /# gi::executeAction deCanvasZoomInAtPoint -in [gi::getWindows 30]
[21:27:43.63] /i de::zoom -window [gi::getWindows 30] -factor 2.0 -center {1.478 0.702}
[21:27:43.63] /o {0.902 0.483} {1.993 1.126}
[21:27:44.54] /# gi::executeAction deSelectActive -in [gi::getWindows 30]
[21:27:44.54] /i de::deselectAll [db::getNext [de::getContexts -window 30]]
[21:27:44.54] /i de::select [de::getActiveFigure [gi::getWindows 30] -point {1.413 0.748} -index 0 -intent none]
[21:27:44.54] /o oa:0x25eac1d0
[21:27:44.84] /# gi::executeAction deSelectActive -in [gi::getWindows 30]
[21:27:44.84] /i de::deselectAll [db::getNext [de::getContexts -window 30]]
[21:27:44.84] /i de::deselectAllLogic -context [db::getNext [de::getContexts -window 30]]
[21:27:44.92] /i gi::executeAction deCanvasDragCancel -in [gi::getWindows 30]
[21:27:45.53] /# gi::executeAction deSelectActive -in [gi::getWindows 30]
[21:27:45.53] /i de::deselectAllLogic -context [db::getNext [de::getContexts -window 30]]
[21:27:45.85] /# gi::executeAction leStretch -in [gi::getWindows 30]
[21:27:45.85] /i ile::stretch
[21:27:46.34] /# gi::executeAction deAddPoint -in [gi::getWindows 30]
[21:27:46.34] /i de::addPoint {1.428 0.767} -context [db::getNext [de::getContexts -window 30]]
[21:27:47.08] /# gi::executeAction deAddPoint -in [gi::getWindows 30]
[21:27:47.08] /i de::addPoint {1.405 0.769} -context [db::getNext [de::getContexts -window 30]]
[21:27:47.85] /# gi::executeAction deAbortCommand -in [gi::getWindows 30]
[21:27:47.85] /i de::abortCommand -context [db::getNext [de::getContexts -window 30]]
[21:27:48.50] /# gi::executeAction deSelectActive -in [gi::getWindows 30]
[21:27:48.50] /i de::deselectAllLogic -context [db::getNext [de::getContexts -window 30]]
[21:27:49.55] /# gi::executeAction leStretch -in [gi::getWindows 30]
[21:27:49.55] /i ile::stretch
[21:27:50.21] /# gi::executeAction deAddPoint -in [gi::getWindows 30]
[21:27:50.21] /i de::addPoint {1.429 0.758} -context [db::getNext [de::getContexts -window 30]]
[21:27:51.20] /# gi::executeAction deAbortCommand -in [gi::getWindows 30]
[21:27:51.20] /i de::abortCommand -context [db::getNext [de::getContexts -window 30]]
[21:27:51.43] /# gi::executeAction deSelectActive -in [gi::getWindows 30]
[21:27:51.43] /i de::deselectAll [db::getNext [de::getContexts -window 30]]
[21:27:51.43] /i de::select [de::getActiveFigure [gi::getWindows 30] -point {1.397 0.756} -index 0 -intent none]
[21:27:51.44] /o oa:0x2742c5d0
[21:27:51.75] /# gi::executeAction deCanvasZoomInAtPoint -in [gi::getWindows 30]
[21:27:51.75] /i de::zoom -window [gi::getWindows 30] -factor 2.0 -center {1.396 0.752}
[21:27:51.75] /o {1.149 0.617} {1.695 0.939}
[21:27:51.84] /# gi::executeAction deCanvasZoomInAtPoint -in [gi::getWindows 30]
[21:27:51.84] /i de::zoom -window [gi::getWindows 30] -factor 2.0 -center {1.396 0.752}
[21:27:51.84] /o {1.273 0.685} {1.545 0.845}
[21:27:52.36] /# gi::executeAction leStretch -in [gi::getWindows 30]
[21:27:52.36] /i ile::stretch
[21:27:52.63] /# gi::executeAction deAddPoint -in [gi::getWindows 30]
[21:27:52.63] /i de::addPoint {1.446 0.757} -context [db::getNext [de::getContexts -window 30]]
[21:27:52.72] /# gi::executeAction deAbortCommand -in [gi::getWindows 30]
[21:27:52.72] /i de::abortCommand -context [db::getNext [de::getContexts -window 30]]
[21:27:52.98] /# gi::executeAction deCanvasZoomOutAtPoint -in [gi::getWindows 30]
[21:27:52.98] /i de::zoom -window [gi::getWindows 30] -factor 0.5 -center {1.439 0.754}
[21:27:52.98] /o {1.106 0.615} {1.652 0.937}
[21:27:53.02] /# gi::executeAction deCanvasZoomOutAtPoint -in [gi::getWindows 30]
[21:27:53.02] /i de::zoom -window [gi::getWindows 30] -factor 0.5 -center {1.439 0.753}
[21:27:53.02] /o {0.773 0.478} {1.864 1.121}
[21:27:53.40] /# gi::executeAction deSelectActive -in [gi::getWindows 30]
[21:27:53.40] /i de::deselectAll [db::getNext [de::getContexts -window 30]]
[21:27:53.40] /i de::deselectAllLogic -context [db::getNext [de::getContexts -window 30]]
[21:27:53.98] /# gi::executeAction leStretch -in [gi::getWindows 30]
[21:27:53.98] /i ile::stretch
[21:27:54.56] /# gi::executeAction deAddPoint -in [gi::getWindows 30]
[21:27:54.56] /i de::addPoint {1.424 0.768} -context [db::getNext [de::getContexts -window 30]]
[21:27:55.70] /# gi::executeAction deAddPoint -in [gi::getWindows 30]
[21:27:55.70] /i de::addPoint {1.345 0.764} -context [db::getNext [de::getContexts -window 30]]
[21:27:55.87] /# gi::executeAction deAbortCommand -in [gi::getWindows 30]
[21:27:55.87] /i de::abortCommand -context [db::getNext [de::getContexts -window 30]]
[21:27:56.85] /i gi::executeAction deSaveDesign -in [gi::getWindows 30]
[21:27:56.85] /m Information: Saving design 'project_d_ff TG_in layout'. (DESIGN_WINDOW-004)
[21:27:58.17] /# gi::executeAction xtDRCRun -in [gi::getWindows 30]
[21:27:58.17] /i xt::physicalVerification::executeRun drc 30
[21:27:58.35] /# xt::physicalVerification::executePve drc 30
[21:27:58.36] /e Error: xtDRCHerculesRunsetFile: preference value is empty in '/home/itsupport/Desktop/lab1vlsi/synopsys_custom/TG_in.hercules.drc_pve' scope.
[21:27:58.64] /i gi::setActiveDialog [gi::getDialogs {xtDRCSetup} -parent [gi::getWindows 30]]
[21:27:58.91] /i db::setAttr geometry -of [gi::getDialogs {xtDRCSetup} -parent [gi::getWindows 30]] -value 475x427+865+447
[21:27:59.77] /i gi::pressButton {/tabGroup/mainTab/runDir/browseButton} -in [gi::getDialogs {xtDRCSetup} -parent [gi::getWindows 30]]
[21:28:02.34] /r giFileDialog accept .
[21:28:04.60] /i gi::pressButton {/tabGroup/mainTab/jobParametersGroup/runsetFile/browseButton} -in [gi::getDialogs {xtDRCSetup} -parent [gi::getWindows 30]]
[21:28:14.44] /r giFileDialog accept PDK/hercules/drc/reference_drc.ev
[21:28:14.96] /i gi::pressButton {/apply} -in [gi::getDialogs {xtDRCSetup} -parent [gi::getWindows 30]]
[21:28:14.96] /# gi::setActiveTab {/tabGroup} -tabName {/tabGroup/customOptionsTab} -in [gi::getDialogs {xtDRCSetup} -parent [gi::getWindows 30]]
[21:28:14.96] /e Error: The requested action could not be completed because one or more inputs are incomplete or invalid. (CUSTOM_WIDGETS-001)
[21:28:16.23] /i gi::setField {/tabGroup/customOptionsTab/layerMapFile/entryField} -value {/remote/dept-seg-cae2/FTK/agarwals/PERFORCE/IPL/reference/90nm/techfiles/reference90RF_layer.map} -in [gi::getDialogs {xtDRCSetup} -parent [gi::getWindows 30]]
[21:28:16.31] /i gi::pressButton {/tabGroup/customOptionsTab/layerMapFile/browseButton} -in [gi::getDialogs {xtDRCSetup} -parent [gi::getWindows 30]]
[21:28:24.53] /r giFileDialog accept PDK/techfiles/reference90RF_layer.map
[21:28:25.03] /i gi::pressButton {/apply} -in [gi::getDialogs {xtDRCSetup} -parent [gi::getWindows 30]]
[21:28:25.43] /# xt::physicalVerification::executePve drc 30
[21:28:26.19] /r giWindowId 32
[21:28:26.20] /r giWindowGeometry 800x600
[21:28:27.11] /m Information: 
              /c =============================
              /c JobID: hercules_drc_9
              /c --- ERROR SUMMARY -----------
              /c 1.6: P gate to Contact spacing >= 0.08
              /c  EXTERNAL pdiff_cont pgate { } (100) .................... 2 violations found.
              /c 7.10: Minimum spacing for Polysilicon >= 0.09
              /c  EXTERNAL POLS { } (101) ................................ 1 violation found.
              /c 7.11: Minimum area of Polysilicon >= 0.05
              /c  AREA POLS { } (101) .................................... 1 violation found.
              /c 7.29: Minimum spacing for Metal 1 >= 0.1
              /c  EXTERNAL M1S { } (101) ................................. 2 violations found.
              /c 7.30: Minimum area of Metal 1 >= 0.04
              /c  AREA M1S { } (101) ..................................... 1 violation found.
              /c 7.32: Minimum width for Metal 2 >= 0.15
              /c  INTERNAL M2S { } (101) ................................. 1 violation found.
              /c 7.35: Minimum area of Metal 2 >= 0.06
              /c  AREA M2S { } (101) ..................................... 1 violation found.
              /c 7.65: Minimum spacing from Polysilicon to Contact >= 0.08
              /c  EXTERNAL POLS CONTS { } (102) .......................... 2 violations found.
              /c =============================
              /c 
[21:28:27.50] /j ::xt::hercules::vue::_private::registerConnection localhost:42971 tcp72 herculesVue_1 
[21:28:27.52] /m Information: Connection established with 'Hercules-VUE' running on 'localhost'.
[21:28:27.56] /j ::xt::hercules::vue::_private::isJobReady 
[21:28:27.56] /o true
[21:28:27.58] /j ::xt::hercules::vue::startFilter LAY 
[21:28:27.74] /j ::xt::hercules::vue::setInlibPath /home/itsupport/Desktop/lab1vlsi/. 
[21:28:27.76] /j ::xt::hercules::vue::setTopLayLCV project_d_ff TG_in layout 
[21:28:27.78] /j ::xt::hercules::vue::openCell project_d_ff TG_in layout 
[21:28:31.00] /j ::xt::hercules::vue::clearAllHighlights TG_in layout 
[21:28:31.00] /j ::xt::hercules::vue::clearAllHighlights TG_in layout 
[21:28:31.21] /m Information: Connection closed with 'Hercules-VUE' running on 'localhost'.
[21:28:31.44] /i gi::closeWindows [gi::getDialogs {xtDRCSetup} -parent [gi::getWindows 30]]
[21:28:32.01] /i gi::setActiveWindow 30
[21:28:32.01] /i gi::setActiveWindow 30 -raise true
[21:28:32.40] /# gi::executeAction deCanvasZoomOutAtPoint -in [gi::getWindows 30]
[21:28:32.40] /i de::zoom -window [gi::getWindows 30] -factor 0.5 -center {1.332 0.971}
[21:28:32.40] /o {0.215 -0.016} {2.396 1.27}
[21:28:32.44] /# gi::executeAction deCanvasZoomOutAtPoint -in [gi::getWindows 30]
[21:28:32.44] /i de::zoom -window [gi::getWindows 30] -factor 0.5 -center {1.324 0.965}
[21:28:32.44] /o {-0.895 -0.997} {3.469 1.576}
[21:28:32.96] /# gi::executeAction deFitView -in [gi::getWindows 30]
[21:28:32.96] /i de::fit -window 30 -fitView true
[21:28:32.96] /o {-1.207 0.041} {3.157 2.614}
[21:28:34.08] /# gi::executeAction deSelectActive -in [gi::getWindows 30]
[21:28:34.08] /i de::deselectAll [db::getNext [de::getContexts -window 30]]
[21:28:34.08] /i de::select [de::getActiveFigure [gi::getWindows 30] -point {1.213 2.23} -index 0 -intent none]
[21:28:34.08] /o oa:0x24e59450
[21:28:34.52] /# gi::executeAction leStartStretchDrag -in [gi::getWindows 30]
[21:28:34.52] /i layout_editor::directStretch [de::getActiveFigure [gi::getWindows 30] -point {1.213 2.23} -index 0 -intent none] 30
[21:28:34.52] /# ile::stretch -point {1.215 2.23}
[21:28:35.31] /# gi::executeAction deEndDrag -in [gi::getWindows 30]
[21:28:35.31] /i de::endDrag {1.218 2.397} -context [db::getNext [de::getContexts -window 30]]
[21:28:36.49] /# gi::executeAction deSelectActive -in [gi::getWindows 30]
[21:28:36.49] /i de::deselectAll [db::getNext [de::getContexts -window 30]]
[21:28:36.49] /i de::select [de::getActiveFigure [gi::getWindows 30] -point {1.313 0.769} -index 0 -intent none]
[21:28:36.49] /o oa:0x23dd7ec0
[21:28:37.10] /# gi::executeAction deCanvasZoomInAtPoint -in [gi::getWindows 30]
[21:28:37.10] /i de::zoom -window [gi::getWindows 30] -factor 2.0 -center {1.321 0.769}
[21:28:37.10] /o {0.057 0.405} {2.239 1.691}
[21:28:37.14] /# gi::executeAction deCanvasZoomInAtPoint -in [gi::getWindows 30]
[21:28:37.14] /i de::zoom -window [gi::getWindows 30] -factor 2.0 -center {1.321 0.769}
[21:28:37.15] /o {0.689 0.587} {1.78 1.23}
[21:28:37.62] /# gi::executeAction deSelectActive -in [gi::getWindows 30]
[21:28:37.62] /i de::deselectAll [db::getNext [de::getContexts -window 30]]
[21:28:37.62] /i de::select [de::getActiveFigure [gi::getWindows 30] -point {1.299 0.745} -index 0 -intent none]
[21:28:37.63] /o oa:0x24cd3280
[21:28:38.76] /# gi::executeAction deSelectActive -in [gi::getWindows 30]
[21:28:38.76] /i de::cycleActiveFigure [gi::getWindows 30] -direction next
[21:28:38.77] /o oa:0x235cb5d0
[21:28:38.77] /i de::deselectAll [db::getNext [de::getContexts -window 30]]
[21:28:38.77] /i de::select [de::getActiveFigure [gi::getWindows 30] -point {1.299 0.746} -index 1 -intent none]
[21:28:38.77] /o oa:0x1cff1e10
[21:28:40.97] /# gi::executeAction deSelectActive -in [gi::getWindows 30]
[21:28:40.97] /i de::cycleActiveFigure [gi::getWindows 30] -direction next
[21:28:40.97] /o oa:0x26e32f40
[21:28:40.97] /i de::deselectAll [db::getNext [de::getContexts -window 30]]
[21:28:40.97] /i de::select [de::getActiveFigure [gi::getWindows 30] -point {1.31 0.772} -index 1 -intent none]
[21:28:40.97] /o oa:0x1e7a3eb0
[21:28:41.63] /# gi::executeAction deSelectActive -in [gi::getWindows 30]
[21:28:41.63] /i de::deselectAll [db::getNext [de::getContexts -window 30]]
[21:28:41.63] /i de::select [de::getActiveFigure [gi::getWindows 30] -point {1.314 0.774} -index 0 -intent none]
[21:28:41.63] /o oa:0x2622f9d0
[21:28:42.20] /# gi::executeAction deSelectActive -in [gi::getWindows 30]
[21:28:42.20] /i de::cycleActiveFigure [gi::getWindows 30] -direction next
[21:28:42.21] /o oa:0x27a8f7c0
[21:28:42.21] /i de::deselectAll [db::getNext [de::getContexts -window 30]]
[21:28:42.21] /i de::select [de::getActiveFigure [gi::getWindows 30] -point {1.314 0.774} -index 1 -intent none]
[21:28:42.21] /o oa:0x1cff1b70
[21:28:43.71] /i gi::setItemSelection {attributes} -index {height,all} -in [gi::getAssistants dePropertyEditor -from [gi::getWindows 30]]
[21:28:43.71] /i gi::setCurrentIndex {attributes} -index {height,Value} -in [gi::getAssistants dePropertyEditor -from [gi::getWindows 30]]
[21:28:44.91] /i gi::setField {attributes} -value {0.15} -index {height,Value} -in [gi::getAssistants dePropertyEditor -from [gi::getWindows 30]]
[21:28:44.91] /i gi::executeAction dePropertyEditorApplyChanges -in [gi::getAssistants dePropertyEditor -from [gi::getWindows 30]]
[21:28:45.98] /# gi::executeAction deSelectActive -in [gi::getWindows 30]
[21:28:45.98] /i de::deselectAll [db::getNext [de::getContexts -window 30]]
[21:28:45.98] /i de::deselectAllLogic -context [db::getNext [de::getContexts -window 30]]
[21:28:49.08] /# gi::executeAction leRectangle -in [gi::getWindows 30]
[21:28:49.08] /i ile::createRectangle
[21:28:52.58] /# gi::executeAction deAbortCommand -in [gi::getWindows 30]
[21:28:52.58] /i de::abortCommand -context [db::getNext [de::getContexts -window 30]]
[21:28:53.20] /# gi::executeAction leVia -in [gi::getWindows 30]
[21:28:53.20] /i ile::createVia
[21:28:53.22] /o oa:0x23b7dde0
[21:28:54.68] /# gi::executeAction deAddPoint -in [gi::getWindows 30]
[21:28:54.68] /i de::addPoint {1.306 0.763} -context [db::getNext [de::getContexts -window 30]]
[21:28:54.94] /# gi::executeAction deAbortCommand -in [gi::getWindows 30]
[21:28:54.94] /i de::abortCommand -context [db::getNext [de::getContexts -window 30]]
[21:28:55.01] /# gi::executeAction deCanvasZoomOutAtPoint -in [gi::getWindows 30]
[21:28:55.01] /i de::zoom -window [gi::getWindows 30] -factor 0.5 -center {1.356 0.728}
[21:28:55.01] /o {0.022 0.446} {2.204 1.732}
[21:28:55.44] /# gi::executeAction deFitView -in [gi::getWindows 30]
[21:28:55.45] /i de::fit -window 30 -fitView true
[21:28:55.45] /o {-1.362 0.032} {3.312 2.788}
[21:28:56.09] /# gi::executeAction deCanvasZoomInAtPoint -in [gi::getWindows 30]
[21:28:56.09] /i de::zoom -window [gi::getWindows 30] -factor 2.0 -center {1.078 0.58}
[21:28:56.10] /o {-0.142 0.306} {2.195 1.684}
[21:28:56.31] /# gi::executeAction deCanvasZoomInAtPoint -in [gi::getWindows 30]
[21:28:56.31] /i de::zoom -window [gi::getWindows 30] -factor 2.0 -center {1.078 0.572}
[21:28:56.31] /o {0.468 0.439} {1.637 1.128}
[21:28:57.00] /# gi::executeAction deCanvasZoomOutAtPoint -in [gi::getWindows 30]
[21:28:57.00] /i de::zoom -window [gi::getWindows 30] -factor 0.5 -center {1.169 0.786}
[21:28:57.00] /o {-0.233 0.092} {2.104 1.47}
[21:28:57.47] /# gi::executeAction deCanvasZoomOutAtPoint -in [gi::getWindows 30]
[21:28:57.47] /i de::zoom -window [gi::getWindows 30] -factor 0.5 -center {1.244 0.799}
[21:28:57.47] /o {-1.71 -0.615} {2.964 2.141}
[21:28:59.26] /# gi::executeAction deSelectByWindow -in [gi::getWindows 30]
[21:28:59.27] /i db::setPrefValue deSelectMode -value Replace -scope [db::getScopes [db::getNext [de::getContexts -window 30]]]; ide::selectByRegion -region rectangle -point {0.62 0.94} 
[21:28:59.78] /# gi::executeAction deEndDrag -in [gi::getWindows 30]
[21:28:59.78] /i de::endDrag {1.905 -0.014} -context [db::getNext [de::getContexts -window 30]]
[21:29:00.41] /# gi::executeAction deSelectActive -in [gi::getWindows 30]
[21:29:00.41] /i de::deselectAll [db::getNext [de::getContexts -window 30]]
[21:29:00.41] /i de::deselectAllLogic -context [db::getNext [de::getContexts -window 30]]
[21:29:27.39] /# gi::executeAction deSelectActive -in [gi::getWindows 30]
[21:29:27.39] /i de::deselectAll [db::getNext [de::getContexts -window 30]]
[21:29:27.39] /i de::select [de::getActiveFigure [gi::getWindows 30] -point {1.164 0.218} -index 0 -intent none]
[21:29:27.39] /o oa:0x2591d3c0
[21:29:29.38] /# gi::executeAction leAutoFlipHorizontal -in [gi::getWindows 30]
[21:29:29.38] /i ::le::_impl::autoRotate ile::autoFlipHorizontal MY {-1.672 0.168}
[21:29:30.29] /# gi::executeAction deCanvasZoomInAtPoint -in [gi::getWindows 30]
[21:29:30.29] /i de::zoom -window [gi::getWindows 30] -factor 2.0 -center {1.631 0.57}
[21:29:30.29] /o {-0.04 -0.022} {2.298 1.355}
[21:29:31.14] /# gi::executeAction deSelectActive -in [gi::getWindows 30]
[21:29:31.14] /i de::deselectAll [db::getNext [de::getContexts -window 30]]
[21:29:31.14] /i de::select [de::getActiveFigure [gi::getWindows 30] -point {1.183 0.789} -index 0 -intent none]
[21:29:31.14] /o oa:0x2731b0f0
[21:29:31.89] /# gi::executeAction deSelectActive -in [gi::getWindows 30]
[21:29:31.89] /i de::cycleActiveFigure [gi::getWindows 30] -direction next
[21:29:31.89] /o oa:0x27beeb80
[21:29:31.89] /i de::deselectAll [db::getNext [de::getContexts -window 30]]
[21:29:31.89] /i de::select [de::getActiveFigure [gi::getWindows 30] -point {1.183 0.789} -index 1 -intent none]
[21:29:31.89] /o oa:0x26924100
[21:29:32.60] /# gi::executeAction leDelete -in [gi::getWindows 30]
[21:29:32.60] /i ile::delete
[21:29:33.26] /# gi::executeAction deSelectActive -in [gi::getWindows 30]
[21:29:33.26] /i de::deselectAllLogic -context [db::getNext [de::getContexts -window 30]]
[21:29:34.09] /# gi::executeAction deSelectActive -in [gi::getWindows 30]
[21:29:34.09] /i de::deselectAll [db::getNext [de::getContexts -window 30]]
[21:29:34.09] /i de::select [de::getActiveFigure [gi::getWindows 30] -point {1.296 0.833} -index 0 -intent none]
[21:29:34.09] /o oa:0x2571be80
[21:34:38.38] /# gi::executeAction deCanvasZoomOutAtPoint -in [gi::getWindows 30]
[21:34:38.38] /i de::zoom -window [gi::getWindows 30] -factor 0.5 -center {1.56 0.418}
[21:34:38.38] /o {-1.639 -0.463} {3.035 2.293}
[21:34:39.07] /# gi::executeAction deCanvasZoomInAtPoint -in [gi::getWindows 30]
[21:34:39.07] /i de::zoom -window [gi::getWindows 30] -factor 2.0 -center {1.408 0.757}
[21:34:39.07] /o {-0.116 0.147} {2.222 1.525}
[21:34:40.18] /# gi::executeAction deSelectActive -in [gi::getWindows 30]
[21:34:40.18] /i de::deselectAll [db::getNext [de::getContexts -window 30]]
[21:34:40.18] /i de::select [de::getActiveFigure [gi::getWindows 30] -point {0.813 0.891} -index 0 -intent none]
[21:34:40.18] /o oa:0x24eaefb0
[21:34:41.78] /# gi::executeAction deSelectActive -in [gi::getWindows 30]
[21:34:41.78] /i de::deselectAll [db::getNext [de::getContexts -window 30]]
[21:34:41.78] /i de::select [de::getActiveFigure [gi::getWindows 30] -point {1.506 0.501} -index 0 -intent none]
[21:34:41.78] /o oa:0x2766ed90
[21:34:43.41] /# gi::executeAction leAutoFlipHorizontal -in [gi::getWindows 30]
[21:34:43.41] /i ::le::_impl::autoRotate ile::autoFlipHorizontal MY {-0.116 0.878}
[21:34:44.19] /# gi::executeAction deSelectActive -in [gi::getWindows 30]
[21:34:44.19] /i de::deselectAll [db::getNext [de::getContexts -window 30]]
[21:34:44.19] /i de::deselectAllLogic -context [db::getNext [de::getContexts -window 30]]
[21:34:48.50] /# gi::executeAction leRectangle -in [gi::getWindows 30]
[21:34:48.50] /i ile::createRectangle
[21:34:49.61] /# gi::executeAction deAbortCommand -in [gi::getWindows 30]
[21:34:49.61] /i de::abortCommand -context [db::getNext [de::getContexts -window 30]]
[21:34:50.06] /# gi::executeAction deSelectActive -in [gi::getWindows 30]
[21:34:50.06] /i de::deselectAll [db::getNext [de::getContexts -window 30]]
[21:34:50.06] /i de::select [de::getActiveFigure [gi::getWindows 30] -point {1.005 0.867} -index 0 -intent none]
[21:34:50.06] /o oa:0x1eef8b90
[21:34:50.56] /# gi::executeAction leStartStretchDrag -in [gi::getWindows 30]
[21:34:50.56] /i layout_editor::directStretch [de::getActiveFigure [gi::getWindows 30] -point {1.005 0.869} -index 0 -intent none] 30
[21:34:50.56] /# ile::stretch -point {1.005 0.87}
[21:34:51.69] /# gi::executeAction deEndDrag -in [gi::getWindows 30]
[21:34:51.69] /i de::endDrag {0.993 0.869} -context [db::getNext [de::getContexts -window 30]]
[21:35:35.34] /# gi::executeAction deSelectActive -in [gi::getWindows 30]
[21:35:35.34] /i de::deselectAll [db::getNext [de::getContexts -window 30]]
[21:35:35.34] /i de::select [de::getActiveFigure [gi::getWindows 30] -point {0.831 0.921} -index 0 -intent none]
[21:35:35.34] /o oa:0x23c02550
[21:35:36.12] /# gi::executeAction deSelectActive -in [gi::getWindows 30]
[21:35:36.12] /i de::cycleActiveFigure [gi::getWindows 30] -direction next
[21:35:36.12] /o oa:0x25617510
[21:35:36.98] /# gi::executeAction deSelectActive -in [gi::getWindows 30]
[21:35:36.98] /i de::deselectAll [db::getNext [de::getContexts -window 30]]
[21:35:36.98] /i de::deselectAllLogic -context [db::getNext [de::getContexts -window 30]]
[21:35:37.07] /i gi::executeAction deCanvasDragCancel -in [gi::getWindows 30]
[21:35:37.81] /# gi::executeAction leStretch -in [gi::getWindows 30]
[21:35:37.81] /i ile::stretch
[21:35:38.55] /# gi::executeAction deAddPoint -in [gi::getWindows 30]
[21:35:38.55] /i de::addPoint {0.81 1.235} -context [db::getNext [de::getContexts -window 30]]
[21:35:39.80] /# gi::executeAction deAddPoint -in [gi::getWindows 30]
[21:35:39.80] /i de::addPoint {0.786 1.404} -context [db::getNext [de::getContexts -window 30]]
[21:35:40.00] /# gi::executeAction deAbortCommand -in [gi::getWindows 30]
[21:35:40.00] /i de::abortCommand -context [db::getNext [de::getContexts -window 30]]
[21:35:41.24] /# gi::executeAction deSelectActive -in [gi::getWindows 30]
[21:35:41.24] /i de::deselectAll [db::getNext [de::getContexts -window 30]]
[21:35:41.24] /i de::select [de::getActiveFigure [gi::getWindows 30] -point {1.439 0.595} -index 0 -intent none]
[21:35:41.24] /o oa:0x2583f150
[21:35:41.91] /# gi::executeAction leStartStretchDrag -in [gi::getWindows 30]
[21:35:41.91] /i layout_editor::directStretch [de::getActiveFigure [gi::getWindows 30] -point {1.439 0.595} -index 0 -intent none] 30
[21:35:41.91] /# ile::stretch -point {1.44 0.595}
[21:35:42.93] /# gi::executeAction deEndDrag -in [gi::getWindows 30]
[21:35:42.93] /i de::endDrag {1.429 0.595} -context [db::getNext [de::getContexts -window 30]]
[21:35:43.62] /# gi::executeAction deSelectActive -in [gi::getWindows 30]
[21:35:43.62] /i de::deselectAll [db::getNext [de::getContexts -window 30]]
[21:35:43.62] /i de::select [de::getActiveFigure [gi::getWindows 30] -point {0.868 0.878} -index 0 -intent none]
[21:35:43.62] /o oa:0x1ed07920
[21:35:44.16] /# gi::executeAction deSelectActive -in [gi::getWindows 30]
[21:35:44.16] /i de::deselectAll [db::getNext [de::getContexts -window 30]]
[21:35:44.16] /i de::select [de::getActiveFigure [gi::getWindows 30] -point {0.837 0.952} -index 0 -intent none]
[21:35:44.16] /o oa:0x26299ec0
[21:35:44.66] /# gi::executeAction leStartStretchDrag -in [gi::getWindows 30]
[21:35:44.66] /i layout_editor::directStretch [de::getActiveFigure [gi::getWindows 30] -point {0.837 0.952} -index 0 -intent none] 30
[21:35:44.66] /# ile::stretch -point {0.835 0.95}
[21:35:45.43] /# gi::executeAction deEndDrag -in [gi::getWindows 30]
[21:35:45.43] /i de::endDrag {0.831 0.952} -context [db::getNext [de::getContexts -window 30]]
[21:35:46.35] /# gi::executeAction deSelectActive -in [gi::getWindows 30]
[21:35:46.35] /i de::deselectAll [db::getNext [de::getContexts -window 30]]
[21:35:46.35] /i de::select [de::getActiveFigure [gi::getWindows 30] -point {1.216 0.626} -index 0 -intent none]
[21:35:46.36] /o oa:0x1f10af10
[21:35:46.93] /# gi::executeAction leStartStretchDrag -in [gi::getWindows 30]
[21:35:46.93] /i layout_editor::directStretch [de::getActiveFigure [gi::getWindows 30] -point {1.18 0.605} -index 0 -intent none] 30
[21:35:46.93] /# ile::stretch -point {1.18 0.605}
[21:35:48.64] /# gi::executeAction deEndDrag -in [gi::getWindows 30]
[21:35:48.64] /i de::endDrag {1.183 0.605} -context [db::getNext [de::getContexts -window 30]]
[21:35:49.84] /# gi::executeAction leStartStretchDrag -in [gi::getWindows 30]
[21:35:49.84] /i layout_editor::directStretch [de::getActiveFigure [gi::getWindows 30] -point {1.183 0.605} -index 0 -intent none] 30
[21:35:49.84] /# ile::stretch -point {1.185 0.605}
[21:35:52.39] /# gi::executeAction deEndDrag -in [gi::getWindows 30]
[21:35:52.39] /i de::endDrag {1.18 0.599} -context [db::getNext [de::getContexts -window 30]]
[21:35:53.17] /# gi::executeAction leStartStretchDrag -in [gi::getWindows 30]
[21:35:53.18] /i layout_editor::directStretch [de::getActiveFigure [gi::getWindows 30] -point {1.167 0.586} -index 0 -intent none] 30
[21:35:53.18] /# ile::stretch -point {1.165 0.585}
[21:35:53.63] /# gi::executeAction deEndDrag -in [gi::getWindows 30]
[21:35:53.63] /i de::endDrag {1.171 0.586} -context [db::getNext [de::getContexts -window 30]]
[21:35:54.15] /# gi::executeAction deSelectActive -in [gi::getWindows 30]
[21:35:54.15] /i de::deselectAll [db::getNext [de::getContexts -window 30]]
[21:35:54.15] /i de::select [de::getActiveFigure [gi::getWindows 30] -point {1.319 0.68} -index 0 -intent none]
[21:35:54.15] /o oa:0x264c8110
[21:35:54.69] /# gi::executeAction leStartStretchDrag -in [gi::getWindows 30]
[21:35:54.69] /i layout_editor::directStretch [de::getActiveFigure [gi::getWindows 30] -point {1.317 0.68} -index 0 -intent none] 30
[21:35:54.69] /# ile::stretch -point {1.315 0.68}
[21:35:58.12] /# gi::executeAction deEndDrag -in [gi::getWindows 30]
[21:35:58.12] /i de::endDrag {1.305 0.729} -context [db::getNext [de::getContexts -window 30]]
[21:35:59.44] /# gi::executeAction leVia -in [gi::getWindows 30]
[21:35:59.44] /i ile::createVia
[21:35:59.46] /o oa:0x24ef7be0
[21:36:01.92] /# gi::executeAction deAddPoint -in [gi::getWindows 30]
[21:36:01.92] /i de::addPoint {1.286 0.762} -context [db::getNext [de::getContexts -window 30]]
[21:36:02.26] /# gi::executeAction deAbortCommand -in [gi::getWindows 30]
[21:36:02.26] /i de::abortCommand -context [db::getNext [de::getContexts -window 30]]
[21:36:03.73] /i gi::executeAction deSaveDesign -in [gi::getWindows 30]
[21:36:03.73] /m Information: Saving design 'project_d_ff TG_in layout'. (DESIGN_WINDOW-004)
[21:36:04.97] /# gi::executeAction xtDRCRun -in [gi::getWindows 30]
[21:36:04.97] /i xt::physicalVerification::executeRun drc 30
[21:36:05.07] /# xt::physicalVerification::executePve drc 30
[21:36:07.11] /m Information: 
              /c =============================
              /c JobID: hercules_drc_10
              /c --- ERROR SUMMARY -----------
              /c 7.10: Minimum spacing for Polysilicon >= 0.09
              /c  EXTERNAL POLS { } (101) ................................ 1 violation found.
              /c 7.11: Minimum area of Polysilicon >= 0.05
              /c  AREA POLS { } (101) .................................... 1 violation found.
              /c 7.29: Minimum spacing for Metal 1 >= 0.1
              /c  EXTERNAL M1S { } (101) ................................. 1 violation found.
              /c 7.35: Minimum area of Metal 2 >= 0.06
              /c  AREA M2S { } (101) ..................................... 1 violation found.
              /c =============================
              /c 
[21:36:07.41] /j ::xt::hercules::vue::_private::registerConnection localhost:53973 tcp78 herculesVue_2 
[21:36:07.46] /j ::xt::hercules::vue::_private::isJobReady 
[21:36:07.46] /o false
[21:36:08.46] /j ::xt::hercules::vue::_private::isJobReady 
[21:36:08.46] /o false
[21:36:09.47] /m Information: Connection established with 'Hercules-VUE' running on 'localhost'.
[21:36:09.47] /j ::xt::hercules::vue::_private::isJobReady 
[21:36:09.47] /o true
[21:36:09.47] /j ::xt::hercules::vue::startFilter LAY 
[21:36:09.63] /j ::xt::hercules::vue::setInlibPath /home/itsupport/Desktop/lab1vlsi/. 
[21:36:09.65] /j ::xt::hercules::vue::setTopLayLCV project_d_ff TG_in layout 
[21:36:09.67] /j ::xt::hercules::vue::openCell project_d_ff TG_in layout 
[21:36:09.82] /i gi::executeAction giCloseWindow -in [gi::getWindows 32]
[21:36:09.83] /i gi::setActiveWindow 30
[21:36:09.83] /i gi::setActiveWindow 30 -raise true
[21:36:10.95] /# gi::executeAction leRectangle -in [gi::getWindows 30]
[21:36:10.95] /i ile::createRectangle
[21:36:12.38] /# gi::executeAction deAbortCommand -in [gi::getWindows 30]
[21:36:12.38] /i de::abortCommand -context [db::getNext [de::getContexts -window 30]]
[21:36:13.65] /# gi::executeAction leRectangle -in [gi::getWindows 30]
[21:36:13.65] /i ile::createRectangle
[21:36:16.17] /# gi::executeAction leRectangle -in [gi::getWindows 30]
[21:36:16.18] /i ile::createRectangle
[21:36:20.62] /i de::setActiveLPP [de::getLPPs "poly drawing" -from [db::getAttr editDesign -of [de::getContexts -window 30]]]
[21:36:21.74] /# gi::executeAction leRectangle -in [gi::getWindows 30]
[21:36:21.74] /i ile::createRectangle
[21:36:22.10] /# gi::executeAction deCanvasZoomInAtPoint -in [gi::getWindows 30]
[21:36:22.10] /i de::zoom -window [gi::getWindows 30] -factor 2.0 -center {0.738 0.686}
[21:36:22.10] /o {0.311 0.417} {1.48 1.105}
[21:36:23.68] /# gi::executeAction deAddPoint -in [gi::getWindows 30]
[21:36:23.68] /i de::addPoint {0.925 0.822} -context [db::getNext [de::getContexts -window 30]]
[21:36:29.63] /# gi::executeAction deAddPoint -in [gi::getWindows 30]
[21:36:29.64] /i de::addPoint {1.075 0.721} -context [db::getNext [de::getContexts -window 30]]
[21:36:33.42] /# gi::executeAction deAddPoint -in [gi::getWindows 30]
[21:36:33.42] /i de::addPoint {1.102 0.486} -context [db::getNext [de::getContexts -window 30]]
[21:36:36.38] /# gi::executeAction deAddPoint -in [gi::getWindows 30]
[21:36:36.38] /i de::addPoint {0.995 0.821} -context [db::getNext [de::getContexts -window 30]]
[21:36:36.74] /# gi::executeAction deAbortCommand -in [gi::getWindows 30]
[21:36:36.74] /i de::abortCommand -context [db::getNext [de::getContexts -window 30]]
[21:36:37.51] /# gi::executeAction deSelectActive -in [gi::getWindows 30]
[21:36:37.51] /i de::deselectAll [db::getNext [de::getContexts -window 30]]
[21:36:37.51] /i de::select [de::getActiveFigure [gi::getWindows 30] -point {1.141 0.803} -index 0 -intent none]
[21:36:37.52] /o oa:0x26e25f40
[21:36:38.02] /# gi::executeAction leStartStretchDrag -in [gi::getWindows 30]
[21:36:38.02] /i layout_editor::directStretch [de::getActiveFigure [gi::getWindows 30] -point {1.149 0.801} -index 0 -intent none] 30
[21:36:38.02] /# ile::stretch -point {1.15 0.8}
[21:36:38.85] /# gi::executeAction deEndDrag -in [gi::getWindows 30]
[21:36:38.85] /i de::endDrag {1.164 0.896} -context [db::getNext [de::getContexts -window 30]]
[21:36:39.40] /# gi::executeAction deSelectActive -in [gi::getWindows 30]
[21:36:39.40] /i de::deselectAll [db::getNext [de::getContexts -window 30]]
[21:36:39.40] /i de::select [de::getActiveFigure [gi::getWindows 30] -point {1.398 0.782} -index 0 -intent none]
[21:36:39.40] /o oa:0x289075b0
[21:36:39.86] /# gi::executeAction leStartStretchDrag -in [gi::getWindows 30]
[21:36:39.86] /i layout_editor::directStretch [de::getActiveFigure [gi::getWindows 30] -point {1.398 0.784} -index 0 -intent none] 30
[21:36:39.86] /# ile::stretch -point {1.4 0.785}
[21:36:41.28] /# gi::executeAction deEndDrag -in [gi::getWindows 30]
[21:36:41.28] /i de::endDrag {1.385 0.857} -context [db::getNext [de::getContexts -window 30]]
[21:36:41.66] /# gi::executeAction deSelectActive -in [gi::getWindows 30]
[21:36:41.66] /i de::deselectAll [db::getNext [de::getContexts -window 30]]
[21:36:41.66] /i de::select [de::getActiveFigure [gi::getWindows 30] -point {1.34 0.677} -index 0 -intent none]
[21:36:41.66] /o oa:0x25c17180
[21:36:42.36] /# gi::executeAction deSelectActive -in [gi::getWindows 30]
[21:36:42.36] /i de::deselectAll [db::getNext [de::getContexts -window 30]]
[21:36:42.36] /i de::deselectAllLogic -context [db::getNext [de::getContexts -window 30]]
[21:36:42.59] /# gi::executeAction leStretch -in [gi::getWindows 30]
[21:36:42.59] /i ile::stretch
[21:36:42.92] /# gi::executeAction deAddPoint -in [gi::getWindows 30]
[21:36:42.92] /i de::addPoint {1.178 0.715} -context [db::getNext [de::getContexts -window 30]]
[21:36:45.09] /# gi::executeAction deAddPoint -in [gi::getWindows 30]
[21:36:45.09] /i de::addPoint {1.169 0.808} -context [db::getNext [de::getContexts -window 30]]
[21:36:45.42] /# gi::executeAction deAddPoint -in [gi::getWindows 30]
[21:36:45.42] /i de::addPoint {1.182 0.707} -context [db::getNext [de::getContexts -window 30]]
[21:36:47.76] /# gi::executeAction deCanvasZoomInAtPoint -in [gi::getWindows 30]
[21:36:47.76] /i de::zoom -window [gi::getWindows 30] -factor 2.0 -center {0.955 0.704}
[21:36:47.76] /o {0.633 0.56} {1.217 0.905}
[21:36:48.09] /# gi::executeAction leStretch -in [gi::getWindows 30]
[21:36:48.09] /i ile::stretch
[21:36:48.46] /# gi::executeAction deAddPoint -in [gi::getWindows 30]
[21:36:48.46] /i de::addPoint {0.957 0.698} -context [db::getNext [de::getContexts -window 30]]
[21:36:49.50] /# gi::executeAction deAddPoint -in [gi::getWindows 30]
[21:36:49.50] /i de::addPoint {0.96 0.721} -context [db::getNext [de::getContexts -window 30]]
[21:36:49.73] /# gi::executeAction deAbortCommand -in [gi::getWindows 30]
[21:36:49.73] /i de::abortCommand -context [db::getNext [de::getContexts -window 30]]
[21:36:50.03] /# gi::executeAction deSelectActive -in [gi::getWindows 30]
[21:36:50.03] /i de::deselectAllLogic -context [db::getNext [de::getContexts -window 30]]
[21:36:51.33] /# gi::executeAction deCanvasZoomOutAtPoint -in [gi::getWindows 30]
[21:36:51.33] /i de::zoom -window [gi::getWindows 30] -factor 0.5 -center {1.116 0.778}
[21:36:51.33] /o {0.15 0.343} {1.319 1.031}
[21:36:51.39] /# gi::executeAction deCanvasZoomOutAtPoint -in [gi::getWindows 30]
[21:36:51.39] /i de::zoom -window [gi::getWindows 30] -factor 0.5 -center {1.115 0.777}
[21:36:51.39] /o {-0.815 -0.092} {1.523 1.286}
[21:36:51.94] /# gi::executeAction deCanvasZoomInAtPoint -in [gi::getWindows 30]
[21:36:51.94] /i de::zoom -window [gi::getWindows 30] -factor 2.0 -center {1.16 0.856}
[21:36:51.94] /o {0.173 0.382} {1.341 1.071}
[21:36:52.05] /# gi::executeAction deCanvasZoomInAtPoint -in [gi::getWindows 30]
[21:36:52.05] /i de::zoom -window [gi::getWindows 30] -factor 2.0 -center {1.164 0.859}
[21:36:52.05] /o {0.668 0.621} {1.253 0.965}
[21:36:52.36] /# gi::executeAction leStretch -in [gi::getWindows 30]
[21:36:52.36] /i ile::stretch
[21:36:53.61] /# gi::executeAction deAbortCommand -in [gi::getWindows 30]
[21:36:53.61] /i de::abortCommand -context [db::getNext [de::getContexts -window 30]]
[21:36:54.29] /# gi::executeAction deSelectActive -in [gi::getWindows 30]
[21:36:54.29] /i de::deselectAll [db::getNext [de::getContexts -window 30]]
[21:36:54.29] /i de::select [de::getActiveFigure [gi::getWindows 30] -point {1.101 0.881} -index 0 -intent none]
[21:36:54.29] /o oa:0x232f6960
[21:36:55.00] /# gi::executeAction leStartStretchDrag -in [gi::getWindows 30]
[21:36:55.00] /i layout_editor::directStretch [de::getActiveFigure [gi::getWindows 30] -point {1.117 0.88} -index 0 -intent none] 30
[21:36:55.00] /# ile::stretch -point {1.115 0.88}
[21:36:55.68] /# gi::executeAction deEndDrag -in [gi::getWindows 30]
[21:36:55.68] /i de::endDrag {1.125 0.879} -context [db::getNext [de::getContexts -window 30]]
[21:36:55.92] /# gi::executeAction deCanvasZoomOutAtPoint -in [gi::getWindows 30]
[21:36:55.92] /i de::zoom -window [gi::getWindows 30] -factor 0.5 -center {1.075 0.892}
[21:36:55.92] /o {0.262 0.349} {1.43 1.038}
[21:36:56.22] /# gi::executeAction deFitView -in [gi::getWindows 30]
[21:36:56.22] /i de::fit -window 30 -fitView true
[21:36:56.22] /o {-1.362 0.032} {3.312 2.788}
[21:36:57.69] /i gi::executeAction deSaveDesign -in [gi::getWindows 30]
[21:36:57.69] /m Information: Saving design 'project_d_ff TG_in layout'. (DESIGN_WINDOW-004)
[21:36:59.61] /# gi::executeAction xtDRCRun -in [gi::getWindows 30]
[21:36:59.61] /i xt::physicalVerification::executeRun drc 30
[21:36:59.71] /# xt::physicalVerification::executePve drc 30
[21:37:00.52] /r giWindowId 33
[21:37:00.53] /r giWindowGeometry 800x600
[21:37:01.41] /m Information: 
              /c =============================
              /c JobID: hercules_drc_11
              /c --- ERROR SUMMARY -----------
              /c 7.29: Minimum spacing for Metal 1 >= 0.1
              /c  EXTERNAL M1S { } (101) ................................. 1 violation found.
              /c 7.35: Minimum area of Metal 2 >= 0.06
              /c  AREA M2S { } (101) ..................................... 1 violation found.
              /c 7.61: Minimum spacing from Polysilicon to Diffusion >= 0.045
              /c  EXTERNAL POLS DIFN { } (102) ........................... 1 violation found.
              /c =============================
              /c 
[21:37:01.70] /j ::xt::hercules::vue::_private::registerConnection localhost:45752 tcp84 herculesVue_3 
[21:37:01.71] /m Information: Connection established with 'Hercules-VUE' running on 'localhost'.
[21:37:01.75] /j ::xt::hercules::vue::_private::isJobReady 
[21:37:01.75] /o true
[21:37:01.77] /j ::xt::hercules::vue::startFilter LAY 
[21:37:01.96] /j ::xt::hercules::vue::setInlibPath /home/itsupport/Desktop/lab1vlsi/. 
[21:37:01.97] /j ::xt::hercules::vue::setTopLayLCV project_d_ff TG_in layout 
[21:37:01.99] /j ::xt::hercules::vue::openCell project_d_ff TG_in layout 
[21:37:04.17] /j ::xt::hercules::vue::clearAllHighlights TG_in layout 
[21:37:04.20] /j ::xt::hercules::vue::clearAllHighlights TG_in layout 
[21:37:04.41] /m Information: Connection closed with 'Hercules-VUE' running on 'localhost'.
[21:37:05.31] /i gi::executeAction giCloseWindow -in [gi::getWindows 33]
[21:37:05.32] /i gi::setActiveWindow 30
[21:37:05.32] /i gi::setActiveWindow 30 -raise true
[21:37:06.65] /# gi::executeAction deCanvasZoomInAtPoint -in [gi::getWindows 30]
[21:37:06.65] /i de::zoom -window [gi::getWindows 30] -factor 2.0 -center {1.238 0.321}
[21:37:06.65] /o {-0.062 0.177} {2.275 1.554}
[21:37:07.51] /# gi::executeAction deSelectActive -in [gi::getWindows 30]
[21:37:07.51] /i de::deselectAll [db::getNext [de::getContexts -window 30]]
[21:37:07.51] /i de::select [de::getActiveFigure [gi::getWindows 30] -point {1.301 0.697} -index 0 -intent none]
[21:37:07.51] /o oa:0x25909f50
[21:37:08.13] /# gi::executeAction leStartStretchDrag -in [gi::getWindows 30]
[21:37:08.13] /i layout_editor::directStretch [de::getActiveFigure [gi::getWindows 30] -point {1.301 0.697} -index 0 -intent none] 30
[21:37:08.13] /# ile::stretch -point {1.3 0.695}
[21:37:09.34] /# gi::executeAction deEndDrag -in [gi::getWindows 30]
[21:37:09.34] /i de::endDrag {1.295 0.7} -context [db::getNext [de::getContexts -window 30]]
[21:37:10.33] /# gi::executeAction leStartStretchDrag -in [gi::getWindows 30]
[21:37:10.33] /i layout_editor::directStretch [de::getActiveFigure [gi::getWindows 30] -point {1.295 0.696} -index 0 -intent none] 30
[21:37:10.34] /# ile::stretch -point {1.295 0.695}
[21:37:11.48] /# gi::executeAction deEndDrag -in [gi::getWindows 30]
[21:37:11.48] /i de::endDrag {1.296 0.709} -context [db::getNext [de::getContexts -window 30]]
[21:37:13.04] /# gi::executeAction xtDRCRun -in [gi::getWindows 30]
[21:37:13.04] /i xt::physicalVerification::executeRun drc 30
[21:37:13.11] /# xt::physicalVerification::executePve drc 30
[21:37:13.92] /r giWindowId 34
[21:37:13.93] /r giWindowGeometry 800x600
[21:37:14.91] /m Information: 
              /c =============================
              /c JobID: hercules_drc_12
              /c --- ERROR SUMMARY -----------
              /c 7.29: Minimum spacing for Metal 1 >= 0.1
              /c  EXTERNAL M1S { } (101) ................................. 1 violation found.
              /c 7.35: Minimum area of Metal 2 >= 0.06
              /c  AREA M2S { } (101) ..................................... 1 violation found.
              /c 7.61: Minimum spacing from Polysilicon to Diffusion >= 0.045
              /c  EXTERNAL POLS DIFN { } (102) ........................... 1 violation found.
              /c =============================
              /c 
[21:37:15.20] /j ::xt::hercules::vue::_private::registerConnection localhost:43497 tcp90 herculesVue_4 
[21:37:15.22] /m Information: Connection established with 'Hercules-VUE' running on 'localhost'.
[21:37:15.26] /j ::xt::hercules::vue::_private::isJobReady 
[21:37:15.26] /o true
[21:37:15.28] /j ::xt::hercules::vue::startFilter LAY 
[21:37:15.47] /j ::xt::hercules::vue::setInlibPath /home/itsupport/Desktop/lab1vlsi/. 
[21:37:15.50] /j ::xt::hercules::vue::setTopLayLCV project_d_ff TG_in layout 
[21:37:15.50] /j ::xt::hercules::vue::openCell project_d_ff TG_in layout 
[21:37:25.35] /j ::xt::hercules::vue::clearAllHighlights TG_in layout 
[21:37:25.37] /j ::xt::hercules::vue::clearAllHighlights TG_in layout 
[21:37:25.51] /m Information: Connection closed with 'Hercules-VUE' running on 'localhost'.
[21:37:26.18] /i gi::executeAction giCloseWindow -in [gi::getWindows 34]
[21:37:26.19] /i gi::setActiveWindow 30
[21:37:26.19] /i gi::setActiveWindow 30 -raise true
[21:37:26.87] /# gi::executeAction deCanvasZoomOutAtPoint -in [gi::getWindows 30]
[21:37:26.87] /i de::zoom -window [gi::getWindows 30] -factor 0.5 -center {1.149 0.892}
[21:37:26.87] /o {-1.273 -0.539} {3.401 2.217}
[21:37:27.67] /# gi::executeAction deCanvasZoomInAtPoint -in [gi::getWindows 30]
[21:37:27.67] /i de::zoom -window [gi::getWindows 30] -factor 2.0 -center {1.033 0.681}
[21:37:27.67] /o {-0.12 0.071} {2.217 1.449}
[21:37:28.55] /# gi::executeAction deSelectActive -in [gi::getWindows 30]
[21:37:28.55] /i de::deselectAll [db::getNext [de::getContexts -window 30]]
[21:37:28.55] /i de::select [de::getActiveFigure [gi::getWindows 30] -point {1.042 0.648} -index 0 -intent none]
[21:37:28.55] /o oa:0x26f7fc30
[21:37:28.96] /# gi::executeAction deCanvasZoomInAtPoint -in [gi::getWindows 30]
[21:37:28.96] /i de::zoom -window [gi::getWindows 30] -factor 2.0 -center {1.04 0.648}
[21:37:28.96] /o {0.46 0.36} {1.629 1.048}
[21:37:29.56] /# gi::executeAction leStartStretchDrag -in [gi::getWindows 30]
[21:37:29.56] /i layout_editor::directStretch [de::getActiveFigure [gi::getWindows 30] -point {1.043 0.648} -index 0 -intent none] 30
[21:37:29.56] /# ile::stretch -point {1.045 0.65}
[21:37:31.68] /# gi::executeAction deEndDrag -in [gi::getWindows 30]
[21:37:31.69] /i de::endDrag {1.043 0.648} -context [db::getNext [de::getContexts -window 30]]
[21:37:32.62] /i gi::setItemSelection {attributes} -index {LPP,all} -in [gi::getAssistants dePropertyEditor -from [gi::getWindows 30]]
[21:37:32.62] /i gi::setCurrentIndex {attributes} -index {LPP,Value} -in [gi::getAssistants dePropertyEditor -from [gi::getWindows 30]]
[21:37:33.54] /i gi::setItemSelection {attributes} -index {width,all} -in [gi::getAssistants dePropertyEditor -from [gi::getWindows 30]]
[21:37:33.55] /i gi::setCurrentIndex {attributes} -index {width,Value} -in [gi::getAssistants dePropertyEditor -from [gi::getWindows 30]]
[21:37:34.37] /i gi::setField {attributes} -value {0.1} -index {width,Value} -in [gi::getAssistants dePropertyEditor -from [gi::getWindows 30]]
[21:37:34.37] /i gi::executeAction dePropertyEditorApplyChanges -in [gi::getAssistants dePropertyEditor -from [gi::getWindows 30]]
[21:37:36.33] /i gi::executeAction deSaveDesign -in [gi::getWindows 30]
[21:37:36.33] /m Information: Saving design 'project_d_ff TG_in layout'. (DESIGN_WINDOW-004)
[21:37:37.04] /# gi::executeAction deSelectActive -in [gi::getWindows 30]
[21:37:37.04] /i de::deselectAll [db::getNext [de::getContexts -window 30]]
[21:37:37.04] /i de::select [de::getActiveFigure [gi::getWindows 30] -point {1.161 0.927} -index 0 -intent none]
[21:37:37.04] /o oa:0x278df7c0
[21:37:38.68] /# gi::executeAction deSelectActive -in [gi::getWindows 30]
[21:37:38.68] /i de::cycleActiveFigure [gi::getWindows 30] -direction next
[21:37:38.68] /o oa:0x1f020cd0
[21:37:38.68] /i de::deselectAll [db::getNext [de::getContexts -window 30]]
[21:37:38.68] /i de::select [de::getActiveFigure [gi::getWindows 30] -point {1.161 0.927} -index 1 -intent none]
[21:37:38.68] /o oa:0x275ddaf0
[21:37:39.91] /# gi::executeAction xtDRCRun -in [gi::getWindows 30]
[21:37:39.91] /i xt::physicalVerification::executeRun drc 30
[21:37:40.00] /# xt::physicalVerification::executePve drc 30
[21:37:40.82] /r giWindowId 35
[21:37:40.83] /r giWindowGeometry 800x600
[21:37:42.52] /m Information: 
              /c =============================
              /c JobID: hercules_drc_13
              /c --- ERROR SUMMARY -----------
              /c 7.29: Minimum spacing for Metal 1 >= 0.1
              /c  EXTERNAL M1S { } (101) ................................. 1 violation found.
              /c 7.35: Minimum area of Metal 2 >= 0.06
              /c  AREA M2S { } (101) ..................................... 1 violation found.
              /c =============================
              /c 
[21:37:42.97] /j ::xt::hercules::vue::_private::registerConnection localhost:41477 tcp95 herculesVue_5 
[21:37:42.97] /m Information: Connection established with 'Hercules-VUE' running on 'localhost'.
[21:37:43.03] /j ::xt::hercules::vue::_private::isJobReady 
[21:37:43.03] /o true
[21:37:43.05] /j ::xt::hercules::vue::startFilter LAY 
[21:37:43.17] /j ::xt::hercules::vue::setInlibPath /home/itsupport/Desktop/lab1vlsi/. 
[21:37:43.18] /j ::xt::hercules::vue::setTopLayLCV project_d_ff TG_in layout 
[21:37:43.18] /j ::xt::hercules::vue::openCell project_d_ff TG_in layout 
[21:37:52.37] /j ::xt::hercules::vue::clearAllHighlights TG_in layout 
[21:37:52.41] /j ::xt::hercules::vue::clearAllHighlights TG_in layout 
[21:37:52.61] /m Information: Connection closed with 'Hercules-VUE' running on 'localhost'.
[21:37:52.91] /i gi::setActiveWindow 30
[21:37:52.91] /i gi::setActiveWindow 30 -raise true
[21:37:56.06] /# gi::executeAction deCanvasZoomInAtPoint -in [gi::getWindows 30]
[21:37:56.06] /i de::zoom -window [gi::getWindows 30] -factor 2.0 -center {1.071 0.775}
[21:37:56.06] /o {0.765 0.567} {1.35 0.912}
[21:37:56.39] /# gi::executeAction deCanvasZoomInAtPoint -in [gi::getWindows 30]
[21:37:56.39] /i de::zoom -window [gi::getWindows 30] -factor 2.0 -center {1.071 0.777}
[21:37:56.39] /o {0.918 0.672} {1.21 0.844}
[21:37:56.53] /# gi::executeAction deCanvasZoomInAtPoint -in [gi::getWindows 30]
[21:37:56.53] /i de::zoom -window [gi::getWindows 30] -factor 2.0 -center {1.071 0.777}
[21:37:56.53] /o {0.995 0.725} {1.141 0.811}
[21:37:56.67] /# gi::executeAction leStretch -in [gi::getWindows 30]
[21:37:56.67] /i ile::stretch
[21:37:57.20] /# gi::executeAction deAddPoint -in [gi::getWindows 30]
[21:37:57.20] /i de::addPoint {1.074 0.776} -context [db::getNext [de::getContexts -window 30]]
[21:37:57.74] /# gi::executeAction deAbortCommand -in [gi::getWindows 30]
[21:37:57.74] /i de::abortCommand -context [db::getNext [de::getContexts -window 30]]
[21:37:57.79] /# gi::executeAction deCanvasZoomOutAtPoint -in [gi::getWindows 30]
[21:37:57.79] /i de::zoom -window [gi::getWindows 30] -factor 0.5 -center {1.075 0.774}
[21:37:57.79] /o {0.914 0.675} {1.206 0.847}
[21:37:58.31] /# gi::executeAction deSelectActive -in [gi::getWindows 30]
[21:37:58.31] /i de::deselectAll [db::getNext [de::getContexts -window 30]]
[21:37:58.31] /i de::deselectAllLogic -context [db::getNext [de::getContexts -window 30]]
[21:37:58.98] /# gi::executeAction leStretch -in [gi::getWindows 30]
[21:37:58.98] /i ile::stretch
[21:37:59.23] /# gi::executeAction deAddPoint -in [gi::getWindows 30]
[21:37:59.23] /i de::addPoint {1.074 0.775} -context [db::getNext [de::getContexts -window 30]]
[21:38:00.26] /# gi::executeAction deAddPoint -in [gi::getWindows 30]
[21:38:00.26] /i de::addPoint {1.095 0.774} -context [db::getNext [de::getContexts -window 30]]
[21:38:00.37] /# gi::executeAction deAbortCommand -in [gi::getWindows 30]
[21:38:00.37] /i de::abortCommand -context [db::getNext [de::getContexts -window 30]]
[21:38:01.22] /i gi::executeAction deSaveDesign -in [gi::getWindows 30]
[21:38:01.22] /m Information: Saving design 'project_d_ff TG_in layout'. (DESIGN_WINDOW-004)
[21:38:02.44] /# gi::executeAction xtDRCRun -in [gi::getWindows 30]
[21:38:02.44] /i xt::physicalVerification::executeRun drc 30
[21:38:02.53] /# xt::physicalVerification::executePve drc 30
[21:38:04.31] /m Information: 
              /c =============================
              /c JobID: hercules_drc_14
              /c --- ERROR SUMMARY -----------
              /c 7.29: Minimum spacing for Metal 1 >= 0.1
              /c  EXTERNAL M1S { } (101) ................................. 1 violation found.
              /c 7.35: Minimum area of Metal 2 >= 0.06
              /c  AREA M2S { } (101) ..................................... 1 violation found.
              /c =============================
              /c 
[21:38:04.58] /j ::xt::hercules::vue::_private::registerConnection localhost:53606 tcp102 herculesVue_6 
[21:38:04.61] /m Information: Connection established with 'Hercules-VUE' running on 'localhost'.
[21:38:04.64] /j ::xt::hercules::vue::_private::isJobReady 
[21:38:04.64] /o true
[21:38:04.66] /j ::xt::hercules::vue::startFilter LAY 
[21:38:04.84] /j ::xt::hercules::vue::setInlibPath /home/itsupport/Desktop/lab1vlsi/. 
[21:38:04.86] /j ::xt::hercules::vue::setTopLayLCV project_d_ff TG_in layout 
[21:38:04.88] /j ::xt::hercules::vue::openCell project_d_ff TG_in layout 
[21:38:12.07] /j ::xt::hercules::vue::clearAllHighlights TG_in layout 
[21:38:12.09] /j ::xt::hercules::vue::clearAllHighlights TG_in layout 
[21:38:12.21] /m Information: Connection closed with 'Hercules-VUE' running on 'localhost'.
[21:38:12.98] /i gi::executeAction giCloseWindow -in [gi::getWindows 35]
[21:38:12.98] /i gi::setActiveWindow 30
[21:38:12.98] /i gi::setActiveWindow 30 -raise true
[21:38:13.67] /# gi::executeAction deFitView -in [gi::getWindows 30]
[21:38:13.67] /i de::fit -window 30 -fitView true
[21:38:13.67] /o {-1.362 0.032} {3.312 2.788}
[21:38:14.45] /# gi::executeAction deCanvasZoomInAtPoint -in [gi::getWindows 30]
[21:38:14.45] /i de::zoom -window [gi::getWindows 30] -factor 2.0 -center {1.256 0.749}
[21:38:14.45] /o {-0.053 0.391} {2.284 1.768}
[21:38:14.54] /# gi::executeAction deCanvasZoomInAtPoint -in [gi::getWindows 30]
[21:38:14.54] /i de::zoom -window [gi::getWindows 30] -factor 2.0 -center {1.256 0.749}
[21:38:14.54] /o {0.601 0.57} {1.77 1.259}
[21:38:15.10] /# gi::executeAction deSelectActive -in [gi::getWindows 30]
[21:38:15.10] /i de::deselectAll [db::getNext [de::getContexts -window 30]]
[21:38:15.10] /i de::select [de::getActiveFigure [gi::getWindows 30] -point {1.194 0.856} -index 0 -intent none]
[21:38:15.10] /o oa:0x25eabc30
[21:38:15.49] /# gi::executeAction deSelectActive -in [gi::getWindows 30]
[21:38:15.49] /i de::deselectAll [db::getNext [de::getContexts -window 30]]
[21:38:15.49] /i de::select [de::getActiveFigure [gi::getWindows 30] -point {1.178 0.857} -index 0 -intent none]
[21:38:15.49] /o oa:0x1e6d3db0
[21:38:16.10] /# gi::executeAction deSelectActive -in [gi::getWindows 30]
[21:38:16.10] /i de::cycleActiveFigure [gi::getWindows 30] -direction next
[21:38:16.10] /o oa:0x1f4e6560
[21:38:16.10] /i de::deselectAll [db::getNext [de::getContexts -window 30]]
[21:38:16.10] /i de::select [de::getActiveFigure [gi::getWindows 30] -point {1.168 0.861} -index 1 -intent none]
[21:38:16.10] /o oa:0x24e0c520
[21:38:17.48] /# gi::executeAction deSelectActive -in [gi::getWindows 30]
[21:38:17.48] /i de::deselectAll [db::getNext [de::getContexts -window 30]]
[21:38:17.48] /i de::deselectAllLogic -context [db::getNext [de::getContexts -window 30]]
[21:38:17.73] /# gi::executeAction deSelectActive -in [gi::getWindows 30]
[21:38:17.73] /i de::deselectAll [db::getNext [de::getContexts -window 30]]
[21:38:17.73] /i de::select [de::getActiveFigure [gi::getWindows 30] -point {1.397 0.865} -index 0 -intent none]
[21:38:17.73] /o oa:0x272e3310
[21:38:18.18] /# gi::executeAction deSelectActive -in [gi::getWindows 30]
[21:38:18.18] /i de::cycleActiveFigure [gi::getWindows 30] -direction next
[21:38:18.18] /o oa:0x277ceae0
[21:38:18.67] /# gi::executeAction leStartStretchDrag -in [gi::getWindows 30]
[21:38:18.67] /i layout_editor::directStretch [de::getActiveFigure [gi::getWindows 30] -point {1.352 0.865} -index 0 -intent none] 30
[21:38:18.67] /# db::setPrefValue deSelectMode -value Replace -scope [db::getScopes [db::getNext [de::getContexts -window 30]]]; ide::selectByRegion -region rectangle -point {1.35 0.865} 
[21:38:19.11] /# gi::executeAction deEndDrag -in [gi::getWindows 30]
[21:38:19.11] /i de::endDrag {1.577 0.853} -context [db::getNext [de::getContexts -window 30]]
[21:38:19.42] /# gi::executeAction deSelectActive -in [gi::getWindows 30]
[21:38:19.42] /i de::deselectAll [db::getNext [de::getContexts -window 30]]
[21:38:19.42] /i de::select [de::getActiveFigure [gi::getWindows 30] -point {1.32 0.839} -index 0 -intent none]
[21:38:19.42] /o oa:0x278c3450
[21:38:20.23] /# gi::executeAction leDelete -in [gi::getWindows 30]
[21:38:20.23] /i ile::delete
[21:38:22.75] /i de::undoTransaction -design [db::getAttr editDesign -of [de::getContexts -window 30]] -steps 1
[21:38:23.24] /i gi::executeAction deCanvasDragCancel -in [gi::getWindows 30]
[21:38:23.43] /# gi::executeAction deSelectActive -in [gi::getWindows 30]
[21:38:23.43] /i de::deselectAll [db::getNext [de::getContexts -window 30]]
[21:38:23.43] /i de::select [de::getActiveFigure [gi::getWindows 30] -point {1.396 0.865} -index 0 -intent none]
[21:38:23.43] /o oa:0x26ce0fd0
[21:38:24.15] /# gi::executeAction leDelete -in [gi::getWindows 30]
[21:38:24.15] /i ile::delete
[21:38:24.56] /i gi::executeAction deCanvasDragCancel -in [gi::getWindows 30]
[21:38:24.77] /# gi::executeAction deSelectActive -in [gi::getWindows 30]
[21:38:24.77] /i de::deselectAllLogic -context [db::getNext [de::getContexts -window 30]]
[21:38:25.08] /# gi::executeAction deCanvasZoomInAtPoint -in [gi::getWindows 30]
[21:38:25.08] /i de::zoom -window [gi::getWindows 30] -factor 2.0 -center {1.332 0.882}
[21:38:25.08] /o {0.967 0.726} {1.551 1.07}
[21:38:25.52] /# gi::executeAction leStretch -in [gi::getWindows 30]
[21:38:25.52] /i ile::stretch
[21:38:27.21] /# gi::executeAction deAbortCommand -in [gi::getWindows 30]
[21:38:27.21] /i de::abortCommand -context [db::getNext [de::getContexts -window 30]]
[21:38:27.68] /# gi::executeAction leStretch -in [gi::getWindows 30]
[21:38:27.68] /i ile::stretch
[21:38:27.99] /# gi::executeAction deAddPoint -in [gi::getWindows 30]
[21:38:27.99] /i de::addPoint {1.293 0.878} -context [db::getNext [de::getContexts -window 30]]
[21:38:29.54] /# gi::executeAction deAddPoint -in [gi::getWindows 30]
[21:38:29.54] /i de::addPoint {1.289 0.958} -context [db::getNext [de::getContexts -window 30]]
[21:38:29.67] /# gi::executeAction deAbortCommand -in [gi::getWindows 30]
[21:38:29.67] /i de::abortCommand -context [db::getNext [de::getContexts -window 30]]
[21:38:29.86] /# gi::executeAction deCanvasZoomOutAtPoint -in [gi::getWindows 30]
[21:38:29.86] /i de::zoom -window [gi::getWindows 30] -factor 0.5 -center {1.195 0.965}
[21:38:29.86] /o {0.738 0.487} {1.907 1.176}
[21:38:30.02] /# gi::executeAction deCanvasZoomOutAtPoint -in [gi::getWindows 30]
[21:38:30.02] /i de::zoom -window [gi::getWindows 30] -factor 0.5 -center {1.196 0.965}
[21:38:30.02] /o {0.281 0.009} {2.618 1.386}
[21:38:30.06] /# gi::executeAction deCanvasZoomOutAtPoint -in [gi::getWindows 30]
[21:38:30.06] /i de::zoom -window [gi::getWindows 30] -factor 0.5 -center {1.196 0.965}
[21:38:30.06] /o {-0.634 -0.948} {4.04 1.808}
[21:38:30.66] /# gi::executeAction deCanvasZoomInAtPoint -in [gi::getWindows 30]
[21:38:30.66] /i de::zoom -window [gi::getWindows 30] -factor 2.0 -center {1.196 1.028}
[21:38:30.66] /o {0.281 0.04} {2.618 1.418}
[21:38:31.25] /# gi::executeAction deCanvasZoomOutAtPoint -in [gi::getWindows 30]
[21:38:31.25] /i de::zoom -window [gi::getWindows 30] -factor 0.5 -center {1.264 1.095}
[21:38:31.25] /o {-0.702 -1.015} {3.972 1.741}
[21:38:33.70] /# gi::executeAction deCanvasZoomInAtPoint -in [gi::getWindows 30]
[21:38:33.70] /i de::zoom -window [gi::getWindows 30] -factor 2.0 -center {1.023 0.8}
[21:38:33.70] /o {0.16 -0.107} {2.498 1.27}
[21:38:33.81] /# gi::executeAction deCanvasZoomInAtPoint -in [gi::getWindows 30]
[21:38:33.81] /i de::zoom -window [gi::getWindows 30] -factor 2.0 -center {1.023 0.8}
[21:38:33.81] /o {0.592 0.346} {1.76 1.035}
[21:38:36.84] /# gi::executeAction deCanvasZoomOutAtPoint -in [gi::getWindows 30]
[21:38:36.84] /i de::zoom -window [gi::getWindows 30] -factor 0.5 -center {1.092 0.704}
[21:38:36.84] /o {0.091 -0.011} {2.429 1.366}
[21:38:36.87] /# gi::executeAction deCanvasZoomOutAtPoint -in [gi::getWindows 30]
[21:38:36.87] /i de::zoom -window [gi::getWindows 30] -factor 0.5 -center {1.084 0.704}
[21:38:36.87] /o {-0.901 -0.727} {3.773 2.029}
[21:38:37.58] /# gi::executeAction deSelectByWindow -in [gi::getWindows 30]
[21:38:37.58] /i db::setPrefValue deSelectMode -value Replace -scope [db::getScopes [db::getNext [de::getContexts -window 30]]]; ide::selectByRegion -region rectangle -point {0.35 0.72} 
[21:38:37.88] /# gi::executeAction deEndDrag -in [gi::getWindows 30]
[21:38:37.88] /i de::endDrag {2.208 -0.144} -context [db::getNext [de::getContexts -window 30]]
[21:38:39.13] /# gi::executeAction leStartStretchDrag -in [gi::getWindows 30]
[21:38:39.13] /i layout_editor::directStretch [de::getActiveFigure [gi::getWindows 30] -point {1.446 0.475} -index 0 -intent none] 30
[21:38:39.13] /# ile::stretch -point {1.445 0.475}
[21:38:43.24] /# gi::executeAction deEndDrag -in [gi::getWindows 30]
[21:38:43.24] /i de::endDrag {1.432 0.431} -context [db::getNext [de::getContexts -window 30]]
[21:38:43.52] /# gi::executeAction deSelectActive -in [gi::getWindows 30]
[21:38:43.52] /i de::deselectAll [db::getNext [de::getContexts -window 30]]
[21:38:43.52] /i de::deselectAllLogic -context [db::getNext [de::getContexts -window 30]]
[21:38:43.75] /# gi::executeAction deCanvasZoomInAtPoint -in [gi::getWindows 30]
[21:38:43.75] /i de::zoom -window [gi::getWindows 30] -factor 2.0 -center {1.003 0.624}
[21:38:43.76] /o {0.051 -0.051} {2.388 1.326}
[21:38:43.84] /# gi::executeAction deCanvasZoomInAtPoint -in [gi::getWindows 30]
[21:38:43.84] /i de::zoom -window [gi::getWindows 30] -factor 2.0 -center {1.002 0.63}
[21:38:43.85] /o {0.526 0.289} {1.695 0.978}
[21:38:44.39] /# gi::executeAction deSelectActive -in [gi::getWindows 30]
[21:38:44.39] /i de::deselectAll [db::getNext [de::getContexts -window 30]]
[21:38:44.39] /i de::select [de::getActiveFigure [gi::getWindows 30] -point {0.953 0.764} -index 0 -intent none]
[21:38:44.39] /o oa:0x273e28c0
[21:38:44.96] /# gi::executeAction deSelectActive -in [gi::getWindows 30]
[21:38:44.96] /i de::deselectAll [db::getNext [de::getContexts -window 30]]
[21:38:44.96] /i de::select [de::getActiveFigure [gi::getWindows 30] -point {1.078 0.768} -index 0 -intent none]
[21:38:44.96] /o oa:0x2361cc90
[21:38:45.44] /# gi::executeAction leStartStretchDrag -in [gi::getWindows 30]
[21:38:45.44] /i layout_editor::directStretch [de::getActiveFigure [gi::getWindows 30] -point {1.078 0.768} -index 0 -intent none] 30
[21:38:45.44] /# ile::stretch -point {1.08 0.77}
[21:38:46.31] /# gi::executeAction deEndDrag -in [gi::getWindows 30]
[21:38:46.32] /i de::endDrag {1.067 0.678} -context [db::getNext [de::getContexts -window 30]]
[21:38:46.81] /# gi::executeAction deSelectActive -in [gi::getWindows 30]
[21:38:46.81] /i de::deselectAll [db::getNext [de::getContexts -window 30]]
[21:38:46.81] /i de::deselectAllLogic -context [db::getNext [de::getContexts -window 30]]
[21:38:47.24] /# gi::executeAction leStretch -in [gi::getWindows 30]
[21:38:47.24] /i ile::stretch
[21:38:47.57] /# gi::executeAction deAddPoint -in [gi::getWindows 30]
[21:38:47.57] /i de::addPoint {1.058 0.82} -context [db::getNext [de::getContexts -window 30]]
[21:38:48.84] /# gi::executeAction deAddPoint -in [gi::getWindows 30]
[21:38:48.84] /i de::addPoint {1.055 0.732} -context [db::getNext [de::getContexts -window 30]]
[21:38:48.94] /# gi::executeAction deAbortCommand -in [gi::getWindows 30]
[21:38:48.94] /i de::abortCommand -context [db::getNext [de::getContexts -window 30]]
[21:38:49.23] /# gi::executeAction deSelectActive -in [gi::getWindows 30]
[21:38:49.23] /i de::deselectAll [db::getNext [de::getContexts -window 30]]
[21:38:49.23] /i de::select [de::getActiveFigure [gi::getWindows 30] -point {0.964 0.656} -index 0 -intent none]
[21:38:49.23] /o oa:0x26309ce0
[21:38:49.65] /# gi::executeAction leStartStretchDrag -in [gi::getWindows 30]
[21:38:49.65] /i layout_editor::directStretch [de::getActiveFigure [gi::getWindows 30] -point {0.964 0.656} -index 0 -intent none] 30
[21:38:49.65] /# ile::stretch -point {0.965 0.655}
[21:38:51.01] /# gi::executeAction deEndDrag -in [gi::getWindows 30]
[21:38:51.01] /i de::endDrag {0.971 0.677} -context [db::getNext [de::getContexts -window 30]]
[21:38:51.43] /# gi::executeAction leStretch -in [gi::getWindows 30]
[21:38:51.43] /i ile::stretch
[21:38:51.90] /# gi::executeAction deAddPoint -in [gi::getWindows 30]
[21:38:51.90] /i de::addPoint {0.9 0.646} -context [db::getNext [de::getContexts -window 30]]
[21:38:52.01] /# gi::executeAction deAbortCommand -in [gi::getWindows 30]
[21:38:52.01] /i de::abortCommand -context [db::getNext [de::getContexts -window 30]]
[21:38:52.74] /# gi::executeAction deCanvasZoomInAtPoint -in [gi::getWindows 30]
[21:38:52.74] /i de::zoom -window [gi::getWindows 30] -factor 2.0 -center {0.964 0.715}
[21:38:52.74] /o {0.745 0.502} {1.33 0.847}
[21:38:52.82] /# gi::executeAction deCanvasZoomInAtPoint -in [gi::getWindows 30]
[21:38:52.82] /i de::zoom -window [gi::getWindows 30] -factor 2.0 -center {0.964 0.715}
[21:38:52.82] /o {0.855 0.609} {1.147 0.781}
[21:38:53.01] /# gi::executeAction leStretch -in [gi::getWindows 30]
[21:38:53.01] /i ile::stretch
[21:38:53.44] /# gi::executeAction deAddPoint -in [gi::getWindows 30]
[21:38:53.44] /i de::addPoint {0.964 0.719} -context [db::getNext [de::getContexts -window 30]]
[21:38:53.95] /# gi::executeAction deAddPoint -in [gi::getWindows 30]
[21:38:53.95] /i de::addPoint {0.964 0.719} -context [db::getNext [de::getContexts -window 30]]
[21:38:54.41] /i gi::executeAction deCanvasDragCancel -in [gi::getWindows 30]
[21:38:54.88] /# gi::executeAction deSelectActive -in [gi::getWindows 30]
[21:38:54.88] /i de::deselectAll [db::getNext [de::getContexts -window 30]]
[21:38:54.88] /i de::deselectAllLogic -context [db::getNext [de::getContexts -window 30]]
[21:38:55.18] /# gi::executeAction leStretch -in [gi::getWindows 30]
[21:38:55.18] /i ile::stretch
[21:38:55.62] /# gi::executeAction deAddPoint -in [gi::getWindows 30]
[21:38:55.62] /i de::addPoint {0.96 0.72} -context [db::getNext [de::getContexts -window 30]]
[21:38:56.32] /# gi::executeAction deAddPoint -in [gi::getWindows 30]
[21:38:56.32] /i de::addPoint {0.953 0.651} -context [db::getNext [de::getContexts -window 30]]
[21:38:56.49] /# gi::executeAction deAbortCommand -in [gi::getWindows 30]
[21:38:56.49] /i de::abortCommand -context [db::getNext [de::getContexts -window 30]]
[21:38:57.03] /# gi::executeAction leStretch -in [gi::getWindows 30]
[21:38:57.03] /i ile::stretch
[21:38:57.24] /# gi::executeAction deAddPoint -in [gi::getWindows 30]
[21:38:57.24] /i de::addPoint {1.044 0.729} -context [db::getNext [de::getContexts -window 30]]
[21:38:58.10] /# gi::executeAction deAddPoint -in [gi::getWindows 30]
[21:38:58.10] /i de::addPoint {1.047 0.75} -context [db::getNext [de::getContexts -window 30]]
[21:38:59.11] /i gi::executeAction deSaveDesign -in [gi::getWindows 30]
[21:38:59.11] /m Information: Saving design 'project_d_ff TG_in layout'. (DESIGN_WINDOW-004)
[21:38:59.66] /# gi::executeAction deFitView -in [gi::getWindows 30]
[21:38:59.66] /i de::fit -window 30 -fitView true
[21:38:59.66] /o {-1.405 -0.015} {3.355 2.79}
[21:39:00.53] /# gi::executeAction deCanvasZoomInAtPoint -in [gi::getWindows 30]
[21:39:00.53] /i de::zoom -window [gi::getWindows 30] -factor 2.0 -center {1.207 0.879}
[21:39:00.53] /o {-0.099 0.432} {2.281 1.835}
[21:39:01.21] /# gi::executeAction deAbortCommand -in [gi::getWindows 30]
[21:39:01.21] /i de::abortCommand -context [db::getNext [de::getContexts -window 30]]
[21:39:01.50] /# gi::executeAction deCanvasZoomInAtPoint -in [gi::getWindows 30]
[21:39:01.50] /i de::zoom -window [gi::getWindows 30] -factor 2.0 -center {1.296 0.821}
[21:39:01.51] /o {0.599 0.626} {1.788 1.328}
[21:39:01.55] /# gi::executeAction deCanvasZoomInAtPoint -in [gi::getWindows 30]
[21:39:01.55] /i de::zoom -window [gi::getWindows 30] -factor 2.0 -center {1.299 0.821}
[21:39:01.56] /o {0.949 0.724} {1.544 1.074}
[21:39:02.05] /# gi::executeAction deSelectActive -in [gi::getWindows 30]
[21:39:02.05] /i de::deselectAll [db::getNext [de::getContexts -window 30]]
[21:39:02.05] /i de::select [de::getActiveFigure [gi::getWindows 30] -point {1.356 0.84} -index 0 -intent none]
[21:39:02.05] /o oa:0x2742b530
[21:39:03.61] /i gi::setItemSelection {attributes} -index {width,all} -in [gi::getAssistants dePropertyEditor -from [gi::getWindows 30]]
[21:39:03.61] /i gi::setCurrentIndex {attributes} -index {width,Value} -in [gi::getAssistants dePropertyEditor -from [gi::getWindows 30]]
[21:39:07.27] /i gi::setField {attributes} -value {0.3} -index {width,Value} -in [gi::getAssistants dePropertyEditor -from [gi::getWindows 30]]
[21:39:07.27] /i gi::executeAction dePropertyEditorApplyChanges -in [gi::getAssistants dePropertyEditor -from [gi::getWindows 30]]
[21:39:08.72] /# gi::executeAction leStartStretchDrag -in [gi::getWindows 30]
[21:39:08.72] /i layout_editor::directStretch [de::getActiveFigure [gi::getWindows 30] -point {1.358 0.909} -index 0 -intent none] 30
[21:39:08.72] /# ile::stretch -point {1.36 0.91}
[21:39:08.73] /# gi::executeAction deEndDrag -in [gi::getWindows 30]
[21:39:08.73] /i de::endDrag {1.359 0.909} -context [db::getNext [de::getContexts -window 30]]
[21:39:09.16] /# gi::executeAction leStartStretchDrag -in [gi::getWindows 30]
[21:39:09.16] /i layout_editor::directStretch [de::getActiveFigure [gi::getWindows 30] -point {1.376 0.909} -index 0 -intent none] 30
[21:39:09.16] /# ile::stretch -point {1.375 0.91}
[21:39:10.51] /# gi::executeAction deEndDrag -in [gi::getWindows 30]
[21:39:10.51] /i de::endDrag {1.365 0.905} -context [db::getNext [de::getContexts -window 30]]
[21:39:11.56] /# gi::executeAction leVia -in [gi::getWindows 30]
[21:39:11.56] /i ile::createVia
[21:39:11.59] /o oa:0x27afd8e0
[21:39:15.01] /# gi::executeAction deAddPoint -in [gi::getWindows 30]
[21:39:15.01] /i de::addPoint {1.289 0.858} -context [db::getNext [de::getContexts -window 30]]
[21:39:15.20] /# gi::executeAction deAbortCommand -in [gi::getWindows 30]
[21:39:15.20] /i de::abortCommand -context [db::getNext [de::getContexts -window 30]]
[21:39:17.42] /i gi::executeAction deSaveDesign -in [gi::getWindows 30]
[21:39:17.42] /m Information: Saving design 'project_d_ff TG_in layout'. (DESIGN_WINDOW-004)
[21:39:18.61] /# gi::executeAction xtDRCRun -in [gi::getWindows 30]
[21:39:18.61] /i xt::physicalVerification::executeRun drc 30
[21:39:18.69] /# xt::physicalVerification::executePve drc 30
[21:39:19.54] /r giWindowId 36
[21:39:19.55] /r giWindowGeometry 800x600
[21:39:20.41] /m Information: 
              /c =============================
              /c JobID: hercules_drc_15
              /c --- ERROR SUMMARY -----------
              /c 7.29: Minimum spacing for Metal 1 >= 0.1
              /c  EXTERNAL M1S { } (101) ................................. 1 violation found.
              /c 7.35: Minimum area of Metal 2 >= 0.06
              /c  AREA M2S { } (101) ..................................... 1 violation found.
              /c =============================
              /c 
[21:39:20.69] /j ::xt::hercules::vue::_private::registerConnection localhost:37152 tcp108 herculesVue_7 
[21:39:20.71] /m Information: Connection established with 'Hercules-VUE' running on 'localhost'.
[21:39:20.75] /j ::xt::hercules::vue::_private::isJobReady 
[21:39:20.75] /o true
[21:39:20.77] /j ::xt::hercules::vue::startFilter LAY 
[21:39:20.89] /j ::xt::hercules::vue::setInlibPath /home/itsupport/Desktop/lab1vlsi/. 
[21:39:20.90] /j ::xt::hercules::vue::setTopLayLCV project_d_ff TG_in layout 
[21:39:20.90] /j ::xt::hercules::vue::openCell project_d_ff TG_in layout 
[21:39:29.34] /j ::xt::hercules::vue::clearAllHighlights TG_in layout 
[21:39:31.02] /j ::xt::hercules::vue::clearAllHighlights TG_in layout 
[21:39:31.04] /j ::xt::hercules::vue::clearAllHighlights TG_in layout 
[21:39:31.06] /j ::xt::hercules::vue::openCell project_d_ff TG_in layout 
[21:39:32.52] /j ::xt::hercules::vue::clearAllHighlights TG_in layout 
[21:39:32.54] /j ::xt::hercules::vue::clearAllHighlights TG_in layout 
[21:39:32.56] /j ::xt::hercules::vue::setHighlightProperty TG_in layout yellow brick 
[21:39:32.60] /j ::xt::hercules::vue::addPolygonBegin 4 
[21:39:32.64] /j ::xt::hercules::vue::addPolygonPoints {1.100 0.810 1.100 0.960 1.400 0.960 1.400 0.810 1.100 0.810} 
[21:39:32.64] /j ::xt::hercules::vue::addPolygonEnd 
[21:39:32.64] /j ::xt::hercules::vue::setViewPort extents {1.062 0.791 1.438 0.979} LAY 
[21:39:32.66] /j ::xt::hercules::vue::addErrorDescription {"Area: 0.045"} 
[21:39:32.68] /j ::xt::hercules::vue::drawHighlights TG_in layout all 
[21:39:35.16] /j ::xt::hercules::vue::clearAllHighlights TG_in layout 
[21:39:35.18] /j ::xt::hercules::vue::clearAllHighlights TG_in layout 
[21:39:35.20] /j ::xt::hercules::vue::setHighlightProperty TG_in layout yellow brick 
[21:39:35.21] /j ::xt::hercules::vue::addPolygonBegin 4 
[21:39:35.27] /j ::xt::hercules::vue::addPolygonPoints {1.200 0.810 1.200 0.990 1.215 0.990 1.215 0.810 1.200 0.810} 
[21:39:35.27] /j ::xt::hercules::vue::addPolygonEnd 
[21:39:35.27] /j ::xt::hercules::vue::setViewPort extents {1.198 0.788 1.217 1.012} LAY 
[21:39:35.28] /j ::xt::hercules::vue::addErrorDescription {"Distance: 0.015"} 
[21:39:35.31] /j ::xt::hercules::vue::drawHighlights TG_in layout all 
[21:39:35.54] /j ::xt::hercules::vue::clearAllHighlights TG_in layout 
[21:39:35.56] /j ::xt::hercules::vue::clearAllHighlights TG_in layout 
[21:39:35.58] /j ::xt::hercules::vue::setHighlightProperty TG_in layout yellow brick 
[21:39:35.60] /j ::xt::hercules::vue::addPolygonBegin 4 
[21:39:35.64] /j ::xt::hercules::vue::addPolygonPoints {1.200 0.810 1.200 0.990 1.215 0.990 1.215 0.810 1.200 0.810} 
[21:39:35.64] /j ::xt::hercules::vue::addPolygonEnd 
[21:39:35.64] /j ::xt::hercules::vue::setViewPort extents {1.198 0.788 1.217 1.012} LAY 
[21:39:35.66] /j ::xt::hercules::vue::addErrorDescription {"Distance: 0.015"} 
[21:39:35.68] /j ::xt::hercules::vue::drawHighlights TG_in layout all 
[21:39:36.00] /j ::xt::hercules::vue::clearAllHighlights TG_in layout 
[21:39:36.01] /j ::xt::hercules::vue::clearAllHighlights TG_in layout 
[21:39:36.01] /j ::xt::hercules::vue::setHighlightProperty TG_in layout yellow brick 
[21:39:36.02] /j ::xt::hercules::vue::addPolygonBegin 4 
[21:39:36.06] /j ::xt::hercules::vue::addPolygonPoints {1.100 0.810 1.100 0.960 1.400 0.960 1.400 0.810 1.100 0.810} 
[21:39:36.06] /j ::xt::hercules::vue::addPolygonEnd 
[21:39:36.06] /j ::xt::hercules::vue::setViewPort extents {1.062 0.791 1.438 0.979} LAY 
[21:39:36.08] /j ::xt::hercules::vue::addErrorDescription {"Area: 0.045"} 
[21:39:36.10] /j ::xt::hercules::vue::drawHighlights TG_in layout all 
[21:39:36.40] /j ::xt::hercules::vue::clearAllHighlights TG_in layout 
[21:39:36.40] /j ::xt::hercules::vue::clearAllHighlights TG_in layout 
[21:39:36.40] /j ::xt::hercules::vue::setHighlightProperty TG_in layout yellow brick 
[21:39:36.41] /j ::xt::hercules::vue::addPolygonBegin 4 
[21:39:36.46] /j ::xt::hercules::vue::addPolygonPoints {1.100 0.810 1.100 0.960 1.400 0.960 1.400 0.810 1.100 0.810} 
[21:39:36.46] /j ::xt::hercules::vue::addPolygonEnd 
[21:39:36.46] /j ::xt::hercules::vue::setViewPort extents {1.062 0.791 1.438 0.979} LAY 
[21:39:36.48] /j ::xt::hercules::vue::addErrorDescription {"Area: 0.045"} 
[21:39:36.50] /j ::xt::hercules::vue::drawHighlights TG_in layout all 
[21:39:37.06] /i gi::setActiveWindow 36
[21:39:37.06] /i gi::setActiveWindow 36 -raise true
[21:39:37.12] /i gi::setActiveWindow 30
[21:39:37.12] /i gi::setActiveWindow 30 -raise true
[21:39:37.64] /# gi::executeAction deCanvasZoomOutAtPoint -in [gi::getWindows 30]
[21:39:37.64] /i de::zoom -window [gi::getWindows 30] -factor 0.5 -center {1.243 0.94}
[21:39:37.64] /o {0.881 0.608} {1.633 1.052}
[21:39:37.66] /# gi::executeAction deCanvasZoomOutAtPoint -in [gi::getWindows 30]
[21:39:37.66] /i de::zoom -window [gi::getWindows 30] -factor 0.5 -center {1.243 0.941}
[21:39:37.66] /o {0.519 0.276} {2.023 1.162}
[21:39:38.57] /# gi::executeAction deCanvasZoomInAtPoint -in [gi::getWindows 30]
[21:39:38.57] /i de::zoom -window [gi::getWindows 30] -factor 2.0 -center {1.406 0.888}
[21:39:38.57] /o {0.963 0.582} {1.715 1.025}
[21:39:38.68] /# gi::executeAction deCanvasZoomInAtPoint -in [gi::getWindows 30]
[21:39:38.68] /i de::zoom -window [gi::getWindows 30] -factor 2.0 -center {1.405 0.888}
[21:39:38.68] /o {1.184 0.735} {1.56 0.957}
[21:39:39.85] /# gi::executeAction deSelectActive -in [gi::getWindows 30]
[21:39:39.85] /i de::deselectAll [db::getNext [de::getContexts -window 30]]
[21:39:39.85] /i de::select [de::getActiveFigure [gi::getWindows 30] -point {1.391 0.895} -index 0 -intent none]
[21:39:39.85] /o oa:0x25940480
[21:39:40.74] /# gi::executeAction deCanvasZoomOutAtPoint -in [gi::getWindows 30]
[21:39:40.74] /i de::zoom -window [gi::getWindows 30] -factor 0.5 -center {1.389 0.89}
[21:39:40.75] /o {0.979 0.58} {1.731 1.023}
[21:39:40.84] /# gi::executeAction deCanvasZoomOutAtPoint -in [gi::getWindows 30]
[21:39:40.84] /i de::zoom -window [gi::getWindows 30] -factor 0.5 -center {1.389 0.889}
[21:39:40.84] /o {0.568 0.271} {2.072 1.157}
[21:39:41.43] /# gi::executeAction leStartStretchDrag -in [gi::getWindows 30]
[21:39:41.43] /i layout_editor::directStretch [de::getActiveFigure [gi::getWindows 30] -point {1.381 0.889} -index 0 -intent none] 30
[21:39:41.43] /# ile::stretch -point {1.38 0.89}
[21:39:42.11] /# gi::executeAction deEndDrag -in [gi::getWindows 30]
[21:39:42.11] /i de::endDrag {1.772 0.837} -context [db::getNext [de::getContexts -window 30]]
[21:39:42.52] /# gi::executeAction deSelectActive -in [gi::getWindows 30]
[21:39:42.52] /i de::deselectAll [db::getNext [de::getContexts -window 30]]
[21:39:42.52] /i de::select [de::getActiveFigure [gi::getWindows 30] -point {1.387 0.867} -index 0 -intent none]
[21:39:42.52] /o oa:0x253abcf0
[21:39:42.96] /# gi::executeAction leStartStretchDrag -in [gi::getWindows 30]
[21:39:42.96] /i layout_editor::directStretch [de::getActiveFigure [gi::getWindows 30] -point {1.387 0.867} -index 0 -intent none] 30
[21:39:42.96] /# ile::stretch -point {1.385 0.865}
[21:39:43.93] /# gi::executeAction deEndDrag -in [gi::getWindows 30]
[21:39:43.93] /i de::endDrag {2.025 0.829} -context [db::getNext [de::getContexts -window 30]]
[21:39:44.43] /# gi::executeAction deSelectActive -in [gi::getWindows 30]
[21:39:44.43] /i de::deselectAll [db::getNext [de::getContexts -window 30]]
[21:39:44.43] /i de::deselectAllLogic -context [db::getNext [de::getContexts -window 30]]
[21:39:44.81] /# gi::executeAction deSelectByWindow -in [gi::getWindows 30]
[21:39:44.81] /i db::setPrefValue deSelectMode -value Replace -scope [db::getScopes [db::getNext [de::getContexts -window 30]]]; ide::selectByRegion -region rectangle -point {1.39 0.85} 
[21:39:45.06] /# gi::executeAction deEndDrag -in [gi::getWindows 30]
[21:39:45.06] /i de::endDrag {1.54 0.849} -context [db::getNext [de::getContexts -window 30]]
[21:39:45.65] /# gi::executeAction deSelectActive -in [gi::getWindows 30]
[21:39:45.65] /i de::deselectAll [db::getNext [de::getContexts -window 30]]
[21:39:45.65] /i de::select [de::getActiveFigure [gi::getWindows 30] -point {1.921 0.869} -index 0 -intent none]
[21:39:45.65] /o oa:0x1f206e40
[21:39:49.48] /i gi::pressButton {ConsoleToggleButton} -in [db::getAttr statusbar -of [gi::getWindows 30]]
[21:39:55.00] /i db::setAttr shown -of [gi::getAssistants giConsole -from [gi::getWindows 30]] -value false
[21:39:55.93] /i gi::setItemSelection {attributes} -index {width,all} -in [gi::getAssistants dePropertyEditor -from [gi::getWindows 30]]
[21:39:55.93] /i gi::setCurrentIndex {attributes} -index {width,Value} -in [gi::getAssistants dePropertyEditor -from [gi::getWindows 30]]
[21:39:56.94] /i gi::setItemSelection {attributes} -index {offset,all} -in [gi::getAssistants dePropertyEditor -from [gi::getWindows 30]]
[21:39:56.95] /i gi::setCurrentIndex {attributes} -index {offset,Value} -in [gi::getAssistants dePropertyEditor -from [gi::getWindows 30]]
[21:39:57.87] /i gi::setItemSelection {attributes} -index {height,all} -in [gi::getAssistants dePropertyEditor -from [gi::getWindows 30]]
[21:39:57.87] /i gi::setCurrentIndex {attributes} -index {height,Value} -in [gi::getAssistants dePropertyEditor -from [gi::getWindows 30]]
[21:39:59.02] /i gi::setField {attributes} -value {0.2} -index {height,Value} -in [gi::getAssistants dePropertyEditor -from [gi::getWindows 30]]
[21:39:59.02] /i gi::executeAction dePropertyEditorApplyChanges -in [gi::getAssistants dePropertyEditor -from [gi::getWindows 30]]
[21:40:00.33] /# gi::executeAction deSelectActive -in [gi::getWindows 30]
[21:40:00.33] /i de::cycleActiveFigure [gi::getWindows 30] -direction next
[21:40:00.33] /o oa:0x274767a0
[21:40:00.78] /# gi::executeAction leStartStretchDrag -in [gi::getWindows 30]
[21:40:00.78] /i layout_editor::directStretch [de::getActiveFigure [gi::getWindows 30] -point {1.93 0.912} -index 0 -intent none] 30
[21:40:00.78] /# ile::stretch -point {1.93 0.91}
[21:40:01.22] /# gi::executeAction deEndDrag -in [gi::getWindows 30]
[21:40:01.22] /i de::endDrag {1.502 0.847} -context [db::getNext [de::getContexts -window 30]]
[21:40:01.66] /# gi::executeAction leStartStretchDrag -in [gi::getWindows 30]
[21:40:01.66] /i layout_editor::directStretch [de::getActiveFigure [gi::getWindows 30] -point {1.478 0.883} -index 0 -intent none] 30
[21:40:01.67] /# ile::stretch -point {1.48 0.885}
[21:40:02.57] /# gi::executeAction deEndDrag -in [gi::getWindows 30]
[21:40:02.57] /i de::endDrag {1.477 0.835} -context [db::getNext [de::getContexts -window 30]]
[21:40:02.97] /# gi::executeAction leStartStretchDrag -in [gi::getWindows 30]
[21:40:02.97] /i layout_editor::directStretch [de::getActiveFigure [gi::getWindows 30] -point {1.477 0.849} -index 0 -intent none] 30
[21:40:02.97] /# ile::stretch -point {1.475 0.85}
[21:40:05.36] /# gi::executeAction deEndDrag -in [gi::getWindows 30]
[21:40:05.36] /i de::endDrag {1.266 0.794} -context [db::getNext [de::getContexts -window 30]]
[21:40:05.68] /# gi::executeAction deSelectActive -in [gi::getWindows 30]
[21:40:05.68] /i de::deselectAll [db::getNext [de::getContexts -window 30]]
[21:40:05.68] /i de::deselectAllLogic -context [db::getNext [de::getContexts -window 30]]
[21:40:06.11] /# gi::executeAction deSelectActive -in [gi::getWindows 30]
[21:40:06.11] /i de::deselectAll [db::getNext [de::getContexts -window 30]]
[21:40:06.11] /i de::select [de::getActiveFigure [gi::getWindows 30] -point {1.738 0.866} -index 0 -intent none]
[21:40:06.11] /o oa:0x26cbb820
[21:40:06.86] /# gi::executeAction leDelete -in [gi::getWindows 30]
[21:40:06.86] /i ile::delete
[21:40:08.19] /# gi::executeAction leVia -in [gi::getWindows 30]
[21:40:08.19] /i ile::createVia
[21:40:08.22] /o oa:0x1c5106c0
[21:40:10.04] /# gi::executeAction deAddPoint -in [gi::getWindows 30]
[21:40:10.04] /i de::addPoint {1.313 0.827} -context [db::getNext [de::getContexts -window 30]]
[21:40:10.38] /# gi::executeAction deAddPoint -in [gi::getWindows 30]
[21:40:10.38] /i de::addPoint {1.657 0.669} -context [db::getNext [de::getContexts -window 30]]
[21:40:10.99] /# gi::executeAction deAddPoint -in [gi::getWindows 30]
[21:40:10.99] /i de::addPoint {1.057 0.695} -context [db::getNext [de::getContexts -window 30]]
[21:40:11.52] /# gi::executeAction deStartDrag -in [gi::getWindows 30]
[21:40:11.52] /i de::startDrag {1.057 0.697} -context [db::getNext [de::getContexts -window 30]]
[21:40:11.95] /# gi::executeAction deEndDrag -in [gi::getWindows 30]
[21:40:11.95] /i de::endDrag {1.054 0.666} -context [db::getNext [de::getContexts -window 30]]
[21:40:12.23] /# gi::executeAction deAddPoint -in [gi::getWindows 30]
[21:40:12.23] /i de::addPoint {1.066 0.714} -context [db::getNext [de::getContexts -window 30]]
[21:40:12.68] /# gi::executeAction deAddPoint -in [gi::getWindows 30]
[21:40:12.68] /i de::addPoint {1.066 0.717} -context [db::getNext [de::getContexts -window 30]]
[21:40:12.72] /# gi::executeAction deAbortCommand -in [gi::getWindows 30]
[21:40:12.72] /i de::abortCommand -context [db::getNext [de::getContexts -window 30]]
[21:40:13.12] /# gi::executeAction deSelectActive -in [gi::getWindows 30]
[21:40:13.12] /i de::deselectAll [db::getNext [de::getContexts -window 30]]
[21:40:13.12] /i de::select [de::getActiveFigure [gi::getWindows 30] -point {1.066 0.717} -index 0 -intent none]
[21:40:13.13] /o oa:0x256a7130
[21:40:13.61] /# gi::executeAction leStartStretchDrag -in [gi::getWindows 30]
[21:40:13.61] /i layout_editor::directStretch [de::getActiveFigure [gi::getWindows 30] -point {1.066 0.717} -index 0 -intent none] 30
[21:40:13.61] /# ile::stretch -point {1.065 0.715}
[21:40:14.15] /# gi::executeAction deEndDrag -in [gi::getWindows 30]
[21:40:14.15] /i de::endDrag {1.068 0.665} -context [db::getNext [de::getContexts -window 30]]
[21:40:14.92] /# gi::executeAction deSelectActive -in [gi::getWindows 30]
[21:40:14.92] /i de::deselectAll [db::getNext [de::getContexts -window 30]]
[21:40:14.92] /i de::deselectAllLogic -context [db::getNext [de::getContexts -window 30]]
[21:40:15.11] /# gi::executeAction deCanvasZoomInAtPoint -in [gi::getWindows 30]
[21:40:15.11] /i de::zoom -window [gi::getWindows 30] -factor 2.0 -center {1.042 0.777}
[21:40:15.11] /o {0.805 0.524} {1.557 0.967}
[21:40:15.26] /# gi::executeAction deCanvasZoomInAtPoint -in [gi::getWindows 30]
[21:40:15.26] /i de::zoom -window [gi::getWindows 30] -factor 2.0 -center {1.042 0.777}
[21:40:15.26] /o {0.924 0.65} {1.3 0.872}
[21:40:15.51] /# gi::executeAction leStretch -in [gi::getWindows 30]
[21:40:15.51] /i ile::stretch
[21:40:16.16] /# gi::executeAction deAddPoint -in [gi::getWindows 30]
[21:40:16.16] /i de::addPoint {1.052 0.75} -context [db::getNext [de::getContexts -window 30]]
[21:40:17.15] /# gi::executeAction deAddPoint -in [gi::getWindows 30]
[21:40:17.15] /i de::addPoint {1.051 0.702} -context [db::getNext [de::getContexts -window 30]]
[21:40:17.41] /# gi::executeAction deAbortCommand -in [gi::getWindows 30]
[21:40:17.41] /i de::abortCommand -context [db::getNext [de::getContexts -window 30]]
[21:40:17.50] /# gi::executeAction deCanvasZoomOutAtPoint -in [gi::getWindows 30]
[21:40:17.50] /i de::zoom -window [gi::getWindows 30] -factor 0.5 -center {1.041 0.731}
[21:40:17.50] /o {0.806 0.57} {1.558 1.013}
[21:40:17.56] /# gi::executeAction deCanvasZoomOutAtPoint -in [gi::getWindows 30]
[21:40:17.56] /i de::zoom -window [gi::getWindows 30] -factor 0.5 -center {1.042 0.724}
[21:40:17.56] /o {0.57 0.416} {2.074 1.302}
[21:40:17.91] /# gi::executeAction deCanvasZoomInAtPoint -in [gi::getWindows 30]
[21:40:17.91] /i de::zoom -window [gi::getWindows 30] -factor 2.0 -center {0.99 0.656}
[21:40:17.91] /o {0.78 0.536} {1.532 0.979}
[21:40:18.31] /# gi::executeAction leStretch -in [gi::getWindows 30]
[21:40:18.31] /i ile::stretch
[21:40:18.98] /# gi::executeAction deAddPoint -in [gi::getWindows 30]
[21:40:18.98] /i de::addPoint {0.971 0.651} -context [db::getNext [de::getContexts -window 30]]
[21:40:20.17] /# gi::executeAction deAddPoint -in [gi::getWindows 30]
[21:40:20.17] /i de::addPoint {0.974 0.601} -context [db::getNext [de::getContexts -window 30]]
[21:40:20.39] /# gi::executeAction deAbortCommand -in [gi::getWindows 30]
[21:40:20.39] /i de::abortCommand -context [db::getNext [de::getContexts -window 30]]
[21:40:21.18] /i gi::executeAction deSaveDesign -in [gi::getWindows 30]
[21:40:21.18] /m Information: Saving design 'project_d_ff TG_in layout'. (DESIGN_WINDOW-004)
[21:40:22.66] /# gi::executeAction xtDRCRun -in [gi::getWindows 30]
[21:40:22.66] /i xt::physicalVerification::executeRun drc 30
[21:40:22.74] /# xt::physicalVerification::executePve drc 30
[21:40:24.42] /m Information: 
              /c =============================
              /c JobID: hercules_drc_16
              /c --- ERROR SUMMARY -----------
              /c 7.29: Minimum spacing for Metal 1 >= 0.1
              /c  EXTERNAL M1S { } (101) ................................. 1 violation found.
              /c =============================
              /c 
[21:40:24.70] /j ::xt::hercules::vue::_private::registerConnection localhost:54947 tcp114 herculesVue_8 
[21:40:24.71] /m Information: Connection established with 'Hercules-VUE' running on 'localhost'.
[21:40:24.75] /j ::xt::hercules::vue::_private::isJobReady 
[21:40:24.75] /o true
[21:40:24.77] /j ::xt::hercules::vue::startFilter LAY 
[21:40:24.89] /j ::xt::hercules::vue::setInlibPath /home/itsupport/Desktop/lab1vlsi/. 
[21:40:24.90] /j ::xt::hercules::vue::setTopLayLCV project_d_ff TG_in layout 
[21:40:24.90] /j ::xt::hercules::vue::openCell project_d_ff TG_in layout 
[21:40:26.15] /j ::xt::hercules::vue::clearAllHighlights TG_in layout 
[21:40:26.25] /j ::xt::hercules::vue::setInlibPath /home/itsupport/Desktop/lab1vlsi/. 
[21:40:26.27] /j ::xt::hercules::vue::setTopLayLCV project_d_ff TG_in layout 
[21:40:26.29] /j ::xt::hercules::vue::openCell project_d_ff TG_in layout 
[21:40:29.16] /j ::xt::hercules::vue::clearAllHighlights TG_in layout 
[21:40:29.17] /j ::xt::hercules::vue::clearAllHighlights TG_in layout 
[21:40:29.32] /m Information: Connection closed with 'Hercules-VUE' running on 'localhost'.
[21:40:30.27] /j ::xt::hercules::vue::clearAllHighlights TG_in layout 
[21:40:30.30] /j ::xt::hercules::vue::clearAllHighlights TG_in layout 
[21:40:30.51] /m Information: Connection closed with 'Hercules-VUE' running on 'localhost'.
[21:40:31.07] /i gi::executeAction giCloseWindow -in [gi::getWindows 36]
[21:40:31.07] /i gi::setActiveWindow 30
[21:40:31.07] /i gi::setActiveWindow 30 -raise true
[21:40:31.57] /# gi::executeAction deCanvasZoomOutAtPoint -in [gi::getWindows 30]
[21:40:31.57] /i de::zoom -window [gi::getWindows 30] -factor 0.5 -center {1.27 0.814}
[21:40:31.58] /o {0.29 0.258} {1.794 1.144}
[21:40:31.60] /# gi::executeAction deCanvasZoomOutAtPoint -in [gi::getWindows 30]
[21:40:31.60] /i de::zoom -window [gi::getWindows 30] -factor 0.5 -center {1.27 0.811}
[21:40:31.60] /o {-0.69 -0.296} {2.318 1.478}
[21:40:31.62] /# gi::executeAction deCanvasZoomOutAtPoint -in [gi::getWindows 30]
[21:40:31.62] /i de::zoom -window [gi::getWindows 30] -factor 0.5 -center {1.271 0.811}
[21:40:31.62] /o {-2.651 -1.402} {3.365 2.144}
[21:40:31.65] /# gi::executeAction deCanvasZoomOutAtPoint -in [gi::getWindows 30]
[21:40:31.65] /i de::zoom -window [gi::getWindows 30] -factor 0.5 -center {1.27 0.811}
[21:40:31.65] /o {-6.572 -3.615} {5.46 3.477}
[21:40:31.99] /# gi::executeAction deCanvasZoomInAtPoint -in [gi::getWindows 30]
[21:40:31.99] /i de::zoom -window [gi::getWindows 30] -factor 2.0 -center {1.286 0.942}
[21:40:31.99] /o {-2.643 -1.337} {3.373 2.21}
[21:40:32.06] /# gi::executeAction deCanvasZoomInAtPoint -in [gi::getWindows 30]
[21:40:32.06] /i de::zoom -window [gi::getWindows 30] -factor 2.0 -center {1.29 0.988}
[21:40:32.06] /o {-0.676 -0.174} {2.332 1.599}
[21:40:33.08] /# gi::executeAction deFitView -in [gi::getWindows 30]
[21:40:33.08] /i de::fit -window 30 -fitView true
[21:40:33.08] /o {-1.405 -0.015} {3.355 2.79}
[21:40:35.23] /# gi::executeAction deCanvasZoomInAtPoint -in [gi::getWindows 30]
[21:40:35.23] /i de::zoom -window [gi::getWindows 30] -factor 2.0 -center {0.789 1.106}
[21:40:35.23] /o {-0.308 0.545} {2.072 1.948}
[21:40:36.92] /# gi::executeAction deSelectActive -in [gi::getWindows 30]
[21:40:36.92] /i de::deselectAll [db::getNext [de::getContexts -window 30]]
[21:40:36.92] /i de::select [de::getActiveFigure [gi::getWindows 30] -point {0.843 0.876} -index 0 -intent none]
[21:40:36.92] /o oa:0x257cd710
[21:40:37.74] /# gi::executeAction deSelectActive -in [gi::getWindows 30]
[21:40:37.74] /i de::cycleActiveFigure [gi::getWindows 30] -direction next
[21:40:37.74] /o oa:0x26522b50
[21:40:38.44] /# gi::executeAction leStartStretchDrag -in [gi::getWindows 30]
[21:40:38.44] /i layout_editor::directStretch [de::getActiveFigure [gi::getWindows 30] -point {0.812 0.948} -index 0 -intent none] 30
[21:40:38.44] /# ile::stretch -point {0.81 0.95}
[21:40:40.06] /# gi::executeAction deEndDrag -in [gi::getWindows 30]
[21:40:40.06] /i de::endDrag {0.812 0.948} -context [db::getNext [de::getContexts -window 30]]
[21:40:40.39] /# gi::executeAction deCanvasZoomInAtPoint -in [gi::getWindows 30]
[21:40:40.39] /i de::zoom -window [gi::getWindows 30] -factor 2.0 -center {0.784 1.41}
[21:40:40.39] /o {0.238 0.978} {1.428 1.679}
[21:40:40.50] /# gi::executeAction deCanvasZoomInAtPoint -in [gi::getWindows 30]
[21:40:40.50] /i de::zoom -window [gi::getWindows 30] -factor 2.0 -center {0.784 1.41}
[21:40:40.50] /o {0.511 1.194} {1.106 1.545}
[21:40:40.76] /i gi::executeAction deCanvasDragCancel -in [gi::getWindows 30]
[21:40:41.50] /# gi::executeAction leStretch -in [gi::getWindows 30]
[21:40:41.50] /i ile::stretch
[21:40:41.99] /# gi::executeAction deAddPoint -in [gi::getWindows 30]
[21:40:41.99] /i de::addPoint {0.795 1.41} -context [db::getNext [de::getContexts -window 30]]
[21:40:43.49] /# gi::executeAction deCanvasZoomOutAtPoint -in [gi::getWindows 30]
[21:40:43.49] /i de::zoom -window [gi::getWindows 30] -factor 0.5 -center {0.806 1.456}
[21:40:43.49] /o {0.216 0.932} {1.406 1.633}
[21:40:43.52] /# gi::executeAction deCanvasZoomOutAtPoint -in [gi::getWindows 30]
[21:40:43.52] /i de::zoom -window [gi::getWindows 30] -factor 0.5 -center {0.805 1.454}
[21:40:43.52] /o {-0.373 0.409} {2.007 1.812}
[21:40:44.31] /# gi::executeAction deAbortCommand -in [gi::getWindows 30]
[21:40:44.31] /i de::abortCommand -context [db::getNext [de::getContexts -window 30]]
[21:40:45.14] /# gi::executeAction deSelectActive -in [gi::getWindows 30]
[21:40:45.14] /i de::deselectAll [db::getNext [de::getContexts -window 30]]
[21:40:45.14] /i de::deselectAllLogic -context [db::getNext [de::getContexts -window 30]]
[21:40:45.48] /# gi::executeAction deSelectActive -in [gi::getWindows 30]
[21:40:45.48] /i de::deselectAllLogic -context [db::getNext [de::getContexts -window 30]]
[21:40:45.78] /# gi::executeAction deCanvasZoomInAtPoint -in [gi::getWindows 30]
[21:40:45.78] /i de::zoom -window [gi::getWindows 30] -factor 2.0 -center {0.865 1.497}
[21:40:45.78] /o {0.246 0.953} {1.436 1.655}
[21:40:46.18] /# gi::executeAction leStretch -in [gi::getWindows 30]
[21:40:46.18] /i ile::stretch
[21:40:46.92] /# gi::executeAction deAddPoint -in [gi::getWindows 30]
[21:40:46.92] /i de::addPoint {0.794 1.408} -context [db::getNext [de::getContexts -window 30]]
[21:40:48.51] /# gi::executeAction deAddPoint -in [gi::getWindows 30]
[21:40:48.51] /i de::addPoint {0.794 1.568} -context [db::getNext [de::getContexts -window 30]]
[21:40:48.66] /# gi::executeAction deFitView -in [gi::getWindows 30]
[21:40:48.66] /i de::fit -window 30 -fitView true
[21:40:48.66] /o {-1.405 -0.015} {3.355 2.79}
[21:40:49.23] /# gi::executeAction deCanvasZoomInAtPoint -in [gi::getWindows 30]
[21:40:49.23] /i de::zoom -window [gi::getWindows 30] -factor 2.0 -center {0.77 0.46}
[21:40:49.23] /o {-0.317 0.222} {2.062 1.625}
[21:40:49.32] /# gi::executeAction deCanvasZoomInAtPoint -in [gi::getWindows 30]
[21:40:49.32] /i de::zoom -window [gi::getWindows 30] -factor 2.0 -center {0.773 0.46}
[21:40:49.32] /o {0.228 0.341} {1.418 1.043}
[21:40:49.64] /# gi::executeAction deCanvasZoomOutAtPoint -in [gi::getWindows 30]
[21:40:49.64] /i de::zoom -window [gi::getWindows 30] -factor 0.5 -center {0.789 0.395}
[21:40:49.65] /o {-0.333 0.287} {2.046 1.69}
[21:40:49.81] /# gi::executeAction deFitView -in [gi::getWindows 30]
[21:40:49.81] /i de::fit -window 30 -fitView true
[21:40:49.81] /o {-1.405 -0.015} {3.355 2.79}
[21:40:50.36] /# gi::executeAction deCanvasZoomInAtPoint -in [gi::getWindows 30]
[21:40:50.36] /i de::zoom -window [gi::getWindows 30] -factor 2.0 -center {0.789 0.142}
[21:40:50.37] /o {-0.308 0.063} {2.072 1.466}
[21:40:50.61] /# gi::executeAction deCanvasZoomInAtPoint -in [gi::getWindows 30]
[21:40:50.61] /i de::zoom -window [gi::getWindows 30] -factor 2.0 -center {0.784 0.156}
[21:40:50.61] /o {0.238 0.11} {1.428 0.811}
[21:40:50.97] /# gi::executeAction leStretch -in [gi::getWindows 30]
[21:40:50.97] /i ile::stretch
[21:40:51.81] /# gi::executeAction deAddPoint -in [gi::getWindows 30]
[21:40:51.81] /i de::addPoint {0.82 0.358} -context [db::getNext [de::getContexts -window 30]]
[21:40:52.56] /# gi::executeAction deAddPoint -in [gi::getWindows 30]
[21:40:52.56] /i de::addPoint {0.832 0.282} -context [db::getNext [de::getContexts -window 30]]
[21:40:52.67] /# gi::executeAction deFitView -in [gi::getWindows 30]
[21:40:52.67] /i de::fit -window 30 -fitView true
[21:40:52.68] /o {-1.405 -0.015} {3.355 2.79}
[21:40:53.46] /# gi::executeAction deCanvasZoomInAtPoint -in [gi::getWindows 30]
[21:40:53.46] /i de::zoom -window [gi::getWindows 30] -factor 2.0 -center {1.243 1.351}
[21:40:53.46] /o {-0.081 0.668} {2.299 2.071}
[21:40:53.94] /# gi::executeAction leStretch -in [gi::getWindows 30]
[21:40:53.94] /i ile::stretch
[21:40:54.72] /# gi::executeAction deAddPoint -in [gi::getWindows 30]
[21:40:54.72] /i de::addPoint {1.152 1.347} -context [db::getNext [de::getContexts -window 30]]
[21:40:55.57] /# gi::executeAction deAddPoint -in [gi::getWindows 30]
[21:40:55.57] /i de::addPoint {1.169 1.546} -context [db::getNext [de::getContexts -window 30]]
[21:40:56.55] /i gi::executeAction deSaveDesign -in [gi::getWindows 30]
[21:40:56.55] /m Information: Saving design 'project_d_ff TG_in layout'. (DESIGN_WINDOW-004)
[21:40:58.83] /# gi::executeAction xtDRCRun -in [gi::getWindows 30]
[21:40:58.83] /i xt::physicalVerification::executeRun drc 30
[21:40:58.93] /# xt::physicalVerification::executePve drc 30
[21:40:59.74] /r giWindowId 37
[21:40:59.75] /r giWindowGeometry 800x600
[21:41:00.93] /m Information: 
              /c =============================
              /c JobID: hercules_drc_17
              /c --- ERROR SUMMARY -----------
              /c 7.29: Minimum spacing for Metal 1 >= 0.1
              /c  EXTERNAL M1S { } (101) ................................. 1 violation found.
              /c =============================
              /c 
[21:41:01.15] /j ::xt::hercules::vue::_private::registerConnection localhost:57218 tcp120 herculesVue_9 
[21:41:01.20] /j ::xt::hercules::vue::_private::isJobReady 
[21:41:01.21] /o false
[21:41:02.21] /j ::xt::hercules::vue::_private::isJobReady 
[21:41:02.21] /o false
[21:41:03.21] /m Information: Connection established with 'Hercules-VUE' running on 'localhost'.
[21:41:03.21] /j ::xt::hercules::vue::_private::isJobReady 
[21:41:03.21] /o true
[21:41:03.21] /j ::xt::hercules::vue::startFilter LAY 
[21:41:03.22] /i gi::executeAction giCloseWindow -in [gi::getWindows 37]
[21:41:03.24] /i gi::setActiveWindow 30
[21:41:03.24] /i gi::setActiveWindow 30 -raise true
[21:41:03.37] /j ::xt::hercules::vue::setInlibPath /home/itsupport/Desktop/lab1vlsi/. 
[21:41:03.38] /j ::xt::hercules::vue::setTopLayLCV project_d_ff TG_in layout 
[21:41:03.40] /j ::xt::hercules::vue::openCell project_d_ff TG_in layout 
[21:41:04.50] /j ::xt::hercules::vue::clearAllHighlights TG_in layout 
[21:41:04.51] /j ::xt::hercules::vue::clearAllHighlights TG_in layout 
[21:41:04.71] /m Information: Connection closed with 'Hercules-VUE' running on 'localhost'.
[21:41:25.01] /# gi::executeAction deCanvasZoomOutAtPoint -in [gi::getWindows 30]
[21:41:25.01] /i de::zoom -window [gi::getWindows 30] -factor 0.5 -center {0.857 1.019}
[21:41:25.01] /o {-1.019 0.317} {3.741 3.122}
[21:41:25.36] /# gi::executeAction deCanvasZoomInAtPoint -in [gi::getWindows 30]
[21:41:25.36] /i de::zoom -window [gi::getWindows 30] -factor 2.0 -center {0.981 0.659}
[21:41:25.36] /o {-0.019 0.488} {2.361 1.891}
[21:41:25.79] /# gi::executeAction deAddPoint -in [gi::getWindows 30]
[21:41:25.79] /i de::addPoint {0.982 0.653} -context [db::getNext [de::getContexts -window 30]]
[21:41:26.19] /# gi::executeAction deAddPoint -in [gi::getWindows 30]
[21:41:26.19] /i de::addPoint {1.055 0.648} -context [db::getNext [de::getContexts -window 30]]
[21:41:26.82] /# gi::executeAction deAddPoint -in [gi::getWindows 30]
[21:41:26.82] /i de::addPoint {1.041 0.726} -context [db::getNext [de::getContexts -window 30]]
[21:41:27.41] /# gi::executeAction deAddPoint -in [gi::getWindows 30]
[21:41:27.41] /i de::addPoint {1.046 0.762} -context [db::getNext [de::getContexts -window 30]]
[21:41:28.26] /# gi::executeAction leDelete -in [gi::getWindows 30]
[21:41:28.26] /i ile::delete
[21:41:29.27] /# gi::executeAction leDelete -in [gi::getWindows 30]
[21:41:29.27] /i ile::delete
[21:41:29.46] /# gi::executeAction deAddPoint -in [gi::getWindows 30]
[21:41:29.46] /i de::addPoint {1.041 0.78} -context [db::getNext [de::getContexts -window 30]]
[21:41:29.95] /# gi::executeAction leDelete -in [gi::getWindows 30]
[21:41:29.95] /i ile::delete
[21:41:30.27] /# gi::executeAction deAddPoint -in [gi::getWindows 30]
[21:41:30.27] /i de::addPoint {0.987 0.676} -context [db::getNext [de::getContexts -window 30]]
[21:41:30.34] /# gi::executeAction leDelete -in [gi::getWindows 30]
[21:41:30.34] /i ile::delete
[21:41:31.01] /# gi::executeAction deAbortCommand -in [gi::getWindows 30]
[21:41:31.01] /i de::abortCommand -context [db::getNext [de::getContexts -window 30]]
[21:41:32.25] /i gi::executeAction deSaveDesign -in [gi::getWindows 30]
[21:41:32.25] /m Information: Saving design 'project_d_ff TG_in layout'. (DESIGN_WINDOW-004)
[21:42:46.49] /# gi::executeAction deCanvasZoomOutAtPoint -in [gi::getWindows 30]
[21:42:46.49] /i de::zoom -window [gi::getWindows 30] -factor 0.5 -center {1.11 1.294}
[21:42:46.50] /o {-1.148 -0.318} {3.612 2.487}
[21:42:46.61] /# gi::executeAction deCanvasZoomOutAtPoint -in [gi::getWindows 30]
[21:42:46.61] /i de::zoom -window [gi::getWindows 30] -factor 0.5 -center {1.115 1.306}
[21:42:46.61] /o {-3.411 -1.943} {6.109 3.669}
[21:42:47.04] /# gi::executeAction deCanvasZoomInAtPoint -in [gi::getWindows 30]
[21:42:47.04] /i de::zoom -window [gi::getWindows 30] -factor 2.0 -center {0.788 2.263}
[21:42:47.05] /o {-1.311 0.16} {3.448 2.966}
[21:42:47.36] /# gi::executeAction deSelectActive -in [gi::getWindows 30]
[21:42:47.36] /i de::deselectAll [db::getNext [de::getContexts -window 30]]
[21:42:47.36] /i de::select [de::getActiveFigure [gi::getWindows 30] -point {0.797 2.263} -index 0 -intent none]
[21:42:47.36] /o oa:0x1c52c740
[21:42:48.06] /# gi::executeAction leDelete -in [gi::getWindows 30]
[21:42:48.06] /i ile::delete
[21:42:48.45] /i gi::executeAction deCanvasDragCancel -in [gi::getWindows 30]
[21:42:48.75] /# gi::executeAction deFitView -in [gi::getWindows 30]
[21:42:48.75] /i de::fit -window 30 -fitView true
[21:42:48.75] /o {-0.67 0.028} {2.62 1.967}
[21:42:52.32] /# gi::executeAction xtDRCRun -in [gi::getWindows 30]
[21:42:52.32] /i xt::physicalVerification::executeRun drc 30
[21:42:52.40] /# xt::physicalVerification::executePve drc 30
[21:42:53.21] /r giWindowId 38
[21:42:53.22] /r giWindowGeometry 800x600
[21:42:54.12] /m Information: 
              /c =============================
              /c JobID: hercules_drc_18
              /c --- ERROR SUMMARY -----------
              /c 7.29: Minimum spacing for Metal 1 >= 0.1
              /c  EXTERNAL M1S { } (101) ................................. 1 violation found.
              /c =============================
              /c 
[21:42:54.40] /j ::xt::hercules::vue::_private::registerConnection localhost:45445 tcp126 herculesVue_10 
[21:42:54.41] /m Information: Connection established with 'Hercules-VUE' running on 'localhost'.
[21:42:54.46] /j ::xt::hercules::vue::_private::isJobReady 
[21:42:54.46] /o true
[21:42:54.48] /j ::xt::hercules::vue::startFilter LAY 
[21:42:54.66] /j ::xt::hercules::vue::setInlibPath /home/itsupport/Desktop/lab1vlsi/. 
[21:42:54.68] /j ::xt::hercules::vue::setTopLayLCV project_d_ff TG_in layout 
[21:42:54.70] /j ::xt::hercules::vue::openCell project_d_ff TG_in layout 
[21:42:56.66] /j ::xt::hercules::vue::clearAllHighlights TG_in layout 
[21:42:56.68] /j ::xt::hercules::vue::clearAllHighlights TG_in layout 
[21:42:56.81] /m Information: Connection closed with 'Hercules-VUE' running on 'localhost'.
[21:42:57.44] /i gi::executeAction giCloseWindow -in [gi::getWindows 38]
[21:42:57.45] /i gi::setActiveWindow 30
[21:42:57.45] /i gi::setActiveWindow 30 -raise true
[21:42:58.19] /# gi::executeAction deCanvasZoomInAtPoint -in [gi::getWindows 30]
[21:42:58.19] /i de::zoom -window [gi::getWindows 30] -factor 2.0 -center {1.324 0.528}
[21:42:58.19] /o {0.327 0.278} {1.972 1.247}
[21:42:58.87] /# gi::executeAction deFitView -in [gi::getWindows 30]
[21:42:58.87] /i de::fit -window 30 -fitView true
[21:42:58.87] /o {-0.67 0.028} {2.62 1.967}
[21:43:01.12] /# gi::executeAction deSelectActive -in [gi::getWindows 30]
[21:43:01.12] /i de::deselectAll [db::getNext [de::getContexts -window 30]]
[21:43:01.12] /i de::select [de::getActiveFigure [gi::getWindows 30] -point {1.077 0.658} -index 0 -intent none]
[21:43:01.12] /o oa:0x25bb6cc0
[21:43:01.56] /# gi::executeAction leStartStretchDrag -in [gi::getWindows 30]
[21:43:01.56] /i layout_editor::directStretch [de::getActiveFigure [gi::getWindows 30] -point {1.077 0.658} -index 0 -intent none] 30
[21:43:01.56] /# ile::stretch -point {1.075 0.66}
[21:43:02.20] /# gi::executeAction deEndDrag -in [gi::getWindows 30]
[21:43:02.20] /i de::endDrag {1.066 0.723} -context [db::getNext [de::getContexts -window 30]]
[21:43:03.28] /# gi::executeAction leDelete -in [gi::getWindows 30]
[21:43:03.28] /i ile::delete
[21:43:03.55] /i gi::executeAction deCanvasDragCancel -in [gi::getWindows 30]
[21:43:05.35] /i gi::executeAction deSaveDesign -in [gi::getWindows 30]
[21:43:05.35] /m Information: Saving design 'project_d_ff TG_in layout'. (DESIGN_WINDOW-004)
[21:43:07.00] /# gi::executeAction deSelectActive -in [gi::getWindows 30]
[21:43:07.00] /i de::deselectAll [db::getNext [de::getContexts -window 30]]
[21:43:07.00] /i de::select [de::getActiveFigure [gi::getWindows 30] -point {0.821 0.928} -index 0 -intent none]
[21:43:07.00] /o oa:0x232ddf20
[21:43:08.00] /# gi::executeAction deSelectActive -in [gi::getWindows 30]
[21:43:08.00] /i de::deselectAll [db::getNext [de::getContexts -window 30]]
[21:43:08.00] /i de::select [de::getActiveFigure [gi::getWindows 30] -point {1.129 1.054} -index 0 -intent none]
[21:43:08.00] /o oa:0x24cae1a0
[21:43:09.89] /# gi::executeAction deCanvasZoomInAtPoint -in [gi::getWindows 30]
[21:43:09.89] /i de::zoom -window [gi::getWindows 30] -factor 2.0 -center {1.292 0.686}
[21:43:09.89] /o {0.311 0.357} {1.956 1.326}
[21:43:10.28] /# gi::executeAction deSelectActive -in [gi::getWindows 30]
[21:43:10.28] /i de::deselectAll [db::getNext [de::getContexts -window 30]]
[21:43:10.28] /i de::select [de::getActiveFigure [gi::getWindows 30] -point {1.322 0.648} -index 0 -intent none]
[21:43:10.28] /o oa:0x263479e0
[21:43:15.10] /# gi::executeAction xtDRCRun -in [gi::getWindows 30]
[21:43:15.10] /i xt::physicalVerification::executeRun drc 30
[21:43:15.18] /# xt::physicalVerification::executePve drc 30
[21:43:15.97] /r giWindowId 39
[21:43:15.99] /r giWindowGeometry 800x600
[21:43:16.91] /m Information: 
              /c =============================
              /c JobID: hercules_drc_19
              /c --- ERROR SUMMARY -----------
              /c 7.11: Minimum area of Polysilicon >= 0.05
              /c  AREA POLS { } (101) .................................... 1 violation found.
              /c 7.29: Minimum spacing for Metal 1 >= 0.1
              /c  EXTERNAL M1S { } (101) ................................. 1 violation found.
              /c =============================
              /c 
[21:43:17.20] /j ::xt::hercules::vue::_private::registerConnection localhost:41590 tcp132 herculesVue_11 
[21:43:17.21] /m Information: Connection established with 'Hercules-VUE' running on 'localhost'.
[21:43:17.25] /j ::xt::hercules::vue::_private::isJobReady 
[21:43:17.25] /o true
[21:43:17.27] /j ::xt::hercules::vue::startFilter LAY 
[21:43:17.39] /j ::xt::hercules::vue::setInlibPath /home/itsupport/Desktop/lab1vlsi/. 
[21:43:17.40] /j ::xt::hercules::vue::setTopLayLCV project_d_ff TG_in layout 
[21:43:17.40] /j ::xt::hercules::vue::openCell project_d_ff TG_in layout 
[21:43:23.27] /j ::xt::hercules::vue::clearAllHighlights TG_in layout 
[21:43:25.05] /j ::xt::hercules::vue::clearAllHighlights TG_in layout 
[21:43:25.07] /j ::xt::hercules::vue::clearAllHighlights TG_in layout 
[21:43:25.09] /j ::xt::hercules::vue::openCell project_d_ff TG_in layout 
[21:43:26.01] /j ::xt::hercules::vue::clearAllHighlights TG_in layout 
[21:43:26.01] /j ::xt::hercules::vue::clearAllHighlights TG_in layout 
[21:43:26.03] /j ::xt::hercules::vue::setHighlightProperty TG_in layout yellow brick 
[21:43:26.05] /j ::xt::hercules::vue::addPolygonBegin 4 
[21:43:26.07] /j ::xt::hercules::vue::addPolygonPoints {1.200 0.810 1.200 0.965 1.215 0.965 1.215 0.810 1.200 0.810} 
[21:43:26.07] /j ::xt::hercules::vue::addPolygonEnd 
[21:43:26.07] /j ::xt::hercules::vue::setViewPort extents {1.198 0.791 1.217 0.984} LAY 
[21:43:26.09] /j ::xt::hercules::vue::addErrorDescription {"Distance: 0.015"} 
[21:43:26.10] /j ::xt::hercules::vue::drawHighlights TG_in layout all 
[21:43:29.43] /i gi::setActiveWindow 39
[21:43:29.43] /i gi::setActiveWindow 39 -raise true
[21:43:29.47] /i gi::setActiveWindow 30
[21:43:29.47] /i gi::setActiveWindow 30 -raise true
[21:43:29.93] /# gi::executeAction deCanvasZoomOutAtPoint -in [gi::getWindows 30]
[21:43:29.93] /i de::zoom -window [gi::getWindows 30] -factor 0.5 -center {1.229 0.913}
[21:43:29.93] /o {0.859 0.669} {1.513 1.055}
[21:43:29.96] /# gi::executeAction deCanvasZoomOutAtPoint -in [gi::getWindows 30]
[21:43:29.96] /i de::zoom -window [gi::getWindows 30] -factor 0.5 -center {1.229 0.913}
[21:43:29.96] /o {0.488 0.425} {1.798 1.197}
[21:43:30.56] /# gi::executeAction deCanvasZoomInAtPoint -in [gi::getWindows 30]
[21:43:30.56] /i de::zoom -window [gi::getWindows 30] -factor 2.0 -center {1.376 0.871}
[21:43:30.56] /o {0.932 0.648} {1.587 1.034}
[21:43:31.15] /# gi::executeAction deSelectActive -in [gi::getWindows 30]
[21:43:31.15] /i de::deselectAll [db::getNext [de::getContexts -window 30]]
[21:43:31.15] /i de::select [de::getActiveFigure [gi::getWindows 30] -point {1.199 0.931} -index 0 -intent none]
[21:43:31.15] /o oa:0x259d21f0
[21:43:31.79] /# gi::executeAction deSelectActive -in [gi::getWindows 30]
[21:43:31.79] /i de::deselectAll [db::getNext [de::getContexts -window 30]]
[21:43:31.79] /i de::select [de::getActiveFigure [gi::getWindows 30] -point {1.245 0.915} -index 0 -intent none]
[21:43:31.79] /o oa:0x275554d0
[21:43:32.63] /# gi::executeAction deSelectActive -in [gi::getWindows 30]
[21:43:32.63] /i de::cycleActiveFigure [gi::getWindows 30] -direction next
[21:43:32.63] /o oa:0x23988b70
[21:43:32.63] /i de::deselectAll [db::getNext [de::getContexts -window 30]]
[21:43:32.63] /i de::select [de::getActiveFigure [gi::getWindows 30] -point {1.269 0.906} -index 1 -intent none]
[21:43:32.63] /o oa:0x2879b3a0
[21:43:33.91] /# gi::executeAction leRectangle -in [gi::getWindows 30]
[21:43:33.91] /i ile::createRectangle
[21:43:43.59] /i de::setActiveLPP [de::getLPPs "m1 drawing" -from [db::getAttr editDesign -of [de::getContexts -window 30]]]
[21:43:44.69] /# gi::executeAction leRectangle -in [gi::getWindows 30]
[21:43:44.69] /i ile::createRectangle
[21:43:46.65] /# gi::executeAction deAddPoint -in [gi::getWindows 30]
[21:43:46.65] /i de::addPoint {1.1 0.958} -context [db::getNext [de::getContexts -window 30]]
[21:43:49.23] /# gi::executeAction deAddPoint -in [gi::getWindows 30]
[21:43:49.23] /i de::addPoint {1.353 0.811} -context [db::getNext [de::getContexts -window 30]]
[21:43:51.24] /i gi::executeAction deSaveDesign -in [gi::getWindows 30]
[21:43:51.25] /m Information: Saving design 'project_d_ff TG_in layout'. (DESIGN_WINDOW-004)
[21:43:52.86] /# gi::executeAction xtDRCRun -in [gi::getWindows 30]
[21:43:52.86] /i xt::physicalVerification::executeRun drc 30
[21:43:52.94] /# xt::physicalVerification::executePve drc 30
[21:43:54.71] /m Information: 
              /c =============================
              /c JobID: hercules_drc_20
              /c --- ERROR SUMMARY -----------
              /c 7.11: Minimum area of Polysilicon >= 0.05
              /c  AREA POLS { } (101) .................................... 1 violation found.
              /c 7.29: Minimum spacing for Metal 1 >= 0.1
              /c  EXTERNAL M1S { } (101) ................................. 1 violation found.
              /c =============================
              /c 
[21:43:54.99] /j ::xt::hercules::vue::_private::registerConnection localhost:60566 tcp138 herculesVue_12 
[21:43:55.01] /m Information: Connection established with 'Hercules-VUE' running on 'localhost'.
[21:43:55.03] /j ::xt::hercules::vue::_private::isJobReady 
[21:43:55.03] /o true
[21:43:55.05] /j ::xt::hercules::vue::startFilter LAY 
[21:43:55.17] /j ::xt::hercules::vue::setInlibPath /home/itsupport/Desktop/lab1vlsi/. 
[21:43:55.20] /j ::xt::hercules::vue::setTopLayLCV project_d_ff TG_in layout 
[21:43:55.20] /j ::xt::hercules::vue::openCell project_d_ff TG_in layout 
[21:43:58.35] /j ::xt::hercules::vue::clearAllHighlights TG_in layout 
[21:43:58.36] /j ::xt::hercules::vue::clearAllHighlights TG_in layout 
[21:43:58.51] /m Information: Connection closed with 'Hercules-VUE' running on 'localhost'.
[21:43:59.04] /i gi::executeAction giCloseWindow -in [gi::getWindows 39]
[21:43:59.05] /i gi::setActiveWindow 30
[21:43:59.05] /i gi::setActiveWindow 30 -raise true
[21:43:59.52] /# gi::executeAction deCanvasZoomOutAtPoint -in [gi::getWindows 30]
[21:43:59.52] /i de::zoom -window [gi::getWindows 30] -factor 0.5 -center {1.309 0.808}
[21:43:59.52] /o {0.555 0.488} {1.865 1.26}
[21:43:59.54] /# gi::executeAction deCanvasZoomOutAtPoint -in [gi::getWindows 30]
[21:43:59.54] /i de::zoom -window [gi::getWindows 30] -factor 0.5 -center {1.309 0.807}
[21:43:59.54] /o {-0.199 0.169} {2.421 1.713}
[21:44:00.14] /# gi::executeAction deAbortCommand -in [gi::getWindows 30]
[21:44:00.14] /i de::abortCommand -context [db::getNext [de::getContexts -window 30]]
[21:44:00.71] /# gi::executeAction deCanvasZoomOutAtPoint -in [gi::getWindows 30]
[21:44:00.71] /i de::zoom -window [gi::getWindows 30] -factor 0.5 -center {0.968 0.941}
[21:44:00.71] /o {-1.365 -0.603} {3.873 2.485}
[21:44:01.80] /# gi::executeAction deCanvasZoomInAtPoint -in [gi::getWindows 30]
[21:44:01.80] /i de::zoom -window [gi::getWindows 30] -factor 2.0 -center {1.089 0.501}
[21:44:01.80] /o {-0.138 -0.051} {2.481 1.493}
[21:44:03.67] /# gi::executeAction deCanvasZoomInAtPoint -in [gi::getWindows 30]
[21:44:03.67] /i de::zoom -window [gi::getWindows 30] -factor 2.0 -center {1.117 0.871}
[21:44:03.67] /o {0.489 0.41} {1.799 1.182}
[21:44:04.38] /# gi::executeAction deSelectActive -in [gi::getWindows 30]
[21:44:04.38] /i de::deselectAll [db::getNext [de::getContexts -window 30]]
[21:44:04.38] /i de::select [de::getActiveFigure [gi::getWindows 30] -point {1.148 0.871} -index 0 -intent none]
[21:44:04.38] /o oa:0x269b30a0
[21:44:05.07] /# gi::executeAction deSelectActive -in [gi::getWindows 30]
[21:44:05.07] /i de::cycleActiveFigure [gi::getWindows 30] -direction next
[21:44:05.07] /o oa:0x2553f810
[21:44:05.07] /i de::deselectAll [db::getNext [de::getContexts -window 30]]
[21:44:05.08] /i de::select [de::getActiveFigure [gi::getWindows 30] -point {1.203 0.871} -index 1 -intent none]
[21:44:05.08] /o oa:0x234e8740
[21:44:05.73] /# gi::executeAction deSelectActive -in [gi::getWindows 30]
[21:44:05.73] /i de::deselectAll [db::getNext [de::getContexts -window 30]]
[21:44:05.73] /i de::select [de::getActiveFigure [gi::getWindows 30] -point {1.256 0.889} -index 0 -intent none]
[21:44:05.73] /o oa:0x26ad6c90
[21:44:06.31] /# gi::executeAction leStartStretchDrag -in [gi::getWindows 30]
[21:44:06.31] /i layout_editor::directStretch [de::getActiveFigure [gi::getWindows 30] -point {1.263 0.894} -index 0 -intent none] 30
[21:44:06.31] /# ile::stretch -point {1.265 0.895}
[21:44:06.81] /# gi::executeAction deEndDrag -in [gi::getWindows 30]
[21:44:06.81] /i de::endDrag {1.566 0.876} -context [db::getNext [de::getContexts -window 30]]
[21:44:08.07] /# gi::executeAction deSelectActive -in [gi::getWindows 30]
[21:44:08.07] /i de::deselectAll [db::getNext [de::getContexts -window 30]]
[21:44:08.07] /i de::select [de::getActiveFigure [gi::getWindows 30] -point {1.318 0.871} -index 0 -intent none]
[21:44:08.07] /o oa:0x23bf40b0
[21:44:08.99] /# gi::executeAction leDelete -in [gi::getWindows 30]
[21:44:09.00] /i ile::delete
[21:44:09.71] /# gi::executeAction deSelectActive -in [gi::getWindows 30]
[21:44:09.71] /i de::deselectAll [db::getNext [de::getContexts -window 30]]
[21:44:09.71] /i de::select [de::getActiveFigure [gi::getWindows 30] -point {1.323 0.856} -index 0 -intent none]
[21:44:09.71] /o oa:0x27461220
[21:44:10.38] /# gi::executeAction leDelete -in [gi::getWindows 30]
[21:44:10.38] /i ile::delete
[21:44:11.29] /# gi::executeAction deSelectActive -in [gi::getWindows 30]
[21:44:11.29] /i de::deselectAll [db::getNext [de::getContexts -window 30]]
[21:44:11.29] /i de::select [de::getActiveFigure [gi::getWindows 30] -point {1.601 0.804} -index 0 -intent none]
[21:44:11.29] /o oa:0x25556040
[21:44:11.69] /# gi::executeAction leStartStretchDrag -in [gi::getWindows 30]
[21:44:11.69] /i layout_editor::directStretch [de::getActiveFigure [gi::getWindows 30] -point {1.601 0.804} -index 0 -intent none] 30
[21:44:11.69] /# ile::stretch -point {1.6 0.805}
[21:44:12.25] /# gi::executeAction deEndDrag -in [gi::getWindows 30]
[21:44:12.25] /i de::endDrag {1.296 0.786} -context [db::getNext [de::getContexts -window 30]]
[21:44:12.79] /# gi::executeAction leStartStretchDrag -in [gi::getWindows 30]
[21:44:12.79] /i layout_editor::directStretch [de::getActiveFigure [gi::getWindows 30] -point {1.297 0.786} -index 0 -intent none] 30
[21:44:12.79] /# db::setPrefValue deSelectMode -value Replace -scope [db::getScopes [db::getNext [de::getContexts -window 30]]]; ide::selectByRegion -region rectangle -point {1.295 0.785} 
[21:44:13.52] /# gi::executeAction deEndDrag -in [gi::getWindows 30]
[21:44:13.52] /i de::endDrag {1.311 0.786} -context [db::getNext [de::getContexts -window 30]]
[21:44:13.83] /# gi::executeAction deSelectActive -in [gi::getWindows 30]
[21:44:13.83] /i de::deselectAll [db::getNext [de::getContexts -window 30]]
[21:44:13.83] /i de::select [de::getActiveFigure [gi::getWindows 30] -point {1.286 0.691} -index 0 -intent none]
[21:44:13.83] /o oa:0x2739c080
[21:44:14.30] /# gi::executeAction leStartStretchDrag -in [gi::getWindows 30]
[21:44:14.30] /i layout_editor::directStretch [de::getActiveFigure [gi::getWindows 30] -point {1.286 0.691} -index 0 -intent none] 30
[21:44:14.30] /# ile::stretch -point {1.285 0.69}
[21:44:16.42] /# gi::executeAction deEndDrag -in [gi::getWindows 30]
[21:44:16.42] /i de::endDrag {1.291 0.691} -context [db::getNext [de::getContexts -window 30]]
[21:44:16.83] /# gi::executeAction deCanvasZoomOutAtPoint -in [gi::getWindows 30]
[21:44:16.83] /i de::zoom -window [gi::getWindows 30] -factor 0.5 -center {1.396 0.588}
[21:44:16.83] /o {-0.417 0.232} {2.202 1.776}
[21:44:16.89] /# gi::executeAction deFitView -in [gi::getWindows 30]
[21:44:16.89] /i de::fit -window 30 -fitView true
[21:44:16.89] /o {-0.67 0.028} {2.62 1.967}
[21:44:17.45] /# gi::executeAction deCanvasZoomInAtPoint -in [gi::getWindows 30]
[21:44:17.45] /i de::zoom -window [gi::getWindows 30] -factor 2.0 -center {1.629 0.29}
[21:44:17.45] /o {0.48 0.159} {2.124 1.128}
[21:44:17.82] /# gi::executeAction deFitView -in [gi::getWindows 30]
[21:44:17.82] /i de::fit -window 30 -fitView true
[21:44:17.82] /o {-0.67 0.028} {2.62 1.967}
[21:44:18.25] /# gi::executeAction deSelectActive -in [gi::getWindows 30]
[21:44:18.25] /i de::deselectAll [db::getNext [de::getContexts -window 30]]
[21:44:18.25] /i de::deselectAllLogic -context [db::getNext [de::getContexts -window 30]]
[21:44:19.41] /# gi::executeAction deSelectByWindow -in [gi::getWindows 30]
[21:44:19.41] /i db::setPrefValue deSelectMode -value Replace -scope [db::getScopes [db::getNext [de::getContexts -window 30]]]; ide::selectByRegion -region rectangle -point {0.475 0.605} 
[21:44:19.91] /# gi::executeAction deEndDrag -in [gi::getWindows 30]
[21:44:19.91] /i de::endDrag {1.795 -0.075} -context [db::getNext [de::getContexts -window 30]]
[21:44:21.48] /# gi::executeAction leStartStretchDrag -in [gi::getWindows 30]
[21:44:21.48] /i layout_editor::directStretch [de::getActiveFigure [gi::getWindows 30] -point {1.456 0.359} -index 0 -intent none] 30
[21:44:21.49] /# ile::stretch -point {1.455 0.36}
[21:44:25.27] /# gi::executeAction deEndDrag -in [gi::getWindows 30]
[21:44:25.28] /i de::endDrag {1.449 0.351} -context [db::getNext [de::getContexts -window 30]]
[21:44:25.63] /# gi::executeAction deSelectActive -in [gi::getWindows 30]
[21:44:25.63] /i de::deselectAll [db::getNext [de::getContexts -window 30]]
[21:44:25.63] /i de::deselectAllLogic -context [db::getNext [de::getContexts -window 30]]
[21:44:26.30] /# gi::executeAction deSelectActive -in [gi::getWindows 30]
[21:44:26.30] /i de::deselectAll [db::getNext [de::getContexts -window 30]]
[21:44:26.30] /i de::select [de::getActiveFigure [gi::getWindows 30] -point {1.399 0.866} -index 0 -intent none]
[21:44:26.30] /o oa:0x27940d10
[21:44:26.57] /# gi::executeAction deCanvasZoomInAtPoint -in [gi::getWindows 30]
[21:44:26.57] /i de::zoom -window [gi::getWindows 30] -factor 2.0 -center {1.399 0.866}
[21:44:26.57] /o {0.365 0.447} {2.009 1.416}
[21:44:27.07] /# gi::executeAction leStartStretchDrag -in [gi::getWindows 30]
[21:44:27.07] /i layout_editor::directStretch [de::getActiveFigure [gi::getWindows 30] -point {1.396 0.86} -index 0 -intent none] 30
[21:44:27.07] /# ile::stretch -point {1.395 0.86}
[21:44:31.22] /# gi::executeAction deEndDrag -in [gi::getWindows 30]
[21:44:31.22] /i de::endDrag {1.395 0.86} -context [db::getNext [de::getContexts -window 30]]
[21:44:32.06] /# gi::executeAction deSelectActive -in [gi::getWindows 30]
[21:44:32.06] /i de::deselectAll [db::getNext [de::getContexts -window 30]]
[21:44:32.07] /i de::select [de::getActiveFigure [gi::getWindows 30] -point {1.167 0.869} -index 0 -intent none]
[21:44:32.07] /o oa:0x24714380
[21:44:32.79] /# gi::executeAction deCanvasZoomOutAtPoint -in [gi::getWindows 30]
[21:44:32.79] /i de::zoom -window [gi::getWindows 30] -factor 0.5 -center {1.627 0.76}
[21:44:32.79] /o {-0.898 0.134} {2.392 2.073}
[21:44:33.89] /i gi::executeAction giCloseWindow -in [gi::getWindows 30]
[21:44:33.94] /r giDialog gi::setActiveDialog [gi::getDialogs {deCloseDesign} -parent [gi::getWindows 30]]
[21:44:34.21] /r giDialog db::setAttr geometry -of [gi::getDialogs {deCloseDesign} -parent [gi::getWindows 30]] -value 436x82+742+573
[21:44:36.26] /r giDialog gi::closeWindows [gi::getDialogs {deCloseDesign} -parent [gi::getWindows 30]]
[21:44:37.08] /i gi::executeAction giCloseWindow -in [gi::getWindows 30]
[21:44:37.14] /r giDialog gi::setActiveDialog [gi::getDialogs {deCloseDesign} -parent [gi::getWindows 30]]
[21:44:37.40] /r giDialog db::setAttr geometry -of [gi::getDialogs {deCloseDesign} -parent [gi::getWindows 30]] -value 436x82+742+573
[21:44:38.67] /r giDialog gi::closeWindows [gi::getDialogs {deCloseDesign} -parent [gi::getWindows 30]]
[21:44:39.89] /r giDialog gi::setActiveDialog [gi::getDialogs {giCloseFrame}]
[21:44:40.18] /r giDialog db::setAttr geometry -of [gi::getDialogs {giCloseFrame}] -value 299x108+811+560
[21:44:40.80] /r giDialog gi::pressButton {giCloseTabsButton} -in [gi::getDialogs {giCloseFrame}]
[21:44:40.81] /i exit
[21:44:40.90] /r giDialog gi::setActiveDialog [gi::getDialogs {deExitDialog}]
[21:44:41.13] /r giDialog db::setAttr geometry -of [gi::getDialogs {deExitDialog}] -value 419x181+741+465
[21:44:42.13] /r giDialog gi::pressButton {ok} -in [gi::getDialogs {deExitDialog}]
[21:44:42.25] /r giDialog gi::setActiveDialog [gi::getDialogs {deCloseDesign}]
[21:44:42.50] /r giDialog db::setAttr geometry -of [gi::getDialogs {deCloseDesign}] -value 436x82+732+514
[21:44:43.20] /r giDialog gi::pressButton {save} -in [gi::getDialogs {deCloseDesign}]
[21:44:43.20] /m Information: Saving design 'project_d_ff TG_in layout'. (DESIGN_WINDOW-004)
[21:44:43.25] /i gi::setActiveWindow 31
[21:44:43.25] /i gi::setActiveWindow 31 -raise true
[21:44:43.32] /i gi::setActiveWindow 2
[21:44:43.32] /i gi::setActiveWindow 2 -raise true
[21:44:43.37] /i gi::setActiveWindow 1
[21:44:43.37] /i gi::setActiveWindow 1 -raise true
[21:44:43.61] /o Shutdown time: Sat May 23 21:44:43 2026
[21:44:43.61] /o Elapsed session real time: 1 hour 4.3 minutes
[21:44:43.61] /o Session terminated. Log is at /home/itsupport/Desktop/lab1vlsi/synopsys_custom/logs/ccompiler.itsupport.2026_5_23_204023_12225.log
[21:44:44.30] /m Information: License 'SAE' checked in. (LICENSE-004)
[21:44:44.30] /e Error: "Following error happened during execution of ::layout_editor::_impl::ADV_checked_in procedure during TCL callback invalid command name "::layout_editor::_impl::ADV_checked_in"" (POSTMAN-005)
[21:44:44.31] /e Error: "Following error happened during execution of ::xt::physicalVerification::_private::onPostFeatureReleased procedure during TCL callback invalid command name "::xt::physicalVerification::_private::onPostFeatureReleased"" (POSTMAN-005)
[21:44:44.31] /e Error: "Following error happened during execution of ::vdrc::voltage_annotation::_private::_onPostFeatureReleasedProc procedure during TCL callback invalid command name "::vdrc::voltage_annotation::_private::_onPostFeatureReleasedProc"" (POSTMAN-005)
[21:44:44.31] /e Error: "Following error happened during execution of ::lx::_impl::onPostFeatureReleased procedure during TCL callback invalid command name "::lx::_impl::onPostFeatureReleased"" (POSTMAN-005)
