[15:44:49.54] /r giWindowId 0
[15:44:49.54] /r giWindowGeometry 600x300
[15:44:49.55] /o 
              /c                                 Custom Compiler 
              /c 
              /c               Version N-2017.12-SP1-2 for linux64 - May 16, 2018 
              /c 
              /c                     Copyright (c) 2004 - 2018 Synopsys, Inc.
              /c    This software and the associated documentation are proprietary to Synopsys,
              /c  Inc. This software may only be used in accordance with the terms and conditions
              /c  of a written license agreement with Synopsys, Inc. All other use, reproduction,
              /c             or distribution of this software is strictly prohibited.
              /c 
              /c Build  (OPT) Config 4182185 compiled on Wed May 16 15:20:56 2018 for RHEL64 6.6
              /c Invocation: /usr/synopsys/customcompiler/N-2017.12-SP1-2/linux64/platform/bin/cdesigner
              /c Execution time: Mon May 18 15:44:47 2026
              /c Host: localhost.localdomain
              /c Working directory: /home/itsupport/Desktop/lab1vlsi
              /c 
[15:44:51.39] /r giShowFrameTabs true
[15:44:51.39] /r giWindowId 1
[15:44:51.39] /r giWindowGeometry 1040x800
[15:44:55.62] /# gi::pressButton {/scroll/scrollArea/scrollAreaInnerWidget/applications/dmLibraryManager} -in [gi::getWindows 1]
[15:44:55.63] /# 
[15:44:55.63] /i dm::openLibraryManager
[15:44:55.63] /r giWindowId 2
[15:44:55.63] /r giWindowGeometry 660x600+50+78
[15:44:55.65] /o oa:0x1801bfc0
[15:44:55.79] /i gi::setSectionSizes {libs} -values {249} -in [gi::getWindows 2]
[15:44:56.84] /i gi::setCurrentIndex {libs} -index {inverter} -in [gi::getWindows 2]
[15:44:56.86] /i gi::setItemSelection {libs} -index {inverter} -in [gi::getWindows 2]
[15:44:58.23] /i gi::setCurrentIndex {cellCategories} -index {LAB3} -in [gi::getWindows 2]
[15:44:58.23] /i gi::setItemSelection {cellCategories} -index {LAB3} -in [gi::getWindows 2]
[15:44:58.95] /i gi::setCurrentIndex {cells} -index {NAND2_2} -in [gi::getWindows 2]
[15:44:58.96] /i gi::setItemSelection {cells} -index {NAND2_2} -in [gi::getWindows 2]
[15:44:59.52] /i gi::setCurrentIndex {cells} -index {NAND2_tb} -in [gi::getWindows 2]
[15:44:59.52] /i gi::setItemSelection {cells} -index {NAND2_tb} -in [gi::getWindows 2]
[15:44:59.92] /i gi::setCurrentIndex {cells} -index {NAND2_tb_2} -in [gi::getWindows 2]
[15:44:59.92] /i gi::setItemSelection {cells} -index {NAND2_tb_2} -in [gi::getWindows 2]
[15:45:01.47] /i gi::setCurrentIndex {cells} -index {NAND2_2} -in [gi::getWindows 2]
[15:45:01.48] /i gi::setItemSelection {cells} -index {NAND2_2} -in [gi::getWindows 2]
[15:45:02.41] /i gi::setCurrentIndex {views} -index {schematic} -in [gi::getWindows 2]
[15:45:02.41] /i gi::setItemSelection {views} -index {schematic} -in [gi::getWindows 2]
[15:45:02.58] /i gi::executeAction dmOpen -in [gi::getWindows 2]
[15:45:02.59] /w Warning: Preference 'leActiveLPP' is deprecated and scheduled for removal in a future release with no replacement. For migration assistance, see the Custom Compiler Tcl Reference Manual. (PREFERENCE-058)
[15:45:02.59] /o 	#######################################
[15:45:02.59] /o 	PDK Library Name	: reference90RF
[15:45:02.59] /o 	PDK Version		: 2.0
[15:45:02.59] /o 	PDK Release Date	: 25-March-2010 
[15:45:02.59] /o 	#######################################
[15:45:02.59] /o 
[15:45:02.60] /m Information: License 'Schematic' checked out. (LICENSE-003)
[15:45:02.65] /r giWindowId 3
[15:45:02.65] /r giWindowGeometry 1632x1020
[15:45:02.79] /o "inverter/NAND2_2/schematic" design does not need checking
[15:45:12.67] /i db::setAttr maximized -of [gi::getFrames 1] -value true
[15:45:12.99] /i db::setAttr dockSize -of [gi::getAssistants dePropertyEditor -from [gi::getWindows 3]] -value 290x960
[15:45:13.01] /i db::setAttr geometry -of [gi::getFrames 1] -value 1910x1101+5+56
[15:45:19.60] /# gi::executeAction seSchCheckAndSave -in [gi::getWindows 3]
[15:45:19.60] /i ise::check
[15:45:19.62] /m Information: 
              /c Cross view checking for inverter/NAND2_2/symbol with inverter/NAND2_2/schematic
              /c No violations found. (DE_EDIT-007)
[15:45:19.62] /m Information: 
[15:45:19.62] /o Checking "inverter/NAND2_2/schematic"
[15:45:19.62] /o No rule violations found in "inverter/NAND2_2/schematic"
[15:45:19.62] /m Information: Checking process is completed: marking the design violations
[15:45:19.68] /m Information: Marking of designs is completed
[15:45:19.68] /o true
[15:45:24.20] /i gi::executeAction giCloseWindow -in [gi::getWindows 3]
[15:45:24.21] /i gi::setActiveWindow 2
[15:45:24.21] /i gi::setActiveWindow 2 -raise true
[15:45:25.85] /i gi::setCurrentIndex {cells} -index {NAND2_tb} -in [gi::getWindows 2]
[15:45:25.85] /i gi::setItemSelection {cells} -index {NAND2_tb} -in [gi::getWindows 2]
[15:45:26.02] /i gi::setItemSelection {views} -index {schematic} -in [gi::getWindows 2]
[15:45:26.02] /i gi::executeAction dmOpen -in [gi::getWindows 2]
[15:45:26.05] /r giWindowId 4
[15:45:26.05] /r giWindowGeometry 1632x1020
[15:45:26.15] /o "inverter/NAND2_tb/schematic" design does not need checking
[15:45:29.33] /# gi::executeAction seShowConsoleForWindow -in [gi::getWindows 4]
[15:45:29.33] /i sa::showConsole -context [db::getNext [de::getContexts -window 4]]
[15:45:30.93] /m Information: License 'SAE' checked out. (LICENSE-003)
[15:45:30.96] /r giWindowId 5
[15:45:30.96] /r giWindowGeometry 600x500
[15:45:31.05] /o oa:0x233b0410
[15:45:31.12] /m Information: Launching Background sae_shell Server Process "cd /home/itsupport/Desktop/lab1vlsi && sae_shell -log sae_shell_session0_job1 -libDefFile /home/itsupport/Desktop/lab1vlsi/lib.defs"
[15:45:33.86] /# gi::executeAction saLoadState -in [gi::getWindows 5]
[15:45:33.86] /i sa::showLoadState -parent 5
[15:45:34.07] /o oa:0x23719bf0
[15:45:34.12] /i gi::setActiveDialog [gi::getDialogs {saShowLoadState} -parent [gi::getWindows 5]]
[15:45:34.31] /m Information: Received ready-for-commands signal from background job 'sae_shell_session0_job1' after 3 seconds.
[15:45:34.40] /i db::setAttr geometry -of [gi::getDialogs {saShowLoadState} -parent [gi::getWindows 5]] -value 603x720+778+424
[15:45:35.52] /i gi::pressButton {/apply} -in [gi::getDialogs {saShowLoadState} -parent [gi::getWindows 5]]
[15:45:36.09] /i gi::pressButton {/ok} -in [gi::getDialogs {saShowLoadState} -parent [gi::getWindows 5]]
[15:45:37.26] /i gi::executeAction menuPreShow -in [gi::getWindows 5]
[15:45:37.26] /r giMenuAccess db::getNext [gi::getMenus saConsoleSimMenu -from [gi::getWindows 5]]
[15:45:37.69] /# gi::executeAction saNetlistAndRun -in [gi::getWindows 5]
[15:45:37.69] /i isa::netlistAndRun -testbench [sa::findActiveTestbench -window 5] -mode overwrite
[15:45:37.72] /r giWindowId 6
[15:45:37.73] /r giWindowGeometry 800x600
[15:45:37.78] /m Information: "Starting incremental netlisting for design "inverter/NAND2_tb/schematic"..." (NETLISTING-010)
[15:45:37.80] /o No Design Integrity rule violations found in "inverter/NAND2_tb/schematic"
[15:45:37.84] /m Information: "Netlisting design "inverter/NAND2_tb/schematic" finished successfully." (NETLISTING-012)
[15:45:37.84] /m Information: "Composing simulator input file for design "inverter/NAND2_tb/schematic"..."
[15:45:37.88] /m Information: "Simulator input file composed successfully for design "inverter/NAND2_tb/schematic""
[15:45:38.02] /m Information: "Starting HSPICE simulation for design: inverter/NAND2_tb/schematic"
[15:45:38.02] /# gi::collapse {jobMonitorTable} -index {0.0.0,0} -in [gi::getWindows 6]
[15:45:38.06] /o 1
[15:45:38.42] /m Information: "Simulation completed successfully for design: inverter/NAND2_tb/schematic "
[15:45:38.62] /m Information: Launching Background sae_shell Server Process "cd /home/itsupport/Desktop/lab1vlsi && sae_shell -log sae_shell_session0_job2 -libDefFile /home/itsupport/Desktop/lab1vlsi/lib.defs"
[15:45:38.63] /m Information: "Evaluating and plotting outputs..."
[15:45:39.28] /m Information: Started sharing "Custom WaveView" license. (WAVEFORM-110)
[15:45:39.31] /m Information: Launching Waveform Viewer "cd /home/itsupport/simulation/inverter,NAND2_tb,schematic/history_1/simulation/HSPICE_default/HSPICE/nominal/results &&  wv -k -cdesigner -spxkey /usr/synopsys/customcompiler/N-2017.12-SP1-2/auxx/waveform/sae.spxkey -spxrc /tmp/sae_spxrc_J1TNbp -unique_string 0a5d9da1fed3a2d169aa7f613a217c24125e8d2b0833b894ed40d2f5efbf27a2fb0c0fc5bd619066c5e7d7cd67b955191e23af16026175d4 -lic_type 1    > /home/itsupport/simulation/inverter,NAND2_tb,schematic/history_1/simulation/HSPICE_default/HSPICE/nominal/results/viewer.log 2>&1"
[15:45:39.31] /i gi::collapse {jobMonitorTable} -index {0.0,0} -in [gi::getWindows 6]
[15:45:39.50] /m Information: Measurement calculations completed for testbench: HSPICE_default in 1s
[15:45:39.95] /i db::setAttr iconified -of [gi::getFrames 1] -value true
[15:45:40.69] /j ::wf::WaveView::plotSuccess WaveView_1 {} {_771a310_void_pp _7763890_void_pp} 
[15:45:40.73] /j ::wf::WaveView::plotSuccess WaveView_1 {} {_771a310_void_pp _7763958_void_pp} 
[15:45:40.77] /j ::wf::WaveView::plotSuccess WaveView_1 {} {_771a310_void_pp _7763a20_void_pp} 
[15:45:41.50] /m Information: Received ready-for-commands signal from background job 'sae_shell_session0_job2' after 3 seconds.
[15:46:05.31] /m Information: Waveform viewer exited normally.
[15:46:06.23] /i db::setAttr maximized -of [gi::getFrames 1] -value true
[15:46:06.23] /i db::setAttr iconified -of [gi::getFrames 1] -value false
[15:46:11.91] /i gi::executeAction giCloseWindow -in [gi::getWindows 6]
[15:46:11.92] /i gi::setActiveWindow 5
[15:46:11.92] /i gi::setActiveWindow 5 -raise true
[15:46:13.02] /i gi::setActiveWindow 4
[15:46:13.02] /i gi::setActiveWindow 4 -raise true
[15:46:16.98] /i gi::setActiveWindow 2
[15:46:16.98] /i gi::setActiveWindow 2 -raise true
[15:46:18.94] /i gi::setCurrentIndex {cells} -index {NAND2_2} -in [gi::getWindows 2]
[15:46:18.94] /i gi::setItemSelection {cells} -index {NAND2_2} -in [gi::getWindows 2]
[15:46:19.73] /i gi::setCurrentIndex {cells} -index {NAND2} -in [gi::getWindows 2]
[15:46:19.73] /i gi::setItemSelection {cells} -index {NAND2} -in [gi::getWindows 2]
[15:46:20.76] /i gi::setCurrentIndex {views} -index {schematic} -in [gi::getWindows 2]
[15:46:20.77] /i gi::setItemSelection {views} -index {schematic} -in [gi::getWindows 2]
[15:46:20.90] /i gi::executeAction dmOpen -in [gi::getWindows 2]
[15:46:20.92] /r giWindowId 7
[15:46:20.92] /r giWindowGeometry 1632x1020
[15:46:21.07] /o "inverter/NAND2/schematic" design does not need checking
[15:46:23.27] /i gi::setActiveWindow 2
[15:46:23.27] /i gi::setActiveWindow 2 -raise true
[15:46:24.37] /i gi::setCurrentIndex {cells} -index {NAND2_tb} -in [gi::getWindows 2]
[15:46:24.37] /i gi::setItemSelection {cells} -index {NAND2_tb} -in [gi::getWindows 2]
[15:46:24.92] /i gi::setItemSelection {views} -index {schematic} -in [gi::getWindows 2]
[15:46:24.92] /i gi::executeAction dmOpen -in [gi::getWindows 2]
[15:46:24.93] /r giWindowId 8
[15:46:24.93] /r giWindowGeometry 1632x1020
[15:46:25.06] /o "inverter/NAND2_tb/schematic" design does not need checking
[15:46:28.24] /i gi::executeAction giCloseWindow -in [gi::getWindows 4]
[15:46:29.06] /i gi::createWindow -windowType [gi::getWindowTypes giHomePage]
[15:46:29.07] /r giWindowId 9
[15:46:29.07] /r giWindowGeometry 1040x800
[15:46:29.48] /i gi::executeAction giCloseWindow -in [gi::getWindows 5]
[15:46:29.50] /i gi::setActiveWindow 5
[15:46:29.50] /i gi::setActiveWindow 5 -raise true
[15:46:29.56] /r giDialog gi::setActiveDialog [gi::getDialogs {giPrompt} -parent [gi::getWindows 5]]
[15:46:29.82] /r giDialog db::setAttr geometry -of [gi::getDialogs {giPrompt} -parent [gi::getWindows 5]] -value 292x82+814+573
[15:46:30.88] /r giDialog gi::pressButton {discard} -in [gi::getDialogs {giPrompt} -parent [gi::getWindows 5]]
[15:46:30.89] /i gi::setActiveWindow 9
[15:46:30.89] /i gi::setActiveWindow 9 -raise true
[15:46:30.93] /m Information: License 'SAE' checked in. (LICENSE-004)
[15:46:31.97] /i gi::executeAction giCloseWindow -in [gi::getWindows 9]
[15:46:31.98] /i gi::setActiveWindow 8
[15:46:31.98] /i gi::setActiveWindow 8 -raise true
[15:46:35.05] /i gi::setActiveWindow 7
[15:46:35.05] /i gi::setActiveWindow 7 -raise true
[15:46:35.92] /i gi::setActiveWindow 8
[15:46:35.92] /i gi::setActiveWindow 8 -raise true
[15:46:39.08] /# gi::executeAction seSchCreateWire -in [gi::getWindows 8]
[15:46:39.08] /i ise::createWire
[15:46:40.60] /# gi::executeAction deAddPoint -in [gi::getWindows 8]
[15:46:40.60] /i de::addPoint {3.2 0.875} -context [db::getNext [de::getContexts -window 8]]
[15:46:40.66] /i de::setCursor -point {3.125 0.875 }
[15:46:41.68] /# gi::executeAction deAddPoint -in [gi::getWindows 8]
[15:46:41.68] /i de::addPoint {2.75 1.625} -context [db::getNext [de::getContexts -window 8]]
[15:46:42.37] /# gi::executeAction deAbortCommand -in [gi::getWindows 8]
[15:46:42.37] /i de::abortCommand -context [db::getNext [de::getContexts -window 8]]
[15:46:43.61] /# gi::executeAction deSelectActive -in [gi::getWindows 8]
[15:46:43.61] /i de::deselectAll [db::getNext [de::getContexts -window 8]]
[15:46:43.61] /i de::select [de::getActiveFigure [gi::getWindows 8] -point {3.13125 0.53125} -index 0 -intent none]
[15:46:43.61] /o oa:0x1e369860
[15:46:44.26] /# gi::executeAction seDelete -in [gi::getWindows 8]
[15:46:44.26] /i ise::delete
[15:46:44.67] /i gi::executeAction deCanvasDragCancel -in [gi::getWindows 8]
[15:46:44.91] /# gi::executeAction deSelectActive -in [gi::getWindows 8]
[15:46:44.91] /i de::deselectAllLogic -context [db::getNext [de::getContexts -window 8]]
[15:46:45.84] /# gi::executeAction deSelectActive -in [gi::getWindows 8]
[15:46:45.84] /i de::deselectAll [db::getNext [de::getContexts -window 8]]
[15:46:45.84] /i de::select [de::getActiveFigure [gi::getWindows 8] -point {3.125 1.3} -index 0 -intent none]
[15:46:45.84] /o oa:0x24c74b80
[15:46:48.40] /i gi::executeAction deCanvasDragCancel -in [gi::getWindows 8]
[15:46:49.17] /# gi::executeAction deSelectActive -in [gi::getWindows 8]
[15:46:49.17] /i de::deselectAll [db::getNext [de::getContexts -window 8]]
[15:46:49.17] /i de::select [de::getActiveFigure [gi::getWindows 8] -point {3.2 0.70625} -index 0 -intent none]
[15:46:49.17] /o oa:0x23340990
[15:46:50.00] /# gi::executeAction seDelete -in [gi::getWindows 8]
[15:46:50.00] /i ise::delete
[15:46:50.97] /# gi::executeAction deAddPoint -in [gi::getWindows 8]
[15:46:50.97] /i de::addPoint {3.18125 0.70625} -context [db::getNext [de::getContexts -window 8]]
[15:46:51.19] /# gi::executeAction deCompleteShape -in [gi::getWindows 8]
[15:46:51.19] /i de::completeShape -context [db::getNext [de::getContexts -window 8]]
[15:46:51.38] /# gi::executeAction deAbortCommand -in [gi::getWindows 8]
[15:46:51.38] /i de::abortCommand -context [db::getNext [de::getContexts -window 8]]
[15:46:53.68] /# gi::executeAction seShowConsoleForWindow -in [gi::getWindows 8]
[15:46:53.68] /i sa::showConsole -context [db::getNext [de::getContexts -window 8]]
[15:46:53.68] /m Information: License 'SAE' checked out. (LICENSE-003)
[15:46:53.70] /r giWindowId 10
[15:46:53.71] /r giWindowGeometry 600x500
[15:46:53.79] /o oa:0x232eec60
[15:46:53.81] /m Information: Launching Background sae_shell Server Process "cd /home/itsupport/Desktop/lab1vlsi && sae_shell -log sae_shell_session2_job1 -libDefFile /home/itsupport/Desktop/lab1vlsi/lib.defs"
[15:46:56.10] /m Information: Received ready-for-commands signal from background job 'sae_shell_session2_job1' after 3 seconds.
[15:46:56.60] /# gi::executeAction saLoadState -in [gi::getWindows 10]
[15:46:56.60] /i sa::showLoadState -parent 10
[15:46:56.75] /o oa:0x1e2fe530
[15:46:56.82] /i gi::setActiveDialog [gi::getDialogs {saShowLoadState} -parent [gi::getWindows 10]]
[15:46:57.09] /i db::setAttr geometry -of [gi::getDialogs {saShowLoadState} -parent [gi::getWindows 10]] -value 603x720+778+424
[15:46:57.95] /i gi::pressButton {/apply} -in [gi::getDialogs {saShowLoadState} -parent [gi::getWindows 10]]
[15:46:58.51] /i gi::pressButton {/ok} -in [gi::getDialogs {saShowLoadState} -parent [gi::getWindows 10]]
[15:47:00.81] /i gi::setCurrentIndex {variablesTable} -index {1,1} -in [gi::getWindows 10]
[15:47:00.81] /i gi::setItemSelection {variablesTable} -index {1,1} -in [gi::getWindows 10]
[15:47:03.17] /i gi::setField {variablesTable} -index {1,1} -value {0.6u} -in [gi::getWindows 10]
[15:47:03.18] /i gi::setField {variablesTable} -index {1,1} -value {0.6u} -in [gi::getWindows 10]
[15:47:03.93] /i gi::setCurrentIndex {variablesTable} -index {2,1} -in [gi::getWindows 10]
[15:47:03.93] /i gi::setItemSelection {variablesTable} -index {2,1} -in [gi::getWindows 10]
[15:47:06.22] /i gi::setField {variablesTable} -index {2,1} -value {0.2u} -in [gi::getWindows 10]
[15:47:06.22] /i gi::setField {variablesTable} -index {2,1} -value {0.2u} -in [gi::getWindows 10]
[15:47:19.67] /i gi::executeAction giCloseWindow -in [gi::getWindows 10]
[15:47:19.74] /r giDialog gi::setActiveDialog [gi::getDialogs {giPrompt} -parent [gi::getWindows 10]]
[15:47:20.01] /r giDialog db::setAttr geometry -of [gi::getDialogs {giPrompt} -parent [gi::getWindows 10]] -value 292x82+814+573
[15:47:22.30] /r giDialog gi::closeWindows [gi::getDialogs {giPrompt} -parent [gi::getWindows 10]]
[15:47:23.56] /i gi::executeAction menuPreShow -in [gi::getWindows 10]
[15:47:23.56] /r giMenuAccess db::getNext [gi::getMenus saConsoleSimMenu -from [gi::getWindows 10]]
[15:47:24.47] /# gi::executeAction saNetlistAndRun -in [gi::getWindows 10]
[15:47:24.47] /i isa::netlistAndRun -testbench [sa::findActiveTestbench -window 10] -mode overwrite
[15:47:24.54] /r giDialog gi::setActiveDialog [gi::getDialogs {xtShowDesignsPrompt}]
[15:47:24.54] /r giDialog gi::setCurrentIndex {target} -index {0,0} -in [gi::getDialogs {xtShowDesignsPrompt}]
[15:47:24.80] /r giDialog db::setAttr geometry -of [gi::getDialogs {xtShowDesignsPrompt}] -value 649x290+626+410
[15:47:25.57] /r giDialog gi::pressButton {ok} -in [gi::getDialogs {xtShowDesignsPrompt}]
[15:47:25.59] /m Information: 
[15:47:25.59] /o Checking "inverter/NAND2_tb/schematic"
[15:47:25.59] /o No rule violations found in "inverter/NAND2_tb/schematic"
[15:47:25.59] /o No Design Integrity rule violations found in "inverter/NAND2_tb/schematic"
[15:47:25.59] /m Information: Checking process is completed: marking the design violations
[15:47:25.59] /m Information: Marking of designs is completed
[15:47:25.62] /r giWindowId 11
[15:47:25.63] /r giWindowGeometry 800x600
[15:47:25.70] /m Information: "Starting incremental netlisting for design "inverter/NAND2_tb/schematic"..." (NETLISTING-010)
[15:47:25.71] /o No Design Integrity rule violations found in "inverter/NAND2_tb/schematic"
[15:47:25.74] /m Information: "inverter NAND2_tb schematic" renetlisted. (NETLISTING-056)
[15:47:25.74] /m Information: "Netlisting design "inverter/NAND2_tb/schematic" finished successfully." (NETLISTING-012)
[15:47:25.75] /m Information: "Composing simulator input file for design "inverter/NAND2_tb/schematic"..."
[15:47:25.77] /m Information: "Simulator input file composed successfully for design "inverter/NAND2_tb/schematic""
[15:47:25.96] /m Information: "Starting HSPICE simulation for design: inverter/NAND2_tb/schematic"
[15:47:25.96] /# gi::collapse {jobMonitorTable} -index {0.0.0.1,0} -in [gi::getWindows 11]
[15:47:25.99] /o 1
[15:47:26.31] /m Information: "Simulation completed successfully for design: inverter/NAND2_tb/schematic "
[15:47:26.50] /m Information: Launching Background sae_shell Server Process "cd /home/itsupport/Desktop/lab1vlsi && sae_shell -log sae_shell_session2_job2 -libDefFile /home/itsupport/Desktop/lab1vlsi/lib.defs"
[15:47:26.51] /m Information: "Evaluating and plotting outputs..."
[15:47:26.53] /m Information: Launching Waveform Viewer "cd /home/itsupport/simulation/inverter,NAND2_tb,schematic/history_1/simulation/HSPICE_default/HSPICE/nominal/results &&  wv -k -cdesigner -spxkey /usr/synopsys/customcompiler/N-2017.12-SP1-2/auxx/waveform/sae.spxkey -spxrc /tmp/sae_spxrc_ZUTUpo -unique_string 0a5d9da1fed3a2d169aa7f613a217c24125e8d2b0833b894ed40d2f5efbf27a2fb0c0fc5bd6190666c3e7585a3295f2128b752b133077f7c -lic_type 1    > /home/itsupport/simulation/inverter,NAND2_tb,schematic/history_1/simulation/HSPICE_default/HSPICE/nominal/results/viewer.log 2>&1"
[15:47:26.53] /i gi::collapse {jobMonitorTable} -index {0.0,0} -in [gi::getWindows 11]
[15:47:26.91] /m Information: Measurement calculations completed for testbench: HSPICE_default in 0s
[15:47:27.40] /j ::wf::WaveView::plotSuccess WaveView_2 {} {_6690e50_void_pp _66d70c0_void_pp} 
[15:47:27.44] /j ::wf::WaveView::plotSuccess WaveView_2 {} {_6690e50_void_pp _66d7188_void_pp} 
[15:47:27.48] /j ::wf::WaveView::plotSuccess WaveView_2 {} {_6690e50_void_pp _66d7250_void_pp} 
[15:47:29.11] /m Information: Received ready-for-commands signal from background job 'sae_shell_session2_job2' after 3 seconds.
[15:47:54.83] /i gi::executeAction giCloseWindow -in [gi::getWindows 7]
[15:47:55.79] /i gi::executeAction giCloseWindow -in [gi::getWindows 11]
[15:47:55.80] /i gi::setActiveWindow 10
[15:47:55.80] /i gi::setActiveWindow 10 -raise true
[15:47:56.53] /i gi::setActiveWindow 8
[15:47:56.53] /i gi::setActiveWindow 8 -raise true
[15:47:58.01] /# gi::executeAction deSelectActive -in [gi::getWindows 8]
[15:47:58.01] /i de::deselectAll [db::getNext [de::getContexts -window 8]]
[15:47:58.01] /i de::select [de::getActiveFigure [gi::getWindows 8] -point {3.13125 1.2375} -index 0 -intent none]
[15:47:58.01] /o oa:0x1f23bfd0
[15:47:59.47] /i gi::setItemSelection {parameters} -index {tr,all} -in [gi::getAssistants dePropertyEditor -from [gi::getWindows 8]]
[15:47:59.47] /i gi::setCurrentIndex {parameters} -index {tr,Value} -in [gi::getAssistants dePropertyEditor -from [gi::getWindows 8]]
[15:48:01.36] /i gi::setField {parameters} -value {50p} -index {tr,Value} -in [gi::getAssistants dePropertyEditor -from [gi::getWindows 8]]
[15:48:01.37] /i gi::executeAction dePropertyEditorApplyChanges -in [gi::getAssistants dePropertyEditor -from [gi::getWindows 8]]
[15:48:02.05] /i gi::setItemSelection {parameters} -index {tf,all} -in [gi::getAssistants dePropertyEditor -from [gi::getWindows 8]]
[15:48:02.05] /i gi::setCurrentIndex {parameters} -index {tf,Value} -in [gi::getAssistants dePropertyEditor -from [gi::getWindows 8]]
[15:48:03.88] /i gi::setField {parameters} -value {50p} -index {tf,Value} -in [gi::getAssistants dePropertyEditor -from [gi::getWindows 8]]
[15:48:03.88] /i gi::executeAction dePropertyEditorApplyChanges -in [gi::getAssistants dePropertyEditor -from [gi::getWindows 8]]
[15:48:05.05] /# gi::executeAction deSelectActive -in [gi::getWindows 8]
[15:48:05.05] /i de::deselectAll [db::getNext [de::getContexts -window 8]]
[15:48:05.05] /i de::select [de::getActiveFigure [gi::getWindows 8] -point {2.74375 2.15} -index 0 -intent none]
[15:48:05.05] /o oa:0x177b0060
[15:48:05.94] /i gi::setItemSelection {parameters} -index {tr,all} -in [gi::getAssistants dePropertyEditor -from [gi::getWindows 8]]
[15:48:05.94] /i gi::setCurrentIndex {parameters} -index {tr,Value} -in [gi::getAssistants dePropertyEditor -from [gi::getWindows 8]]
[15:48:08.72] /i gi::setField {parameters} -value {5-00p} -index {tr,Value} -in [gi::getAssistants dePropertyEditor -from [gi::getWindows 8]]
[15:48:08.72] /i gi::executeAction dePropertyEditorApplyChanges -in [gi::getAssistants dePropertyEditor -from [gi::getWindows 8]]
[15:48:12.61] /i gi::setField {parameters} -value {50p} -index {tr,Value} -in [gi::getAssistants dePropertyEditor -from [gi::getWindows 8]]
[15:48:12.61] /i gi::executeAction dePropertyEditorApplyChanges -in [gi::getAssistants dePropertyEditor -from [gi::getWindows 8]]
[15:48:13.44] /i gi::setItemSelection {parameters} -index {tf,all} -in [gi::getAssistants dePropertyEditor -from [gi::getWindows 8]]
[15:48:13.44] /i gi::setCurrentIndex {parameters} -index {tf,Value} -in [gi::getAssistants dePropertyEditor -from [gi::getWindows 8]]
[15:48:15.13] /i gi::setField {parameters} -value {50p} -index {tf,Value} -in [gi::getAssistants dePropertyEditor -from [gi::getWindows 8]]
[15:48:15.13] /i gi::executeAction dePropertyEditorApplyChanges -in [gi::getAssistants dePropertyEditor -from [gi::getWindows 8]]
[15:48:17.61] /# gi::executeAction seSchCheckAndSave -in [gi::getWindows 8]
[15:48:17.61] /i ise::check
[15:48:17.61] /m Information: 
[15:48:17.61] /o Checking "inverter/NAND2_tb/schematic"
[15:48:17.61] /o No rule violations found in "inverter/NAND2_tb/schematic"
[15:48:17.61] /m Information: Checking process is completed: marking the design violations
[15:48:17.63] /m Information: Marking of designs is completed
[15:48:17.63] /o true
[15:48:18.08] /i gi::setActiveWindow 10
[15:48:18.08] /i gi::setActiveWindow 10 -raise true
[15:48:19.39] /i gi::executeAction menuPreShow -in [gi::getWindows 10]
[15:48:19.39] /r giMenuAccess db::getNext [gi::getMenus saConsoleSimMenu -from [gi::getWindows 10]]
[15:48:20.49] /# gi::executeAction saNetlistAndRun -in [gi::getWindows 10]
[15:48:20.49] /i isa::netlistAndRun -testbench [sa::findActiveTestbench -window 10] -mode overwrite
[15:48:20.50] /r giWindowId 12
[15:48:20.50] /r giWindowGeometry 800x600
[15:48:20.56] /m Information: "Starting incremental netlisting for design "inverter/NAND2_tb/schematic"..." (NETLISTING-010)
[15:48:20.57] /o No Design Integrity rule violations found in "inverter/NAND2_tb/schematic"
[15:48:20.60] /m Information: "inverter NAND2_tb schematic" renetlisted. (NETLISTING-056)
[15:48:20.60] /m Information: "Netlisting design "inverter/NAND2_tb/schematic" finished successfully." (NETLISTING-012)
[15:48:20.61] /m Information: "Composing simulator input file for design "inverter/NAND2_tb/schematic"..."
[15:48:20.64] /m Information: "Simulator input file composed successfully for design "inverter/NAND2_tb/schematic""
[15:48:20.82] /m Information: "Starting HSPICE simulation for design: inverter/NAND2_tb/schematic"
[15:48:20.82] /# gi::collapse {jobMonitorTable} -index {0.0.0.1,0} -in [gi::getWindows 12]
[15:48:20.86] /o 1
[15:48:21.22] /m Information: "Simulation completed successfully for design: inverter/NAND2_tb/schematic "
[15:48:21.42] /m Information: "Evaluating and plotting outputs..."
[15:48:21.51] /j ::wf::WaveView::plotSuccess WaveView_2 {} {_65ad050_void_pp _66d7318_void_pp} 
[15:48:21.54] /j ::wf::WaveView::plotSuccess WaveView_2 {} {_65ad050_void_pp _66d70c0_void_pp} 
[15:48:21.61] /j ::wf::WaveView::plotSuccess WaveView_2 {} {_65ad050_void_pp _66d7188_void_pp} 
[15:48:21.81] /m Information: Measurement calculations completed for testbench: HSPICE_default in 0s
[15:48:37.19] /i gi::executeAction giCloseWindow -in [gi::getWindows 12]
[15:48:37.21] /i gi::setActiveWindow 10
[15:48:37.21] /i gi::setActiveWindow 10 -raise true
[15:48:38.33] /i gi::executeAction giCloseWindow -in [gi::getWindows 10]
[15:48:38.40] /r giDialog gi::setActiveDialog [gi::getDialogs {giPrompt} -parent [gi::getWindows 10]]
[15:48:38.70] /r giDialog db::setAttr geometry -of [gi::getDialogs {giPrompt} -parent [gi::getWindows 10]] -value 292x82+814+573
[15:48:39.62] /r giDialog gi::pressButton {save} -in [gi::getDialogs {giPrompt} -parent [gi::getWindows 10]]
[15:48:39.81] /r giDialog gi::setActiveDialog [gi::getDialogs {saShowSaveState} -parent [gi::getWindows 10]]
[15:48:40.10] /r giDialog db::setAttr geometry -of [gi::getDialogs {saShowSaveState} -parent [gi::getWindows 10]] -value 501x558+710+335
[15:48:41.24] /r giDialog gi::closeWindows [gi::getDialogs {saShowSaveState} -parent [gi::getWindows 10]]
[15:48:42.79] /# gi::executeAction saSaveState -in [gi::getWindows 10]
[15:48:42.79] /i sa::showSaveState -parent 10
[15:48:42.86] /o oa:0x238f0140
[15:48:42.93] /i gi::setActiveDialog [gi::getDialogs {saShowSaveState} -parent [gi::getWindows 10]]
[15:48:43.20] /i db::setAttr geometry -of [gi::getDialogs {saShowSaveState} -parent [gi::getWindows 10]] -value 501x558+778+485
[15:48:43.79] /i gi::pressButton {/apply} -in [gi::getDialogs {saShowSaveState} -parent [gi::getWindows 10]]
[15:48:44.15] /i gi::pressButton {/ok} -in [gi::getDialogs {saShowSaveState} -parent [gi::getWindows 10]]
[15:48:45.44] /i gi::executeAction giCloseWindow -in [gi::getWindows 10]
[15:48:45.45] /i gi::setActiveWindow 8
[15:48:45.45] /i gi::setActiveWindow 8 -raise true
[15:48:48.41] /i gi::executeAction giCloseWindow -in [gi::getWindows 8]
[15:48:48.42] /i gi::setActiveWindow 2
[15:48:48.42] /i gi::setActiveWindow 2 -raise true
[15:48:49.40] /i gi::setCurrentIndex {cells} -index {NAND2} -in [gi::getWindows 2]
[15:48:49.40] /i gi::setItemSelection {cells} -index {NAND2} -in [gi::getWindows 2]
[15:48:50.69] /i gi::setCurrentIndex {views} -index {schematic} -in [gi::getWindows 2]
[15:48:50.69] /i gi::setItemSelection {views} -index {schematic} -in [gi::getWindows 2]
[15:48:51.20] /i gi::setCurrentIndex {views} -index {symbol} -in [gi::getWindows 2]
[15:48:51.20] /i gi::setItemSelection {views} -index {symbol} -in [gi::getWindows 2]
[15:48:51.63] /i gi::setCurrentIndex {views} -index {schematic} -in [gi::getWindows 2]
[15:48:51.63] /i gi::setItemSelection {views} -index {schematic} -in [gi::getWindows 2]
[15:48:51.80] /i gi::executeAction dmOpen -in [gi::getWindows 2]
[15:48:51.82] /r giWindowId 13
[15:48:51.82] /r giWindowGeometry 1632x1020
[15:48:51.96] /o "inverter/NAND2/schematic" design does not need checking
[15:48:53.32] /# gi::executeAction deCanvasZoomInAtPoint -in [gi::getWindows 13]
[15:48:53.32] /i de::zoom -window [gi::getWindows 13] -factor 2.0 -center {3.5875 7.26875}
[15:48:53.32] /o {1.75 5.3625} {5.55625 7.6875}
[15:48:53.91] /# gi::executeAction deSelectActive -in [gi::getWindows 13]
[15:48:53.91] /i de::deselectAllLogic -context [db::getNext [de::getContexts -window 13]]
[15:48:54.69] /# gi::executeAction seDelete -in [gi::getWindows 13]
[15:48:54.69] /i ise::delete
[15:48:55.35] /# gi::executeAction deAddPoint -in [gi::getWindows 13]
[15:48:55.35] /i de::addPoint {3.36875 7.275} -context [db::getNext [de::getContexts -window 13]]
[15:48:56.19] /# gi::executeAction deAddPoint -in [gi::getWindows 13]
[15:48:56.19] /i de::addPoint {3.35625 7.3} -context [db::getNext [de::getContexts -window 13]]
[15:48:56.62] /# gi::executeAction deCanvasZoomOutAtPoint -in [gi::getWindows 13]
[15:48:56.62] /i de::zoom -window [gi::getWindows 13] -factor 0.5 -center {4.36875 7.28125}
[15:48:56.62] /o {-0.86875 3.44375} {6.74375 8.09375}
[15:48:56.71] /# gi::executeAction deCanvasZoomOutAtPoint -in [gi::getWindows 13]
[15:48:56.71] /i de::zoom -window [gi::getWindows 13] -factor 0.5 -center {4.5875 7.24375}
[15:48:56.71] /o {-6.325 -0.35625} {8.9 8.94375}
[15:48:57.13] /# gi::executeAction deCanvasZoomInAtPoint -in [gi::getWindows 13]
[15:48:57.13] /i de::zoom -window [gi::getWindows 13] -factor 2.0 -center {5.34375 7.3875}
[15:48:57.13] /o {-0.49375 3.5125} {7.125 8.16875}
[15:49:05.74] /i gi::executeAction giCloseWindow -in [gi::getWindows 13]
[15:49:05.78] /r giDialog gi::setActiveDialog [gi::getDialogs {deCloseDesign} -parent [gi::getWindows 13]]
[15:49:06.07] /r giDialog db::setAttr geometry -of [gi::getDialogs {deCloseDesign} -parent [gi::getWindows 13]] -value 460x82+730+573
[15:49:07.86] /r giDialog gi::pressButton {discard} -in [gi::getDialogs {deCloseDesign} -parent [gi::getWindows 13]]
[15:49:07.88] /i gi::setActiveWindow 2
[15:49:07.88] /i gi::setActiveWindow 2 -raise true
[15:49:10.03] /i gi::setCurrentIndex {cells} -index {NAND2_tb_2} -in [gi::getWindows 2]
[15:49:10.03] /i gi::setItemSelection {cells} -index {NAND2_tb_2} -in [gi::getWindows 2]
[15:49:10.44] /i gi::setCurrentIndex {cells} -index {full_adder} -in [gi::getWindows 2]
[15:49:10.45] /i gi::setItemSelection {cells} -index {full_adder} -in [gi::getWindows 2]
[15:49:11.23] /i gi::setCurrentIndex {cells} -index {NAND2_tb_2} -in [gi::getWindows 2]
[15:49:11.23] /i gi::setItemSelection {cells} -index {NAND2_tb_2} -in [gi::getWindows 2]
[15:49:11.52] /i gi::setCurrentIndex {cells} -index {full_adder} -in [gi::getWindows 2]
[15:49:11.52] /i gi::setItemSelection {cells} -index {full_adder} -in [gi::getWindows 2]
[15:49:12.64] /i gi::setCurrentIndex {views} -index {schematic} -in [gi::getWindows 2]
[15:49:12.65] /i gi::setItemSelection {views} -index {schematic} -in [gi::getWindows 2]
[15:49:12.94] /i gi::setCurrentIndex {views} -index {symbol} -in [gi::getWindows 2]
[15:49:12.94] /i gi::setItemSelection {views} -index {symbol} -in [gi::getWindows 2]
[15:49:14.79] /i gi::executeAction dmOpen -in [gi::getWindows 2]
[15:49:14.81] /r giWindowId 14
[15:49:14.81] /r giWindowGeometry 1632x1020
[15:49:15.90] /# gi::executeAction deCanvasZoomOutAtPoint -in [gi::getWindows 14]
[15:49:15.90] /i de::zoom -window [gi::getWindows 14] -factor 0.5 -center {2.19375 1.28125}
[15:49:15.90] /o {-0.63125 -0.43125} {4.08125 1.99375}
[15:49:16.00] /# gi::executeAction deCanvasZoomOutAtPoint -in [gi::getWindows 14]
[15:49:16.00] /i de::zoom -window [gi::getWindows 14] -factor 0.5 -center {2.1875 1.2875}
[15:49:16.00] /o {-3.44375 -2.14375} {5.96875 2.69375}
[15:49:16.35] /# gi::executeAction deCanvasZoomInAtPoint -in [gi::getWindows 14]
[15:49:16.35] /i de::zoom -window [gi::getWindows 14] -factor 2.0 -center {2.5 1.29375}
[15:49:16.35] /o {-0.475 -0.425} {4.2375 1.99375}
[15:49:18.31] /# gi::executeAction deSelectActive -in [gi::getWindows 14]
[15:49:18.31] /i de::deselectAll [db::getNext [de::getContexts -window 14]]
[15:49:18.31] /i de::select [de::getActiveFigure [gi::getWindows 14] -point {2.44375 1.31875} -index 0 -intent none]
[15:49:18.31] /o oa:0x1eca6a00
[15:49:22.66] /i gi::setActiveWindow 2
[15:49:22.66] /i gi::setActiveWindow 2 -raise true
[15:49:23.64] /i gi::setItemSelection {cells} -index {} -in [gi::getWindows 2]
[15:49:25.34] /# gi::executeAction dmShowNewCell -in [gi::getWindows 2]
[15:49:25.34] /i dm::showNewCell -parent 2
[15:49:25.36] /o oa:0x1bcfe620
[15:49:25.40] /i gi::setActiveDialog [gi::getDialogs {dmNewCell} -parent [gi::getWindows 2]]
[15:49:25.67] /i db::setAttr geometry -of [gi::getDialogs {dmNewCell} -parent [gi::getWindows 2]] -value 448x227+726+442
[15:49:28.58] /i gi::closeWindows [gi::getDialogs {dmNewCell} -parent [gi::getWindows 2]]
[15:49:28.58] /i gi::setField {cellName} -value {f} -in [gi::getDialogs {dmNewCell} -parent [gi::getWindows 2]]
[15:49:30.27] /# gi::executeAction dmShowNewCell -in [gi::getWindows 2]
[15:49:30.27] /i dm::showNewCell -parent 2
[15:49:30.28] /o oa:0x2337b290
[15:49:30.32] /i gi::setActiveDialog [gi::getDialogs {dmNewCell} -parent [gi::getWindows 2]]
[15:49:30.60] /i db::setAttr geometry -of [gi::getDialogs {dmNewCell} -parent [gi::getWindows 2]] -value 448x227+726+442
[15:49:39.72] /i gi::setField {cellName} -value {FA_1bit_tb} -in [gi::getDialogs {dmNewCell} -parent [gi::getWindows 2]]
[15:49:39.76] /i gi::pressButton {ok} -in [gi::getDialogs {dmNewCell} -parent [gi::getWindows 2]]
[15:49:39.76] /# dm::createCell FA\_1bit\_tb -lib [ oa::LibFind [oa::ScalarName [oa::CdbaNS] inverter]]
[15:49:39.76] /# dm::addToCellCategory [db::getNext [dm::getCellCategories -libName inverter -filter "%name == \"LAB3\""]] -cell [dm::findCell FA\_1bit\_tb -libName inverter]
[15:49:39.76] /# gi::setItemSelection {cells} -index {FA_1bit_tb} -in [gi::getDialogs {dmNewCell} -parent [gi::getWindows 2]]
[15:49:40.82] /i gi::setCurrentIndex {cells} -index {FA_1bit_tb} -in [gi::getWindows 2]
[15:49:40.82] /i gi::setItemSelection {cells} -index {FA_1bit_tb} -in [gi::getWindows 2]
[15:49:42.09] /# gi::executeAction dmShowNewCellView -in [gi::getWindows 2]
[15:49:42.09] /i dm::showNewCellView -parent 2
[15:49:42.10] /o oa:0x23a94c80
[15:49:42.14] /i gi::setActiveDialog [gi::getDialogs {dmNewCellView} -parent [gi::getWindows 2]]
[15:49:42.40] /i db::setAttr geometry -of [gi::getDialogs {dmNewCellView} -parent [gi::getWindows 2]] -value 588x285+656+413
[15:49:45.36] /i gi::setField {cellViewName} -value {schematic} -in [gi::getDialogs {dmNewCellView} -parent [gi::getWindows 2]]
[15:49:46.10] /i gi::pressButton {apply} -in [gi::getDialogs {dmNewCellView} -parent [gi::getWindows 2]]
[15:49:46.10] /# db::getAttr viewType -of [dm::findCellView schematic -cell [dm::findCell FA\_1bit\_tb -lib [oa::LibFind [oa::ScalarName [oa::CdbaNS] inverter]]]]
[15:49:46.11] /# dm::createCellView schematic -cell [dm::findCell FA\_1bit\_tb -lib [ oa::LibFind [oa::ScalarName [oa::CdbaNS] inverter]]] -viewType schematic
[15:49:46.11] /# dm::addToCellCategory [db::getNext [dm::getCellCategories -libName inverter -filter "%name == \"LAB3\""]] -cell [dm::findCell FA\_1bit\_tb -libName inverter]
[15:49:46.11] /# de::open [dm::findCellView schematic -cell [dm::findCell FA\_1bit\_tb -lib [oa::LibFind [oa::ScalarName [oa::CdbaNS] inverter]]]] -application seSchematic
[15:49:46.12] /r giWindowId 15
[15:49:46.13] /r giWindowGeometry 1632x1020
[15:49:46.26] /m Information: 
[15:49:46.26] /o Checking "inverter/FA_1bit_tb/schematic"
[15:49:46.26] /o No rule violations found in "inverter/FA_1bit_tb/schematic"
[15:49:46.26] /m Information: Checking process is completed: marking the design violations
[15:49:46.26] /m Information: Marking of designs is completed
[15:49:46.70] /i gi::setActiveWindow 2
[15:49:46.70] /i gi::setActiveWindow 2 -raise true
[15:49:46.76] /i gi::pressButton {ok} -in [gi::getDialogs {dmNewCellView} -parent [gi::getWindows 2]]
[15:49:46.77] /# db::getAttr viewType -of [dm::findCellView schematic -cell [dm::findCell FA\_1bit\_tb -lib [oa::LibFind [oa::ScalarName [oa::CdbaNS] inverter]]]]
[15:49:46.83] /r giDialog gi::setActiveDialog [gi::getDialogs {dmOverwrite}]
[15:49:47.09] /r giDialog db::setAttr geometry -of [gi::getDialogs {dmOverwrite}] -value 292x82+804+514
[15:49:48.26] /r giDialog gi::pressButton {overwrite} -in [gi::getDialogs {dmOverwrite}]
[15:49:48.27] /# db::destroy [dm::findCellView schematic -cellName FA\_1bit\_tb -libName inverter]
[15:49:48.31] /m Information: The context with top design inverter/FA_1bit_tb/schematic was closed because all the designs in its hierarchy were unexpectedly purged. (DESIGN-113)
[15:49:48.32] /# dm::createCellView schematic -cell [dm::findCell FA\_1bit\_tb -lib [ oa::LibFind [oa::ScalarName [oa::CdbaNS] inverter]]] -viewType schematic
[15:49:48.32] /# dm::addToCellCategory [db::getNext [dm::getCellCategories -libName inverter -filter "%name == \"LAB3\""]] -cell [dm::findCell FA\_1bit\_tb -libName inverter]
[15:49:48.32] /# de::open [dm::findCellView schematic -cell [dm::findCell FA\_1bit\_tb -lib [oa::LibFind [oa::ScalarName [oa::CdbaNS] inverter]]]] -application seSchematic
[15:49:48.35] /r giWindowId 16
[15:49:48.35] /r giWindowGeometry 1632x1020
[15:49:48.49] /m Information: 
[15:49:48.49] /o Checking "inverter/FA_1bit_tb/schematic"
[15:49:48.49] /o No rule violations found in "inverter/FA_1bit_tb/schematic"
[15:49:48.49] /m Information: Checking process is completed: marking the design violations
[15:49:48.49] /m Information: Marking of designs is completed
[15:49:49.80] /# gi::executeAction seCreateInst -in [gi::getWindows 16]
[15:49:49.80] /i ise::createInst
[15:49:49.85] /i gi::setActiveDialog [gi::getDialogs {seCreateInst} -parent [gi::getWindows 16]]
[15:49:50.11] /i db::setAttr geometry -of [gi::getDialogs {seCreateInst}] -value 359x337+0+65
[15:49:52.86] /i gi::setField {instMasterLib} -value {inverter} -in [gi::getDialogs {seCreateInst} -parent [gi::getWindows 16]]
[15:49:53.19] /i db::setAttr geometry -of [gi::getDialogs {seCreateInst}] -value 359x337+0+65
[15:49:56.24] /i gi::setField {instMasterCell} -value {NAND2_2} -in [gi::getDialogs {seCreateInst} -parent [gi::getWindows 16]]
[15:49:56.53] /i db::setAttr geometry -of [gi::getDialogs {seCreateInst}] -value 359x337+0+65
[15:49:58.29] /# gi::executeAction deAddPoint -in [gi::getWindows 16]
[15:49:58.29] /i de::addPoint {-0.2625 0.90625} -context [db::getNext [de::getContexts -window 16]]
[15:49:59.36] /# gi::executeAction deAbortCommand -in [gi::getWindows 16]
[15:49:59.36] /i de::abortCommand -context [db::getNext [de::getContexts -window 16]]
[15:49:59.75] /# gi::executeAction deCanvasZoomInAtPoint -in [gi::getWindows 16]
[15:49:59.75] /i de::zoom -window [gi::getWindows 16] -factor 2.0 -center {2.99375 2.85625}
[15:49:59.75] /o {0.7625 0.98125} {5.66875 3.98125}
[15:49:59.85] /# gi::executeAction deCanvasZoomInAtPoint -in [gi::getWindows 16]
[15:49:59.85] /i de::zoom -window [gi::getWindows 16] -factor 2.0 -center {3.0125 2.88125}
[15:49:59.85] /o {1.8875 1.93125} {4.34375 3.43125}
[15:50:00.34] /# gi::executeAction deCanvasZoomOutAtPoint -in [gi::getWindows 16]
[15:50:00.34] /i de::zoom -window [gi::getWindows 16] -factor 0.5 -center {3.14375 2.79375}
[15:50:00.34] /o {0.63125 1.06875} {5.5375 4.06875}
[15:50:07.32] /# gi::executeAction seCreateInst -in [gi::getWindows 16]
[15:50:07.32] /i ise::createInst
[15:50:07.34] /o seSchematic
[15:50:07.37] /i gi::setActiveDialog [gi::getDialogs {seCreateInst} -parent [gi::getWindows 16]]
[15:50:07.67] /i db::setAttr geometry -of [gi::getDialogs {seCreateInst}] -value 359x337+0+65
[15:50:09.86] /i gi::setField {instMasterLib} -value {analogLib} -in [gi::getDialogs {seCreateInst} -parent [gi::getWindows 16]]
[15:50:10.18] /i db::setAttr geometry -of [gi::getDialogs {seCreateInst}] -value 359x337+0+65
[15:50:15.77] /i gi::setField {instMasterCell} -value {vdd} -in [gi::getDialogs {seCreateInst} -parent [gi::getWindows 16]]
[15:50:16.09] /i db::setAttr geometry -of [gi::getDialogs {seCreateInst}] -value 359x337+0+65
[15:50:17.09] /# gi::executeAction deAddPoint -in [gi::getWindows 16]
[15:50:17.09] /i de::addPoint {1.05625 2.9625} -context [db::getNext [de::getContexts -window 16]]
[15:50:20.21] /# gi::executeAction deAbortCommand -in [gi::getWindows 16]
[15:50:20.21] /i de::abortCommand -context [db::getNext [de::getContexts -window 16]]
[15:50:22.79] /# gi::executeAction seCreateInst -in [gi::getWindows 16]
[15:50:22.79] /i ise::createInst
[15:50:22.81] /o seSchematic
[15:50:22.86] /i gi::setActiveDialog [gi::getDialogs {seCreateInst} -parent [gi::getWindows 16]]
[15:50:23.12] /i db::setAttr geometry -of [gi::getDialogs {seCreateInst}] -value 359x337+0+65
[15:50:27.00] /i gi::setField {instMasterCell} -value {gnd} -in [gi::getDialogs {seCreateInst} -parent [gi::getWindows 16]]
[15:50:27.29] /i db::setAttr geometry -of [gi::getDialogs {seCreateInst}] -value 359x337+0+65
[15:50:28.98] /# gi::executeAction deAddPoint -in [gi::getWindows 16]
[15:50:28.98] /i de::addPoint {1.025 1.38125} -context [db::getNext [de::getContexts -window 16]]
[15:50:29.42] /# gi::executeAction deAbortCommand -in [gi::getWindows 16]
[15:50:29.42] /i de::abortCommand -context [db::getNext [de::getContexts -window 16]]
[15:50:30.24] /# gi::executeAction seButton1DragStart -in [gi::getWindows 16]
[15:50:30.24] /i ise::stretch -object [de::getActiveFigure [gi::getWindows 16] -point {1.0125 1.33125} -index 0 -intent none] -point {1 1.3125}
[15:50:30.62] /# gi::executeAction deEndDrag -in [gi::getWindows 16]
[15:50:30.62] /i de::endDrag {1.08125 1.325} -context [db::getNext [de::getContexts -window 16]]
[15:50:32.74] /# gi::executeAction seCreateInst -in [gi::getWindows 16]
[15:50:32.74] /i ise::createInst
[15:50:32.76] /o seSchematic
[15:50:32.79] /i gi::setActiveDialog [gi::getDialogs {seCreateInst} -parent [gi::getWindows 16]]
[15:50:33.09] /i db::setAttr geometry -of [gi::getDialogs {seCreateInst}] -value 359x337+0+65
[15:50:36.28] /i gi::setField {instMasterCell} -value {vdc} -in [gi::getDialogs {seCreateInst} -parent [gi::getWindows 16]]
[15:50:36.60] /i db::setAttr geometry -of [gi::getDialogs {seCreateInst}] -value 359x581+0+65
[15:50:37.83] /# gi::executeAction deAddPoint -in [gi::getWindows 16]
[15:50:37.83] /i de::addPoint {1.1 2.3375} -context [db::getNext [de::getContexts -window 16]]
[15:50:41.14] /i gi::setField {instMasterCell} -value {vpulse} -in [gi::getDialogs {seCreateInst} -parent [gi::getWindows 16]]
[15:50:41.49] /i db::setAttr geometry -of [gi::getDialogs {seCreateInst}] -value 359x581+0+65
[15:50:42.29] /# gi::executeAction deAddPoint -in [gi::getWindows 16]
[15:50:42.29] /i de::addPoint {1.68125 2.2875} -context [db::getNext [de::getContexts -window 16]]
[15:50:42.36] /# gi::executeAction deAbortCommand -in [gi::getWindows 16]
[15:50:42.36] /i de::abortCommand -context [db::getNext [de::getContexts -window 16]]
[15:50:43.92] /# gi::executeAction seSchCreateWire -in [gi::getWindows 16]
[15:50:43.92] /i ise::createWire
[15:50:44.94] /# gi::executeAction deAddPoint -in [gi::getWindows 16]
[15:50:44.94] /i de::addPoint {1.0625 2.9375} -context [db::getNext [de::getContexts -window 16]]
[15:50:45.00] /i de::setCursor -point {1.0625 2.875 }
[15:50:46.08] /# gi::executeAction deAddPoint -in [gi::getWindows 16]
[15:50:46.08] /i de::addPoint {1.11875 2.325} -context [db::getNext [de::getContexts -window 16]]
[15:50:46.22] /# gi::executeAction deAbortCommand -in [gi::getWindows 16]
[15:50:46.22] /i de::abortCommand -context [db::getNext [de::getContexts -window 16]]
[15:50:46.71] /# gi::executeAction seButton1DragStart -in [gi::getWindows 16]
[15:50:46.71] /i ise::stretch -object [de::getActiveFigure [gi::getWindows 16] -point {1.11875 2.08125} -index 0 -intent none] -point {1.125 2.0625}
[15:50:47.07] /# gi::executeAction deEndDrag -in [gi::getWindows 16]
[15:50:47.07] /i de::endDrag {1.05 2.075} -context [db::getNext [de::getContexts -window 16]]
[15:50:47.94] /# gi::executeAction seSchCreateWire -in [gi::getWindows 16]
[15:50:47.94] /i ise::createWire
[15:50:49.09] /# gi::executeAction deAddPoint -in [gi::getWindows 16]
[15:50:49.09] /i de::addPoint {1.04375 1.925} -context [db::getNext [de::getContexts -window 16]]
[15:50:49.13] /i de::setCursor -point {1.0625 1.875 }
[15:50:50.14] /# gi::executeAction deAddPoint -in [gi::getWindows 16]
[15:50:50.14] /i de::addPoint {1.04375 1.39375} -context [db::getNext [de::getContexts -window 16]]
[15:50:51.46] /# gi::executeAction deAbortCommand -in [gi::getWindows 16]
[15:50:51.46] /i de::abortCommand -context [db::getNext [de::getContexts -window 16]]
[15:50:52.10] /# gi::executeAction seCreateInst -in [gi::getWindows 16]
[15:50:52.10] /i ise::createInst
[15:50:52.15] /o 1
[15:50:52.18] /i gi::setActiveDialog [gi::getDialogs {seCreateInst} -parent [gi::getWindows 16]]
[15:50:52.48] /i db::setAttr geometry -of [gi::getDialogs {seCreateInst}] -value 359x581+0+65
[15:50:59.50] /# gi::executeAction deAddPoint -in [gi::getWindows 16]
[15:50:59.50] /i de::addPoint {2.05 1.81875} -context [db::getNext [de::getContexts -window 16]]
[15:50:59.82] /# gi::executeAction deAbortCommand -in [gi::getWindows 16]
[15:50:59.82] /i de::abortCommand -context [db::getNext [de::getContexts -window 16]]
[15:51:00.84] /# gi::executeAction seSchCreateWire -in [gi::getWindows 16]
[15:51:00.84] /i ise::createWire
[15:51:01.40] /# gi::executeAction deAbortCommand -in [gi::getWindows 16]
[15:51:01.40] /i de::abortCommand -context [db::getNext [de::getContexts -window 16]]
[15:51:01.96] /# gi::executeAction deCanvasZoomOutAtPoint -in [gi::getWindows 16]
[15:51:01.96] /i de::zoom -window [gi::getWindows 16] -factor 0.5 -center {1.375 1.55625}
[15:51:01.96] /o {-0.1125 0.575} {9.70625 6.575}
[15:51:02.11] /# gi::executeAction deFitEdit -in [gi::getWindows 16]
[15:51:02.11] /i de::fit -window 16 -fitEdit true
[15:51:02.11] /o {0.25625 0.7375} {4.99375 3.6375}
[15:51:03.20] /# gi::executeAction seButton1DragStart -in [gi::getWindows 16]
[15:51:03.20] /i ise::stretch -object [de::getActiveFigure [gi::getWindows 16] -point {1.05 1.16875} -index 0 -intent none] -point {1.0625 1.1875}
[15:51:04.20] /# gi::executeAction deEndDrag -in [gi::getWindows 16]
[15:51:04.20] /i de::endDrag {1.05 0.7875} -context [db::getNext [de::getContexts -window 16]]
[15:51:05.79] /# gi::executeAction seSchCreateWire -in [gi::getWindows 16]
[15:51:05.79] /i ise::createWire
[15:51:08.72] /# gi::executeAction deAddPoint -in [gi::getWindows 16]
[15:51:08.72] /i de::addPoint {2.075 1.43125} -context [db::getNext [de::getContexts -window 16]]
[15:51:08.82] /i de::setCursor -point {2 1.4375 }
[15:51:09.92] /# gi::executeAction deAddPoint -in [gi::getWindows 16]
[15:51:09.92] /i de::addPoint {1.0625 1.39375} -context [db::getNext [de::getContexts -window 16]]
[15:51:10.80] /# gi::executeAction deAddPoint -in [gi::getWindows 16]
[15:51:10.80] /i de::addPoint {1.6875 1.9375} -context [db::getNext [de::getContexts -window 16]]
[15:51:10.85] /i de::setCursor -point {1.6875 1.875 }
[15:51:12.61] /# gi::executeAction deAddPoint -in [gi::getWindows 16]
[15:51:12.61] /i de::addPoint {1.66875 1.5625} -context [db::getNext [de::getContexts -window 16]]
[15:51:12.67] /i de::setCursor -point {1.625 1.5625 }
[15:51:13.31] /# gi::executeAction deAddPoint -in [gi::getWindows 16]
[15:51:13.31] /i de::addPoint {1.0625 1.5375} -context [db::getNext [de::getContexts -window 16]]
[15:51:14.60] /# gi::executeAction deAddPoint -in [gi::getWindows 16]
[15:51:14.60] /i de::addPoint {1.7 2.3125} -context [db::getNext [de::getContexts -window 16]]
[15:51:14.63] /i de::setCursor -point {1.6875 2.375 }
[15:51:14.65] /i de::setCursor -point {1.75 2.375 }
[15:51:14.66] /i de::setCursor -point {1.75 2.4375 }
[15:51:16.83] /# gi::executeAction deAddPoint -in [gi::getWindows 16]
[15:51:16.83] /i de::addPoint {1.7 2.75} -context [db::getNext [de::getContexts -window 16]]
[15:51:16.89] /i de::setCursor -point {1.75 2.75 }
[15:51:18.43] /# gi::executeAction deAddPoint -in [gi::getWindows 16]
[15:51:18.43] /i de::addPoint {2.5625 2.70625} -context [db::getNext [de::getContexts -window 16]]
[15:51:19.60] /# gi::executeAction deAddPoint -in [gi::getWindows 16]
[15:51:19.60] /i de::addPoint {2.06875 1.8} -context [db::getNext [de::getContexts -window 16]]
[15:51:19.62] /i de::setCursor -point {2.0625 1.875 }
[15:51:21.08] /# gi::executeAction deAddPoint -in [gi::getWindows 16]
[15:51:21.08] /i de::addPoint {2.06875 2.19375} -context [db::getNext [de::getContexts -window 16]]
[15:51:21.12] /i de::setCursor -point {2.125 2.1875 }
[15:51:21.97] /# gi::executeAction deAddPoint -in [gi::getWindows 16]
[15:51:21.97] /i de::addPoint {2.56875 2.2} -context [db::getNext [de::getContexts -window 16]]
[15:51:22.22] /# gi::executeAction deAbortCommand -in [gi::getWindows 16]
[15:51:22.22] /i de::abortCommand -context [db::getNext [de::getContexts -window 16]]
[15:51:22.86] /# gi::executeAction seButton1DragStart -in [gi::getWindows 16]
[15:51:22.86] /i ise::stretch -object [de::getActiveFigure [gi::getWindows 16] -point {3.25625 2.5375} -index 0 -intent none] -point {3.25 2.5625}
[15:51:23.39] /# gi::executeAction deEndDrag -in [gi::getWindows 16]
[15:51:23.39] /i de::endDrag {3.325 2.64375} -context [db::getNext [de::getContexts -window 16]]
[15:51:23.83] /# gi::executeAction deSelectActive -in [gi::getWindows 16]
[15:51:23.83] /i de::deselectAllLogic -context [db::getNext [de::getContexts -window 16]]
[15:51:24.53] /# gi::executeAction deSelectActive -in [gi::getWindows 16]
[15:51:24.53] /i de::deselectAll [db::getNext [de::getContexts -window 16]]
[15:51:24.53] /i de::select [de::getActiveFigure [gi::getWindows 16] -point {1.6625 2.13125} -index 0 -intent none]
[15:51:24.53] /o oa:0x24521870
[15:51:26.03] /i gi::setItemSelection {parameters} -index {v2,all} -in [gi::getAssistants dePropertyEditor -from [gi::getWindows 16]]
[15:51:26.04] /i gi::setCurrentIndex {parameters} -index {v2,Value} -in [gi::getAssistants dePropertyEditor -from [gi::getWindows 16]]
[15:51:27.68] /i gi::setField {parameters} -value {1.2V} -index {v2,Value} -in [gi::getAssistants dePropertyEditor -from [gi::getWindows 16]]
[15:51:27.68] /i gi::executeAction dePropertyEditorApplyChanges -in [gi::getAssistants dePropertyEditor -from [gi::getWindows 16]]
[15:51:29.60] /i gi::setField {parameters} -value {1.2} -index {v2,Value} -in [gi::getAssistants dePropertyEditor -from [gi::getWindows 16]]
[15:51:29.60] /i gi::executeAction dePropertyEditorApplyChanges -in [gi::getAssistants dePropertyEditor -from [gi::getWindows 16]]
[15:51:30.95] /# gi::executeAction deSelectActive -in [gi::getWindows 16]
[15:51:30.95] /i de::deselectAll [db::getNext [de::getContexts -window 16]]
[15:51:30.95] /i de::select [de::getActiveFigure [gi::getWindows 16] -point {2.0875 1.7125} -index 0 -intent none]
[15:51:30.95] /o oa:0x232f7200
[15:51:32.12] /i gi::setItemSelection {parameters} -index {v2,all} -in [gi::getAssistants dePropertyEditor -from [gi::getWindows 16]]
[15:51:32.12] /i gi::setCurrentIndex {parameters} -index {v2,Value} -in [gi::getAssistants dePropertyEditor -from [gi::getWindows 16]]
[15:51:33.22] /i gi::setField {parameters} -value {1.2} -index {v2,Value} -in [gi::getAssistants dePropertyEditor -from [gi::getWindows 16]]
[15:51:33.22] /i gi::executeAction dePropertyEditorApplyChanges -in [gi::getAssistants dePropertyEditor -from [gi::getWindows 16]]
[15:51:35.78] /# gi::executeAction deSelectActive -in [gi::getWindows 16]
[15:51:35.78] /i de::deselectAll [db::getNext [de::getContexts -window 16]]
[15:51:35.78] /i de::select [de::getActiveFigure [gi::getWindows 16] -point {1.74375 2.1} -index 0 -intent none]
[15:51:35.78] /o oa:0x24ddde10
[15:51:36.93] /i gi::setItemSelection {parameters} -index {tr,all} -in [gi::getAssistants dePropertyEditor -from [gi::getWindows 16]]
[15:51:36.93] /i gi::setCurrentIndex {parameters} -index {tr,Value} -in [gi::getAssistants dePropertyEditor -from [gi::getWindows 16]]
[15:51:39.51] /i gi::setField {parameters} -value {50p} -index {tr,Value} -in [gi::getAssistants dePropertyEditor -from [gi::getWindows 16]]
[15:51:39.51] /i gi::executeAction dePropertyEditorApplyChanges -in [gi::getAssistants dePropertyEditor -from [gi::getWindows 16]]
[15:51:40.50] /i gi::setItemSelection {parameters} -index {tf,all} -in [gi::getAssistants dePropertyEditor -from [gi::getWindows 16]]
[15:51:40.50] /i gi::setCurrentIndex {parameters} -index {tf,Value} -in [gi::getAssistants dePropertyEditor -from [gi::getWindows 16]]
[15:51:41.79] /i gi::setField {parameters} -value {50p} -index {tf,Value} -in [gi::getAssistants dePropertyEditor -from [gi::getWindows 16]]
[15:51:41.79] /i gi::executeAction dePropertyEditorApplyChanges -in [gi::getAssistants dePropertyEditor -from [gi::getWindows 16]]
[15:51:43.29] /i gi::setItemSelection {parameters} -index {pw,all} -in [gi::getAssistants dePropertyEditor -from [gi::getWindows 16]]
[15:51:43.29] /i gi::setCurrentIndex {parameters} -index {pw,Value} -in [gi::getAssistants dePropertyEditor -from [gi::getWindows 16]]
[15:51:45.77] /i gi::setField {parameters} -value {2n} -index {pw,Value} -in [gi::getAssistants dePropertyEditor -from [gi::getWindows 16]]
[15:51:45.77] /i gi::executeAction dePropertyEditorApplyChanges -in [gi::getAssistants dePropertyEditor -from [gi::getWindows 16]]
[15:51:46.62] /i gi::setItemSelection {parameters} -index {per,all} -in [gi::getAssistants dePropertyEditor -from [gi::getWindows 16]]
[15:51:46.62] /i gi::setCurrentIndex {parameters} -index {per,Value} -in [gi::getAssistants dePropertyEditor -from [gi::getWindows 16]]
[15:51:47.87] /i gi::setField {parameters} -value {4n} -index {per,Value} -in [gi::getAssistants dePropertyEditor -from [gi::getWindows 16]]
[15:51:47.87] /i gi::executeAction dePropertyEditorApplyChanges -in [gi::getAssistants dePropertyEditor -from [gi::getWindows 16]]
[15:51:48.90] /# gi::executeAction deSelectActive -in [gi::getWindows 16]
[15:51:48.90] /i de::deselectAll [db::getNext [de::getContexts -window 16]]
[15:51:48.90] /i de::select [de::getActiveFigure [gi::getWindows 16] -point {2.05 1.675} -index 0 -intent none]
[15:51:48.90] /o oa:0x24d97850
[15:51:49.76] /i gi::setItemSelection {parameters} -index {tr,all} -in [gi::getAssistants dePropertyEditor -from [gi::getWindows 16]]
[15:51:49.76] /i gi::setCurrentIndex {parameters} -index {tr,Value} -in [gi::getAssistants dePropertyEditor -from [gi::getWindows 16]]
[15:51:51.03] /i gi::setField {parameters} -value {50p} -index {tr,Value} -in [gi::getAssistants dePropertyEditor -from [gi::getWindows 16]]
[15:51:51.03] /i gi::executeAction dePropertyEditorApplyChanges -in [gi::getAssistants dePropertyEditor -from [gi::getWindows 16]]
[15:51:51.82] /i gi::setItemSelection {parameters} -index {tf,all} -in [gi::getAssistants dePropertyEditor -from [gi::getWindows 16]]
[15:51:51.82] /i gi::setCurrentIndex {parameters} -index {tf,Value} -in [gi::getAssistants dePropertyEditor -from [gi::getWindows 16]]
[15:51:53.47] /i gi::setField {parameters} -value {50p} -index {tf,Value} -in [gi::getAssistants dePropertyEditor -from [gi::getWindows 16]]
[15:51:53.47] /i gi::executeAction dePropertyEditorApplyChanges -in [gi::getAssistants dePropertyEditor -from [gi::getWindows 16]]
[15:51:54.42] /i gi::setItemSelection {parameters} -index {pw,all} -in [gi::getAssistants dePropertyEditor -from [gi::getWindows 16]]
[15:51:54.42] /i gi::setCurrentIndex {parameters} -index {pw,Value} -in [gi::getAssistants dePropertyEditor -from [gi::getWindows 16]]
[15:51:55.71] /i gi::setField {parameters} -value {4n} -index {pw,Value} -in [gi::getAssistants dePropertyEditor -from [gi::getWindows 16]]
[15:51:55.71] /i gi::executeAction dePropertyEditorApplyChanges -in [gi::getAssistants dePropertyEditor -from [gi::getWindows 16]]
[15:51:57.42] /i gi::setItemSelection {parameters} -index {per,all} -in [gi::getAssistants dePropertyEditor -from [gi::getWindows 16]]
[15:51:57.42] /i gi::setCurrentIndex {parameters} -index {per,Value} -in [gi::getAssistants dePropertyEditor -from [gi::getWindows 16]]
[15:51:58.77] /i gi::setField {parameters} -value {8n} -index {per,Value} -in [gi::getAssistants dePropertyEditor -from [gi::getWindows 16]]
[15:51:58.77] /i gi::executeAction dePropertyEditorApplyChanges -in [gi::getAssistants dePropertyEditor -from [gi::getWindows 16]]
[15:51:59.88] /# gi::executeAction deSelectActive -in [gi::getWindows 16]
[15:51:59.88] /i de::deselectAll [db::getNext [de::getContexts -window 16]]
[15:51:59.88] /i de::deselectAllLogic -context [db::getNext [de::getContexts -window 16]]
[15:52:00.14] /# gi::executeAction deCanvasZoomOutAtPoint -in [gi::getWindows 16]
[15:52:00.14] /i de::zoom -window [gi::getWindows 16] -factor 0.5 -center {4.35625 1.50625}
[15:52:00.14] /o {-3.84375 -0.025} {5.63125 5.7625}
[15:52:00.16] /# gi::executeAction deCanvasZoomOutAtPoint -in [gi::getWindows 16]
[15:52:00.16] /i de::zoom -window [gi::getWindows 16] -factor 0.5 -center {4.35625 1.5}
[15:52:00.16] /o {-12.04375 -1.55} {6.90625 10.025}
[15:52:00.45] /# gi::executeAction deCanvasZoomInAtPoint -in [gi::getWindows 16]
[15:52:00.45] /i de::zoom -window [gi::getWindows 16] -factor 2.0 -center {4.79375 2.01875}
[15:52:00.45] /o {-3.625 0.23125} {5.85 6.025}
[15:52:00.74] /# gi::executeAction deCanvasZoomInAtPoint -in [gi::getWindows 16]
[15:52:00.74] /i de::zoom -window [gi::getWindows 16] -factor 2.0 -center {5.24375 2.25}
[15:52:00.74] /o {0.8125 1.24375} {5.54375 4.1375}
[15:52:02.17] /# gi::executeAction seSchCreateWire -in [gi::getWindows 16]
[15:52:02.17] /i ise::createWire
[15:52:03.78] /# gi::executeAction seSchCreateWire -in [gi::getWindows 16]
[15:52:03.78] /i ise::createWire
[15:52:04.92] /# gi::executeAction deAddPoint -in [gi::getWindows 16]
[15:52:04.92] /i de::addPoint {4.33125 2.4875} -context [db::getNext [de::getContexts -window 16]]
[15:52:04.99] /i de::setCursor -point {4.375 2.5 }
[15:52:05.77] /# gi::executeAction deAddPoint -in [gi::getWindows 16]
[15:52:05.77] /i de::addPoint {5.21875 2.46875} -context [db::getNext [de::getContexts -window 16]]
[15:52:07.04] /i de::setCursor -point {5.25 2.5625 }
[15:52:07.05] /i de::setCursor -point {5.3125 2.5 }
[15:52:07.81] /# gi::executeAction deAddPoint -in [gi::getWindows 16]
[15:52:07.81] /i de::addPoint {5.43125 2.5} -context [db::getNext [de::getContexts -window 16]]
[15:52:08.45] /# gi::executeAction deAbortCommand -in [gi::getWindows 16]
[15:52:08.45] /i de::abortCommand -context [db::getNext [de::getContexts -window 16]]
[15:52:08.97] /# gi::executeAction seCreateInst -in [gi::getWindows 16]
[15:52:08.97] /i ise::createInst
[15:52:09.02] /o 1
[15:52:09.05] /i gi::setActiveDialog [gi::getDialogs {seCreateInst} -parent [gi::getWindows 16]]
[15:52:09.36] /i db::setAttr geometry -of [gi::getDialogs {seCreateInst}] -value 359x581+0+65
[15:52:13.29] /i gi::setField {instMasterCell} -value {cap} -in [gi::getDialogs {seCreateInst} -parent [gi::getWindows 16]]
[15:52:13.59] /i db::setAttr geometry -of [gi::getDialogs {seCreateInst}] -value 359x575+0+65
[15:52:14.74] /# gi::executeAction deAddPoint -in [gi::getWindows 16]
[15:52:14.74] /i de::addPoint {4.93125 2.13125} -context [db::getNext [de::getContexts -window 16]]
[15:52:14.95] /# gi::executeAction deAbortCommand -in [gi::getWindows 16]
[15:52:14.95] /i de::abortCommand -context [db::getNext [de::getContexts -window 16]]
[15:52:15.24] /# gi::executeAction deCanvasZoomOutAtPoint -in [gi::getWindows 16]
[15:52:15.24] /i de::zoom -window [gi::getWindows 16] -factor 0.5 -center {4.7375 1.90625}
[15:52:15.24] /o {-3.11875 0.575} {6.35625 6.36875}
[15:52:15.71] /# gi::executeAction deCanvasZoomInAtPoint -in [gi::getWindows 16]
[15:52:15.71] /i de::zoom -window [gi::getWindows 16] -factor 2.0 -center {5.11875 1.4}
[15:52:15.71] /o {1.0 0.9875} {5.7375 3.88125}
[15:52:16.39] /# gi::executeAction deCanvasZoomOutAtPoint -in [gi::getWindows 16]
[15:52:16.39] /i de::zoom -window [gi::getWindows 16] -factor 0.5 -center {3.6625 1.7125}
[15:52:16.39] /o {-1.6625 0.2625} {7.8125 6.05625}
[15:52:17.77] /# gi::executeAction seSchCreateWire -in [gi::getWindows 16]
[15:52:17.77] /i ise::createWire
[15:52:19.16] /# gi::executeAction deAddPoint -in [gi::getWindows 16]
[15:52:19.16] /i de::addPoint {1.0375 1.2125} -context [db::getNext [de::getContexts -window 16]]
[15:52:19.23] /i de::setCursor -point {1.125 1.1875 }
[15:52:20.71] /# gi::executeAction deAddPoint -in [gi::getWindows 16]
[15:52:20.71] /i de::addPoint {4.9625 1.725} -context [db::getNext [de::getContexts -window 16]]
[15:52:21.89] /# gi::executeAction deAddPoint -in [gi::getWindows 16]
[15:52:21.89] /i de::addPoint {4.94375 2.13125} -context [db::getNext [de::getContexts -window 16]]
[15:52:21.96] /i de::setCursor -point {4.9375 2.1875 }
[15:52:22.57] /# gi::executeAction deAddPoint -in [gi::getWindows 16]
[15:52:22.57] /i de::addPoint {4.94375 2.5} -context [db::getNext [de::getContexts -window 16]]
[15:52:23.20] /# gi::executeAction deAbortCommand -in [gi::getWindows 16]
[15:52:23.20] /i de::abortCommand -context [db::getNext [de::getContexts -window 16]]
[15:52:24.19] /# gi::executeAction seSchCreateSchematicPin -in [gi::getWindows 16]
[15:52:24.20] /i ise::createSchematicPin
[15:52:28.19] /i gi::setField {schematicPinName} -value {output} -in [gi::getToolbars {deCommandOptions} -from [gi::getWindows 16]]
[15:52:29.02] /i gi::setField {schematicPinType} -value {output} -in [gi::getToolbars {deCommandOptions} -from [gi::getWindows 16]]
[15:52:31.10] /# gi::executeAction deAddPoint -in [gi::getWindows 16]
[15:52:31.10] /i de::addPoint {5.43125 2.5} -context [db::getNext [de::getContexts -window 16]]
[15:52:31.46] /# gi::executeAction deAbortCommand -in [gi::getWindows 16]
[15:52:31.46] /i de::abortCommand -context [db::getNext [de::getContexts -window 16]]
[15:52:33.87] /# gi::executeAction deSelectActive -in [gi::getWindows 16]
[15:52:33.87] /i de::deselectAll [db::getNext [de::getContexts -window 16]]
[15:52:33.87] /i de::select [de::getActiveFigure [gi::getWindows 16] -point {4.99375 1.95625} -index 0 -intent none]
[15:52:33.87] /o oa:0x24ebc150
[15:52:35.14] /i gi::setItemSelection {parameters} -index {c,all} -in [gi::getAssistants dePropertyEditor -from [gi::getWindows 16]]
[15:52:35.15] /i gi::setCurrentIndex {parameters} -index {c,Value} -in [gi::getAssistants dePropertyEditor -from [gi::getWindows 16]]
[15:52:35.78] /i gi::setItemSelection {parameters} -index {model,all} -in [gi::getAssistants dePropertyEditor -from [gi::getWindows 16]]
[15:52:35.79] /i gi::setCurrentIndex {parameters} -index {model,Prompt} -in [gi::getAssistants dePropertyEditor -from [gi::getWindows 16]]
[15:52:37.02] /i gi::setItemSelection {parameters} -index {c,all} -in [gi::getAssistants dePropertyEditor -from [gi::getWindows 16]]
[15:52:37.02] /i gi::setCurrentIndex {parameters} -index {c,Value} -in [gi::getAssistants dePropertyEditor -from [gi::getWindows 16]]
[15:52:38.18] /i gi::setField {parameters} -value {c} -index {c,Value} -in [gi::getAssistants dePropertyEditor -from [gi::getWindows 16]]
[15:52:38.18] /i gi::executeAction dePropertyEditorApplyChanges -in [gi::getAssistants dePropertyEditor -from [gi::getWindows 16]]
[15:52:39.44] /i gi::executeAction deCanvasDragCancel -in [gi::getWindows 16]
[15:52:42.08] /# gi::executeAction deSelectActive -in [gi::getWindows 16]
[15:52:42.08] /i de::deselectAll [db::getNext [de::getContexts -window 16]]
[15:52:42.08] /i de::select [de::getActiveFigure [gi::getWindows 16] -point {1.13125 2.1} -index 0 -intent none]
[15:52:42.08] /o oa:0x23a08f70
[15:52:42.84] /i gi::setItemSelection {parameters} -index {vdc,all} -in [gi::getAssistants dePropertyEditor -from [gi::getWindows 16]]
[15:52:42.84] /i gi::setCurrentIndex {parameters} -index {vdc,Value} -in [gi::getAssistants dePropertyEditor -from [gi::getWindows 16]]
[15:52:44.25] /i gi::setField {parameters} -value {1.2} -index {vdc,Value} -in [gi::getAssistants dePropertyEditor -from [gi::getWindows 16]]
[15:52:44.25] /i gi::executeAction dePropertyEditorApplyChanges -in [gi::getAssistants dePropertyEditor -from [gi::getWindows 16]]
[15:52:45.63] /# gi::executeAction deSelectActive -in [gi::getWindows 16]
[15:52:45.63] /i de::deselectAll [db::getNext [de::getContexts -window 16]]
[15:52:45.63] /i de::deselectAllLogic -context [db::getNext [de::getContexts -window 16]]
[15:52:46.80] /# gi::executeAction seSchCheckAndSave -in [gi::getWindows 16]
[15:52:46.80] /i ise::check
[15:52:46.81] /m Information: 
[15:52:46.81] /o Checking "inverter/FA_1bit_tb/schematic"
[15:52:46.81] /o No rule violations found in "inverter/FA_1bit_tb/schematic"
[15:52:46.81] /m Information: Checking process is completed: marking the design violations
[15:52:46.82] /m Information: Marking of designs is completed
[15:52:46.82] /o true
[15:52:48.23] /i gi::pressButton {ConsoleToggleButton} -in [db::getAttr statusbar -of [gi::getWindows 16]]
[15:52:48.52] /i db::setAttr dockSize -of [gi::getAssistants dePropertyEditor -from [gi::getWindows 16]] -value 290x743
[15:52:49.22] /i gi::pressButton {ConsoleToggleButton} -in [db::getAttr statusbar -of [gi::getWindows 16]]
[15:52:49.51] /i db::setAttr dockSize -of [gi::getAssistants dePropertyEditor -from [gi::getWindows 16]] -value 290x960
[15:52:56.49] /# gi::executeAction seShowConsoleForWindow -in [gi::getWindows 16]
[15:52:56.49] /i sa::showConsole -context [db::getNext [de::getContexts -window 16]]
[15:52:56.51] /r giWindowId 17
[15:52:56.52] /r giWindowGeometry 600x500
[15:52:56.58] /o oa:0x256cbe50
[15:52:56.60] /m Information: Launching Background sae_shell Server Process "cd /home/itsupport/Desktop/lab1vlsi && sae_shell -log sae_shell_session5_job1 -libDefFile /home/itsupport/Desktop/lab1vlsi/lib.defs"
[15:52:58.91] /m Information: Received ready-for-commands signal from background job 'sae_shell_session5_job1' after 2 seconds.
[15:52:59.02] /i gi::setActiveWindow 14
[15:52:59.02] /i gi::setActiveWindow 14 -raise true
[15:52:59.81] /i gi::executeAction giCloseWindow -in [gi::getWindows 14]
[15:52:59.82] /i gi::setActiveWindow 17
[15:52:59.82] /i gi::setActiveWindow 17 -raise true
[15:53:00.78] /i gi::executeAction menuPreShow -in [gi::getWindows 17]
[15:53:00.78] /r giMenuAccess db::getNext [gi::getMenus saVariablesMenu -from [gi::getWindows 17]]
[15:53:00.99] /i gi::executeAction menuPreShow -in [gi::getWindows 17]
[15:53:00.99] /r giMenuAccess db::getNext [gi::getMenus saConsoleOutputsMenu -from [gi::getWindows 17]]
[15:53:01.16] /i gi::executeAction menuPreShow -in [gi::getWindows 17]
[15:53:01.16] /r giMenuAccess db::getNext [gi::getMenus saConsoleSimMenu -from [gi::getWindows 17]]
[15:53:01.52] /i gi::executeAction menuPreShow -in [gi::getWindows 17]
[15:53:01.52] /r giMenuAccess db::getNext [gi::getMenus saConsoleOutputsMenu -from [gi::getWindows 17]]
[15:53:02.70] /# gi::executeAction saSelectInDesign -in [gi::getWindows 17]
[15:53:02.70] /i sa::selectOutputs -window 17
[15:53:03.76] /# gi::executeAction deAddPoint -in [gi::getWindows 16]
[15:53:03.76] /i de::addPoint {2.0875 2.73125} -context [db::getNext [de::getContexts -window 16]]
[15:53:04.68] /# gi::executeAction deAddPoint -in [gi::getWindows 16]
[15:53:04.68] /i de::addPoint {2.30625 2.2625} -context [db::getNext [de::getContexts -window 16]]
[15:53:05.58] /# gi::executeAction deAddPoint -in [gi::getWindows 16]
[15:53:05.58] /i de::addPoint {4.75 2.475} -context [db::getNext [de::getContexts -window 16]]
[15:53:06.97] /i gi::setActiveWindow 17
[15:53:06.97] /i gi::setActiveWindow 17 -raise true
[15:53:07.60] /i gi::setCurrentIndex {variablesTable} -index {1,0} -in [gi::getWindows 17]
[15:53:08.52] /i gi::setField {variablesTable} -index {1,0} -value {c} -in [gi::getWindows 17]
[15:53:08.52] /i gi::setField {variablesTable} -index {1,0} -value {c} -in [gi::getWindows 17]
[15:53:09.31] /i gi::setCurrentIndex {variablesTable} -index {1,1} -in [gi::getWindows 17]
[15:53:09.31] /i gi::setItemSelection {variablesTable} -index {1,1} -in [gi::getWindows 17]
[15:53:09.31] /i gi::setItemSelection {variablesTable} -index {1,1} -in [gi::getWindows 17]
[15:53:11.01] /i gi::setField {variablesTable} -index {1,1} -value {20f} -in [gi::getWindows 17]
[15:53:11.01] /i gi::setField {variablesTable} -index {1,1} -value {20f} -in [gi::getWindows 17]
[15:53:12.13] /i gi::setActiveWindow 16
[15:53:12.13] /i gi::setActiveWindow 16 -raise true
[15:53:13.17] /# gi::executeAction deAbortCommand -in [gi::getWindows 16]
[15:53:13.17] /i de::abortCommand -context [db::getNext [de::getContexts -window 16]]
[15:53:14.25] /i gi::setActiveWindow 16
[15:53:14.25] /i gi::setActiveWindow 16 -raise true
[15:53:14.99] /i gi::setActiveWindow 2
[15:53:14.99] /i gi::setActiveWindow 2 -raise true
[15:53:16.53] /i gi::setCurrentIndex {cells} -index {NAND2_2} -in [gi::getWindows 2]
[15:53:16.53] /i gi::setItemSelection {cells} -index {NAND2_2} -in [gi::getWindows 2]
[15:53:17.69] /i gi::setCurrentIndex {views} -index {symbol} -in [gi::getWindows 2]
[15:53:17.70] /i gi::setItemSelection {views} -index {symbol} -in [gi::getWindows 2]
[15:53:18.04] /i gi::setCurrentIndex {views} -index {schematic} -in [gi::getWindows 2]
[15:53:18.04] /i gi::setItemSelection {views} -index {schematic} -in [gi::getWindows 2]
[15:53:18.24] /i gi::executeAction dmOpen -in [gi::getWindows 2]
[15:53:18.26] /r giWindowId 18
[15:53:18.26] /r giWindowGeometry 1632x1020
[15:53:18.40] /o "inverter/NAND2_2/schematic" design does not need checking
[15:53:21.30] /i gi::setActiveWindow 17
[15:53:21.30] /i gi::setActiveWindow 17 -raise true
[15:53:23.63] /i gi::executeAction menuPreShow -in [gi::getWindows 17]
[15:53:23.63] /r giMenuAccess db::getNext [gi::getMenus saConsoleSimMenu -from [gi::getWindows 17]]
[15:53:26.41] /i gi::executeAction menuPreShow -in [gi::getWindows 17]
[15:53:26.41] /r giMenuAccess db::getNext [gi::getMenus saVariablesMenu -from [gi::getWindows 17]]
[15:53:26.44] /i gi::executeAction menuPreShow -in [gi::getWindows 17]
[15:53:26.44] /r giMenuAccess db::getNext [gi::getMenus saConsoleSetupMenu -from [gi::getWindows 17]]
[15:53:26.45] /i gi::executeAction menuPreShow -in [gi::getWindows 17]
[15:53:26.45] /r giMenuAccess db::getNext [gi::getMenus saConsoleSessionMenu -from [gi::getWindows 17]]
[15:53:26.80] /m Information: Stopped sharing "Custom WaveView" license. (WAVEFORM-111)
[15:53:27.37] /i gi::executeAction menuPreShow -in [gi::getWindows 17]
[15:53:27.37] /r giMenuAccess db::getNext [gi::getMenus saConsoleSetupMenu -from [gi::getWindows 17]]
[15:53:28.66] /# gi::executeAction saShowEditAnalyses -in [gi::getWindows 17]
[15:53:28.66] /i sa::showEditAnalyses -parent 17 -analysisName "" 
[15:53:28.75] /o oa:0x24fde0d0
[15:53:28.79] /i gi::setActiveDialog [gi::getDialogs {saEditAnalysesDialogXsaeSession2} -parent [gi::getWindows 17]]
[15:53:29.10] /i db::setAttr geometry -of [gi::getDialogs {saEditAnalysesDialogXsaeSession2} -parent [gi::getWindows 17]] -value 633x680+762+450
[15:53:35.58] /i gi::setField {/analysesGroups/tabGeneral/anaPane/step} -value {50p} -in [gi::getDialogs {saEditAnalysesDialogXsaeSession2} -parent [gi::getWindows 17]]
[15:53:37.73] /i gi::setField {/analysesGroups/tabGeneral/anaPane/stop} -value {40n} -in [gi::getDialogs {saEditAnalysesDialogXsaeSession2} -parent [gi::getWindows 17]]
[15:53:37.82] /i gi::pressButton {/apply} -in [gi::getDialogs {saEditAnalysesDialogXsaeSession2} -parent [gi::getWindows 17]]
[15:53:37.84] /o tran
[15:53:38.15] /i gi::pressButton {/ok} -in [gi::getDialogs {saEditAnalysesDialogXsaeSession2} -parent [gi::getWindows 17]]
[15:53:39.32] /i gi::executeAction menuPreShow -in [gi::getWindows 17]
[15:53:39.32] /r giMenuAccess db::getNext [gi::getMenus saConsoleSetupMenu -from [gi::getWindows 17]]
[15:53:40.52] /# gi::executeAction saEditModels -in [gi::getWindows 17]
[15:53:40.52] /i sa::showModelFiles -parent 17
[15:53:40.58] /i gi::setActiveDialog [gi::getDialogs {saModelFilesSetup} -parent [gi::getWindows 17]]
[15:53:40.89] /i db::setAttr geometry -of [gi::getDialogs {saModelFilesSetup} -parent [gi::getWindows 17]] -value 760x500+728+298
[15:53:41.65] /i gi::pressButton {PathSelectorBrowse} -in [gi::getDialogs {saModelFilesSetup} -parent [gi::getWindows 17]]
[15:53:45.70] /r giFileDialog accept .
[15:53:46.67] /i gi::setCurrentIndex {modelFilesTable} -index {0,1} -in [gi::getDialogs {saModelFilesSetup} -parent [gi::getWindows 17]]
[15:53:53.93] /r giFileDialog accept PDK/hspice/reference_models.inc
[15:53:53.93] /i gi::setField {modelFilesTable} -index {0,1} -value {/home/itsupport/Desktop/lab1vlsi/PDK/hspice/reference_models.inc} -in [gi::getDialogs {saModelFilesSetup} -parent [gi::getWindows 17]]
[15:53:53.93] /i gi::setField {modelFilesTable} -index {0,1} -value {PDK/hspice/reference_models.inc} -in [gi::getDialogs {saModelFilesSetup} -parent [gi::getWindows 17]]
[15:53:54.56] /i gi::setField {PathSelector} -value {/home/itsupport/Desktop/lab1vlsi} -in [gi::getDialogs {saModelFilesSetup} -parent [gi::getWindows 17]]
[15:53:54.61] /i gi::pressButton {apply} -in [gi::getDialogs {saModelFilesSetup} -parent [gi::getWindows 17]]
[15:53:55.05] /i gi::pressButton {ok} -in [gi::getDialogs {saModelFilesSetup} -parent [gi::getWindows 17]]
[15:53:56.98] /i gi::executeAction menuPreShow -in [gi::getWindows 17]
[15:53:56.98] /r giMenuAccess db::getNext [gi::getMenus saVariablesMenu -from [gi::getWindows 17]]
[15:53:57.34] /i gi::executeAction menuPreShow -in [gi::getWindows 17]
[15:53:57.34] /r giMenuAccess db::getNext [gi::getMenus saConsoleSetupMenu -from [gi::getWindows 17]]
[15:53:58.67] /i gi::executeAction menuPreShow -in [gi::getWindows 17]
[15:53:58.67] /r giMenuAccess db::getNext [gi::getMenus saVariablesMenu -from [gi::getWindows 17]]
[15:53:58.96] /i gi::executeAction menuPreShow -in [gi::getWindows 17]
[15:53:58.96] /r giMenuAccess db::getNext [gi::getMenus saConsoleSetupMenu -from [gi::getWindows 17]]
[15:54:01.06] /i gi::executeAction menuPreShow -in [gi::getWindows 17]
[15:54:01.06] /r giMenuAccess db::getNext [gi::getMenus saConsoleOutputsMenu -from [gi::getWindows 17]]
[15:54:02.15] /i gi::executeAction menuPreShow -in [gi::getWindows 17]
[15:54:02.15] /r giMenuAccess db::getNext [gi::getMenus saConsoleSimMenu -from [gi::getWindows 17]]
[15:54:02.70] /# gi::executeAction saNetlistAndRun -in [gi::getWindows 17]
[15:54:02.70] /i isa::netlistAndRun -testbench [sa::findActiveTestbench -window 17] -mode overwrite
[15:54:02.73] /r giWindowId 19
[15:54:02.74] /r giWindowGeometry 800x600
[15:54:02.81] /m Information: "Starting incremental netlisting for design "inverter/FA_1bit_tb/schematic"..." (NETLISTING-010)
[15:54:02.82] /o No Design Integrity rule violations found in "inverter/FA_1bit_tb/schematic"
[15:54:02.84] /m Information: "inverter NAND2_2 schematic" renetlisted. (NETLISTING-056)
[15:54:02.85] /m Information: "inverter FA_1bit_tb schematic" renetlisted. (NETLISTING-056)
[15:54:02.85] /m Information: "Netlisting design "inverter/FA_1bit_tb/schematic" finished successfully." (NETLISTING-012)
[15:54:02.86] /m Information: "Composing simulator input file for design "inverter/FA_1bit_tb/schematic"..."
[15:54:02.88] /m Information: "Simulator input file composed successfully for design "inverter/FA_1bit_tb/schematic""
[15:54:03.00] /m Information: "Starting HSPICE simulation for design: inverter/FA_1bit_tb/schematic"
[15:54:03.01] /# gi::collapse {jobMonitorTable} -index {0.0,0} -in [gi::getWindows 19]
[15:54:03.03] /o 1
[15:54:03.31] /m Information: "Simulation completed successfully for design: inverter/FA_1bit_tb/schematic "
[15:54:03.47] /m Information: Launching Background sae_shell Server Process "cd /home/itsupport/Desktop/lab1vlsi && sae_shell -log sae_shell_session5_job2 -libDefFile /home/itsupport/Desktop/lab1vlsi/lib.defs"
[15:54:03.47] /m Information: "Evaluating and plotting outputs..."
[15:54:03.49] /m Information: Started sharing "Custom WaveView" license. (WAVEFORM-110)
[15:54:03.57] /j ::wf::WaveView::plotSuccess WaveView_2 {} {_6694e70_void_pp _66d7250_void_pp} 
[15:54:03.61] /j ::wf::WaveView::plotSuccess WaveView_2 {} {_6694e70_void_pp _66d7318_void_pp} 
[15:54:03.68] /j ::wf::WaveView::plotSuccess WaveView_2 {} {_6694e70_void_pp _66d70c0_void_pp} 
[15:54:03.91] /m Information: Measurement calculations completed for testbench: default in 0s
[15:54:05.80] /m Information: Received ready-for-commands signal from background job 'sae_shell_session5_job2' after 2 seconds.
[15:54:08.60] /m Information: Waveform viewer exited normally.
[15:54:11.53] /i gi::executeAction giCloseWindow -in [gi::getWindows 19]
[15:54:11.54] /i gi::setActiveWindow 17
[15:54:11.54] /i gi::setActiveWindow 17 -raise true
[15:54:12.57] /i gi::executeAction menuPreShow -in [gi::getWindows 17]
[15:54:12.57] /r giMenuAccess db::getNext [gi::getMenus saConsoleSimMenu -from [gi::getWindows 17]]
[15:54:13.03] /# gi::executeAction saNetlistAndRun -in [gi::getWindows 17]
[15:54:13.03] /i isa::netlistAndRun -testbench [sa::findActiveTestbench -window 17] -mode overwrite
[15:54:13.04] /r giWindowId 20
[15:54:13.05] /r giWindowGeometry 800x600
[15:54:13.09] /m Information: "Starting incremental netlisting for design "inverter/FA_1bit_tb/schematic"..." (NETLISTING-010)
[15:54:13.10] /o No Design Integrity rule violations found in "inverter/FA_1bit_tb/schematic"
[15:54:13.12] /m Information: "Netlisting design "inverter/FA_1bit_tb/schematic" finished successfully." (NETLISTING-012)
[15:54:13.12] /m Information: "Composing simulator input file for design "inverter/FA_1bit_tb/schematic"..."
[15:54:13.15] /m Information: "Simulator input file composed successfully for design "inverter/FA_1bit_tb/schematic""
[15:54:13.30] /m Information: "Starting HSPICE simulation for design: inverter/FA_1bit_tb/schematic"
[15:54:13.30] /# gi::collapse {jobMonitorTable} -index {0.0.1.0,0} -in [gi::getWindows 20]
[15:54:13.32] /o 1
[15:54:13.61] /m Information: "Simulation completed successfully for design: inverter/FA_1bit_tb/schematic "
[15:54:13.80] /m Information: "Evaluating and plotting outputs..."
[15:54:13.81] /m Information: Launching Waveform Viewer "cd /home/itsupport/simulation/inverter,FA_1bit_tb,schematic/history_1/simulation/default/HSPICE/nominal/results &&  wv -k -cdesigner -spxkey /usr/synopsys/customcompiler/N-2017.12-SP1-2/auxx/waveform/sae.spxkey -spxrc /tmp/sae_spxrc_7Zpb72 -unique_string 0a5d9da1fed3a2d169aa7f613a217c24125e8d2b0833b894ed40d2f5efbf27a2fb0c0fc5bd619066d4f155eadb2922b4d02c8cb703bdbf34 -lic_type 1    > /home/itsupport/simulation/inverter,FA_1bit_tb,schematic/history_1/simulation/default/HSPICE/nominal/results/viewer.log 2>&1"
[15:54:13.81] /i gi::collapse {jobMonitorTable} -index {0.0,0} -in [gi::getWindows 20]
[15:54:14.10] /m Information: Measurement calculations completed for testbench: default in 1s
[15:54:14.50] /j ::wf::WaveView::plotSuccess WaveView_3 {} {_6683db0_void_pp _66cb2e0_void_pp} 
[15:54:14.53] /j ::wf::WaveView::plotSuccess WaveView_3 {} {_6683db0_void_pp _66cb3a8_void_pp} 
[15:54:14.57] /j ::wf::WaveView::plotSuccess WaveView_3 {} {_6683db0_void_pp _66cb470_void_pp} 
[15:54:30.30] /m Information: Waveform viewer exited normally.
[15:54:31.66] /i gi::executeAction giCloseWindow -in [gi::getWindows 20]
[15:54:31.68] /i gi::setActiveWindow 17
[15:54:31.68] /i gi::setActiveWindow 17 -raise true
[15:54:32.50] /i gi::executeAction giCloseWindow -in [gi::getWindows 17]
[15:54:32.57] /r giDialog gi::setActiveDialog [gi::getDialogs {giPrompt} -parent [gi::getWindows 17]]
[15:54:32.86] /r giDialog db::setAttr geometry -of [gi::getDialogs {giPrompt} -parent [gi::getWindows 17]] -value 292x82+814+573
[15:54:34.66] /r giDialog gi::pressButton {save} -in [gi::getDialogs {giPrompt} -parent [gi::getWindows 17]]
[15:54:34.83] /r giDialog gi::setActiveDialog [gi::getDialogs {saShowSaveState} -parent [gi::getWindows 17]]
[15:54:35.10] /r giDialog db::setAttr geometry -of [gi::getDialogs {saShowSaveState} -parent [gi::getWindows 17]] -value 462x528+729+350
[15:54:36.20] /r giDialog gi::pressButton {/apply} -in [gi::getDialogs {saShowSaveState} -parent [gi::getWindows 17]]
[15:54:36.51] /r giDialog db::setAttr geometry -of [gi::getDialogs {saShowSaveState} -parent [gi::getWindows 17]] -value 501x558+710+335
[15:54:36.82] /r giDialog gi::pressButton {/ok} -in [gi::getDialogs {saShowSaveState} -parent [gi::getWindows 17]]
[15:54:36.85] /i gi::setActiveWindow 18
[15:54:36.85] /i gi::setActiveWindow 18 -raise true
[15:54:38.94] /i gi::setActiveWindow 18
[15:54:38.94] /i gi::setActiveWindow 18 -raise true
[15:54:40.18] /i gi::executeAction giCloseWindow -in [gi::getWindows 16]
[15:54:41.08] /i gi::executeAction giCloseWindow -in [gi::getWindows 18]
[15:54:41.10] /i gi::setActiveWindow 2
[15:54:41.10] /i gi::setActiveWindow 2 -raise true
[15:54:42.45] /i gi::setCurrentIndex {cells} -index {full_adder} -in [gi::getWindows 2]
[15:54:42.45] /i gi::setItemSelection {cells} -index {full_adder} -in [gi::getWindows 2]
[15:54:44.54] /i gi::setCurrentIndex {cells} -index {FA_1bit_tb} -in [gi::getWindows 2]
[15:54:44.55] /i gi::setItemSelection {cells} -index {FA_1bit_tb} -in [gi::getWindows 2]
[15:54:45.23] /i gi::setCurrentIndex {views} -index {schematic} -in [gi::getWindows 2]
[15:54:45.23] /i gi::setItemSelection {views} -index {schematic} -in [gi::getWindows 2]
[15:54:45.47] /i gi::executeAction dmOpen -in [gi::getWindows 2]
[15:54:45.49] /r giWindowId 21
[15:54:45.49] /r giWindowGeometry 1632x1020
[15:54:45.60] /o "inverter/FA_1bit_tb/schematic" design does not need checking
[15:54:45.66] /# gi::executeAction deSelectActive -in [gi::getWindows 21]
[15:54:45.66] /i de::deselectAllLogic -context [db::getNext [de::getContexts -window 21]]
[15:54:46.31] /# gi::executeAction deSelectActive -in [gi::getWindows 21]
[15:54:46.31] /i de::deselectAll [db::getNext [de::getContexts -window 21]]
[15:54:46.31] /i de::select [de::getActiveFigure [gi::getWindows 21] -point {3.3 2.525} -index 0 -intent none]
[15:54:46.31] /o oa:0x25cbf850
[15:54:48.36] /# gi::executeAction seDelete -in [gi::getWindows 21]
[15:54:48.36] /i ise::delete
[15:54:49.11] /# gi::executeAction deSelectActive -in [gi::getWindows 21]
[15:54:49.11] /i de::deselectAllLogic -context [db::getNext [de::getContexts -window 21]]
[15:54:49.30] /i gi::executeAction deCanvasDragCancel -in [gi::getWindows 21]
[15:54:50.54] /# gi::executeAction seCreateInst -in [gi::getWindows 21]
[15:54:50.54] /i ise::createInst
[15:54:50.58] /i gi::setActiveDialog [gi::getDialogs {seCreateInst} -parent [gi::getWindows 21]]
[15:54:50.88] /i db::setAttr geometry -of [gi::getDialogs {seCreateInst}] -value 359x337+0+65
[15:54:52.42] /i gi::setField {instMasterLib} -value {inverter} -in [gi::getDialogs {seCreateInst} -parent [gi::getWindows 21]]
[15:54:52.71] /i db::setAttr geometry -of [gi::getDialogs {seCreateInst}] -value 359x337+0+65
[15:54:55.78] /i gi::setField {instMasterCell} -value {NAND2_2} -in [gi::getDialogs {seCreateInst} -parent [gi::getWindows 21]]
[15:54:56.10] /i db::setAttr geometry -of [gi::getDialogs {seCreateInst}] -value 359x337+0+65
[15:54:59.49] /i gi::setField {instMasterCell} -value {full_adder} -in [gi::getDialogs {seCreateInst} -parent [gi::getWindows 21]]
[15:54:59.80] /i db::setAttr geometry -of [gi::getDialogs {seCreateInst}] -value 359x337+0+65
[15:55:05.56] /# gi::executeAction deAddPoint -in [gi::getWindows 21]
[15:55:05.56] /i de::addPoint {1.86875 1.44375} -context [db::getNext [de::getContexts -window 21]]
[15:55:06.32] /# gi::executeAction deAbortCommand -in [gi::getWindows 21]
[15:55:06.32] /i de::abortCommand -context [db::getNext [de::getContexts -window 21]]
[15:55:07.98] /# gi::executeAction seSchCreateSchematicPin -in [gi::getWindows 21]
[15:55:07.98] /i ise::createSchematicPin
[15:55:11.46] /# gi::executeAction deAddPoint -in [gi::getWindows 21]
[15:55:11.46] /i de::addPoint {5.56875 2.325} -context [db::getNext [de::getContexts -window 21]]
[15:55:11.46] /w Warning: No wiring objects were found at this location. (SE-928)
[15:55:12.19] /# gi::executeAction deAbortCommand -in [gi::getWindows 21]
[15:55:12.19] /i de::abortCommand -context [db::getNext [de::getContexts -window 21]]
[15:55:13.72] /# gi::executeAction seSchCreateWire -in [gi::getWindows 21]
[15:55:13.72] /i ise::createWire
[15:55:14.80] /# gi::executeAction deAddPoint -in [gi::getWindows 21]
[15:55:14.80] /i de::addPoint {4.31875 2.3} -context [db::getNext [de::getContexts -window 21]]
[15:55:14.83] /i de::setCursor -point {4.375 2.3125 }
[15:55:15.82] /# gi::executeAction deAddPoint -in [gi::getWindows 21]
[15:55:15.82] /i de::addPoint {5.35 2.2875} -context [db::getNext [de::getContexts -window 21]]
[15:55:16.40] /# gi::executeAction deAbortCommand -in [gi::getWindows 21]
[15:55:16.40] /i de::abortCommand -context [db::getNext [de::getContexts -window 21]]
[15:55:17.04] /# gi::executeAction seSchCreateSchematicPin -in [gi::getWindows 21]
[15:55:17.04] /i ise::createSchematicPin
[15:55:18.38] /# gi::executeAction deAddPoint -in [gi::getWindows 21]
[15:55:18.38] /i de::addPoint {5.49375 2.30625} -context [db::getNext [de::getContexts -window 21]]
[15:55:19.22] /# gi::executeAction deCanvasZoomInAtPoint -in [gi::getWindows 21]
[15:55:19.22] /i de::zoom -window [gi::getWindows 21] -factor 2.0 -center {5.88125 2.075}
[15:55:19.22] /o {3.0375 1.13125} {6.0 2.94375}
[15:55:19.52] /# gi::executeAction deAbortCommand -in [gi::getWindows 21]
[15:55:19.52] /i de::abortCommand -context [db::getNext [de::getContexts -window 21]]
[15:55:20.58] /# gi::executeAction seSchCreateWire -in [gi::getWindows 21]
[15:55:20.58] /i ise::createWire
[15:55:21.60] /# gi::executeAction deAddPoint -in [gi::getWindows 21]
[15:55:21.60] /i de::addPoint {4.93125 2.225} -context [db::getNext [de::getContexts -window 21]]
[15:55:21.66] /i de::setCursor -point {4.875 2.25 }
[15:55:22.55] /# gi::executeAction deAddPoint -in [gi::getWindows 21]
[15:55:22.55] /i de::addPoint {4.7875 2.29375} -context [db::getNext [de::getContexts -window 21]]
[15:55:22.84] /# gi::executeAction deAbortCommand -in [gi::getWindows 21]
[15:55:22.84] /i de::abortCommand -context [db::getNext [de::getContexts -window 21]]
[15:55:24.34] /i gi::executeAction deCanvasDragCancel -in [gi::getWindows 21]
[15:55:24.87] /# gi::executeAction deSelectActive -in [gi::getWindows 21]
[15:55:24.87] /i de::deselectAll [db::getNext [de::getContexts -window 21]]
[15:55:24.87] /i de::select [de::getActiveFigure [gi::getWindows 21] -point {5.43125 2.29375} -index 0 -intent none]
[15:55:24.87] /o oa:0x1bfe6c50
[15:55:25.96] /i gi::setItemSelection {attributes} -index {name,all} -in [gi::getAssistants dePropertyEditor -from [gi::getWindows 21]]
[15:55:25.96] /i gi::setCurrentIndex {attributes} -index {name,Value} -in [gi::getAssistants dePropertyEditor -from [gi::getWindows 21]]
[15:55:28.25] /i gi::setField {attributes} -value {Cout} -index {name,Value} -in [gi::getAssistants dePropertyEditor -from [gi::getWindows 21]]
[15:55:28.25] /i gi::executeAction dePropertyEditorApplyChanges -in [gi::getAssistants dePropertyEditor -from [gi::getWindows 21]]
[15:55:29.44] /# gi::executeAction deSelectActive -in [gi::getWindows 21]
[15:55:29.44] /i de::deselectAll [db::getNext [de::getContexts -window 21]]
[15:55:29.45] /i de::deselectAllLogic -context [db::getNext [de::getContexts -window 21]]
[15:55:30.34] /# gi::executeAction deSelectActive -in [gi::getWindows 21]
[15:55:30.34] /i de::deselectAll [db::getNext [de::getContexts -window 21]]
[15:55:30.34] /i de::select [de::getActiveFigure [gi::getWindows 21] -point {5.2625 2.2875} -index 0 -intent none]
[15:55:30.34] /o oa:0x1e7eb4f0
[15:55:31.99] /# gi::executeAction seButton1DragStart -in [gi::getWindows 21]
[15:55:31.99] /i ise::stretch -object [de::getActiveFigure [gi::getWindows 21] -point {5.28125 2.28125} -index 0 -intent none] -point {5.3125 2.3125}
[15:55:32.77] /# gi::executeAction deEndDrag -in [gi::getWindows 21]
[15:55:32.77] /i de::endDrag {5.68125 2.275} -context [db::getNext [de::getContexts -window 21]]
[15:55:32.98] /# gi::executeAction deFitEdit -in [gi::getWindows 21]
[15:55:32.98] /i de::fit -window 21 -fitEdit true
[15:55:32.98] /o {0.2 0.1875} {6.11875 3.8125}
[15:55:34.22] /# gi::executeAction seButton1DragStart -in [gi::getWindows 21]
[15:55:34.22] /i ise::stretch -object [de::getActiveFigure [gi::getWindows 21] -point {5.4625 2.275} -index 0 -intent none] -point {5.4375 2.25}
[15:55:34.63] /# gi::executeAction deEndDrag -in [gi::getWindows 21]
[15:55:34.63] /i de::endDrag {5.5375 2.275} -context [db::getNext [de::getContexts -window 21]]
[15:55:35.48] /# gi::executeAction seButton1DragStart -in [gi::getWindows 21]
[15:55:35.48] /i ise::stretch -object [de::getActiveFigure [gi::getWindows 21] -point {5.55 2.2875} -index 0 -intent none] -point {5.5625 2.3125}
[15:55:35.94] /# gi::executeAction deEndDrag -in [gi::getWindows 21]
[15:55:35.94] /i de::endDrag {5.48125 2.2875} -context [db::getNext [de::getContexts -window 21]]
[15:55:36.20] /# gi::executeAction deSelectActive -in [gi::getWindows 21]
[15:55:36.20] /i de::deselectAll [db::getNext [de::getContexts -window 21]]
[15:55:36.20] /i de::deselectAllLogic -context [db::getNext [de::getContexts -window 21]]
[15:55:37.37] /# gi::executeAction seSchCreateWire -in [gi::getWindows 21]
[15:55:37.37] /i ise::createWire
[15:55:38.43] /# gi::executeAction deAddPoint -in [gi::getWindows 21]
[15:55:38.43] /i de::addPoint {3.3125 2.61875} -context [db::getNext [de::getContexts -window 21]]
[15:55:38.45] /i de::setCursor -point {3.25 2.625 }
[15:55:39.48] /# gi::executeAction deAddPoint -in [gi::getWindows 21]
[15:55:39.48] /i de::addPoint {2.63125 2.7625} -context [db::getNext [de::getContexts -window 21]]
[15:55:40.13] /# gi::executeAction deAddPoint -in [gi::getWindows 21]
[15:55:40.13] /i de::addPoint {3.34375 2.49375} -context [db::getNext [de::getContexts -window 21]]
[15:55:41.64] /# gi::executeAction deAddPoint -in [gi::getWindows 21]
[15:55:41.64] /i de::addPoint {2.6125 2.26875} -context [db::getNext [de::getContexts -window 21]]
[15:55:43.15] /# gi::executeAction deAbortCommand -in [gi::getWindows 21]
[15:55:43.15] /i de::abortCommand -context [db::getNext [de::getContexts -window 21]]
[15:55:46.89] /# gi::executeAction deSelectActive -in [gi::getWindows 21]
[15:55:46.89] /i de::deselectAll [db::getNext [de::getContexts -window 21]]
[15:55:46.89] /i de::select [de::getActiveFigure [gi::getWindows 21] -point {2.03125 1.71875} -index 0 -intent none]
[15:55:46.89] /o oa:0x232898e0
[15:55:47.71] /# gi::executeAction deSelectActive -in [gi::getWindows 21]
[15:55:47.71] /i de::deselectAll [db::getNext [de::getContexts -window 21]]
[15:55:47.72] /i de::select [de::getActiveFigure [gi::getWindows 21] -point {1.65 2.175} -index 0 -intent none]
[15:55:47.72] /o oa:0x25cdfc70
[15:55:48.40] /# gi::executeAction seCopy -in [gi::getWindows 21]
[15:55:48.40] /i ise::copy
[15:55:49.43] /# gi::executeAction deAddPoint -in [gi::getWindows 21]
[15:55:49.43] /i de::addPoint {1.66875 2.0625} -context [db::getNext [de::getContexts -window 21]]
[15:55:50.57] /# gi::executeAction deAddPoint -in [gi::getWindows 21]
[15:55:50.57] /i de::addPoint {2.8625 1.76875} -context [db::getNext [de::getContexts -window 21]]
[15:55:50.89] /i gi::executeAction deCanvasDragCancel -in [gi::getWindows 21]
[15:55:51.38] /# gi::executeAction seSchCreateWire -in [gi::getWindows 21]
[15:55:51.38] /i ise::createWire
[15:55:52.47] /# gi::executeAction deAddPoint -in [gi::getWindows 21]
[15:55:52.47] /i de::addPoint {3.325 2.36875} -context [db::getNext [de::getContexts -window 21]]
[15:55:52.52] /i de::setCursor -point {3.25 2.375 }
[15:55:54.32] /# gi::executeAction deAddPoint -in [gi::getWindows 21]
[15:55:54.32] /i de::addPoint {2.8125 2.36875} -context [db::getNext [de::getContexts -window 21]]
[15:55:54.40] /i de::setCursor -point {2.8125 2.3125 }
[15:55:55.17] /i de::setCursor -point {2.875 2.3125 }
[15:55:55.20] /i de::setCursor -point {2.875 2.375 }
[15:55:55.97] /# gi::executeAction deAddPoint -in [gi::getWindows 21]
[15:55:55.97] /i de::addPoint {2.86875 2.36875} -context [db::getNext [de::getContexts -window 21]]
[15:55:56.09] /i de::setCursor -point {2.875 2.3125 }
[15:55:56.90] /# gi::executeAction deAddPoint -in [gi::getWindows 21]
[15:55:56.90] /i de::addPoint {2.86875 1.99375} -context [db::getNext [de::getContexts -window 21]]
[15:55:57.96] /# gi::executeAction deAddPoint -in [gi::getWindows 21]
[15:55:57.96] /i de::addPoint {2.85625 1.6} -context [db::getNext [de::getContexts -window 21]]
[15:55:58.03] /i de::setCursor -point {2.8125 1.5625 }
[15:55:58.09] /i de::setCursor -point {2.75 1.4375 }
[15:55:59.47] /# gi::executeAction deAddPoint -in [gi::getWindows 21]
[15:55:59.47] /i de::addPoint {2.89375 1.36875} -context [db::getNext [de::getContexts -window 21]]
[15:55:59.53] /i de::setCursor -point {2.8125 1.375 }
[15:56:00.45] /# gi::executeAction deAddPoint -in [gi::getWindows 21]
[15:56:00.45] /i de::addPoint {2.0625 1.39375} -context [db::getNext [de::getContexts -window 21]]
[15:56:00.83] /# gi::executeAction deAbortCommand -in [gi::getWindows 21]
[15:56:00.83] /i de::abortCommand -context [db::getNext [de::getContexts -window 21]]
[15:56:01.36] /# gi::executeAction deCanvasZoomInAtPoint -in [gi::getWindows 21]
[15:56:01.36] /i de::zoom -window [gi::getWindows 21] -factor 2.0 -center {3.34375 1.6625}
[15:56:01.36] /o {1.76875 0.925} {4.73125 2.7375}
[15:56:04.17] /# gi::executeAction deCanvasZoomOutAtPoint -in [gi::getWindows 21]
[15:56:04.17] /i de::zoom -window [gi::getWindows 21] -factor 0.5 -center {4.13125 1.8625}
[15:56:04.17] /o {-0.5875 -0.0125} {5.33125 3.6125}
[15:56:05.43] /i gi::setItemSelection {parameters} -index {pw,all} -in [gi::getAssistants dePropertyEditor -from [gi::getWindows 21]]
[15:56:05.43] /i gi::setCurrentIndex {parameters} -index {pw,Value} -in [gi::getAssistants dePropertyEditor -from [gi::getWindows 21]]
[15:56:10.77] /i gi::setField {parameters} -value {1n} -index {pw,Value} -in [gi::getAssistants dePropertyEditor -from [gi::getWindows 21]]
[15:56:10.78] /i gi::setItemSelection {parameters} -index {per,all} -in [gi::getAssistants dePropertyEditor -from [gi::getWindows 21]]
[15:56:10.78] /i gi::setCurrentIndex {parameters} -index {per,Value} -in [gi::getAssistants dePropertyEditor -from [gi::getWindows 21]]
[15:56:13.37] /i gi::setField {parameters} -value {2n} -index {per,Value} -in [gi::getAssistants dePropertyEditor -from [gi::getWindows 21]]
[15:56:13.37] /i gi::executeAction dePropertyEditorApplyChanges -in [gi::getAssistants dePropertyEditor -from [gi::getWindows 21]]
[15:56:14.64] /# gi::executeAction deSelectActive -in [gi::getWindows 21]
[15:56:14.65] /i de::deselectAll [db::getNext [de::getContexts -window 21]]
[15:56:14.65] /i de::deselectAllLogic -context [db::getNext [de::getContexts -window 21]]
[15:56:18.35] /# gi::executeAction seShowConsoleForWindow -in [gi::getWindows 21]
[15:56:18.35] /i sa::showConsole -context [db::getNext [de::getContexts -window 21]]
[15:56:18.37] /r giWindowId 22
[15:56:18.37] /r giWindowGeometry 600x500
[15:56:18.45] /o oa:0x1c180fb0
[15:56:18.49] /m Information: Launching Background sae_shell Server Process "cd /home/itsupport/Desktop/lab1vlsi && sae_shell -log sae_shell_session7_job1 -libDefFile /home/itsupport/Desktop/lab1vlsi/lib.defs"
[15:56:19.71] /i gi::executeAction menuPreShow -in [gi::getWindows 22]
[15:56:19.71] /r giMenuAccess db::getNext [gi::getMenus saConsoleOutputsMenu -from [gi::getWindows 22]]
[15:56:20.76] /# gi::executeAction saSelectInDesign -in [gi::getWindows 22]
[15:56:20.76] /i sa::selectOutputs -window 22
[15:56:20.80] /m Information: Received ready-for-commands signal from background job 'sae_shell_session7_job1' after 2 seconds.
[15:56:21.98] /# gi::executeAction deAddPoint -in [gi::getWindows 21]
[15:56:21.98] /i de::addPoint {2.15 2.75625} -context [db::getNext [de::getContexts -window 21]]
[15:56:22.99] /# gi::executeAction deAddPoint -in [gi::getWindows 21]
[15:56:22.99] /i de::addPoint {2.2625 2.2625} -context [db::getNext [de::getContexts -window 21]]
[15:56:24.02] /# gi::executeAction deAddPoint -in [gi::getWindows 21]
[15:56:24.02] /i de::addPoint {2.86875 2.175} -context [db::getNext [de::getContexts -window 21]]
[15:56:25.05] /# gi::executeAction deAddPoint -in [gi::getWindows 21]
[15:56:25.05] /i de::addPoint {4.59375 2.49375} -context [db::getNext [de::getContexts -window 21]]
[15:56:26.41] /# gi::executeAction deCanvasZoomOutAtPoint -in [gi::getWindows 21]
[15:56:26.41] /i de::zoom -window [gi::getWindows 21] -factor 0.5 -center {5.0375 1.95625}
[15:56:26.41] /o {-6.21875 -1.975} {5.63125 5.2625}
[15:56:26.88] /# gi::executeAction deCanvasZoomInAtPoint -in [gi::getWindows 21]
[15:56:26.88] /i de::zoom -window [gi::getWindows 21] -factor 2.0 -center {5.4625 2.0125}
[15:56:26.88] /o {-0.375 0.01875} {5.54375 3.6375}
[15:56:27.11] /# gi::executeAction deCanvasZoomInAtPoint -in [gi::getWindows 21]
[15:56:27.11] /i de::zoom -window [gi::getWindows 21] -factor 2.0 -center {5.4625 2.0125}
[15:56:27.11] /o {2.54375 1.0125} {5.50625 2.825}
[15:56:27.56] /# gi::executeAction deCanvasZoomOutAtPoint -in [gi::getWindows 21]
[15:56:27.56] /i de::zoom -window [gi::getWindows 21] -factor 0.5 -center {5.4375 2.05625}
[15:56:27.56] /o {-0.35 -0.025} {5.56875 3.59375}
[15:56:28.30] /# gi::executeAction deCanvasZoomInAtPoint -in [gi::getWindows 21]
[15:56:28.30] /i de::zoom -window [gi::getWindows 21] -factor 2.0 -center {5.4 2.1375}
[15:56:28.30] /o {2.525 1.05625} {5.4875 2.86875}
[15:56:29.89] /# gi::executeAction deAddPoint -in [gi::getWindows 21]
[15:56:29.89] /i de::addPoint {4.6125 2.30625} -context [db::getNext [de::getContexts -window 21]]
[15:56:30.34] /# gi::executeAction deAddPoint -in [gi::getWindows 21]
[15:56:30.34] /i de::addPoint {4.6125 2.30625} -context [db::getNext [de::getContexts -window 21]]
[15:56:30.92] /# gi::executeAction deAddPoint -in [gi::getWindows 21]
[15:56:30.92] /i de::addPoint {4.6125 2.30625} -context [db::getNext [de::getContexts -window 21]]
[15:56:31.63] /# gi::executeAction deAbortCommand -in [gi::getWindows 21]
[15:56:31.63] /i de::abortCommand -context [db::getNext [de::getContexts -window 21]]
[15:56:32.67] /i gi::setActiveWindow 21
[15:56:32.67] /i gi::setActiveWindow 21 -raise true
[15:56:33.52] /# gi::executeAction deSelectActive -in [gi::getWindows 21]
[15:56:33.52] /i de::deselectAll [db::getNext [de::getContexts -window 21]]
[15:56:33.52] /i de::select [de::getActiveFigure [gi::getWindows 21] -point {4.9375 2.425} -index 0 -intent none]
[15:56:33.52] /o oa:0x2393f080
[15:56:34.28] /# gi::executeAction seDelete -in [gi::getWindows 21]
[15:56:34.28] /i ise::delete
[15:56:36.43] /# gi::executeAction seButton1DragStart -in [gi::getWindows 21]
[15:56:36.43] /i ise::stretch -object [de::getActiveFigure [gi::getWindows 21] -point {4.8125 2.3} -index 0 -intent none] -point {4.8125 2.3125}
[15:56:37.00] /# gi::executeAction deEndDrag -in [gi::getWindows 21]
[15:56:37.00] /i de::endDrag {4.95625 2.3} -context [db::getNext [de::getContexts -window 21]]
[15:56:37.44] /# gi::executeAction deCanvasZoomOutAtPoint -in [gi::getWindows 21]
[15:56:37.44] /i de::zoom -window [gi::getWindows 21] -factor 0.5 -center {5.33125 2.11875}
[15:56:37.44] /o {-0.28125 -0.00625} {5.6375 3.6125}
[15:56:38.23] /# gi::executeAction deFitEdit -in [gi::getWindows 21]
[15:56:38.23] /i de::fit -window 21 -fitEdit true
[15:56:38.23] /o {0.2 0.1875} {6.11875 3.8125}
[15:56:41.01] /# gi::executeAction seCreateInst -in [gi::getWindows 21]
[15:56:41.01] /i ise::createInst
[15:56:41.03] /o seSchematic
[15:56:41.05] /i gi::setActiveDialog [gi::getDialogs {seCreateInst} -parent [gi::getWindows 21]]
[15:56:41.33] /i db::setAttr geometry -of [gi::getDialogs {seCreateInst}] -value 359x337+0+65
[15:56:42.18] /i de::abortCommand
[15:56:43.05] /# gi::executeAction seCreateInst -in [gi::getWindows 21]
[15:56:43.05] /i ise::createInst
[15:56:43.06] /o seSchematic
[15:56:43.10] /i gi::setActiveDialog [gi::getDialogs {seCreateInst} -parent [gi::getWindows 21]]
[15:56:43.40] /i db::setAttr geometry -of [gi::getDialogs {seCreateInst}] -value 359x337+0+65
[15:56:44.61] /i gi::setField {instMasterLib} -value {analogLib} -in [gi::getDialogs {seCreateInst} -parent [gi::getWindows 21]]
[15:56:44.96] /i db::setAttr geometry -of [gi::getDialogs {seCreateInst}] -value 359x337+0+65
[15:56:46.16] /i gi::setField {instMasterCell} -value {cap} -in [gi::getDialogs {seCreateInst} -parent [gi::getWindows 21]]
[15:56:46.49] /i db::setAttr geometry -of [gi::getDialogs {seCreateInst}] -value 359x575+0+65
[15:56:52.40] /# gi::executeAction deAddPoint -in [gi::getWindows 21]
[15:56:52.40] /i de::addPoint {5.2625 2.13125} -context [db::getNext [de::getContexts -window 21]]
[15:56:52.56] /# gi::executeAction deAbortCommand -in [gi::getWindows 21]
[15:56:52.56] /i de::abortCommand -context [db::getNext [de::getContexts -window 21]]
[15:56:53.10] /# gi::executeAction deSelectActive -in [gi::getWindows 21]
[15:56:53.10] /i de::deselectAll [db::getNext [de::getContexts -window 21]]
[15:56:53.10] /i de::select [de::getActiveFigure [gi::getWindows 21] -point {5.41875 2.06875} -index 0 -intent none]
[15:56:53.10] /o oa:0x245993d0
[15:56:57.93] /# gi::executeAction deSelectActive -in [gi::getWindows 21]
[15:56:57.93] /i de::deselectAll [db::getNext [de::getContexts -window 21]]
[15:56:57.93] /i de::select [de::getActiveFigure [gi::getWindows 21] -point {5.3 1.89375} -index 0 -intent none]
[15:56:57.93] /o oa:0x2597efa0
[15:56:58.96] /i gi::setItemSelection {parameters} -index {c,all} -in [gi::getAssistants dePropertyEditor -from [gi::getWindows 21]]
[15:56:58.96] /i gi::setCurrentIndex {parameters} -index {c,Value} -in [gi::getAssistants dePropertyEditor -from [gi::getWindows 21]]
[15:57:01.73] /i gi::setField {parameters} -value {5f} -index {c,Value} -in [gi::getAssistants dePropertyEditor -from [gi::getWindows 21]]
[15:57:01.73] /i gi::executeAction dePropertyEditorApplyChanges -in [gi::getAssistants dePropertyEditor -from [gi::getWindows 21]]
[15:57:02.81] /# gi::executeAction deSelectActive -in [gi::getWindows 21]
[15:57:02.81] /i de::deselectAll [db::getNext [de::getContexts -window 21]]
[15:57:02.81] /i de::select [de::getActiveFigure [gi::getWindows 21] -point {5 1.98125} -index 0 -intent none]
[15:57:02.81] /o oa:0x259ded80
[15:57:03.36] /i gi::setItemSelection {parameters} -index {c,all} -in [gi::getAssistants dePropertyEditor -from [gi::getWindows 21]]
[15:57:03.36] /i gi::setCurrentIndex {parameters} -index {c,Value} -in [gi::getAssistants dePropertyEditor -from [gi::getWindows 21]]
[15:57:04.53] /i gi::setField {parameters} -value {5f} -index {c,Value} -in [gi::getAssistants dePropertyEditor -from [gi::getWindows 21]]
[15:57:04.54] /i gi::executeAction dePropertyEditorApplyChanges -in [gi::getAssistants dePropertyEditor -from [gi::getWindows 21]]
[15:57:06.23] /# gi::executeAction seSchCreateWire -in [gi::getWindows 21]
[15:57:06.23] /i ise::createWire
[15:57:07.48] /# gi::executeAction deAddPoint -in [gi::getWindows 21]
[15:57:07.48] /i de::addPoint {5.24375 2.11875} -context [db::getNext [de::getContexts -window 21]]
[15:57:07.52] /i de::setCursor -point {5.25 2.1875 }
[15:57:07.98] /# gi::executeAction deAddPoint -in [gi::getWindows 21]
[15:57:07.98] /i de::addPoint {5.24375 2.4875} -context [db::getNext [de::getContexts -window 21]]
[15:57:08.74] /# gi::executeAction deAddPoint -in [gi::getWindows 21]
[15:57:08.74] /i de::addPoint {5.225 1.74375} -context [db::getNext [de::getContexts -window 21]]
[15:57:10.42] /# gi::executeAction deAddPoint -in [gi::getWindows 21]
[15:57:10.42] /i de::addPoint {5.25625 1.2} -context [db::getNext [de::getContexts -window 21]]
[15:57:10.46] /i de::setCursor -point {5.1875 1.1875 }
[15:57:11.02] /# gi::executeAction deAddPoint -in [gi::getWindows 21]
[15:57:11.02] /i de::addPoint {4.93125 1.175} -context [db::getNext [de::getContexts -window 21]]
[15:57:11.31] /# gi::executeAction deAbortCommand -in [gi::getWindows 21]
[15:57:11.31] /i de::abortCommand -context [db::getNext [de::getContexts -window 21]]
[15:57:13.12] /i gi::setActiveWindow 22
[15:57:13.12] /i gi::setActiveWindow 22 -raise true
[15:57:13.69] /i gi::executeAction menuPreShow -in [gi::getWindows 22]
[15:57:13.69] /r giMenuAccess db::getNext [gi::getMenus saConsoleOutputsMenu -from [gi::getWindows 22]]
[15:57:14.47] /# gi::executeAction saSelectInDesign -in [gi::getWindows 22]
[15:57:14.47] /i sa::selectOutputs -window 22
[15:57:16.57] /# gi::executeAction deAddPoint -in [gi::getWindows 21]
[15:57:16.57] /i de::addPoint {5.0625 2.5} -context [db::getNext [de::getContexts -window 21]]
[15:57:17.41] /# gi::executeAction deAddPoint -in [gi::getWindows 21]
[15:57:17.41] /i de::addPoint {5.1125 2.3125} -context [db::getNext [de::getContexts -window 21]]
[15:57:21.01] /i gi::setActiveWindow 22
[15:57:21.01] /i gi::setActiveWindow 22 -raise true
[15:57:22.88] /i gi::executeAction menuPreShow -in [gi::getWindows 22]
[15:57:22.88] /r giMenuAccess db::getNext [gi::getMenus saConsoleSimMenu -from [gi::getWindows 22]]
[15:57:23.42] /# gi::executeAction saNetlistAndRun -in [gi::getWindows 22]
[15:57:23.42] /i isa::netlistAndRun -testbench [sa::findActiveTestbench -window 22] -mode overwrite
[15:57:23.49] /r giDialog gi::setActiveDialog [gi::getDialogs {xtShowDesignsPrompt}]
[15:57:23.49] /r giDialog gi::setCurrentIndex {target} -index {0,0} -in [gi::getDialogs {xtShowDesignsPrompt}]
[15:57:23.72] /r giDialog db::setAttr geometry -of [gi::getDialogs {xtShowDesignsPrompt}] -value 649x290+626+410
[15:57:24.62] /r giDialog gi::pressButton {ok} -in [gi::getDialogs {xtShowDesignsPrompt}]
[15:57:24.64] /m Information: 
[15:57:24.64] /o Checking "inverter/FA_1bit_tb/schematic"
[15:57:24.64] /o 	[warning] Floating Input Instance Pins
[15:57:24.64] /o 		Input pin 'B' of instance 'I7' is floating
[15:57:24.64] /o 	[warning] Floating I/O Instance Pins
[15:57:24.64] /o 		I/O pin 'PLUS' of instance 'V5' is floating
[15:57:24.64] /o 0 Error(s),2 Warning(s),0 Message(s) found   in "inverter/FA_1bit_tb/schematic"
[15:57:24.64] /o No Design Integrity rule violations found in "inverter/FA_1bit_tb/schematic"
[15:57:24.64] /m Information: Checking process is completed: marking the design violations
[15:57:24.64] /m Information: Marking of designs is completed
[15:57:24.67] /r giWindowId 23
[15:57:24.67] /r giWindowGeometry 800x600
[15:57:24.75] /m Information: "Starting incremental netlisting for design "inverter/FA_1bit_tb/schematic"..." (NETLISTING-010)
[15:57:24.76] /o No Design Integrity rule violations found in "inverter/FA_1bit_tb/schematic"
[15:57:24.76] /m Information: 
[15:57:24.76] /o Checking "inverter/full_adder/schematic"
[15:57:24.76] /o No rule violations found in "inverter/full_adder/schematic"
[15:57:24.78] /m Information: "inverter NAND2 schematic" renetlisted. (NETLISTING-056)
[15:57:24.79] /m Information: "inverter full_adder schematic" renetlisted. (NETLISTING-056)
[15:57:24.80] /m Information: "inverter FA_1bit_tb schematic" renetlisted. (NETLISTING-056)
[15:57:24.80] /m Information: "Netlisting design "inverter/FA_1bit_tb/schematic" finished successfully." (NETLISTING-012)
[15:57:24.81] /m Information: "Composing simulator input file for design "inverter/FA_1bit_tb/schematic"..."
[15:57:24.83] /m Information: "Simulator input file composed successfully for design "inverter/FA_1bit_tb/schematic""
[15:57:24.98] /m Information: "Starting HSPICE simulation for design: inverter/FA_1bit_tb/schematic"
[15:57:24.98] /# gi::collapse {jobMonitorTable} -index {0.0.0.0,0} -in [gi::getWindows 23]
[15:57:24.99] /o 1
[15:57:25.31] /e Error: "Simulation failed for design: inverter/FA_1bit_tb/schematic "
[15:57:25.45] /m Information: Launching Background sae_shell Server Process "cd /home/itsupport/Desktop/lab1vlsi && sae_shell -log sae_shell_session7_job2 -libDefFile /home/itsupport/Desktop/lab1vlsi/lib.defs"
[15:57:25.91] /m Information: Measurement calculations completed for testbench: default in 0s
[15:57:26.91] /i gi::setCurrentIndex {jobMonitorTable} -index {0.0.0.0.0,0} -in [gi::getWindows 23]
[15:57:26.91] /i gi::setItemSelection {jobMonitorTable} -index {0.0.0.0.0,all} -in [gi::getWindows 23]
[15:57:27.04] /i gi::executeAction xtJobMonitorViewOutput -in 23
[15:57:27.04] /# xt::_jobMonitorActions::viewOutput 23
[15:57:27.04] /r giWindowId 24
[15:57:27.05] /r giWindowGeometry 800x600
[15:57:27.80] /m Information: Received ready-for-commands signal from background job 'sae_shell_session7_job2' after 2 seconds.
[15:57:29.43] /i gi::setActiveTab {tabs} -tabName {run.log} -in [gi::getWindows 24]
[15:57:29.77] /i gi::setActiveTab {tabs} -tabName {hspice.valog} -in [gi::getWindows 24]
[15:57:30.27] /i gi::setActiveTab {tabs} -tabName {hspice.lis} -in [gi::getWindows 24]
[15:57:44.61] /i gi::createWindow -windowType [gi::getWindowTypes giHomePage]
[15:57:44.62] /r giWindowId 25
[15:57:44.62] /r giWindowGeometry 1040x800
[15:57:45.06] /i gi::executeAction giCloseWindow -in [gi::getWindows 24]
[15:57:45.63] /i gi::executeAction giCloseWindow -in [gi::getWindows 25]
[15:57:45.63] /i gi::setActiveWindow 23
[15:57:45.63] /i gi::setActiveWindow 23 -raise true
[15:57:46.34] /i gi::setActiveWindow 22
[15:57:46.34] /i gi::setActiveWindow 22 -raise true
[15:57:47.22] /i gi::setActiveWindow 21
[15:57:47.22] /i gi::setActiveWindow 21 -raise true
[15:57:48.75] /# gi::executeAction deSelectActive -in [gi::getWindows 21]
[15:57:48.75] /i de::deselectAll [db::getNext [de::getContexts -window 21]]
[15:57:48.75] /i de::deselectAllLogic -context [db::getNext [de::getContexts -window 21]]
[15:57:49.79] /# gi::executeAction deSelectActive -in [gi::getWindows 21]
[15:57:49.79] /i de::deselectAll [db::getNext [de::getContexts -window 21]]
[15:57:49.79] /i de::select [de::getActiveFigure [gi::getWindows 21] -point {3.89375 2.35625} -index 0 -intent none]
[15:57:49.79] /o oa:0x24358610
[15:58:00.25] /# gi::executeAction seCreateInst -in [gi::getWindows 21]
[15:58:00.25] /i ise::createInst
[15:58:00.28] /o 0
[15:58:00.32] /i gi::setActiveDialog [gi::getDialogs {seCreateInst} -parent [gi::getWindows 21]]
[15:58:00.59] /i db::setAttr geometry -of [gi::getDialogs {seCreateInst}] -value 359x575+0+65
[15:58:03.49] /i gi::setField {instMasterCell} -value {gnd} -in [gi::getDialogs {seCreateInst} -parent [gi::getWindows 21]]
[15:58:03.79] /i db::setAttr geometry -of [gi::getDialogs {seCreateInst}] -value 359x337+0+65
[15:58:05.05] /# gi::executeAction deAddPoint -in [gi::getWindows 21]
[15:58:05.05] /i de::addPoint {2.05625 0.81875} -context [db::getNext [de::getContexts -window 21]]
[15:58:05.94] /# gi::executeAction deAddPoint -in [gi::getWindows 21]
[15:58:05.94] /i de::addPoint {2.9 0.7625} -context [db::getNext [de::getContexts -window 21]]
[15:58:06.07] /# gi::executeAction deAbortCommand -in [gi::getWindows 21]
[15:58:06.07] /i de::abortCommand -context [db::getNext [de::getContexts -window 21]]
[15:58:08.04] /# gi::executeAction seDelete -in [gi::getWindows 21]
[15:58:08.04] /i ise::delete
[15:58:08.65] /# gi::executeAction deSelectActive -in [gi::getWindows 21]
[15:58:08.65] /i de::deselectAll [db::getNext [de::getContexts -window 21]]
[15:58:08.65] /i de::select [de::getActiveFigure [gi::getWindows 21] -point {1.79375 1.36875} -index 0 -intent none]
[15:58:08.65] /o oa:0x1e9c4be0
[15:58:09.20] /# gi::executeAction seDelete -in [gi::getWindows 21]
[15:58:09.20] /i ise::delete
[15:58:09.63] /# gi::executeAction deSelectActive -in [gi::getWindows 21]
[15:58:09.63] /i de::deselectAll [db::getNext [de::getContexts -window 21]]
[15:58:09.63] /i de::select [de::getActiveFigure [gi::getWindows 21] -point {2.54375 1.38125} -index 0 -intent none]
[15:58:09.63] /o oa:0x245cce10
[15:58:09.85] /# gi::executeAction seDelete -in [gi::getWindows 21]
[15:58:09.85] /i ise::delete
[15:58:11.32] /# gi::executeAction deSelectActive -in [gi::getWindows 21]
[15:58:11.32] /i de::deselectAll [db::getNext [de::getContexts -window 21]]
[15:58:11.32] /i de::select [de::getActiveFigure [gi::getWindows 21] -point {2.04375 1.3875} -index 0 -intent none]
[15:58:11.32] /o oa:0x251e8320
[15:58:12.17] /# gi::executeAction deSelectActive -in [gi::getWindows 21]
[15:58:12.17] /i de::cycleActiveFigure [gi::getWindows 21] -direction next
[15:58:12.17] /o oa:0x263a9910
[15:58:12.17] /i de::deselectAll [db::getNext [de::getContexts -window 21]]
[15:58:12.17] /i de::select [de::getActiveFigure [gi::getWindows 21] -point {2.0625 1.38125} -index 1 -intent none]
[15:58:12.17] /o oa:0x24e84ac0
[15:58:12.77] /# gi::executeAction deSelectActive -in [gi::getWindows 21]
[15:58:12.77] /i de::cycleActiveFigure [gi::getWindows 21] -direction next
[15:58:12.77] /o oa:0x261212a0
[15:58:12.77] /i de::deselectAll [db::getNext [de::getContexts -window 21]]
[15:58:12.77] /i de::select [de::getActiveFigure [gi::getWindows 21] -point {2.05625 1.3875} -index 0 -intent none]
[15:58:12.77] /o oa:0x23706450
[15:58:13.11] /i gi::executeAction deCanvasDragCancel -in [gi::getWindows 21]
[15:58:13.47] /# gi::executeAction deSelectActive -in [gi::getWindows 21]
[15:58:13.47] /i de::deselectAll [db::getNext [de::getContexts -window 21]]
[15:58:13.47] /i de::deselectAllLogic -context [db::getNext [de::getContexts -window 21]]
[15:58:14.74] /# gi::executeAction seSchCreateWire -in [gi::getWindows 21]
[15:58:14.74] /i ise::createWire
[15:58:16.03] /# gi::executeAction deAddPoint -in [gi::getWindows 21]
[15:58:16.03] /i de::addPoint {2.06875 1.41875} -context [db::getNext [de::getContexts -window 21]]
[15:58:16.08] /i de::setCursor -point {2.0625 1.375 }
[15:58:21.13] /# gi::executeAction deAddPoint -in [gi::getWindows 21]
[15:58:21.13] /i de::addPoint {1.275 1.5625} -context [db::getNext [de::getContexts -window 21]]
[15:58:22.12] /# gi::executeAction deAddPoint -in [gi::getWindows 21]
[15:58:22.12] /i de::addPoint {2.88125 1.33125} -context [db::getNext [de::getContexts -window 21]]
[15:58:22.17] /i de::setCursor -point {2.8125 1.3125 }
[15:58:24.35] /# gi::executeAction deAddPoint -in [gi::getWindows 21]
[15:58:24.35] /i de::addPoint {2.05625 1.35} -context [db::getNext [de::getContexts -window 21]]
[15:58:24.72] /# gi::executeAction deAbortCommand -in [gi::getWindows 21]
[15:58:24.72] /i de::abortCommand -context [db::getNext [de::getContexts -window 21]]
[15:58:25.13] /# gi::executeAction deSelectActive -in [gi::getWindows 21]
[15:58:25.13] /i de::deselectAllLogic -context [db::getNext [de::getContexts -window 21]]
[15:58:26.09] /# gi::executeAction seCreateInst -in [gi::getWindows 21]
[15:58:26.09] /i ise::createInst
[15:58:26.11] /o seSchematic
[15:58:26.15] /i gi::setActiveDialog [gi::getDialogs {seCreateInst} -parent [gi::getWindows 21]]
[15:58:26.43] /i db::setAttr geometry -of [gi::getDialogs {seCreateInst}] -value 359x337+0+65
[15:58:30.06] /i gi::setField {instMasterCell} -value {} -in [gi::getDialogs {seCreateInst} -parent [gi::getWindows 21]]
[15:58:30.39] /i db::setAttr geometry -of [gi::getDialogs {seCreateInst}] -value 359x337+0+65
[15:58:33.32] /i gi::setField {instMasterLib} -value {inverter} -in [gi::getDialogs {seCreateInst} -parent [gi::getWindows 21]]
[15:58:33.61] /i db::setAttr geometry -of [gi::getDialogs {seCreateInst}] -value 359x337+0+65
[15:58:41.28] /i gi::setField {instMasterCell} -value {full_adder} -in [gi::getDialogs {seCreateInst} -parent [gi::getWindows 21]]
[15:58:41.59] /i db::setAttr geometry -of [gi::getDialogs {seCreateInst}] -value 359x337+0+65
[15:58:43.65] /# gi::executeAction deAddPoint -in [gi::getWindows 21]
[15:58:43.65] /i de::addPoint {1.8625 1.4625} -context [db::getNext [de::getContexts -window 21]]
[15:58:44.48] /# gi::executeAction deAbortCommand -in [gi::getWindows 21]
[15:58:44.49] /i de::abortCommand -context [db::getNext [de::getContexts -window 21]]
[15:58:45.03] /# gi::executeAction deSelectActive -in [gi::getWindows 21]
[15:58:45.03] /i de::deselectAll [db::getNext [de::getContexts -window 21]]
[15:58:45.03] /i de::select [de::getActiveFigure [gi::getWindows 21] -point {3.19375 2.64375} -index 0 -intent none]
[15:58:45.03] /o oa:0x261790a0
[15:58:45.41] /# gi::executeAction deSelectActive -in [gi::getWindows 21]
[15:58:45.41] /i de::deselectAll [db::getNext [de::getContexts -window 21]]
[15:58:45.41] /i de::deselectAllLogic -context [db::getNext [de::getContexts -window 21]]
[15:58:45.73] /# gi::executeAction deCanvasZoomInAtPoint -in [gi::getWindows 21]
[15:58:45.73] /i de::zoom -window [gi::getWindows 21] -factor 2.0 -center {3.11875 2.55625}
[15:58:45.73] /o {1.65625 1.375} {4.61875 3.18125}
[15:58:45.94] /# gi::executeAction deCanvasZoomInAtPoint -in [gi::getWindows 21]
[15:58:45.94] /i de::zoom -window [gi::getWindows 21] -factor 2.0 -center {3.11875 2.55625}
[15:58:45.94] /o {2.3875 1.9625} {3.86875 2.86875}
[15:58:47.25] /# gi::executeAction deSelectActive -in [gi::getWindows 21]
[15:58:47.25] /i de::deselectAll [db::getNext [de::getContexts -window 21]]
[15:58:47.25] /i de::select [de::getActiveFigure [gi::getWindows 21] -point {3.2 2.44375} -index 0 -intent none]
[15:58:47.25] /o oa:0x258f82d0
[15:58:48.02] /# gi::executeAction seDelete -in [gi::getWindows 21]
[15:58:48.02] /i ise::delete
[15:58:49.26] /# gi::executeAction deSelectActive -in [gi::getWindows 21]
[15:58:49.26] /i de::deselectAll [db::getNext [de::getContexts -window 21]]
[15:58:49.26] /i de::select [de::getActiveFigure [gi::getWindows 21] -point {3.36875 2.45} -index 0 -intent none]
[15:58:49.27] /o oa:0x25897f50
[15:58:50.24] /i gi::executeAction deCanvasDragCancel -in [gi::getWindows 21]
[15:58:50.48] /# gi::executeAction deCanvasZoomOutAtPoint -in [gi::getWindows 21]
[15:58:50.48] /i de::zoom -window [gi::getWindows 21] -factor 0.5 -center {2.95625 2.525}
[15:58:50.48] /o {1.81875 1.40625} {4.78125 3.2125}
[15:58:51.93] /# gi::executeAction seSchCreateWire -in [gi::getWindows 21]
[15:58:51.93] /i ise::createWire
[15:58:52.93] /# gi::executeAction deAddPoint -in [gi::getWindows 21]
[15:58:52.93] /i de::addPoint {3.31875 2.5} -context [db::getNext [de::getContexts -window 21]]
[15:58:52.97] /i de::setCursor -point {3.25 2.5 }
[15:58:54.09] /# gi::executeAction deAddPoint -in [gi::getWindows 21]
[15:58:54.09] /i de::addPoint {2.6125 2.4375} -context [db::getNext [de::getContexts -window 21]]
[15:58:54.49] /# gi::executeAction deAbortCommand -in [gi::getWindows 21]
[15:58:54.49] /i de::abortCommand -context [db::getNext [de::getContexts -window 21]]
[15:58:54.80] /# gi::executeAction deCanvasZoomOutAtPoint -in [gi::getWindows 21]
[15:58:54.80] /i de::zoom -window [gi::getWindows 21] -factor 0.5 -center {3.4 2.575}
[15:58:54.80] /o {0.24375 0.23125} {6.1625 3.85625}
[15:58:54.89] /# gi::executeAction deCanvasZoomOutAtPoint -in [gi::getWindows 21]
[15:58:54.89] /i de::zoom -window [gi::getWindows 21] -factor 0.5 -center {3.48125 2.4875}
[15:58:54.89] /o {-3.0 -2.01875} {8.85 5.21875}
[15:58:56.09] /i gi::setActiveWindow 22
[15:58:56.09] /i gi::setActiveWindow 22 -raise true
[15:58:56.91] /i gi::executeAction menuPreShow -in [gi::getWindows 22]
[15:58:56.91] /r giMenuAccess db::getNext [gi::getMenus saConsoleOutputsMenu -from [gi::getWindows 22]]
[15:58:57.86] /# gi::executeAction saSelectInDesign -in [gi::getWindows 22]
[15:58:57.86] /i sa::selectOutputs -window 22
[15:58:58.88] /# gi::executeAction deCanvasZoomInAtPoint -in [gi::getWindows 21]
[15:58:58.88] /i de::zoom -window [gi::getWindows 21] -factor 2.0 -center {2.8375 2.19375}
[15:58:58.89] /o {-0.08125 0.0875} {5.84375 3.70625}
[15:58:59.55] /# gi::executeAction deAddPoint -in [gi::getWindows 21]
[15:58:59.55] /i de::addPoint {2.9375 2.7625} -context [db::getNext [de::getContexts -window 21]]
[15:58:59.91] /# gi::executeAction deAddPoint -in [gi::getWindows 21]
[15:58:59.91] /i de::addPoint {2.94375 2.7625} -context [db::getNext [de::getContexts -window 21]]
[15:59:00.73] /# gi::executeAction deAddPoint -in [gi::getWindows 21]
[15:59:00.73] /i de::addPoint {2.8375 2.44375} -context [db::getNext [de::getContexts -window 21]]
[15:59:01.28] /# gi::executeAction deAddPoint -in [gi::getWindows 21]
[15:59:01.28] /i de::addPoint {3.0125 2.38125} -context [db::getNext [de::getContexts -window 21]]
[15:59:01.59] /# gi::executeAction deAddPoint -in [gi::getWindows 21]
[15:59:01.59] /i de::addPoint {3.0125 2.38125} -context [db::getNext [de::getContexts -window 21]]
[15:59:02.44] /# gi::executeAction deAddPoint -in [gi::getWindows 21]
[15:59:02.44] /i de::addPoint {4.54375 2.5} -context [db::getNext [de::getContexts -window 21]]
[15:59:02.67] /i de::select [se::getNetComponents [de::getActiveFigure [gi::getWindows 21] -point {4.54375 2.5} -index 0 -intent none] -of branch]
[15:59:02.67] /o oa:0x23431060
[15:59:03.49] /# gi::executeAction deAddPoint -in [gi::getWindows 21]
[15:59:03.49] /i de::addPoint {4.5625 2.29375} -context [db::getNext [de::getContexts -window 21]]
[15:59:03.91] /# gi::executeAction deAddPoint -in [gi::getWindows 21]
[15:59:03.91] /i de::addPoint {4.5625 2.29375} -context [db::getNext [de::getContexts -window 21]]
[15:59:05.28] /# gi::executeAction deAddPoint -in [gi::getWindows 21]
[15:59:05.28] /i de::addPoint {5.4 2.48125} -context [db::getNext [de::getContexts -window 21]]
[15:59:05.73] /# gi::executeAction deAddPoint -in [gi::getWindows 21]
[15:59:05.73] /i de::addPoint {5.4 2.48125} -context [db::getNext [de::getContexts -window 21]]
[15:59:06.15] /# gi::executeAction deAddPoint -in [gi::getWindows 21]
[15:59:06.15] /i de::addPoint {5.40625 2.48125} -context [db::getNext [de::getContexts -window 21]]
[15:59:07.06] /# gi::executeAction deAddPoint -in [gi::getWindows 21]
[15:59:07.06] /i de::addPoint {5.3875 2.4875} -context [db::getNext [de::getContexts -window 21]]
[15:59:08.01] /i gi::setActiveWindow 22
[15:59:08.01] /i gi::setActiveWindow 22 -raise true
[15:59:09.75] /i gi::executeAction menuPreShow -in [gi::getWindows 22]
[15:59:09.75] /r giMenuAccess db::getNext [gi::getMenus saConsoleSimMenu -from [gi::getWindows 22]]
[15:59:10.18] /# gi::executeAction saNetlistAndRun -in [gi::getWindows 22]
[15:59:10.18] /i isa::netlistAndRun -testbench [sa::findActiveTestbench -window 22] -mode overwrite
[15:59:10.25] /r giDialog gi::setActiveDialog [gi::getDialogs {xtShowDesignsPrompt}]
[15:59:10.25] /r giDialog gi::setCurrentIndex {target} -index {0,0} -in [gi::getDialogs {xtShowDesignsPrompt}]
[15:59:10.50] /r giDialog db::setAttr geometry -of [gi::getDialogs {xtShowDesignsPrompt}] -value 649x290+626+410
[15:59:11.26] /r giDialog gi::pressButton {ok} -in [gi::getDialogs {xtShowDesignsPrompt}]
[15:59:11.27] /m Information: 
[15:59:11.27] /o Checking "inverter/FA_1bit_tb/schematic"
[15:59:11.27] /o 	[warning] Floating I/O Instance Pins
[15:59:11.27] /o 		I/O pin 'MINUS' of instance 'V8' is floating
[15:59:11.27] /o 	[warning] Floating Nets
[15:59:11.27] /o 		Net 'net8' does not connect to a schematic or instance pin (2 times)
[15:59:11.28] /o 0 Error(s),3 Warning(s),0 Message(s) found   in "inverter/FA_1bit_tb/schematic"
[15:59:11.28] /o No Design Integrity rule violations found in "inverter/FA_1bit_tb/schematic"
[15:59:11.28] /m Information: Checking process is completed: marking the design violations
[15:59:11.28] /m Information: Marking of designs is completed
[15:59:11.36] /m Information: "Starting incremental netlisting for design "inverter/FA_1bit_tb/schematic"..." (NETLISTING-010)
[15:59:11.37] /o No Design Integrity rule violations found in "inverter/FA_1bit_tb/schematic"
[15:59:11.38] /m Information: 
[15:59:11.38] /o Checking "inverter/full_adder/schematic"
[15:59:11.38] /o No rule violations found in "inverter/full_adder/schematic"
[15:59:11.40] /m Information: "inverter FA_1bit_tb schematic" renetlisted. (NETLISTING-056)
[15:59:11.41] /m Information: "Netlisting design "inverter/FA_1bit_tb/schematic" finished successfully." (NETLISTING-012)
[15:59:11.41] /m Information: "Composing simulator input file for design "inverter/FA_1bit_tb/schematic"..."
[15:59:11.43] /m Information: "Simulator input file composed successfully for design "inverter/FA_1bit_tb/schematic""
[15:59:11.59] /m Information: "Starting HSPICE simulation for design: inverter/FA_1bit_tb/schematic"
[15:59:11.59] /# gi::collapse {jobMonitorTable} -index {0.0.0.0,0} -in [gi::getWindows 23]
[15:59:11.59] /# gi::setCurrentIndex {jobMonitorTable} -index {0.0.0.0.0,0} -in [gi::getWindows 23]
[15:59:11.59] /# gi::setItemSelection {jobMonitorTable} -index {} -in [gi::getWindows 23]
[15:59:11.59] /# gi::setCurrentIndex {jobMonitorTable} -index {0.0.0.0.1,0} -in [gi::getWindows 23]
[15:59:11.61] /o 1
[15:59:11.91] /e Error: "Simulation failed for design: inverter/FA_1bit_tb/schematic "
[15:59:12.31] /m Information: Measurement calculations completed for testbench: default in 0s
[15:59:13.67] /i gi::setActiveWindow 22
[15:59:13.67] /i gi::setActiveWindow 22 -raise true
[15:59:14.18] /i gi::setActiveWindow 21
[15:59:14.18] /i gi::setActiveWindow 21 -raise true
[15:59:15.66] /# gi::executeAction deCanvasZoomInAtPoint -in [gi::getWindows 21]
[15:59:15.66] /i de::zoom -window [gi::getWindows 21] -factor 2.0 -center {3.54375 2.33125}
[15:59:15.66] /o {1.73125 1.20625} {4.69375 3.01875}
[15:59:16.58] /# gi::executeAction deCanvasZoomOutAtPoint -in [gi::getWindows 21]
[15:59:16.58] /i de::zoom -window [gi::getWindows 21] -factor 0.5 -center {3.45 1.64375}
[15:59:16.58] /o {0.0125 0.775} {5.9375 4.39375}
[15:59:16.64] /# gi::executeAction deCanvasZoomOutAtPoint -in [gi::getWindows 21]
[15:59:16.64] /i de::zoom -window [gi::getWindows 21] -factor 0.5 -center {3.45 1.6375}
[15:59:16.65] /o {-3.425 -0.0875} {8.425 7.15}
[15:59:17.38] /# gi::executeAction deCanvasZoomInAtPoint -in [gi::getWindows 21]
[15:59:17.38] /i de::zoom -window [gi::getWindows 21] -factor 2.0 -center {2.075 1.525}
[15:59:17.38] /o {-0.675 0.71875} {5.25 4.3375}
[15:59:18.74] /# gi::executeAction deCanvasZoomOutAtPoint -in [gi::getWindows 21]
[15:59:18.74] /i de::zoom -window [gi::getWindows 21] -factor 0.5 -center {3.91875 1.35625}
[15:59:18.74] /o {-5.26875 0.08125} {6.58125 7.31875}
[15:59:19.28] /# gi::executeAction deFitEdit -in [gi::getWindows 21]
[15:59:19.28] /i de::fit -window 21 -fitEdit true
[15:59:19.28] /o {0.2 0.0625} {6.11875 3.6875}
[15:59:19.80] /m Information: Stopped sharing "Custom WaveView" license. (WAVEFORM-111)
[15:59:20.31] /i gi::executeAction deCanvasDragCancel -in [gi::getWindows 21]
[15:59:21.46] /# gi::executeAction seSchCreateWire -in [gi::getWindows 21]
[15:59:21.46] /i ise::createWire
[15:59:22.55] /# gi::executeAction deAddPoint -in [gi::getWindows 21]
[15:59:22.55] /i de::addPoint {2.86875 1.40625} -context [db::getNext [de::getContexts -window 21]]
[15:59:22.60] /i de::setCursor -point {2.875 1.375 }
[15:59:23.06] /# gi::executeAction deAddPoint -in [gi::getWindows 21]
[15:59:23.06] /i de::addPoint {2.88125 1.3375} -context [db::getNext [de::getContexts -window 21]]
[15:59:24.09] /# gi::executeAction deAbortCommand -in [gi::getWindows 21]
[15:59:24.09] /i de::abortCommand -context [db::getNext [de::getContexts -window 21]]
[15:59:24.77] /# gi::executeAction deSelectActive -in [gi::getWindows 21]
[15:59:24.77] /i de::deselectAll [db::getNext [de::getContexts -window 21]]
[15:59:24.77] /i de::select [de::getActiveFigure [gi::getWindows 21] -point {2.0875 0.68125} -index 0 -intent none]
[15:59:24.77] /o oa:0x1ebeba60
[15:59:25.40] /# gi::executeAction seDelete -in [gi::getWindows 21]
[15:59:25.40] /i ise::delete
[15:59:26.50] /i gi::executeAction deCanvasDragCancel -in [gi::getWindows 21]
[15:59:26.98] /# gi::executeAction deSelectActive -in [gi::getWindows 21]
[15:59:26.98] /i de::deselectAll [db::getNext [de::getContexts -window 21]]
[15:59:26.99] /i de::select [de::getActiveFigure [gi::getWindows 21] -point {2.86875 0.65} -index 0 -intent none]
[15:59:26.99] /o oa:0x257f8ea0
[15:59:27.35] /# gi::executeAction seButton1DragStart -in [gi::getWindows 21]
[15:59:27.35] /i ise::stretch -point {2.875 0.625}
[15:59:28.42] /# gi::executeAction deEndDrag -in [gi::getWindows 21]
[15:59:28.42] /i de::endDrag {5.2375 0.76875} -context [db::getNext [de::getContexts -window 21]]
[15:59:28.92] /i gi::executeAction deCanvasDragCancel -in [gi::getWindows 21]
[15:59:29.33] /# gi::executeAction seSchematicObjectFilterToggle -in [gi::getWindows 21]
[15:59:29.33] /i db::setAttr shown -of [gi::getAssistants seSchematicObjectFilter -from [gi::getWindows 21]] -value true
[15:59:29.51] /# gi::executeAction seDelete -in [gi::getWindows 21]
[15:59:29.51] /i ise::delete
[15:59:29.62] /i db::setAttr dockSize -of [gi::getAssistants dePropertyEditor -from [gi::getWindows 21]] -value 290x934
[15:59:29.62] /i db::setAttr dockSize -of [gi::getAssistants seSchematicObjectFilter -from [gi::getWindows 21]] -value 290x934
[15:59:29.87] /# gi::executeAction deSelectActive -in [gi::getWindows 21]
[15:59:29.87] /i de::deselectAllLogic -context [db::getNext [de::getContexts -window 21]]
[15:59:30.16] /i de::select [se::getNetComponents [de::getActiveFigure [gi::getWindows 21] -point {4.6 1.175} -index 0 -intent none] -of branch]
[15:59:30.16] /o oa:0x1ea1cf60
[15:59:30.56] /# gi::executeAction deSelectActive -in [gi::getWindows 21]
[15:59:30.56] /i de::cycleActiveFigure [gi::getWindows 21] -direction next
[15:59:30.56] /o oa:0x265474c0
[15:59:31.36] /# gi::executeAction seDelete -in [gi::getWindows 21]
[15:59:31.36] /i ise::delete
[15:59:32.01] /i gi::executeAction deCanvasDragCancel -in [gi::getWindows 21]
[15:59:32.37] /# gi::executeAction deSelectActive -in [gi::getWindows 21]
[15:59:32.37] /i de::deselectAllLogic -context [db::getNext [de::getContexts -window 21]]
[15:59:33.41] /i gi::executeAction deCanvasDragCancel -in [gi::getWindows 21]
[15:59:33.79] /# gi::executeAction deSelectActive -in [gi::getWindows 21]
[15:59:33.79] /i de::deselectAll [db::getNext [de::getContexts -window 21]]
[15:59:33.79] /i de::select [de::getActiveFigure [gi::getWindows 21] -point {1.075 0.875} -index 0 -intent none]
[15:59:33.79] /o oa:0x23410c10
[15:59:34.37] /# gi::executeAction seCopy -in [gi::getWindows 21]
[15:59:34.37] /i ise::copy
[15:59:34.66] /# gi::executeAction deAddPoint -in [gi::getWindows 21]
[15:59:34.66] /i de::addPoint {1.075 0.875} -context [db::getNext [de::getContexts -window 21]]
[15:59:36.39] /# gi::executeAction deAddPoint -in [gi::getWindows 21]
[15:59:36.39] /i de::addPoint {5.25625 0.675} -context [db::getNext [de::getContexts -window 21]]
[15:59:36.54] /i gi::executeAction deCanvasDragCancel -in [gi::getWindows 21]
[15:59:37.82] /# gi::executeAction seSchCreateWire -in [gi::getWindows 21]
[15:59:37.82] /i ise::createWire
[15:59:40.28] /# gi::executeAction seSchCreateWire -in [gi::getWindows 21]
[15:59:40.28] /i ise::createWire
[15:59:41.39] /# gi::executeAction deAddPoint -in [gi::getWindows 21]
[15:59:41.39] /i de::addPoint {5.225 1.2} -context [db::getNext [de::getContexts -window 21]]
[15:59:41.47] /i de::setCursor -point {5.25 1.125 }
[15:59:42.33] /# gi::executeAction deAddPoint -in [gi::getWindows 21]
[15:59:42.33] /i de::addPoint {5.24375 0.825} -context [db::getNext [de::getContexts -window 21]]
[15:59:43.02] /# gi::executeAction deAbortCommand -in [gi::getWindows 21]
[15:59:43.02] /i de::abortCommand -context [db::getNext [de::getContexts -window 21]]
[15:59:43.97] /# gi::executeAction seButton1DragStart -in [gi::getWindows 21]
[15:59:43.97] /i ise::stretch -object [de::getActiveFigure [gi::getWindows 21] -point {1.04375 0.81875} -index 0 -intent none] -point {1.0625 0.8125}
[15:59:44.42] /# gi::executeAction deEndDrag -in [gi::getWindows 21]
[15:59:44.42] /i de::endDrag {1.01875 0.4} -context [db::getNext [de::getContexts -window 21]]
[15:59:45.38] /# gi::executeAction deSelectActive -in [gi::getWindows 21]
[15:59:45.38] /i de::deselectAll [db::getNext [de::getContexts -window 21]]
[15:59:45.38] /i de::select [de::getActiveFigure [gi::getWindows 21] -point {1.3875 1.38125} -index 0 -intent none]
[15:59:45.38] /o oa:0x245bd760
[15:59:46.01] /# gi::executeAction seDelete -in [gi::getWindows 21]
[15:59:46.01] /i ise::delete
[15:59:47.31] /# gi::executeAction deSelectActive -in [gi::getWindows 21]
[15:59:47.31] /i de::deselectAll [db::getNext [de::getContexts -window 21]]
[15:59:47.31] /i de::select [de::getActiveFigure [gi::getWindows 21] -point {1.225 1.45} -index 0 -intent none]
[15:59:47.31] /o oa:0x1e36ef80
[15:59:47.89] /# gi::executeAction seDelete -in [gi::getWindows 21]
[15:59:47.89] /i ise::delete
[15:59:48.17] /i gi::executeAction deCanvasDragCancel -in [gi::getWindows 21]
[15:59:49.31] /# gi::executeAction seButton1DragStart -in [gi::getWindows 21]
[15:59:49.31] /i ise::stretch -object [de::getActiveFigure [gi::getWindows 21] -point {0.99375 0.44375} -index 0 -intent none] -point {1 0.4375}
[15:59:50.01] /# gi::executeAction deEndDrag -in [gi::getWindows 21]
[15:59:50.01] /i de::endDrag {1.025 0.44375} -context [db::getNext [de::getContexts -window 21]]
[15:59:51.09] /# gi::executeAction seButton1DragStart -in [gi::getWindows 21]
[15:59:51.10] /i ise::stretch -object [de::getActiveFigure [gi::getWindows 21] -point {1.01875 0.44375} -index 0 -intent none] -point {1 0.4375}
[15:59:51.51] /# gi::executeAction deEndDrag -in [gi::getWindows 21]
[15:59:51.51] /i de::endDrag {1.06875 0.41875} -context [db::getNext [de::getContexts -window 21]]
[15:59:52.46] /# gi::executeAction seButton1DragStart -in [gi::getWindows 21]
[15:59:52.46] /i ise::stretch -object [de::getActiveFigure [gi::getWindows 21] -point {2.06875 1.53125} -index 0 -intent none] -point {2.0625 1.5625}
[15:59:53.37] /# gi::executeAction deEndDrag -in [gi::getWindows 21]
[15:59:53.37] /i de::endDrag {2.08125 1.9625} -context [db::getNext [de::getContexts -window 21]]
[15:59:54.42] /# gi::executeAction seSchCreateWire -in [gi::getWindows 21]
[15:59:54.42] /i ise::createWire
[15:59:55.48] /# gi::executeAction deAddPoint -in [gi::getWindows 21]
[15:59:55.48] /i de::addPoint {1.7 1.5625} -context [db::getNext [de::getContexts -window 21]]
[15:59:55.51] /i de::setCursor -point {1.75 1.5625 }
[15:59:56.04] /# gi::executeAction deAddPoint -in [gi::getWindows 21]
[15:59:56.04] /i de::addPoint {2.05625 1.55} -context [db::getNext [de::getContexts -window 21]]
[15:59:56.53] /# gi::executeAction deAbortCommand -in [gi::getWindows 21]
[15:59:56.53] /i de::abortCommand -context [db::getNext [de::getContexts -window 21]]
[15:59:57.14] /# gi::executeAction seButton1DragStart -in [gi::getWindows 21]
[15:59:57.14] /i ise::stretch -object [de::getActiveFigure [gi::getWindows 21] -point {2.9375 1.775} -index 0 -intent none] -point {2.9375 1.75}
[15:59:57.64] /# gi::executeAction deEndDrag -in [gi::getWindows 21]
[15:59:57.64] /i de::endDrag {2.95 1.98125} -context [db::getNext [de::getContexts -window 21]]
[15:59:57.94] /i gi::executeAction deCanvasDragCancel -in [gi::getWindows 21]
[15:59:58.32] /# gi::executeAction deSelectActive -in [gi::getWindows 21]
[15:59:58.32] /i de::deselectAllLogic -context [db::getNext [de::getContexts -window 21]]
[15:59:58.83] /# gi::executeAction deSelectActive -in [gi::getWindows 21]
[15:59:58.83] /i de::deselectAll [db::getNext [de::getContexts -window 21]]
[15:59:58.83] /i de::select [de::getActiveFigure [gi::getWindows 21] -point {2.825 2.35625} -index 0 -intent none]
[15:59:58.83] /o oa:0x25a53610
[15:59:59.28] /# gi::executeAction seDelete -in [gi::getWindows 21]
[15:59:59.28] /i ise::delete
[16:00:00.00] /# gi::executeAction deCanvasZoomInAtPoint -in [gi::getWindows 21]
[16:00:00.00] /i de::zoom -window [gi::getWindows 21] -factor 2.0 -center {2.79375 2.34375}
[16:00:00.00] /o {1.49375 1.20625} {4.45625 3.0125}
[16:00:00.05] /# gi::executeAction deCanvasZoomInAtPoint -in [gi::getWindows 21]
[16:00:00.05] /i de::zoom -window [gi::getWindows 21] -factor 2.0 -center {2.79375 2.34375}
[16:00:00.05] /o {2.14375 1.775} {3.625 2.68125}
[16:00:00.67] /# gi::executeAction deAddPoint -in [gi::getWindows 21]
[16:00:00.67] /i de::addPoint {2.83125 2.38125} -context [db::getNext [de::getContexts -window 21]]
[16:00:01.31] /# gi::executeAction deAbortCommand -in [gi::getWindows 21]
[16:00:01.31] /i de::abortCommand -context [db::getNext [de::getContexts -window 21]]
[16:00:01.44] /# gi::executeAction deCanvasZoomOutAtPoint -in [gi::getWindows 21]
[16:00:01.44] /i de::zoom -window [gi::getWindows 21] -factor 0.5 -center {2.81875 2.35625}
[16:00:01.44] /o {1.46875 1.19375} {4.43125 3.0}
[16:00:01.46] /# gi::executeAction deCanvasZoomOutAtPoint -in [gi::getWindows 21]
[16:00:01.46] /i de::zoom -window [gi::getWindows 21] -factor 0.5 -center {2.81875 2.3625}
[16:00:01.46] /o {0.125 0.01875} {6.04375 3.64375}
[16:00:01.48] /# gi::executeAction deCanvasZoomOutAtPoint -in [gi::getWindows 21]
[16:00:01.48] /i de::zoom -window [gi::getWindows 21] -factor 0.5 -center {2.81875 2.35625}
[16:00:01.48] /o {-2.575 -2.3125} {9.275 4.925}
[16:00:01.53] /# gi::executeAction deCanvasZoomOutAtPoint -in [gi::getWindows 21]
[16:00:01.53] /i de::zoom -window [gi::getWindows 21] -factor 0.5 -center {2.81875 2.3625}
[16:00:01.53] /o {-7.96875 -6.9875} {15.73125 7.4875}
[16:00:03.13] /# gi::executeAction seSchCheckAndSave -in [gi::getWindows 21]
[16:00:03.13] /i ise::check
[16:00:03.14] /m Information: 
[16:00:03.14] /o Checking "inverter/FA_1bit_tb/schematic"
[16:00:03.14] /o 	[warning] Floating Nets
[16:00:03.14] /o 		Net 'net8' does not connect to a schematic or instance pin (2 times)
[16:00:03.14] /o 0 Error(s),2 Warning(s),0 Message(s) found   in "inverter/FA_1bit_tb/schematic"
[16:00:03.14] /m Information: Checking process is completed: marking the design violations
[16:00:03.16] /m Information: Marking of designs is completed
[16:00:03.16] /o true
[16:00:03.31] /# gi::executeAction seSchCheckAndSave -in [gi::getWindows 21]
[16:00:03.31] /i ise::check
[16:00:03.32] /m Information: 
[16:00:03.32] /o Checking "inverter/FA_1bit_tb/schematic"
[16:00:03.32] /o 	[warning] Floating Nets
[16:00:03.32] /o 		Net 'net8' does not connect to a schematic or instance pin (2 times)
[16:00:03.32] /o 0 Error(s),2 Warning(s),0 Message(s) found   in "inverter/FA_1bit_tb/schematic"
[16:00:03.32] /m Information: Checking process is completed: marking the design violations
[16:00:03.33] /m Information: Marking of designs is completed
[16:00:03.33] /o true
[16:00:04.08] /i gi::setActiveWindow 22
[16:00:04.08] /i gi::setActiveWindow 22 -raise true
[16:00:04.86] /i gi::executeAction menuPreShow -in [gi::getWindows 22]
[16:00:04.86] /r giMenuAccess db::getNext [gi::getMenus saConsoleSimMenu -from [gi::getWindows 22]]
[16:00:05.28] /# gi::executeAction saNetlistAndRun -in [gi::getWindows 22]
[16:00:05.28] /i isa::netlistAndRun -testbench [sa::findActiveTestbench -window 22] -mode overwrite
[16:00:05.33] /m Information: "Starting incremental netlisting for design "inverter/FA_1bit_tb/schematic"..." (NETLISTING-010)
[16:00:05.34] /o No Design Integrity rule violations found in "inverter/FA_1bit_tb/schematic"
[16:00:05.37] /m Information: 
[16:00:05.37] /o Checking "inverter/full_adder/schematic"
[16:00:05.37] /o No rule violations found in "inverter/full_adder/schematic"
[16:00:05.39] /m Information: "inverter FA_1bit_tb schematic" renetlisted. (NETLISTING-056)
[16:00:05.40] /m Information: "Netlisting design "inverter/FA_1bit_tb/schematic" finished successfully." (NETLISTING-012)
[16:00:05.40] /m Information: "Composing simulator input file for design "inverter/FA_1bit_tb/schematic"..."
[16:00:05.42] /m Information: "Simulator input file composed successfully for design "inverter/FA_1bit_tb/schematic""
[16:00:05.57] /m Information: "Starting HSPICE simulation for design: inverter/FA_1bit_tb/schematic"
[16:00:05.57] /# gi::collapse {jobMonitorTable} -index {0.0.0.0,0} -in [gi::getWindows 23]
[16:00:05.57] /# gi::setCurrentIndex {jobMonitorTable} -index {0.0.0.0.0,0} -in [gi::getWindows 23]
[16:00:05.57] /# gi::setCurrentIndex {jobMonitorTable} -index {0.0.0.0.1,0} -in [gi::getWindows 23]
[16:00:05.59] /o 1
[16:00:05.91] /e Error: "Simulation failed for design: inverter/FA_1bit_tb/schematic "
[16:00:06.30] /m Information: Measurement calculations completed for testbench: default in 0s
[16:00:06.88] /i gi::setCurrentIndex {jobMonitorTable} -index {0.0.0.0.0,1} -in [gi::getWindows 23]
[16:00:06.88] /i gi::setItemSelection {jobMonitorTable} -index {0.0.0.0.0,all} -in [gi::getWindows 23]
[16:00:07.03] /i gi::executeAction xtJobMonitorViewOutput -in 23
[16:00:07.03] /# xt::_jobMonitorActions::viewOutput 23
[16:00:07.03] /r giWindowId 26
[16:00:07.04] /r giWindowGeometry 800x600
[16:00:09.73] /i gi::setActiveTab {tabs} -tabName {run.log} -in [gi::getWindows 26]
[16:00:10.07] /i gi::setActiveTab {tabs} -tabName {hspice.valog} -in [gi::getWindows 26]
[16:00:10.78] /i gi::setActiveTab {tabs} -tabName {hspice.lis} -in [gi::getWindows 26]
[16:01:20.09] /i gi::executeAction giCloseWindow -in [gi::getWindows 26]
[16:01:20.11] /i gi::setActiveWindow 23
[16:01:20.11] /i gi::setActiveWindow 23 -raise true
[16:01:20.88] /i gi::setActiveWindow 22
[16:01:20.88] /i gi::setActiveWindow 22 -raise true
[16:01:21.96] /i gi::setActiveWindow 21
[16:01:21.96] /i gi::setActiveWindow 21 -raise true
[16:01:23.03] /i gi::setActiveWindow 2
[16:01:23.03] /i gi::setActiveWindow 2 -raise true
[16:01:24.80] /i gi::setCurrentIndex {cells} -index {full_adder} -in [gi::getWindows 2]
[16:01:24.81] /i gi::setItemSelection {cells} -index {full_adder} -in [gi::getWindows 2]
[16:01:25.84] /i gi::setCurrentIndex {views} -index {symbol} -in [gi::getWindows 2]
[16:01:25.84] /i gi::setItemSelection {views} -index {symbol} -in [gi::getWindows 2]
[16:01:26.01] /i gi::executeAction dmOpen -in [gi::getWindows 2]
[16:01:26.03] /r giWindowId 27
[16:01:26.04] /r giWindowGeometry 1632x1020
[16:01:48.03] /i gi::setActiveWindow 22
[16:01:48.03] /i gi::setActiveWindow 22 -raise true
[16:01:50.01] /i gi::executeAction menuPreShow -in [gi::getWindows 22]
[16:01:50.01] /r giMenuAccess db::getNext [gi::getMenus saConsoleSessionMenu -from [gi::getWindows 22]]
[16:01:50.58] /i gi::executeAction menuPreShow -in [gi::getWindows 22]
[16:01:50.58] /r giMenuAccess db::getNext [gi::getMenus saConsoleSetupMenu -from [gi::getWindows 22]]
[16:01:51.74] /# gi::executeAction saShowEditAnalyses -in [gi::getWindows 22]
[16:01:51.74] /i sa::showEditAnalyses -parent 22 -analysisName "" 
[16:01:51.85] /o oa:0x230ab0b0
[16:01:51.92] /i gi::setActiveDialog [gi::getDialogs {saEditAnalysesDialogXsaeSession3} -parent [gi::getWindows 22]]
[16:01:52.19] /i db::setAttr geometry -of [gi::getDialogs {saEditAnalysesDialogXsaeSession3} -parent [gi::getWindows 22]] -value 633x680+762+450
[16:01:58.08] /i gi::setField {/analysesGroups/tabGeneral/anaPane/step} -value {50p} -in [gi::getDialogs {saEditAnalysesDialogXsaeSession3} -parent [gi::getWindows 22]]
[16:02:00.59] /i gi::setField {/analysesGroups/tabGeneral/anaPane/stop} -value {240n} -in [gi::getDialogs {saEditAnalysesDialogXsaeSession3} -parent [gi::getWindows 22]]
[16:02:00.65] /i gi::pressButton {/apply} -in [gi::getDialogs {saEditAnalysesDialogXsaeSession3} -parent [gi::getWindows 22]]
[16:02:00.68] /o tran
[16:02:01.02] /i gi::pressButton {/ok} -in [gi::getDialogs {saEditAnalysesDialogXsaeSession3} -parent [gi::getWindows 22]]
[16:02:01.96] /i gi::executeAction menuPreShow -in [gi::getWindows 22]
[16:02:01.96] /r giMenuAccess db::getNext [gi::getMenus saConsoleSetupMenu -from [gi::getWindows 22]]
[16:02:02.96] /# gi::executeAction saEditModels -in [gi::getWindows 22]
[16:02:02.96] /i sa::showModelFiles -parent 22
[16:02:03.03] /i gi::setActiveDialog [gi::getDialogs {saModelFilesSetup} -parent [gi::getWindows 22]]
[16:02:03.30] /i db::setAttr geometry -of [gi::getDialogs {saModelFilesSetup} -parent [gi::getWindows 22]] -value 760x500+728+298
[16:02:04.18] /i gi::pressButton {PathSelectorBrowse} -in [gi::getDialogs {saModelFilesSetup} -parent [gi::getWindows 22]]
[16:02:06.34] /r giFileDialog accept .
[16:02:06.99] /i gi::setCurrentIndex {modelFilesTable} -index {0,1} -in [gi::getDialogs {saModelFilesSetup} -parent [gi::getWindows 22]]
[16:02:14.09] /r giFileDialog accept PDK/hspice/reference_models.inc
[16:02:14.09] /i gi::setField {modelFilesTable} -index {0,1} -value {/home/itsupport/Desktop/lab1vlsi/PDK/hspice/reference_models.inc} -in [gi::getDialogs {saModelFilesSetup} -parent [gi::getWindows 22]]
[16:02:14.09] /i gi::setField {modelFilesTable} -index {0,1} -value {PDK/hspice/reference_models.inc} -in [gi::getDialogs {saModelFilesSetup} -parent [gi::getWindows 22]]
[16:02:14.86] /i gi::setField {PathSelector} -value {/home/itsupport/Desktop/lab1vlsi} -in [gi::getDialogs {saModelFilesSetup} -parent [gi::getWindows 22]]
[16:02:14.92] /i gi::pressButton {apply} -in [gi::getDialogs {saModelFilesSetup} -parent [gi::getWindows 22]]
[16:02:15.28] /i gi::pressButton {ok} -in [gi::getDialogs {saModelFilesSetup} -parent [gi::getWindows 22]]
[16:02:16.42] /i gi::executeAction menuPreShow -in [gi::getWindows 22]
[16:02:16.42] /r giMenuAccess db::getNext [gi::getMenus saConsoleSimMenu -from [gi::getWindows 22]]
[16:02:17.05] /# gi::executeAction saNetlistAndRun -in [gi::getWindows 22]
[16:02:17.05] /i isa::netlistAndRun -testbench [sa::findActiveTestbench -window 22] -mode overwrite
[16:02:17.15] /m Information: "Starting incremental netlisting for design "inverter/FA_1bit_tb/schematic"..." (NETLISTING-010)
[16:02:17.16] /o No Design Integrity rule violations found in "inverter/FA_1bit_tb/schematic"
[16:02:17.16] /m Information: 
[16:02:17.16] /o Checking "inverter/full_adder/schematic"
[16:02:17.16] /o No rule violations found in "inverter/full_adder/schematic"
[16:02:17.20] /m Information: "Netlisting design "inverter/FA_1bit_tb/schematic" finished successfully." (NETLISTING-012)
[16:02:17.20] /m Information: "Composing simulator input file for design "inverter/FA_1bit_tb/schematic"..."
[16:02:17.23] /m Information: "Simulator input file composed successfully for design "inverter/FA_1bit_tb/schematic""
[16:02:17.41] /m Information: "Starting HSPICE simulation for design: inverter/FA_1bit_tb/schematic"
[16:02:17.42] /# gi::collapse {jobMonitorTable} -index {0.0.0.0,0} -in [gi::getWindows 23]
[16:02:17.43] /# gi::setCurrentIndex {jobMonitorTable} -index {0.0.0.0.0,1} -in [gi::getWindows 23]
[16:02:17.43] /# gi::setItemSelection {jobMonitorTable} -index {} -in [gi::getWindows 23]
[16:02:17.43] /# gi::setCurrentIndex {jobMonitorTable} -index {0.0.0.0.1,1} -in [gi::getWindows 23]
[16:02:17.47] /o 1
[16:02:17.81] /e Error: "Simulation failed for design: inverter/FA_1bit_tb/schematic "
[16:02:18.33] /m Information: Measurement calculations completed for testbench: default in 0s
[16:02:20.11] /i gi::setCurrentIndex {jobMonitorTable} -index {0.0.0.0.0,0} -in [gi::getWindows 23]
[16:02:20.11] /i gi::setItemSelection {jobMonitorTable} -index {0.0.0.0.0,all} -in [gi::getWindows 23]
[16:02:20.55] /i gi::executeAction xtJobMonitorViewOutput -in 23
[16:02:20.55] /# xt::_jobMonitorActions::viewOutput 23
[16:02:20.55] /r giWindowId 28
[16:02:20.56] /r giWindowGeometry 800x600
[16:02:21.56] /i gi::setActiveTab {tabs} -tabName {hspice.lis} -in [gi::getWindows 28]
[16:02:33.09] /i gi::setActiveWindow 23
[16:02:33.09] /i gi::setActiveWindow 23 -raise true
[16:02:33.95] /i gi::setActiveWindow 22
[16:02:33.95] /i gi::setActiveWindow 22 -raise true
[16:02:34.80] /i gi::setActiveWindow 21
[16:02:34.81] /i gi::setActiveWindow 21 -raise true
[16:02:36.55] /i gi::executeAction giCloseWindow -in [gi::getWindows 23]
[16:02:37.07] /i gi::setActiveWindow 22
[16:02:37.07] /i gi::setActiveWindow 22 -raise true
[16:02:37.54] /i gi::setActiveWindow 28
[16:02:37.54] /i gi::setActiveWindow 28 -raise true
[16:02:38.25] /i gi::executeAction giCloseWindow -in [gi::getWindows 28]
[16:02:38.25] /i gi::setActiveWindow 22
[16:02:38.25] /i gi::setActiveWindow 22 -raise true
[16:02:41.28] /i gi::setActiveWindow 21
[16:02:41.28] /i gi::setActiveWindow 21 -raise true
[16:02:42.47] /# gi::executeAction deCanvasZoomInAtPoint -in [gi::getWindows 21]
[16:02:42.47] /i de::zoom -window [gi::getWindows 21] -factor 2.0 -center {4.94375 1.30625}
[16:02:42.47] /o {-1.5125 -2.84375} {10.3375 4.4}
[16:02:42.60] /# gi::executeAction deCanvasZoomInAtPoint -in [gi::getWindows 21]
[16:02:42.60] /i de::zoom -window [gi::getWindows 21] -factor 2.0 -center {4.9125 1.33125}
[16:02:42.60] /o {1.7 -0.75625} {7.625 2.8625}
[16:02:44.54] /# gi::executeAction deFitEdit -in [gi::getWindows 21]
[16:02:44.54] /i de::fit -window 21 -fitEdit true
[16:02:44.54] /o {0.2 -0.03125} {6.11875 3.59375}
[16:03:02.80] /i gi::setActiveWindow 27
[16:03:02.81] /i gi::setActiveWindow 27 -raise true
[16:03:03.93] /i gi::setActiveWindow 21
[16:03:03.93] /i gi::setActiveWindow 21 -raise true
[16:03:06.04] /i gi::executeAction deCanvasDragCancel -in [gi::getWindows 21]
[16:03:06.32] /# gi::executeAction deSelectActive -in [gi::getWindows 21]
[16:03:06.32] /i de::deselectAllLogic -context [db::getNext [de::getContexts -window 21]]
[16:03:06.76] /# gi::executeAction deSelectActive -in [gi::getWindows 21]
[16:03:06.76] /i de::deselectAll [db::getNext [de::getContexts -window 21]]
[16:03:06.76] /i de::select [de::getActiveFigure [gi::getWindows 21] -point {3.6875 2.5625} -index 0 -intent none]
[16:03:06.76] /o oa:0x256ac410
[16:03:06.92] /# gi::executeAction deDescend -in [gi::getWindows 21]
[16:03:06.92] /i ide::descend 21 -inPlace false -promptView false -readOnly auto
[16:03:06.93] /# Navigating to inverter/full_adder/schematic (I12)
[16:03:06.97] /o true
[16:03:07.91] /# gi::executeAction deCanvasZoomInAtPoint -in [gi::getWindows 21]
[16:03:07.91] /i de::zoom -window [gi::getWindows 21] -factor 2.0 -center {9.35625 8.5125}
[16:03:07.91] /o {4.8 4.2} {15.625 10.8125}
[16:03:09.55] /# gi::executeAction deSelectActive -in [gi::getWindows 21]
[16:03:09.55] /i de::deselectAll [db::getNext [de::getContexts -window 21]]
[16:03:09.55] /i de::select [de::getActiveFigure [gi::getWindows 21] -point {10.2875 7.6625} -index 0 -intent none]
[16:03:09.55] /o oa:0x24f32490
[16:03:09.70] /# gi::executeAction deDescend -in [gi::getWindows 21]
[16:03:09.71] /i ide::descend 21 -inPlace false -promptView false -readOnly auto
[16:03:09.71] /# Navigating to inverter/NAND2/schematic (I3)
[16:03:09.74] /o true
[16:03:10.35] /# gi::executeAction deCanvasZoomInAtPoint -in [gi::getWindows 21]
[16:03:10.35] /i de::zoom -window [gi::getWindows 21] -factor 2.0 -center {4.6375 6.6875}
[16:03:10.35] /o {2.275 5.06875} {6.08125 7.4}
[16:03:12.84] /# gi::executeAction deCanvasZoomOutAtPoint -in [gi::getWindows 21]
[16:03:12.84] /i de::zoom -window [gi::getWindows 21] -factor 0.5 -center {3.36875 6.90625}
[16:03:12.84] /o {1.18125 3.2375} {8.79375 7.8875}
[16:03:20.52] /i gi::setActiveWindow 27
[16:03:20.52] /i gi::setActiveWindow 27 -raise true
[16:03:21.44] /# gi::executeAction deCanvasZoomOutAtPoint -in [gi::getWindows 27]
[16:03:21.44] /i de::zoom -window [gi::getWindows 27] -factor 0.5 -center {1.775 1.43125}
[16:03:21.44] /o {-0.2125 -0.58125} {4.5 1.84375}
[16:03:21.48] /# gi::executeAction deCanvasZoomOutAtPoint -in [gi::getWindows 27]
[16:03:21.48] /i de::zoom -window [gi::getWindows 27] -factor 0.5 -center {1.73125 1.44375}
[16:03:21.48] /o {-2.15 -2.6} {7.2625 2.2375}
[16:03:22.63] /i gi::setActiveWindow 22
[16:03:22.63] /i gi::setActiveWindow 22 -raise true
[16:03:24.28] /i gi::setCurrentIndex {variablesTable} -index {1,0} -in [gi::getWindows 22]
[16:03:26.86] /i gi::setField {variablesTable} -index {1,0} -value {a} -in [gi::getWindows 22]
[16:03:26.86] /i gi::setField {variablesTable} -index {1,0} -value {a} -in [gi::getWindows 22]
[16:03:27.91] /i gi::setItemSelection {variablesTable} -index {1,0} -in [gi::getWindows 22]
[16:03:27.91] /i gi::setItemSelection {variablesTable} -index {1,0} -in [gi::getWindows 22]
[16:03:28.48] /i gi::setField {variablesTable} -index {1,0} -value {a} -in [gi::getWindows 22]
[16:03:28.48] /i gi::setCurrentIndex {variablesTable} -index {2,0} -in [gi::getWindows 22]
[16:03:28.48] /i gi::setItemSelection {variablesTable} -index {} -in [gi::getWindows 22]
[16:03:28.48] /i gi::setItemSelection {variablesTable} -index {} -in [gi::getWindows 22]
[16:03:29.33] /i gi::setField {variablesTable} -index {2,0} -value {b} -in [gi::getWindows 22]
[16:03:29.33] /i gi::setField {variablesTable} -index {2,0} -value {b} -in [gi::getWindows 22]
[16:03:30.29] /i gi::setCurrentIndex {variablesTable} -index {3,0} -in [gi::getWindows 22]
[16:03:31.17] /i gi::setField {variablesTable} -index {3,0} -value {l} -in [gi::getWindows 22]
[16:03:31.17] /i gi::setField {variablesTable} -index {3,0} -value {l} -in [gi::getWindows 22]
[16:03:32.11] /i gi::setCurrentIndex {variablesTable} -index {1,1} -in [gi::getWindows 22]
[16:03:32.11] /i gi::setItemSelection {variablesTable} -index {1,1} -in [gi::getWindows 22]
[16:03:32.11] /i gi::setItemSelection {variablesTable} -index {1,1} -in [gi::getWindows 22]
[16:03:33.63] /i gi::setField {variablesTable} -index {1,1} -value {0.3u} -in [gi::getWindows 22]
[16:03:33.63] /i gi::setField {variablesTable} -index {1,1} -value {0.3u} -in [gi::getWindows 22]
[16:03:34.42] /i gi::setCurrentIndex {variablesTable} -index {2,1} -in [gi::getWindows 22]
[16:03:34.42] /i gi::setItemSelection {variablesTable} -index {2,1} -in [gi::getWindows 22]
[16:03:34.42] /i gi::setItemSelection {variablesTable} -index {2,1} -in [gi::getWindows 22]
[16:03:36.08] /i gi::setField {variablesTable} -index {2,1} -value {0.24u} -in [gi::getWindows 22]
[16:03:36.08] /i gi::setField {variablesTable} -index {2,1} -value {0.24u} -in [gi::getWindows 22]
[16:03:36.85] /i gi::setCurrentIndex {variablesTable} -index {3,1} -in [gi::getWindows 22]
[16:03:36.86] /i gi::setItemSelection {variablesTable} -index {3,1} -in [gi::getWindows 22]
[16:03:36.86] /i gi::setItemSelection {variablesTable} -index {3,1} -in [gi::getWindows 22]
[16:03:39.07] /i gi::setField {variablesTable} -index {3,1} -value {0.1u} -in [gi::getWindows 22]
[16:03:39.07] /i gi::setField {variablesTable} -index {3,1} -value {0.1u} -in [gi::getWindows 22]
[16:03:40.34] /i gi::executeAction menuPreShow -in [gi::getWindows 22]
[16:03:40.34] /r giMenuAccess db::getNext [gi::getMenus saConsoleSimMenu -from [gi::getWindows 22]]
[16:03:40.82] /# gi::executeAction saNetlistAndRun -in [gi::getWindows 22]
[16:03:40.82] /i isa::netlistAndRun -testbench [sa::findActiveTestbench -window 22] -mode overwrite
[16:03:40.84] /r giWindowId 29
[16:03:40.84] /r giWindowGeometry 800x600
[16:03:40.90] /m Information: "Starting incremental netlisting for design "inverter/FA_1bit_tb/schematic"..." (NETLISTING-010)
[16:03:40.91] /o No Design Integrity rule violations found in "inverter/FA_1bit_tb/schematic"
[16:03:40.92] /m Information: 
[16:03:40.92] /o Checking "inverter/full_adder/schematic"
[16:03:40.92] /o No rule violations found in "inverter/full_adder/schematic"
[16:03:40.94] /m Information: "Netlisting design "inverter/FA_1bit_tb/schematic" finished successfully." (NETLISTING-012)
[16:03:40.94] /m Information: "Composing simulator input file for design "inverter/FA_1bit_tb/schematic"..."
[16:03:40.97] /m Information: "Simulator input file composed successfully for design "inverter/FA_1bit_tb/schematic""
[16:03:41.14] /m Information: "Starting HSPICE simulation for design: inverter/FA_1bit_tb/schematic"
[16:03:41.15] /# gi::collapse {jobMonitorTable} -index {0.0.0.0,0} -in [gi::getWindows 29]
[16:03:41.17] /o 1
[16:03:43.01] /m Information: "Simulation completed successfully for design: inverter/FA_1bit_tb/schematic "
[16:03:43.23] /m Information: "Evaluating and plotting outputs..."
[16:03:43.23] /m Information: Started sharing "Custom WaveView" license. (WAVEFORM-110)
[16:03:43.25] /m Information: Launching Waveform Viewer "cd /home/itsupport/simulation/inverter,FA_1bit_tb,schematic/history_1/simulation/default/HSPICE/nominal/results &&  wv -k -cdesigner -spxkey /usr/synopsys/customcompiler/N-2017.12-SP1-2/auxx/waveform/sae.spxkey -spxrc /tmp/sae_spxrc_GRWavs -unique_string 0a5d9da1fed3a2d169aa7f613a217c24125e8d2b0833b894ed40d2f5efbf27a2fb0c0fc5bd6190662e629668ad02435ad02c8cb703bdbf34 -lic_type 1    > /home/itsupport/simulation/inverter,FA_1bit_tb,schematic/history_1/simulation/default/HSPICE/nominal/results/viewer.log 2>&1"
[16:03:43.25] /i gi::collapse {jobMonitorTable} -index {0.0,0} -in [gi::getWindows 29]
[16:03:43.61] /m Information: Measurement calculations completed for testbench: default in 0s
[16:03:44.09] /j ::wf::WaveView::plotSuccess WaveView_4 {} {_6489230_void_pp _64f4c80_void_pp} 
[16:03:44.16] /j ::wf::WaveView::plotSuccess WaveView_4 {} {_6489230_void_pp _64f4d48_void_pp} 
[16:03:44.21] /j ::wf::WaveView::plotSuccess WaveView_4 {} {_6489230_void_pp _64f4e10_void_pp} 
[16:03:44.24] /j ::wf::WaveView::plotSuccess WaveView_4 {} {_6489230_void_pp _64f4ed8_void_pp} 
[16:03:44.28] /j ::wf::WaveView::plotSuccess WaveView_4 {} {_6489230_void_pp _64f4fa0_void_pp} 
[16:03:58.11] /m Information: Waveform viewer exited normally.
[16:03:58.96] /i gi::setActiveWindow 22
[16:03:58.96] /i gi::setActiveWindow 22 -raise true
[16:03:59.73] /i gi::setCurrentIndex {analysisPane} -index {0,3} -in [gi::getWindows 22]
[16:03:59.73] /i gi::setItemSelection {analysisPane} -index {0,3} -in [gi::getWindows 22]
[16:03:59.73] /i gi::setItemSelection {variablesTable} -index {} -in [gi::getWindows 22]
[16:03:59.73] /i gi::setItemSelection {variablesTable} -index {} -in [gi::getWindows 22]
[16:04:00.01] /i gi::setActiveDialog [gi::getDialogs {saEditAnalysesDialogXsaeSession3} -parent [gi::getWindows 22]]
[16:04:00.30] /i db::setAttr geometry -of [gi::getDialogs {saEditAnalysesDialogXsaeSession3} -parent [gi::getWindows 22]] -value 633x680+762+413
[16:04:04.50] /i gi::setField {/analysesGroups/tabGeneral/anaPane/stop} -value {40} -in [gi::getDialogs {saEditAnalysesDialogXsaeSession3} -parent [gi::getWindows 22]]
[16:04:05.40] /i gi::pressButton {/apply} -in [gi::getDialogs {saEditAnalysesDialogXsaeSession3} -parent [gi::getWindows 22]]
[16:04:05.42] /o tran
[16:04:05.82] /i gi::pressButton {/ok} -in [gi::getDialogs {saEditAnalysesDialogXsaeSession3} -parent [gi::getWindows 22]]
[16:04:06.76] /i gi::executeAction menuPreShow -in [gi::getWindows 22]
[16:04:06.76] /r giMenuAccess db::getNext [gi::getMenus saConsoleSimMenu -from [gi::getWindows 22]]
[16:04:07.25] /# gi::executeAction saNetlistAndRun -in [gi::getWindows 22]
[16:04:07.25] /i isa::netlistAndRun -testbench [sa::findActiveTestbench -window 22] -mode overwrite
[16:04:07.30] /m Information: "Starting incremental netlisting for design "inverter/FA_1bit_tb/schematic"..." (NETLISTING-010)
[16:04:07.31] /o No Design Integrity rule violations found in "inverter/FA_1bit_tb/schematic"
[16:04:07.31] /m Information: 
[16:04:07.31] /o Checking "inverter/full_adder/schematic"
[16:04:07.31] /o No rule violations found in "inverter/full_adder/schematic"
[16:04:07.34] /m Information: "Netlisting design "inverter/FA_1bit_tb/schematic" finished successfully." (NETLISTING-012)
[16:04:07.35] /m Information: "Composing simulator input file for design "inverter/FA_1bit_tb/schematic"..."
[16:04:07.38] /m Information: "Simulator input file composed successfully for design "inverter/FA_1bit_tb/schematic""
[16:04:07.56] /m Information: "Starting HSPICE simulation for design: inverter/FA_1bit_tb/schematic"
[16:04:07.58] /# gi::collapse {jobMonitorTable} -index {0.0.0.0,0} -in [gi::getWindows 29]
[16:04:07.61] /o 1
[16:04:22.60] /i gi::setActiveWindow 22
[16:04:22.64] /i gi::setActiveWindow 22 -raise true
[16:04:24.84] /i gi::executeAction menuPreShow -in [gi::getWindows 22]
[16:04:24.84] /r giMenuAccess db::getNext [gi::getMenus saConsoleSimMenu -from [gi::getWindows 22]]
[16:04:30.06] /i gi::setActiveWindow 29
[16:04:30.06] /i gi::setActiveWindow 29 -raise true
[16:04:31.43] /i gi::executeAction giCloseWindow -in [gi::getWindows 29]
[16:04:31.45] /i gi::setActiveWindow 22
[16:04:31.45] /i gi::setActiveWindow 22 -raise true
[16:04:32.40] /i gi::executeAction menuPreShow -in [gi::getWindows 22]
[16:04:32.40] /r giMenuAccess db::getNext [gi::getMenus saConsoleSimMenu -from [gi::getWindows 22]]
[16:04:33.38] /# gi::executeAction saStop -in [gi::getWindows 22]
[16:04:33.40] /i isa::stop -testbench [sa::findActiveTestbench -window 22]
[16:04:33.47] /o 1
[16:04:34.16] /m Information: "Simulation killed for design: inverter/FA_1bit_tb/schematic "
[16:04:34.72] /i gi::executeAction menuPreShow -in [gi::getWindows 22]
[16:04:34.72] /r giMenuAccess db::getNext [gi::getMenus saConsoleSimMenu -from [gi::getWindows 22]]
[16:04:36.32] /m Information: Measurement calculations completed for testbench: default in 0s
[16:04:37.49] /i gi::setItemSelection {analysisPane} -index {} -in [gi::getWindows 22]
[16:04:37.81] /i gi::setItemSelection {analysisPane} -index {0,3} -in [gi::getWindows 22]
[16:04:38.49] /i db::setAttr geometry -of [gi::getDialogs {saEditAnalysesDialogXsaeSession3} -parent [gi::getWindows 22]] -value 633x680+762+413
[16:04:39.06] /i gi::setActiveDialog [gi::getDialogs {saEditAnalysesDialogXsaeSession3} -parent [gi::getWindows 22]]
[16:04:40.66] /i gi::setField {/analysesGroups/tabGeneral/anaPane/stop} -value {40n} -in [gi::getDialogs {saEditAnalysesDialogXsaeSession3} -parent [gi::getWindows 22]]
[16:04:40.75] /i gi::pressButton {/apply} -in [gi::getDialogs {saEditAnalysesDialogXsaeSession3} -parent [gi::getWindows 22]]
[16:04:40.80] /o tran
[16:04:41.14] /i gi::pressButton {/ok} -in [gi::getDialogs {saEditAnalysesDialogXsaeSession3} -parent [gi::getWindows 22]]
[16:04:42.19] /i gi::executeAction menuPreShow -in [gi::getWindows 22]
[16:04:42.19] /r giMenuAccess db::getNext [gi::getMenus saConsoleSimMenu -from [gi::getWindows 22]]
[16:04:42.62] /# gi::executeAction saNetlistAndRun -in [gi::getWindows 22]
[16:04:42.62] /i isa::netlistAndRun -testbench [sa::findActiveTestbench -window 22] -mode overwrite
[16:04:42.66] /r giWindowId 30
[16:04:42.67] /r giWindowGeometry 800x600
[16:04:42.74] /m Information: "Starting incremental netlisting for design "inverter/FA_1bit_tb/schematic"..." (NETLISTING-010)
[16:04:42.78] /o No Design Integrity rule violations found in "inverter/FA_1bit_tb/schematic"
[16:04:42.79] /m Information: 
[16:04:42.79] /o Checking "inverter/full_adder/schematic"
[16:04:42.79] /o No rule violations found in "inverter/full_adder/schematic"
[16:04:42.90] /m Information: "Netlisting design "inverter/FA_1bit_tb/schematic" finished successfully." (NETLISTING-012)
[16:04:42.98] /m Information: "Composing simulator input file for design "inverter/FA_1bit_tb/schematic"..."
[16:04:43.02] /m Information: "Simulator input file composed successfully for design "inverter/FA_1bit_tb/schematic""
[16:04:43.20] /m Information: "Starting HSPICE simulation for design: inverter/FA_1bit_tb/schematic"
[16:04:43.20] /# gi::collapse {jobMonitorTable} -index {0.0.0.0,0} -in [gi::getWindows 30]
[16:04:43.22] /o 1
[16:04:44.01] /m Information: "Simulation completed successfully for design: inverter/FA_1bit_tb/schematic "
[16:04:44.19] /m Information: "Evaluating and plotting outputs..."
[16:04:44.21] /m Information: Launching Waveform Viewer "cd /home/itsupport/simulation/inverter,FA_1bit_tb,schematic/history_1/simulation/default/HSPICE/nominal/results &&  wv -k -cdesigner -spxkey /usr/synopsys/customcompiler/N-2017.12-SP1-2/auxx/waveform/sae.spxkey -spxrc /tmp/sae_spxrc_rhwxJY -unique_string 0a5d9da1fed3a2d169aa7f613a217c24125e8d2b0833b894ed40d2f5efbf27a2fb0c0fc5bd61906610ac3384c4cc2be75bb9c5db32dbe98b -lic_type 1    > /home/itsupport/simulation/inverter,FA_1bit_tb,schematic/history_1/simulation/default/HSPICE/nominal/results/viewer.log 2>&1"
[16:04:44.21] /i gi::collapse {jobMonitorTable} -index {0.0,0} -in [gi::getWindows 30]
[16:04:44.80] /m Information: Measurement calculations completed for testbench: default in 0s
[16:04:45.72] /j ::wf::WaveView::plotSuccess WaveView_5 {} {_75febe0_void_pp _764a860_void_pp} 
[16:04:45.73] /j ::wf::WaveView::plotSuccess WaveView_5 {} {_75febe0_void_pp _764a928_void_pp} 
[16:04:45.78] /j ::wf::WaveView::plotSuccess WaveView_5 {} {_75febe0_void_pp _764a9f0_void_pp} 
[16:04:45.82] /j ::wf::WaveView::plotSuccess WaveView_5 {} {_75febe0_void_pp _764aab8_void_pp} 
[16:04:45.83] /j ::wf::WaveView::plotSuccess WaveView_5 {} {_75febe0_void_pp _764ab80_void_pp} 
[16:06:00.18] /i gi::setActiveWindow 21
[16:06:00.18] /i gi::setActiveWindow 21 -raise true
[16:06:00.84] /i gi::setActiveWindow 27
[16:06:00.84] /i gi::setActiveWindow 27 -raise true
[16:06:02.03] /i gi::setActiveWindow 22
[16:06:02.03] /i gi::setActiveWindow 22 -raise true
[16:06:03.24] /i gi::setActiveWindow 21
[16:06:03.24] /i gi::setActiveWindow 21 -raise true
[16:06:05.82] /# gi::executeAction deReturnToTop -in [gi::getWindows 21]
[16:06:05.83] /i de::return [db::getNext [de::getContexts -window 21]] -levels -1
[16:06:05.83] /# Navigating to inverter/FA_1bit_tb/schematic
[16:06:05.96] /o oa:0x25c6b850
[16:06:06.18] /# gi::executeAction deReturnToTop -in [gi::getWindows 21]
[16:06:06.18] /i de::return [db::getNext [de::getContexts -window 21]] -levels -1
[16:06:06.18] /o oa:0x23372910
[16:06:06.90] /# gi::executeAction deReturnToTop -in [gi::getWindows 21]
[16:06:06.90] /i de::return [db::getNext [de::getContexts -window 21]] -levels -1
[16:06:06.90] /o oa:0x230b6860
[16:06:07.32] /# gi::executeAction deReturnToTop -in [gi::getWindows 21]
[16:06:07.32] /i de::return [db::getNext [de::getContexts -window 21]] -levels -1
[16:06:07.32] /o oa:0x2458d400
[16:06:07.51] /# gi::executeAction deReturnToTop -in [gi::getWindows 21]
[16:06:07.51] /i de::return [db::getNext [de::getContexts -window 21]] -levels -1
[16:06:07.51] /o oa:0x1bd9ca80
[16:06:07.65] /# gi::executeAction deReturnToTop -in [gi::getWindows 21]
[16:06:07.65] /i de::return [db::getNext [de::getContexts -window 21]] -levels -1
[16:06:07.66] /o oa:0x1e957be0
[16:06:08.11] /# gi::executeAction deSelectActive -in [gi::getWindows 21]
[16:06:08.11] /i de::deselectAll [db::getNext [de::getContexts -window 21]]
[16:06:08.11] /i de::deselectAllLogic -context [db::getNext [de::getContexts -window 21]]
[16:06:13.10] /i gi::setActiveWindow 22
[16:06:13.11] /i gi::setActiveWindow 22 -raise true
[16:06:13.63] /i gi::setActiveWindow 30
[16:06:13.63] /i gi::setActiveWindow 30 -raise true
[16:08:00.49] /i gi::setActiveWindow 27
[16:08:00.49] /i gi::setActiveWindow 27 -raise true
[16:08:01.60] /i gi::setActiveWindow 21
[16:08:01.60] /i gi::setActiveWindow 21 -raise true
[16:08:45.87] /# gi::executeAction deSelectActive -in [gi::getWindows 21]
[16:08:45.87] /i de::deselectAll [db::getNext [de::getContexts -window 21]]
[16:08:45.87] /i de::select [de::getActiveFigure [gi::getWindows 21] -point {1.75625 2.15625} -index 0 -intent none]
[16:08:45.87] /o oa:0x2666a710
[16:08:47.21] /i gi::executeAction sePropertyEditorToggle -in [gi::getWindows 21]
[16:08:47.21] /# db::setAttr shown -of [gi::getAssistants dePropertyEditor -from [gi::getWindows 21]] -value true
[16:08:48.35] /i gi::setItemSelection {parameters} -index {tr,all} -in [gi::getAssistants dePropertyEditor -from [gi::getWindows 21]]
[16:08:48.35] /i gi::setCurrentIndex {parameters} -index {tr,Value} -in [gi::getAssistants dePropertyEditor -from [gi::getWindows 21]]
[16:08:50.65] /i gi::setField {parameters} -value {20p} -index {tr,Value} -in [gi::getAssistants dePropertyEditor -from [gi::getWindows 21]]
[16:08:50.65] /i gi::executeAction dePropertyEditorApplyChanges -in [gi::getAssistants dePropertyEditor -from [gi::getWindows 21]]
[16:08:51.44] /i gi::setItemSelection {parameters} -index {tf,all} -in [gi::getAssistants dePropertyEditor -from [gi::getWindows 21]]
[16:08:51.44] /i gi::setCurrentIndex {parameters} -index {tf,Value} -in [gi::getAssistants dePropertyEditor -from [gi::getWindows 21]]
[16:08:53.07] /i gi::setField {parameters} -value {20p} -index {tf,Value} -in [gi::getAssistants dePropertyEditor -from [gi::getWindows 21]]
[16:08:53.07] /i gi::executeAction dePropertyEditorApplyChanges -in [gi::getAssistants dePropertyEditor -from [gi::getWindows 21]]
[16:08:56.90] /i gi::setItemSelection {parameters} -index {pw,all} -in [gi::getAssistants dePropertyEditor -from [gi::getWindows 21]]
[16:08:56.91] /i gi::setCurrentIndex {parameters} -index {pw,Value} -in [gi::getAssistants dePropertyEditor -from [gi::getWindows 21]]
[16:08:59.98] /i gi::setField {parameters} -value {0.5n} -index {pw,Value} -in [gi::getAssistants dePropertyEditor -from [gi::getWindows 21]]
[16:08:59.98] /i gi::executeAction dePropertyEditorApplyChanges -in [gi::getAssistants dePropertyEditor -from [gi::getWindows 21]]
[16:09:03.71] /i gi::setItemSelection {parameters} -index {per,all} -in [gi::getAssistants dePropertyEditor -from [gi::getWindows 21]]
[16:09:03.71] /i gi::setCurrentIndex {parameters} -index {per,Value} -in [gi::getAssistants dePropertyEditor -from [gi::getWindows 21]]
[16:09:04.96] /i gi::setField {parameters} -value {1n} -index {per,Value} -in [gi::getAssistants dePropertyEditor -from [gi::getWindows 21]]
[16:09:04.96] /i gi::executeAction dePropertyEditorApplyChanges -in [gi::getAssistants dePropertyEditor -from [gi::getWindows 21]]
[16:09:06.44] /# gi::executeAction deSelectActive -in [gi::getWindows 21]
[16:09:06.44] /i de::deselectAll [db::getNext [de::getContexts -window 21]]
[16:09:06.44] /i de::select [de::getActiveFigure [gi::getWindows 21] -point {2.06875 2} -index 0 -intent none]
[16:09:06.44] /o oa:0x26d73240
[16:09:15.67] /i gi::setItemSelection {parameters} -index {tr,all} -in [gi::getAssistants dePropertyEditor -from [gi::getWindows 21]]
[16:09:15.67] /i gi::setCurrentIndex {parameters} -index {tr,Value} -in [gi::getAssistants dePropertyEditor -from [gi::getWindows 21]]
[16:09:17.47] /i gi::setField {parameters} -value {20n} -index {tr,Value} -in [gi::getAssistants dePropertyEditor -from [gi::getWindows 21]]
[16:09:17.47] /i gi::executeAction dePropertyEditorApplyChanges -in [gi::getAssistants dePropertyEditor -from [gi::getWindows 21]]
[16:09:18.19] /i gi::setItemSelection {parameters} -index {pw,all} -in [gi::getAssistants dePropertyEditor -from [gi::getWindows 21]]
[16:09:18.20] /i gi::setCurrentIndex {parameters} -index {pw,Value} -in [gi::getAssistants dePropertyEditor -from [gi::getWindows 21]]
[16:09:19.17] /i gi::setItemSelection {parameters} -index {tf,all} -in [gi::getAssistants dePropertyEditor -from [gi::getWindows 21]]
[16:09:19.17] /i gi::setCurrentIndex {parameters} -index {tf,Value} -in [gi::getAssistants dePropertyEditor -from [gi::getWindows 21]]
[16:09:20.83] /i gi::setField {parameters} -value {20n} -index {tf,Value} -in [gi::getAssistants dePropertyEditor -from [gi::getWindows 21]]
[16:09:20.83] /i gi::executeAction dePropertyEditorApplyChanges -in [gi::getAssistants dePropertyEditor -from [gi::getWindows 21]]
[16:09:21.51] /i gi::setItemSelection {parameters} -index {pw,all} -in [gi::getAssistants dePropertyEditor -from [gi::getWindows 21]]
[16:09:21.51] /i gi::setCurrentIndex {parameters} -index {pw,Value} -in [gi::getAssistants dePropertyEditor -from [gi::getWindows 21]]
[16:09:22.71] /i gi::setField {parameters} -value {1n} -index {pw,Value} -in [gi::getAssistants dePropertyEditor -from [gi::getWindows 21]]
[16:09:22.71] /i gi::executeAction dePropertyEditorApplyChanges -in [gi::getAssistants dePropertyEditor -from [gi::getWindows 21]]
[16:09:23.51] /i gi::setItemSelection {parameters} -index {per,all} -in [gi::getAssistants dePropertyEditor -from [gi::getWindows 21]]
[16:09:23.51] /i gi::setCurrentIndex {parameters} -index {per,Value} -in [gi::getAssistants dePropertyEditor -from [gi::getWindows 21]]
[16:09:25.13] /i gi::setField {parameters} -value {2n} -index {per,Value} -in [gi::getAssistants dePropertyEditor -from [gi::getWindows 21]]
[16:09:25.13] /i gi::executeAction dePropertyEditorApplyChanges -in [gi::getAssistants dePropertyEditor -from [gi::getWindows 21]]
[16:09:25.92] /i gi::setItemSelection {parameters} -index {tr,all} -in [gi::getAssistants dePropertyEditor -from [gi::getWindows 21]]
[16:09:25.92] /i gi::setCurrentIndex {parameters} -index {tr,Value} -in [gi::getAssistants dePropertyEditor -from [gi::getWindows 21]]
[16:09:27.47] /i gi::setField {parameters} -value {20p} -index {tr,Value} -in [gi::getAssistants dePropertyEditor -from [gi::getWindows 21]]
[16:09:27.47] /i gi::executeAction dePropertyEditorApplyChanges -in [gi::getAssistants dePropertyEditor -from [gi::getWindows 21]]
[16:09:28.24] /i gi::setItemSelection {parameters} -index {tf,all} -in [gi::getAssistants dePropertyEditor -from [gi::getWindows 21]]
[16:09:28.24] /i gi::setCurrentIndex {parameters} -index {tf,Value} -in [gi::getAssistants dePropertyEditor -from [gi::getWindows 21]]
[16:09:29.77] /i gi::setField {parameters} -value {20p} -index {tf,Value} -in [gi::getAssistants dePropertyEditor -from [gi::getWindows 21]]
[16:09:29.77] /i gi::executeAction dePropertyEditorApplyChanges -in [gi::getAssistants dePropertyEditor -from [gi::getWindows 21]]
[16:09:30.96] /# gi::executeAction deSelectActive -in [gi::getWindows 21]
[16:09:30.97] /i de::deselectAll [db::getNext [de::getContexts -window 21]]
[16:09:30.97] /i de::select [de::getActiveFigure [gi::getWindows 21] -point {2.8375 1.9875} -index 0 -intent none]
[16:09:30.97] /o oa:0x26d72fd0
[16:09:36.53] /i gi::setItemSelection {parameters} -index {tr,all} -in [gi::getAssistants dePropertyEditor -from [gi::getWindows 21]]
[16:09:36.53] /i gi::setCurrentIndex {parameters} -index {tr,Value} -in [gi::getAssistants dePropertyEditor -from [gi::getWindows 21]]
[16:09:38.60] /i gi::setField {parameters} -value {20p} -index {tr,Value} -in [gi::getAssistants dePropertyEditor -from [gi::getWindows 21]]
[16:09:38.60] /i gi::executeAction dePropertyEditorApplyChanges -in [gi::getAssistants dePropertyEditor -from [gi::getWindows 21]]
[16:09:39.25] /i gi::setItemSelection {parameters} -index {tf,all} -in [gi::getAssistants dePropertyEditor -from [gi::getWindows 21]]
[16:09:39.25] /i gi::setCurrentIndex {parameters} -index {tf,Value} -in [gi::getAssistants dePropertyEditor -from [gi::getWindows 21]]
[16:09:41.11] /i gi::setCurrentIndex {parameters} -index {pw,Value} -in [gi::getAssistants dePropertyEditor -from [gi::getWindows 21]]
[16:09:42.75] /i gi::setCurrentIndex {parameters} -index {tf,Value} -in [gi::getAssistants dePropertyEditor -from [gi::getWindows 21]]
[16:09:44.54] /i gi::setField {parameters} -value {20p} -index {tf,Value} -in [gi::getAssistants dePropertyEditor -from [gi::getWindows 21]]
[16:09:44.54] /i gi::executeAction dePropertyEditorApplyChanges -in [gi::getAssistants dePropertyEditor -from [gi::getWindows 21]]
[16:09:45.34] /i gi::setItemSelection {parameters} -index {pw,all} -in [gi::getAssistants dePropertyEditor -from [gi::getWindows 21]]
[16:09:45.35] /i gi::setCurrentIndex {parameters} -index {pw,Value} -in [gi::getAssistants dePropertyEditor -from [gi::getWindows 21]]
[16:09:46.61] /i gi::setField {parameters} -value {2n} -index {pw,Value} -in [gi::getAssistants dePropertyEditor -from [gi::getWindows 21]]
[16:09:46.61] /i gi::executeAction dePropertyEditorApplyChanges -in [gi::getAssistants dePropertyEditor -from [gi::getWindows 21]]
[16:09:47.55] /i gi::setItemSelection {parameters} -index {per,all} -in [gi::getAssistants dePropertyEditor -from [gi::getWindows 21]]
[16:09:47.55] /i gi::setCurrentIndex {parameters} -index {per,Value} -in [gi::getAssistants dePropertyEditor -from [gi::getWindows 21]]
[16:09:48.70] /i gi::setField {parameters} -value {4n} -index {per,Value} -in [gi::getAssistants dePropertyEditor -from [gi::getWindows 21]]
[16:09:48.70] /i gi::executeAction dePropertyEditorApplyChanges -in [gi::getAssistants dePropertyEditor -from [gi::getWindows 21]]
[16:09:50.21] /# gi::executeAction seSchCheckAndSave -in [gi::getWindows 21]
[16:09:50.21] /i ise::check
[16:09:50.21] /m Information: 
[16:09:50.22] /o Checking "inverter/FA_1bit_tb/schematic"
[16:09:50.22] /o 	[warning] Floating Nets
[16:09:50.22] /o 		Net 'net8' does not connect to a schematic or instance pin (2 times)
[16:09:50.22] /o 0 Error(s),2 Warning(s),0 Message(s) found   in "inverter/FA_1bit_tb/schematic"
[16:09:50.22] /m Information: Checking process is completed: marking the design violations
[16:09:50.24] /m Information: Marking of designs is completed
[16:09:50.24] /o true
[16:09:50.36] /# gi::executeAction seSchCheckAndSave -in [gi::getWindows 21]
[16:09:50.36] /i ise::check
[16:09:50.37] /m Information: 
[16:09:50.37] /o Checking "inverter/FA_1bit_tb/schematic"
[16:09:50.37] /o 	[warning] Floating Nets
[16:09:50.37] /o 		Net 'net8' does not connect to a schematic or instance pin (2 times)
[16:09:50.37] /o 0 Error(s),2 Warning(s),0 Message(s) found   in "inverter/FA_1bit_tb/schematic"
[16:09:50.37] /m Information: Checking process is completed: marking the design violations
[16:09:50.38] /m Information: Marking of designs is completed
[16:09:50.38] /o true
[16:09:50.80] /m Information: Stopped sharing "Custom WaveView" license. (WAVEFORM-111)
[16:10:22.17] /i gi::executeAction deCanvasDragCancel -in [gi::getWindows 21]
[16:10:23.29] /# gi::executeAction deSelectActive -in [gi::getWindows 21]
[16:10:23.29] /i de::deselectAll [db::getNext [de::getContexts -window 21]]
[16:10:23.29] /i de::deselectAllLogic -context [db::getNext [de::getContexts -window 21]]
[16:10:23.69] /# gi::executeAction deCanvasZoomInAtPoint -in [gi::getWindows 21]
[16:10:23.69] /i de::zoom -window [gi::getWindows 21] -factor 2.0 -center {3.38125 2.6125}
[16:10:23.69] /o {1.7875 1.29375} {4.75 3.1}
[16:10:23.75] /# gi::executeAction deCanvasZoomInAtPoint -in [gi::getWindows 21]
[16:10:23.75] /i de::zoom -window [gi::getWindows 21] -factor 2.0 -center {3.38125 2.6125}
[16:10:23.75] /o {2.5875 1.95} {4.06875 2.85625}
[16:10:23.85] /# gi::executeAction deCanvasZoomInAtPoint -in [gi::getWindows 21]
[16:10:23.85] /i de::zoom -window [gi::getWindows 21] -factor 2.0 -center {3.38125 2.6125}
[16:10:23.85] /o {2.98125 2.28125} {3.725 2.7375}
[16:10:24.71] /# gi::executeAction seDelete -in [gi::getWindows 21]
[16:10:24.71] /i ise::delete
[16:10:25.55] /# gi::executeAction deAddPoint -in [gi::getWindows 21]
[16:10:25.55] /i de::addPoint {3.375 2.4625} -context [db::getNext [de::getContexts -window 21]]
[16:10:26.15] /# gi::executeAction deAbortCommand -in [gi::getWindows 21]
[16:10:26.15] /i de::abortCommand -context [db::getNext [de::getContexts -window 21]]
[16:10:26.46] /# gi::executeAction deCanvasZoomOutAtPoint -in [gi::getWindows 21]
[16:10:26.46] /i de::zoom -window [gi::getWindows 21] -factor 0.5 -center {3.225 2.475}
[16:10:26.46] /o {2.74375 2.0875} {4.225 2.99375}
[16:10:26.48] /# gi::executeAction deCanvasZoomOutAtPoint -in [gi::getWindows 21]
[16:10:26.48] /i de::zoom -window [gi::getWindows 21] -factor 0.5 -center {3.225 2.48125}
[16:10:26.48] /o {2.25625 1.7} {5.21875 3.50625}
[16:10:26.49] /# gi::executeAction deCanvasZoomOutAtPoint -in [gi::getWindows 21]
[16:10:26.49] /i de::zoom -window [gi::getWindows 21] -factor 0.5 -center {3.21875 2.475}
[16:10:26.49] /o {1.3 0.91875} {7.21875 4.54375}
[16:10:26.51] /# gi::executeAction deCanvasZoomOutAtPoint -in [gi::getWindows 21]
[16:10:26.51] /i de::zoom -window [gi::getWindows 21] -factor 0.5 -center {3.21875 2.48125}
[16:10:26.51] /o {-0.625 -0.6375} {11.225 6.6}
[16:10:26.56] /# gi::executeAction deCanvasZoomOutAtPoint -in [gi::getWindows 21]
[16:10:26.56] /i de::zoom -window [gi::getWindows 21] -factor 0.5 -center {3.225 2.475}
[16:10:26.56] /o {-4.475 -3.75} {19.225 10.725}
[16:10:27.74] /# gi::executeAction seSchCheckAndSave -in [gi::getWindows 21]
[16:10:27.74] /i ise::check
[16:10:27.74] /m Information: 
[16:10:27.74] /o Checking "inverter/FA_1bit_tb/schematic"
[16:10:27.74] /o No rule violations found in "inverter/FA_1bit_tb/schematic"
[16:10:27.74] /m Information: Checking process is completed: marking the design violations
[16:10:27.77] /m Information: Marking of designs is completed
[16:10:27.77] /o true
[16:10:27.91] /# gi::executeAction deFitEdit -in [gi::getWindows 21]
[16:10:27.91] /i de::fit -window 21 -fitEdit true
[16:10:27.91] /o {0.2 -0.03125} {6.11875 3.59375}
[16:10:30.92] /# gi::executeAction seSchCheckAndSave -in [gi::getWindows 21]
[16:10:30.92] /i ise::check
[16:10:30.92] /m Information: 
[16:10:30.92] /o Checking "inverter/FA_1bit_tb/schematic"
[16:10:30.93] /o No rule violations found in "inverter/FA_1bit_tb/schematic"
[16:10:30.93] /m Information: Checking process is completed: marking the design violations
[16:10:30.95] /m Information: Marking of designs is completed
[16:10:30.95] /o true
[16:10:31.07] /# gi::executeAction seSchCheckAndSave -in [gi::getWindows 21]
[16:10:31.07] /i ise::check
[16:10:31.07] /m Information: 
[16:10:31.08] /o Checking "inverter/FA_1bit_tb/schematic"
[16:10:31.08] /o No rule violations found in "inverter/FA_1bit_tb/schematic"
[16:10:31.08] /m Information: Checking process is completed: marking the design violations
[16:10:31.09] /m Information: Marking of designs is completed
[16:10:31.09] /o true
[16:10:32.55] /i gi::setActiveWindow 22
[16:10:32.55] /i gi::setActiveWindow 22 -raise true
[16:10:34.68] /i gi::setActiveDialog [gi::getDialogs {saEditAnalysesDialogXsaeSession3} -parent [gi::getWindows 22]]
[16:10:34.92] /i db::setAttr geometry -of [gi::getDialogs {saEditAnalysesDialogXsaeSession3} -parent [gi::getWindows 22]] -value 633x680+762+413
[16:10:46.29] /i gi::setField {/analysesGroups/tabGeneral/anaPane/stop} -value {10n} -in [gi::getDialogs {saEditAnalysesDialogXsaeSession3} -parent [gi::getWindows 22]]
[16:10:53.68] /i gi::setField {/analysesGroups/tabGeneral/anaPane/step} -value {20p} -in [gi::getDialogs {saEditAnalysesDialogXsaeSession3} -parent [gi::getWindows 22]]
[16:10:53.68] /i gi::pressButton {/ok} -in [gi::getDialogs {saEditAnalysesDialogXsaeSession3} -parent [gi::getWindows 22]]
[16:10:55.64] /i gi::executeAction menuPreShow -in [gi::getWindows 22]
[16:10:55.64] /r giMenuAccess db::getNext [gi::getMenus saConsoleSimMenu -from [gi::getWindows 22]]
[16:10:56.10] /# gi::executeAction saNetlistAndRun -in [gi::getWindows 22]
[16:10:56.10] /i isa::netlistAndRun -testbench [sa::findActiveTestbench -window 22] -mode overwrite
[16:10:56.17] /m Information: "Starting incremental netlisting for design "inverter/FA_1bit_tb/schematic"..." (NETLISTING-010)
[16:10:56.19] /o No Design Integrity rule violations found in "inverter/FA_1bit_tb/schematic"
[16:10:56.19] /m Information: 
[16:10:56.19] /o Checking "inverter/full_adder/schematic"
[16:10:56.19] /o No rule violations found in "inverter/full_adder/schematic"
[16:10:56.22] /m Information: "inverter FA_1bit_tb schematic" renetlisted. (NETLISTING-056)
[16:10:56.23] /m Information: "Netlisting design "inverter/FA_1bit_tb/schematic" finished successfully." (NETLISTING-012)
[16:10:56.23] /m Information: "Composing simulator input file for design "inverter/FA_1bit_tb/schematic"..."
[16:10:56.26] /m Information: "Simulator input file composed successfully for design "inverter/FA_1bit_tb/schematic""
[16:10:56.44] /m Information: "Starting HSPICE simulation for design: inverter/FA_1bit_tb/schematic"
[16:10:56.45] /# gi::collapse {jobMonitorTable} -index {0.0.0.0,0} -in [gi::getWindows 30]
[16:10:56.49] /o 1
[16:10:56.91] /m Information: "Simulation completed successfully for design: inverter/FA_1bit_tb/schematic "
[16:10:57.11] /m Information: "Evaluating and plotting outputs..."
[16:10:57.12] /m Information: Started sharing "Custom WaveView" license. (WAVEFORM-110)
[16:10:57.12] /e Error: Evaluating 'v(/net8)': "Could not find net named: net8" (HIERARCHY_COMMANDS-007)
[16:10:57.21] /j ::wf::WaveView::plotSuccess WaveView_5 {} {_765c3d0_void_pp _764ac48_void_pp} 
[16:10:57.26] /j ::wf::WaveView::plotSuccess WaveView_5 {} {_765c3d0_void_pp _764a860_void_pp} 
[16:10:57.31] /j ::wf::WaveView::plotSuccess WaveView_5 {} {_765c3d0_void_pp _764a928_void_pp} 
[16:10:57.32] /j ::wf::WaveView::plotSuccess WaveView_5 {} {_765c3d0_void_pp _764a9f0_void_pp} 
[16:10:57.41] /j ::wf::WaveView::plotSuccess WaveView_5 {} {_765c3d0_void_pp _764aab8_void_pp} 
[16:10:57.60] /m Information: Measurement calculations completed for testbench: default in 0s
[16:11:30.40] /i db::setAttr iconified -of [gi::getFrames 1] -value true
[16:11:54.42] /i db::setAttr maximized -of [gi::getFrames 1] -value true
[16:11:54.42] /i db::setAttr iconified -of [gi::getFrames 1] -value false
[16:11:56.37] /i gi::setActiveWindow 27
[16:11:56.37] /i gi::setActiveWindow 27 -raise true
[16:11:56.98] /i gi::setActiveWindow 21
[16:11:56.98] /i gi::setActiveWindow 21 -raise true
[16:12:00.27] /i db::setAttr iconified -of [gi::getFrames 1] -value true
[16:12:49.44] /i db::setAttr maximized -of [gi::getFrames 1] -value true
[16:12:49.44] /i db::setAttr iconified -of [gi::getFrames 1] -value false
[16:12:52.02] /# gi::executeAction deSelectActive -in [gi::getWindows 21]
[16:12:52.02] /i de::deselectAll [db::getNext [de::getContexts -window 21]]
[16:12:52.02] /i de::select [de::getActiveFigure [gi::getWindows 21] -point {2.3625 2.74375} -index 0 -intent none]
[16:12:52.03] /o oa:0x239db760
[16:12:53.79] /i gi::setItemSelection {attributes} -index {name,all} -in [gi::getAssistants dePropertyEditor -from [gi::getWindows 21]]
[16:12:53.79] /i gi::setCurrentIndex {attributes} -index {name,Value} -in [gi::getAssistants dePropertyEditor -from [gi::getWindows 21]]
[16:12:55.87] /i gi::setField {attributes} -value {A} -index {name,Value} -in [gi::getAssistants dePropertyEditor -from [gi::getWindows 21]]
[16:12:55.87] /i gi::executeAction dePropertyEditorApplyChanges -in [gi::getAssistants dePropertyEditor -from [gi::getWindows 21]]
[16:12:57.21] /# gi::executeAction deSelectActive -in [gi::getWindows 21]
[16:12:57.21] /i de::deselectAll [db::getNext [de::getContexts -window 21]]
[16:12:57.21] /i de::select [de::getActiveFigure [gi::getWindows 21] -point {2.50625 2.50625} -index 0 -intent none]
[16:12:57.21] /o oa:0x268d3020
[16:12:57.95] /i gi::setItemSelection {attributes} -index {name,all} -in [gi::getAssistants dePropertyEditor -from [gi::getWindows 21]]
[16:12:57.95] /i gi::setCurrentIndex {attributes} -index {name,Value} -in [gi::getAssistants dePropertyEditor -from [gi::getWindows 21]]
[16:12:59.71] /i gi::setField {attributes} -value {B} -index {name,Value} -in [gi::getAssistants dePropertyEditor -from [gi::getWindows 21]]
[16:12:59.71] /i gi::executeAction dePropertyEditorApplyChanges -in [gi::getAssistants dePropertyEditor -from [gi::getWindows 21]]
[16:13:01.22] /# gi::executeAction deSelectActive -in [gi::getWindows 21]
[16:13:01.22] /i de::deselectAll [db::getNext [de::getContexts -window 21]]
[16:13:01.22] /i de::select [de::getActiveFigure [gi::getWindows 21] -point {3.11875 2.3875} -index 0 -intent none]
[16:13:01.22] /o oa:0x2669ffd0
[16:13:02.79] /i gi::setItemSelection {attributes} -index {name,all} -in [gi::getAssistants dePropertyEditor -from [gi::getWindows 21]]
[16:13:02.79] /i gi::setCurrentIndex {attributes} -index {name,Value} -in [gi::getAssistants dePropertyEditor -from [gi::getWindows 21]]
[16:13:04.64] /i gi::setField {attributes} -value {Cin} -index {name,Value} -in [gi::getAssistants dePropertyEditor -from [gi::getWindows 21]]
[16:13:04.64] /i gi::executeAction dePropertyEditorApplyChanges -in [gi::getAssistants dePropertyEditor -from [gi::getWindows 21]]
[16:13:05.99] /# gi::executeAction deSelectActive -in [gi::getWindows 21]
[16:13:05.99] /i de::deselectAll [db::getNext [de::getContexts -window 21]]
[16:13:05.99] /i de::select [de::getActiveFigure [gi::getWindows 21] -point {4.7375 2.5125} -index 0 -intent none]
[16:13:05.99] /o oa:0x25b5f6e0
[16:13:09.33] /# gi::executeAction deSelectActive -in [gi::getWindows 21]
[16:13:09.33] /i de::deselectAll [db::getNext [de::getContexts -window 21]]
[16:13:09.33] /i de::select [de::getActiveFigure [gi::getWindows 21] -point {4.6125 2.29375} -index 0 -intent none]
[16:13:09.33] /o oa:0x1ebb3ae0
[16:13:10.85] /i gi::setActiveWindow 22
[16:13:10.85] /i gi::setActiveWindow 22 -raise true
[16:13:17.20] /i gi::executeAction menuPreShow -in [gi::getWindows 22]
[16:13:17.20] /r giMenuAccess db::getNext [gi::getMenus saConsoleOutputsMenu -from [gi::getWindows 22]]
[16:13:18.17] /# gi::executeAction saSelectInDesign -in [gi::getWindows 22]
[16:13:18.17] /i sa::selectOutputs -window 22
[16:13:19.70] /# gi::executeAction deAddPoint -in [gi::getWindows 21]
[16:13:19.70] /i de::addPoint {2.64375 2.75} -context [db::getNext [de::getContexts -window 21]]
[16:13:20.74] /# gi::executeAction deAddPoint -in [gi::getWindows 21]
[16:13:20.74] /i de::addPoint {2.4625 2.5} -context [db::getNext [de::getContexts -window 21]]
[16:13:21.46] /# gi::executeAction deAddPoint -in [gi::getWindows 21]
[16:13:21.46] /i de::addPoint {2.925 2.375} -context [db::getNext [de::getContexts -window 21]]
[16:13:22.54] /# gi::executeAction deAddPoint -in [gi::getWindows 21]
[16:13:22.54] /i de::addPoint {4.78125 2.5} -context [db::getNext [de::getContexts -window 21]]
[16:13:22.86] /# gi::executeAction deAddPoint -in [gi::getWindows 21]
[16:13:22.86] /i de::addPoint {4.78125 2.5} -context [db::getNext [de::getContexts -window 21]]
[16:13:24.03] /# gi::executeAction deAddPoint -in [gi::getWindows 21]
[16:13:24.03] /i de::addPoint {4.73125 2.3} -context [db::getNext [de::getContexts -window 21]]
[16:13:24.43] /# gi::executeAction deAddPoint -in [gi::getWindows 21]
[16:13:24.43] /i de::addPoint {4.73125 2.3} -context [db::getNext [de::getContexts -window 21]]
[16:13:25.63] /i gi::setActiveWindow 22
[16:13:25.63] /i gi::setActiveWindow 22 -raise true
[16:13:26.74] /i gi::executeAction menuPreShow -in [gi::getWindows 22]
[16:13:26.74] /r giMenuAccess db::getNext [gi::getMenus saResultsMenu -from [gi::getWindows 22]]
[16:13:26.91] /i gi::executeAction menuPreShow -in [gi::getWindows 22]
[16:13:26.91] /r giMenuAccess db::getNext [gi::getMenus saConsoleSimMenu -from [gi::getWindows 22]]
[16:13:29.32] /i gi::setCurrentIndex {outputsTable} -index {0,1} -in [gi::getWindows 22]
[16:13:29.32] /i gi::setItemSelection {outputsTable} -index {0,1} -in [gi::getWindows 22]
[16:13:29.32] /i gi::setItemSelection {outputsTable} -index {0,1} -in [gi::getWindows 22]
[16:13:29.32] /i gi::setItemSelection {analysisPane} -index {} -in [gi::getWindows 22]
[16:13:30.62] /i gi::setField {outputsTable} -index {0,1} -value {} -in [gi::getWindows 22]
[16:13:30.62] /i gi::setCurrentIndex {outputsTable} -index {1,1} -in [gi::getWindows 22]
[16:13:30.62] /i gi::setItemSelection {outputsTable} -index {1,1} -in [gi::getWindows 22]
[16:13:30.62] /i gi::setItemSelection {outputsTable} -index {1,1} -in [gi::getWindows 22]
[16:13:31.14] /# gi::executeAction saDelete -in [gi::getWindows 22]
[16:13:31.14] /i sa::deleteSelected -window 22
[16:13:31.14] /# gi::setCurrentIndex {outputsTable} -index {0,0} -in [gi::getWindows 22]
[16:13:31.15] /# gi::setItemSelection {outputsTable} -index {0,0-20} -in [gi::getWindows 22]
[16:13:31.15] /# gi::setItemSelection {outputsTable} -index {0,0-20} -in [gi::getWindows 22]
[16:13:31.52] /i gi::setCurrentIndex {outputsTable} -index {0,1} -in [gi::getWindows 22]
[16:13:31.59] /i gi::setItemSelection {outputsTable} -index {0,1} -in [gi::getWindows 22]
[16:13:31.59] /i gi::setItemSelection {outputsTable} -index {0,1} -in [gi::getWindows 22]
[16:13:32.85] /i gi::setField {outputsTable} -index {0,1} -value {} -in [gi::getWindows 22]
[16:13:32.85] /i gi::setCurrentIndex {outputsTable} -index {1,1} -in [gi::getWindows 22]
[16:13:32.85] /i gi::setItemSelection {outputsTable} -index {1,1} -in [gi::getWindows 22]
[16:13:32.86] /i gi::setItemSelection {outputsTable} -index {1,1} -in [gi::getWindows 22]
[16:13:33.20] /# gi::executeAction saDelete -in [gi::getWindows 22]
[16:13:33.20] /i sa::deleteSelected -window 22
[16:13:33.20] /# gi::setCurrentIndex {outputsTable} -index {0,0} -in [gi::getWindows 22]
[16:13:33.20] /# gi::setItemSelection {outputsTable} -index {0,0-20} -in [gi::getWindows 22]
[16:13:33.21] /# gi::setItemSelection {outputsTable} -index {0,0-20} -in [gi::getWindows 22]
[16:13:33.72] /i gi::setItemSelection {outputsTable} -index {} -in [gi::getWindows 22]
[16:13:33.72] /i gi::setItemSelection {outputsTable} -index {} -in [gi::getWindows 22]
[16:13:34.59] /i gi::executeAction menuPreShow -in [gi::getWindows 22]
[16:13:34.59] /r giMenuAccess db::getNext [gi::getMenus saConsoleSimMenu -from [gi::getWindows 22]]
[16:13:35.05] /# gi::executeAction saNetlistAndRun -in [gi::getWindows 22]
[16:13:35.05] /i isa::netlistAndRun -testbench [sa::findActiveTestbench -window 22] -mode overwrite
[16:13:35.12] /r giDialog gi::setActiveDialog [gi::getDialogs {xtShowDesignsPrompt}]
[16:13:35.13] /r giDialog gi::setCurrentIndex {target} -index {0,0} -in [gi::getDialogs {xtShowDesignsPrompt}]
[16:13:35.40] /r giDialog db::setAttr geometry -of [gi::getDialogs {xtShowDesignsPrompt}] -value 649x290+626+410
[16:13:36.19] /r giDialog gi::pressButton {ok} -in [gi::getDialogs {xtShowDesignsPrompt}]
[16:13:36.21] /m Information: 
[16:13:36.21] /o Checking "inverter/FA_1bit_tb/schematic"
[16:13:36.21] /o No rule violations found in "inverter/FA_1bit_tb/schematic"
[16:13:36.21] /o No Design Integrity rule violations found in "inverter/FA_1bit_tb/schematic"
[16:13:36.21] /m Information: Checking process is completed: marking the design violations
[16:13:36.22] /m Information: Marking of designs is completed
[16:13:36.31] /m Information: "Starting incremental netlisting for design "inverter/FA_1bit_tb/schematic"..." (NETLISTING-010)
[16:13:36.32] /o No Design Integrity rule violations found in "inverter/FA_1bit_tb/schematic"
[16:13:36.32] /m Information: 
[16:13:36.32] /o Checking "inverter/full_adder/schematic"
[16:13:36.32] /o No rule violations found in "inverter/full_adder/schematic"
[16:13:36.35] /m Information: "inverter FA_1bit_tb schematic" renetlisted. (NETLISTING-056)
[16:13:36.36] /m Information: "Netlisting design "inverter/FA_1bit_tb/schematic" finished successfully." (NETLISTING-012)
[16:13:36.37] /m Information: "Composing simulator input file for design "inverter/FA_1bit_tb/schematic"..."
[16:13:36.39] /m Information: "Simulator input file composed successfully for design "inverter/FA_1bit_tb/schematic""
[16:13:36.57] /m Information: "Starting HSPICE simulation for design: inverter/FA_1bit_tb/schematic"
[16:13:36.57] /# gi::collapse {jobMonitorTable} -index {0.0.0.0,0} -in [gi::getWindows 30]
[16:13:36.60] /o 1
[16:13:37.02] /m Information: "Simulation completed successfully for design: inverter/FA_1bit_tb/schematic "
[16:13:37.24] /m Information: "Evaluating and plotting outputs..."
[16:13:37.38] /j ::wf::WaveView::plotSuccess WaveView_5 {} {_7c982b0_void_pp _764a928_void_pp} 
[16:13:37.44] /j ::wf::WaveView::plotSuccess WaveView_5 {} {_7c982b0_void_pp _764a860_void_pp} 
[16:13:37.47] /j ::wf::WaveView::plotSuccess WaveView_5 {} {_7c982b0_void_pp _764ac48_void_pp} 
[16:13:37.62] /j ::wf::WaveView::plotSuccess WaveView_5 {} {_7c982b0_void_pp _764ab80_void_pp} 
[16:13:37.64] /m Information: Measurement calculations completed for testbench: default in 0s
[16:13:37.84] /j ::wf::WaveView::plotSuccess WaveView_5 {} {_7c982b0_void_pp _764aab8_void_pp} 
[16:14:52.03] /i gi::setActiveWindow 22
[16:14:52.03] /i gi::setActiveWindow 22 -raise true
[16:14:52.67] /i gi::setActiveWindow 21
[16:14:52.68] /i gi::setActiveWindow 21 -raise true
[16:14:54.14] /# gi::executeAction deSelectActive -in [gi::getWindows 21]
[16:14:54.14] /i de::deselectAll [db::getNext [de::getContexts -window 21]]
[16:14:54.14] /i de::select [de::getActiveFigure [gi::getWindows 21] -point {1.7375 2.125} -index 0 -intent none]
[16:14:54.14] /o oa:0x25ba8600
[16:14:55.31] /i gi::setItemSelection {parameters} -index {pw,all} -in [gi::getAssistants dePropertyEditor -from [gi::getWindows 21]]
[16:14:55.31] /i gi::setCurrentIndex {parameters} -index {pw,Value} -in [gi::getAssistants dePropertyEditor -from [gi::getWindows 21]]
[16:14:57.70] /i gi::setField {parameters} -value {1n} -index {pw,Value} -in [gi::getAssistants dePropertyEditor -from [gi::getWindows 21]]
[16:14:57.70] /i gi::executeAction dePropertyEditorApplyChanges -in [gi::getAssistants dePropertyEditor -from [gi::getWindows 21]]
[16:14:58.75] /i gi::setItemSelection {parameters} -index {per,all} -in [gi::getAssistants dePropertyEditor -from [gi::getWindows 21]]
[16:14:58.75] /i gi::setCurrentIndex {parameters} -index {per,Value} -in [gi::getAssistants dePropertyEditor -from [gi::getWindows 21]]
[16:15:00.01] /i gi::setField {parameters} -value {2n} -index {per,Value} -in [gi::getAssistants dePropertyEditor -from [gi::getWindows 21]]
[16:15:00.01] /i gi::executeAction dePropertyEditorApplyChanges -in [gi::getAssistants dePropertyEditor -from [gi::getWindows 21]]
[16:15:01.42] /# gi::executeAction deSelectActive -in [gi::getWindows 21]
[16:15:01.42] /i de::deselectAll [db::getNext [de::getContexts -window 21]]
[16:15:01.42] /i de::select [de::getActiveFigure [gi::getWindows 21] -point {2.08125 1.94375} -index 0 -intent none]
[16:15:01.42] /o oa:0x1bd39530
[16:15:03.84] /i gi::setItemSelection {parameters} -index {pw,all} -in [gi::getAssistants dePropertyEditor -from [gi::getWindows 21]]
[16:15:03.84] /i gi::setCurrentIndex {parameters} -index {pw,Value} -in [gi::getAssistants dePropertyEditor -from [gi::getWindows 21]]
[16:15:05.29] /i gi::setField {parameters} -value {2n} -index {pw,Value} -in [gi::getAssistants dePropertyEditor -from [gi::getWindows 21]]
[16:15:05.29] /i gi::executeAction dePropertyEditorApplyChanges -in [gi::getAssistants dePropertyEditor -from [gi::getWindows 21]]
[16:15:06.26] /i gi::setItemSelection {parameters} -index {per,all} -in [gi::getAssistants dePropertyEditor -from [gi::getWindows 21]]
[16:15:06.27] /i gi::setCurrentIndex {parameters} -index {per,Value} -in [gi::getAssistants dePropertyEditor -from [gi::getWindows 21]]
[16:15:07.39] /i gi::setField {parameters} -value {4n} -index {per,Value} -in [gi::getAssistants dePropertyEditor -from [gi::getWindows 21]]
[16:15:07.39] /i gi::executeAction dePropertyEditorApplyChanges -in [gi::getAssistants dePropertyEditor -from [gi::getWindows 21]]
[16:15:08.42] /# gi::executeAction deSelectActive -in [gi::getWindows 21]
[16:15:08.42] /i de::deselectAll [db::getNext [de::getContexts -window 21]]
[16:15:08.42] /i de::select [de::getActiveFigure [gi::getWindows 21] -point {2.98125 2.04375} -index 0 -intent none]
[16:15:08.43] /o oa:0x1ec1c600
[16:15:08.81] /# gi::executeAction deSelectActive -in [gi::getWindows 21]
[16:15:08.81] /i de::deselectAll [db::getNext [de::getContexts -window 21]]
[16:15:08.82] /i de::select [de::getActiveFigure [gi::getWindows 21] -point {2.9375 2.06875} -index 0 -intent none]
[16:15:08.82] /o oa:0x26851d00
[16:15:09.71] /i gi::setItemSelection {parameters} -index {tf,all} -in [gi::getAssistants dePropertyEditor -from [gi::getWindows 21]]
[16:15:09.71] /i gi::setCurrentIndex {parameters} -index {tf,Value} -in [gi::getAssistants dePropertyEditor -from [gi::getWindows 21]]
[16:15:10.34] /i gi::setItemSelection {parameters} -index {pw,all} -in [gi::getAssistants dePropertyEditor -from [gi::getWindows 21]]
[16:15:10.34] /i gi::setCurrentIndex {parameters} -index {pw,Value} -in [gi::getAssistants dePropertyEditor -from [gi::getWindows 21]]
[16:15:12.05] /i gi::setField {parameters} -value {4n} -index {pw,Value} -in [gi::getAssistants dePropertyEditor -from [gi::getWindows 21]]
[16:15:12.05] /i gi::executeAction dePropertyEditorApplyChanges -in [gi::getAssistants dePropertyEditor -from [gi::getWindows 21]]
[16:15:12.90] /i gi::setItemSelection {parameters} -index {per,all} -in [gi::getAssistants dePropertyEditor -from [gi::getWindows 21]]
[16:15:12.90] /i gi::setCurrentIndex {parameters} -index {per,Value} -in [gi::getAssistants dePropertyEditor -from [gi::getWindows 21]]
[16:15:14.33] /i gi::setField {parameters} -value {8n} -index {per,Value} -in [gi::getAssistants dePropertyEditor -from [gi::getWindows 21]]
[16:15:14.33] /i gi::executeAction dePropertyEditorApplyChanges -in [gi::getAssistants dePropertyEditor -from [gi::getWindows 21]]
[16:15:17.32] /# gi::executeAction deSelectActive -in [gi::getWindows 21]
[16:15:17.32] /i de::deselectAll [db::getNext [de::getContexts -window 21]]
[16:15:17.32] /i de::select [de::getActiveFigure [gi::getWindows 21] -point {4.725 2.28125} -index 0 -intent none]
[16:15:17.32] /o oa:0x26b2f380
[16:15:17.88] /# gi::executeAction deSelectActive -in [gi::getWindows 21]
[16:15:17.88] /i de::deselectAll [db::getNext [de::getContexts -window 21]]
[16:15:17.88] /i de::deselectAllLogic -context [db::getNext [de::getContexts -window 21]]
[16:15:18.26] /# gi::executeAction deSelectActive -in [gi::getWindows 21]
[16:15:18.26] /i de::deselectAll [db::getNext [de::getContexts -window 21]]
[16:15:18.26] /i de::select [de::getActiveFigure [gi::getWindows 21] -point {4.94375 2.21875} -index 0 -intent none]
[16:15:18.26] /o oa:0x272955c0
[16:15:19.04] /# gi::executeAction seDelete -in [gi::getWindows 21]
[16:15:19.04] /i ise::delete
[16:15:20.59] /# gi::executeAction deSelectActive -in [gi::getWindows 21]
[16:15:20.59] /i de::deselectAllLogic -context [db::getNext [de::getContexts -window 21]]
[16:15:21.82] /# gi::executeAction seSchCheckAndSave -in [gi::getWindows 21]
[16:15:21.82] /i ise::check
[16:15:21.82] /m Information: 
[16:15:21.82] /o Checking "inverter/FA_1bit_tb/schematic"
[16:15:21.83] /o 	[warning] Floating Input Pins
[16:15:21.83] /o 		Input pin 'Cout' is floating
[16:15:21.83] /o 	[warning] Floating Output Instance Pins
[16:15:21.83] /o 		Output pin 'Cout' of instance 'I12' is floating
[16:15:21.83] /o 	[warning] Floating I/O Instance Pins
[16:15:21.83] /o 		I/O pin 'PLUS' of instance 'C6' is floating
[16:15:21.83] /o 0 Error(s),3 Warning(s),0 Message(s) found   in "inverter/FA_1bit_tb/schematic"
[16:15:21.83] /m Information: Checking process is completed: marking the design violations
[16:15:21.85] /m Information: Marking of designs is completed
[16:15:21.85] /o true
[16:15:21.97] /# gi::executeAction seSchCheckAndSave -in [gi::getWindows 21]
[16:15:21.97] /i ise::check
[16:15:21.97] /m Information: 
[16:15:21.98] /o Checking "inverter/FA_1bit_tb/schematic"
[16:15:21.98] /o 	[warning] Floating Input Pins
[16:15:21.98] /o 		Input pin 'Cout' is floating
[16:15:21.98] /o 	[warning] Floating Output Instance Pins
[16:15:21.98] /o 		Output pin 'Cout' of instance 'I12' is floating
[16:15:21.98] /o 	[warning] Floating I/O Instance Pins
[16:15:21.98] /o 		I/O pin 'PLUS' of instance 'C6' is floating
[16:15:21.98] /o 0 Error(s),3 Warning(s),0 Message(s) found   in "inverter/FA_1bit_tb/schematic"
[16:15:21.98] /m Information: Checking process is completed: marking the design violations
[16:15:21.99] /m Information: Marking of designs is completed
[16:15:21.99] /o true
[16:15:22.67] /i gi::setActiveWindow 22
[16:15:22.67] /i gi::setActiveWindow 22 -raise true
[16:15:23.70] /i gi::executeAction menuPreShow -in [gi::getWindows 22]
[16:15:23.70] /r giMenuAccess db::getNext [gi::getMenus saConsoleSimMenu -from [gi::getWindows 22]]
[16:15:24.26] /# gi::executeAction saNetlistAndRun -in [gi::getWindows 22]
[16:15:24.26] /i isa::netlistAndRun -testbench [sa::findActiveTestbench -window 22] -mode overwrite
[16:15:24.31] /m Information: "Starting incremental netlisting for design "inverter/FA_1bit_tb/schematic"..." (NETLISTING-010)
[16:15:24.32] /o No Design Integrity rule violations found in "inverter/FA_1bit_tb/schematic"
[16:15:24.32] /m Information: 
[16:15:24.32] /o Checking "inverter/full_adder/schematic"
[16:15:24.32] /o No rule violations found in "inverter/full_adder/schematic"
[16:15:24.35] /m Information: "inverter FA_1bit_tb schematic" renetlisted. (NETLISTING-056)
[16:15:24.36] /m Information: "Netlisting design "inverter/FA_1bit_tb/schematic" finished successfully." (NETLISTING-012)
[16:15:24.37] /m Information: "Composing simulator input file for design "inverter/FA_1bit_tb/schematic"..."
[16:15:24.40] /m Information: "Simulator input file composed successfully for design "inverter/FA_1bit_tb/schematic""
[16:15:24.56] /m Information: "Starting HSPICE simulation for design: inverter/FA_1bit_tb/schematic"
[16:15:24.56] /# gi::collapse {jobMonitorTable} -index {0.0.0.0,0} -in [gi::getWindows 30]
[16:15:24.59] /o 1
[16:15:25.01] /m Information: "Simulation completed successfully for design: inverter/FA_1bit_tb/schematic "
[16:15:25.21] /m Information: "Evaluating and plotting outputs..."
[16:15:25.57] /j ::wf::WaveView::plotSuccess WaveView_5 {} {_769d580_void_pp _764a9f0_void_pp} 
[16:15:25.60] /m Information: Measurement calculations completed for testbench: default in 0s
[16:15:25.83] /j ::wf::WaveView::plotSuccess WaveView_5 {} {_769d580_void_pp _764a928_void_pp} 
[16:15:26.05] /j ::wf::WaveView::plotSuccess WaveView_5 {} {_769d580_void_pp _764a860_void_pp} 
[16:15:26.22] /j ::wf::WaveView::plotSuccess WaveView_5 {} {_769d580_void_pp _764ac48_void_pp} 
[16:15:26.45] /j ::wf::WaveView::plotSuccess WaveView_5 {} {_769d580_void_pp _764ab80_void_pp} 
[16:16:16.03] /i gi::setActiveWindow 22
[16:16:16.03] /i gi::setActiveWindow 22 -raise true
[16:16:17.23] /i gi::setItemSelection {analysisPane} -index {0,3} -in [gi::getWindows 22]
[16:16:17.54] /i gi::setActiveDialog [gi::getDialogs {saEditAnalysesDialogXsaeSession3} -parent [gi::getWindows 22]]
[16:16:17.80] /i db::setAttr geometry -of [gi::getDialogs {saEditAnalysesDialogXsaeSession3} -parent [gi::getWindows 22]] -value 633x680+762+413
[16:16:20.64] /i gi::setField {/analysesGroups/tabGeneral/anaPane/stop} -value {20n} -in [gi::getDialogs {saEditAnalysesDialogXsaeSession3} -parent [gi::getWindows 22]]
[16:16:21.08] /i gi::pressButton {/apply} -in [gi::getDialogs {saEditAnalysesDialogXsaeSession3} -parent [gi::getWindows 22]]
[16:16:21.10] /o tran
[16:16:21.67] /i gi::pressButton {/ok} -in [gi::getDialogs {saEditAnalysesDialogXsaeSession3} -parent [gi::getWindows 22]]
[16:16:22.60] /i gi::executeAction menuPreShow -in [gi::getWindows 22]
[16:16:22.60] /r giMenuAccess db::getNext [gi::getMenus saConsoleSimMenu -from [gi::getWindows 22]]
[16:16:23.38] /# gi::executeAction saNetlistAndRun -in [gi::getWindows 22]
[16:16:23.38] /i isa::netlistAndRun -testbench [sa::findActiveTestbench -window 22] -mode overwrite
[16:16:23.45] /m Information: "Starting incremental netlisting for design "inverter/FA_1bit_tb/schematic"..." (NETLISTING-010)
[16:16:23.47] /o No Design Integrity rule violations found in "inverter/FA_1bit_tb/schematic"
[16:16:23.47] /m Information: 
[16:16:23.47] /o Checking "inverter/full_adder/schematic"
[16:16:23.47] /o No rule violations found in "inverter/full_adder/schematic"
[16:16:23.49] /m Information: "Netlisting design "inverter/FA_1bit_tb/schematic" finished successfully." (NETLISTING-012)
[16:16:23.50] /m Information: "Composing simulator input file for design "inverter/FA_1bit_tb/schematic"..."
[16:16:23.53] /m Information: "Simulator input file composed successfully for design "inverter/FA_1bit_tb/schematic""
[16:16:23.76] /m Information: "Starting HSPICE simulation for design: inverter/FA_1bit_tb/schematic"
[16:16:23.77] /# gi::collapse {jobMonitorTable} -index {0.0.0.0,0} -in [gi::getWindows 30]
[16:16:23.79] /o 1
[16:16:24.21] /m Information: "Simulation completed successfully for design: inverter/FA_1bit_tb/schematic "
[16:16:24.41] /m Information: "Evaluating and plotting outputs..."
[16:16:24.72] /j ::wf::WaveView::plotSuccess WaveView_5 {} {_7b7be70_void_pp _764aab8_void_pp} 
[16:16:24.80] /m Information: Measurement calculations completed for testbench: default in 0s
[16:16:24.92] /j ::wf::WaveView::plotSuccess WaveView_5 {} {_7b7be70_void_pp _764a9f0_void_pp} 
[16:16:25.14] /j ::wf::WaveView::plotSuccess WaveView_5 {} {_7b7be70_void_pp _764a928_void_pp} 
[16:16:25.30] /j ::wf::WaveView::plotSuccess WaveView_5 {} {_7b7be70_void_pp _764a860_void_pp} 
[16:16:25.50] /j ::wf::WaveView::plotSuccess WaveView_5 {} {_7b7be70_void_pp _764ac48_void_pp} 
[16:16:32.49] /i gi::setActiveWindow 22
[16:16:32.50] /i gi::setActiveWindow 22 -raise true
[16:16:35.87] /i gi::setActiveWindow 21
[16:16:35.87] /i gi::setActiveWindow 21 -raise true
[16:16:37.15] /# gi::executeAction deSelectActive -in [gi::getWindows 21]
[16:16:37.15] /i de::deselectAll [db::getNext [de::getContexts -window 21]]
[16:16:37.15] /i de::select [de::getActiveFigure [gi::getWindows 21] -point {2.8 2.00625} -index 0 -intent none]
[16:16:37.15] /o oa:0x1eaa5500
[16:16:39.54] /i gi::setItemSelection {parameters} -index {pw,all} -in [gi::getAssistants dePropertyEditor -from [gi::getWindows 21]]
[16:16:39.54] /i gi::setCurrentIndex {parameters} -index {pw,Value} -in [gi::getAssistants dePropertyEditor -from [gi::getWindows 21]]
[16:17:05.16] /i gi::setActiveWindow 22
[16:17:05.16] /i gi::setActiveWindow 22 -raise true
[16:17:06.68] /i gi::setItemSelection {analysisPane} -index {} -in [gi::getWindows 22]
[16:17:07.43] /i gi::setActiveWindow 21
[16:17:07.43] /i gi::setActiveWindow 21 -raise true
[16:17:09.11] /# gi::executeAction seSchCreateWire -in [gi::getWindows 21]
[16:17:09.11] /i ise::createWire
[16:17:11.16] /# gi::executeAction deAddPoint -in [gi::getWindows 21]
[16:17:11.16] /i de::addPoint {4.95 2.11875} -context [db::getNext [de::getContexts -window 21]]
[16:17:11.20] /i de::setCursor -point {4.9375 2.1875 }
[16:17:11.91] /# gi::executeAction deAddPoint -in [gi::getWindows 21]
[16:17:11.91] /i de::addPoint {4.95 2.30625} -context [db::getNext [de::getContexts -window 21]]
[16:17:12.67] /# gi::executeAction deAddPoint -in [gi::getWindows 21]
[16:17:12.67] /i de::addPoint {6.0625 1.58125} -context [db::getNext [de::getContexts -window 21]]
[16:17:12.67] /# gi::executeAction deAbortCommand -in [gi::getWindows 21]
[16:17:12.67] /i de::abortCommand -context [db::getNext [de::getContexts -window 21]]
[16:17:17.34] /# gi::executeAction seButton1DragStart -in [gi::getWindows 21]
[16:17:17.34] /i ise::stretch -object [de::getActiveFigure [gi::getWindows 21] -point {3.85 2.375} -index 0 -intent none] -point {3.875 2.375}
[16:17:18.28] /# gi::executeAction deEndDrag -in [gi::getWindows 21]
[16:17:18.28] /i de::endDrag {3.81875 2.5875} -context [db::getNext [de::getContexts -window 21]]
[16:17:18.84] /# gi::executeAction deSelectActive -in [gi::getWindows 21]
[16:17:18.84] /i de::deselectAll [db::getNext [de::getContexts -window 21]]
[16:17:18.85] /i de::deselectAllLogic -context [db::getNext [de::getContexts -window 21]]
[16:17:19.68] /# gi::executeAction seButton1DragStart -in [gi::getWindows 21]
[16:17:19.69] /i ise::stretch -object [de::getActiveFigure [gi::getWindows 21] -point {5.525 2.5} -index 0 -intent none] -point {5.5 2.5}
[16:17:20.41] /# gi::executeAction deEndDrag -in [gi::getWindows 21]
[16:17:20.41] /i de::endDrag {5.5375 2.6875} -context [db::getNext [de::getContexts -window 21]]
[16:17:21.06] /# gi::executeAction seButton1DragStart -in [gi::getWindows 21]
[16:17:21.07] /i ise::stretch -object [de::getActiveFigure [gi::getWindows 21] -point {5.50625 2.35} -index 0 -intent none] -point {5.5 2.375}
[16:17:22.43] /# gi::executeAction deEndDrag -in [gi::getWindows 21]
[16:17:22.43] /i de::endDrag {5.55625 2.54375} -context [db::getNext [de::getContexts -window 21]]
[16:17:22.79] /# gi::executeAction deSelectActive -in [gi::getWindows 21]
[16:17:22.79] /i de::deselectAllLogic -context [db::getNext [de::getContexts -window 21]]
[16:17:29.81] /# gi::executeAction deSelectActive -in [gi::getWindows 21]
[16:17:29.82] /i de::deselectAll [db::getNext [de::getContexts -window 21]]
[16:17:29.82] /i de::select [de::getActiveFigure [gi::getWindows 21] -point {1.66875 2.06875} -index 0 -intent none]
[16:17:29.82] /o oa:0x266e6630
[16:17:31.13] /i gi::setActiveWindow 22
[16:17:31.13] /i gi::setActiveWindow 22 -raise true
[16:17:31.98] /i gi::setItemSelection {analysisPane} -index {0,3} -in [gi::getWindows 22]
[16:17:32.25] /i gi::setActiveDialog [gi::getDialogs {saEditAnalysesDialogXsaeSession3} -parent [gi::getWindows 22]]
[16:17:32.50] /i db::setAttr geometry -of [gi::getDialogs {saEditAnalysesDialogXsaeSession3} -parent [gi::getWindows 22]] -value 633x680+762+413
[16:17:59.81] /i gi::setField {/analysesGroups/tabGeneral/anaPane/stop} -value {30n} -in [gi::getDialogs {saEditAnalysesDialogXsaeSession3} -parent [gi::getWindows 22]]
[16:18:00.21] /i gi::pressButton {/apply} -in [gi::getDialogs {saEditAnalysesDialogXsaeSession3} -parent [gi::getWindows 22]]
[16:18:00.23] /o tran
[16:18:00.56] /i gi::pressButton {/ok} -in [gi::getDialogs {saEditAnalysesDialogXsaeSession3} -parent [gi::getWindows 22]]
[16:18:01.43] /i gi::executeAction menuPreShow -in [gi::getWindows 22]
[16:18:01.43] /r giMenuAccess db::getNext [gi::getMenus saConsoleSimMenu -from [gi::getWindows 22]]
[16:18:01.96] /# gi::executeAction saNetlistAndRun -in [gi::getWindows 22]
[16:18:01.96] /i isa::netlistAndRun -testbench [sa::findActiveTestbench -window 22] -mode overwrite
[16:18:02.03] /r giDialog gi::setActiveDialog [gi::getDialogs {xtShowDesignsPrompt}]
[16:18:02.03] /r giDialog gi::setCurrentIndex {target} -index {0,0} -in [gi::getDialogs {xtShowDesignsPrompt}]
[16:18:02.29] /r giDialog db::setAttr geometry -of [gi::getDialogs {xtShowDesignsPrompt}] -value 649x290+626+410
[16:18:03.60] /r giDialog gi::pressButton {ok} -in [gi::getDialogs {xtShowDesignsPrompt}]
[16:18:03.64] /m Information: 
[16:18:03.64] /o Checking "inverter/FA_1bit_tb/schematic"
[16:18:03.64] /o No rule violations found in "inverter/FA_1bit_tb/schematic"
[16:18:03.64] /o No Design Integrity rule violations found in "inverter/FA_1bit_tb/schematic"
[16:18:03.64] /m Information: Checking process is completed: marking the design violations
[16:18:03.64] /m Information: Marking of designs is completed
[16:18:03.73] /m Information: "Starting incremental netlisting for design "inverter/FA_1bit_tb/schematic"..." (NETLISTING-010)
[16:18:03.75] /o No Design Integrity rule violations found in "inverter/FA_1bit_tb/schematic"
[16:18:03.75] /m Information: 
[16:18:03.75] /o Checking "inverter/full_adder/schematic"
[16:18:03.75] /o No rule violations found in "inverter/full_adder/schematic"
[16:18:03.78] /m Information: "inverter FA_1bit_tb schematic" renetlisted. (NETLISTING-056)
[16:18:03.78] /m Information: "Netlisting design "inverter/FA_1bit_tb/schematic" finished successfully." (NETLISTING-012)
[16:18:03.79] /m Information: "Composing simulator input file for design "inverter/FA_1bit_tb/schematic"..."
[16:18:03.82] /m Information: "Simulator input file composed successfully for design "inverter/FA_1bit_tb/schematic""
[16:18:03.97] /m Information: "Starting HSPICE simulation for design: inverter/FA_1bit_tb/schematic"
[16:18:03.97] /# gi::collapse {jobMonitorTable} -index {0.0.0.0,0} -in [gi::getWindows 30]
[16:18:03.99] /o 1
[16:18:04.41] /m Information: "Simulation completed successfully for design: inverter/FA_1bit_tb/schematic "
[16:18:04.60] /m Information: "Evaluating and plotting outputs..."
[16:18:04.84] /j ::wf::WaveView::plotSuccess WaveView_5 {} {_769c8a0_void_pp _764ab80_void_pp} 
[16:18:04.99] /j ::wf::WaveView::plotSuccess WaveView_5 {} {_769c8a0_void_pp _764aab8_void_pp} 
[16:18:05.02] /m Information: Measurement calculations completed for testbench: default in 0s
[16:18:05.21] /j ::wf::WaveView::plotSuccess WaveView_5 {} {_769c8a0_void_pp _764a9f0_void_pp} 
[16:18:05.40] /j ::wf::WaveView::plotSuccess WaveView_5 {} {_769c8a0_void_pp _764a928_void_pp} 
[16:18:05.59] /j ::wf::WaveView::plotSuccess WaveView_5 {} {_769c8a0_void_pp _764a860_void_pp} 
[16:18:16.98] /i gi::setActiveWindow 22
[16:18:16.98] /i gi::setActiveWindow 22 -raise true
[16:18:17.56] /i gi::setActiveWindow 21
[16:18:17.56] /i gi::setActiveWindow 21 -raise true
[16:18:18.53] /# gi::executeAction deSelectActive -in [gi::getWindows 21]
[16:18:18.53] /i de::deselectAll [db::getNext [de::getContexts -window 21]]
[16:18:18.53] /i de::deselectAllLogic -context [db::getNext [de::getContexts -window 21]]
[16:18:19.98] /# gi::executeAction seButton1DragStart -in [gi::getWindows 21]
[16:18:19.98] /i ise::stretch -object [de::getActiveFigure [gi::getWindows 21] -point {2.89375 2.1} -index 0 -intent none] -point {2.875 2.125}
[16:18:21.70] /# gi::executeAction deEndDrag -in [gi::getWindows 21]
[16:18:21.70] /i de::endDrag {2.86875 2.125} -context [db::getNext [de::getContexts -window 21]]
[16:18:22.52] /# gi::executeAction seButton1DragStart -in [gi::getWindows 21]
[16:18:22.52] /i ise::stretch -object [de::getActiveFigure [gi::getWindows 21] -point {2.1 1.99375} -index 0 -intent none] -point {2.125 2}
[16:18:24.67] /# gi::executeAction deEndDrag -in [gi::getWindows 21]
[16:18:24.67] /i de::endDrag {2.13125 2.1375} -context [db::getNext [de::getContexts -window 21]]
[16:18:25.52] /# gi::executeAction seButton1DragStart -in [gi::getWindows 21]
[16:18:25.52] /i ise::stretch -object [de::getActiveFigure [gi::getWindows 21] -point {2.86875 2.1} -index 0 -intent none] -point {2.875 2.125}
[16:18:26.95] /# gi::executeAction deEndDrag -in [gi::getWindows 21]
[16:18:26.95] /i de::endDrag {2.48125 2.20625} -context [db::getNext [de::getContexts -window 21]]
[16:18:27.67] /# gi::executeAction deSelectActive -in [gi::getWindows 21]
[16:18:27.67] /i de::deselectAllLogic -context [db::getNext [de::getContexts -window 21]]
[16:18:28.50] /# gi::executeAction deSelectActive -in [gi::getWindows 21]
[16:18:28.50] /i de::deselectAll [db::getNext [de::getContexts -window 21]]
[16:18:28.50] /i de::select [de::getActiveFigure [gi::getWindows 21] -point {1.09375 2.15625} -index 0 -intent none]
[16:18:28.51] /o oa:0x24c8ab50
[16:18:28.91] /# gi::executeAction seButton1DragStart -in [gi::getWindows 21]
[16:18:28.91] /i ise::stretch -point {1.125 2.1875}
[16:18:31.38] /# gi::executeAction deEndDrag -in [gi::getWindows 21]
[16:18:31.38] /i de::endDrag {1.15 2.13125} -context [db::getNext [de::getContexts -window 21]]
[16:18:33.67] /# gi::executeAction seSchCheckAndSave -in [gi::getWindows 21]
[16:18:33.67] /i ise::check
[16:18:33.68] /m Information: 
[16:18:33.68] /o Checking "inverter/FA_1bit_tb/schematic"
[16:18:33.68] /o No rule violations found in "inverter/FA_1bit_tb/schematic"
[16:18:33.68] /m Information: Checking process is completed: marking the design violations
[16:18:33.70] /m Information: Marking of designs is completed
[16:18:33.70] /o true
[16:18:34.45] /i gi::setActiveWindow 22
[16:18:34.45] /i gi::setActiveWindow 22 -raise true
[16:18:35.02] /i gi::setActiveWindow 30
[16:18:35.02] /i gi::setActiveWindow 30 -raise true
[16:18:35.90] /i gi::setActiveWindow 22
[16:18:35.90] /i gi::setActiveWindow 22 -raise true
[16:18:36.73] /i gi::executeAction menuPreShow -in [gi::getWindows 22]
[16:18:36.73] /r giMenuAccess db::getNext [gi::getMenus saConsoleSimMenu -from [gi::getWindows 22]]
[16:18:37.19] /# gi::executeAction saNetlistAndRun -in [gi::getWindows 22]
[16:18:37.19] /i isa::netlistAndRun -testbench [sa::findActiveTestbench -window 22] -mode overwrite
[16:18:37.26] /m Information: "Starting incremental netlisting for design "inverter/FA_1bit_tb/schematic"..." (NETLISTING-010)
[16:18:37.27] /o No Design Integrity rule violations found in "inverter/FA_1bit_tb/schematic"
[16:18:37.27] /m Information: 
[16:18:37.27] /o Checking "inverter/full_adder/schematic"
[16:18:37.27] /o No rule violations found in "inverter/full_adder/schematic"
[16:18:37.30] /m Information: "inverter FA_1bit_tb schematic" renetlisted. (NETLISTING-056)
[16:18:37.31] /m Information: "Netlisting design "inverter/FA_1bit_tb/schematic" finished successfully." (NETLISTING-012)
[16:18:37.32] /m Information: "Composing simulator input file for design "inverter/FA_1bit_tb/schematic"..."
[16:18:37.34] /m Information: "Simulator input file composed successfully for design "inverter/FA_1bit_tb/schematic""
[16:18:37.52] /m Information: "Starting HSPICE simulation for design: inverter/FA_1bit_tb/schematic"
[16:18:37.52] /# gi::collapse {jobMonitorTable} -index {0.0.0.0,0} -in [gi::getWindows 30]
[16:18:37.55] /o 1
[16:18:38.01] /m Information: "Simulation completed successfully for design: inverter/FA_1bit_tb/schematic "
[16:18:38.23] /m Information: "Evaluating and plotting outputs..."
[16:18:38.60] /j ::wf::WaveView::plotSuccess WaveView_5 {} {_7b7be70_void_pp _764ac48_void_pp} 
[16:18:38.62] /m Information: Measurement calculations completed for testbench: default in 0s
[16:18:38.76] /j ::wf::WaveView::plotSuccess WaveView_5 {} {_7b7be70_void_pp _764ab80_void_pp} 
[16:18:38.98] /j ::wf::WaveView::plotSuccess WaveView_5 {} {_7b7be70_void_pp _764aab8_void_pp} 
[16:18:39.14] /j ::wf::WaveView::plotSuccess WaveView_5 {} {_7b7be70_void_pp _764a9f0_void_pp} 
[16:18:39.30] /j ::wf::WaveView::plotSuccess WaveView_5 {} {_7b7be70_void_pp _764a928_void_pp} 
[16:19:35.84] /i gi::setActiveWindow 22
[16:19:35.84] /i gi::setActiveWindow 22 -raise true
[16:19:36.37] /i gi::setActiveWindow 21
[16:19:36.37] /i gi::setActiveWindow 21 -raise true
[16:19:39.13] /# gi::executeAction deSelectActive -in [gi::getWindows 21]
[16:19:39.13] /i de::deselectAll [db::getNext [de::getContexts -window 21]]
[16:19:39.13] /i de::select [de::getActiveFigure [gi::getWindows 21] -point {1.71875 2.2625} -index 0 -intent none]
[16:19:39.13] /o oa:0x1d06c9f0
[16:19:41.05] /# gi::executeAction seButton1DragStart -in [gi::getWindows 21]
[16:19:41.05] /i ise::stretch -point {1.6875 2.1875}
[16:19:41.74] /# gi::executeAction deEndDrag -in [gi::getWindows 21]
[16:19:41.74] /i de::endDrag {1.55625 2.15625} -context [db::getNext [de::getContexts -window 21]]
[16:19:42.44] /# gi::executeAction deSelectActive -in [gi::getWindows 21]
[16:19:42.44] /i de::deselectAll [db::getNext [de::getContexts -window 21]]
[16:19:42.44] /i de::select [de::getActiveFigure [gi::getWindows 21] -point {2.1 2.06875} -index 0 -intent none]
[16:19:42.44] /o oa:0x237b1340
[16:19:44.36] /# gi::executeAction deSelectActive -in [gi::getWindows 21]
[16:19:44.36] /i de::deselectAll [db::getNext [de::getContexts -window 21]]
[16:19:44.36] /i de::select [de::getActiveFigure [gi::getWindows 21] -point {2.5 2.1125} -index 0 -intent none]
[16:19:44.36] /o oa:0x1bd2b820
[16:19:46.25] /# gi::executeAction deSelectActive -in [gi::getWindows 21]
[16:19:46.25] /i de::deselectAll [db::getNext [de::getContexts -window 21]]
[16:19:46.25] /i de::select [de::getActiveFigure [gi::getWindows 21] -point {1.975 2.15} -index 0 -intent none]
[16:19:46.25] /o oa:0x26e324c0
[16:19:47.24] /# gi::executeAction deSelectActive -in [gi::getWindows 21]
[16:19:47.24] /i de::deselectAll [db::getNext [de::getContexts -window 21]]
[16:19:47.24] /i de::select [de::getActiveFigure [gi::getWindows 21] -point {1.6125 2.1} -index 0 -intent none]
[16:19:47.24] /o oa:0x26d366a0
[16:19:48.52] /# gi::executeAction deSelectActive -in [gi::getWindows 21]
[16:19:48.52] /i de::deselectAll [db::getNext [de::getContexts -window 21]]
[16:19:48.52] /i de::select [de::getActiveFigure [gi::getWindows 21] -point {2.4875 2.1625} -index 0 -intent none]
[16:19:48.52] /o oa:0x273bec40
[16:19:50.15] /i gi::setItemSelection {parameters} -index {pw,all} -in [gi::getAssistants dePropertyEditor -from [gi::getWindows 21]]
[16:19:50.15] /i gi::setCurrentIndex {parameters} -index {pw,Value} -in [gi::getAssistants dePropertyEditor -from [gi::getWindows 21]]
[16:19:52.24] /i gi::setField {parameters} -value {1n} -index {pw,Value} -in [gi::getAssistants dePropertyEditor -from [gi::getWindows 21]]
[16:19:52.24] /i gi::executeAction dePropertyEditorApplyChanges -in [gi::getAssistants dePropertyEditor -from [gi::getWindows 21]]
[16:19:53.53] /i gi::setItemSelection {parameters} -index {per,all} -in [gi::getAssistants dePropertyEditor -from [gi::getWindows 21]]
[16:19:53.53] /i gi::setCurrentIndex {parameters} -index {per,Value} -in [gi::getAssistants dePropertyEditor -from [gi::getWindows 21]]
[16:19:55.36] /i gi::setField {parameters} -value {2n} -index {per,Value} -in [gi::getAssistants dePropertyEditor -from [gi::getWindows 21]]
[16:19:55.36] /i gi::executeAction dePropertyEditorApplyChanges -in [gi::getAssistants dePropertyEditor -from [gi::getWindows 21]]
[16:19:59.67] /i gi::setActiveWindow 22
[16:19:59.67] /i gi::setActiveWindow 22 -raise true
[16:20:00.90] /i gi::executeAction menuPreShow -in [gi::getWindows 22]
[16:20:00.90] /r giMenuAccess db::getNext [gi::getMenus saConsoleSimMenu -from [gi::getWindows 22]]
[16:20:01.38] /# gi::executeAction saNetlistAndRun -in [gi::getWindows 22]
[16:20:01.38] /i isa::netlistAndRun -testbench [sa::findActiveTestbench -window 22] -mode overwrite
[16:20:01.49] /r giDialog gi::setActiveDialog [gi::getDialogs {xtShowDesignsPrompt}]
[16:20:01.49] /r giDialog gi::setCurrentIndex {target} -index {0,0} -in [gi::getDialogs {xtShowDesignsPrompt}]
[16:20:01.69] /r giDialog db::setAttr geometry -of [gi::getDialogs {xtShowDesignsPrompt}] -value 649x290+626+410
[16:20:02.69] /r giDialog gi::pressButton {ok} -in [gi::getDialogs {xtShowDesignsPrompt}]
[16:20:02.72] /m Information: 
[16:20:02.72] /o Checking "inverter/FA_1bit_tb/schematic"
[16:20:02.72] /o No rule violations found in "inverter/FA_1bit_tb/schematic"
[16:20:02.72] /o No Design Integrity rule violations found in "inverter/FA_1bit_tb/schematic"
[16:20:02.72] /m Information: Checking process is completed: marking the design violations
[16:20:02.72] /m Information: Marking of designs is completed
[16:20:02.80] /m Information: "Starting incremental netlisting for design "inverter/FA_1bit_tb/schematic"..." (NETLISTING-010)
[16:20:02.82] /o No Design Integrity rule violations found in "inverter/FA_1bit_tb/schematic"
[16:20:02.82] /m Information: 
[16:20:02.82] /o Checking "inverter/full_adder/schematic"
[16:20:02.82] /o No rule violations found in "inverter/full_adder/schematic"
[16:20:02.85] /m Information: "inverter FA_1bit_tb schematic" renetlisted. (NETLISTING-056)
[16:20:02.85] /m Information: "Netlisting design "inverter/FA_1bit_tb/schematic" finished successfully." (NETLISTING-012)
[16:20:02.86] /m Information: "Composing simulator input file for design "inverter/FA_1bit_tb/schematic"..."
[16:20:02.89] /m Information: "Simulator input file composed successfully for design "inverter/FA_1bit_tb/schematic""
[16:20:03.07] /m Information: "Starting HSPICE simulation for design: inverter/FA_1bit_tb/schematic"
[16:20:03.07] /# gi::collapse {jobMonitorTable} -index {0.0.0.0,0} -in [gi::getWindows 30]
[16:20:03.10] /o 1
[16:20:03.61] /m Information: "Simulation completed successfully for design: inverter/FA_1bit_tb/schematic "
[16:20:03.80] /m Information: "Evaluating and plotting outputs..."
[16:20:04.10] /m Information: Measurement calculations completed for testbench: default in 1s
[16:20:04.12] /j ::wf::WaveView::plotSuccess WaveView_5 {} {_76a0760_void_pp _764a860_void_pp} 
[16:20:04.32] /j ::wf::WaveView::plotSuccess WaveView_5 {} {_76a0760_void_pp _764ac48_void_pp} 
[16:20:04.53] /j ::wf::WaveView::plotSuccess WaveView_5 {} {_76a0760_void_pp _764ab80_void_pp} 
[16:20:04.73] /j ::wf::WaveView::plotSuccess WaveView_5 {} {_76a0760_void_pp _764aab8_void_pp} 
[16:20:04.91] /j ::wf::WaveView::plotSuccess WaveView_5 {} {_76a0760_void_pp _764a9f0_void_pp} 
[16:20:11.61] /m Information: Waveform viewer exited normally.
[16:20:12.64] /i gi::setActiveWindow 22
[16:20:12.64] /i gi::setActiveWindow 22 -raise true
[16:20:13.55] /i gi::executeAction menuPreShow -in [gi::getWindows 22]
[16:20:13.55] /r giMenuAccess db::getNext [gi::getMenus saConsoleSimMenu -from [gi::getWindows 22]]
[16:20:14.04] /# gi::executeAction saNetlistAndRun -in [gi::getWindows 22]
[16:20:14.04] /i isa::netlistAndRun -testbench [sa::findActiveTestbench -window 22] -mode overwrite
[16:20:14.11] /m Information: "Starting incremental netlisting for design "inverter/FA_1bit_tb/schematic"..." (NETLISTING-010)
[16:20:14.13] /o No Design Integrity rule violations found in "inverter/FA_1bit_tb/schematic"
[16:20:14.13] /m Information: 
[16:20:14.13] /o Checking "inverter/full_adder/schematic"
[16:20:14.13] /o No rule violations found in "inverter/full_adder/schematic"
[16:20:14.16] /m Information: "Netlisting design "inverter/FA_1bit_tb/schematic" finished successfully." (NETLISTING-012)
[16:20:14.16] /m Information: "Composing simulator input file for design "inverter/FA_1bit_tb/schematic"..."
[16:20:14.19] /m Information: "Simulator input file composed successfully for design "inverter/FA_1bit_tb/schematic""
[16:20:14.34] /m Information: "Starting HSPICE simulation for design: inverter/FA_1bit_tb/schematic"
[16:20:14.34] /# gi::collapse {jobMonitorTable} -index {0.0.0.0,0} -in [gi::getWindows 30]
[16:20:14.36] /o 1
[16:20:14.81] /m Information: "Simulation completed successfully for design: inverter/FA_1bit_tb/schematic "
[16:20:15.01] /m Information: "Evaluating and plotting outputs..."
[16:20:15.03] /m Information: Launching Waveform Viewer "cd /home/itsupport/simulation/inverter,FA_1bit_tb,schematic/history_1/simulation/default/HSPICE/nominal/results &&  wv -k -cdesigner -spxkey /usr/synopsys/customcompiler/N-2017.12-SP1-2/auxx/waveform/sae.spxkey -spxrc /tmp/sae_spxrc_QrsC2X -unique_string 0a5d9da1fed3a2d169aa7f613a217c24125e8d2b0833b894ed40d2f5efbf27a2fb0c0fc5bd619066c2be49ad63c80675e32182756ab0657d -lic_type 1    > /home/itsupport/simulation/inverter,FA_1bit_tb,schematic/history_1/simulation/default/HSPICE/nominal/results/viewer.log 2>&1"
[16:20:15.03] /i gi::collapse {jobMonitorTable} -index {0.0,0} -in [gi::getWindows 30]
[16:20:15.31] /m Information: Measurement calculations completed for testbench: default in 0s
[16:20:15.76] /j ::wf::WaveView::plotSuccess WaveView_6 {} {_72b4e50_void_pp _73009a0_void_pp} 
[16:20:15.77] /j ::wf::WaveView::plotSuccess WaveView_6 {} {_72b4e50_void_pp _7300a68_void_pp} 
[16:20:15.81] /j ::wf::WaveView::plotSuccess WaveView_6 {} {_72b4e50_void_pp _7300b30_void_pp} 
[16:20:15.86] /j ::wf::WaveView::plotSuccess WaveView_6 {} {_72b4e50_void_pp _7300bf8_void_pp} 
[16:20:15.89] /j ::wf::WaveView::plotSuccess WaveView_6 {} {_72b4e50_void_pp _7300cc0_void_pp} 
[16:20:58.76] /i db::setAttr iconified -of [gi::getFrames 1] -value true
[16:21:52.50] /i db::setAttr maximized -of [gi::getFrames 1] -value true
[16:21:52.50] /i db::setAttr iconified -of [gi::getFrames 1] -value false
[16:22:31.79] /i gi::setActiveWindow 22
[16:22:31.79] /i gi::setActiveWindow 22 -raise true
[16:22:32.31] /i gi::setActiveWindow 21
[16:22:32.31] /i gi::setActiveWindow 21 -raise true
[16:22:33.71] /# gi::executeAction deSelectActive -in [gi::getWindows 21]
[16:22:33.71] /i de::deselectAll [db::getNext [de::getContexts -window 21]]
[16:22:33.71] /i de::select [de::getActiveFigure [gi::getWindows 21] -point {5.04375 2.025} -index 0 -intent none]
[16:22:33.71] /o oa:0x26a04ef0
[16:22:34.54] /i gi::setItemSelection {parameters} -index {c,all} -in [gi::getAssistants dePropertyEditor -from [gi::getWindows 21]]
[16:22:34.54] /i gi::setCurrentIndex {parameters} -index {c,Value} -in [gi::getAssistants dePropertyEditor -from [gi::getWindows 21]]
[16:22:35.98] /i gi::setField {parameters} -value {1f} -index {c,Value} -in [gi::getAssistants dePropertyEditor -from [gi::getWindows 21]]
[16:22:35.98] /i gi::executeAction dePropertyEditorApplyChanges -in [gi::getAssistants dePropertyEditor -from [gi::getWindows 21]]
[16:22:37.36] /i gi::setActiveWindow 22
[16:22:37.36] /i gi::setActiveWindow 22 -raise true
[16:22:37.90] /i gi::setActiveWindow 30
[16:22:37.90] /i gi::setActiveWindow 30 -raise true
[16:22:38.53] /i gi::setActiveWindow 22
[16:22:38.54] /i gi::setActiveWindow 22 -raise true
[16:22:39.54] /i gi::executeAction menuPreShow -in [gi::getWindows 22]
[16:22:39.54] /r giMenuAccess db::getNext [gi::getMenus saConsoleSimMenu -from [gi::getWindows 22]]
[16:22:40.21] /# gi::executeAction saNetlistAndRun -in [gi::getWindows 22]
[16:22:40.21] /i isa::netlistAndRun -testbench [sa::findActiveTestbench -window 22] -mode overwrite
[16:22:40.27] /r giDialog gi::setActiveDialog [gi::getDialogs {xtShowDesignsPrompt}]
[16:22:40.27] /r giDialog gi::setCurrentIndex {target} -index {0,0} -in [gi::getDialogs {xtShowDesignsPrompt}]
[16:22:40.51] /r giDialog db::setAttr geometry -of [gi::getDialogs {xtShowDesignsPrompt}] -value 649x290+626+410
[16:22:41.29] /r giDialog gi::pressButton {ok} -in [gi::getDialogs {xtShowDesignsPrompt}]
[16:22:41.31] /m Information: 
[16:22:41.31] /o Checking "inverter/FA_1bit_tb/schematic"
[16:22:41.31] /o No rule violations found in "inverter/FA_1bit_tb/schematic"
[16:22:41.31] /o No Design Integrity rule violations found in "inverter/FA_1bit_tb/schematic"
[16:22:41.31] /m Information: Checking process is completed: marking the design violations
[16:22:41.32] /m Information: Marking of designs is completed
[16:22:41.44] /m Information: "Starting incremental netlisting for design "inverter/FA_1bit_tb/schematic"..." (NETLISTING-010)
[16:22:41.45] /o No Design Integrity rule violations found in "inverter/FA_1bit_tb/schematic"
[16:22:41.45] /m Information: 
[16:22:41.45] /o Checking "inverter/full_adder/schematic"
[16:22:41.45] /o No rule violations found in "inverter/full_adder/schematic"
[16:22:41.49] /m Information: "inverter FA_1bit_tb schematic" renetlisted. (NETLISTING-056)
[16:22:41.50] /m Information: "Netlisting design "inverter/FA_1bit_tb/schematic" finished successfully." (NETLISTING-012)
[16:22:41.51] /m Information: "Composing simulator input file for design "inverter/FA_1bit_tb/schematic"..."
[16:22:41.54] /m Information: "Simulator input file composed successfully for design "inverter/FA_1bit_tb/schematic""
[16:22:41.69] /m Information: "Starting HSPICE simulation for design: inverter/FA_1bit_tb/schematic"
[16:22:41.69] /# gi::collapse {jobMonitorTable} -index {0.0.0.0,0} -in [gi::getWindows 30]
[16:22:41.71] /o 1
[16:22:42.21] /m Information: "Simulation completed successfully for design: inverter/FA_1bit_tb/schematic "
[16:22:42.42] /m Information: "Evaluating and plotting outputs..."
[16:22:42.81] /j ::wf::WaveView::plotSuccess WaveView_6 {} {_788d630_void_pp _7300d88_void_pp} 
[16:22:42.82] /m Information: Measurement calculations completed for testbench: default in 0s
[16:22:43.03] /j ::wf::WaveView::plotSuccess WaveView_6 {} {_788d630_void_pp _73009a0_void_pp} 
[16:22:43.25] /j ::wf::WaveView::plotSuccess WaveView_6 {} {_788d630_void_pp _7300a68_void_pp} 
[16:22:43.40] /j ::wf::WaveView::plotSuccess WaveView_6 {} {_788d630_void_pp _7300b30_void_pp} 
[16:22:43.59] /j ::wf::WaveView::plotSuccess WaveView_6 {} {_788d630_void_pp _7300bf8_void_pp} 
[16:22:50.67] /i gi::setActiveWindow 21
[16:22:50.67] /i gi::setActiveWindow 21 -raise true
[16:22:53.06] /# gi::executeAction deSelectActive -in [gi::getWindows 21]
[16:22:53.06] /i de::deselectAll [db::getNext [de::getContexts -window 21]]
[16:22:53.06] /i de::select [de::getActiveFigure [gi::getWindows 21] -point {5.2 1.95} -index 0 -intent none]
[16:22:53.06] /o oa:0x2595d580
[16:22:54.46] /i gi::setItemSelection {parameters} -index {c,all} -in [gi::getAssistants dePropertyEditor -from [gi::getWindows 21]]
[16:22:54.46] /i gi::setCurrentIndex {parameters} -index {c,Value} -in [gi::getAssistants dePropertyEditor -from [gi::getWindows 21]]
[16:22:55.83] /i gi::setField {parameters} -value {1f} -index {c,Value} -in [gi::getAssistants dePropertyEditor -from [gi::getWindows 21]]
[16:22:55.83] /i gi::executeAction dePropertyEditorApplyChanges -in [gi::getAssistants dePropertyEditor -from [gi::getWindows 21]]
[16:22:56.98] /i gi::setActiveWindow 22
[16:22:56.98] /i gi::setActiveWindow 22 -raise true
[16:22:57.71] /i gi::executeAction menuPreShow -in [gi::getWindows 22]
[16:22:57.71] /r giMenuAccess db::getNext [gi::getMenus saResultsMenu -from [gi::getWindows 22]]
[16:22:57.91] /i gi::executeAction menuPreShow -in [gi::getWindows 22]
[16:22:57.91] /r giMenuAccess db::getNext [gi::getMenus saConsoleSimMenu -from [gi::getWindows 22]]
[16:22:58.51] /# gi::executeAction saNetlistAndRun -in [gi::getWindows 22]
[16:22:58.51] /i isa::netlistAndRun -testbench [sa::findActiveTestbench -window 22] -mode overwrite
[16:22:58.58] /r giDialog gi::setActiveDialog [gi::getDialogs {xtShowDesignsPrompt}]
[16:22:58.58] /r giDialog gi::setCurrentIndex {target} -index {0,0} -in [gi::getDialogs {xtShowDesignsPrompt}]
[16:22:58.82] /r giDialog db::setAttr geometry -of [gi::getDialogs {xtShowDesignsPrompt}] -value 649x290+626+410
[16:22:59.77] /r giDialog gi::pressButton {ok} -in [gi::getDialogs {xtShowDesignsPrompt}]
[16:22:59.80] /m Information: 
[16:22:59.80] /o Checking "inverter/FA_1bit_tb/schematic"
[16:22:59.80] /o No rule violations found in "inverter/FA_1bit_tb/schematic"
[16:22:59.80] /o No Design Integrity rule violations found in "inverter/FA_1bit_tb/schematic"
[16:22:59.80] /m Information: Checking process is completed: marking the design violations
[16:22:59.80] /m Information: Marking of designs is completed
[16:22:59.90] /m Information: "Starting incremental netlisting for design "inverter/FA_1bit_tb/schematic"..." (NETLISTING-010)
[16:22:59.92] /o No Design Integrity rule violations found in "inverter/FA_1bit_tb/schematic"
[16:22:59.92] /m Information: 
[16:22:59.92] /o Checking "inverter/full_adder/schematic"
[16:22:59.92] /o No rule violations found in "inverter/full_adder/schematic"
[16:22:59.95] /m Information: "inverter FA_1bit_tb schematic" renetlisted. (NETLISTING-056)
[16:22:59.96] /m Information: "Netlisting design "inverter/FA_1bit_tb/schematic" finished successfully." (NETLISTING-012)
[16:22:59.96] /m Information: "Composing simulator input file for design "inverter/FA_1bit_tb/schematic"..."
[16:23:00.00] /m Information: "Simulator input file composed successfully for design "inverter/FA_1bit_tb/schematic""
[16:23:00.16] /m Information: "Starting HSPICE simulation for design: inverter/FA_1bit_tb/schematic"
[16:23:00.16] /# gi::collapse {jobMonitorTable} -index {0.0.0.0,0} -in [gi::getWindows 30]
[16:23:00.19] /o 1
[16:23:00.72] /m Information: "Simulation completed successfully for design: inverter/FA_1bit_tb/schematic "
[16:23:00.92] /m Information: "Evaluating and plotting outputs..."
[16:23:01.29] /j ::wf::WaveView::plotSuccess WaveView_6 {} {_7325c10_void_pp _7300cc0_void_pp} 
[16:23:01.31] /m Information: Measurement calculations completed for testbench: default in 0s
[16:23:01.45] /j ::wf::WaveView::plotSuccess WaveView_6 {} {_7325c10_void_pp _7300d88_void_pp} 
[16:23:01.67] /j ::wf::WaveView::plotSuccess WaveView_6 {} {_7325c10_void_pp _73009a0_void_pp} 
[16:23:01.83] /j ::wf::WaveView::plotSuccess WaveView_6 {} {_7325c10_void_pp _7300a68_void_pp} 
[16:23:01.99] /j ::wf::WaveView::plotSuccess WaveView_6 {} {_7325c10_void_pp _7300b30_void_pp} 
[16:23:50.56] /i gi::setActiveWindow 22
[16:23:50.57] /i gi::setActiveWindow 22 -raise true
[16:23:55.46] /i gi::setActiveWindow 21
[16:23:55.46] /i gi::setActiveWindow 21 -raise true
[16:23:56.54] /# gi::executeAction deSelectActive -in [gi::getWindows 21]
[16:23:56.54] /i de::deselectAll [db::getNext [de::getContexts -window 21]]
[16:23:56.55] /i de::deselectAllLogic -context [db::getNext [de::getContexts -window 21]]
[16:23:57.43] /# gi::executeAction seDelete -in [gi::getWindows 21]
[16:23:57.43] /i ise::delete
[16:23:58.11] /# gi::executeAction deAddPoint -in [gi::getWindows 21]
[16:23:58.11] /i de::addPoint {5.2625 2.29375} -context [db::getNext [de::getContexts -window 21]]
[16:23:59.19] /# gi::executeAction deAbortCommand -in [gi::getWindows 21]
[16:23:59.19] /i de::abortCommand -context [db::getNext [de::getContexts -window 21]]
[16:23:59.57] /# gi::executeAction deSelectActive -in [gi::getWindows 21]
[16:23:59.57] /i de::deselectAllLogic -context [db::getNext [de::getContexts -window 21]]
[16:24:01.60] /i gi::setActiveWindow 22
[16:24:01.60] /i gi::setActiveWindow 22 -raise true
[16:24:02.73] /i gi::executeAction menuPreShow -in [gi::getWindows 22]
[16:24:02.73] /r giMenuAccess db::getNext [gi::getMenus saConsoleSimMenu -from [gi::getWindows 22]]
[16:24:03.24] /# gi::executeAction saNetlistAndRun -in [gi::getWindows 22]
[16:24:03.24] /i isa::netlistAndRun -testbench [sa::findActiveTestbench -window 22] -mode overwrite
[16:24:03.32] /r giDialog gi::setActiveDialog [gi::getDialogs {xtShowDesignsPrompt}]
[16:24:03.32] /r giDialog gi::setCurrentIndex {target} -index {0,0} -in [gi::getDialogs {xtShowDesignsPrompt}]
[16:24:03.58] /r giDialog db::setAttr geometry -of [gi::getDialogs {xtShowDesignsPrompt}] -value 649x290+626+410
[16:24:04.23] /r giDialog gi::pressButton {ok} -in [gi::getDialogs {xtShowDesignsPrompt}]
[16:24:04.25] /m Information: 
[16:24:04.25] /o Checking "inverter/FA_1bit_tb/schematic"
[16:24:04.25] /o 	[warning] Floating I/O Instance Pins
[16:24:04.25] /o 		I/O pin 'PLUS' of instance 'C9' is floating
[16:24:04.25] /o 0 Error(s),1 Warning(s),0 Message(s) found   in "inverter/FA_1bit_tb/schematic"
[16:24:04.25] /o No Design Integrity rule violations found in "inverter/FA_1bit_tb/schematic"
[16:24:04.25] /m Information: Checking process is completed: marking the design violations
[16:24:04.25] /m Information: Marking of designs is completed
[16:24:04.34] /m Information: "Starting incremental netlisting for design "inverter/FA_1bit_tb/schematic"..." (NETLISTING-010)
[16:24:04.35] /o No Design Integrity rule violations found in "inverter/FA_1bit_tb/schematic"
[16:24:04.36] /m Information: 
[16:24:04.36] /o Checking "inverter/full_adder/schematic"
[16:24:04.36] /o No rule violations found in "inverter/full_adder/schematic"
[16:24:04.39] /m Information: "inverter FA_1bit_tb schematic" renetlisted. (NETLISTING-056)
[16:24:04.39] /m Information: "Netlisting design "inverter/FA_1bit_tb/schematic" finished successfully." (NETLISTING-012)
[16:24:04.40] /m Information: "Composing simulator input file for design "inverter/FA_1bit_tb/schematic"..."
[16:24:04.43] /m Information: "Simulator input file composed successfully for design "inverter/FA_1bit_tb/schematic""
[16:24:04.59] /m Information: "Starting HSPICE simulation for design: inverter/FA_1bit_tb/schematic"
[16:24:04.59] /# gi::collapse {jobMonitorTable} -index {0.0.0.0,0} -in [gi::getWindows 30]
[16:24:04.62] /o 1
[16:24:05.11] /m Information: "Simulation completed successfully for design: inverter/FA_1bit_tb/schematic "
[16:24:05.32] /m Information: "Evaluating and plotting outputs..."
[16:24:05.71] /m Information: Measurement calculations completed for testbench: default in 0s
[16:24:05.73] /j ::wf::WaveView::plotSuccess WaveView_6 {} {_7823e00_void_pp _7300bf8_void_pp} 
[16:24:05.90] /j ::wf::WaveView::plotSuccess WaveView_6 {} {_7823e00_void_pp _7300cc0_void_pp} 
[16:24:06.12] /j ::wf::WaveView::plotSuccess WaveView_6 {} {_7823e00_void_pp _7300d88_void_pp} 
[16:24:06.30] /j ::wf::WaveView::plotSuccess WaveView_6 {} {_7823e00_void_pp _73009a0_void_pp} 
[16:24:06.48] /j ::wf::WaveView::plotSuccess WaveView_6 {} {_7823e00_void_pp _7300a68_void_pp} 
[16:24:11.27] /i gi::setActiveWindow 22
[16:24:11.27] /i gi::setActiveWindow 22 -raise true
[16:24:11.93] /i gi::executeAction menuPreShow -in [gi::getWindows 22]
[16:24:11.94] /r giMenuAccess db::getNext [gi::getMenus saConsoleSimMenu -from [gi::getWindows 22]]
[16:24:12.41] /# gi::executeAction saNetlistAndRun -in [gi::getWindows 22]
[16:24:12.41] /i isa::netlistAndRun -testbench [sa::findActiveTestbench -window 22] -mode overwrite
[16:24:12.47] /m Information: "Starting incremental netlisting for design "inverter/FA_1bit_tb/schematic"..." (NETLISTING-010)
[16:24:12.48] /o No Design Integrity rule violations found in "inverter/FA_1bit_tb/schematic"
[16:24:12.48] /m Information: 
[16:24:12.48] /o Checking "inverter/full_adder/schematic"
[16:24:12.49] /o No rule violations found in "inverter/full_adder/schematic"
[16:24:12.51] /m Information: "Netlisting design "inverter/FA_1bit_tb/schematic" finished successfully." (NETLISTING-012)
[16:24:12.52] /m Information: "Composing simulator input file for design "inverter/FA_1bit_tb/schematic"..."
[16:24:12.55] /m Information: "Simulator input file composed successfully for design "inverter/FA_1bit_tb/schematic""
[16:24:12.71] /m Information: "Starting HSPICE simulation for design: inverter/FA_1bit_tb/schematic"
[16:24:12.71] /# gi::collapse {jobMonitorTable} -index {0.0.0.0,0} -in [gi::getWindows 30]
[16:24:12.74] /o 1
[16:24:13.21] /m Information: "Simulation completed successfully for design: inverter/FA_1bit_tb/schematic "
[16:24:13.44] /m Information: "Evaluating and plotting outputs..."
[16:24:13.83] /m Information: Measurement calculations completed for testbench: default in 0s
[16:24:13.84] /j ::wf::WaveView::plotSuccess WaveView_6 {} {_78bfe60_void_pp _7300b30_void_pp} 
[16:24:14.06] /j ::wf::WaveView::plotSuccess WaveView_6 {} {_78bfe60_void_pp _7300bf8_void_pp} 
[16:24:14.28] /j ::wf::WaveView::plotSuccess WaveView_6 {} {_78bfe60_void_pp _7300cc0_void_pp} 
[16:24:14.46] /j ::wf::WaveView::plotSuccess WaveView_6 {} {_78bfe60_void_pp _7300d88_void_pp} 
[16:24:14.64] /j ::wf::WaveView::plotSuccess WaveView_6 {} {_78bfe60_void_pp _73009a0_void_pp} 
[16:24:26.42] /i gi::setActiveWindow 22
[16:24:26.43] /i gi::setActiveWindow 22 -raise true
[16:24:28.44] /i gi::setActiveWindow 27
[16:24:28.44] /i gi::setActiveWindow 27 -raise true
[16:24:29.09] /i gi::setActiveWindow 21
[16:24:29.09] /i gi::setActiveWindow 21 -raise true
[16:24:30.00] /i gi::setActiveWindow 22
[16:24:30.00] /i gi::setActiveWindow 22 -raise true
[16:25:35.50] /i gi::setActiveWindow 27
[16:25:35.52] /i gi::setActiveWindow 27 -raise true
[16:25:36.53] /i gi::setActiveWindow 22
[16:25:36.53] /i gi::setActiveWindow 22 -raise true
[16:25:37.34] /i gi::setActiveWindow 30
[16:25:37.34] /i gi::setActiveWindow 30 -raise true
[16:25:37.85] /i gi::setActiveWindow 21
[16:25:37.85] /i gi::setActiveWindow 21 -raise true
[16:25:39.21] /i gi::setActiveWindow 27
[16:25:39.21] /i gi::setActiveWindow 27 -raise true
[16:25:41.77] /i gi::setActiveWindow 21
[16:25:41.77] /i gi::setActiveWindow 21 -raise true
[16:25:42.88] /# gi::executeAction deSelectActive -in [gi::getWindows 21]
[16:25:42.88] /i de::deselectAllLogic -context [db::getNext [de::getContexts -window 21]]
[16:25:43.93] /# gi::executeAction deCanvasZoomOutAtPoint -in [gi::getWindows 21]
[16:25:43.93] /i de::zoom -window [gi::getWindows 21] -factor 0.5 -center {5.05 2.8625}
[16:25:43.93] /o {-4.65625 -2.91875} {7.19375 4.31875}
[16:25:44.47] /# gi::executeAction deCanvasZoomInAtPoint -in [gi::getWindows 21]
[16:25:44.47] /i de::zoom -window [gi::getWindows 21] -factor 2.0 -center {6.2125 2.95625}
[16:25:44.47] /o {0.78125 0.01875} {6.7 3.6375}
[16:25:45.04] /# gi::executeAction deCanvasZoomOutAtPoint -in [gi::getWindows 21]
[16:25:45.04] /i de::zoom -window [gi::getWindows 21] -factor 0.5 -center {6.11875 2.91875}
[16:25:45.04] /o {-4.5625 -2.88125} {7.2875 4.35625}
[16:25:45.82] /# gi::executeAction deCanvasZoomInAtPoint -in [gi::getWindows 21]
[16:25:45.82] /i de::zoom -window [gi::getWindows 21] -factor 2.0 -center {4.76875 3.00625}
[16:25:45.82] /o {0.10625 0.0625} {6.025 3.68125}
[16:25:48.44] /# gi::executeAction seSchCheckAndSave -in [gi::getWindows 21]
[16:25:48.44] /i ise::check
[16:25:48.45] /m Information: 
[16:25:48.45] /o Checking "inverter/FA_1bit_tb/schematic"
[16:25:48.45] /o 	[warning] Floating I/O Instance Pins
[16:25:48.45] /o 		I/O pin 'PLUS' of instance 'C9' is floating
[16:25:48.45] /o 0 Error(s),1 Warning(s),0 Message(s) found   in "inverter/FA_1bit_tb/schematic"
[16:25:48.45] /m Information: Checking process is completed: marking the design violations
[16:25:48.46] /m Information: Marking of designs is completed
[16:25:48.46] /o true
[16:26:00.25] /# gi::executeAction deFitEdit -in [gi::getWindows 21]
[16:26:00.25] /i de::fit -window 21 -fitEdit true
[16:26:00.25] /o {0.19375 -0.05} {6.1875 3.6125}
[16:26:01.52] /# gi::executeAction seCreateInst -in [gi::getWindows 21]
[16:26:01.52] /i ise::createInst
[16:26:01.54] /o seSchematic
[16:26:01.57] /i gi::setActiveDialog [gi::getDialogs {seCreateInst} -parent [gi::getWindows 21]]
[16:26:01.86] /i db::setAttr geometry -of [gi::getDialogs {seCreateInst}] -value 359x337+0+65
[16:26:06.25] /i gi::setField {instMasterLib} -value {reference90RF} -in [gi::getDialogs {seCreateInst} -parent [gi::getWindows 21]]
[16:26:06.59] /i db::setAttr geometry -of [gi::getDialogs {seCreateInst}] -value 359x337+0+65
[16:26:15.38] /i gi::setField {instMasterCell} -value {cmim_2t} -in [gi::getDialogs {seCreateInst} -parent [gi::getWindows 21]]
[16:26:15.70] /i db::setAttr geometry -of [gi::getDialogs {seCreateInst}] -value 359x575+0+65
[16:26:19.13] /i gi::setField {instMasterLib} -value {inverter} -in [gi::getDialogs {seCreateInst} -parent [gi::getWindows 21]]
[16:26:19.43] /i db::setAttr geometry -of [gi::getDialogs {seCreateInst}] -value 359x337+0+65
[16:26:24.83] /i gi::setField {instMasterCell} -value {CMOS} -in [gi::getDialogs {seCreateInst} -parent [gi::getWindows 21]]
[16:26:25.19] /i db::setAttr geometry -of [gi::getDialogs {seCreateInst}] -value 359x337+0+65
[16:26:26.17] /# gi::executeAction deCanvasZoomOutAtPoint -in [gi::getWindows 21]
[16:26:26.17] /i de::zoom -window [gi::getWindows 21] -factor 0.5 -center {3.675 1.09375}
[16:26:26.17] /o {-3.2875 -1.19375} {8.7 6.13125}
[16:26:26.23] /# gi::executeAction deCanvasZoomOutAtPoint -in [gi::getWindows 21]
[16:26:26.23] /i de::zoom -window [gi::getWindows 21] -factor 0.5 -center {3.7625 1.15625}
[16:26:26.23] /o {-10.3375 -3.54375} {13.6375 11.10625}
[16:26:26.77] /# gi::executeAction deCanvasZoomInAtPoint -in [gi::getWindows 21]
[16:26:26.77] /i de::zoom -window [gi::getWindows 21] -factor 2.0 -center {6.56875 1.4625}
[16:26:26.78] /o {-1.88125 -1.0375} {10.1 6.28125}
[16:26:26.85] /# gi::executeAction deCanvasZoomInAtPoint -in [gi::getWindows 21]
[16:26:26.85] /i de::zoom -window [gi::getWindows 21] -factor 2.0 -center {6.525 1.28125}
[16:26:26.85] /o {2.31875 0.11875} {8.3125 3.78125}
[16:26:28.71] /# gi::executeAction deAddPoint -in [gi::getWindows 21]
[16:26:28.71] /i de::addPoint {5.7125 1.2} -context [db::getNext [de::getContexts -window 21]]
[16:26:29.02] /# gi::executeAction deCanvasZoomOutAtPoint -in [gi::getWindows 21]
[16:26:29.03] /i de::zoom -window [gi::getWindows 21] -factor 0.5 -center {6.44375 1.44375}
[16:26:29.03] /o {-1.8 -1.2} {10.18125 6.11875}
[16:26:29.06] /# gi::executeAction deCanvasZoomOutAtPoint -in [gi::getWindows 21]
[16:26:29.06] /i de::zoom -window [gi::getWindows 21] -factor 0.5 -center {6.5125 1.41875}
[16:26:29.06] /o {-10.11875 -3.825} {13.85625 10.825}
[16:26:29.10] /# gi::executeAction deCanvasZoomOutAtPoint -in [gi::getWindows 21]
[16:26:29.10] /i de::zoom -window [gi::getWindows 21] -factor 0.5 -center {6.7 1.38125}
[16:26:29.10] /o {-26.9375 -9.03125} {21.0125 20.26875}
[16:26:29.14] /# gi::executeAction deCanvasZoomOutAtPoint -in [gi::getWindows 21]
[16:26:29.15] /i de::zoom -window [gi::getWindows 21] -factor 0.5 -center {6.7875 1.34375}
[16:26:29.15] /o {-60.65625 -19.40625} {35.23125 39.19375}
[16:26:29.52] /# gi::executeAction deCanvasZoomInAtPoint -in [gi::getWindows 21]
[16:26:29.52] /i de::zoom -window [gi::getWindows 21] -factor 2.0 -center {17.225 -0.41875}
[16:26:29.52] /o {-21.71875 -9.9125} {26.23125 19.3875}
[16:26:29.65] /# gi::executeAction deCanvasZoomInAtPoint -in [gi::getWindows 21]
[16:26:29.65] /i de::zoom -window [gi::getWindows 21] -factor 2.0 -center {16.95 -0.35625}
[16:26:29.65] /o {-2.38125 -5.13125} {21.5875 9.5125}
[16:26:29.76] /# gi::executeAction deCanvasZoomInAtPoint -in [gi::getWindows 21]
[16:26:29.76] /i de::zoom -window [gi::getWindows 21] -factor 2.0 -center {14.8 0.00625}
[16:26:29.76] /o {6.20625 -2.5625} {18.19375 4.7625}
[16:26:31.73] /# gi::executeAction deAddPoint -in [gi::getWindows 21]
[16:26:31.73] /i de::addPoint {8.25625 1.20625} -context [db::getNext [de::getContexts -window 21]]
[16:26:32.02] /# gi::executeAction deAbortCommand -in [gi::getWindows 21]
[16:26:32.02] /i de::abortCommand -context [db::getNext [de::getContexts -window 21]]
[16:26:32.50] /# gi::executeAction deCanvasZoomOutAtPoint -in [gi::getWindows 21]
[16:26:32.50] /i de::zoom -window [gi::getWindows 21] -factor 0.5 -center {8.55 1.49375}
[16:26:32.50] /o {3.86875 -6.61875} {27.8375 8.025}
[16:26:32.67] /# gi::executeAction deFitEdit -in [gi::getWindows 21]
[16:26:32.67] /i de::fit -window 21 -fitEdit true
[16:26:32.67] /o {-0.10625 -1.8875} {11.9 5.45}
[16:26:34.17] /# gi::executeAction deSelectActive -in [gi::getWindows 21]
[16:26:34.17] /i de::deselectAll [db::getNext [de::getContexts -window 21]]
[16:26:34.17] /i de::select [de::getActiveFigure [gi::getWindows 21] -point {5.5625 2.68125} -index 0 -intent none]
[16:26:34.17] /o oa:0x25b2d7e0
[16:26:34.76] /# gi::executeAction seButton1DragStart -in [gi::getWindows 21]
[16:26:34.76] /i ise::stretch -point {5.5625 2.6875}
[16:26:37.77] /# gi::executeAction deEndDrag -in [gi::getWindows 21]
[16:26:37.77] /i de::endDrag {6.26875 3.09375} -context [db::getNext [de::getContexts -window 21]]
[16:26:38.73] /# gi::executeAction deCanvasZoomInAtPoint -in [gi::getWindows 21]
[16:26:38.73] /i de::zoom -window [gi::getWindows 21] -factor 2.0 -center {5.35 3.3}
[16:26:38.73] /o {2.61875 0.70625} {8.625 4.375}
[16:26:39.02] /# gi::executeAction seDelete -in [gi::getWindows 21]
[16:26:39.02] /i ise::delete
[16:26:39.69] /# gi::executeAction deSelectActive -in [gi::getWindows 21]
[16:26:39.70] /i de::deselectAll [db::getNext [de::getContexts -window 21]]
[16:26:39.70] /i de::select [de::getActiveFigure [gi::getWindows 21] -point {6.2125 2.9125} -index 0 -intent none]
[16:26:39.70] /o oa:0x245c4760
[16:26:39.94] /# gi::executeAction seDelete -in [gi::getWindows 21]
[16:26:39.94] /i ise::delete
[16:26:40.35] /# gi::executeAction deCanvasZoomOutAtPoint -in [gi::getWindows 21]
[16:26:40.35] /i de::zoom -window [gi::getWindows 21] -factor 0.5 -center {6.19375 2.93125}
[16:26:40.35] /o {-0.95 -1.51875} {11.05625 5.81875}
[16:26:41.61] /# gi::executeAction seSchCreateWire -in [gi::getWindows 21]
[16:26:41.61] /i ise::createWire
[16:26:42.85] /# gi::executeAction deAddPoint -in [gi::getWindows 21]
[16:26:42.85] /i de::addPoint {6.25625 2.70625} -context [db::getNext [de::getContexts -window 21]]
[16:26:43.03] /i de::setCursor -point {6.1875 2.6875 }
[16:26:43.45] /# gi::executeAction deAddPoint -in [gi::getWindows 21]
[16:26:43.45] /i de::addPoint {6.15625 2.70625} -context [db::getNext [de::getContexts -window 21]]
[16:26:44.72] /# gi::executeAction deAddPoint -in [gi::getWindows 21]
[16:26:44.72] /i de::addPoint {8.825 2.6625} -context [db::getNext [de::getContexts -window 21]]
[16:26:45.60] /# gi::executeAction deAddPoint -in [gi::getWindows 21]
[16:26:45.60] /i de::addPoint {8.20625 2.66875} -context [db::getNext [de::getContexts -window 21]]
[16:26:46.59] /# gi::executeAction deCanvasZoomOutAtPoint -in [gi::getWindows 21]
[16:26:46.59] /i de::zoom -window [gi::getWindows 21] -factor 0.5 -center {10.4 2.45625}
[16:26:46.59] /o {-12.3 -5.49375} {11.7125 9.18125}
[16:26:47.03] /# gi::executeAction deCanvasZoomInAtPoint -in [gi::getWindows 21]
[16:26:47.03] /i de::zoom -window [gi::getWindows 21] -factor 2.0 -center {11.19375 2.13125}
[16:26:47.04] /o {-0.55625 -1.68125} {11.45625 5.65625}
[16:26:47.77] /# gi::executeAction deCanvasZoomInAtPoint -in [gi::getWindows 21]
[16:26:47.77] /i de::zoom -window [gi::getWindows 21] -factor 2.0 -center {11.1 2.7125}
[16:26:47.77] /o {5.275 0.51875} {11.275 4.18125}
[16:26:47.99] /# gi::executeAction deCanvasZoomOutAtPoint -in [gi::getWindows 21]
[16:26:47.99] /i de::zoom -window [gi::getWindows 21] -factor 0.5 -center {11.1 2.71875}
[16:26:47.99] /o {-0.55625 -1.6875} {11.45625 5.65}
[16:26:48.77] /# gi::executeAction deAbortCommand -in [gi::getWindows 21]
[16:26:48.77] /i de::abortCommand -context [db::getNext [de::getContexts -window 21]]
[16:26:49.93] /# gi::executeAction seSchCreateSchematicPin -in [gi::getWindows 21]
[16:26:49.93] /i ise::createSchematicPin
[16:26:51.69] /i gi::setField {schematicPinType} -value {output} -in [gi::getToolbars {deCommandOptions} -from [gi::getWindows 21]]
[16:26:53.33] /i gi::setField {schematicPinName} -value {out} -in [gi::getToolbars {deCommandOptions} -from [gi::getWindows 21]]
[16:26:55.10] /# gi::executeAction deAddPoint -in [gi::getWindows 21]
[16:26:55.10] /i de::addPoint {11.06875 2.7} -context [db::getNext [de::getContexts -window 21]]
[16:26:55.51] /# gi::executeAction deAbortCommand -in [gi::getWindows 21]
[16:26:55.51] /i de::abortCommand -context [db::getNext [de::getContexts -window 21]]
[16:26:56.21] /# gi::executeAction seSchCreateWire -in [gi::getWindows 21]
[16:26:56.21] /i ise::createWire
[16:26:57.14] /# gi::executeAction deAddPoint -in [gi::getWindows 21]
[16:26:57.14] /i de::addPoint {11.1375 2.6875} -context [db::getNext [de::getContexts -window 21]]
[16:26:57.22] /i de::setCursor -point {11.0625 2.6875 }
[16:26:58.12] /# gi::executeAction deAddPoint -in [gi::getWindows 21]
[16:26:58.12] /i de::addPoint {10.75625 2.6625} -context [db::getNext [de::getContexts -window 21]]
[16:27:00.81] /i de::abortCommand
[16:27:03.64] /i gi::setActiveWindow 22
[16:27:03.64] /i gi::setActiveWindow 22 -raise true
[16:27:04.95] /i gi::executeAction menuPreShow -in [gi::getWindows 22]
[16:27:04.95] /r giMenuAccess db::getNext [gi::getMenus saConsoleOutputsMenu -from [gi::getWindows 22]]
[16:27:05.81] /# gi::executeAction saSelectInDesign -in [gi::getWindows 22]
[16:27:05.81] /i sa::selectOutputs -window 22
[16:27:07.36] /# gi::executeAction deAddPoint -in [gi::getWindows 21]
[16:27:07.36] /i de::addPoint {10.94375 2.65625} -context [db::getNext [de::getContexts -window 21]]
[16:27:09.02] /i gi::setActiveWindow 22
[16:27:09.02] /i gi::setActiveWindow 22 -raise true
[16:27:09.50] /i gi::setActiveWindow 30
[16:27:09.50] /i gi::setActiveWindow 30 -raise true
[16:27:09.88] /i gi::setActiveWindow 22
[16:27:09.88] /i gi::setActiveWindow 22 -raise true
[16:27:10.53] /i gi::executeAction menuPreShow -in [gi::getWindows 22]
[16:27:10.53] /r giMenuAccess db::getNext [gi::getMenus saConsoleSimMenu -from [gi::getWindows 22]]
[16:27:10.97] /# gi::executeAction saNetlistAndRun -in [gi::getWindows 22]
[16:27:10.97] /i isa::netlistAndRun -testbench [sa::findActiveTestbench -window 22] -mode overwrite
[16:27:11.04] /r giDialog gi::setActiveDialog [gi::getDialogs {xtShowDesignsPrompt}]
[16:27:11.04] /r giDialog gi::setCurrentIndex {target} -index {0,0} -in [gi::getDialogs {xtShowDesignsPrompt}]
[16:27:11.30] /r giDialog db::setAttr geometry -of [gi::getDialogs {xtShowDesignsPrompt}] -value 649x290+626+410
[16:27:11.98] /r giDialog gi::pressButton {ok} -in [gi::getDialogs {xtShowDesignsPrompt}]
[16:27:12.00] /m Information: 
[16:27:12.00] /o Checking "inverter/FA_1bit_tb/schematic"
[16:27:12.00] /o 	[warning] Floating I/O Instance Pins
[16:27:12.00] /o 		I/O pin 'PLUS' of instance 'C9' is floating
[16:27:12.01] /o 0 Error(s),1 Warning(s),0 Message(s) found   in "inverter/FA_1bit_tb/schematic"
[16:27:12.01] /o No Design Integrity rule violations found in "inverter/FA_1bit_tb/schematic"
[16:27:12.01] /m Information: Checking process is completed: marking the design violations
[16:27:12.01] /m Information: Marking of designs is completed
[16:27:12.12] /m Information: "Starting incremental netlisting for design "inverter/FA_1bit_tb/schematic"..." (NETLISTING-010)
[16:27:12.13] /o No Design Integrity rule violations found in "inverter/FA_1bit_tb/schematic"
[16:27:12.14] /m Information: 
[16:27:12.14] /o Checking "inverter/full_adder/schematic"
[16:27:12.14] /o No rule violations found in "inverter/full_adder/schematic"
[16:27:12.16] /m Information: 
[16:27:12.16] /o Checking "inverter/CMOS/schematic"
[16:27:12.16] /o No rule violations found in "inverter/CMOS/schematic"
[16:27:12.17] /m Information: "inverter CMOS schematic" renetlisted. (NETLISTING-056)
[16:27:12.18] /m Information: "inverter FA_1bit_tb schematic" renetlisted. (NETLISTING-056)
[16:27:12.19] /m Information: "Netlisting design "inverter/FA_1bit_tb/schematic" finished successfully." (NETLISTING-012)
[16:27:12.20] /m Information: "Composing simulator input file for design "inverter/FA_1bit_tb/schematic"..."
[16:27:12.22] /m Information: "Simulator input file composed successfully for design "inverter/FA_1bit_tb/schematic""
[16:27:12.38] /m Information: "Starting HSPICE simulation for design: inverter/FA_1bit_tb/schematic"
[16:27:12.38] /# gi::collapse {jobMonitorTable} -index {0.0.0.0,0} -in [gi::getWindows 30]
[16:27:12.41] /o 1
[16:27:13.00] /m Information: "Simulation completed successfully for design: inverter/FA_1bit_tb/schematic "
[16:27:13.20] /m Information: "Evaluating and plotting outputs..."
[16:27:13.22] /e Error: Evaluating 'v(/output)': "Could not find net named: output" (HIERARCHY_COMMANDS-007)
[16:27:13.44] /j ::wf::WaveView::plotSuccess WaveView_6 {} {_72aae40_void_pp _7300d88_void_pp} 
[16:27:13.50] /m Information: Measurement calculations completed for testbench: default in 0s
[16:27:13.64] /j ::wf::WaveView::plotSuccess WaveView_6 {} {_72aae40_void_pp _7300b30_void_pp} 
[16:27:13.86] /j ::wf::WaveView::plotSuccess WaveView_6 {} {_72aae40_void_pp _7300bf8_void_pp} 
[16:27:14.06] /j ::wf::WaveView::plotSuccess WaveView_6 {} {_72aae40_void_pp _7300cc0_void_pp} 
[16:27:14.24] /j ::wf::WaveView::plotSuccess WaveView_6 {} {_72aae40_void_pp _73009a0_void_pp} 
[16:27:21.14] /i gi::pressButton {ConsoleToggleButton} -in [db::getAttr statusbar -of [gi::getWindows 30]]
[16:27:24.75] /i gi::setActiveWindow 22
[16:27:24.75] /i gi::setActiveWindow 22 -raise true
[16:27:26.75] /i gi::setCurrentIndex {outputsTable} -index {3,1} -in [gi::getWindows 22]
[16:27:26.75] /i gi::setItemSelection {outputsTable} -index {3,1} -in [gi::getWindows 22]
[16:27:26.75] /i gi::setItemSelection {outputsTable} -index {3,1} -in [gi::getWindows 22]
[16:27:26.75] /i gi::setItemSelection {analysisPane} -index {} -in [gi::getWindows 22]
[16:27:28.06] /i gi::setField {outputsTable} -index {3,1} -value {} -in [gi::getWindows 22]
[16:27:28.06] /i gi::setCurrentIndex {outputsTable} -index {2,1} -in [gi::getWindows 22]
[16:27:28.06] /i gi::setItemSelection {outputsTable} -index {} -in [gi::getWindows 22]
[16:27:28.06] /i gi::setItemSelection {outputsTable} -index {} -in [gi::getWindows 22]
[16:27:29.13] /i gi::executeAction menuPreShow -in [gi::getWindows 22]
[16:27:29.13] /r giMenuAccess db::getNext [gi::getMenus saConsoleSimMenu -from [gi::getWindows 22]]
[16:27:29.81] /# gi::executeAction saNetlistAndRun -in [gi::getWindows 22]
[16:27:29.81] /i isa::netlistAndRun -testbench [sa::findActiveTestbench -window 22] -mode overwrite
[16:27:29.87] /m Information: "Starting incremental netlisting for design "inverter/FA_1bit_tb/schematic"..." (NETLISTING-010)
[16:27:29.89] /o No Design Integrity rule violations found in "inverter/FA_1bit_tb/schematic"
[16:27:29.89] /m Information: 
[16:27:29.89] /o Checking "inverter/full_adder/schematic"
[16:27:29.89] /o No rule violations found in "inverter/full_adder/schematic"
[16:27:29.90] /m Information: 
[16:27:29.90] /o Checking "inverter/CMOS/schematic"
[16:27:29.90] /o No rule violations found in "inverter/CMOS/schematic"
[16:27:29.92] /m Information: "Netlisting design "inverter/FA_1bit_tb/schematic" finished successfully." (NETLISTING-012)
[16:27:29.93] /m Information: "Composing simulator input file for design "inverter/FA_1bit_tb/schematic"..."
[16:27:29.96] /m Information: "Simulator input file composed successfully for design "inverter/FA_1bit_tb/schematic""
[16:27:30.13] /m Information: "Starting HSPICE simulation for design: inverter/FA_1bit_tb/schematic"
[16:27:30.13] /# gi::collapse {jobMonitorTable} -index {0.0.0.0,0} -in [gi::getWindows 30]
[16:27:30.16] /o 1
[16:27:30.61] /m Information: "Simulation completed successfully for design: inverter/FA_1bit_tb/schematic "
[16:27:30.81] /m Information: "Evaluating and plotting outputs..."
[16:27:31.11] /m Information: Measurement calculations completed for testbench: default in 1s
[16:27:31.16] /j ::wf::WaveView::plotSuccess WaveView_6 {} {_7313f90_void_pp _7300a68_void_pp} 
[16:27:31.37] /j ::wf::WaveView::plotSuccess WaveView_6 {} {_7313f90_void_pp _7300d88_void_pp} 
[16:27:31.55] /j ::wf::WaveView::plotSuccess WaveView_6 {} {_7313f90_void_pp _7300b30_void_pp} 
[16:27:31.77] /j ::wf::WaveView::plotSuccess WaveView_6 {} {_7313f90_void_pp _7300bf8_void_pp} 
[16:27:31.93] /j ::wf::WaveView::plotSuccess WaveView_6 {} {_7313f90_void_pp _7300cc0_void_pp} 
[16:27:42.40] /i gi::setActiveWindow 22
[16:27:42.40] /i gi::setActiveWindow 22 -raise true
[16:27:43.53] /i gi::setActiveWindow 21
[16:27:43.53] /i gi::setActiveWindow 21 -raise true
[16:27:48.73] /# gi::executeAction seSchCreateWire -in [gi::getWindows 21]
[16:27:48.73] /i ise::createWire
[16:27:49.84] /# gi::executeAction deAddPoint -in [gi::getWindows 21]
[16:27:49.84] /i de::addPoint {5.275 2.13125} -context [db::getNext [de::getContexts -window 21]]
[16:27:49.86] /i de::setCursor -point {5.25 2.1875 }
[16:27:50.56] /# gi::executeAction deAddPoint -in [gi::getWindows 21]
[16:27:50.56] /i de::addPoint {5.25625 2.675} -context [db::getNext [de::getContexts -window 21]]
[16:27:52.41] /# gi::executeAction deAbortCommand -in [gi::getWindows 21]
[16:27:52.41] /i de::abortCommand -context [db::getNext [de::getContexts -window 21]]
[16:27:53.00] /# gi::executeAction deSelectActive -in [gi::getWindows 21]
[16:27:53.00] /i de::deselectAll [db::getNext [de::getContexts -window 21]]
[16:27:53.00] /i de::select [de::getActiveFigure [gi::getWindows 21] -point {5.23125 1.875} -index 0 -intent none]
[16:27:53.00] /o oa:0x24e12520
[16:27:54.04] /i gi::setItemSelection {parameters} -index {c,all} -in [gi::getAssistants dePropertyEditor -from [gi::getWindows 21]]
[16:27:54.04] /i gi::setCurrentIndex {parameters} -index {c,Value} -in [gi::getAssistants dePropertyEditor -from [gi::getWindows 21]]
[16:27:54.54] /i gi::setItemSelection {parameters} -index {model,all} -in [gi::getAssistants dePropertyEditor -from [gi::getWindows 21]]
[16:27:54.54] /i gi::setCurrentIndex {parameters} -index {model,Prompt} -in [gi::getAssistants dePropertyEditor -from [gi::getWindows 21]]
[16:27:55.56] /i gi::setItemSelection {parameters} -index {c,all} -in [gi::getAssistants dePropertyEditor -from [gi::getWindows 21]]
[16:27:55.56] /i gi::setCurrentIndex {parameters} -index {c,Value} -in [gi::getAssistants dePropertyEditor -from [gi::getWindows 21]]
[16:27:56.22] /i gi::setItemSelection {parameters} -index {model,all} -in [gi::getAssistants dePropertyEditor -from [gi::getWindows 21]]
[16:27:56.23] /i gi::setCurrentIndex {parameters} -index {model,Prompt} -in [gi::getAssistants dePropertyEditor -from [gi::getWindows 21]]
[16:27:57.54] /i gi::setItemSelection {parameters} -index {c,all} -in [gi::getAssistants dePropertyEditor -from [gi::getWindows 21]]
[16:27:57.54] /i gi::setCurrentIndex {parameters} -index {c,Value} -in [gi::getAssistants dePropertyEditor -from [gi::getWindows 21]]
[16:27:58.92] /i gi::setField {parameters} -value {5f\} -index {c,Value} -in [gi::getAssistants dePropertyEditor -from [gi::getWindows 21]]
[16:27:58.92] /i gi::executeAction dePropertyEditorApplyChanges -in [gi::getAssistants dePropertyEditor -from [gi::getWindows 21]]
[16:28:02.09] /i gi::setField {parameters} -value {5f} -index {c,Value} -in [gi::getAssistants dePropertyEditor -from [gi::getWindows 21]]
[16:28:02.09] /i gi::executeAction dePropertyEditorApplyChanges -in [gi::getAssistants dePropertyEditor -from [gi::getWindows 21]]
[16:28:03.08] /# gi::executeAction deSelectActive -in [gi::getWindows 21]
[16:28:03.08] /i de::deselectAll [db::getNext [de::getContexts -window 21]]
[16:28:03.08] /i de::deselectAllLogic -context [db::getNext [de::getContexts -window 21]]
[16:28:04.72] /i gi::setActiveWindow 22
[16:28:04.72] /i gi::setActiveWindow 22 -raise true
[16:28:05.85] /i gi::executeAction menuPreShow -in [gi::getWindows 22]
[16:28:05.85] /r giMenuAccess db::getNext [gi::getMenus saConsoleSimMenu -from [gi::getWindows 22]]
[16:28:06.36] /# gi::executeAction saNetlistAndRun -in [gi::getWindows 22]
[16:28:06.36] /i isa::netlistAndRun -testbench [sa::findActiveTestbench -window 22] -mode overwrite
[16:28:06.44] /r giDialog gi::setActiveDialog [gi::getDialogs {xtShowDesignsPrompt}]
[16:28:06.44] /r giDialog gi::setCurrentIndex {target} -index {0,0} -in [gi::getDialogs {xtShowDesignsPrompt}]
[16:28:06.69] /r giDialog db::setAttr geometry -of [gi::getDialogs {xtShowDesignsPrompt}] -value 649x290+626+410
[16:28:07.28] /r giDialog gi::pressButton {ok} -in [gi::getDialogs {xtShowDesignsPrompt}]
[16:28:07.30] /m Information: 
[16:28:07.30] /o Checking "inverter/FA_1bit_tb/schematic"
[16:28:07.30] /o No rule violations found in "inverter/FA_1bit_tb/schematic"
[16:28:07.30] /o No Design Integrity rule violations found in "inverter/FA_1bit_tb/schematic"
[16:28:07.30] /m Information: Checking process is completed: marking the design violations
[16:28:07.30] /m Information: Marking of designs is completed
[16:28:07.41] /m Information: "Starting incremental netlisting for design "inverter/FA_1bit_tb/schematic"..." (NETLISTING-010)
[16:28:07.43] /o No Design Integrity rule violations found in "inverter/FA_1bit_tb/schematic"
[16:28:07.43] /m Information: 
[16:28:07.43] /o Checking "inverter/full_adder/schematic"
[16:28:07.43] /o No rule violations found in "inverter/full_adder/schematic"
[16:28:07.44] /m Information: 
[16:28:07.44] /o Checking "inverter/CMOS/schematic"
[16:28:07.44] /o No rule violations found in "inverter/CMOS/schematic"
[16:28:07.47] /m Information: "inverter FA_1bit_tb schematic" renetlisted. (NETLISTING-056)
[16:28:07.47] /m Information: "Netlisting design "inverter/FA_1bit_tb/schematic" finished successfully." (NETLISTING-012)
[16:28:07.48] /m Information: "Composing simulator input file for design "inverter/FA_1bit_tb/schematic"..."
[16:28:07.51] /m Information: "Simulator input file composed successfully for design "inverter/FA_1bit_tb/schematic""
[16:28:07.66] /m Information: "Starting HSPICE simulation for design: inverter/FA_1bit_tb/schematic"
[16:28:07.67] /# gi::collapse {jobMonitorTable} -index {0.0.0.0,0} -in [gi::getWindows 30]
[16:28:07.69] /o 1
[16:28:08.21] /m Information: "Simulation completed successfully for design: inverter/FA_1bit_tb/schematic "
[16:28:08.41] /m Information: "Evaluating and plotting outputs..."
[16:28:08.77] /j ::wf::WaveView::plotSuccess WaveView_6 {} {_72b9350_void_pp _73009a0_void_pp} 
[16:28:08.80] /m Information: Measurement calculations completed for testbench: default in 0s
[16:28:08.97] /j ::wf::WaveView::plotSuccess WaveView_6 {} {_72b9350_void_pp _7300a68_void_pp} 
[16:28:09.19] /j ::wf::WaveView::plotSuccess WaveView_6 {} {_72b9350_void_pp _7300d88_void_pp} 
[16:28:09.37] /j ::wf::WaveView::plotSuccess WaveView_6 {} {_72b9350_void_pp _7300b30_void_pp} 
[16:28:09.55] /j ::wf::WaveView::plotSuccess WaveView_6 {} {_72b9350_void_pp _7300bf8_void_pp} 
[16:28:23.45] /i gi::setActiveWindow 22
[16:28:23.45] /i gi::setActiveWindow 22 -raise true
[16:28:24.53] /i gi::setActiveWindow 21
[16:28:24.53] /i gi::setActiveWindow 21 -raise true
[16:31:12.06] /# gi::executeAction deCanvasZoomInAtPoint -in [gi::getWindows 21]
[16:31:12.06] /i de::zoom -window [gi::getWindows 21] -factor 2.0 -center {0.7375 2.13125}
[16:31:12.06] /o {0.09375 0.225} {6.09375 3.8875}
[16:31:12.11] /# gi::executeAction deCanvasZoomInAtPoint -in [gi::getWindows 21]
[16:31:12.11] /i de::zoom -window [gi::getWindows 21] -factor 2.0 -center {0.7375 2.13125}
[16:31:12.11] /o {0.4125 1.175} {3.41875 3.0125}
[16:31:12.16] /# gi::executeAction deCanvasZoomInAtPoint -in [gi::getWindows 21]
[16:31:12.16] /i de::zoom -window [gi::getWindows 21] -factor 2.0 -center {0.7375 2.13125}
[16:31:12.16] /o {0.575 1.65625} {2.075 2.56875}
[16:31:12.22] /# gi::executeAction deCanvasZoomInAtPoint -in [gi::getWindows 21]
[16:31:12.22] /i de::zoom -window [gi::getWindows 21] -factor 2.0 -center {0.7375 2.13125}
[16:31:12.22] /o {0.65625 1.89375} {1.40625 2.35}
[16:31:12.59] /# gi::executeAction deCanvasZoomOutAtPoint -in [gi::getWindows 21]
[16:31:12.59] /i de::zoom -window [gi::getWindows 21] -factor 0.5 -center {1.20625 2.0875}
[16:31:12.59] /o {0.10625 1.7} {1.60625 2.6125}
[16:31:12.63] /# gi::executeAction deCanvasZoomOutAtPoint -in [gi::getWindows 21]
[16:31:12.63] /i de::zoom -window [gi::getWindows 21] -factor 0.5 -center {1.20625 2.09375}
[16:31:12.63] /o {-0.99375 1.3} {2.0125 3.1375}
[16:31:13.00] /# gi::executeAction deFitEdit -in [gi::getWindows 21]
[16:31:13.00] /i de::fit -window 21 -fitEdit true
[16:31:13.00] /o {-0.1125 -1.90625} {11.9625 5.46875}
[16:31:14.54] /# gi::executeAction deCanvasZoomInAtPoint -in [gi::getWindows 21]
[16:31:14.54] /i de::zoom -window [gi::getWindows 21] -factor 2.0 -center {0.45 2.64375}
[16:31:14.54] /o {0.16875 0.36875} {6.20625 4.05625}
[16:31:14.64] /# gi::executeAction deCanvasZoomInAtPoint -in [gi::getWindows 21]
[16:31:14.64] /i de::zoom -window [gi::getWindows 21] -factor 2.0 -center {0.625 2.60625}
[16:31:14.64] /o {0.4 1.4875} {3.4125 3.33125}
[16:31:14.74] /# gi::executeAction deCanvasZoomInAtPoint -in [gi::getWindows 21]
[16:31:14.74] /i de::zoom -window [gi::getWindows 21] -factor 2.0 -center {0.8 2.50625}
[16:31:14.74] /o {0.6 1.99375} {2.10625 2.91875}
[16:31:15.66] /# gi::executeAction deSelectActive -in [gi::getWindows 21]
[16:31:15.66] /i de::deselectAll [db::getNext [de::getContexts -window 21]]
[16:31:15.66] /i de::select [de::getActiveFigure [gi::getWindows 21] -point {1.61875 2.14375} -index 0 -intent none]
[16:31:15.66] /o oa:0x260ffbd0
[16:31:17.36] /# gi::executeAction deCanvasZoomOutAtPoint -in [gi::getWindows 21]
[16:31:17.36] /i de::zoom -window [gi::getWindows 21] -factor 0.5 -center {1.65625 2.425}
[16:31:17.36] /o {-0.45625 1.56875} {2.55625 3.4125}
[16:31:18.21] /# gi::executeAction deCanvasZoomOutAtPoint -in [gi::getWindows 21]
[16:31:18.21] /i de::zoom -window [gi::getWindows 21] -factor 0.5 -center {1.56875 2.1625}
[16:31:18.21] /o {-2.4875 0.975} {3.55 4.6625}
[16:31:18.82] /# gi::executeAction deFitEdit -in [gi::getWindows 21]
[16:31:18.82] /i de::fit -window 21 -fitEdit true
[16:31:18.82] /o {-0.1125 -1.90625} {11.9625 5.46875}
[16:31:19.65] /# gi::executeAction deSelectActive -in [gi::getWindows 21]
[16:31:19.65] /i de::deselectAll [db::getNext [de::getContexts -window 21]]
[16:31:19.65] /i de::deselectAllLogic -context [db::getNext [de::getContexts -window 21]]
[16:33:14.81] /m Information: Stopped sharing "Custom WaveView" license. (WAVEFORM-111)
[22:50:11.29] /e Error: can't read "pendingTasks": no such variable
[22:50:11.29] /e Error: can't read "pendingTasks": no such variable
[22:51:05.56] /i db::setAttr iconified -of [gi::getFrames 1] -value true
[22:53:37.91] /i db::setAttr maximized -of [gi::getFrames 1] -value true
[22:53:37.91] /i db::setAttr iconified -of [gi::getFrames 1] -value false
[22:53:39.27] /# gi::executeAction deSelectActive -in [gi::getWindows 21]
[22:53:39.27] /i de::deselectAll [db::getNext [de::getContexts -window 21]]
[22:53:39.27] /i de::select [de::getActiveFigure [gi::getWindows 21] -point {7.1125 2.7125} -index 0 -intent none]
[22:53:39.27] /o oa:0x23019530
[22:53:39.42] /# gi::executeAction deDescend -in [gi::getWindows 21]
[22:53:39.42] /i ide::descend 21 -inPlace false -promptView false -readOnly auto
[22:53:39.43] /# Navigating to inverter/CMOS/schematic (I14)
[22:53:39.53] /o true
[22:53:44.37] /# gi::executeAction deSelectActive -in [gi::getWindows 21]
[22:53:44.37] /i de::deselectAll [db::getNext [de::getContexts -window 21]]
[22:53:44.37] /i de::select [de::getActiveFigure [gi::getWindows 21] -point {1.725 2.15625} -index 0 -intent none]
[22:53:44.37] /o oa:0x265412c0
[22:54:35.74] /i gi::setActiveWindow 22
[22:54:35.74] /i gi::setActiveWindow 22 -raise true
[22:54:36.44] /i gi::setActiveWindow 27
[22:54:36.44] /i gi::setActiveWindow 27 -raise true
[22:54:37.51] /i gi::setActiveWindow 21
[22:54:37.51] /i gi::setActiveWindow 21 -raise true
[22:54:38.10] /i gi::setActiveWindow 22
[22:54:38.10] /i gi::setActiveWindow 22 -raise true
[22:54:39.07] /i gi::setActiveWindow 30
[22:54:39.07] /i gi::setActiveWindow 30 -raise true
[22:54:39.55] /i gi::setActiveWindow 22
[22:54:39.55] /i gi::setActiveWindow 22 -raise true
[22:54:40.04] /i gi::setActiveWindow 21
[22:54:40.04] /i gi::setActiveWindow 21 -raise true
[22:54:40.94] /i gi::setActiveWindow 27
[22:54:40.94] /i gi::setActiveWindow 27 -raise true
[22:54:41.82] /i gi::setActiveWindow 21
[22:54:41.82] /i gi::setActiveWindow 21 -raise true
[22:54:46.61] /i gi::executeAction deCanvasDragSelect -in [gi::getWindows 21]
[22:54:46.61] /r deCanvasDragStart 0.45625 3.1375
[22:54:47.43] /# gi::executeAction deCanvasDragEnd -in [gi::getWindows 21]
[22:54:47.43] /i gi::executeAction deCanvasDragEnd -in [gi::getWindows 21]
[22:54:47.43] /r deCanvasDragEnd 3.2125 0.2625
[22:54:49.17] /# gi::executeAction seCopy -in [gi::getWindows 21]
[22:54:49.18] /i ise::copy
[22:54:50.94] /i gi::createWindow -windowType [gi::getWindowTypes giHomePage]
[22:54:50.94] /r giWindowId 31
[22:54:50.96] /r giWindowGeometry 1040x800
[22:54:52.23] /# gi::pressButton {/scroll/scrollArea/scrollAreaInnerWidget/applications/dmLibraryManager} -in [gi::getWindows 31]
[22:54:52.23] /# 
[22:54:52.23] /i dm::openLibraryManager
[22:54:52.23] /r giWindowId 32
[22:54:52.24] /r giWindowGeometry 1910x1077+5+80
[22:54:52.28] /o oa:0x2625be30
[22:54:52.28] /i gi::closeWindows [gi::getWindows 31]
[22:54:53.50] /i gi::setCurrentIndex {libs} -index {inverter} -in [gi::getWindows 32]
[22:54:53.51] /i gi::setItemSelection {libs} -index {inverter} -in [gi::getWindows 32]
[22:54:54.18] /i gi::setCurrentIndex {cellCategories} -index {LAB3} -in [gi::getWindows 32]
[22:54:54.18] /i gi::setItemSelection {cellCategories} -index {LAB3} -in [gi::getWindows 32]
[22:55:02.15] /i gi::setCurrentIndex {cells} -index {FA_1bit_tb} -in [gi::getWindows 32]
[22:55:02.16] /# gi::executeAction dmShowNewCell -in [gi::getWindows 32]
[22:55:02.16] /i dm::showNewCell -parent 32
[22:55:02.17] /o oa:0x274f0f20
[22:55:02.22] /i gi::setActiveDialog [gi::getDialogs {dmNewCell} -parent [gi::getWindows 32]]
[22:55:02.49] /i db::setAttr geometry -of [gi::getDialogs {dmNewCell} -parent [gi::getWindows 32]] -value 448x227+726+442
[22:55:06.09] /i gi::setField {cellName} -value {inv} -in [gi::getDialogs {dmNewCell} -parent [gi::getWindows 32]]
[22:55:06.19] /i gi::pressButton {ok} -in [gi::getDialogs {dmNewCell} -parent [gi::getWindows 32]]
[22:55:06.25] /r giDialog gi::setActiveDialog [gi::getDialogs {dmOverwrite}]
[22:55:06.49] /r giDialog db::setAttr geometry -of [gi::getDialogs {dmOverwrite}] -value 223x82+839+514
[22:55:07.27] /r giDialog gi::pressButton {overwrite} -in [gi::getDialogs {dmOverwrite}]
[22:55:07.30] /e Error: The following file(s) are write locked by other sessions: 
              /c Error: Cannot unlock file(s):
              /c inverter/inv/DMData (DATA_MANAGEMENT-033)
              /c The files in those session must be closed or have their write access released before this operation can be performed.
[22:55:07.37] /r giDialog gi::setActiveDialog [gi::getDialogs {dmErrorDialog}]
[22:55:07.63] /r giDialog db::setAttr geometry -of [gi::getDialogs {dmErrorDialog}] -value 460x82+720+514
[22:55:08.30] /r giDialog gi::pressButton {ok} -in [gi::getDialogs {dmErrorDialog}]
[22:55:08.31] /i gi::setActiveDialog [gi::getDialogs {dmNewCell} -parent [gi::getWindows 32]]
[22:55:13.13] /i gi::setField {cellName} -value {CMOS_LAB3} -in [gi::getDialogs {dmNewCell} -parent [gi::getWindows 32]]
[22:55:13.21] /i gi::pressButton {ok} -in [gi::getDialogs {dmNewCell} -parent [gi::getWindows 32]]
[22:55:13.21] /# dm::createCell CMOS\_LAB3 -lib [ oa::LibFind [oa::ScalarName [oa::CdbaNS] inverter]]
[22:55:13.21] /# dm::addToCellCategory [db::getNext [dm::getCellCategories -libName inverter -filter "%name == \"LAB3\""]] -cell [dm::findCell CMOS\_LAB3 -libName inverter]
[22:55:13.22] /# gi::setItemSelection {cells} -index {CMOS_LAB3} -in [gi::getDialogs {dmNewCell} -parent [gi::getWindows 32]]
[22:55:14.22] /i gi::setCurrentIndex {cells} -index {CMOS_LAB3} -in [gi::getWindows 32]
[22:55:14.22] /i gi::setItemSelection {cells} -index {CMOS_LAB3} -in [gi::getWindows 32]
[22:55:15.52] /# gi::executeAction dmShowNewCellView -in [gi::getWindows 32]
[22:55:15.52] /i dm::showNewCellView -parent 32
[22:55:15.54] /o oa:0x1f2f02c0
[22:55:15.58] /i gi::setActiveDialog [gi::getDialogs {dmNewCellView} -parent [gi::getWindows 32]]
[22:55:15.85] /i db::setAttr geometry -of [gi::getDialogs {dmNewCellView} -parent [gi::getWindows 32]] -value 588x285+656+413
[22:55:18.80] /i gi::setField {cellViewName} -value {schematic} -in [gi::getDialogs {dmNewCellView} -parent [gi::getWindows 32]]
[22:55:19.85] /i gi::pressButton {apply} -in [gi::getDialogs {dmNewCellView} -parent [gi::getWindows 32]]
[22:55:19.86] /# db::getAttr viewType -of [dm::findCellView schematic -cell [dm::findCell CMOS\_LAB3 -lib [oa::LibFind [oa::ScalarName [oa::CdbaNS] inverter]]]]
[22:55:19.86] /# dm::createCellView schematic -cell [dm::findCell CMOS\_LAB3 -lib [ oa::LibFind [oa::ScalarName [oa::CdbaNS] inverter]]] -viewType schematic
[22:55:19.86] /# dm::addToCellCategory [db::getNext [dm::getCellCategories -libName inverter -filter "%name == \"LAB3\""]] -cell [dm::findCell CMOS\_LAB3 -libName inverter]
[22:55:19.86] /# de::open [dm::findCellView schematic -cell [dm::findCell CMOS\_LAB3 -lib [oa::LibFind [oa::ScalarName [oa::CdbaNS] inverter]]]] -application seSchematic
[22:55:19.89] /r giWindowId 33
[22:55:19.90] /r giWindowGeometry 1632x1020
[22:55:20.06] /m Information: 
[22:55:20.06] /o Checking "inverter/CMOS_LAB3/schematic"
[22:55:20.06] /o No rule violations found in "inverter/CMOS_LAB3/schematic"
[22:55:20.06] /m Information: Checking process is completed: marking the design violations
[22:55:20.06] /m Information: Marking of designs is completed
[22:55:20.59] /i gi::setActiveWindow 32
[22:55:20.59] /i gi::setActiveWindow 32 -raise true
[22:55:20.63] /i gi::pressButton {ok} -in [gi::getDialogs {dmNewCellView} -parent [gi::getWindows 32]]
[22:55:20.63] /# db::getAttr viewType -of [dm::findCellView schematic -cell [dm::findCell CMOS\_LAB3 -lib [oa::LibFind [oa::ScalarName [oa::CdbaNS] inverter]]]]
[22:55:20.70] /r giDialog gi::setActiveDialog [gi::getDialogs {dmOverwrite}]
[22:55:20.96] /r giDialog db::setAttr geometry -of [gi::getDialogs {dmOverwrite}] -value 299x82+801+514
[22:55:21.49] /r giDialog gi::pressButton {overwrite} -in [gi::getDialogs {dmOverwrite}]
[22:55:21.51] /# db::destroy [dm::findCellView schematic -cellName CMOS\_LAB3 -libName inverter]
[22:55:21.57] /m Information: The context with top design inverter/CMOS_LAB3/schematic was closed because all the designs in its hierarchy were unexpectedly purged. (DESIGN-113)
[22:55:21.58] /# dm::createCellView schematic -cell [dm::findCell CMOS\_LAB3 -lib [ oa::LibFind [oa::ScalarName [oa::CdbaNS] inverter]]] -viewType schematic
[22:55:21.58] /# dm::addToCellCategory [db::getNext [dm::getCellCategories -libName inverter -filter "%name == \"LAB3\""]] -cell [dm::findCell CMOS\_LAB3 -libName inverter]
[22:55:21.58] /# de::open [dm::findCellView schematic -cell [dm::findCell CMOS\_LAB3 -lib [oa::LibFind [oa::ScalarName [oa::CdbaNS] inverter]]]] -application seSchematic
[22:55:21.60] /r giWindowId 34
[22:55:21.61] /r giWindowGeometry 1632x1020
[22:55:21.79] /m Information: 
[22:55:21.79] /o Checking "inverter/CMOS_LAB3/schematic"
[22:55:21.79] /o No rule violations found in "inverter/CMOS_LAB3/schematic"
[22:55:21.79] /m Information: Checking process is completed: marking the design violations
[22:55:21.79] /m Information: Marking of designs is completed
[22:55:22.31] /# gi::executeAction deSelectActive -in [gi::getWindows 34]
[22:55:22.31] /i de::deselectAllLogic -context [db::getNext [de::getContexts -window 34]]
[22:55:23.02] /# gi::executeAction dbPrint -in [gi::getWindows 34]
[22:55:23.02] /i db::showPrint -parent 34
[22:55:23.07] /o oa:0x287baaf0
[22:55:23.11] /i gi::setActiveDialog [gi::getDialogs {dbPrint} -parent [gi::getWindows 34]]
[22:55:23.39] /i db::setAttr geometry -of [gi::getDialogs {dbPrint} -parent [gi::getWindows 34]] -value 638x650+631+230
[22:55:23.78] /i gi::closeWindows [gi::getDialogs {dbPrint} -parent [gi::getWindows 34]]
[22:55:25.19] /# gi::executeAction seCreateInst -in [gi::getWindows 34]
[22:55:25.19] /i ise::createInst
[22:55:25.25] /i gi::setActiveDialog [gi::getDialogs {seCreateInst} -parent [gi::getWindows 34]]
[22:55:25.51] /i db::setAttr geometry -of [gi::getDialogs {seCreateInst}] -value 359x337+0+65
[22:55:29.25] /i gi::setActiveWindow 32
[22:55:29.25] /i gi::setActiveWindow 32 -raise true
[22:55:30.52] /i gi::closeWindows [gi::getDialogs {seCreateInst} -parent [gi::getWindows 34]]
[22:55:32.11] /i gi::setActiveWindow 34
[22:55:32.11] /i gi::setActiveWindow 34 -raise true
[22:55:33.31] /i gi::executeAction giCloseWindow -in [gi::getWindows 32]
[22:55:34.20] /i gi::setActiveWindow 30
[22:55:34.20] /i gi::setActiveWindow 30 -raise true
[22:55:34.77] /i gi::setActiveWindow 22
[22:55:34.77] /i gi::setActiveWindow 22 -raise true
[22:55:35.22] /i gi::executeAction giCloseWindow -in [gi::getWindows 22]
[22:55:35.29] /r giDialog gi::setActiveDialog [gi::getDialogs {giPrompt} -parent [gi::getWindows 22]]
[22:55:35.59] /r giDialog db::setAttr geometry -of [gi::getDialogs {giPrompt} -parent [gi::getWindows 22]] -value 292x82+814+573
[22:55:36.43] /r giDialog gi::closeWindows [gi::getDialogs {giPrompt} -parent [gi::getWindows 22]]
[22:55:37.13] /i gi::setActiveWindow 21
[22:55:37.13] /i gi::setActiveWindow 21 -raise true
[22:55:38.84] /# gi::executeAction deAddPoint -in [gi::getWindows 21]
[22:55:38.84] /i de::addPoint {2.05 2.31875} -context [db::getNext [de::getContexts -window 21]]
[22:55:40.30] /i gi::setActiveWindow 34 -raise true
[22:55:40.30] /i gi::setActiveWindow 34 -raise true
[22:55:41.21] /# gi::executeAction deAddPoint -in [gi::getWindows 34]
[22:55:41.21] /i de::addPoint {3.65625 3.04375} -context [db::getNext [de::getContexts -window 34]]
[22:55:41.55] /i gi::executeAction deCanvasDragCancel -in [gi::getWindows 34]
[22:55:41.99] /# gi::executeAction deCanvasZoomInAtPoint -in [gi::getWindows 34]
[22:55:41.99] /i de::zoom -window [gi::getWindows 34] -factor 2.0 -center {4.25625 3.26875}
[22:55:41.99] /o {1.39375 1.1875} {6.3 4.1875}
[22:55:42.32] /# gi::executeAction deSelectActive -in [gi::getWindows 34]
[22:55:42.32] /i de::deselectAll [db::getNext [de::getContexts -window 34]]
[22:55:42.32] /i de::deselectAllLogic -context [db::getNext [de::getContexts -window 34]]
[22:55:43.60] /# gi::executeAction deSelectActive -in [gi::getWindows 34]
[22:55:43.60] /i de::deselectAll [db::getNext [de::getContexts -window 34]]
[22:55:43.60] /i de::select [de::getActiveFigure [gi::getWindows 34] -point {3.38125 2.96875} -index 0 -intent none]
[22:55:43.60] /o oa:0x28825360
[22:55:44.90] /i gi::setItemSelection {parameters} -index {l,all} -in [gi::getAssistants dePropertyEditor -from [gi::getWindows 34]]
[22:55:44.90] /i gi::setCurrentIndex {parameters} -index {l,Value} -in [gi::getAssistants dePropertyEditor -from [gi::getWindows 34]]
[22:55:46.06] /i gi::setField {parameters} -value {0.1u} -index {l,Value} -in [gi::getAssistants dePropertyEditor -from [gi::getWindows 34]]
[22:55:46.06] /i gi::executeAction dePropertyEditorApplyChanges -in [gi::getAssistants dePropertyEditor -from [gi::getWindows 34]]
[22:55:46.94] /i gi::setItemSelection {parameters} -index {w,all} -in [gi::getAssistants dePropertyEditor -from [gi::getWindows 34]]
[22:55:46.94] /i gi::setCurrentIndex {parameters} -index {w,Value} -in [gi::getAssistants dePropertyEditor -from [gi::getWindows 34]]
[22:55:50.91] /# gi::executeAction deSelectActive -in [gi::getWindows 34]
[22:55:50.91] /i de::deselectAll [db::getNext [de::getContexts -window 34]]
[22:55:50.91] /i de::select [de::getActiveFigure [gi::getWindows 34] -point {3.2875 2.1875} -index 0 -intent none]
[22:55:50.91] /o oa:0x282d7d20
[22:55:51.90] /i gi::setItemSelection {parameters} -index {wtot,all} -in [gi::getAssistants dePropertyEditor -from [gi::getWindows 34]]
[22:55:51.91] /i gi::setCurrentIndex {parameters} -index {wtot,Value} -in [gi::getAssistants dePropertyEditor -from [gi::getWindows 34]]
[22:55:53.02] /i gi::setItemSelection {parameters} -index {entryMode,all} -in [gi::getAssistants dePropertyEditor -from [gi::getWindows 34]]
[22:55:53.02] /i gi::setCurrentIndex {parameters} -index {entryMode,Value} -in [gi::getAssistants dePropertyEditor -from [gi::getWindows 34]]
[22:55:53.65] /i gi::setItemSelection {parameters} -index {l,all} -in [gi::getAssistants dePropertyEditor -from [gi::getWindows 34]]
[22:55:53.65] /i gi::setCurrentIndex {parameters} -index {l,Value} -in [gi::getAssistants dePropertyEditor -from [gi::getWindows 34]]
[22:55:54.89] /i gi::setField {parameters} -value {0.1u} -index {l,Value} -in [gi::getAssistants dePropertyEditor -from [gi::getWindows 34]]
[22:55:54.89] /i gi::executeAction dePropertyEditorApplyChanges -in [gi::getAssistants dePropertyEditor -from [gi::getWindows 34]]
[22:56:18.83] /# gi::executeAction deSelectActive -in [gi::getWindows 34]
[22:56:18.83] /i de::deselectAll [db::getNext [de::getContexts -window 34]]
[22:56:18.83] /i de::select [de::getActiveFigure [gi::getWindows 34] -point {3.3 2.9875} -index 0 -intent none]
[22:56:18.84] /o oa:0x27780290
[22:56:19.70] /i gi::setItemSelection {parameters} -index {w,all} -in [gi::getAssistants dePropertyEditor -from [gi::getWindows 34]]
[22:56:19.70] /i gi::setCurrentIndex {parameters} -index {w,Value} -in [gi::getAssistants dePropertyEditor -from [gi::getWindows 34]]
[22:56:21.56] /i gi::setField {parameters} -value {0.48u} -index {w,Value} -in [gi::getAssistants dePropertyEditor -from [gi::getWindows 34]]
[22:56:21.56] /i gi::executeAction dePropertyEditorApplyChanges -in [gi::getAssistants dePropertyEditor -from [gi::getWindows 34]]
[22:56:23.02] /# gi::executeAction deSelectActive -in [gi::getWindows 34]
[22:56:23.02] /i de::deselectAll [db::getNext [de::getContexts -window 34]]
[22:56:23.02] /i de::select [de::getActiveFigure [gi::getWindows 34] -point {3.26875 2.2} -index 0 -intent none]
[22:56:23.02] /o oa:0x28927950
[22:56:24.20] /i gi::setItemSelection {parameters} -index {w,all} -in [gi::getAssistants dePropertyEditor -from [gi::getWindows 34]]
[22:56:24.21] /i gi::setCurrentIndex {parameters} -index {w,Value} -in [gi::getAssistants dePropertyEditor -from [gi::getWindows 34]]
[22:56:25.89] /i gi::setField {parameters} -value {0.24u} -index {w,Value} -in [gi::getAssistants dePropertyEditor -from [gi::getWindows 34]]
[22:56:25.89] /i gi::executeAction dePropertyEditorApplyChanges -in [gi::getAssistants dePropertyEditor -from [gi::getWindows 34]]
[22:56:26.90] /# gi::executeAction deSelectActive -in [gi::getWindows 34]
[22:56:26.90] /i de::deselectAll [db::getNext [de::getContexts -window 34]]
[22:56:26.90] /i de::deselectAllLogic -context [db::getNext [de::getContexts -window 34]]
[22:56:27.80] /# gi::executeAction seSchCheckAndSave -in [gi::getWindows 34]
[22:56:27.80] /i ise::check
[22:56:27.81] /m Information: 
[22:56:27.81] /o Checking "inverter/CMOS_LAB3/schematic"
[22:56:27.82] /o No rule violations found in "inverter/CMOS_LAB3/schematic"
[22:56:27.82] /m Information: Checking process is completed: marking the design violations
[22:56:27.83] /m Information: Marking of designs is completed
[22:56:27.83] /o true
[22:56:27.94] /# gi::executeAction seSchCheckAndSave -in [gi::getWindows 34]
[22:56:27.94] /i ise::check
[22:56:27.95] /m Information: 
[22:56:27.95] /o Checking "inverter/CMOS_LAB3/schematic"
[22:56:27.95] /o No rule violations found in "inverter/CMOS_LAB3/schematic"
[22:56:27.95] /m Information: Checking process is completed: marking the design violations
[22:56:27.95] /m Information: Marking of designs is completed
[22:56:27.95] /o true
[22:56:28.06] /# gi::executeAction seSchCheckAndSave -in [gi::getWindows 34]
[22:56:28.06] /i ise::check
[22:56:28.06] /m Information: 
[22:56:28.06] /o Checking "inverter/CMOS_LAB3/schematic"
[22:56:28.06] /o No rule violations found in "inverter/CMOS_LAB3/schematic"
[22:56:28.06] /m Information: Checking process is completed: marking the design violations
[22:56:28.08] /m Information: Marking of designs is completed
[22:56:28.08] /o true
[22:56:32.00] /# gi::executeAction deCellviewFromCellview -in [gi::getWindows 34]
[22:56:32.00] /i db::showCellViewFromCellView -src [db::getAttr container -of [db::getAttr editFile -of [db::getNext [de::getContexts -window 34]]]] 
[22:56:32.02] /o oa:0x28214d70
[22:56:32.06] /i gi::setActiveDialog [gi::getDialogs {dbCellViewFromCellView}]
[22:56:32.31] /i db::setAttr geometry -of [gi::getDialogs {dbCellViewFromCellView}] -value 628x339+636+409
[22:56:33.59] /i gi::pressButton {apply} -in [gi::getDialogs {dbCellViewFromCellView}]
[22:56:33.64] /r giWindowId 35
[22:56:33.66] /r giWindowGeometry 1632x1020
[22:56:35.01] /# gi::executeAction deFitView -in [gi::getWindows 35]
[22:56:35.01] /i de::fit -window 35 -fitView true
[22:56:35.01] /o {-0.9125 -0.7} {1.975 0.7875}
[22:56:35.93] /# gi::executeAction seButton1DragStart -in [gi::getWindows 35]
[22:56:35.93] /i ise::stretch -object [de::getActiveFigure [gi::getWindows 35] -point {1.0875 0.65} -index 0 -intent none] -point {1.0625 0.625}
[22:56:37.28] /# gi::executeAction deEndDrag -in [gi::getWindows 35]
[22:56:37.28] /i de::endDrag {0.4625 0.2875} -context [db::getNext [de::getContexts -window 35]]
[22:56:37.66] /# gi::executeAction deSelectActive -in [gi::getWindows 35]
[22:56:37.66] /i de::deselectAllLogic -context [db::getNext [de::getContexts -window 35]]
[22:56:38.28] /# gi::executeAction seButton1DragStart -in [gi::getWindows 35]
[22:56:38.28] /i ise::stretch -object [de::getActiveFigure [gi::getWindows 35] -point {0.43125 0.3625} -index 0 -intent none] -point {0.4375 0.375}
[22:56:39.07] /# gi::executeAction deEndDrag -in [gi::getWindows 35]
[22:56:39.07] /i de::endDrag {0.5 0.25625} -context [db::getNext [de::getContexts -window 35]]
[22:56:39.89] /i gi::executeAction deSaveDesign -in [gi::getWindows 35]
[22:56:39.90] /m Information: Saving design 'inverter CMOS_LAB3 symbol'. (DESIGN_WINDOW-004)
[22:56:40.60] /i gi::executeAction deSaveDesign -in [gi::getWindows 35]
[22:56:40.60] /m Information: Saving design 'inverter CMOS_LAB3 symbol'. (DESIGN_WINDOW-004)
[22:56:40.73] /i gi::executeAction deSaveDesign -in [gi::getWindows 35]
[22:56:40.73] /m Information: Saving design 'inverter CMOS_LAB3 symbol'. (DESIGN_WINDOW-004)
[22:56:40.88] /i gi::executeAction deSaveDesign -in [gi::getWindows 35]
[22:56:40.88] /m Information: Saving design 'inverter CMOS_LAB3 symbol'. (DESIGN_WINDOW-004)
[22:56:41.56] /i gi::setActiveWindow 34
[22:56:41.56] /i gi::setActiveWindow 34 -raise true
[22:56:41.94] /i gi::setActiveWindow 30
[22:56:41.94] /i gi::setActiveWindow 30 -raise true
[22:56:42.25] /i gi::setActiveWindow 22
[22:56:42.25] /i gi::setActiveWindow 22 -raise true
[22:56:43.12] /i gi::setActiveWindow 21
[22:56:43.12] /i gi::setActiveWindow 21 -raise true
[22:56:44.12] /i gi::executeAction giCloseWindow -in [gi::getWindows 21]
[22:56:44.13] /i gi::setActiveWindow 22
[22:56:44.13] /i gi::setActiveWindow 22 -raise true
[22:56:44.78] /i gi::setActiveWindow 27
[22:56:44.78] /i gi::setActiveWindow 27 -raise true
[22:56:46.61] /i gi::executeAction giCloseWindow -in [gi::getWindows 27]
[22:56:46.62] /i gi::setActiveWindow 22
[22:56:46.62] /i gi::setActiveWindow 22 -raise true
[22:56:48.48] /i gi::setActiveWindow 2
[22:56:48.48] /i gi::setActiveWindow 2 -raise true
[22:59:12.15] /i gi::setCurrentIndex {cells} -index {CMOS_LAB3} -in [gi::getWindows 2]
[22:59:12.16] /i gi::setItemSelection {cells} -index {CMOS_LAB3} -in [gi::getWindows 2]
[22:59:12.56] /i gi::setCurrentIndex {cells} -index {FA_1bit_tb} -in [gi::getWindows 2]
[22:59:12.56] /i gi::setItemSelection {cells} -index {FA_1bit_tb} -in [gi::getWindows 2]
[22:59:13.12] /i gi::setCurrentIndex {cells} -index {full_adder} -in [gi::getWindows 2]
[22:59:13.13] /i gi::setItemSelection {cells} -index {full_adder} -in [gi::getWindows 2]
[22:59:15.01] /i gi::setCurrentIndex {views} -index {schematic} -in [gi::getWindows 2]
[22:59:15.02] /i gi::setItemSelection {views} -index {schematic} -in [gi::getWindows 2]
[22:59:15.55] /i gi::executeAction dmOpen -in [gi::getWindows 2]
[22:59:15.59] /r giWindowId 36
[22:59:15.61] /r giWindowGeometry 1632x1020
[22:59:15.76] /m Information: 
[22:59:15.76] /o Checking "inverter/full_adder/schematic"
[22:59:15.76] /o No rule violations found in "inverter/full_adder/schematic"
[22:59:15.76] /m Information: Checking process is completed: marking the design violations
[22:59:15.76] /m Information: Marking of designs is completed
[22:59:18.19] /i gi::setActiveWindow 2
[22:59:18.19] /i gi::setActiveWindow 2 -raise true
[22:59:19.27] /i gi::setCurrentIndex {cells} -index {CMOS_LAB3} -in [gi::getWindows 2]
[22:59:19.28] /i gi::setItemSelection {cells} -index {CMOS_LAB3} -in [gi::getWindows 2]
[22:59:19.66] /i gi::setCurrentIndex {cells} -index {FA_1bit_tb} -in [gi::getWindows 2]
[22:59:19.66] /i gi::setItemSelection {cells} -index {FA_1bit_tb} -in [gi::getWindows 2]
[22:59:20.84] /i gi::setCurrentIndex {views} -index {schematic} -in [gi::getWindows 2]
[22:59:20.84] /i gi::setItemSelection {views} -index {schematic} -in [gi::getWindows 2]
[22:59:20.98] /i gi::executeAction dmOpen -in [gi::getWindows 2]
[22:59:21.00] /r giWindowId 37
[22:59:21.01] /r giWindowGeometry 1632x1020
[22:59:21.17] /o "inverter/FA_1bit_tb/schematic" design does not need checking
[22:59:22.04] /# gi::executeAction deSelectActive -in [gi::getWindows 37]
[22:59:22.04] /i de::deselectAll [db::getNext [de::getContexts -window 37]]
[22:59:22.04] /i de::select [de::getActiveFigure [gi::getWindows 37] -point {9.6375 2.55625} -index 0 -intent none]
[22:59:22.04] /o oa:0x1e7c87f0
[22:59:22.86] /# gi::executeAction seDelete -in [gi::getWindows 37]
[22:59:22.86] /i ise::delete
[22:59:23.58] /# gi::executeAction deSelectActive -in [gi::getWindows 37]
[22:59:23.58] /i de::deselectAll [db::getNext [de::getContexts -window 37]]
[22:59:23.58] /i de::select [de::getActiveFigure [gi::getWindows 37] -point {7.3625 2.7625} -index 0 -intent none]
[22:59:23.58] /o oa:0x23d183c0
[22:59:23.86] /# gi::executeAction seDelete -in [gi::getWindows 37]
[22:59:23.86] /i ise::delete
[22:59:24.54] /i gi::executeAction deCanvasDragCancel -in [gi::getWindows 37]
[22:59:24.67] /# gi::executeAction deSelectActive -in [gi::getWindows 37]
[22:59:24.67] /i de::deselectAllLogic -context [db::getNext [de::getContexts -window 37]]
[22:59:25.51] /# gi::executeAction seCreateInst -in [gi::getWindows 37]
[22:59:25.51] /i ise::createInst
[22:59:25.57] /i gi::setActiveDialog [gi::getDialogs {seCreateInst} -parent [gi::getWindows 37]]
[22:59:25.87] /i db::setAttr geometry -of [gi::getDialogs {seCreateInst}] -value 359x337+0+65
[22:59:27.89] /i gi::setField {instMasterLib} -value {inverter} -in [gi::getDialogs {seCreateInst} -parent [gi::getWindows 37]]
[22:59:28.18] /i db::setAttr geometry -of [gi::getDialogs {seCreateInst}] -value 359x337+0+65
[22:59:30.71] /i gi::setField {instMasterCell} -value {CMOS_LAB3} -in [gi::getDialogs {seCreateInst} -parent [gi::getWindows 37]]
[22:59:31.02] /i db::setAttr geometry -of [gi::getDialogs {seCreateInst}] -value 359x337+0+65
[22:59:34.72] /# gi::executeAction deAddPoint -in [gi::getWindows 37]
[22:59:34.72] /i de::addPoint {6.25625 2.6875} -context [db::getNext [de::getContexts -window 37]]
[22:59:36.37] /# gi::executeAction deAddPoint -in [gi::getWindows 37]
[22:59:36.37] /i de::addPoint {8.8375 2.6875} -context [db::getNext [de::getContexts -window 37]]
[22:59:36.51] /# gi::executeAction deAbortCommand -in [gi::getWindows 37]
[22:59:36.51] /i de::abortCommand -context [db::getNext [de::getContexts -window 37]]
[22:59:37.87] /# gi::executeAction seSchCreateWire -in [gi::getWindows 37]
[22:59:37.88] /i ise::createWire
[22:59:39.12] /# gi::executeAction deAddPoint -in [gi::getWindows 37]
[22:59:39.12] /i de::addPoint {7.25 2.6875} -context [db::getNext [de::getContexts -window 37]]
[22:59:39.14] /i de::setCursor -point {7.3125 2.6875 }
[22:59:39.96] /# gi::executeAction deAddPoint -in [gi::getWindows 37]
[22:59:39.96] /i de::addPoint {8.19375 2.69375} -context [db::getNext [de::getContexts -window 37]]
[22:59:41.18] /# gi::executeAction deAddPoint -in [gi::getWindows 37]
[22:59:41.18] /i de::addPoint {9.7875 2.69375} -context [db::getNext [de::getContexts -window 37]]
[22:59:42.22] /# gi::executeAction deAddPoint -in [gi::getWindows 37]
[22:59:42.22] /i de::addPoint {10.75625 2.675} -context [db::getNext [de::getContexts -window 37]]
[22:59:42.80] /# gi::executeAction deAbortCommand -in [gi::getWindows 37]
[22:59:42.80] /i de::abortCommand -context [db::getNext [de::getContexts -window 37]]
[22:59:44.51] /i gi::setActiveWindow 22
[22:59:44.51] /i gi::setActiveWindow 22 -raise true
[22:59:45.43] /i gi::executeAction menuPreShow -in [gi::getWindows 22]
[22:59:45.43] /r giMenuAccess db::getNext [gi::getMenus saConsoleOutputsMenu -from [gi::getWindows 22]]
[22:59:46.36] /# gi::executeAction saSelectInDesign -in [gi::getWindows 22]
[22:59:46.36] /i sa::selectOutputs -window 22
[22:59:48.21] /# gi::executeAction deAddPoint -in [gi::getWindows 37]
[22:59:48.21] /i de::addPoint {10.5125 2.6625} -context [db::getNext [de::getContexts -window 37]]
[22:59:48.57] /# gi::executeAction deAddPoint -in [gi::getWindows 37]
[22:59:48.57] /i de::addPoint {10.5125 2.6625} -context [db::getNext [de::getContexts -window 37]]
[22:59:50.42] /i gi::setActiveWindow 36
[22:59:50.42] /i gi::setActiveWindow 36 -raise true
[22:59:50.82] /i gi::setActiveWindow 22
[22:59:50.82] /i gi::setActiveWindow 22 -raise true
[22:59:52.85] /i gi::executeAction menuPreShow -in [gi::getWindows 22]
[22:59:52.85] /r giMenuAccess db::getNext [gi::getMenus saConsoleSimMenu -from [gi::getWindows 22]]
[22:59:54.01] /# gi::executeAction saNetlistAndRun -in [gi::getWindows 22]
[22:59:54.01] /i isa::netlistAndRun -testbench [sa::findActiveTestbench -window 22] -mode overwrite
[22:59:54.10] /r giDialog gi::setActiveDialog [gi::getDialogs {xtShowDesignsPrompt}]
[22:59:54.10] /r giDialog gi::setCurrentIndex {target} -index {0,0} -in [gi::getDialogs {xtShowDesignsPrompt}]
[22:59:54.36] /r giDialog db::setAttr geometry -of [gi::getDialogs {xtShowDesignsPrompt}] -value 649x290+626+410
[22:59:55.32] /r giDialog gi::pressButton {ok} -in [gi::getDialogs {xtShowDesignsPrompt}]
[22:59:55.35] /m Information: 
[22:59:55.35] /o Checking "inverter/FA_1bit_tb/schematic"
[22:59:55.35] /o No rule violations found in "inverter/FA_1bit_tb/schematic"
[22:59:55.35] /o No Design Integrity rule violations found in "inverter/FA_1bit_tb/schematic"
[22:59:55.35] /m Information: Checking process is completed: marking the design violations
[22:59:55.36] /m Information: Marking of designs is completed
[22:59:55.52] /m Information: "Starting incremental netlisting for design "inverter/FA_1bit_tb/schematic"..." (NETLISTING-010)
[22:59:55.53] /o No Design Integrity rule violations found in "inverter/FA_1bit_tb/schematic"
[22:59:55.54] /m Information: 
[22:59:55.54] /o Checking "inverter/full_adder/schematic"
[22:59:55.54] /o No rule violations found in "inverter/full_adder/schematic"
[22:59:55.57] /m Information: "inverter CMOS_LAB3 schematic" renetlisted. (NETLISTING-056)
[22:59:55.58] /m Information: "inverter FA_1bit_tb schematic" renetlisted. (NETLISTING-056)
[22:59:55.59] /m Information: "Netlisting design "inverter/FA_1bit_tb/schematic" finished successfully." (NETLISTING-012)
[22:59:55.60] /m Information: "Composing simulator input file for design "inverter/FA_1bit_tb/schematic"..."
[22:59:55.63] /m Information: "Simulator input file composed successfully for design "inverter/FA_1bit_tb/schematic""
[22:59:55.88] /m Information: "Starting HSPICE simulation for design: inverter/FA_1bit_tb/schematic"
[22:59:55.89] /# gi::collapse {jobMonitorTable} -index {0.0.0.0,0} -in [gi::getWindows 30]
[22:59:55.93] /o 1
[22:59:56.49] /m Information: "Simulation completed successfully for design: inverter/FA_1bit_tb/schematic "
[22:59:56.72] /m Information: Launching Background sae_shell Server Process "cd /home/itsupport/Desktop/lab1vlsi && sae_shell -log sae_shell_session7_job3 -libDefFile /home/itsupport/Desktop/lab1vlsi/lib.defs"
[22:59:56.74] /m Information: "Evaluating and plotting outputs..."
[22:59:56.76] /m Information: Started sharing "Custom WaveView" license. (WAVEFORM-110)
[22:59:57.16] /j ::wf::WaveView::plotSuccess WaveView_6 {} {_789a4a0_void_pp _7300cc0_void_pp} 
[22:59:57.37] /j ::wf::WaveView::plotSuccess WaveView_6 {} {_789a4a0_void_pp _73009a0_void_pp} 
[22:59:57.63] /j ::wf::WaveView::plotSuccess WaveView_6 {} {_789a4a0_void_pp _7300a68_void_pp} 
[22:59:57.87] /j ::wf::WaveView::plotSuccess WaveView_6 {} {_789a4a0_void_pp _7300d88_void_pp} 
[22:59:58.15] /j ::wf::WaveView::plotSuccess WaveView_6 {} {_789a4a0_void_pp _7300b30_void_pp} 
[23:00:00.49] /m Information: Received ready-for-commands signal from background job 'sae_shell_session7_job3' after 4 seconds.
[23:00:00.99] /m Information: Measurement calculations completed for testbench: default in 0s
[23:00:52.98] /i gi::setActiveDialog [gi::getDialogs {dbCellViewFromCellView}]
[23:00:59.84] /i gi::closeWindows [gi::getDialogs {dbCellViewFromCellView}]
[23:01:02.36] /i gi::setActiveWindow 34
[23:01:02.36] /i gi::setActiveWindow 34 -raise true
[23:01:02.91] /i gi::setActiveWindow 35
[23:01:02.91] /i gi::setActiveWindow 35 -raise true
[23:01:03.76] /# gi::executeAction deCanvasZoomOutAtPoint -in [gi::getWindows 35]
[23:01:03.76] /i de::zoom -window [gi::getWindows 35] -factor 0.5 -center {0.975 -0.125}
[23:01:03.76] /o {-2.8 -1.275} {2.975 1.7}
[23:01:03.83] /# gi::executeAction deCanvasZoomOutAtPoint -in [gi::getWindows 35]
[23:01:03.83] /i de::zoom -window [gi::getWindows 35] -factor 0.5 -center {0.96875 -0.125}
[23:01:03.83] /o {-6.575 -2.425} {4.9875 3.525}
[23:01:04.20] /# gi::executeAction deCanvasZoomInAtPoint -in [gi::getWindows 35]
[23:01:04.20] /i de::zoom -window [gi::getWindows 35] -factor 2.0 -center {1.15625 0.80625}
[23:01:04.20] /o {-2.70625 -0.80625} {3.06875 2.1625}
[23:01:04.38] /# gi::executeAction deCanvasZoomInAtPoint -in [gi::getWindows 35]
[23:01:04.38] /i de::zoom -window [gi::getWindows 35] -factor 2.0 -center {1.15625 0.80625}
[23:01:04.38] /o {-0.775 0.0} {2.1125 1.4875}
[23:01:06.78] /i gi::setActiveWindow 34
[23:01:06.78] /i gi::setActiveWindow 34 -raise true
[23:01:07.26] /i gi::setActiveWindow 30
[23:01:07.27] /i gi::setActiveWindow 30 -raise true
[23:01:07.91] /i gi::setActiveWindow 22
[23:01:07.91] /i gi::setActiveWindow 22 -raise true
[23:01:08.63] /i gi::setActiveWindow 36
[23:01:08.63] /i gi::setActiveWindow 36 -raise true
[23:01:11.66] /# gi::executeAction deCanvasZoomInAtPoint -in [gi::getWindows 36]
[23:01:11.66] /i de::zoom -window [gi::getWindows 36] -factor 2.0 -center {11.65625 3.25}
[23:01:11.66] /o {5.95 1.56875} {16.775 8.18125}
[23:01:13.44] /# gi::executeAction deCanvasZoomOutAtPoint -in [gi::getWindows 36]
[23:01:13.44] /i de::zoom -window [gi::getWindows 36] -factor 0.5 -center {15.0125 4.0375}
[23:01:13.44] /o {-3.10625 -0.9} {18.5375 12.325}
[23:01:13.49] /# gi::executeAction deCanvasZoomOutAtPoint -in [gi::getWindows 36]
[23:01:13.49] /i de::zoom -window [gi::getWindows 36] -factor 0.5 -center {15.05 3.9625}
[23:01:13.49] /o {-21.2625 -5.7625} {22.025 20.6875}
[23:01:13.94] /# gi::executeAction deCanvasZoomInAtPoint -in [gi::getWindows 36]
[23:01:13.94] /i de::zoom -window [gi::getWindows 36] -factor 2.0 -center {19.93125 4.2125}
[23:01:13.94] /o {-0.66875 -0.775} {20.98125 12.45}
[23:01:15.49] /# gi::executeAction deCanvasZoomInAtPoint -in [gi::getWindows 36]
[23:01:15.49] /i de::zoom -window [gi::getWindows 36] -factor 2.0 -center {10.675 4.28125}
[23:01:15.49] /o {5.00625 1.75} {15.825 8.36875}
[23:01:16.55] /# gi::executeAction deCanvasZoomOutAtPoint -in [gi::getWindows 36]
[23:01:16.55] /i de::zoom -window [gi::getWindows 36] -factor 0.5 -center {13.6875 3.725}
[23:01:16.55] /o {-3.68125 -0.21875} {17.96875 13.00625}
[23:01:17.12] /# gi::executeAction deCanvasZoomInAtPoint -in [gi::getWindows 36]
[23:01:17.12] /i de::zoom -window [gi::getWindows 36] -factor 2.0 -center {17.525 4.15}
[23:01:17.12] /o {6.925 1.9625} {17.74375 8.58125}
[23:01:17.26] /# gi::executeAction deCanvasZoomOutAtPoint -in [gi::getWindows 36]
[23:01:17.26] /i de::zoom -window [gi::getWindows 36] -factor 0.5 -center {17.53125 4.11875}
[23:01:17.26] /o {-3.6875 -0.1875} {17.9625 13.0375}
[23:01:17.48] /# gi::executeAction deCanvasZoomOutAtPoint -in [gi::getWindows 36]
[23:01:17.48] /i de::zoom -window [gi::getWindows 36] -factor 0.5 -center {17.53125 4.125}
[23:01:17.48] /o {-24.9 -4.5} {18.3875 21.95}
[23:01:18.43] /# gi::executeAction deFitEdit -in [gi::getWindows 36]
[23:01:18.43] /i de::fit -window 36 -fitEdit true
[23:01:18.43] /o {0.25 -0.1125} {21.89375 13.1125}
[23:01:19.25] /# gi::executeAction deCanvasZoomInAtPoint -in [gi::getWindows 36]
[23:01:19.25] /i de::zoom -window [gi::getWindows 36] -factor 2.0 -center {20.55625 2.8375}
[23:01:19.25] /o {10.4 1.3625} {21.225 7.975}
[23:01:21.65] /i gi::executeAction giCloseWindow -in [gi::getWindows 36]
[23:01:21.67] /i gi::setActiveWindow 22
[23:01:21.67] /i gi::setActiveWindow 22 -raise true
[23:01:22.87] /i gi::setActiveWindow 30
[23:01:22.87] /i gi::setActiveWindow 30 -raise true
[23:01:23.48] /i gi::executeAction giCloseWindow -in [gi::getWindows 30]
[23:01:23.49] /i gi::setActiveWindow 22
[23:01:23.49] /i gi::setActiveWindow 22 -raise true
[23:01:24.04] /i gi::setActiveWindow 34
[23:01:24.04] /i gi::setActiveWindow 34 -raise true
[23:04:58.09] /m Information: Stopped sharing "Custom WaveView" license. (WAVEFORM-111)
[23:09:41.15] /i gi::executeAction giCloseWindow -in [gi::getWindows 34]
[23:09:41.20] /i gi::setActiveWindow 22
[23:09:41.21] /i gi::setActiveWindow 22 -raise true
[23:09:41.72] /i gi::setActiveWindow 37
[23:09:41.72] /i gi::setActiveWindow 37 -raise true
[23:09:42.78] /# gi::executeAction deSelectActive -in [gi::getWindows 37]
[23:09:42.78] /i de::deselectAll [db::getNext [de::getContexts -window 37]]
[23:09:42.78] /i de::select [de::getActiveFigure [gi::getWindows 37] -point {6.88125 2.50625} -index 0 -intent none]
[23:09:42.78] /o oa:0x256968a0
[23:09:43.49] /# gi::executeAction deCanvasZoomInAtPoint -in [gi::getWindows 37]
[23:09:43.49] /i de::zoom -window [gi::getWindows 37] -factor 2.0 -center {6.95 2.55}
[23:09:43.49] /o {3.41875 0.31875} {9.45625 4.0125}
[23:09:44.00] /# gi::executeAction deFitEdit -in [gi::getWindows 37]
[23:09:44.00] /i de::fit -window 37 -fitEdit true
[23:09:44.01] /o {-0.1125 -1.875} {11.9625 5.5}
[23:09:44.63] /# gi::executeAction deCanvasZoomInAtPoint -in [gi::getWindows 37]
[23:09:44.63] /i de::zoom -window [gi::getWindows 37] -factor 2.0 -center {6.975 2.625}
[23:09:44.63] /o {3.43125 0.375} {9.46875 4.0625}
[23:09:45.02] /# gi::executeAction deCanvasZoomInAtPoint -in [gi::getWindows 37]
[23:09:45.02] /i de::zoom -window [gi::getWindows 37] -factor 2.0 -center {6.975 2.625}
[23:09:45.02] /o {5.20625 1.5} {8.21875 3.34375}
[23:09:45.34] /# gi::executeAction deFitEdit -in [gi::getWindows 37]
[23:09:45.34] /i de::fit -window 37 -fitEdit true
[23:09:45.34] /o {-0.1125 -1.875} {11.9625 5.5}
[23:09:46.11] /# gi::executeAction deSelectActive -in [gi::getWindows 37]
[23:09:46.11] /i de::deselectAll [db::getNext [de::getContexts -window 37]]
[23:09:46.11] /i de::deselectAllLogic -context [db::getNext [de::getContexts -window 37]]
[23:09:46.55] /# gi::executeAction deSelectActive -in [gi::getWindows 37]
[23:09:46.55] /i de::deselectAll [db::getNext [de::getContexts -window 37]]
[23:09:46.55] /i de::select [de::getActiveFigure [gi::getWindows 37] -point {9.43125 2.625} -index 0 -intent none]
[23:09:46.55] /o oa:0x2386d890
[23:09:47.52] /# gi::executeAction deSelectActive -in [gi::getWindows 37]
[23:09:47.52] /i de::cycleActiveFigure [gi::getWindows 37] -direction next
[23:09:47.52] /o oa:0x1e411a00
[23:09:47.69] /# gi::executeAction deDescend -in [gi::getWindows 37]
[23:09:47.69] /i ide::descend 37 -inPlace false -promptView false -readOnly auto
[23:09:47.70] /# Navigating to inverter/CMOS_LAB3/schematic (I17)
[23:09:47.75] /o true
[23:09:50.91] /i gi::executeAction giCloseWindow -in [gi::getWindows 37]
[23:09:50.93] /i gi::setActiveWindow 22
[23:09:50.93] /i gi::setActiveWindow 22 -raise true
[23:09:52.11] /i gi::setActiveWindow 2
[23:09:52.11] /i gi::setActiveWindow 2 -raise true
[23:09:54.18] /i gi::executeAction dmOpen -in [gi::getWindows 2]
[23:09:54.20] /r giWindowId 38
[23:09:54.20] /r giWindowGeometry 1632x1020
[23:09:54.40] /o "inverter/FA_1bit_tb/schematic" design does not need checking
[23:09:55.11] /# gi::executeAction deSelectActive -in [gi::getWindows 38]
[23:09:55.11] /i de::deselectAll [db::getNext [de::getContexts -window 38]]
[23:09:55.11] /i de::select [de::getActiveFigure [gi::getWindows 38] -point {9.6375 2.74375} -index 0 -intent none]
[23:09:55.11] /o oa:0x1ea9afc0
[23:09:55.80] /# gi::executeAction seDelete -in [gi::getWindows 38]
[23:09:55.81] /i ise::delete
[23:09:56.55] /# gi::executeAction deSelectActive -in [gi::getWindows 38]
[23:09:56.55] /i de::deselectAll [db::getNext [de::getContexts -window 38]]
[23:09:56.55] /i de::select [de::getActiveFigure [gi::getWindows 38] -point {6.975 2.85625} -index 0 -intent none]
[23:09:56.55] /o oa:0x23c98d50
[23:09:57.02] /# gi::executeAction deSelectActive -in [gi::getWindows 38]
[23:09:57.02] /i de::cycleActiveFigure [gi::getWindows 38] -direction next
[23:09:57.02] /o oa:0x1ea3b660
[23:09:57.65] /# gi::executeAction seDelete -in [gi::getWindows 38]
[23:09:57.66] /i ise::delete
[23:09:58.07] /i gi::executeAction deCanvasDragCancel -in [gi::getWindows 38]
[23:09:58.38] /# gi::executeAction deSelectActive -in [gi::getWindows 38]
[23:09:58.38] /i de::deselectAllLogic -context [db::getNext [de::getContexts -window 38]]
[23:09:59.79] /# gi::executeAction seSchCreateWire -in [gi::getWindows 38]
[23:09:59.79] /i ise::createWire
[23:10:00.80] /# gi::executeAction seCreateInst -in [gi::getWindows 38]
[23:10:00.80] /i ise::createInst
[23:10:00.87] /i gi::setActiveDialog [gi::getDialogs {seCreateInst} -parent [gi::getWindows 38]]
[23:10:01.16] /i db::setAttr geometry -of [gi::getDialogs {seCreateInst}] -value 359x337+0+65
[23:10:03.17] /i gi::setField {instMasterLib} -value {inverter} -in [gi::getDialogs {seCreateInst} -parent [gi::getWindows 38]]
[23:10:03.48] /i db::setAttr geometry -of [gi::getDialogs {seCreateInst}] -value 359x337+0+65
[23:10:04.83] /i gi::setField {instMasterCell} -value {CMOS} -in [gi::getDialogs {seCreateInst} -parent [gi::getWindows 38]]
[23:10:05.19] /i db::setAttr geometry -of [gi::getDialogs {seCreateInst}] -value 359x337+0+65
[23:10:07.14] /# gi::executeAction deAddPoint -in [gi::getWindows 38]
[23:10:07.14] /i de::addPoint {5.68125 1.175} -context [db::getNext [de::getContexts -window 38]]
[23:10:07.45] /# gi::executeAction deCanvasZoomInAtPoint -in [gi::getWindows 38]
[23:10:07.45] /i de::zoom -window [gi::getWindows 38] -factor 2.0 -center {9.9375 2.28125}
[23:10:07.45] /o {4.9125 0.2} {10.95 3.89375}
[23:10:08.91] /# gi::executeAction deAddPoint -in [gi::getWindows 38]
[23:10:08.91] /i de::addPoint {8.26875 1.1625} -context [db::getNext [de::getContexts -window 38]]
[23:10:09.58] /# gi::executeAction deAbortCommand -in [gi::getWindows 38]
[23:10:09.58] /i de::abortCommand -context [db::getNext [de::getContexts -window 38]]
[23:10:10.43] /# gi::executeAction seDelete -in [gi::getWindows 38]
[23:10:10.44] /i ise::delete
[23:10:11.33] /# gi::executeAction deAddPoint -in [gi::getWindows 38]
[23:10:11.33] /i de::addPoint {8.4875 2.65} -context [db::getNext [de::getContexts -window 38]]
[23:10:11.72] /# gi::executeAction deAddPoint -in [gi::getWindows 38]
[23:10:11.72] /i de::addPoint {8.48125 2.675} -context [db::getNext [de::getContexts -window 38]]
[23:10:11.87] /# gi::executeAction deCompleteShape -in [gi::getWindows 38]
[23:10:11.87] /i de::completeShape -context [db::getNext [de::getContexts -window 38]]
[23:10:12.96] /# gi::executeAction deAddPoint -in [gi::getWindows 38]
[23:10:12.96] /i de::addPoint {7.43125 2.6625} -context [db::getNext [de::getContexts -window 38]]
[23:10:13.40] /# gi::executeAction deCanvasZoomOutAtPoint -in [gi::getWindows 38]
[23:10:13.40] /i de::zoom -window [gi::getWindows 38] -factor 0.5 -center {9.35625 2.09375}
[23:10:13.40] /o {0.46875 -1.6875} {12.54375 5.6875}
[23:10:14.08] /# gi::executeAction deCanvasZoomInAtPoint -in [gi::getWindows 38]
[23:10:14.08] /i de::zoom -window [gi::getWindows 38] -factor 2.0 -center {10.4125 2.6125}
[23:10:14.08] /o {5.44375 0.4625} {11.475 4.15}
[23:10:14.82] /# gi::executeAction deAddPoint -in [gi::getWindows 38]
[23:10:14.82] /i de::addPoint {9.95 2.68125} -context [db::getNext [de::getContexts -window 38]]
[23:10:15.28] /# gi::executeAction deAbortCommand -in [gi::getWindows 38]
[23:10:15.28] /i de::abortCommand -context [db::getNext [de::getContexts -window 38]]
[23:10:17.23] /i gi::executeAction deCanvasDragCancel -in [gi::getWindows 38]
[23:10:17.70] /# gi::executeAction deCanvasZoomOutAtPoint -in [gi::getWindows 38]
[23:10:17.70] /i de::zoom -window [gi::getWindows 38] -factor 0.5 -center {8.09375 2.6}
[23:10:17.70] /o {2.7875 -1.675} {14.8625 5.7}
[23:10:18.75] /# gi::executeAction seSchCreateWire -in [gi::getWindows 38]
[23:10:18.75] /i ise::createWire
[23:10:19.89] /# gi::executeAction deAddPoint -in [gi::getWindows 38]
[23:10:19.89] /i de::addPoint {8.16875 2.6875} -context [db::getNext [de::getContexts -window 38]]
[23:10:19.94] /i de::setCursor -point {8.25 2.6875 }
[23:10:20.61] /# gi::executeAction deAddPoint -in [gi::getWindows 38]
[23:10:20.61] /i de::addPoint {8.8125 2.69375} -context [db::getNext [de::getContexts -window 38]]
[23:10:21.63] /# gi::executeAction deAbortCommand -in [gi::getWindows 38]
[23:10:21.63] /i de::abortCommand -context [db::getNext [de::getContexts -window 38]]
[23:10:22.01] /# gi::executeAction deFitEdit -in [gi::getWindows 38]
[23:10:22.01] /i de::fit -window 38 -fitEdit true
[23:10:22.01] /o {-0.1125 -1.90625} {11.9625 5.46875}
[23:10:23.78] /# gi::executeAction seSchCheckAndSave -in [gi::getWindows 38]
[23:10:23.78] /i ise::check
[23:10:23.78] /m Information: 
[23:10:23.78] /o Checking "inverter/FA_1bit_tb/schematic"
[23:10:23.79] /o No rule violations found in "inverter/FA_1bit_tb/schematic"
[23:10:23.79] /m Information: Checking process is completed: marking the design violations
[23:10:23.81] /m Information: Marking of designs is completed
[23:10:23.81] /o true
[23:10:23.90] /# gi::executeAction seSchCheckAndSave -in [gi::getWindows 38]
[23:10:23.90] /i ise::check
[23:10:23.90] /m Information: 
[23:10:23.90] /o Checking "inverter/FA_1bit_tb/schematic"
[23:10:23.91] /o No rule violations found in "inverter/FA_1bit_tb/schematic"
[23:10:23.91] /m Information: Checking process is completed: marking the design violations
[23:10:23.92] /m Information: Marking of designs is completed
[23:10:23.92] /o true
[23:10:24.03] /# gi::executeAction seSchCheckAndSave -in [gi::getWindows 38]
[23:10:24.03] /i ise::check
[23:10:24.03] /m Information: 
[23:10:24.03] /o Checking "inverter/FA_1bit_tb/schematic"
[23:10:24.03] /o No rule violations found in "inverter/FA_1bit_tb/schematic"
[23:10:24.03] /m Information: Checking process is completed: marking the design violations
[23:10:24.05] /m Information: Marking of designs is completed
[23:10:24.05] /o true
[23:10:24.18] /# gi::executeAction seSchCheckAndSave -in [gi::getWindows 38]
[23:10:24.18] /i ise::check
[23:10:24.18] /m Information: 
[23:10:24.18] /o Checking "inverter/FA_1bit_tb/schematic"
[23:10:24.18] /o No rule violations found in "inverter/FA_1bit_tb/schematic"
[23:10:24.18] /m Information: Checking process is completed: marking the design violations
[23:10:24.20] /m Information: Marking of designs is completed
[23:10:24.20] /o true
[23:10:24.33] /# gi::executeAction seSchCheckAndSave -in [gi::getWindows 38]
[23:10:24.33] /i ise::check
[23:10:24.33] /m Information: 
[23:10:24.33] /o Checking "inverter/FA_1bit_tb/schematic"
[23:10:24.33] /o No rule violations found in "inverter/FA_1bit_tb/schematic"
[23:10:24.33] /m Information: Checking process is completed: marking the design violations
[23:10:24.34] /m Information: Marking of designs is completed
[23:10:24.34] /o true
[23:10:26.04] /i gi::setActiveWindow 35
[23:10:26.04] /i gi::setActiveWindow 35 -raise true
[23:10:26.72] /i gi::executeAction giCloseWindow -in [gi::getWindows 35]
[23:10:26.73] /i gi::setActiveWindow 38
[23:10:26.73] /i gi::setActiveWindow 38 -raise true
[23:10:28.29] /i gi::setActiveWindow 22
[23:10:28.29] /i gi::setActiveWindow 22 -raise true
[23:10:29.48] /i gi::executeAction menuPreShow -in [gi::getWindows 22]
[23:10:29.48] /r giMenuAccess db::getNext [gi::getMenus saConsoleSimMenu -from [gi::getWindows 22]]
[23:10:29.94] /# gi::executeAction saNetlistAndRun -in [gi::getWindows 22]
[23:10:29.94] /i isa::netlistAndRun -testbench [sa::findActiveTestbench -window 22] -mode overwrite
[23:10:29.95] /r giWindowId 39
[23:10:29.96] /r giWindowGeometry 800x600
[23:10:30.03] /m Information: "Starting incremental netlisting for design "inverter/FA_1bit_tb/schematic"..." (NETLISTING-010)
[23:10:30.05] /o No Design Integrity rule violations found in "inverter/FA_1bit_tb/schematic"
[23:10:30.06] /m Information: 
[23:10:30.06] /o Checking "inverter/full_adder/schematic"
[23:10:30.06] /o No rule violations found in "inverter/full_adder/schematic"
[23:10:30.06] /m Information: 
[23:10:30.06] /o Checking "inverter/CMOS/schematic"
[23:10:30.06] /o No rule violations found in "inverter/CMOS/schematic"
[23:10:30.10] /m Information: "inverter FA_1bit_tb schematic" renetlisted. (NETLISTING-056)
[23:10:30.11] /m Information: "Netlisting design "inverter/FA_1bit_tb/schematic" finished successfully." (NETLISTING-012)
[23:10:30.11] /m Information: "Composing simulator input file for design "inverter/FA_1bit_tb/schematic"..."
[23:10:30.15] /m Information: "Simulator input file composed successfully for design "inverter/FA_1bit_tb/schematic""
[23:10:30.37] /m Information: "Starting HSPICE simulation for design: inverter/FA_1bit_tb/schematic"
[23:10:30.37] /# gi::collapse {jobMonitorTable} -index {0.0.0.0,0} -in [gi::getWindows 39]
[23:10:30.40] /o 1
[23:10:31.30] /m Information: "Simulation completed successfully for design: inverter/FA_1bit_tb/schematic "
[23:10:31.56] /m Information: Launching Background sae_shell Server Process "cd /home/itsupport/Desktop/lab1vlsi && sae_shell -log sae_shell_session7_job4 -libDefFile /home/itsupport/Desktop/lab1vlsi/lib.defs"
[23:10:31.57] /m Information: "Evaluating and plotting outputs..."
[23:10:31.60] /m Information: Started sharing "Custom WaveView" license. (WAVEFORM-110)
[23:10:32.00] /m Information: Measurement calculations completed for testbench: default in 0s
[23:10:32.16] /j ::wf::WaveView::plotSuccess WaveView_6 {} {_7823e00_void_pp _7300bf8_void_pp} 
[23:10:32.39] /j ::wf::WaveView::plotSuccess WaveView_6 {} {_7823e00_void_pp _7300cc0_void_pp} 
[23:10:32.63] /j ::wf::WaveView::plotSuccess WaveView_6 {} {_7823e00_void_pp _73009a0_void_pp} 
[23:10:32.85] /j ::wf::WaveView::plotSuccess WaveView_6 {} {_7823e00_void_pp _7300a68_void_pp} 
[23:10:33.11] /j ::wf::WaveView::plotSuccess WaveView_6 {} {_7823e00_void_pp _7300d88_void_pp} 
[23:10:35.09] /m Information: Received ready-for-commands signal from background job 'sae_shell_session7_job4' after 4 seconds.
[23:11:19.79] /i gi::setActiveWindow 22
[23:11:19.79] /i gi::setActiveWindow 22 -raise true
[23:11:20.86] /i gi::setActiveWindow 38
[23:11:20.86] /i gi::setActiveWindow 38 -raise true
[23:11:24.35] /# gi::executeAction deSelectActive -in [gi::getWindows 38]
[23:11:24.35] /i de::deselectAll [db::getNext [de::getContexts -window 38]]
[23:11:24.35] /i de::select [de::getActiveFigure [gi::getWindows 38] -point {5.225 1.9375} -index 0 -intent none]
[23:11:24.35] /o oa:0x2759ec10
[23:11:24.97] /# gi::executeAction seButton1DragStart -in [gi::getWindows 38]
[23:11:24.97] /i ise::stretch -point {5.25 2}
[23:11:26.09] /# gi::executeAction deEndDrag -in [gi::getWindows 38]
[23:11:26.09] /i de::endDrag {9.99375 1.675} -context [db::getNext [de::getContexts -window 38]]
[23:11:27.49] /# gi::executeAction seButton1DragStart -in [gi::getWindows 38]
[23:11:27.49] /i ise::stretch -object [de::getActiveFigure [gi::getWindows 38] -point {5.2375 2.31875} -index 0 -intent none] -point {5.25 2.3125}
[23:11:29.53] /# gi::executeAction deEndDrag -in [gi::getWindows 38]
[23:11:29.53] /i de::endDrag {6.5375 1.9125} -context [db::getNext [de::getContexts -window 38]]
[23:11:30.95] /# gi::executeAction seDelete -in [gi::getWindows 38]
[23:11:30.95] /i ise::delete
[23:11:32.12] /# gi::executeAction deSelectActive -in [gi::getWindows 38]
[23:11:32.12] /i de::deselectAll [db::getNext [de::getContexts -window 38]]
[23:11:32.12] /i de::select [de::getActiveFigure [gi::getWindows 38] -point {6.28125 2.31875} -index 0 -intent none]
[23:11:32.12] /o oa:0x260b29e0
[23:11:33.16] /# gi::executeAction seDelete -in [gi::getWindows 38]
[23:11:33.16] /i ise::delete
[23:11:33.92] /# gi::executeAction deSelectActive -in [gi::getWindows 38]
[23:11:33.93] /i de::deselectAllLogic -context [db::getNext [de::getContexts -window 38]]
[23:11:34.26] /# gi::executeAction deSelectActive -in [gi::getWindows 38]
[23:11:34.26] /i de::deselectAll [db::getNext [de::getContexts -window 38]]
[23:11:34.26] /i de::select [de::getActiveFigure [gi::getWindows 38] -point {6.5375 1.725} -index 0 -intent none]
[23:11:34.26] /o oa:0x251d2980
[23:11:34.71] /# gi::executeAction deSelectActive -in [gi::getWindows 38]
[23:11:34.71] /i de::deselectAll [db::getNext [de::getContexts -window 38]]
[23:11:34.71] /i de::select [de::getActiveFigure [gi::getWindows 38] -point {6.5375 2.04375} -index 0 -intent none]
[23:11:34.71] /o oa:0x1d06b9d0
[23:11:35.27] /i gi::executeAction deCanvasDragCancel -in [gi::getWindows 38]
[23:11:36.18] /# gi::executeAction seDelete -in [gi::getWindows 38]
[23:11:36.18] /i ise::delete
[23:11:36.47] /# gi::executeAction deSelectActive -in [gi::getWindows 38]
[23:11:36.47] /i de::deselectAllLogic -context [db::getNext [de::getContexts -window 38]]
[23:11:36.79] /# gi::executeAction deSelectActive -in [gi::getWindows 38]
[23:11:36.79] /i de::deselectAllLogic -context [db::getNext [de::getContexts -window 38]]
[23:11:37.09] /# gi::executeAction deSelectActive -in [gi::getWindows 38]
[23:11:37.09] /i de::deselectAllLogic -context [db::getNext [de::getContexts -window 38]]
[23:11:37.36] /i de::select [se::getNetComponents [de::getActiveFigure [gi::getWindows 38] -point {6.55625 1.74375} -index 0 -intent none] -of branch]
[23:11:37.37] /o oa:0x1ec1b550
[23:11:37.72] /# gi::executeAction deSelectActive -in [gi::getWindows 38]
[23:11:37.72] /i de::deselectAll [db::getNext [de::getContexts -window 38]]
[23:11:37.72] /i de::select [de::getActiveFigure [gi::getWindows 38] -point {6.6 1.8875} -index 0 -intent none]
[23:11:37.73] /o oa:0x291a3e30
[23:11:38.07] /# gi::executeAction deSelectActive -in [gi::getWindows 38]
[23:11:38.07] /i de::cycleActiveFigure [gi::getWindows 38] -direction next
[23:11:38.07] /o oa:0x28f41960
[23:11:38.21] /i de::select [se::getNetComponents [de::getActiveFigure [gi::getWindows 38] -point {6.64375 1.88125} -index 0 -intent none] -of branch]
[23:11:38.21] /o oa:0x27f588f0
[23:11:38.35] /i de::select [se::getNetComponents [de::getActiveFigure [gi::getWindows 38] -point {6.64375 1.88125} -index 0 -intent none] -of subnet]
[23:11:38.36] /o oa:0x24e6f8b0
[23:11:38.59] /# gi::executeAction deSelectActive -in [gi::getWindows 38]
[23:11:38.59] /i de::deselectAll [db::getNext [de::getContexts -window 38]]
[23:11:38.59] /i de::select [de::getActiveFigure [gi::getWindows 38] -point {6.55625 1.76875} -index 0 -intent none]
[23:11:38.59] /o oa:0x1ed01570
[23:11:38.76] /i de::select [se::getNetComponents [de::getActiveFigure [gi::getWindows 38] -point {6.5375 1.76875} -index 0 -intent none] -of branch]
[23:11:38.76] /o oa:0x1ef06130
[23:11:39.15] /# gi::executeAction seDelete -in [gi::getWindows 38]
[23:11:39.15] /i ise::delete
[23:11:39.91] /# gi::executeAction deSelectActive -in [gi::getWindows 38]
[23:11:39.91] /i de::deselectAllLogic -context [db::getNext [de::getContexts -window 38]]
[23:11:39.99] /i gi::executeAction deCanvasDragCancel -in [gi::getWindows 38]
[23:11:41.61] /i gi::executeAction deCanvasDragCancel -in [gi::getWindows 38]
[23:11:42.39] /# gi::executeAction seCopy -in [gi::getWindows 38]
[23:11:42.39] /i ise::copy
[23:11:42.81] /# gi::executeAction deAddPoint -in [gi::getWindows 38]
[23:11:42.81] /i de::addPoint {4.9125 1.99375} -context [db::getNext [de::getContexts -window 38]]
[23:11:43.62] /# gi::executeAction seCopy -in [gi::getWindows 38]
[23:11:43.62] /i ise::copy
[23:11:43.90] /# gi::executeAction deAddPoint -in [gi::getWindows 38]
[23:11:43.90] /i de::addPoint {4.9125 1.99375} -context [db::getNext [de::getContexts -window 38]]
[23:11:44.75] /# gi::executeAction deAbortCommand -in [gi::getWindows 38]
[23:11:44.75] /i de::abortCommand -context [db::getNext [de::getContexts -window 38]]
[23:11:45.58] /# gi::executeAction deCanvasZoomInAtPoint -in [gi::getWindows 38]
[23:11:45.58] /i de::zoom -window [gi::getWindows 38] -factor 2.0 -center {5.6375 1.65}
[23:11:45.58] /o {2.7625 -0.13125} {8.8 3.5625}
[23:11:46.16] /# gi::executeAction deSelectActive -in [gi::getWindows 38]
[23:11:46.16] /i de::deselectAll [db::getNext [de::getContexts -window 38]]
[23:11:46.16] /i de::select [de::getActiveFigure [gi::getWindows 38] -point {4.94375 1.89375} -index 0 -intent none]
[23:11:46.16] /o oa:0x266dc260
[23:11:46.56] /# gi::executeAction seCopy -in [gi::getWindows 38]
[23:11:46.56] /i ise::copy
[23:11:47.11] /# gi::executeAction deAddPoint -in [gi::getWindows 38]
[23:11:47.11] /i de::addPoint {4.94375 1.90625} -context [db::getNext [de::getContexts -window 38]]
[23:11:47.53] /# gi::executeAction deCanvasZoomOutAtPoint -in [gi::getWindows 38]
[23:11:47.53] /i de::zoom -window [gi::getWindows 38] -factor 0.5 -center {8.1375 1.5625}
[23:11:47.53] /o {-2.6125 -1.81875} {9.4625 5.55625}
[23:11:47.54] /# gi::executeAction deCanvasZoomOutAtPoint -in [gi::getWindows 38]
[23:11:47.54] /i de::zoom -window [gi::getWindows 38] -factor 0.5 -center {8.1375 1.5625}
[23:11:47.54] /o {-13.35625 -5.2} {10.78125 9.55}
[23:11:47.99] /# gi::executeAction deCanvasZoomInAtPoint -in [gi::getWindows 38]
[23:11:47.99] /i de::zoom -window [gi::getWindows 38] -factor 2.0 -center {10.43125 2.41875}
[23:11:47.99] /o {-1.4625 -1.39375} {10.60625 5.9875}
[23:11:48.27] /# gi::executeAction deCanvasZoomInAtPoint -in [gi::getWindows 38]
[23:11:48.27] /i de::zoom -window [gi::getWindows 38] -factor 2.0 -center {10.34375 2.30625}
[23:11:48.27] /o {4.4375 0.45625} {10.475 4.14375}
[23:11:48.89] /# gi::executeAction deAddPoint -in [gi::getWindows 38]
[23:11:48.89] /i de::addPoint {10.21875 1.9375} -context [db::getNext [de::getContexts -window 38]]
[23:11:49.03] /i gi::executeAction deCanvasDragCancel -in [gi::getWindows 38]
[23:11:49.25] /# gi::executeAction deCanvasZoomOutAtPoint -in [gi::getWindows 38]
[23:11:49.25] /i de::zoom -window [gi::getWindows 38] -factor 0.5 -center {10 2.0125}
[23:11:49.25] /o {-1.11875 -1.1} {10.95 6.28125}
[23:11:49.63] /# gi::executeAction deFitEdit -in [gi::getWindows 38]
[23:11:49.63] /i de::fit -window 38 -fitEdit true
[23:11:49.63] /o {-0.1125 -1.90625} {11.9625 5.46875}
[23:11:51.11] /# gi::executeAction seSchCreateWire -in [gi::getWindows 38]
[23:11:51.11] /i ise::createWire
[23:11:52.33] /# gi::executeAction deAddPoint -in [gi::getWindows 38]
[23:11:52.33] /i de::addPoint {10.01875 1.1875} -context [db::getNext [de::getContexts -window 38]]
[23:11:52.36] /i de::setCursor -point {10.0625 1.1875 }
[23:11:53.35] /# gi::executeAction deAddPoint -in [gi::getWindows 38]
[23:11:53.35] /i de::addPoint {10.225 1.70625} -context [db::getNext [de::getContexts -window 38]]
[23:11:53.45] /i de::setCursor -point {10.25 1.75 }
[23:11:55.24] /# gi::executeAction deAbortCommand -in [gi::getWindows 38]
[23:11:55.24] /i de::abortCommand -context [db::getNext [de::getContexts -window 38]]
[23:11:55.73] /# gi::executeAction deCanvasZoomInAtPoint -in [gi::getWindows 38]
[23:11:55.73] /i de::zoom -window [gi::getWindows 38] -factor 2.0 -center {10.5875 1.84375}
[23:11:55.73] /o {5.2375 -0.03125} {11.275 3.65625}
[23:11:56.70] /# gi::executeAction seButton1DragStart -in [gi::getWindows 38]
[23:11:56.70] /i ise::stretch -point {10.3125 1.9375}
[23:11:57.70] /# gi::executeAction deEndDrag -in [gi::getWindows 38]
[23:11:57.70] /i de::endDrag {10.94375 1.93125} -context [db::getNext [de::getContexts -window 38]]
[23:11:58.67] /# gi::executeAction seSchCreateWire -in [gi::getWindows 38]
[23:11:58.67] /i ise::createWire
[23:11:59.81] /# gi::executeAction deAddPoint -in [gi::getWindows 38]
[23:11:59.81] /i de::addPoint {10.86875 1.75} -context [db::getNext [de::getContexts -window 38]]
[23:11:59.93] /i de::setCursor -point {10.875 1.6875 }
[23:11:59.94] /i de::setCursor -point {10.8125 1.6875 }
[23:11:59.96] /i de::setCursor -point {10.8125 1.625 }
[23:12:01.04] /# gi::executeAction deAddPoint -in [gi::getWindows 38]
[23:12:01.04] /i de::addPoint {10.25 1.1875} -context [db::getNext [de::getContexts -window 38]]
[23:12:02.05] /# gi::executeAction deAddPoint -in [gi::getWindows 38]
[23:12:02.05] /i de::addPoint {10.875 2.13125} -context [db::getNext [de::getContexts -window 38]]
[23:12:03.05] /# gi::executeAction deAddPoint -in [gi::getWindows 38]
[23:12:03.05] /i de::addPoint {10.9 2.69375} -context [db::getNext [de::getContexts -window 38]]
[23:12:03.29] /# gi::executeAction deAbortCommand -in [gi::getWindows 38]
[23:12:03.29] /i de::abortCommand -context [db::getNext [de::getContexts -window 38]]
[23:13:25.77] /i gi::executeAction deCanvasDragCancel -in [gi::getWindows 38]
[23:13:26.49] /# gi::executeAction deSelectActive -in [gi::getWindows 38]
[23:13:26.49] /i de::deselectAll [db::getNext [de::getContexts -window 38]]
[23:13:26.49] /i de::select [de::getActiveFigure [gi::getWindows 38] -point {10.25625 1.41875} -index 0 -intent none]
[23:13:26.49] /o oa:0x25931410
[23:13:27.14] /# gi::executeAction seDelete -in [gi::getWindows 38]
[23:13:27.14] /i ise::delete
[23:13:27.40] /# gi::executeAction deSelectActive -in [gi::getWindows 38]
[23:13:27.40] /i de::deselectAllLogic -context [db::getNext [de::getContexts -window 38]]
[23:13:28.01] /# gi::executeAction deSelectActive -in [gi::getWindows 38]
[23:13:28.01] /i de::deselectAll [db::getNext [de::getContexts -window 38]]
[23:13:28.01] /i de::select [de::getActiveFigure [gi::getWindows 38] -point {9.9875 1.4} -index 0 -intent none]
[23:13:28.01] /o oa:0x24ead4d0
[23:13:28.13] /i de::select [se::getNetComponents [de::getActiveFigure [gi::getWindows 38] -point {9.9875 1.4} -index 0 -intent none] -of branch]
[23:13:28.14] /o oa:0x2521ca50
[23:13:28.25] /i gi::executeAction deCanvasDragCancel -in [gi::getWindows 38]
[23:13:28.64] /# gi::executeAction deSelectActive -in [gi::getWindows 38]
[23:13:28.64] /i de::cycleActiveFigure [gi::getWindows 38] -direction next
[23:13:28.64] /o oa:0x291d2d40
[23:13:28.91] /i de::select [se::getNetComponents [de::getActiveFigure [gi::getWindows 38] -point {9.98125 1.35} -index 0 -intent none] -of branch]
[23:13:28.91] /o oa:0x25d69890
[23:13:29.64] /# gi::executeAction seDelete -in [gi::getWindows 38]
[23:13:29.64] /i ise::delete
[23:13:29.83] /# gi::executeAction deSelectActive -in [gi::getWindows 38]
[23:13:29.83] /i de::deselectAllLogic -context [db::getNext [de::getContexts -window 38]]
[23:13:30.21] /i gi::executeAction deCanvasDragCancel -in [gi::getWindows 38]
[23:13:30.81] /i gi::setActiveWindow 22
[23:13:30.81] /i gi::setActiveWindow 22 -raise true
[23:13:31.42] /i gi::executeAction menuPreShow -in [gi::getWindows 22]
[23:13:31.42] /r giMenuAccess db::getNext [gi::getMenus saConsoleSimMenu -from [gi::getWindows 22]]
[23:13:32.18] /i gi::executeAction menuPreShow -in [gi::getWindows 22]
[23:13:32.18] /r giMenuAccess db::getNext [gi::getMenus saConsoleOutputsMenu -from [gi::getWindows 22]]
[23:13:32.69] /i gi::executeAction menuPreShow -in [gi::getWindows 22]
[23:13:32.69] /r giMenuAccess db::getNext [gi::getMenus saConsoleSimMenu -from [gi::getWindows 22]]
[23:13:33.20] /# gi::executeAction saNetlistAndRun -in [gi::getWindows 22]
[23:13:33.20] /i isa::netlistAndRun -testbench [sa::findActiveTestbench -window 22] -mode overwrite
[23:13:33.27] /r giDialog gi::setActiveDialog [gi::getDialogs {xtShowDesignsPrompt}]
[23:13:33.27] /r giDialog gi::setCurrentIndex {target} -index {0,0} -in [gi::getDialogs {xtShowDesignsPrompt}]
[23:13:33.51] /r giDialog db::setAttr geometry -of [gi::getDialogs {xtShowDesignsPrompt}] -value 649x290+626+410
[23:13:34.35] /r giDialog gi::pressButton {ok} -in [gi::getDialogs {xtShowDesignsPrompt}]
[23:13:34.37] /m Information: 
[23:13:34.37] /o Checking "inverter/FA_1bit_tb/schematic"
[23:13:34.37] /o 	[warning] Overlapping Instances
[23:13:34.37] /o 		Instances 'C6' and 'C20' overlap
[23:13:34.37] /o 		Instances 'C20' and 'C6' overlap
[23:13:34.37] /o 0 Error(s),2 Warning(s),0 Message(s) found   in "inverter/FA_1bit_tb/schematic"
[23:13:34.37] /o No Design Integrity rule violations found in "inverter/FA_1bit_tb/schematic"
[23:13:34.37] /m Information: Checking process is completed: marking the design violations
[23:13:34.37] /m Information: Marking of designs is completed
[23:13:34.48] /m Information: "Starting incremental netlisting for design "inverter/FA_1bit_tb/schematic"..." (NETLISTING-010)
[23:13:34.50] /o No Design Integrity rule violations found in "inverter/FA_1bit_tb/schematic"
[23:13:34.53] /m Information: 
[23:13:34.53] /o Checking "inverter/full_adder/schematic"
[23:13:34.53] /o No rule violations found in "inverter/full_adder/schematic"
[23:13:34.54] /m Information: 
[23:13:34.54] /o Checking "inverter/CMOS/schematic"
[23:13:34.54] /o No rule violations found in "inverter/CMOS/schematic"
[23:13:34.57] /m Information: "inverter FA_1bit_tb schematic" renetlisted. (NETLISTING-056)
[23:13:34.58] /m Information: "Netlisting design "inverter/FA_1bit_tb/schematic" finished successfully." (NETLISTING-012)
[23:13:34.59] /m Information: "Composing simulator input file for design "inverter/FA_1bit_tb/schematic"..."
[23:13:34.61] /m Information: "Simulator input file composed successfully for design "inverter/FA_1bit_tb/schematic""
[23:13:34.78] /m Information: "Starting HSPICE simulation for design: inverter/FA_1bit_tb/schematic"
[23:13:34.78] /# gi::collapse {jobMonitorTable} -index {0.0.0.0,0} -in [gi::getWindows 39]
[23:13:34.82] /o 1
[23:13:35.40] /m Information: "Simulation completed successfully for design: inverter/FA_1bit_tb/schematic "
[23:13:35.61] /m Information: "Evaluating and plotting outputs..."
[23:13:35.99] /j ::wf::WaveView::plotSuccess WaveView_6 {} {_789a4a0_void_pp _7300b30_void_pp} 
[23:13:36.00] /m Information: Measurement calculations completed for testbench: default in 0s
[23:13:36.19] /j ::wf::WaveView::plotSuccess WaveView_6 {} {_789a4a0_void_pp _7300bf8_void_pp} 
[23:13:36.44] /j ::wf::WaveView::plotSuccess WaveView_6 {} {_789a4a0_void_pp _7300cc0_void_pp} 
[23:13:36.66] /j ::wf::WaveView::plotSuccess WaveView_6 {} {_789a4a0_void_pp _73009a0_void_pp} 
[23:13:36.96] /j ::wf::WaveView::plotSuccess WaveView_6 {} {_789a4a0_void_pp _7300a68_void_pp} 
[23:13:46.40] /i gi::setActiveWindow 22
[23:13:46.40] /i gi::setActiveWindow 22 -raise true
[23:13:47.45] /i gi::setActiveWindow 38
[23:13:47.45] /i gi::setActiveWindow 38 -raise true
[23:13:47.85] /# gi::executeAction deCanvasZoomOutAtPoint -in [gi::getWindows 38]
[23:13:47.85] /i de::zoom -window [gi::getWindows 38] -factor 0.5 -center {8.30625 2.45625}
[23:13:47.85] /o {2.16875 -2.51875} {14.24375 4.85625}
[23:13:55.22] /# gi::executeAction deCanvasZoomInAtPoint -in [gi::getWindows 38]
[23:13:55.22] /i de::zoom -window [gi::getWindows 38] -factor 2.0 -center {5.2625 2.2875}
[23:13:55.22] /o {3.71875 -0.11875} {9.75 3.575}
[23:13:56.38] /# gi::executeAction seDelete -in [gi::getWindows 38]
[23:13:56.38] /i ise::delete
[23:13:57.22] /# gi::executeAction deAddPoint -in [gi::getWindows 38]
[23:13:57.22] /i de::addPoint {5.23125 2.6} -context [db::getNext [de::getContexts -window 38]]
[23:13:57.77] /# gi::executeAction deAbortCommand -in [gi::getWindows 38]
[23:13:57.77] /i de::abortCommand -context [db::getNext [de::getContexts -window 38]]
[23:13:58.16] /# gi::executeAction deCanvasZoomOutAtPoint -in [gi::getWindows 38]
[23:13:58.16] /i de::zoom -window [gi::getWindows 38] -factor 0.5 -center {5.9125 1.88125}
[23:13:58.16] /o {1.51875 -2.1125} {13.59375 5.2625}
[23:14:01.10] /# gi::executeAction seButton1DragStart -in [gi::getWindows 38]
[23:14:01.10] /i ise::stretch -object [de::getActiveFigure [gi::getWindows 38] -point {5.28125 0.64375} -index 0 -intent none] -point {5.3125 0.625}
[23:14:03.38] /# gi::executeAction deEndDrag -in [gi::getWindows 38]
[23:14:03.38] /i de::endDrag {8.15625 0.475} -context [db::getNext [de::getContexts -window 38]]
[23:14:03.74] /# gi::executeAction deCanvasZoomInAtPoint -in [gi::getWindows 38]
[23:14:03.74] /i de::zoom -window [gi::getWindows 38] -factor 2.0 -center {11.20625 1.8125}
[23:14:03.74] /o {6.3625 -0.15} {12.4 3.5375}
[23:14:03.81] /# gi::executeAction deCanvasZoomInAtPoint -in [gi::getWindows 38]
[23:14:03.81] /i de::zoom -window [gi::getWindows 38] -factor 2.0 -center {11.275 1.85}
[23:14:03.81] /o {8.81875 0.85} {11.8375 2.69375}
[23:14:04.67] /# gi::executeAction deSelectActive -in [gi::getWindows 38]
[23:14:04.67] /i de::deselectAll [db::getNext [de::getContexts -window 38]]
[23:14:04.68] /i de::select [de::getActiveFigure [gi::getWindows 38] -point {10.875 1.975} -index 0 -intent none]
[23:14:04.68] /o oa:0x290d7d00
[23:14:05.89] /i gi::setItemSelection {parameters} -index {c,all} -in [gi::getAssistants dePropertyEditor -from [gi::getWindows 38]]
[23:14:05.89] /i gi::setCurrentIndex {parameters} -index {c,Value} -in [gi::getAssistants dePropertyEditor -from [gi::getWindows 38]]
[23:14:07.33] /i gi::setField {parameters} -value {5f} -index {c,Value} -in [gi::getAssistants dePropertyEditor -from [gi::getWindows 38]]
[23:14:07.33] /i gi::executeAction dePropertyEditorApplyChanges -in [gi::getAssistants dePropertyEditor -from [gi::getWindows 38]]
[23:14:09.02] /i gi::setActiveWindow 22
[23:14:09.02] /i gi::setActiveWindow 22 -raise true
[23:14:09.49] /i gi::executeAction menuPreShow -in [gi::getWindows 22]
[23:14:09.49] /r giMenuAccess db::getNext [gi::getMenus saConsoleSimMenu -from [gi::getWindows 22]]
[23:14:10.20] /# gi::executeAction saNetlistAndRun -in [gi::getWindows 22]
[23:14:10.20] /i isa::netlistAndRun -testbench [sa::findActiveTestbench -window 22] -mode overwrite
[23:14:10.28] /r giDialog gi::setActiveDialog [gi::getDialogs {xtShowDesignsPrompt}]
[23:14:10.28] /r giDialog gi::setCurrentIndex {target} -index {0,0} -in [gi::getDialogs {xtShowDesignsPrompt}]
[23:14:10.51] /r giDialog db::setAttr geometry -of [gi::getDialogs {xtShowDesignsPrompt}] -value 649x290+626+410
[23:14:11.24] /r giDialog gi::pressButton {ok} -in [gi::getDialogs {xtShowDesignsPrompt}]
[23:14:11.26] /m Information: 
[23:14:11.26] /o Checking "inverter/FA_1bit_tb/schematic"
[23:14:11.26] /o 	[warning] Overlapping Instances
[23:14:11.26] /o 		Instances 'C6' and 'C20' overlap
[23:14:11.26] /o 		Instances 'C20' and 'C6' overlap
[23:14:11.26] /o 0 Error(s),2 Warning(s),0 Message(s) found   in "inverter/FA_1bit_tb/schematic"
[23:14:11.26] /o No Design Integrity rule violations found in "inverter/FA_1bit_tb/schematic"
[23:14:11.26] /m Information: Checking process is completed: marking the design violations
[23:14:11.27] /m Information: Marking of designs is completed
[23:14:11.39] /m Information: "Starting incremental netlisting for design "inverter/FA_1bit_tb/schematic"..." (NETLISTING-010)
[23:14:11.40] /o No Design Integrity rule violations found in "inverter/FA_1bit_tb/schematic"
[23:14:11.41] /m Information: 
[23:14:11.41] /o Checking "inverter/full_adder/schematic"
[23:14:11.41] /o No rule violations found in "inverter/full_adder/schematic"
[23:14:11.41] /m Information: 
[23:14:11.41] /o Checking "inverter/CMOS/schematic"
[23:14:11.41] /o No rule violations found in "inverter/CMOS/schematic"
[23:14:11.44] /m Information: "inverter FA_1bit_tb schematic" renetlisted. (NETLISTING-056)
[23:14:11.45] /m Information: "Netlisting design "inverter/FA_1bit_tb/schematic" finished successfully." (NETLISTING-012)
[23:14:11.45] /m Information: "Composing simulator input file for design "inverter/FA_1bit_tb/schematic"..."
[23:14:11.48] /m Information: "Simulator input file composed successfully for design "inverter/FA_1bit_tb/schematic""
[23:14:11.75] /m Information: "Starting HSPICE simulation for design: inverter/FA_1bit_tb/schematic"
[23:14:11.75] /# gi::collapse {jobMonitorTable} -index {0.0.0.0,0} -in [gi::getWindows 39]
[23:14:11.79] /o 1
[23:14:12.30] /m Information: "Simulation completed successfully for design: inverter/FA_1bit_tb/schematic "
[23:14:12.54] /m Information: "Evaluating and plotting outputs..."
[23:14:12.87] /m Information: Measurement calculations completed for testbench: default in 0s
[23:14:12.93] /j ::wf::WaveView::plotSuccess WaveView_6 {} {_7836890_void_pp _7300d88_void_pp} 
[23:14:13.24] /j ::wf::WaveView::plotSuccess WaveView_6 {} {_7836890_void_pp _7300b30_void_pp} 
[23:14:13.44] /j ::wf::WaveView::plotSuccess WaveView_6 {} {_7836890_void_pp _7300bf8_void_pp} 
[23:14:13.64] /j ::wf::WaveView::plotSuccess WaveView_6 {} {_7836890_void_pp _7300cc0_void_pp} 
[23:14:13.86] /j ::wf::WaveView::plotSuccess WaveView_6 {} {_7836890_void_pp _73009a0_void_pp} 
[23:14:20.13] /i gi::setActiveWindow 22
[23:14:20.13] /i gi::setActiveWindow 22 -raise true
[23:14:21.64] /i gi::setActiveWindow 38
[23:14:21.64] /i gi::setActiveWindow 38 -raise true
[23:14:22.46] /# gi::executeAction deCanvasZoomOutAtPoint -in [gi::getWindows 38]
[23:14:22.46] /i de::zoom -window [gi::getWindows 38] -factor 0.5 -center {10.73125 2.00625}
[23:14:22.46] /o {6.90625 -0.30625} {12.94375 3.38125}
[23:14:23.02] /# gi::executeAction deCanvasZoomOutAtPoint -in [gi::getWindows 38]
[23:14:23.02] /i de::zoom -window [gi::getWindows 38] -factor 0.5 -center {9.61875 1.96875}
[23:14:23.02] /o {4.19375 -2.58125} {16.26875 4.79375}
[23:14:26.85] /i gi::executeAction deCanvasDragCancel -in [gi::getWindows 38]
[23:14:27.88] /# gi::executeAction deSelectActive -in [gi::getWindows 38]
[23:14:27.88] /i de::deselectAll [db::getNext [de::getContexts -window 38]]
[23:14:27.88] /i de::select [de::getActiveFigure [gi::getWindows 38] -point {8.1375 0.5} -index 0 -intent none]
[23:14:27.88] /o oa:0x2806ac00
[23:14:28.91] /# gi::executeAction seButton1DragStart -in [gi::getWindows 38]
[23:14:28.91] /i ise::stretch -point {8.125 0.625}
[23:14:29.86] /# gi::executeAction deEndDrag -in [gi::getWindows 38]
[23:14:29.86] /i de::endDrag {4.94375 0.6125} -context [db::getNext [de::getContexts -window 38]]
[23:14:30.40] /# gi::executeAction deSelectActive -in [gi::getWindows 38]
[23:14:30.40] /i de::deselectAll [db::getNext [de::getContexts -window 38]]
[23:14:30.40] /i de::deselectAllLogic -context [db::getNext [de::getContexts -window 38]]
[23:14:30.50] /i gi::executeAction deCanvasDragCancel -in [gi::getWindows 38]
[23:14:31.02] /# gi::executeAction seDelete -in [gi::getWindows 38]
[23:14:31.02] /i ise::delete
[23:14:31.45] /# gi::executeAction deAddPoint -in [gi::getWindows 38]
[23:14:31.45] /i de::addPoint {7.6625 1.09375} -context [db::getNext [de::getContexts -window 38]]
[23:14:32.03] /# gi::executeAction deAddPoint -in [gi::getWindows 38]
[23:14:32.03] /i de::addPoint {7.775 1.1375} -context [db::getNext [de::getContexts -window 38]]
[23:14:32.18] /# gi::executeAction deCompleteShape -in [gi::getWindows 38]
[23:14:32.18] /i de::completeShape -context [db::getNext [de::getContexts -window 38]]
[23:14:32.72] /# gi::executeAction deAddPoint -in [gi::getWindows 38]
[23:14:32.72] /i de::addPoint {7.775 1.19375} -context [db::getNext [de::getContexts -window 38]]
[23:14:32.87] /# gi::executeAction deAddPoint -in [gi::getWindows 38]
[23:14:32.87] /i de::addPoint {7.775 1.19375} -context [db::getNext [de::getContexts -window 38]]
[23:14:32.99] /# gi::executeAction deCompleteShape -in [gi::getWindows 38]
[23:14:32.99] /i de::completeShape -context [db::getNext [de::getContexts -window 38]]
[23:14:33.14] /# gi::executeAction deAbortCommand -in [gi::getWindows 38]
[23:14:33.14] /i de::abortCommand -context [db::getNext [de::getContexts -window 38]]
[23:14:34.02] /# gi::executeAction seCreateInst -in [gi::getWindows 38]
[23:14:34.02] /i ise::createInst
[23:14:34.05] /o seSchematic
[23:14:34.09] /i gi::setActiveDialog [gi::getDialogs {seCreateInst} -parent [gi::getWindows 38]]
[23:14:34.38] /i db::setAttr geometry -of [gi::getDialogs {seCreateInst}] -value 359x337+0+65
[23:15:22.20] /i gi::setField {instMasterCell} -value {g} -in [gi::getDialogs {seCreateInst} -parent [gi::getWindows 38]]
[23:15:22.49] /i db::setAttr geometry -of [gi::getDialogs {seCreateInst}] -value 359x337+0+65
[23:15:23.65] /i gi::setField {instMasterLib} -value {analogLib} -in [gi::getDialogs {seCreateInst} -parent [gi::getWindows 38]]
[23:15:23.98] /i db::setAttr geometry -of [gi::getDialogs {seCreateInst}] -value 359x337+0+65
[23:15:26.68] /i gi::setField {instMasterCell} -value {gnd} -in [gi::getDialogs {seCreateInst} -parent [gi::getWindows 38]]
[23:15:26.99] /i db::setAttr geometry -of [gi::getDialogs {seCreateInst}] -value 359x337+0+65
[23:15:29.01] /# gi::executeAction deAddPoint -in [gi::getWindows 38]
[23:15:29.01] /i de::addPoint {10.8625 1.16875} -context [db::getNext [de::getContexts -window 38]]
[23:15:29.34] /# gi::executeAction deAbortCommand -in [gi::getWindows 38]
[23:15:29.34] /i de::abortCommand -context [db::getNext [de::getContexts -window 38]]
[23:15:29.73] /# gi::executeAction deCanvasZoomInAtPoint -in [gi::getWindows 38]
[23:15:29.73] /i de::zoom -window [gi::getWindows 38] -factor 2.0 -center {11.39375 1.9}
[23:15:29.73] /o {7.79375 -0.34375} {13.83125 3.35}
[23:15:32.82] /i gi::setActiveWindow 22
[23:15:32.82] /i gi::setActiveWindow 22 -raise true
[23:15:33.36] /i gi::executeAction menuPreShow -in [gi::getWindows 22]
[23:15:33.36] /r giMenuAccess db::getNext [gi::getMenus saConsoleSimMenu -from [gi::getWindows 22]]
[23:15:33.77] /# gi::executeAction saNetlistAndRun -in [gi::getWindows 22]
[23:15:33.77] /i isa::netlistAndRun -testbench [sa::findActiveTestbench -window 22] -mode overwrite
[23:15:33.84] /r giDialog gi::setActiveDialog [gi::getDialogs {xtShowDesignsPrompt}]
[23:15:33.84] /r giDialog gi::setCurrentIndex {target} -index {0,0} -in [gi::getDialogs {xtShowDesignsPrompt}]
[23:15:34.09] /r giDialog db::setAttr geometry -of [gi::getDialogs {xtShowDesignsPrompt}] -value 649x290+626+410
[23:15:34.78] /r giDialog gi::pressButton {ok} -in [gi::getDialogs {xtShowDesignsPrompt}]
[23:15:34.80] /m Information: 
[23:15:34.80] /o Checking "inverter/FA_1bit_tb/schematic"
[23:15:34.80] /o 	[warning] Overlapping Instances
[23:15:34.80] /o 		Instances 'C6' and 'C20' overlap
[23:15:34.80] /o 		Instances 'C20' and 'C6' overlap
[23:15:34.80] /o 0 Error(s),2 Warning(s),0 Message(s) found   in "inverter/FA_1bit_tb/schematic"
[23:15:34.80] /o No Design Integrity rule violations found in "inverter/FA_1bit_tb/schematic"
[23:15:34.80] /m Information: Checking process is completed: marking the design violations
[23:15:34.80] /m Information: Marking of designs is completed
[23:15:34.88] /m Information: "Starting incremental netlisting for design "inverter/FA_1bit_tb/schematic"..." (NETLISTING-010)
[23:15:34.90] /o No Design Integrity rule violations found in "inverter/FA_1bit_tb/schematic"
[23:15:34.90] /m Information: 
[23:15:34.90] /o Checking "inverter/full_adder/schematic"
[23:15:34.90] /o No rule violations found in "inverter/full_adder/schematic"
[23:15:34.91] /m Information: 
[23:15:34.91] /o Checking "inverter/CMOS/schematic"
[23:15:34.91] /o No rule violations found in "inverter/CMOS/schematic"
[23:15:34.93] /m Information: "inverter FA_1bit_tb schematic" renetlisted. (NETLISTING-056)
[23:15:34.94] /m Information: "Netlisting design "inverter/FA_1bit_tb/schematic" finished successfully." (NETLISTING-012)
[23:15:34.95] /m Information: "Composing simulator input file for design "inverter/FA_1bit_tb/schematic"..."
[23:15:34.98] /m Information: "Simulator input file composed successfully for design "inverter/FA_1bit_tb/schematic""
[23:15:35.17] /m Information: "Starting HSPICE simulation for design: inverter/FA_1bit_tb/schematic"
[23:15:35.17] /# gi::collapse {jobMonitorTable} -index {0.0.0.0,0} -in [gi::getWindows 39]
[23:15:35.19] /o 1
[23:15:35.70] /m Information: "Simulation completed successfully for design: inverter/FA_1bit_tb/schematic "
[23:15:35.92] /m Information: "Evaluating and plotting outputs..."
[23:15:36.31] /m Information: Measurement calculations completed for testbench: default in 0s
[23:15:36.35] /j ::wf::WaveView::plotSuccess WaveView_6 {} {_54d55c0_void_pp _7300a68_void_pp} 
[23:15:36.59] /j ::wf::WaveView::plotSuccess WaveView_6 {} {_54d55c0_void_pp _7300d88_void_pp} 
[23:15:36.79] /j ::wf::WaveView::plotSuccess WaveView_6 {} {_54d55c0_void_pp _7300b30_void_pp} 
[23:15:37.10] /j ::wf::WaveView::plotSuccess WaveView_6 {} {_54d55c0_void_pp _7300bf8_void_pp} 
[23:15:37.31] /j ::wf::WaveView::plotSuccess WaveView_6 {} {_54d55c0_void_pp _7300cc0_void_pp} 
[23:15:44.19] /i gi::setActiveWindow 22
[23:15:44.19] /i gi::setActiveWindow 22 -raise true
[23:17:00.04] /i gi::setActiveWindow 38
[23:17:00.04] /i gi::setActiveWindow 38 -raise true
[23:17:02.51] /# gi::executeAction deCanvasZoomOutAtPoint -in [gi::getWindows 38]
[23:17:02.51] /i de::zoom -window [gi::getWindows 38] -factor 0.5 -center {10.85 1.86875}
[23:17:02.51] /o {4.7375 -2.55} {16.8125 4.825}
[23:17:03.05] /# gi::executeAction deFitEdit -in [gi::getWindows 38]
[23:17:03.06] /i de::fit -window 38 -fitEdit true
[23:17:03.06] /o {-0.1125 -1.925} {12.0125 5.4875}
[23:17:04.61] /# gi::executeAction deSelectActive -in [gi::getWindows 38]
[23:17:04.61] /i de::deselectAll [db::getNext [de::getContexts -window 38]]
[23:17:04.61] /i de::select [de::getActiveFigure [gi::getWindows 38] -point {10.86875 2.35} -index 0 -intent none]
[23:17:04.61] /o oa:0x28b84830
[23:17:05.36] /# gi::executeAction seDelete -in [gi::getWindows 38]
[23:17:05.36] /i ise::delete
[23:17:05.84] /# gi::executeAction deSelectActive -in [gi::getWindows 38]
[23:17:05.84] /i de::deselectAllLogic -context [db::getNext [de::getContexts -window 38]]
[23:17:06.25] /i gi::executeAction deCanvasDragCancel -in [gi::getWindows 38]
[23:17:07.36] /# gi::executeAction seSchCreateWire -in [gi::getWindows 38]
[23:17:07.36] /i ise::createWire
[23:17:08.66] /# gi::executeAction deAddPoint -in [gi::getWindows 38]
[23:17:08.66] /i de::addPoint {5.9375 2.675} -context [db::getNext [de::getContexts -window 38]]
[23:17:08.74] /i de::setCursor -point {5.9375 2.625 }
[23:17:10.40] /# gi::executeAction deAddPoint -in [gi::getWindows 38]
[23:17:10.40] /i de::addPoint {10.86875 2.1125} -context [db::getNext [de::getContexts -window 38]]
[23:17:11.50] /# gi::executeAction deAbortCommand -in [gi::getWindows 38]
[23:17:11.50] /i de::abortCommand -context [db::getNext [de::getContexts -window 38]]
[23:17:14.24] /i gi::setActiveWindow 22
[23:17:14.24] /i gi::setActiveWindow 22 -raise true
[23:17:14.93] /i gi::executeAction menuPreShow -in [gi::getWindows 22]
[23:17:14.93] /r giMenuAccess db::getNext [gi::getMenus saConsoleSimMenu -from [gi::getWindows 22]]
[23:17:15.56] /# gi::executeAction saNetlistAndRun -in [gi::getWindows 22]
[23:17:15.56] /i isa::netlistAndRun -testbench [sa::findActiveTestbench -window 22] -mode overwrite
[23:17:15.64] /r giDialog gi::setActiveDialog [gi::getDialogs {xtShowDesignsPrompt}]
[23:17:15.64] /r giDialog gi::setCurrentIndex {target} -index {0,0} -in [gi::getDialogs {xtShowDesignsPrompt}]
[23:17:15.88] /r giDialog db::setAttr geometry -of [gi::getDialogs {xtShowDesignsPrompt}] -value 649x290+626+410
[23:17:16.94] /r giDialog gi::pressButton {ok} -in [gi::getDialogs {xtShowDesignsPrompt}]
[23:17:16.96] /m Information: 
[23:17:16.96] /o Checking "inverter/FA_1bit_tb/schematic"
[23:17:16.96] /o 	[warning] Overlapping Instances
[23:17:16.96] /o 		Instances 'C6' and 'C20' overlap
[23:17:16.96] /o 		Instances 'C20' and 'C6' overlap
[23:17:16.96] /o 0 Error(s),2 Warning(s),0 Message(s) found   in "inverter/FA_1bit_tb/schematic"
[23:17:16.96] /o No Design Integrity rule violations found in "inverter/FA_1bit_tb/schematic"
[23:17:16.96] /m Information: Checking process is completed: marking the design violations
[23:17:16.97] /m Information: Marking of designs is completed
[23:17:17.03] /m Information: "Starting incremental netlisting for design "inverter/FA_1bit_tb/schematic"..." (NETLISTING-010)
[23:17:17.05] /o No Design Integrity rule violations found in "inverter/FA_1bit_tb/schematic"
[23:17:17.06] /m Information: 
[23:17:17.06] /o Checking "inverter/full_adder/schematic"
[23:17:17.06] /o No rule violations found in "inverter/full_adder/schematic"
[23:17:17.06] /m Information: 
[23:17:17.06] /o Checking "inverter/CMOS/schematic"
[23:17:17.06] /o No rule violations found in "inverter/CMOS/schematic"
[23:17:17.09] /m Information: "inverter FA_1bit_tb schematic" renetlisted. (NETLISTING-056)
[23:17:17.10] /m Information: "Netlisting design "inverter/FA_1bit_tb/schematic" finished successfully." (NETLISTING-012)
[23:17:17.10] /m Information: "Composing simulator input file for design "inverter/FA_1bit_tb/schematic"..."
[23:17:17.13] /m Information: "Simulator input file composed successfully for design "inverter/FA_1bit_tb/schematic""
[23:17:17.32] /m Information: "Starting HSPICE simulation for design: inverter/FA_1bit_tb/schematic"
[23:17:17.33] /# gi::collapse {jobMonitorTable} -index {0.0.0.0,0} -in [gi::getWindows 39]
[23:17:17.34] /o 1
[23:17:17.86] /m Information: "Simulation completed successfully for design: inverter/FA_1bit_tb/schematic "
[23:17:18.09] /m Information: "Evaluating and plotting outputs..."
[23:17:18.40] /m Information: Measurement calculations completed for testbench: default in 0s
[23:17:18.45] /j ::wf::WaveView::plotSuccess WaveView_6 {} {_72b67d0_void_pp _73009a0_void_pp} 
[23:17:18.67] /j ::wf::WaveView::plotSuccess WaveView_6 {} {_72b67d0_void_pp _7300a68_void_pp} 
[23:17:18.87] /j ::wf::WaveView::plotSuccess WaveView_6 {} {_72b67d0_void_pp _7300d88_void_pp} 
[23:17:19.07] /j ::wf::WaveView::plotSuccess WaveView_6 {} {_72b67d0_void_pp _7300b30_void_pp} 
[23:17:19.33] /j ::wf::WaveView::plotSuccess WaveView_6 {} {_72b67d0_void_pp _7300bf8_void_pp} 
[23:22:24.09] /m Information: Stopped sharing "Custom WaveView" license. (WAVEFORM-111)
[23:22:48.65] /i gi::setActiveWindow 22
[23:22:48.65] /i gi::setActiveWindow 22 -raise true
[23:22:49.27] /i gi::setActiveWindow 38
[23:22:49.28] /i gi::setActiveWindow 38 -raise true
[23:22:59.84] /# gi::executeAction deCanvasZoomInAtPoint -in [gi::getWindows 38]
[23:22:59.84] /i de::zoom -window [gi::getWindows 38] -factor 2.0 -center {5.775 2.1375}
[23:22:59.84] /o {2.83125 0.10625} {8.89375 3.8125}
[23:23:00.47] /# gi::executeAction deCanvasZoomOutAtPoint -in [gi::getWindows 38]
[23:23:00.47] /i de::zoom -window [gi::getWindows 38] -factor 0.5 -center {6.04375 2.2}
[23:23:00.47] /o {-0.38125 -1.9875} {11.74375 5.425}
[23:23:00.62] /i gi::executeAction deCanvasDragCancel -in [gi::getWindows 38]
[23:23:02.00] /# gi::executeAction deSelectActive -in [gi::getWindows 38]
[23:23:02.00] /i de::deselectAll [db::getNext [de::getContexts -window 38]]
[23:23:02.00] /i de::select [de::getActiveFigure [gi::getWindows 38] -point {7.24375 2.54375} -index 0 -intent none]
[23:23:02.00] /o oa:0x2525a5a0
[23:23:04.00] /# gi::executeAction seCopy -in [gi::getWindows 38]
[23:23:04.00] /i ise::copy
[23:23:05.30] /# gi::executeAction deAbortCommand -in [gi::getWindows 38]
[23:23:05.30] /i de::abortCommand -context [db::getNext [de::getContexts -window 38]]
[23:23:05.54] /# gi::executeAction deSelectActive -in [gi::getWindows 38]
[23:23:05.54] /i de::deselectAll [db::getNext [de::getContexts -window 38]]
[23:23:05.54] /i de::deselectAllLogic -context [db::getNext [de::getContexts -window 38]]
[23:23:06.30] /i gi::executeAction deCanvasDragSelect -in [gi::getWindows 38]
[23:23:06.30] /r deCanvasDragStart 5.86875 3.4375
[23:23:07.19] /# gi::executeAction deCanvasDragEnd -in [gi::getWindows 38]
[23:23:07.19] /i gi::executeAction deCanvasDragEnd -in [gi::getWindows 38]
[23:23:07.20] /r deCanvasDragEnd 11.7125 2.30625
[23:23:08.87] /# gi::executeAction seCopy -in [gi::getWindows 38]
[23:23:08.87] /i ise::copy
[23:23:09.52] /# gi::executeAction deAddPoint -in [gi::getWindows 38]
[23:23:09.52] /i de::addPoint {7.43125 2.5625} -context [db::getNext [de::getContexts -window 38]]
[23:23:10.53] /# gi::executeAction deAbortCommand -in [gi::getWindows 38]
[23:23:10.53] /i de::abortCommand -context [db::getNext [de::getContexts -window 38]]
[23:23:13.62] /# gi::executeAction seButton1DragStart -in [gi::getWindows 38]
[23:23:13.62] /i ise::stretch -object [de::getActiveFigure [gi::getWindows 38] -point {10.9 1.84375} -index 0 -intent none] -point {10.875 1.875}
[23:23:15.12] /# gi::executeAction deEndDrag -in [gi::getWindows 38]
[23:23:15.12] /i de::endDrag {5.9625 1.15} -context [db::getNext [de::getContexts -window 38]]
[23:23:16.23] /# gi::executeAction seButton1DragStart -in [gi::getWindows 38]
[23:23:16.23] /i ise::stretch -object [de::getActiveFigure [gi::getWindows 38] -point {10.85625 0.9625} -index 0 -intent none] -point {10.875 0.9375}
[23:23:17.31] /# gi::executeAction deEndDrag -in [gi::getWindows 38]
[23:23:17.31] /i de::endDrag {5.925 0.175} -context [db::getNext [de::getContexts -window 38]]
[23:23:17.55] /# gi::executeAction deSelectActive -in [gi::getWindows 38]
[23:23:17.55] /i de::deselectAll [db::getNext [de::getContexts -window 38]]
[23:23:17.55] /i de::deselectAllLogic -context [db::getNext [de::getContexts -window 38]]
[23:23:18.34] /i gi::executeAction deCanvasDragSelect -in [gi::getWindows 38]
[23:23:18.34] /r deCanvasDragStart 6.525 3.4625
[23:23:18.79] /# gi::executeAction deCanvasDragEnd -in [gi::getWindows 38]
[23:23:18.79] /i gi::executeAction deCanvasDragEnd -in [gi::getWindows 38]
[23:23:18.79] /r deCanvasDragEnd 12.075 1.10625
[23:23:19.42] /# gi::executeAction deSelectActive -in [gi::getWindows 38]
[23:23:19.42] /i de::deselectAll [db::getNext [de::getContexts -window 38]]
[23:23:19.42] /i de::deselectAllLogic -context [db::getNext [de::getContexts -window 38]]
[23:23:20.07] /i gi::executeAction deCanvasDragSelect -in [gi::getWindows 38]
[23:23:20.07] /r deCanvasDragStart 6.00625 3.46875
[23:23:20.52] /# gi::executeAction deCanvasDragEnd -in [gi::getWindows 38]
[23:23:20.52] /i gi::executeAction deCanvasDragEnd -in [gi::getWindows 38]
[23:23:20.52] /r deCanvasDragEnd 12.0813 1.3375
[23:23:21.87] /# gi::executeAction seCopy -in [gi::getWindows 38]
[23:23:21.87] /i ise::copy
[23:23:22.09] /# gi::executeAction deAddPoint -in [gi::getWindows 38]
[23:23:22.09] /i de::addPoint {9.7 2.5} -context [db::getNext [de::getContexts -window 38]]
[23:23:23.67] /# gi::executeAction deAddPoint -in [gi::getWindows 38]
[23:23:23.67] /i de::addPoint {9.875 1.21875} -context [db::getNext [de::getContexts -window 38]]
[23:23:23.90] /i gi::executeAction deCanvasDragCancel -in [gi::getWindows 38]
[23:23:26.01] /# gi::executeAction deSelectActive -in [gi::getWindows 38]
[23:23:26.01] /i de::deselectAll [db::getNext [de::getContexts -window 38]]
[23:23:26.01] /i de::deselectAllLogic -context [db::getNext [de::getContexts -window 38]]
[23:23:26.52] /# gi::executeAction deSelectActive -in [gi::getWindows 38]
[23:23:26.52] /i de::deselectAllLogic -context [db::getNext [de::getContexts -window 38]]
[23:23:27.04] /# gi::executeAction deSelectActive -in [gi::getWindows 38]
[23:23:27.04] /i de::deselectAll [db::getNext [de::getContexts -window 38]]
[23:23:27.04] /i de::select [de::getActiveFigure [gi::getWindows 38] -point {5.225 2.475} -index 0 -intent none]
[23:23:27.04] /o oa:0x232b98f0
[23:23:27.68] /# gi::executeAction seDelete -in [gi::getWindows 38]
[23:23:27.68] /i ise::delete
[23:23:27.98] /# gi::executeAction deSelectActive -in [gi::getWindows 38]
[23:23:27.98] /i de::deselectAllLogic -context [db::getNext [de::getContexts -window 38]]
[23:23:28.40] /# gi::executeAction deFitEdit -in [gi::getWindows 38]
[23:23:28.40] /i de::fit -window 38 -fitEdit true
[23:23:28.40] /o {-0.11875 -2.03125} {12.15625 5.46875}
[23:23:29.26] /i gi::executeAction deCanvasDragCancel -in [gi::getWindows 38]
[23:23:29.87] /# gi::executeAction seButton1DragStart -in [gi::getWindows 38]
[23:23:29.87] /i ise::stretch -object [de::getActiveFigure [gi::getWindows 38] -point {5.5875 2.475} -index 0 -intent none] -point {5.5625 2.5}
[23:23:31.04] /# gi::executeAction deEndDrag -in [gi::getWindows 38]
[23:23:31.04] /i de::endDrag {11.6125 0.7625} -context [db::getNext [de::getContexts -window 38]]
[23:23:32.46] /# gi::executeAction deSelectActive -in [gi::getWindows 38]
[23:23:32.46] /i de::deselectAll [db::getNext [de::getContexts -window 38]]
[23:23:32.46] /i de::select [de::getActiveFigure [gi::getWindows 38] -point {11.31875 1.44375} -index 0 -intent none]
[23:23:32.46] /o oa:0x257fc610
[23:23:33.12] /# gi::executeAction seDelete -in [gi::getWindows 38]
[23:23:33.12] /i ise::delete
[23:23:33.47] /# gi::executeAction deSelectActive -in [gi::getWindows 38]
[23:23:33.47] /i de::deselectAll [db::getNext [de::getContexts -window 38]]
[23:23:33.47] /i de::select [de::getActiveFigure [gi::getWindows 38] -point {11.31875 1.44375} -index 0 -intent none]
[23:23:33.47] /o oa:0x24839e90
[23:23:33.83] /i gi::executeAction deCanvasDragCancel -in [gi::getWindows 38]
[23:23:34.95] /# gi::executeAction seButton1DragStart -in [gi::getWindows 38]
[23:23:34.95] /i ise::stretch -object [de::getActiveFigure [gi::getWindows 38] -point {11.6125 0.725} -index 0 -intent none] -point {11.625 0.75}
[23:23:36.12] /# gi::executeAction deEndDrag -in [gi::getWindows 38]
[23:23:36.12] /i de::endDrag {11.31875 1.43125} -context [db::getNext [de::getContexts -window 38]]
[23:23:36.39] /# gi::executeAction deSelectActive -in [gi::getWindows 38]
[23:23:36.39] /i de::deselectAll [db::getNext [de::getContexts -window 38]]
[23:23:36.39] /i de::deselectAllLogic -context [db::getNext [de::getContexts -window 38]]
[23:23:38.12] /# gi::executeAction seSchCreateWire -in [gi::getWindows 38]
[23:23:38.12] /i ise::createWire
[23:23:40.16] /# gi::executeAction deAddPoint -in [gi::getWindows 38]
[23:23:40.16] /i de::addPoint {4.94375 2.4875} -context [db::getNext [de::getContexts -window 38]]
[23:23:40.20] /i de::setCursor -point {4.9375 2.4375 }
[23:23:40.22] /i de::setCursor -point {5 2.4375 }
[23:23:40.24] /i de::setCursor -point {5.0625 2.4375 }
[23:23:41.63] /# gi::executeAction deAddPoint -in [gi::getWindows 38]
[23:23:41.63] /i de::addPoint {6.1375 2.475} -context [db::getNext [de::getContexts -window 38]]
[23:23:41.72] /i de::setCursor -point {6.125 2.4375 }
[23:23:43.99] /# gi::executeAction deAddPoint -in [gi::getWindows 38]
[23:23:43.99] /i de::addPoint {6.43125 1.44375} -context [db::getNext [de::getContexts -window 38]]
[23:23:44.50] /# gi::executeAction deAbortCommand -in [gi::getWindows 38]
[23:23:44.50] /i de::abortCommand -context [db::getNext [de::getContexts -window 38]]
[23:23:46.81] /i gi::setActiveWindow 22
[23:23:46.81] /i gi::setActiveWindow 22 -raise true
[23:23:47.75] /i gi::executeAction menuPreShow -in [gi::getWindows 22]
[23:23:47.75] /r giMenuAccess db::getNext [gi::getMenus saConsoleSimMenu -from [gi::getWindows 22]]
[23:23:48.05] /i gi::executeAction menuPreShow -in [gi::getWindows 22]
[23:23:48.05] /r giMenuAccess db::getNext [gi::getMenus saConsoleOutputsMenu -from [gi::getWindows 22]]
[23:23:48.86] /# gi::executeAction saSelectInDesign -in [gi::getWindows 22]
[23:23:48.86] /i sa::selectOutputs -window 22
[23:23:51.72] /i gi::setActiveWindow 22
[23:23:51.72] /i gi::setActiveWindow 22 -raise true
[23:23:52.32] /i gi::executeAction menuPreShow -in [gi::getWindows 22]
[23:23:52.32] /r giMenuAccess db::getNext [gi::getMenus saConsoleSimMenu -from [gi::getWindows 22]]
[23:23:52.76] /# gi::executeAction saRun -in [gi::getWindows 22]
[23:23:52.76] /i isa::run -testbench [sa::findActiveTestbench -window 22] -mode overwrite
[23:23:52.90] /m Information: "Composing simulator input file for design "inverter/FA_1bit_tb/schematic"..."
[23:23:52.93] /m Information: "Simulator input file composed successfully for design "inverter/FA_1bit_tb/schematic""
[23:23:53.04] /m Information: "Starting HSPICE simulation for design: inverter/FA_1bit_tb/schematic"
[23:23:53.04] /# gi::collapse {jobMonitorTable} -index {0.0.0.0,0} -in [gi::getWindows 39]
[23:23:53.06] /o 1
[23:23:53.60] /m Information: "Simulation completed successfully for design: inverter/FA_1bit_tb/schematic "
[23:23:53.82] /m Information: "Evaluating and plotting outputs..."
[23:23:53.83] /m Information: Started sharing "Custom WaveView" license. (WAVEFORM-110)
[23:23:54.05] /i gi::executeAction giCloseWindow -in [gi::getWindows 39]
[23:23:54.08] /i gi::setActiveWindow 22
[23:23:54.08] /i gi::setActiveWindow 22 -raise true
[23:23:54.13] /m Information: Measurement calculations completed for testbench: default in 1s
[23:23:54.16] /j ::wf::WaveView::plotSuccess WaveView_6 {} {_54d8390_void_pp _7300cc0_void_pp} 
[23:23:54.41] /j ::wf::WaveView::plotSuccess WaveView_6 {} {_54d8390_void_pp _73009a0_void_pp} 
[23:23:54.62] /j ::wf::WaveView::plotSuccess WaveView_6 {} {_54d8390_void_pp _7300a68_void_pp} 
[23:23:54.89] /j ::wf::WaveView::plotSuccess WaveView_6 {} {_54d8390_void_pp _7300d88_void_pp} 
[23:23:54.98] /i gi::executeAction menuPreShow -in [gi::getWindows 22]
[23:23:54.98] /r giMenuAccess db::getNext [gi::getMenus saConsoleSimMenu -from [gi::getWindows 22]]
[23:23:55.08] /j ::wf::WaveView::plotSuccess WaveView_6 {} {_54d8390_void_pp _7300b30_void_pp} 
[23:23:55.67] /# gi::executeAction saNetlistAndRun -in [gi::getWindows 22]
[23:23:55.67] /i isa::netlistAndRun -testbench [sa::findActiveTestbench -window 22] -mode overwrite
[23:23:55.74] /r giDialog gi::setActiveDialog [gi::getDialogs {xtShowDesignsPrompt}]
[23:23:55.74] /r giDialog gi::setCurrentIndex {target} -index {0,0} -in [gi::getDialogs {xtShowDesignsPrompt}]
[23:23:55.98] /r giDialog db::setAttr geometry -of [gi::getDialogs {xtShowDesignsPrompt}] -value 649x290+626+410
[23:23:56.89] /r giDialog gi::pressButton {ok} -in [gi::getDialogs {xtShowDesignsPrompt}]
[23:23:56.91] /m Information: 
[23:23:56.91] /o Checking "inverter/FA_1bit_tb/schematic"
[23:23:56.91] /o 	[warning] Floating Input Pins
[23:23:56.91] /o 		Input pin 'Cout' is floating
[23:23:56.91] /o 	[warning] Floating Output Instance Pins
[23:23:56.91] /o 		Output pin 'out' of instance 'I24' is floating
[23:23:56.91] /o 	[warning] Overlapping Instances
[23:23:56.91] /o 		Instances 'C6' and 'C20' overlap
[23:23:56.91] /o 		Instances 'C20' and 'C6' overlap
[23:23:56.91] /o 0 Error(s),4 Warning(s),0 Message(s) found   in "inverter/FA_1bit_tb/schematic"
[23:23:56.91] /o No Design Integrity rule violations found in "inverter/FA_1bit_tb/schematic"
[23:23:56.91] /m Information: Checking process is completed: marking the design violations
[23:23:56.91] /m Information: Marking of designs is completed
[23:23:56.96] /r giWindowId 40
[23:23:56.97] /r giWindowGeometry 800x600
[23:23:57.11] /m Information: "Starting incremental netlisting for design "inverter/FA_1bit_tb/schematic"..." (NETLISTING-010)
[23:23:57.13] /o No Design Integrity rule violations found in "inverter/FA_1bit_tb/schematic"
[23:23:57.13] /m Information: 
[23:23:57.13] /o Checking "inverter/full_adder/schematic"
[23:23:57.13] /o No rule violations found in "inverter/full_adder/schematic"
[23:23:57.14] /m Information: 
[23:23:57.14] /o Checking "inverter/CMOS/schematic"
[23:23:57.14] /o No rule violations found in "inverter/CMOS/schematic"
[23:23:57.18] /m Information: "inverter FA_1bit_tb schematic" renetlisted. (NETLISTING-056)
[23:23:57.19] /m Information: "Netlisting design "inverter/FA_1bit_tb/schematic" finished successfully." (NETLISTING-012)
[23:23:57.19] /m Information: "Composing simulator input file for design "inverter/FA_1bit_tb/schematic"..."
[23:23:57.22] /m Information: "Simulator input file composed successfully for design "inverter/FA_1bit_tb/schematic""
[23:23:57.39] /m Information: "Starting HSPICE simulation for design: inverter/FA_1bit_tb/schematic"
[23:23:57.39] /# gi::collapse {jobMonitorTable} -index {0.0.0.0,0} -in [gi::getWindows 40]
[23:23:57.40] /o 1
[23:23:58.00] /m Information: "Simulation completed successfully for design: inverter/FA_1bit_tb/schematic "
[23:23:58.20] /m Information: "Evaluating and plotting outputs..."
[23:23:58.61] /m Information: Measurement calculations completed for testbench: default in 0s
[23:23:58.63] /j ::wf::WaveView::plotSuccess WaveView_6 {} {_7850c80_void_pp _7300bf8_void_pp} 
[23:23:58.84] /j ::wf::WaveView::plotSuccess WaveView_6 {} {_7850c80_void_pp _7300cc0_void_pp} 
[23:23:59.06] /j ::wf::WaveView::plotSuccess WaveView_6 {} {_7850c80_void_pp _73009a0_void_pp} 
[23:23:59.26] /j ::wf::WaveView::plotSuccess WaveView_6 {} {_7850c80_void_pp _7300a68_void_pp} 
[23:23:59.44] /j ::wf::WaveView::plotSuccess WaveView_6 {} {_7850c80_void_pp _7300d88_void_pp} 
[23:24:10.25] /i gi::setActiveWindow 22
[23:24:10.25] /i gi::setActiveWindow 22 -raise true
[23:24:10.98] /i gi::setActiveWindow 38
[23:24:10.98] /i gi::setActiveWindow 38 -raise true
[23:24:13.83] /# gi::executeAction deSelectActive -in [gi::getWindows 38]
[23:24:13.83] /i de::deselectAll [db::getNext [de::getContexts -window 38]]
[23:24:13.83] /i de::select [de::getActiveFigure [gi::getWindows 38] -point {5.025 2.00625} -index 0 -intent none]
[23:24:13.83] /o oa:0x244c38c0
[23:24:15.42] /i gi::executeAction deCanvasDragCancel -in [gi::getWindows 38]
[23:24:15.97] /# gi::executeAction deSelectActive -in [gi::getWindows 38]
[23:24:15.97] /i de::deselectAll [db::getNext [de::getContexts -window 38]]
[23:24:15.97] /i de::deselectAllLogic -context [db::getNext [de::getContexts -window 38]]
[23:24:16.41] /# gi::executeAction deSelectActive -in [gi::getWindows 38]
[23:24:16.41] /i de::deselectAll [db::getNext [de::getContexts -window 38]]
[23:24:16.41] /i de::select [de::getActiveFigure [gi::getWindows 38] -point {4.85625 1.86875} -index 0 -intent none]
[23:24:16.41] /o oa:0x25349150
[23:24:16.66] /i gi::executeAction sePropertyEditorToggle -in [gi::getWindows 38]
[23:24:16.66] /# db::setAttr shown -of [gi::getAssistants dePropertyEditor -from [gi::getWindows 38]] -value false
[23:24:16.98] /i db::setAttr dockSize -of [gi::getAssistants seSchematicObjectFilter -from [gi::getWindows 38]] -value 290x960
[23:24:17.76] /i gi::executeAction sePropertyEditorToggle -in [gi::getWindows 38]
[23:24:17.76] /# db::setAttr shown -of [gi::getAssistants dePropertyEditor -from [gi::getWindows 38]] -value true
[23:24:18.08] /i db::setAttr dockSize -of [gi::getAssistants seSchematicObjectFilter -from [gi::getWindows 38]] -value 290x934
[23:24:19.28] /# gi::executeAction deSelectActive -in [gi::getWindows 38]
[23:24:19.28] /i de::cycleActiveFigure [gi::getWindows 38] -direction next
[23:24:19.28] /o oa:0x23d1fc90
[23:24:19.28] /i de::deselectAll [db::getNext [de::getContexts -window 38]]
[23:24:19.28] /i de::select [de::getActiveFigure [gi::getWindows 38] -point {4.99375 1.9625} -index 1 -intent none]
[23:24:19.28] /o oa:0x279f2e50
[23:24:19.82] /i gi::executeAction sePropertyEditorToggle -in [gi::getWindows 38]
[23:24:19.82] /# db::setAttr shown -of [gi::getAssistants dePropertyEditor -from [gi::getWindows 38]] -value false
[23:24:20.11] /i db::setAttr dockSize -of [gi::getAssistants seSchematicObjectFilter -from [gi::getWindows 38]] -value 290x960
[23:24:20.81] /# gi::executeAction deSelectActive -in [gi::getWindows 38]
[23:24:20.81] /i de::deselectAll [db::getNext [de::getContexts -window 38]]
[23:24:20.81] /i de::select [de::getActiveFigure [gi::getWindows 38] -point {4.93125 1.96875} -index 0 -intent none]
[23:24:20.81] /o oa:0x26d1ddc0
[23:24:21.17] /i gi::executeAction deCanvasDragCancel -in [gi::getWindows 38]
[23:24:21.58] /# gi::executeAction deSelectActive -in [gi::getWindows 38]
[23:24:21.58] /i de::cycleActiveFigure [gi::getWindows 38] -direction next
[23:24:21.58] /o oa:0x25f51700
[23:24:21.58] /i de::deselectAll [db::getNext [de::getContexts -window 38]]
[23:24:21.58] /i de::select [de::getActiveFigure [gi::getWindows 38] -point {4.93125 1.96875} -index 1 -intent none]
[23:24:21.58] /o oa:0x289254d0
[23:24:21.58] /i gi::executeAction deCanvasDragCancel -in [gi::getWindows 38]
[23:24:22.78] /i db::setAttr shown -of [gi::getAssistants seSchematicObjectFilter -from [gi::getWindows 38]] -value false
[23:24:23.14] /i gi::executeAction deCanvasDragCancel -in [gi::getWindows 38]
[23:24:23.44] /# gi::executeAction deSelectActive -in [gi::getWindows 38]
[23:24:23.44] /i de::deselectAll [db::getNext [de::getContexts -window 38]]
[23:24:23.44] /i de::select [de::getActiveFigure [gi::getWindows 38] -point {10.8625 0.90625} -index 0 -intent none]
[23:24:23.44] /o oa:0x2876fe40
[23:24:23.85] /# gi::executeAction deSelectActive -in [gi::getWindows 38]
[23:24:23.85] /i de::deselectAll [db::getNext [de::getContexts -window 38]]
[23:24:23.85] /i de::deselectAllLogic -context [db::getNext [de::getContexts -window 38]]
[23:24:24.23] /# gi::executeAction deCanvasZoomInAtPoint -in [gi::getWindows 38]
[23:24:24.23] /i de::zoom -window [gi::getWindows 38] -factor 2.0 -center {12.63125 1.725}
[23:24:24.23] /o {6.25625 -0.15625} {13.55 3.6}
[23:24:25.03] /# gi::executeAction deFitEdit -in [gi::getWindows 38]
[23:24:25.03] /i de::fit -window 38 -fitEdit true
[23:24:25.03] /o {-0.11875 -1.44375} {12.175 4.88125}
[23:24:26.45] /# gi::executeAction deSelectActive -in [gi::getWindows 38]
[23:24:26.45] /i de::deselectAll [db::getNext [de::getContexts -window 38]]
[23:24:26.45] /i de::select [de::getActiveFigure [gi::getWindows 38] -point {4.9625 1.9125} -index 0 -intent none]
[23:24:26.45] /o oa:0x1e8d2210
[23:24:26.83] /i gi::executeAction sePropertyEditorToggle -in [gi::getWindows 38]
[23:24:26.84] /# db::setAttr shown -of [gi::getAssistants dePropertyEditor -from [gi::getWindows 38]] -value true
[23:24:28.10] /# gi::executeAction deSelectActive -in [gi::getWindows 38]
[23:24:28.10] /i de::deselectAll [db::getNext [de::getContexts -window 38]]
[23:24:28.10] /i de::deselectAllLogic -context [db::getNext [de::getContexts -window 38]]
[23:24:28.34] /# gi::executeAction deSelectActive -in [gi::getWindows 38]
[23:24:28.34] /i de::deselectAll [db::getNext [de::getContexts -window 38]]
[23:24:28.34] /i de::select [de::getActiveFigure [gi::getWindows 38] -point {4.98125 1.95} -index 0 -intent none]
[23:24:28.34] /o oa:0x260a82d0
[23:24:28.54] /i gi::executeAction sePropertyEditorToggle -in [gi::getWindows 38]
[23:24:28.55] /# db::setAttr shown -of [gi::getAssistants dePropertyEditor -from [gi::getWindows 38]] -value false
[23:24:28.85] /i gi::executeAction sePropertyEditorToggle -in [gi::getWindows 38]
[23:24:28.85] /# db::setAttr shown -of [gi::getAssistants dePropertyEditor -from [gi::getWindows 38]] -value true
[23:24:29.70] /# gi::executeAction deSelectActive -in [gi::getWindows 38]
[23:24:29.70] /i de::cycleActiveFigure [gi::getWindows 38] -direction next
[23:24:29.70] /o oa:0x250fadc0
[23:24:29.70] /i de::deselectAll [db::getNext [de::getContexts -window 38]]
[23:24:29.70] /i de::select [de::getActiveFigure [gi::getWindows 38] -point {4.98125 1.95} -index 1 -intent none]
[23:24:29.70] /o oa:0x1ed014d0
[23:24:35.26] /i gi::executeAction dePropertyEditorZoom -in [gi::getAssistants dePropertyEditor -from [gi::getWindows 38]]
[23:24:36.98] /i gi::setField {attributesExpand} -value {false} -in [gi::getAssistants dePropertyEditor -from [gi::getWindows 38]]
[23:24:37.90] /i gi::setField {propertiesExpand} -value {true} -in [gi::getAssistants dePropertyEditor -from [gi::getWindows 38]]
[23:24:38.96] /i gi::setField {propertiesExpand} -value {false} -in [gi::getAssistants dePropertyEditor -from [gi::getWindows 38]]
[23:24:39.95] /i gi::setField {attributesExpand} -value {true} -in [gi::getAssistants dePropertyEditor -from [gi::getWindows 38]]
[23:24:41.30] /# gi::executeAction deSelectActive -in [gi::getWindows 38]
[23:24:41.30] /i de::deselectAll [db::getNext [de::getContexts -window 38]]
[23:24:41.30] /i de::select [de::getActiveFigure [gi::getWindows 38] -point {7.55 1.50625} -index 0 -intent none]
[23:24:41.30] /o oa:0x28c12350
[23:24:42.22] /i gi::executeAction sePropertyEditorToggle -in [gi::getWindows 38]
[23:24:42.23] /# db::setAttr shown -of [gi::getAssistants dePropertyEditor -from [gi::getWindows 38]] -value false
[23:24:43.07] /# gi::executeAction deSelectActive -in [gi::getWindows 38]
[23:24:43.07] /i de::deselectAll [db::getNext [de::getContexts -window 38]]
[23:24:43.07] /i de::select [de::getActiveFigure [gi::getWindows 38] -point {3.58125 2.61875} -index 0 -intent none]
[23:24:43.07] /o oa:0x2923dcb0
[23:24:43.36] /i gi::executeAction sePropertyEditorToggle -in [gi::getWindows 38]
[23:24:43.36] /# db::setAttr shown -of [gi::getAssistants dePropertyEditor -from [gi::getWindows 38]] -value true
[23:24:43.90] /# gi::executeAction deSelectActive -in [gi::getWindows 38]
[23:24:43.90] /i de::deselectAll [db::getNext [de::getContexts -window 38]]
[23:24:43.90] /i de::select [de::getActiveFigure [gi::getWindows 38] -point {2.45625 2.0625} -index 0 -intent none]
[23:24:43.90] /o oa:0x1ecfeeb0
[23:24:46.21] /# gi::executeAction deSelectActive -in [gi::getWindows 38]
[23:24:46.21] /i de::deselectAll [db::getNext [de::getContexts -window 38]]
[23:24:46.21] /i de::deselectAllLogic -context [db::getNext [de::getContexts -window 38]]
[23:24:46.55] /# gi::executeAction deSelectActive -in [gi::getWindows 38]
[23:24:46.55] /i de::deselectAll [db::getNext [de::getContexts -window 38]]
[23:24:46.55] /i de::select [de::getActiveFigure [gi::getWindows 38] -point {4.9625 1.90625} -index 0 -intent none]
[23:24:46.55] /o oa:0x27afef70
[23:24:47.58] /i gi::executeAction sePropertyEditorToggle -in [gi::getWindows 38]
[23:24:47.58] /# db::setAttr shown -of [gi::getAssistants dePropertyEditor -from [gi::getWindows 38]] -value false
[23:24:47.89] /i gi::executeAction sePropertyEditorToggle -in [gi::getWindows 38]
[23:24:47.89] /# db::setAttr shown -of [gi::getAssistants dePropertyEditor -from [gi::getWindows 38]] -value true
[23:24:48.26] /i gi::executeAction sePropertyEditorToggle -in [gi::getWindows 38]
[23:24:48.26] /# db::setAttr shown -of [gi::getAssistants dePropertyEditor -from [gi::getWindows 38]] -value false
[23:24:48.44] /i gi::executeAction sePropertyEditorToggle -in [gi::getWindows 38]
[23:24:48.44] /# db::setAttr shown -of [gi::getAssistants dePropertyEditor -from [gi::getWindows 38]] -value true
[23:24:48.65] /# gi::executeAction deSelectActive -in [gi::getWindows 38]
[23:24:48.65] /i de::cycleActiveFigure [gi::getWindows 38] -direction next
[23:24:48.65] /o oa:0x282e0b60
[23:24:48.65] /i de::deselectAll [db::getNext [de::getContexts -window 38]]
[23:24:48.65] /i de::select [de::getActiveFigure [gi::getWindows 38] -point {4.9625 1.90625} -index 1 -intent none]
[23:24:48.65] /o oa:0x291f0600
[23:24:48.92] /# gi::executeAction deSelectActive -in [gi::getWindows 38]
[23:24:48.92] /i de::cycleActiveFigure [gi::getWindows 38] -direction next
[23:24:48.92] /o oa:0x291e07c0
[23:24:48.92] /i de::deselectAll [db::getNext [de::getContexts -window 38]]
[23:24:48.92] /i de::select [de::getActiveFigure [gi::getWindows 38] -point {4.9625 1.90625} -index 2 -intent none]
[23:24:48.92] /o oa:0x256c3fc0
[23:24:49.06] /# gi::executeAction deSelectActive -in [gi::getWindows 38]
[23:24:49.06] /i de::cycleActiveFigure [gi::getWindows 38] -direction next
[23:24:49.06] /o oa:0x2483f160
[23:24:49.06] /i de::deselectAll [db::getNext [de::getContexts -window 38]]
[23:24:49.06] /i de::select [de::getActiveFigure [gi::getWindows 38] -point {4.9625 1.90625} -index 3 -intent none]
[23:24:49.06] /o oa:0x247a89c0
[23:24:49.21] /# gi::executeAction deDescend -in [gi::getWindows 38]
[23:24:49.21] /i ide::descend 38 -inPlace false -promptView false -readOnly auto
[23:24:49.27] /r giDialog gi::setActiveDialog [gi::getDialogs {deDescendFailed} -parent [gi::getWindows 38]]
[23:24:49.56] /r giDialog db::setAttr geometry -of [gi::getDialogs {deDescendFailed} -parent [gi::getWindows 38]] -value 390x82+765+573
[23:24:50.18] /r giDialog gi::closeWindows [gi::getDialogs {deDescendFailed} -parent [gi::getWindows 38]]
[23:24:51.27] /i gi::setItemSelection {parameters} -index {c,all} -in [gi::getAssistants dePropertyEditor -from [gi::getWindows 38]]
[23:24:51.27] /i gi::setCurrentIndex {parameters} -index {c,Value} -in [gi::getAssistants dePropertyEditor -from [gi::getWindows 38]]
[23:24:53.31] /i gi::setField {parameters} -value {5f} -index {c,Value} -in [gi::getAssistants dePropertyEditor -from [gi::getWindows 38]]
[23:24:53.31] /i gi::executeAction dePropertyEditorApplyChanges -in [gi::getAssistants dePropertyEditor -from [gi::getWindows 38]]
[23:24:55.44] /# gi::executeAction deSelectActive -in [gi::getWindows 38]
[23:24:55.44] /i de::deselectAll [db::getNext [de::getContexts -window 38]]
[23:24:55.44] /i de::deselectAllLogic -context [db::getNext [de::getContexts -window 38]]
[23:24:56.87] /# gi::executeAction deSelectActive -in [gi::getWindows 38]
[23:24:56.87] /i de::deselectAll [db::getNext [de::getContexts -window 38]]
[23:24:56.87] /i de::select [de::getActiveFigure [gi::getWindows 38] -point {4.9375 1.94375} -index 0 -intent none]
[23:24:56.87] /o oa:0x1eb2fdd0
[23:24:58.37] /i gi::executeAction sePropertyEditorToggle -in [gi::getWindows 38]
[23:24:58.37] /# db::setAttr shown -of [gi::getAssistants dePropertyEditor -from [gi::getWindows 38]] -value false
[23:24:58.75] /i gi::executeAction sePropertyEditorToggle -in [gi::getWindows 38]
[23:24:58.76] /# db::setAttr shown -of [gi::getAssistants dePropertyEditor -from [gi::getWindows 38]] -value true
[23:25:00.80] /i gi::setField {propertiesExpand} -value {true} -in [gi::getAssistants dePropertyEditor -from [gi::getWindows 38]]
[23:25:05.45] /i db::setAttr shown -of [gi::getAssistants dePropertyEditor -from [gi::getWindows 38]] -value false
[23:25:06.44] /# gi::executeAction deSelectActive -in [gi::getWindows 38]
[23:25:06.44] /i de::cycleActiveFigure [gi::getWindows 38] -direction next
[23:25:06.44] /o oa:0x259755e0
[23:25:06.44] /i de::deselectAll [db::getNext [de::getContexts -window 38]]
[23:25:06.44] /i de::select [de::getActiveFigure [gi::getWindows 38] -point {4.925 1.7875} -index 1 -intent none]
[23:25:06.44] /o oa:0x25ebc710
[23:25:06.85] /# gi::executeAction deSelectActive -in [gi::getWindows 38]
[23:25:06.85] /i de::deselectAll [db::getNext [de::getContexts -window 38]]
[23:25:06.85] /i de::select [de::getActiveFigure [gi::getWindows 38] -point {4.925 1.925} -index 0 -intent none]
[23:25:06.85] /o oa:0x28221570
[23:25:07.09] /# gi::executeAction deCanvasZoomInAtPoint -in [gi::getWindows 38]
[23:25:07.09] /i de::zoom -window [gi::getWindows 38] -factor 2.0 -center {4.9625 1.9875}
[23:25:07.09] /o {2.41875 0.275} {8.56875 3.43125}
[23:25:07.16] /# gi::executeAction deCanvasZoomInAtPoint -in [gi::getWindows 38]
[23:25:07.16] /i de::zoom -window [gi::getWindows 38] -factor 2.0 -center {4.9625 1.9875}
[23:25:07.16] /o {3.69375 1.13125} {6.76875 2.7125}
[23:25:07.48] /i gi::executeAction sePropertyEditorToggle -in [gi::getWindows 38]
[23:25:07.48] /# db::setAttr shown -of [gi::getAssistants dePropertyEditor -from [gi::getWindows 38]] -value true
[23:25:08.20] /i gi::executeAction sePropertyEditorToggle -in [gi::getWindows 38]
[23:25:08.20] /# db::setAttr shown -of [gi::getAssistants dePropertyEditor -from [gi::getWindows 38]] -value false
[23:25:08.40] /i gi::executeAction sePropertyEditorToggle -in [gi::getWindows 38]
[23:25:08.40] /# db::setAttr shown -of [gi::getAssistants dePropertyEditor -from [gi::getWindows 38]] -value true
[23:25:08.75] /# gi::executeAction deSelectActive -in [gi::getWindows 38]
[23:25:08.75] /i de::cycleActiveFigure [gi::getWindows 38] -direction next
[23:25:08.75] /o oa:0x1ee2d2d0
[23:25:08.75] /i de::deselectAll [db::getNext [de::getContexts -window 38]]
[23:25:08.75] /i de::select [de::getActiveFigure [gi::getWindows 38] -point {4.9625 1.925} -index 1 -intent none]
[23:25:08.75] /o oa:0x1bd2c620
[23:25:08.93] /# gi::executeAction deSelectActive -in [gi::getWindows 38]
[23:25:08.93] /i de::cycleActiveFigure [gi::getWindows 38] -direction next
[23:25:08.93] /o oa:0x2461f020
[23:25:08.93] /i de::deselectAll [db::getNext [de::getContexts -window 38]]
[23:25:08.93] /i de::select [de::getActiveFigure [gi::getWindows 38] -point {4.95625 1.925} -index 2 -intent none]
[23:25:08.93] /o oa:0x1e389c30
[23:25:09.10] /# gi::executeAction deSelectActive -in [gi::getWindows 38]
[23:25:09.10] /i de::cycleActiveFigure [gi::getWindows 38] -direction next
[23:25:09.10] /o oa:0x1eb37f50
[23:25:09.10] /i de::deselectAll [db::getNext [de::getContexts -window 38]]
[23:25:09.10] /i de::select [de::getActiveFigure [gi::getWindows 38] -point {4.95625 1.925} -index 3 -intent none]
[23:25:09.10] /o oa:0x1ec9eeb0
[23:25:09.10] /i gi::executeAction sePropertyEditorToggle -in [gi::getWindows 38]
[23:25:09.10] /# db::setAttr shown -of [gi::getAssistants dePropertyEditor -from [gi::getWindows 38]] -value false
[23:25:09.26] /i gi::executeAction sePropertyEditorToggle -in [gi::getWindows 38]
[23:25:09.26] /# db::setAttr shown -of [gi::getAssistants dePropertyEditor -from [gi::getWindows 38]] -value true
[23:25:12.46] /i gi::setItemSelection {parameters} -index {c,all} -in [gi::getAssistants dePropertyEditor -from [gi::getWindows 38]]
[23:25:12.46] /i gi::setCurrentIndex {parameters} -index {c,Value} -in [gi::getAssistants dePropertyEditor -from [gi::getWindows 38]]
[23:25:13.73] /i gi::setField {parameters} -value {5f} -index {c,Value} -in [gi::getAssistants dePropertyEditor -from [gi::getWindows 38]]
[23:25:13.73] /i gi::executeAction dePropertyEditorApplyChanges -in [gi::getAssistants dePropertyEditor -from [gi::getWindows 38]]
[23:25:14.54] /# gi::executeAction deSelectActive -in [gi::getWindows 38]
[23:25:14.54] /i de::deselectAll [db::getNext [de::getContexts -window 38]]
[23:25:14.54] /i de::deselectAllLogic -context [db::getNext [de::getContexts -window 38]]
[23:25:14.79] /# gi::executeAction deCanvasZoomOutAtPoint -in [gi::getWindows 38]
[23:25:14.79] /i de::zoom -window [gi::getWindows 38] -factor 0.5 -center {5.49375 2.075}
[23:25:14.79] /o {1.8875 0.1875} {7.0625 3.34375}
[23:25:14.81] /# gi::executeAction deCanvasZoomOutAtPoint -in [gi::getWindows 38]
[23:25:14.81] /i de::zoom -window [gi::getWindows 38] -factor 0.5 -center {5.4875 2.075}
[23:25:14.81] /o {-1.70625 -1.70625} {8.6375 4.61875}
[23:25:15.43] /i gi::setActiveWindow 40
[23:25:15.43] /i gi::setActiveWindow 40 -raise true
[23:25:16.11] /i gi::setActiveWindow 22
[23:25:16.11] /i gi::setActiveWindow 22 -raise true
[23:25:16.81] /i gi::executeAction menuPreShow -in [gi::getWindows 22]
[23:25:16.81] /r giMenuAccess db::getNext [gi::getMenus saConsoleSimMenu -from [gi::getWindows 22]]
[23:25:17.45] /# gi::executeAction saNetlistAndRun -in [gi::getWindows 22]
[23:25:17.45] /i isa::netlistAndRun -testbench [sa::findActiveTestbench -window 22] -mode overwrite
[23:25:17.53] /r giDialog gi::setActiveDialog [gi::getDialogs {xtShowDesignsPrompt}]
[23:25:17.53] /r giDialog gi::setCurrentIndex {target} -index {0,0} -in [gi::getDialogs {xtShowDesignsPrompt}]
[23:25:17.78] /r giDialog db::setAttr geometry -of [gi::getDialogs {xtShowDesignsPrompt}] -value 649x290+626+410
[23:25:19.12] /r giDialog gi::pressButton {ok} -in [gi::getDialogs {xtShowDesignsPrompt}]
[23:25:19.14] /m Information: 
[23:25:19.14] /o Checking "inverter/FA_1bit_tb/schematic"
[23:25:19.14] /o 	[warning] Floating Input Pins
[23:25:19.14] /o 		Input pin 'Cout' is floating
[23:25:19.14] /o 	[warning] Floating Output Instance Pins
[23:25:19.14] /o 		Output pin 'out' of instance 'I24' is floating
[23:25:19.14] /o 	[warning] Overlapping Instances
[23:25:19.14] /o 		Instances 'C6' and 'C20' overlap
[23:25:19.14] /o 		Instances 'C20' and 'C6' overlap
[23:25:19.14] /o 0 Error(s),4 Warning(s),0 Message(s) found   in "inverter/FA_1bit_tb/schematic"
[23:25:19.14] /o No Design Integrity rule violations found in "inverter/FA_1bit_tb/schematic"
[23:25:19.14] /m Information: Checking process is completed: marking the design violations
[23:25:19.14] /m Information: Marking of designs is completed
[23:25:19.26] /m Information: "Starting incremental netlisting for design "inverter/FA_1bit_tb/schematic"..." (NETLISTING-010)
[23:25:19.28] /o No Design Integrity rule violations found in "inverter/FA_1bit_tb/schematic"
[23:25:19.29] /m Information: 
[23:25:19.29] /o Checking "inverter/full_adder/schematic"
[23:25:19.29] /o No rule violations found in "inverter/full_adder/schematic"
[23:25:19.29] /m Information: 
[23:25:19.29] /o Checking "inverter/CMOS/schematic"
[23:25:19.29] /o No rule violations found in "inverter/CMOS/schematic"
[23:25:19.32] /m Information: "inverter FA_1bit_tb schematic" renetlisted. (NETLISTING-056)
[23:25:19.33] /m Information: "Netlisting design "inverter/FA_1bit_tb/schematic" finished successfully." (NETLISTING-012)
[23:25:19.34] /m Information: "Composing simulator input file for design "inverter/FA_1bit_tb/schematic"..."
[23:25:19.37] /m Information: "Simulator input file composed successfully for design "inverter/FA_1bit_tb/schematic""
[23:25:19.52] /m Information: "Starting HSPICE simulation for design: inverter/FA_1bit_tb/schematic"
[23:25:19.53] /# gi::collapse {jobMonitorTable} -index {0.0.0.0,0} -in [gi::getWindows 40]
[23:25:19.54] /o 1
[23:25:20.10] /m Information: "Simulation completed successfully for design: inverter/FA_1bit_tb/schematic "
[23:25:20.29] /m Information: "Evaluating and plotting outputs..."
[23:25:20.60] /m Information: Measurement calculations completed for testbench: default in 0s
[23:25:20.69] /j ::wf::WaveView::plotSuccess WaveView_6 {} {_78d9f00_void_pp _7300b30_void_pp} 
[23:25:20.92] /j ::wf::WaveView::plotSuccess WaveView_6 {} {_78d9f00_void_pp _7300bf8_void_pp} 
[23:25:21.09] /j ::wf::WaveView::plotSuccess WaveView_6 {} {_78d9f00_void_pp _7300cc0_void_pp} 
[23:25:21.28] /j ::wf::WaveView::plotSuccess WaveView_6 {} {_78d9f00_void_pp _73009a0_void_pp} 
[23:25:21.52] /j ::wf::WaveView::plotSuccess WaveView_6 {} {_78d9f00_void_pp _7300a68_void_pp} 
[23:25:56.69] /i gi::executeAction giCloseWindow -in [gi::getWindows 40]
[23:25:56.70] /i gi::setActiveWindow 22
[23:25:56.70] /i gi::setActiveWindow 22 -raise true
[23:25:57.62] /i gi::setActiveWindow 38
[23:25:57.62] /i gi::setActiveWindow 38 -raise true
[23:25:58.36] /# gi::executeAction deCanvasZoomOutAtPoint -in [gi::getWindows 38]
[23:25:58.36] /i de::zoom -window [gi::getWindows 38] -factor 0.5 -center {5.45 2.375}
[23:25:58.36] /o {-8.86875 -5.7875} {11.83125 6.8625}
[23:25:58.96] /# gi::executeAction deFitEdit -in [gi::getWindows 38]
[23:25:58.96] /i de::fit -window 38 -fitEdit true
[23:25:58.96] /o {-0.11875 -2.0375} {12.175 5.475}
[23:26:03.54] /i gi::setActiveWindow 2
[23:26:03.54] /i gi::setActiveWindow 2 -raise true
[23:26:06.87] /i gi::setCurrentIndex {cells} -index {full_adder} -in [gi::getWindows 2]
[23:26:06.87] /i gi::setItemSelection {cells} -index {full_adder} -in [gi::getWindows 2]
[23:26:08.21] /i gi::sortItems {views} -column {Views} -order {descending} -in [gi::getWindows 2]
[23:26:08.44] /i gi::setCurrentIndex {views} -index {symbol} -in [gi::getWindows 2]
[23:26:08.44] /i gi::setItemSelection {views} -index {symbol} -in [gi::getWindows 2]
[23:26:12.14] /i gi::setCurrentIndex {views} -index {schematic} -in [gi::getWindows 2]
[23:26:12.14] /i gi::setItemSelection {views} -index {schematic} -in [gi::getWindows 2]
[23:26:12.63] /i gi::setCurrentIndex {views} -index {symbol} -in [gi::getWindows 2]
[23:26:12.63] /i gi::setItemSelection {views} -index {symbol} -in [gi::getWindows 2]
[23:26:15.07] /i gi::setCurrentIndex {cells} -index {NAND2} -in [gi::getWindows 2]
[23:26:15.07] /i gi::setItemSelection {cells} -index {NAND2} -in [gi::getWindows 2]
[23:26:16.06] /i gi::setCurrentIndex {cells} -index {full_adder} -in [gi::getWindows 2]
[23:26:16.06] /i gi::setItemSelection {cells} -index {full_adder} -in [gi::getWindows 2]
[23:26:19.30] /i gi::setCurrentIndex {views} -index {symbol} -in [gi::getWindows 2]
[23:26:20.54] /# gi::executeAction dmShowNewCell -in [gi::getWindows 2]
[23:26:20.54] /i dm::showNewCell -parent 2
[23:26:20.56] /o oa:0x24e0ad50
[23:26:20.60] /i gi::setActiveDialog [gi::getDialogs {dmNewCell} -parent [gi::getWindows 2]]
[23:26:20.88] /i db::setAttr geometry -of [gi::getDialogs {dmNewCell} -parent [gi::getWindows 2]] -value 448x227+726+442
[23:26:23.87] /i gi::setField {cellName} -value {full_adder_2bit} -in [gi::getDialogs {dmNewCell} -parent [gi::getWindows 2]]
[23:26:23.96] /i gi::pressButton {ok} -in [gi::getDialogs {dmNewCell} -parent [gi::getWindows 2]]
[23:26:23.96] /# dm::createCell full\_adder\_2bit -lib [ oa::LibFind [oa::ScalarName [oa::CdbaNS] inverter]]
[23:26:23.96] /# dm::addToCellCategory [db::getNext [dm::getCellCategories -libName inverter -filter "%name == \"LAB3\""]] -cell [dm::findCell full\_adder\_2bit -libName inverter]
[23:26:23.96] /# gi::setItemSelection {cells} -index {} -in [gi::getDialogs {dmNewCell} -parent [gi::getWindows 2]]
[23:26:23.96] /# gi::setItemSelection {cells} -index {full_adder_2bit} -in [gi::getDialogs {dmNewCell} -parent [gi::getWindows 2]]
[23:26:24.83] /i gi::setCurrentIndex {cells} -index {full_adder_2bit} -in [gi::getWindows 2]
[23:26:24.84] /i gi::setItemSelection {cells} -index {full_adder_2bit} -in [gi::getWindows 2]
[23:26:25.51] /i gi::setCurrentIndex {cells} -index {full_adder} -in [gi::getWindows 2]
[23:26:25.51] /i gi::setItemSelection {cells} -index {full_adder} -in [gi::getWindows 2]
[23:26:26.51] /i gi::setCurrentIndex {views} -index {schematic} -in [gi::getWindows 2]
[23:26:26.51] /i gi::setItemSelection {views} -index {schematic} -in [gi::getWindows 2]
[23:26:26.90] /i gi::setCurrentIndex {views} -index {symbol} -in [gi::getWindows 2]
[23:26:26.90] /i gi::setItemSelection {views} -index {symbol} -in [gi::getWindows 2]
[23:26:28.09] /i gi::setCurrentIndex {cells} -index {full_adder_2bit} -in [gi::getWindows 2]
[23:26:28.09] /i gi::setItemSelection {cells} -index {full_adder_2bit} -in [gi::getWindows 2]
[23:26:30.02] /# gi::executeAction dmShowNewCellView -in [gi::getWindows 2]
[23:26:30.02] /i dm::showNewCellView -parent 2
[23:26:30.04] /o oa:0x258a1710
[23:26:30.08] /i gi::setActiveDialog [gi::getDialogs {dmNewCellView} -parent [gi::getWindows 2]]
[23:26:30.36] /i db::setAttr geometry -of [gi::getDialogs {dmNewCellView} -parent [gi::getWindows 2]] -value 588x285+656+413
[23:26:33.41] /i gi::setField {cellViewName} -value {schematic} -in [gi::getDialogs {dmNewCellView} -parent [gi::getWindows 2]]
[23:26:34.07] /i gi::pressButton {apply} -in [gi::getDialogs {dmNewCellView} -parent [gi::getWindows 2]]
[23:26:34.07] /# db::getAttr viewType -of [dm::findCellView schematic -cell [dm::findCell full\_adder\_2bit -lib [oa::LibFind [oa::ScalarName [oa::CdbaNS] inverter]]]]
[23:26:34.07] /# dm::createCellView schematic -cell [dm::findCell full\_adder\_2bit -lib [ oa::LibFind [oa::ScalarName [oa::CdbaNS] inverter]]] -viewType schematic
[23:26:34.07] /# dm::addToCellCategory [db::getNext [dm::getCellCategories -libName inverter -filter "%name == \"LAB3\""]] -cell [dm::findCell full\_adder\_2bit -libName inverter]
[23:26:34.07] /# de::open [dm::findCellView schematic -cell [dm::findCell full\_adder\_2bit -lib [oa::LibFind [oa::ScalarName [oa::CdbaNS] inverter]]]] -application seSchematic
[23:26:34.10] /r giWindowId 41
[23:26:34.10] /r giWindowGeometry 1632x1020
[23:26:34.28] /m Information: 
[23:26:34.28] /o Checking "inverter/full_adder_2bit/schematic"
[23:26:34.28] /o No rule violations found in "inverter/full_adder_2bit/schematic"
[23:26:34.28] /m Information: Checking process is completed: marking the design violations
[23:26:34.28] /m Information: Marking of designs is completed
[23:26:34.66] /i gi::setActiveWindow 2
[23:26:34.66] /i gi::setActiveWindow 2 -raise true
[23:26:34.70] /i gi::pressButton {ok} -in [gi::getDialogs {dmNewCellView} -parent [gi::getWindows 2]]
[23:26:34.71] /# db::getAttr viewType -of [dm::findCellView schematic -cell [dm::findCell full\_adder\_2bit -lib [oa::LibFind [oa::ScalarName [oa::CdbaNS] inverter]]]]
[23:26:34.77] /r giDialog gi::setActiveDialog [gi::getDialogs {dmOverwrite}]
[23:26:35.01] /r giDialog db::setAttr geometry -of [gi::getDialogs {dmOverwrite}] -value 319x82+791+514
[23:26:35.53] /r giDialog gi::pressButton {overwrite} -in [gi::getDialogs {dmOverwrite}]
[23:26:35.54] /# db::destroy [dm::findCellView schematic -cellName full\_adder\_2bit -libName inverter]
[23:26:35.61] /m Information: The context with top design inverter/full_adder_2bit/schematic was closed because all the designs in its hierarchy were unexpectedly purged. (DESIGN-113)
[23:26:35.61] /# dm::createCellView schematic -cell [dm::findCell full\_adder\_2bit -lib [ oa::LibFind [oa::ScalarName [oa::CdbaNS] inverter]]] -viewType schematic
[23:26:35.62] /# dm::addToCellCategory [db::getNext [dm::getCellCategories -libName inverter -filter "%name == \"LAB3\""]] -cell [dm::findCell full\_adder\_2bit -libName inverter]
[23:26:35.62] /# de::open [dm::findCellView schematic -cell [dm::findCell full\_adder\_2bit -lib [oa::LibFind [oa::ScalarName [oa::CdbaNS] inverter]]]] -application seSchematic
[23:26:35.64] /r giWindowId 42
[23:26:35.65] /r giWindowGeometry 1632x1020
[23:26:35.81] /m Information: 
[23:26:35.81] /o Checking "inverter/full_adder_2bit/schematic"
[23:26:35.81] /o No rule violations found in "inverter/full_adder_2bit/schematic"
[23:26:35.81] /m Information: Checking process is completed: marking the design violations
[23:26:35.81] /m Information: Marking of designs is completed
[23:30:22.08] /m Information: Stopped sharing "Custom WaveView" license. (WAVEFORM-111)
[23:30:55.62] /# gi::executeAction seCreateInst -in [gi::getWindows 42]
[23:30:55.62] /i ise::createInst
[23:30:55.67] /i gi::setActiveDialog [gi::getDialogs {seCreateInst} -parent [gi::getWindows 42]]
[23:30:55.96] /i db::setAttr geometry -of [gi::getDialogs {seCreateInst}] -value 359x337+0+65
[23:30:58.31] /i gi::setField {instMasterLib} -value {inverter} -in [gi::getDialogs {seCreateInst} -parent [gi::getWindows 42]]
[23:30:58.61] /i db::setAttr geometry -of [gi::getDialogs {seCreateInst}] -value 359x337+0+65
[23:31:06.24] /i gi::setField {instMasterCell} -value {full_adder} -in [gi::getDialogs {seCreateInst} -parent [gi::getWindows 42]]
[23:31:06.57] /i db::setAttr geometry -of [gi::getDialogs {seCreateInst}] -value 359x337+0+65
[23:31:07.98] /# gi::executeAction deAddPoint -in [gi::getWindows 42]
[23:31:07.98] /i de::addPoint {1.33125 1.6375} -context [db::getNext [de::getContexts -window 42]]
[23:31:11.01] /# gi::executeAction deAddPoint -in [gi::getWindows 42]
[23:31:11.01] /i de::addPoint {3.825 1.56875} -context [db::getNext [de::getContexts -window 42]]
[23:31:11.26] /# gi::executeAction deAbortCommand -in [gi::getWindows 42]
[23:31:11.26] /i de::abortCommand -context [db::getNext [de::getContexts -window 42]]
[23:32:15.06] /w Warning: Nothing is bound to the 'QuoteLeft' in the current active set. (WINDOW-015)
[23:32:48.77] /# gi::executeAction seSchCreateSchematicPin -in [gi::getWindows 42]
[23:32:48.77] /i ise::createSchematicPin
[23:32:52.04] /# gi::executeAction deAddPoint -in [gi::getWindows 42]
[23:32:52.04] /i de::addPoint {1.5125 2.81875} -context [db::getNext [de::getContexts -window 42]]
[23:32:52.04] /w Warning: No wiring objects were found at this location. (SE-928)
[23:32:58.92] /i gi::executeAction deObjectActivation -in [gi::getWindows 42]
[23:32:59.83] /i gi::setField {schematicPinName} -value {A1} -in [gi::getToolbars {deCommandOptions} -from [gi::getWindows 42]]
[23:32:59.83] /i gi::executeAction deObjectActivation -in [gi::getWindows 42]
[23:33:00.92] /# gi::executeAction deAddPoint -in [gi::getWindows 42]
[23:33:00.92] /i de::addPoint {0.975 2.78125} -context [db::getNext [de::getContexts -window 42]]
[23:33:02.33] /i gi::executeAction deObjectActivation -in [gi::getWindows 42]
[23:33:04.55] /i gi::setField {schematicPinName} -value {B1} -in [gi::getToolbars {deCommandOptions} -from [gi::getWindows 42]]
[23:33:04.55] /i gi::executeAction deObjectActivation -in [gi::getWindows 42]
[23:33:06.92] /# gi::executeAction deAddPoint -in [gi::getWindows 42]
[23:33:06.92] /i de::addPoint {1.00625 2.6375} -context [db::getNext [de::getContexts -window 42]]
[23:33:09.52] /i gi::executeAction deObjectActivation -in [gi::getWindows 42]
[23:33:16.84] /i gi::setField {schematicPinName} -value {A0} -in [gi::getToolbars {deCommandOptions} -from [gi::getWindows 42]]
[23:33:16.84] /i gi::executeAction deObjectActivation -in [gi::getWindows 42]
[23:33:18.44] /# gi::executeAction deAddPoint -in [gi::getWindows 42]
[23:33:18.44] /i de::addPoint {0.975 2.4125} -context [db::getNext [de::getContexts -window 42]]
[23:33:20.73] /i gi::executeAction deObjectActivation -in [gi::getWindows 42]
[23:33:22.07] /i gi::setField {schematicPinName} -value {B0} -in [gi::getToolbars {deCommandOptions} -from [gi::getWindows 42]]
[23:33:22.07] /i gi::executeAction deObjectActivation -in [gi::getWindows 42]
[23:33:23.92] /# gi::executeAction deAddPoint -in [gi::getWindows 42]
[23:33:23.92] /i de::addPoint {0.975 2.21875} -context [db::getNext [de::getContexts -window 42]]
[23:33:26.11] /i gi::setField {schematicPinName} -value {out} -in [gi::getToolbars {deCommandOptions} -from [gi::getWindows 42]]
[23:33:30.05] /i gi::executeAction deObjectActivation -in [gi::getWindows 42]
[23:33:30.63] /i gi::setField {schematicPinName} -value {S1} -in [gi::getToolbars {deCommandOptions} -from [gi::getWindows 42]]
[23:33:30.63] /i gi::executeAction deObjectActivation -in [gi::getWindows 42]
[23:33:32.04] /# gi::executeAction deAddPoint -in [gi::getWindows 42]
[23:33:32.04] /i de::addPoint {6.93125 2.59375} -context [db::getNext [de::getContexts -window 42]]
[23:33:33.36] /i gi::setField {schematicPinName} -value {} -in [gi::getToolbars {deCommandOptions} -from [gi::getWindows 42]]
[23:33:35.83] /i gi::setField {schematicPinType} -value {output} -in [gi::getToolbars {deCommandOptions} -from [gi::getWindows 42]]
[23:33:36.75] /i gi::executeAction deObjectActivation -in [gi::getWindows 42]
[23:33:37.65] /i gi::setField {schematicPinName} -value {S0} -in [gi::getToolbars {deCommandOptions} -from [gi::getWindows 42]]
[23:33:37.65] /i gi::executeAction deObjectActivation -in [gi::getWindows 42]
[23:33:38.98] /# gi::executeAction deAddPoint -in [gi::getWindows 42]
[23:33:38.98] /i de::addPoint {4.23125 2.65625} -context [db::getNext [de::getContexts -window 42]]
[23:33:39.24] /# gi::executeAction deAbortCommand -in [gi::getWindows 42]
[23:33:39.24] /i de::abortCommand -context [db::getNext [de::getContexts -window 42]]
[23:33:39.93] /# gi::executeAction deSelectActive -in [gi::getWindows 42]
[23:33:39.93] /i de::deselectAll [db::getNext [de::getContexts -window 42]]
[23:33:39.93] /i de::select [de::getActiveFigure [gi::getWindows 42] -point {6.8625 2.65} -index 0 -intent none]
[23:33:39.93] /o oa:0x2536a430
[23:33:40.49] /i gi::executeAction sePropertyEditorToggle -in [gi::getWindows 42]
[23:33:40.50] /# db::setAttr shown -of [gi::getAssistants dePropertyEditor -from [gi::getWindows 42]] -value false
[23:33:40.78] /i db::setAttr dockSize -of [gi::getAssistants seSchematicObjectFilter -from [gi::getWindows 42]] -value 290x960
[23:33:40.79] /i gi::executeAction sePropertyEditorToggle -in [gi::getWindows 42]
[23:33:40.79] /# db::setAttr shown -of [gi::getAssistants dePropertyEditor -from [gi::getWindows 42]] -value true
[23:33:41.08] /i db::setAttr dockSize -of [gi::getAssistants seSchematicObjectFilter -from [gi::getWindows 42]] -value 290x934
[23:33:41.55] /i gi::setItemSelection {attributes} -index {accessDir,all} -in [gi::getAssistants dePropertyEditor -from [gi::getWindows 42]]
[23:33:41.55] /i gi::setCurrentIndex {attributes} -index {accessDir,Value} -in [gi::getAssistants dePropertyEditor -from [gi::getWindows 42]]
[23:33:41.97] /i gi::setItemSelection {attributes} -index {origin,all} -in [gi::getAssistants dePropertyEditor -from [gi::getWindows 42]]
[23:33:41.98] /i gi::setCurrentIndex {attributes} -index {origin,Value} -in [gi::getAssistants dePropertyEditor -from [gi::getWindows 42]]
[23:33:42.31] /i gi::setItemSelection {attributes} -index {accessDir,all} -in [gi::getAssistants dePropertyEditor -from [gi::getWindows 42]]
[23:33:42.31] /i gi::setCurrentIndex {attributes} -index {accessDir,Value} -in [gi::getAssistants dePropertyEditor -from [gi::getWindows 42]]
[23:33:43.61] /i gi::setField {attributes} -value {output} -index {accessDir,Value} -in [gi::getAssistants dePropertyEditor -from [gi::getWindows 42]]
[23:33:44.74] /# gi::executeAction deSelectActive -in [gi::getWindows 42]
[23:33:44.74] /i de::deselectAll [db::getNext [de::getContexts -window 42]]
[23:33:44.80] /r giDialog gi::setActiveDialog [gi::getDialogs {dbSelectionChange} -parent [gi::getWindows 42]]
[23:33:45.08] /r giDialog db::setAttr geometry -of [gi::getDialogs {dbSelectionChange} -parent [gi::getWindows 42]] -value 432x82+744+573
[23:33:45.92] /r giDialog gi::closeWindows [gi::getDialogs {dbSelectionChange} -parent [gi::getWindows 42]]
[23:33:45.94] /i de::deselectAllLogic -context [db::getNext [de::getContexts -window 42]]
[23:33:46.91] /# gi::executeAction seSchCreateWire -in [gi::getWindows 42]
[23:33:46.91] /i ise::createWire
[23:33:47.24] /# gi::executeAction deCanvasZoomInAtPoint -in [gi::getWindows 42]
[23:33:47.24] /i de::zoom -window [gi::getWindows 42] -factor 2.0 -center {5.20625 2.95625}
[23:33:47.24] /o {1.86875 1.03125} {6.775 4.03125}
[23:33:48.14] /# gi::executeAction deAddPoint -in [gi::getWindows 42]
[23:33:48.14] /i de::addPoint {3.74375 2.70625} -context [db::getNext [de::getContexts -window 42]]
[23:33:48.16] /i de::setCursor -point {3.8125 2.6875 }
[23:33:48.80] /# gi::executeAction deAddPoint -in [gi::getWindows 42]
[23:33:48.80] /i de::addPoint {4.31875 2.7125} -context [db::getNext [de::getContexts -window 42]]
[23:33:49.42] /# gi::executeAction deCanvasZoomOutAtPoint -in [gi::getWindows 42]
[23:33:49.42] /i de::zoom -window [gi::getWindows 42] -factor 0.5 -center {6.3125 2.5375}
[23:33:49.42] /o {-2.575 -0.48125} {7.24375 5.51875}
[23:33:50.42] /# gi::executeAction deAddPoint -in [gi::getWindows 42]
[23:33:50.42] /i de::addPoint {6.89375 2.625} -context [db::getNext [de::getContexts -window 42]]
[23:33:51.39] /# gi::executeAction deAddPoint -in [gi::getWindows 42]
[23:33:51.39] /i de::addPoint {6.2625 2.625} -context [db::getNext [de::getContexts -window 42]]
[23:33:51.87] /# gi::executeAction deAbortCommand -in [gi::getWindows 42]
[23:33:51.87] /i de::abortCommand -context [db::getNext [de::getContexts -window 42]]
[23:33:54.08] /# gi::executeAction seSchCreateWire -in [gi::getWindows 42]
[23:33:54.08] /i ise::createWire
[23:33:55.09] /# gi::executeAction deAddPoint -in [gi::getWindows 42]
[23:33:55.09] /i de::addPoint {0.9 2.4} -context [db::getNext [de::getContexts -window 42]]
[23:33:55.10] /i de::setCursor -point {1 2.4375 }
[23:33:56.85] /# gi::executeAction deAddPoint -in [gi::getWindows 42]
[23:33:56.85] /i de::addPoint {2.24375 2.80625} -context [db::getNext [de::getContexts -window 42]]
[23:33:57.53] /# gi::executeAction deAddPoint -in [gi::getWindows 42]
[23:33:57.53] /i de::addPoint {2.75625 2.80625} -context [db::getNext [de::getContexts -window 42]]
[23:33:58.31] /# gi::executeAction deAddPoint -in [gi::getWindows 42]
[23:33:58.31] /i de::addPoint {0.9125 2.24375} -context [db::getNext [de::getContexts -window 42]]
[23:33:59.75] /# gi::executeAction deAddPoint -in [gi::getWindows 42]
[23:33:59.75] /i de::addPoint {2.4125 2.6375} -context [db::getNext [de::getContexts -window 42]]
[23:33:59.80] /i de::setCursor -point {2.4375 2.6875 }
[23:33:59.81] /i de::setCursor -point {2.5 2.6875 }
[23:33:59.84] /i de::setCursor -point {2.5625 2.6875 }
[23:34:00.60] /# gi::executeAction deAddPoint -in [gi::getWindows 42]
[23:34:00.60] /i de::addPoint {2.76875 2.69375} -context [db::getNext [de::getContexts -window 42]]
[23:34:00.93] /# gi::executeAction deAbortCommand -in [gi::getWindows 42]
[23:34:00.94] /i de::abortCommand -context [db::getNext [de::getContexts -window 42]]
[23:34:01.52] /# gi::executeAction seButton1DragStart -in [gi::getWindows 42]
[23:34:01.52] /i ise::stretch -object [de::getActiveFigure [gi::getWindows 42] -point {0.91875 2.7875} -index 0 -intent none] -point {0.9375 2.8125}
[23:34:01.96] /# gi::executeAction deEndDrag -in [gi::getWindows 42]
[23:34:01.96] /i de::endDrag {4.4625 1.75625} -context [db::getNext [de::getContexts -window 42]]
[23:34:02.89] /# gi::executeAction seButton1DragStart -in [gi::getWindows 42]
[23:34:02.89] /i ise::stretch -object [de::getActiveFigure [gi::getWindows 42] -point {0.9 2.61875} -index 0 -intent none] -point {0.875 2.625}
[23:34:04.74] /# gi::executeAction deEndDrag -in [gi::getWindows 42]
[23:34:04.74] /i de::endDrag {4.36875 1.925} -context [db::getNext [de::getContexts -window 42]]
[23:34:05.70] /# gi::executeAction seSchCreateWire -in [gi::getWindows 42]
[23:34:05.70] /i ise::createWire
[23:34:06.91] /# gi::executeAction deAddPoint -in [gi::getWindows 42]
[23:34:06.91] /i de::addPoint {4.45625 1.9625} -context [db::getNext [de::getContexts -window 42]]
[23:34:06.94] /i de::setCursor -point {4.5 1.9375 }
[23:34:08.09] /# gi::executeAction deAddPoint -in [gi::getWindows 42]
[23:34:08.09] /i de::addPoint {4.8375 2.60625} -context [db::getNext [de::getContexts -window 42]]
[23:34:08.97] /# gi::executeAction deAddPoint -in [gi::getWindows 42]
[23:34:08.97] /i de::addPoint {5.2625 2.60625} -context [db::getNext [de::getContexts -window 42]]
[23:34:09.15] /# gi::executeAction deAbortCommand -in [gi::getWindows 42]
[23:34:09.15] /i de::abortCommand -context [db::getNext [de::getContexts -window 42]]
[23:34:09.69] /# gi::executeAction deSelectActive -in [gi::getWindows 42]
[23:34:09.69] /i de::deselectAll [db::getNext [de::getContexts -window 42]]
[23:34:09.69] /i de::select [de::getActiveFigure [gi::getWindows 42] -point {4.4625 1.725} -index 0 -intent none]
[23:34:09.69] /o oa:0x2888bd70
[23:34:10.04] /# gi::executeAction seButton1DragStart -in [gi::getWindows 42]
[23:34:10.04] /i ise::stretch -point {4.5 1.8125}
[23:34:11.07] /# gi::executeAction deEndDrag -in [gi::getWindows 42]
[23:34:11.07] /i de::endDrag {4.81875 2.825} -context [db::getNext [de::getContexts -window 42]]
[23:34:12.35] /# gi::executeAction seSchCreateWire -in [gi::getWindows 42]
[23:34:12.35] /i ise::createWire
[23:34:13.76] /# gi::executeAction deAddPoint -in [gi::getWindows 42]
[23:34:13.76] /i de::addPoint {5.25 2.73125} -context [db::getNext [de::getContexts -window 42]]
[23:34:13.80] /i de::setCursor -point {5.1875 2.75 }
[23:34:14.89] /# gi::executeAction deAddPoint -in [gi::getWindows 42]
[23:34:14.90] /i de::addPoint {4.71875 2.76875} -context [db::getNext [de::getContexts -window 42]]
[23:34:15.60] /# gi::executeAction deAbortCommand -in [gi::getWindows 42]
[23:34:15.60] /i de::abortCommand -context [db::getNext [de::getContexts -window 42]]
[23:34:16.31] /# gi::executeAction seButton1DragStart -in [gi::getWindows 42]
[23:34:16.31] /i ise::stretch -object [de::getActiveFigure [gi::getWindows 42] -point {6.8625 2.6375} -index 0 -intent none] -point {6.875 2.625}
[23:34:16.73] /# gi::executeAction deEndDrag -in [gi::getWindows 42]
[23:34:16.73] /i de::endDrag {6.99375 2.6375} -context [db::getNext [de::getContexts -window 42]]
[23:35:33.33] /# gi::executeAction seButton1DragStart -in [gi::getWindows 42]
[23:35:33.34] /i ise::stretch -object [de::getActiveFigure [gi::getWindows 42] -point {0.91875 2.45} -index 0 -intent none] -point {0.9375 2.4375}
[23:35:34.69] /# gi::executeAction deEndDrag -in [gi::getWindows 42]
[23:35:34.69] /i de::endDrag {0.88125 2.38125} -context [db::getNext [de::getContexts -window 42]]
[23:35:35.12] /# gi::executeAction deSelectActive -in [gi::getWindows 42]
[23:35:35.12] /i de::deselectAll [db::getNext [de::getContexts -window 42]]
[23:35:35.12] /i de::deselectAllLogic -context [db::getNext [de::getContexts -window 42]]
[23:35:36.99] /# gi::executeAction seButton1DragStart -in [gi::getWindows 42]
[23:35:36.99] /i ise::stretch -object [de::getActiveFigure [gi::getWindows 42] -point {1.35 2.375} -index 0 -intent none] -point {1.375 2.375}
[23:35:38.02] /# gi::executeAction deEndDrag -in [gi::getWindows 42]
[23:35:38.02] /i de::endDrag {1.6125 2.825} -context [db::getNext [de::getContexts -window 42]]
[23:35:38.92] /# gi::executeAction seButton1DragStart -in [gi::getWindows 42]
[23:35:38.92] /i ise::stretch -object [de::getActiveFigure [gi::getWindows 42] -point {0.9 2.4125} -index 0 -intent none] -point {0.875 2.4375}
[23:35:40.84] /# gi::executeAction deEndDrag -in [gi::getWindows 42]
[23:35:40.84] /i de::endDrag {2.05625 2.85} -context [db::getNext [de::getContexts -window 42]]
[23:35:42.59] /# gi::executeAction seButton1DragStart -in [gi::getWindows 42]
[23:35:42.59] /i ise::stretch -object [de::getActiveFigure [gi::getWindows 42] -point {0.9 2.28125} -index 0 -intent none] -point {0.875 2.3125}
[23:35:44.82] /# gi::executeAction deEndDrag -in [gi::getWindows 42]
[23:35:44.82] /i de::endDrag {2.025 2.71875} -context [db::getNext [de::getContexts -window 42]]
[23:35:46.17] /# gi::executeAction seSchCreateSchematicPin -in [gi::getWindows 42]
[23:35:46.17] /i ise::createSchematicPin
[23:35:48.44] /i gi::executeAction deObjectActivation -in [gi::getWindows 42]
[23:35:49.39] /i gi::setField {schematicPinName} -value {Cin} -in [gi::getToolbars {deCommandOptions} -from [gi::getWindows 42]]
[23:35:49.39] /i gi::executeAction deObjectActivation -in [gi::getWindows 42]
[23:35:50.95] /i gi::setField {schematicPinType} -value {input} -in [gi::getToolbars {deCommandOptions} -from [gi::getWindows 42]]
[23:35:52.87] /# gi::executeAction deAddPoint -in [gi::getWindows 42]
[23:35:52.87] /i de::addPoint {2.1125 2.55} -context [db::getNext [de::getContexts -window 42]]
[23:35:53.90] /# gi::executeAction seSchCreateWire -in [gi::getWindows 42]
[23:35:53.90] /i ise::createWire
[23:35:54.90] /# gi::executeAction deAddPoint -in [gi::getWindows 42]
[23:35:54.90] /i de::addPoint {2.08125 2.5625} -context [db::getNext [de::getContexts -window 42]]
[23:35:54.92] /i de::setCursor -point {2.125 2.5625 }
[23:35:55.62] /# gi::executeAction deAddPoint -in [gi::getWindows 42]
[23:35:55.62] /i de::addPoint {2.7375 2.54375} -context [db::getNext [de::getContexts -window 42]]
[23:35:55.93] /# gi::executeAction deCanvasZoomOutAtPoint -in [gi::getWindows 42]
[23:35:55.93] /i de::zoom -window [gi::getWindows 42] -factor 0.5 -center {5.23125 2.3}
[23:35:55.93] /o {-10.3875 -3.2625} {9.25 8.7375}
[23:35:56.56] /# gi::executeAction deCanvasZoomInAtPoint -in [gi::getWindows 42]
[23:35:56.56] /i de::zoom -window [gi::getWindows 42] -factor 2.0 -center {7.8125 2.4625}
[23:35:56.56] /o {-1.2875 -0.4} {8.53125 5.6}
[23:35:58.42] /# gi::executeAction deAddPoint -in [gi::getWindows 42]
[23:35:58.42] /i de::addPoint {3.74375 2.48125} -context [db::getNext [de::getContexts -window 42]]
[23:35:59.74] /# gi::executeAction deAddPoint -in [gi::getWindows 42]
[23:35:59.74] /i de::addPoint {5.21875 2.49375} -context [db::getNext [de::getContexts -window 42]]
[23:36:01.48] /# gi::executeAction deAddPoint -in [gi::getWindows 42]
[23:36:01.48] /i de::addPoint {6.25625 2.4375} -context [db::getNext [de::getContexts -window 42]]
[23:36:02.24] /# gi::executeAction deAddPoint -in [gi::getWindows 42]
[23:36:02.24] /i de::addPoint {6.9875 2.40625} -context [db::getNext [de::getContexts -window 42]]
[23:36:02.48] /# gi::executeAction deAbortCommand -in [gi::getWindows 42]
[23:36:02.48] /i de::abortCommand -context [db::getNext [de::getContexts -window 42]]
[23:36:03.31] /# gi::executeAction seSchCreateSchematicPin -in [gi::getWindows 42]
[23:36:03.31] /i ise::createSchematicPin
[23:36:05.03] /i gi::setField {schematicPinType} -value {output} -in [gi::getToolbars {deCommandOptions} -from [gi::getWindows 42]]
[23:36:06.16] /# gi::executeAction deAddPoint -in [gi::getWindows 42]
[23:36:06.16] /i de::addPoint {7.00625 2.4375} -context [db::getNext [de::getContexts -window 42]]
[23:36:07.07] /# gi::executeAction deAbortCommand -in [gi::getWindows 42]
[23:36:07.07] /i de::abortCommand -context [db::getNext [de::getContexts -window 42]]
[23:36:08.15] /# gi::executeAction deSelectActive -in [gi::getWindows 42]
[23:36:08.15] /i de::deselectAll [db::getNext [de::getContexts -window 42]]
[23:36:08.15] /i de::select [de::getActiveFigure [gi::getWindows 42] -point {7.1125 2.40625} -index 0 -intent none]
[23:36:08.16] /o oa:0x1ed81c20
[23:36:09.14] /i gi::setItemSelection {attributes} -index {name,all} -in [gi::getAssistants dePropertyEditor -from [gi::getWindows 42]]
[23:36:09.15] /i gi::setCurrentIndex {attributes} -index {name,Value} -in [gi::getAssistants dePropertyEditor -from [gi::getWindows 42]]
[23:36:12.99] /i gi::setField {attributes} -value {Cout} -index {name,Value} -in [gi::getAssistants dePropertyEditor -from [gi::getWindows 42]]
[23:36:12.99] /i gi::executeAction dePropertyEditorApplyChanges -in [gi::getAssistants dePropertyEditor -from [gi::getWindows 42]]
[23:41:26.56] /# gi::executeAction seButton1DragStart -in [gi::getWindows 42]
[23:41:26.57] /i ise::stretch -object [de::getActiveFigure [gi::getWindows 42] -point {4.46875 1.93125} -index 0 -intent none] -point {4.5 1.9375}
[23:41:27.52] /# gi::executeAction deEndDrag -in [gi::getWindows 42]
[23:41:27.52] /i de::endDrag {4.83125 2.625} -context [db::getNext [de::getContexts -window 42]]
[23:41:27.83] /# gi::executeAction deSelectActive -in [gi::getWindows 42]
[23:41:27.83] /i de::deselectAll [db::getNext [de::getContexts -window 42]]
[23:41:27.83] /i de::deselectAllLogic -context [db::getNext [de::getContexts -window 42]]
[23:41:29.91] /# gi::executeAction deCanvasZoomInAtPoint -in [gi::getWindows 42]
[23:41:29.91] /i de::zoom -window [gi::getWindows 42] -factor 2.0 -center {6.89375 2.03125}
[23:41:29.91] /o {2.80625 0.81875} {7.7125 3.81875}
[23:41:29.94] /# gi::executeAction deCanvasZoomInAtPoint -in [gi::getWindows 42]
[23:41:29.94] /i de::zoom -window [gi::getWindows 42] -factor 2.0 -center {6.9 2.03125}
[23:41:29.94] /o {4.85 1.425} {7.30625 2.925}
[23:41:30.81] /# gi::executeAction deCanvasZoomOutAtPoint -in [gi::getWindows 42]
[23:41:30.81] /i de::zoom -window [gi::getWindows 42] -factor 0.5 -center {6.6625 2.08125}
[23:41:30.81] /o {3.04375 0.76875} {7.95 3.76875}
[23:41:31.11] /# gi::executeAction deCanvasZoomOutAtPoint -in [gi::getWindows 42]
[23:41:31.11] /i de::zoom -window [gi::getWindows 42] -factor 0.5 -center {6.39375 2.13125}
[23:41:31.11] /o {-0.3125 -0.6} {9.50625 5.4}
[23:41:32.23] /# gi::executeAction seButton1DragStart -in [gi::getWindows 42]
[23:41:32.23] /i ise::stretch -object [de::getActiveFigure [gi::getWindows 42] -point {7.0625 2.40625} -index 0 -intent none] -point {7.0625 2.4375}
[23:41:32.65] /# gi::executeAction deEndDrag -in [gi::getWindows 42]
[23:41:32.65] /i de::endDrag {6.85625 2.40625} -context [db::getNext [de::getContexts -window 42]]
[23:41:33.28] /# gi::executeAction seButton1DragStart -in [gi::getWindows 42]
[23:41:33.28] /i ise::stretch -object [de::getActiveFigure [gi::getWindows 42] -point {7.025 2.65} -index 0 -intent none] -point {7 2.625}
[23:41:33.64] /# gi::executeAction deEndDrag -in [gi::getWindows 42]
[23:41:33.64] /i de::endDrag {6.85625 2.63125} -context [db::getNext [de::getContexts -window 42]]
[23:41:35.71] /# gi::executeAction seSchCheckAndSave -in [gi::getWindows 42]
[23:41:35.71] /i ise::check
[23:41:35.72] /m Information: 
[23:41:35.72] /o Checking "inverter/full_adder_2bit/schematic"
[23:41:35.72] /o 	[warning] Floating Input Pins
[23:41:35.72] /o 		Input pin 'S1' is floating
[23:41:35.72] /o 	[warning] Floating Output Instance Pins
[23:41:35.72] /o 		Output pin 'S' of instance 'I1' is floating
[23:41:35.72] /o 0 Error(s),2 Warning(s),0 Message(s) found   in "inverter/full_adder_2bit/schematic"
[23:41:35.72] /m Information: Checking process is completed: marking the design violations
[23:41:35.74] /m Information: Marking of designs is completed
[23:41:35.74] /o true
[23:41:35.85] /# gi::executeAction seSchCheckAndSave -in [gi::getWindows 42]
[23:41:35.85] /i ise::check
[23:41:35.86] /m Information: 
[23:41:35.86] /o Checking "inverter/full_adder_2bit/schematic"
[23:41:35.86] /o 	[warning] Floating Input Pins
[23:41:35.86] /o 		Input pin 'S1' is floating
[23:41:35.86] /o 	[warning] Floating Output Instance Pins
[23:41:35.86] /o 		Output pin 'S' of instance 'I1' is floating
[23:41:35.86] /o 0 Error(s),2 Warning(s),0 Message(s) found   in "inverter/full_adder_2bit/schematic"
[23:41:35.86] /m Information: Checking process is completed: marking the design violations
[23:41:35.87] /m Information: Marking of designs is completed
[23:41:35.87] /o true
[23:41:36.00] /# gi::executeAction seSchCheckAndSave -in [gi::getWindows 42]
[23:41:36.00] /i ise::check
[23:41:36.01] /m Information: 
[23:41:36.01] /o Checking "inverter/full_adder_2bit/schematic"
[23:41:36.01] /o 	[warning] Floating Input Pins
[23:41:36.01] /o 		Input pin 'S1' is floating
[23:41:36.01] /o 	[warning] Floating Output Instance Pins
[23:41:36.01] /o 		Output pin 'S' of instance 'I1' is floating
[23:41:36.01] /o 0 Error(s),2 Warning(s),0 Message(s) found   in "inverter/full_adder_2bit/schematic"
[23:41:36.01] /m Information: Checking process is completed: marking the design violations
[23:41:36.02] /m Information: Marking of designs is completed
[23:41:36.02] /o true
[23:41:36.14] /# gi::executeAction seSchCheckAndSave -in [gi::getWindows 42]
[23:41:36.14] /i ise::check
[23:41:36.15] /m Information: 
[23:41:36.15] /o Checking "inverter/full_adder_2bit/schematic"
[23:41:36.15] /o 	[warning] Floating Input Pins
[23:41:36.15] /o 		Input pin 'S1' is floating
[23:41:36.15] /o 	[warning] Floating Output Instance Pins
[23:41:36.15] /o 		Output pin 'S' of instance 'I1' is floating
[23:41:36.15] /o 0 Error(s),2 Warning(s),0 Message(s) found   in "inverter/full_adder_2bit/schematic"
[23:41:36.15] /m Information: Checking process is completed: marking the design violations
[23:41:36.16] /m Information: Marking of designs is completed
[23:41:36.16] /o true
[23:41:36.65] /i gi::setActiveWindow 2
[23:41:36.65] /i gi::setActiveWindow 2 -raise true
[23:41:37.93] /i gi::setCurrentIndex {views} -index {schematic} -in [gi::getWindows 2]
[23:41:38.40] /i gi::setActiveWindow 42
[23:41:38.40] /i gi::setActiveWindow 42 -raise true
[23:41:47.96] /i gi::executeAction deCanvasDragCancel -in [gi::getWindows 42]
[23:41:48.88] /# gi::executeAction deSelectActive -in [gi::getWindows 42]
[23:41:48.88] /i de::deselectAll [db::getNext [de::getContexts -window 42]]
[23:41:48.88] /i de::select [de::getActiveFigure [gi::getWindows 42] -point {6.875 2.6375} -index 0 -intent none]
[23:41:48.88] /o oa:0x256ac650
[23:41:50.50] /i gi::setItemSelection {attributes} -index {accessDir,all} -in [gi::getAssistants dePropertyEditor -from [gi::getWindows 42]]
[23:41:50.50] /i gi::setCurrentIndex {attributes} -index {accessDir,Value} -in [gi::getAssistants dePropertyEditor -from [gi::getWindows 42]]
[23:41:51.58] /i gi::setField {attributes} -value {output} -index {accessDir,Value} -in [gi::getAssistants dePropertyEditor -from [gi::getWindows 42]]
[23:41:51.90] /# gi::executeAction deSelectActive -in [gi::getWindows 42]
[23:41:51.90] /i de::deselectAll [db::getNext [de::getContexts -window 42]]
[23:41:51.96] /r giDialog gi::setActiveDialog [gi::getDialogs {dbSelectionChange} -parent [gi::getWindows 42]]
[23:41:52.26] /r giDialog db::setAttr geometry -of [gi::getDialogs {dbSelectionChange} -parent [gi::getWindows 42]] -value 432x82+744+573
[23:41:53.00] /r giDialog gi::pressButton {apply} -in [gi::getDialogs {dbSelectionChange} -parent [gi::getWindows 42]]
[23:41:53.03] /i de::deselectAllLogic -context [db::getNext [de::getContexts -window 42]]
[23:41:54.33] /# gi::executeAction seButton1DragStart -in [gi::getWindows 42]
[23:41:54.33] /i ise::stretch -object [de::getActiveFigure [gi::getWindows 42] -point {7.00625 2.6875} -index 0 -intent none] -point {7 2.6875}
[23:41:54.73] /# gi::executeAction deEndDrag -in [gi::getWindows 42]
[23:41:54.73] /i de::endDrag {6.89375 2.65} -context [db::getNext [de::getContexts -window 42]]
[23:41:55.59] /# gi::executeAction seButton1DragStart -in [gi::getWindows 42]
[23:41:55.59] /i ise::stretch -object [de::getActiveFigure [gi::getWindows 42] -point {6.8875 2.6} -index 0 -intent none] -point {6.875 2.625}
[23:41:56.10] /# gi::executeAction deEndDrag -in [gi::getWindows 42]
[23:41:56.10] /i de::endDrag {6.8875 2.65} -context [db::getNext [de::getContexts -window 42]]
[23:41:56.84] /# gi::executeAction seButton1DragStart -in [gi::getWindows 42]
[23:41:56.84] /i ise::stretch -object [de::getActiveFigure [gi::getWindows 42] -point {6.85 2.5625} -index 0 -intent none] -point {6.875 2.5625}
[23:41:57.37] /# gi::executeAction deEndDrag -in [gi::getWindows 42]
[23:41:57.37] /i de::endDrag {6.875 2.63125} -context [db::getNext [de::getContexts -window 42]]
[23:41:57.83] /# gi::executeAction deSelectActive -in [gi::getWindows 42]
[23:41:57.83] /i de::deselectAll [db::getNext [de::getContexts -window 42]]
[23:41:57.83] /i de::select [de::getActiveFigure [gi::getWindows 42] -point {6.875 2.48125} -index 0 -intent none]
[23:41:57.84] /o oa:0x1c702510
[23:41:58.37] /# gi::executeAction deSelectActive -in [gi::getWindows 42]
[23:41:58.37] /i de::deselectAll [db::getNext [de::getContexts -window 42]]
[23:41:58.37] /i de::select [de::getActiveFigure [gi::getWindows 42] -point {6.875 2.6125} -index 0 -intent none]
[23:41:58.37] /o oa:0x29155910
[23:41:59.57] /# gi::executeAction deSelectActive -in [gi::getWindows 42]
[23:41:59.57] /i de::deselectAll [db::getNext [de::getContexts -window 42]]
[23:41:59.57] /i de::select [de::getActiveFigure [gi::getWindows 42] -point {4.73125 2.70625} -index 0 -intent none]
[23:41:59.57] /o oa:0x248ad530
[23:42:00.15] /# gi::executeAction deSelectActive -in [gi::getWindows 42]
[23:42:00.15] /i de::deselectAll [db::getNext [de::getContexts -window 42]]
[23:42:00.15] /i de::select [de::getActiveFigure [gi::getWindows 42] -point {4.7375 2.59375} -index 0 -intent none]
[23:42:00.15] /o oa:0x230c4c90
[23:42:01.24] /# gi::executeAction deSelectActive -in [gi::getWindows 42]
[23:42:01.24] /i de::deselectAll [db::getNext [de::getContexts -window 42]]
[23:42:01.24] /i de::select [de::getActiveFigure [gi::getWindows 42] -point {4.30625 2.63125} -index 0 -intent none]
[23:42:01.24] /o oa:0x24612f30
[23:42:02.93] /# gi::executeAction seSchCheckAndSave -in [gi::getWindows 42]
[23:42:02.93] /i ise::check
[23:42:02.94] /m Information: 
[23:42:02.94] /o Checking "inverter/full_adder_2bit/schematic"
[23:42:02.94] /o No rule violations found in "inverter/full_adder_2bit/schematic"
[23:42:02.94] /m Information: Checking process is completed: marking the design violations
[23:42:02.97] /m Information: Marking of designs is completed
[23:42:02.97] /o true
[23:42:03.08] /# gi::executeAction seSchCheckAndSave -in [gi::getWindows 42]
[23:42:03.08] /i ise::check
[23:42:03.09] /m Information: 
[23:42:03.09] /o Checking "inverter/full_adder_2bit/schematic"
[23:42:03.09] /o No rule violations found in "inverter/full_adder_2bit/schematic"
[23:42:03.09] /m Information: Checking process is completed: marking the design violations
[23:42:03.10] /m Information: Marking of designs is completed
[23:42:03.10] /o true
[23:42:03.23] /# gi::executeAction seSchCheckAndSave -in [gi::getWindows 42]
[23:42:03.23] /i ise::check
[23:42:03.24] /m Information: 
[23:42:03.24] /o Checking "inverter/full_adder_2bit/schematic"
[23:42:03.24] /o No rule violations found in "inverter/full_adder_2bit/schematic"
[23:42:03.24] /m Information: Checking process is completed: marking the design violations
[23:42:03.25] /m Information: Marking of designs is completed
[23:42:03.25] /o true
[23:42:03.37] /# gi::executeAction seSchCheckAndSave -in [gi::getWindows 42]
[23:42:03.37] /i ise::check
[23:42:03.37] /m Information: 
[23:42:03.37] /o Checking "inverter/full_adder_2bit/schematic"
[23:42:03.37] /o No rule violations found in "inverter/full_adder_2bit/schematic"
[23:42:03.37] /m Information: Checking process is completed: marking the design violations
[23:42:03.39] /m Information: Marking of designs is completed
[23:42:03.39] /o true
[23:42:09.40] /# gi::executeAction deCellviewFromCellview -in [gi::getWindows 42]
[23:42:09.40] /i db::showCellViewFromCellView -src [db::getAttr container -of [db::getAttr editFile -of [db::getNext [de::getContexts -window 42]]]] 
[23:42:09.42] /o oa:0x27433e10
[23:42:09.48] /i gi::setActiveDialog [gi::getDialogs {dbCellViewFromCellView}]
[23:42:09.72] /i db::setAttr geometry -of [gi::getDialogs {dbCellViewFromCellView}] -value 628x339+636+409
[23:42:10.91] /i gi::pressButton {apply} -in [gi::getDialogs {dbCellViewFromCellView}]
[23:42:10.94] /r giWindowId 43
[23:42:10.95] /r giWindowGeometry 1632x1020
[23:42:12.08] /# gi::executeAction deCanvasZoomOutAtPoint -in [gi::getWindows 43]
[23:42:12.08] /i de::zoom -window [gi::getWindows 43] -factor 0.5 -center {1.73125 0.76875}
[23:42:12.08] /o {-5.66875 -3.0375} {4.78125 2.3375}
[23:42:13.63] /# gi::executeAction deCanvasZoomInAtPoint -in [gi::getWindows 43]
[23:42:13.63] /i de::zoom -window [gi::getWindows 43] -factor 2.0 -center {0.78125 0.7125}
[23:42:13.63] /o {-2.44375 -1.1625} {2.78125 1.525}
[23:42:24.29] /# gi::executeAction seButton1DragStart -in [gi::getWindows 43]
[23:42:24.29] /i ise::stretch -object [de::getActiveFigure [gi::getWindows 43] -point {-0.01875 -0.00625} -index 0 -intent none] -point {0 0}
[23:42:25.58] /# gi::executeAction deEndDrag -in [gi::getWindows 43]
[23:42:25.58] /i de::endDrag {0 0.5375} -context [db::getNext [de::getContexts -window 43]]
[23:42:26.90] /# gi::executeAction seButton1DragStart -in [gi::getWindows 43]
[23:42:26.90] /i ise::stretch -object [de::getActiveFigure [gi::getWindows 43] -point {0.58125 0.88125} -index 0 -intent none] -point {0.5625 0.875}
[23:42:27.72] /# gi::executeAction deEndDrag -in [gi::getWindows 43]
[23:42:27.72] /i de::endDrag {-0.31875 0.3375} -context [db::getNext [de::getContexts -window 43]]
[23:42:28.31] /# gi::executeAction deSelectActive -in [gi::getWindows 43]
[23:42:28.32] /i de::deselectAll [db::getNext [de::getContexts -window 43]]
[23:42:28.32] /i de::select [de::getActiveFigure [gi::getWindows 43] -point {-0.30625 0.36875} -index 0 -intent none]
[23:42:28.32] /o oa:0x1ee5c7b0
[23:42:28.91] /# gi::executeAction deSelectActive -in [gi::getWindows 43]
[23:42:28.91] /i de::deselectAll [db::getNext [de::getContexts -window 43]]
[23:42:28.91] /i de::deselectAllLogic -context [db::getNext [de::getContexts -window 43]]
[23:42:29.59] /# gi::executeAction deSelectActive -in [gi::getWindows 43]
[23:42:29.59] /i de::deselectAll [db::getNext [de::getContexts -window 43]]
[23:42:29.60] /i de::select [de::getActiveFigure [gi::getWindows 43] -point {-0.3 0.31875} -index 0 -intent none]
[23:42:29.60] /o oa:0x282621b0
[23:42:32.11] /# gi::executeAction seRotateCCWCenter -in [gi::getWindows 43]
[23:42:32.11] /i se::move [de::getSelected -design [db::getAttr editDesign -of [db::getNext [de::getContexts -window 43]]]]  -rotate R90
[23:42:35.02] /# gi::executeAction seButton1DragStart -in [gi::getWindows 43]
[23:42:35.02] /i ise::stretch -point {-0.3125 0.3125}
[23:42:36.13] /# gi::executeAction deEndDrag -in [gi::getWindows 43]
[23:42:36.13] /i de::endDrag {-0.00625 0.39375} -context [db::getNext [de::getContexts -window 43]]
[23:42:37.77] /# gi::executeAction seButton1DragStart -in [gi::getWindows 43]
[23:42:37.77] /i ise::stretch -object [de::getActiveFigure [gi::getWindows 43] -point {0 -0.1375} -index 0 -intent none] -point {0 -0.125}
[23:42:39.36] /# gi::executeAction deEndDrag -in [gi::getWindows 43]
[23:42:39.36] /i de::endDrag {-0.0125 0.04375} -context [db::getNext [de::getContexts -window 43]]
[23:42:40.41] /# gi::executeAction seButton1DragStart -in [gi::getWindows 43]
[23:42:40.41] /i ise::stretch -object [de::getActiveFigure [gi::getWindows 43] -point {-0.00625 0.5625} -index 0 -intent none] -point {0 0.5625}
[23:42:41.38] /# gi::executeAction deEndDrag -in [gi::getWindows 43]
[23:42:41.38] /i de::endDrag {-0.00625 0.24375} -context [db::getNext [de::getContexts -window 43]]
[23:42:42.30] /# gi::executeAction seButton1DragStart -in [gi::getWindows 43]
[23:42:42.30] /i ise::stretch -object [de::getActiveFigure [gi::getWindows 43] -point {-0.00625 0.25} -index 0 -intent none] -point {0 0.25}
[23:42:42.64] /# gi::executeAction deEndDrag -in [gi::getWindows 43]
[23:42:42.64] /i de::endDrag {-0.00625 0.19375} -context [db::getNext [de::getContexts -window 43]]
[23:42:43.89] /# gi::executeAction seButton1DragStart -in [gi::getWindows 43]
[23:42:43.89] /i ise::stretch -object [de::getActiveFigure [gi::getWindows 43] -point {-0.0125 -0.25625} -index 0 -intent none] -point {0 -0.25}
[23:42:45.76] /# gi::executeAction deEndDrag -in [gi::getWindows 43]
[23:42:45.76] /i de::endDrag {0 -0.26875} -context [db::getNext [de::getContexts -window 43]]
[23:42:47.17] /# gi::executeAction seButton1DragStart -in [gi::getWindows 43]
[23:42:47.17] /i ise::stretch -object [de::getActiveFigure [gi::getWindows 43] -point {0.5625 0.83125} -index 0 -intent none] -point {0.5625 0.8125}
[23:42:48.35] /# gi::executeAction deEndDrag -in [gi::getWindows 43]
[23:42:48.35] /i de::endDrag {-0.5625 0.90625} -context [db::getNext [de::getContexts -window 43]]
[23:42:48.81] /# gi::executeAction deSelectActive -in [gi::getWindows 43]
[23:42:48.81] /i de::deselectAll [db::getNext [de::getContexts -window 43]]
[23:42:48.82] /i de::select [de::getActiveFigure [gi::getWindows 43] -point {0.24375 0.9} -index 0 -intent none]
[23:42:48.82] /o oa:0x1ed67af0
[23:42:49.64] /# gi::executeAction seDelete -in [gi::getWindows 43]
[23:42:49.64] /i ise::delete
[23:42:50.22] /# gi::executeAction deAddPoint -in [gi::getWindows 43]
[23:42:50.22] /i de::addPoint {0.30625 0.8625} -context [db::getNext [de::getContexts -window 43]]
[23:42:51.34] /# gi::executeAction deAbortCommand -in [gi::getWindows 43]
[23:42:51.34] /i de::abortCommand -context [db::getNext [de::getContexts -window 43]]
[23:42:51.69] /# gi::executeAction deCanvasZoomOutAtPoint -in [gi::getWindows 43]
[23:42:51.69] /i de::zoom -window [gi::getWindows 43] -factor 0.5 -center {-0.00625 1.01875}
[23:42:51.69] /o {-4.88125 -3.34375} {5.56875 2.03125}
[23:42:52.19] /i gi::executeAction deCanvasDragSelect -in [gi::getWindows 43]
[23:42:52.19] /r deCanvasDragStart -1.03125 1.60625
[23:42:52.43] /# gi::executeAction deCanvasDragEnd -in [gi::getWindows 43]
[23:42:52.43] /i gi::executeAction deCanvasDragEnd -in [gi::getWindows 43]
[23:42:52.44] /r deCanvasDragEnd 2.91875 -2.525
[23:42:52.98] /# gi::executeAction seButton1DragStart -in [gi::getWindows 43]
[23:42:52.98] /i ise::stretch -point {0.375 -0.0625}
[23:42:53.67] /# gi::executeAction deEndDrag -in [gi::getWindows 43]
[23:42:53.67] /i de::endDrag {1.94375 1.28125} -context [db::getNext [de::getContexts -window 43]]
[23:42:53.95] /# gi::executeAction deFitView -in [gi::getWindows 43]
[23:42:53.96] /i de::fit -window 43 -fitView true
[23:42:53.96] /o {-0.38125 0.24375} {4.76875 2.8875}
[23:42:54.55] /# gi::executeAction deSelectActive -in [gi::getWindows 43]
[23:42:54.55] /i de::deselectAll [db::getNext [de::getContexts -window 43]]
[23:42:54.55] /i de::deselectAllLogic -context [db::getNext [de::getContexts -window 43]]
[23:42:55.08] /# gi::executeAction deSelectActive -in [gi::getWindows 43]
[23:42:55.08] /i de::deselectAllLogic -context [db::getNext [de::getContexts -window 43]]
[23:42:55.43] /# gi::executeAction deSelectActive -in [gi::getWindows 43]
[23:42:55.43] /i de::deselectAll [db::getNext [de::getContexts -window 43]]
[23:42:55.43] /i de::select [de::getActiveFigure [gi::getWindows 43] -point {2.69375 0.775} -index 0 -intent none]
[23:42:55.44] /o oa:0x2926ae40
[23:42:56.24] /# gi::executeAction seDelete -in [gi::getWindows 43]
[23:42:56.24] /i ise::delete
[23:42:56.99] /# gi::executeAction deAddPoint -in [gi::getWindows 43]
[23:42:56.99] /i de::addPoint {2.68125 0.775} -context [db::getNext [de::getContexts -window 43]]
[23:42:57.24] /# gi::executeAction deCompleteShape -in [gi::getWindows 43]
[23:42:57.24] /i de::completeShape -context [db::getNext [de::getContexts -window 43]]
[23:42:57.93] /# gi::executeAction deAbortCommand -in [gi::getWindows 43]
[23:42:57.93] /i de::abortCommand -context [db::getNext [de::getContexts -window 43]]
[23:42:59.02] /i gi::executeAction deCanvasDragSelect -in [gi::getWindows 43]
[23:42:59.02] /r deCanvasDragStart 1.9375 1.41875
[23:42:59.56] /# gi::executeAction deCanvasDragEnd -in [gi::getWindows 43]
[23:42:59.56] /i gi::executeAction deCanvasDragEnd -in [gi::getWindows 43]
[23:42:59.56] /r deCanvasDragEnd 2.4625 0.76875
[23:42:59.82] /# gi::executeAction deSelectActive -in [gi::getWindows 43]
[23:42:59.82] /i de::deselectAll [db::getNext [de::getContexts -window 43]]
[23:42:59.82] /i de::deselectAllLogic -context [db::getNext [de::getContexts -window 43]]
[23:43:00.21] /i gi::executeAction deCanvasDragSelect -in [gi::getWindows 43]
[23:43:00.21] /r deCanvasDragStart 2.41875 0.725
[23:43:00.68] /# gi::executeAction deCanvasDragEnd -in [gi::getWindows 43]
[23:43:00.68] /i gi::executeAction deCanvasDragEnd -in [gi::getWindows 43]
[23:43:00.69] /r deCanvasDragEnd 1.95 1.20625
[23:43:01.53] /# gi::executeAction seDelete -in [gi::getWindows 43]
[23:43:01.53] /i ise::delete
[23:43:01.95] /i gi::executeAction deCanvasDragCancel -in [gi::getWindows 43]
[23:43:02.96] /# gi::executeAction deSelectActive -in [gi::getWindows 43]
[23:43:02.96] /i de::deselectAll [db::getNext [de::getContexts -window 43]]
[23:43:02.96] /i de::select [de::getActiveFigure [gi::getWindows 43] -point {2.15625 1.15625} -index 0 -intent none]
[23:43:02.96] /o oa:0x2394dfa0
[23:43:03.53] /# gi::executeAction seDelete -in [gi::getWindows 43]
[23:43:03.53] /i ise::delete
[23:43:03.80] /i gi::executeAction deCanvasDragCancel -in [gi::getWindows 43]
[23:43:06.78] /i gi::executeAction deCanvasDragSelect -in [gi::getWindows 43]
[23:43:06.78] /r deCanvasDragStart 2.525 1.4625
[23:43:07.47] /# gi::executeAction deCanvasDragEnd -in [gi::getWindows 43]
[23:43:07.47] /i gi::executeAction deCanvasDragEnd -in [gi::getWindows 43]
[23:43:07.47] /r deCanvasDragEnd 3.6 1.30625
[23:43:09.35] /# gi::executeAction deSelectActive -in [gi::getWindows 43]
[23:43:09.35] /i de::deselectAll [db::getNext [de::getContexts -window 43]]
[23:43:09.35] /i de::select [de::getActiveFigure [gi::getWindows 43] -point {3.21875 1.35625} -index 0 -intent none]
[23:43:09.36] /o oa:0x28996970
[23:43:11.43] /i gi::setActiveWindow 42
[23:43:11.43] /i gi::setActiveWindow 42 -raise true
[23:43:13.15] /# gi::executeAction deSelectActive -in [gi::getWindows 42]
[23:43:13.15] /i de::deselectAll [db::getNext [de::getContexts -window 42]]
[23:43:13.16] /i de::select [de::getActiveFigure [gi::getWindows 42] -point {4.775 2.63125} -index 0 -intent none]
[23:43:13.16] /o oa:0x251ec110
[23:43:14.07] /# gi::executeAction deSelectActive -in [gi::getWindows 42]
[23:43:14.07] /i de::deselectAll [db::getNext [de::getContexts -window 42]]
[23:43:14.07] /i de::select [de::getActiveFigure [gi::getWindows 42] -point {4.75625 2.8} -index 0 -intent none]
[23:43:14.07] /o oa:0x289c8e40
[23:43:14.78] /i gi::setActiveWindow 38
[23:43:14.78] /i gi::setActiveWindow 38 -raise true
[23:43:16.04] /i gi::setActiveWindow 43
[23:43:16.04] /i gi::setActiveWindow 43 -raise true
[23:43:18.19] /i gi::executeAction deCanvasDragSelect -in [gi::getWindows 43]
[23:43:18.19] /r deCanvasDragStart 2.60625 1.45
[23:43:18.60] /# gi::executeAction deCanvasDragEnd -in [gi::getWindows 43]
[23:43:18.60] /i gi::executeAction deCanvasDragEnd -in [gi::getWindows 43]
[23:43:18.60] /r deCanvasDragEnd 3.56875 1.33125
[23:43:19.65] /# gi::executeAction seButton1DragStart -in [gi::getWindows 43]
[23:43:19.66] /i ise::stretch -object [de::getActiveFigure [gi::getWindows 43] -point {3.025 1.3625} -index 0 -intent none] -point {3 1.375}
[23:43:21.51] /# gi::executeAction deEndDrag -in [gi::getWindows 43]
[23:43:21.51] /i de::endDrag {3.0375 1.39375} -context [db::getNext [de::getContexts -window 43]]
[23:43:21.75] /# gi::executeAction deSelectActive -in [gi::getWindows 43]
[23:43:21.75] /i de::deselectAll [db::getNext [de::getContexts -window 43]]
[23:43:21.75] /i de::deselectAllLogic -context [db::getNext [de::getContexts -window 43]]
[23:43:23.96] /# gi::executeAction seButton1DragStart -in [gi::getWindows 43]
[23:43:23.96] /i ise::stretch -object [de::getActiveFigure [gi::getWindows 43] -point {2.7375 1.3625} -index 0 -intent none] -point {2.75 1.375}
[23:43:25.85] /# gi::executeAction deEndDrag -in [gi::getWindows 43]
[23:43:25.85] /i de::endDrag {1.625 1.45} -context [db::getNext [de::getContexts -window 43]]
[23:43:26.79] /# gi::executeAction seButton1DragStart -in [gi::getWindows 43]
[23:43:26.79] /i ise::stretch -object [de::getActiveFigure [gi::getWindows 43] -point {1.65625 1.35625} -index 0 -intent none] -point {1.6875 1.375}
[23:43:27.74] /# gi::executeAction deEndDrag -in [gi::getWindows 43]
[23:43:27.74] /i de::endDrag {1.725 1.3625} -context [db::getNext [de::getContexts -window 43]]
[23:43:28.78] /# gi::executeAction deSetViewport -in [gi::getWindows 43]
[23:43:29.47] /# gi::executeAction deCanvasZoomOutAtPoint -in [gi::getWindows 43]
[23:43:29.47] /i de::zoom -window [gi::getWindows 43] -factor 0.5 -center {2.01875 1.21875}
[23:43:29.47] /o {-2.775 -0.73125} {7.5125 4.55625}
[23:43:29.82] /# gi::executeAction deFitView -in [gi::getWindows 43]
[23:43:29.82] /i de::fit -window 43 -fitView true
[23:43:29.82] /o {0.36875 0.975} {4.01875 2.85}
[23:43:30.37] /# gi::executeAction deCanvasZoomOutAtPoint -in [gi::getWindows 43]
[23:43:30.37] /i de::zoom -window [gi::getWindows 43] -factor 0.5 -center {2.71875 1.86875}
[23:43:30.37] /o {-1.975 0.08125} {5.3125 3.83125}
[23:43:30.41] /# gi::executeAction deCanvasZoomOutAtPoint -in [gi::getWindows 43]
[23:43:30.41] /i de::zoom -window [gi::getWindows 43] -factor 0.5 -center {2.725 1.86875}
[23:43:30.41] /o {-6.68125 -1.70625} {7.90625 5.79375}
[23:43:30.44] /# gi::executeAction deCanvasZoomOutAtPoint -in [gi::getWindows 43]
[23:43:30.44] /i de::zoom -window [gi::getWindows 43] -factor 0.5 -center {2.75 1.8625}
[23:43:30.44] /o {-16.1125 -5.275} {13.0625 9.725}
[23:43:30.48] /# gi::executeAction deCanvasZoomOutAtPoint -in [gi::getWindows 43]
[23:43:30.48] /i de::zoom -window [gi::getWindows 43] -factor 0.5 -center {2.79375 1.86875}
[23:43:30.48] /o {-35.01875 -12.41875} {23.325 17.58125}
[23:47:28.93] /# gi::executeAction deCanvasZoomInAtPoint -in [gi::getWindows 43]
[23:47:28.93] /i de::zoom -window [gi::getWindows 43] -factor 2.0 -center {2.5125 3.08125}
[23:47:28.93] /o {-16.25 -4.66875} {12.91875 10.33125}
[23:47:29.19] /# gi::executeAction deCanvasZoomInAtPoint -in [gi::getWindows 43]
[23:47:29.19] /i de::zoom -window [gi::getWindows 43] -factor 2.0 -center {2.84375 2.56875}
[23:47:29.19] /o {-6.70625 -1.05} {7.88125 6.45}
[23:47:29.29] /# gi::executeAction deFitView -in [gi::getWindows 43]
[23:47:29.29] /i de::fit -window 43 -fitView true
[23:47:29.30] /o {0.36875 0.975} {4.01875 2.85}
[23:47:29.99] /# gi::executeAction deCanvasZoomOutAtPoint -in [gi::getWindows 43]
[23:47:29.99] /i de::zoom -window [gi::getWindows 43] -factor 0.5 -center {2.33125 1.89375}
[23:47:30.00] /o {-1.5875 0.05625} {5.7 3.80625}
[23:47:31.31] /# gi::executeAction deAddPoint -in [gi::getWindows 43]
[23:47:31.67] /# gi::executeAction deAbortCommand -in [gi::getWindows 43]
[23:47:32.81] /i gi::executeAction deCanvasDragSelect -in [gi::getWindows 43]
[23:47:32.81] /r deCanvasDragStart 2.10625 2.8625
[23:47:33.35] /# gi::executeAction deCanvasDragEnd -in [gi::getWindows 43]
[23:47:33.35] /i gi::executeAction deCanvasDragEnd -in [gi::getWindows 43]
[23:47:33.35] /r deCanvasDragEnd 2.5375 1.95
[23:47:34.71] /# gi::executeAction seRotateCCWCenter -in [gi::getWindows 43]
[23:47:34.71] /i se::move [de::getSelected -design [db::getAttr editDesign -of [db::getNext [de::getContexts -window 43]]]]  -rotate R90
[23:47:35.77] /# gi::executeAction deSelectActive -in [gi::getWindows 43]
[23:47:35.77] /i de::deselectAll [db::getNext [de::getContexts -window 43]]
[23:47:35.77] /i de::deselectAllLogic -context [db::getNext [de::getContexts -window 43]]
[23:47:36.13] /i gi::executeAction deCanvasDragSelect -in [gi::getWindows 43]
[23:47:36.13] /r deCanvasDragStart 1.75 2.61875
[23:47:36.46] /# gi::executeAction deCanvasDragEnd -in [gi::getWindows 43]
[23:47:36.46] /i gi::executeAction deCanvasDragEnd -in [gi::getWindows 43]
[23:47:36.46] /r deCanvasDragEnd 2.84375 2.2625
[23:47:37.17] /# gi::executeAction seButton1DragStart -in [gi::getWindows 43]
[23:47:37.17] /i ise::stretch -point {2.1875 2.375}
[23:47:38.21] /# gi::executeAction deEndDrag -in [gi::getWindows 43]
[23:47:38.21] /i de::endDrag {3.03125 1.575} -context [db::getNext [de::getContexts -window 43]]
[23:47:38.85] /i gi::executeAction deCanvasDragSelect -in [gi::getWindows 43]
[23:47:38.86] /r deCanvasDragStart 2.475 1.48125
[23:47:39.61] /# gi::executeAction deCanvasDragEnd -in [gi::getWindows 43]
[23:47:39.61] /i gi::executeAction deCanvasDragEnd -in [gi::getWindows 43]
[23:47:39.61] /r deCanvasDragEnd 3.5125 1.3
[23:47:40.28] /# gi::executeAction seButton1DragStart -in [gi::getWindows 43]
[23:47:40.28] /i ise::stretch -point {3.1875 1.375}
[23:47:41.02] /# gi::executeAction deEndDrag -in [gi::getWindows 43]
[23:47:41.02] /i de::endDrag {1.44375 1.21875} -context [db::getNext [de::getContexts -window 43]]
[23:47:42.13] /# gi::executeAction deSelectActive -in [gi::getWindows 43]
[23:47:42.13] /i de::deselectAll [db::getNext [de::getContexts -window 43]]
[23:47:42.13] /i de::deselectAllLogic -context [db::getNext [de::getContexts -window 43]]
[23:52:36.80] /i gi::executeAction deCanvasDragSelect -in [gi::getWindows 43]
[23:52:36.80] /r deCanvasDragStart 0.8375 2.5125
[23:52:37.07] /# gi::executeAction deCanvasDragEnd -in [gi::getWindows 43]
[23:52:37.07] /i gi::executeAction deCanvasDragEnd -in [gi::getWindows 43]
[23:52:37.07] /r deCanvasDragEnd 1.63125 1.9625
[23:52:37.76] /# gi::executeAction seDelete -in [gi::getWindows 43]
[23:52:37.76] /i ise::delete
[23:52:38.46] /# gi::executeAction deSelectActive -in [gi::getWindows 43]
[23:52:38.46] /i de::deselectAllLogic -context [db::getNext [de::getContexts -window 43]]
[23:52:38.79] /i gi::executeAction deCanvasDragCancel -in [gi::getWindows 43]
[23:52:39.69] /i gi::executeAction deCanvasDragSelect -in [gi::getWindows 43]
[23:52:39.69] /r deCanvasDragStart 2.43125 1.3625
[23:52:40.17] /# gi::executeAction deCanvasDragEnd -in [gi::getWindows 43]
[23:52:40.17] /i gi::executeAction deCanvasDragEnd -in [gi::getWindows 43]
[23:52:40.18] /r deCanvasDragEnd 4.025 0.925
[23:52:40.93] /# gi::executeAction seButton1DragStart -in [gi::getWindows 43]
[23:52:40.94] /i ise::stretch -point {3.0625 1.25}
[23:52:42.53] /# gi::executeAction deEndDrag -in [gi::getWindows 43]
[23:52:42.53] /i de::endDrag {3.2625 1.23125} -context [db::getNext [de::getContexts -window 43]]
[23:52:43.07] /# gi::executeAction deSelectActive -in [gi::getWindows 43]
[23:52:43.07] /i de::deselectAll [db::getNext [de::getContexts -window 43]]
[23:52:43.07] /i de::deselectAllLogic -context [db::getNext [de::getContexts -window 43]]
[23:52:44.60] /i gi::executeAction deCanvasDragSelect -in [gi::getWindows 43]
[23:52:44.61] /r deCanvasDragStart 2.7375 1.1625
[23:52:44.97] /# gi::executeAction deCanvasDragEnd -in [gi::getWindows 43]
[23:52:44.97] /i gi::executeAction deCanvasDragEnd -in [gi::getWindows 43]
[23:52:44.97] /r deCanvasDragEnd 4.0625 0.7875
[23:52:45.68] /# gi::executeAction deSelectActive -in [gi::getWindows 43]
[23:52:45.68] /i de::deselectAll [db::getNext [de::getContexts -window 43]]
[23:52:45.68] /i de::deselectAllLogic -context [db::getNext [de::getContexts -window 43]]
[23:52:45.84] /i gi::executeAction deCanvasDragCancel -in [gi::getWindows 43]
[23:52:46.45] /i gi::executeAction deCanvasDragSelect -in [gi::getWindows 43]
[23:52:46.45] /r deCanvasDragStart 2.7 1.175
[23:52:46.69] /# gi::executeAction deCanvasDragEnd -in [gi::getWindows 43]
[23:52:46.69] /i gi::executeAction deCanvasDragEnd -in [gi::getWindows 43]
[23:52:46.69] /r deCanvasDragEnd 3.86875 0.89375
[23:52:47.23] /i gi::executeAction deCanvasDragCancel -in [gi::getWindows 43]
[23:52:47.95] /# gi::executeAction seButton1DragStart -in [gi::getWindows 43]
[23:52:47.95] /i ise::stretch -object [de::getActiveFigure [gi::getWindows 43] -point {3.1125 1.1125} -index 0 -intent none] -point {3.125 1.125}
[23:52:48.71] /# gi::executeAction deEndDrag -in [gi::getWindows 43]
[23:52:48.71] /i de::endDrag {3.23125 1.725} -context [db::getNext [de::getContexts -window 43]]
[23:52:49.54] /# gi::executeAction seButton1DragStart -in [gi::getWindows 43]
[23:52:49.54] /i ise::stretch -point {3 1.125}
[23:52:50.47] /# gi::executeAction deEndDrag -in [gi::getWindows 43]
[23:52:50.47] /i de::endDrag {3.1625 1.86875} -context [db::getNext [de::getContexts -window 43]]
[23:52:51.09] /i gi::executeAction deCanvasDragSelect -in [gi::getWindows 43]
[23:52:51.09] /r deCanvasDragStart 3.24375 2.65
[23:52:51.25] /# gi::executeAction deCanvasDragEnd -in [gi::getWindows 43]
[23:52:51.25] /i gi::executeAction deCanvasDragEnd -in [gi::getWindows 43]
[23:52:51.26] /r deCanvasDragEnd 3.975 2.3625
[23:52:51.88] /# gi::executeAction seButton1DragStart -in [gi::getWindows 43]
[23:52:51.88] /i ise::stretch -point {3.625 2.5}
[23:52:52.94] /# gi::executeAction deEndDrag -in [gi::getWindows 43]
[23:52:52.94] /i de::endDrag {3.55625 1.84375} -context [db::getNext [de::getContexts -window 43]]
[23:52:53.26] /# gi::executeAction deSelectActive -in [gi::getWindows 43]
[23:52:53.26] /i de::deselectAll [db::getNext [de::getContexts -window 43]]
[23:52:53.26] /i de::deselectAllLogic -context [db::getNext [de::getContexts -window 43]]
[23:53:03.57] /# gi::executeAction seCreateShape -in [gi::getWindows 43]
[23:53:03.57] /i ise::createShape
[23:53:05.80] /i gi::pressButton {seShapeTypeRectangle} -in [gi::getToolbars {deCommandOptions} -from [gi::getWindows 43]]
[23:53:07.28] /# gi::executeAction deStartDrag -in [gi::getWindows 43]
[23:53:07.28] /i de::startDrag {1.00625 3.0125} -context [db::getNext [de::getContexts -window 43]]
[23:53:08.52] /# gi::executeAction deEndDrag -in [gi::getWindows 43]
[23:53:08.52] /i de::endDrag {2.025 2.00625} -context [db::getNext [de::getContexts -window 43]]
[23:53:09.43] /# gi::executeAction deAbortCommand -in [gi::getWindows 43]
[23:53:09.43] /i de::abortCommand -context [db::getNext [de::getContexts -window 43]]
[23:53:09.70] /# gi::executeAction deSelectActive -in [gi::getWindows 43]
[23:53:09.70] /i de::deselectAllLogic -context [db::getNext [de::getContexts -window 43]]
[23:53:10.81] /i gi::executeAction deCanvasDragSelect -in [gi::getWindows 43]
[23:53:10.82] /r deCanvasDragStart 0.9125 1.9375
[23:53:11.42] /# gi::executeAction deCanvasDragEnd -in [gi::getWindows 43]
[23:53:11.42] /i gi::executeAction deCanvasDragEnd -in [gi::getWindows 43]
[23:53:11.42] /r deCanvasDragEnd 1.9625 0.96875
[23:53:12.32] /# gi::executeAction seButton1DragStart -in [gi::getWindows 43]
[23:53:12.32] /i ise::stretch -point {1.4375 1.75}
[23:53:13.19] /# gi::executeAction deEndDrag -in [gi::getWindows 43]
[23:53:13.19] /i de::endDrag {0.54375 2.825} -context [db::getNext [de::getContexts -window 43]]
[23:53:13.51] /# gi::executeAction deSelectActive -in [gi::getWindows 43]
[23:53:13.51] /i de::deselectAll [db::getNext [de::getContexts -window 43]]
[23:53:13.51] /i de::deselectAllLogic -context [db::getNext [de::getContexts -window 43]]
[23:53:13.86] /# gi::executeAction deCanvasZoomInAtPoint -in [gi::getWindows 43]
[23:53:13.86] /i de::zoom -window [gi::getWindows 43] -factor 2.0 -center {0.475 2.55625}
[23:53:13.86] /o {-0.55625 1.30625} {3.0875 3.18125}
[23:53:15.08] /# gi::executeAction deSelectActive -in [gi::getWindows 43]
[23:53:15.08] /i de::deselectAll [db::getNext [de::getContexts -window 43]]
[23:53:15.08] /i de::select [de::getActiveFigure [gi::getWindows 43] -point {0.775 2.4375} -index 0 -intent none]
[23:53:15.08] /o oa:0x2815caf0
[23:53:15.79] /# gi::executeAction seDelete -in [gi::getWindows 43]
[23:53:15.79] /i ise::delete
[23:53:16.18] /i gi::executeAction deCanvasDragCancel -in [gi::getWindows 43]
[23:53:17.60] /# gi::executeAction deSelectActive -in [gi::getWindows 43]
[23:53:17.60] /i de::deselectAll [db::getNext [de::getContexts -window 43]]
[23:53:17.60] /i de::select [de::getActiveFigure [gi::getWindows 43] -point {0.78125 2.325} -index 0 -intent none]
[23:53:17.60] /o oa:0x244cee90
[23:53:18.28] /# gi::executeAction deSelectActive -in [gi::getWindows 43]
[23:53:18.28] /i de::cycleActiveFigure [gi::getWindows 43] -direction next
[23:53:18.28] /o oa:0x1e9c6520
[23:53:18.28] /i de::deselectAll [db::getNext [de::getContexts -window 43]]
[23:53:18.28] /i de::select [de::getActiveFigure [gi::getWindows 43] -point {0.7875 2.3} -index 1 -intent none]
[23:53:18.28] /o oa:0x28a28c80
[23:53:18.62] /# gi::executeAction deSelectActive -in [gi::getWindows 43]
[23:53:18.62] /i de::deselectAll [db::getNext [de::getContexts -window 43]]
[23:53:18.62] /i de::select [de::getActiveFigure [gi::getWindows 43] -point {0.79375 2.325} -index 0 -intent none]
[23:53:18.63] /o oa:0x24b26ff0
[23:53:19.30] /# gi::executeAction seDelete -in [gi::getWindows 43]
[23:53:19.30] /i ise::delete
[23:53:20.43] /# gi::executeAction deAddPoint -in [gi::getWindows 43]
[23:53:20.43] /i de::addPoint {0.7625 2.3125} -context [db::getNext [de::getContexts -window 43]]
[23:53:21.05] /# gi::executeAction deAbortCommand -in [gi::getWindows 43]
[23:53:21.05] /i de::abortCommand -context [db::getNext [de::getContexts -window 43]]
[23:53:21.10] /# gi::executeAction deSelectActive -in [gi::getWindows 43]
[23:53:21.10] /i de::deselectAllLogic -context [db::getNext [de::getContexts -window 43]]
[23:53:21.30] /# gi::executeAction deSelectActive -in [gi::getWindows 43]
[23:53:21.31] /i de::deselectAllLogic -context [db::getNext [de::getContexts -window 43]]
[23:53:21.91] /# gi::executeAction seButton1DragStart -in [gi::getWindows 43]
[23:53:21.91] /i ise::stretch -object [de::getActiveFigure [gi::getWindows 43] -point {0.68125 2.3125} -index 0 -intent none] -point {0.6875 2.3125}
[23:53:22.61] /# gi::executeAction deEndDrag -in [gi::getWindows 43]
[23:53:22.61] /i de::endDrag {-0.25625 2.31875} -context [db::getNext [de::getContexts -window 43]]
[23:53:23.06] /i gi::executeAction deCanvasDragSelect -in [gi::getWindows 43]
[23:53:23.06] /r deCanvasDragStart -0.125 2.40625
[23:53:23.59] /# gi::executeAction deCanvasDragEnd -in [gi::getWindows 43]
[23:53:23.59] /i gi::executeAction deCanvasDragEnd -in [gi::getWindows 43]
[23:53:23.60] /r deCanvasDragEnd 0.325 2.25
[23:53:24.36] /i gi::executeAction deCanvasDragSelect -in [gi::getWindows 43]
[23:53:24.36] /r deCanvasDragStart 0.01875 2.34375
[23:53:24.91] /# gi::executeAction deCanvasDragEnd -in [gi::getWindows 43]
[23:53:24.91] /i gi::executeAction deCanvasDragEnd -in [gi::getWindows 43]
[23:53:24.91] /r deCanvasDragEnd 0.5 2.35
[23:53:25.26] /i gi::executeAction deCanvasDragCancel -in [gi::getWindows 43]
[23:53:25.71] /i gi::executeAction deCanvasDragSelect -in [gi::getWindows 43]
[23:53:25.71] /r deCanvasDragStart -0.075 2.4375
[23:53:26.21] /# gi::executeAction deCanvasDragEnd -in [gi::getWindows 43]
[23:53:26.21] /i gi::executeAction deCanvasDragEnd -in [gi::getWindows 43]
[23:53:26.21] /r deCanvasDragEnd 0.34375 2.25
[23:53:26.86] /# gi::executeAction seButton1DragStart -in [gi::getWindows 43]
[23:53:26.86] /i ise::stretch -point {0.0625 2.3125}
[23:53:29.07] /# gi::executeAction deEndDrag -in [gi::getWindows 43]
[23:53:29.07] /i de::endDrag {0.81875 2.35} -context [db::getNext [de::getContexts -window 43]]
[23:53:29.33] /# gi::executeAction deSelectActive -in [gi::getWindows 43]
[23:53:29.33] /i de::deselectAll [db::getNext [de::getContexts -window 43]]
[23:53:29.33] /i de::deselectAllLogic -context [db::getNext [de::getContexts -window 43]]
[23:53:29.95] /# gi::executeAction deSelectActive -in [gi::getWindows 43]
[23:53:29.95] /i de::deselectAll [db::getNext [de::getContexts -window 43]]
[23:53:29.95] /i de::select [de::getActiveFigure [gi::getWindows 43] -point {0.93125 2.3625} -index 0 -intent none]
[23:53:29.95] /o oa:0x2597b0b0
[23:53:30.37] /# gi::executeAction seButton1DragStart -in [gi::getWindows 43]
[23:53:30.37] /i ise::stretch -point {0.9375 2.375}
[23:53:31.24] /# gi::executeAction deEndDrag -in [gi::getWindows 43]
[23:53:31.24] /i de::endDrag {0.7625 2.34375} -context [db::getNext [de::getContexts -window 43]]
[23:53:32.21] /# gi::executeAction deSelectActive -in [gi::getWindows 43]
[23:53:32.21] /i de::deselectAll [db::getNext [de::getContexts -window 43]]
[23:53:32.21] /i de::select [de::getActiveFigure [gi::getWindows 43] -point {0.5875 2.375} -index 0 -intent none]
[23:53:32.21] /o oa:0x260a4af0
[23:53:32.62] /# gi::executeAction seButton1DragStart -in [gi::getWindows 43]
[23:53:32.62] /i ise::stretch -point {0.5625 2.375}
[23:53:34.10] /# gi::executeAction deEndDrag -in [gi::getWindows 43]
[23:53:34.10] /i de::endDrag {0.83125 2.36875} -context [db::getNext [de::getContexts -window 43]]
[23:53:34.65] /# gi::executeAction deSelectActive -in [gi::getWindows 43]
[23:53:34.65] /i de::deselectAll [db::getNext [de::getContexts -window 43]]
[23:53:34.65] /i de::select [de::getActiveFigure [gi::getWindows 43] -point {0.76875 2.3625} -index 0 -intent none]
[23:53:34.65] /o oa:0x1e9652d0
[23:53:35.13] /# gi::executeAction seButton1DragStart -in [gi::getWindows 43]
[23:53:35.13] /i ise::stretch -point {0.75 2.375}
[23:53:35.93] /# gi::executeAction deEndDrag -in [gi::getWindows 43]
[23:53:35.93] /i de::endDrag {0.69375 2.3625} -context [db::getNext [de::getContexts -window 43]]
[23:53:36.68] /# gi::executeAction deSelectActive -in [gi::getWindows 43]
[23:53:36.68] /i de::deselectAll [db::getNext [de::getContexts -window 43]]
[23:53:36.68] /i de::select [de::getActiveFigure [gi::getWindows 43] -point {0.75 2.3625} -index 0 -intent none]
[23:53:36.68] /o oa:0x287943c0
[23:53:37.32] /# gi::executeAction seButton1DragStart -in [gi::getWindows 43]
[23:53:37.33] /i ise::stretch -point {0.75 2.375}
[23:53:38.07] /# gi::executeAction deEndDrag -in [gi::getWindows 43]
[23:53:38.07] /i de::endDrag {0.84375 2.35625} -context [db::getNext [de::getContexts -window 43]]
[23:53:38.68] /# gi::executeAction seButton1DragStart -in [gi::getWindows 43]
[23:53:38.68] /i ise::stretch -point {0.875 2.375}
[23:53:39.44] /# gi::executeAction deEndDrag -in [gi::getWindows 43]
[23:53:39.44] /i de::endDrag {0.83125 2.35625} -context [db::getNext [de::getContexts -window 43]]
[23:53:40.05] /# gi::executeAction deSelectActive -in [gi::getWindows 43]
[23:53:40.05] /i de::deselectAll [db::getNext [de::getContexts -window 43]]
[23:53:40.05] /i de::select [de::getActiveFigure [gi::getWindows 43] -point {0.75 2.49375} -index 0 -intent none]
[23:53:40.05] /o oa:0x1d200e40
[23:53:40.78] /# gi::executeAction seDelete -in [gi::getWindows 43]
[23:53:40.78] /i ise::delete
[23:53:41.23] /i gi::executeAction deCanvasDragCancel -in [gi::getWindows 43]
[23:53:42.22] /# gi::executeAction deSelectActive -in [gi::getWindows 43]
[23:53:42.22] /i de::deselectAll [db::getNext [de::getContexts -window 43]]
[23:53:42.23] /i de::select [de::getActiveFigure [gi::getWindows 43] -point {0.1625 2.38125} -index 0 -intent none]
[23:53:42.23] /o oa:0x19844b00
[23:53:42.68] /# gi::executeAction seButton1DragStart -in [gi::getWindows 43]
[23:53:42.68] /i ise::stretch -point {0.1875 2.375}
[23:53:43.73] /# gi::executeAction deEndDrag -in [gi::getWindows 43]
[23:53:43.73] /i de::endDrag {0.5 2.35} -context [db::getNext [de::getContexts -window 43]]
[23:53:44.45] /# gi::executeAction deSelectActive -in [gi::getWindows 43]
[23:53:44.45] /i de::deselectAll [db::getNext [de::getContexts -window 43]]
[23:53:44.45] /i de::deselectAllLogic -context [db::getNext [de::getContexts -window 43]]
[23:53:44.83] /i gi::executeAction deCanvasDragSelect -in [gi::getWindows 43]
[23:53:44.83] /r deCanvasDragStart 0.05 2.4375
[23:53:45.24] /# gi::executeAction deCanvasDragEnd -in [gi::getWindows 43]
[23:53:45.24] /i gi::executeAction deCanvasDragEnd -in [gi::getWindows 43]
[23:53:45.24] /r deCanvasDragEnd 1.10625 2.275
[23:53:46.00] /# gi::executeAction seButton1DragStart -in [gi::getWindows 43]
[23:53:46.00] /i ise::stretch -point {0.875 2.375}
[23:53:46.34] /# gi::executeAction deEndDrag -in [gi::getWindows 43]
[23:53:46.34] /i de::endDrag {0.025 2.4875} -context [db::getNext [de::getContexts -window 43]]
[23:53:46.65] /# gi::executeAction deSelectActive -in [gi::getWindows 43]
[23:53:46.65] /i de::deselectAll [db::getNext [de::getContexts -window 43]]
[23:53:46.65] /i de::deselectAllLogic -context [db::getNext [de::getContexts -window 43]]
[23:53:47.16] /i gi::executeAction deCanvasDragSelect -in [gi::getWindows 43]
[23:53:47.16] /r deCanvasDragStart 0.11875 2.5875
[23:53:47.67] /# gi::executeAction deCanvasDragEnd -in [gi::getWindows 43]
[23:53:47.67] /i gi::executeAction deCanvasDragEnd -in [gi::getWindows 43]
[23:53:47.67] /r deCanvasDragEnd 0.96875 2.36875
[23:53:48.40] /# gi::executeAction seButton1DragStart -in [gi::getWindows 43]
[23:53:48.40] /i ise::stretch -point {0.6875 2.5}
[23:53:49.36] /# gi::executeAction deEndDrag -in [gi::getWindows 43]
[23:53:49.36] /i de::endDrag {0.66875 2.29375} -context [db::getNext [de::getContexts -window 43]]
[23:53:49.58] /# gi::executeAction deSelectActive -in [gi::getWindows 43]
[23:53:49.58] /i de::deselectAll [db::getNext [de::getContexts -window 43]]
[23:53:49.58] /i de::deselectAllLogic -context [db::getNext [de::getContexts -window 43]]
[23:53:49.95] /# gi::executeAction deCanvasZoomOutAtPoint -in [gi::getWindows 43]
[23:53:49.95] /i de::zoom -window [gi::getWindows 43] -factor 0.5 -center {-0.2 2.525}
[23:53:49.95] /o {-0.9125 0.0875} {6.375 3.8375}
[23:53:49.99] /# gi::executeAction deCanvasZoomOutAtPoint -in [gi::getWindows 43]
[23:53:49.99] /i de::zoom -window [gi::getWindows 43] -factor 0.5 -center {-0.19375 2.51875}
[23:53:49.99] /o {-1.6375 -2.34375} {12.95 5.15625}
[23:53:50.34] /# gi::executeAction deCanvasZoomInAtPoint -in [gi::getWindows 43]
[23:53:50.34] /i de::zoom -window [gi::getWindows 43] -factor 2.0 -center {-0.55625 2.525}
[23:53:50.34] /o {-1.09375 0.09375} {6.19375 3.84375}
[23:53:51.08] /i gi::executeAction deCanvasDragSelect -in [gi::getWindows 43]
[23:53:51.08] /r deCanvasDragStart -0.8125 2.6875
[23:53:51.33] /# gi::executeAction deCanvasDragEnd -in [gi::getWindows 43]
[23:53:51.33] /i gi::executeAction deCanvasDragEnd -in [gi::getWindows 43]
[23:53:51.33] /r deCanvasDragEnd 0.26875 2.33125
[23:53:52.00] /# gi::executeAction seButton1DragStart -in [gi::getWindows 43]
[23:53:52.00] /i ise::stretch -point {-0.4375 2.5}
[23:53:54.55] /# gi::executeAction deEndDrag -in [gi::getWindows 43]
[23:53:54.55] /i de::endDrag {0.45625 2.475} -context [db::getNext [de::getContexts -window 43]]
[23:53:54.89] /# gi::executeAction deSelectActive -in [gi::getWindows 43]
[23:53:54.89] /i de::deselectAll [db::getNext [de::getContexts -window 43]]
[23:53:54.89] /i de::deselectAllLogic -context [db::getNext [de::getContexts -window 43]]
[23:53:57.27] /i gi::executeAction deCanvasDragSelect -in [gi::getWindows 43]
[23:53:57.27] /r deCanvasDragStart 0.075 2.225
[23:53:57.77] /# gi::executeAction deCanvasDragEnd -in [gi::getWindows 43]
[23:53:57.77] /i gi::executeAction deCanvasDragEnd -in [gi::getWindows 43]
[23:53:57.77] /r deCanvasDragEnd 0.94375 2.0875
[23:53:58.94] /# gi::executeAction seButton1DragStart -in [gi::getWindows 43]
[23:53:58.94] /i ise::stretch -point {0.6875 2.1875}
[23:53:59.79] /# gi::executeAction deEndDrag -in [gi::getWindows 43]
[23:53:59.79] /i de::endDrag {0.6875 2.075} -context [db::getNext [de::getContexts -window 43]]
[23:54:00.06] /# gi::executeAction deSelectActive -in [gi::getWindows 43]
[23:54:00.06] /i de::deselectAll [db::getNext [de::getContexts -window 43]]
[23:54:00.06] /i de::deselectAllLogic -context [db::getNext [de::getContexts -window 43]]
[23:54:11.47] /# gi::executeAction deSelectActive -in [gi::getWindows 43]
[23:54:11.47] /i de::deselectAllLogic -context [db::getNext [de::getContexts -window 43]]
[23:54:12.06] /# gi::executeAction deSelectActive -in [gi::getWindows 43]
[23:54:12.06] /i de::deselectAll [db::getNext [de::getContexts -window 43]]
[23:54:12.06] /i de::select [de::getActiveFigure [gi::getWindows 43] -point {1.90625 1.99375} -index 0 -intent none]
[23:54:12.06] /o oa:0x1e489a70
[23:54:12.82] /# gi::executeAction seButton1DragStart -in [gi::getWindows 43]
[23:54:12.82] /i ise::stretch -point {1.75 2}
[23:54:14.20] /# gi::executeAction deEndDrag -in [gi::getWindows 43]
[23:54:14.20] /i de::endDrag {1.675 1.45625} -context [db::getNext [de::getContexts -window 43]]
[23:54:14.55] /# gi::executeAction deSelectActive -in [gi::getWindows 43]
[23:54:14.55] /i de::deselectAll [db::getNext [de::getContexts -window 43]]
[23:54:14.55] /i de::deselectAllLogic -context [db::getNext [de::getContexts -window 43]]
[23:54:15.25] /i gi::executeAction deCanvasDragSelect -in [gi::getWindows 43]
[23:54:15.26] /r deCanvasDragStart 0.1125 2.1875
[23:54:15.82] /# gi::executeAction deCanvasDragEnd -in [gi::getWindows 43]
[23:54:15.82] /i gi::executeAction deCanvasDragEnd -in [gi::getWindows 43]
[23:54:15.82] /r deCanvasDragEnd 1 1.9125
[23:54:17.15] /# gi::executeAction seButton1DragStart -in [gi::getWindows 43]
[23:54:17.15] /i ise::stretch -point {0.6875 2.0625}
[23:54:18.45] /# gi::executeAction deEndDrag -in [gi::getWindows 43]
[23:54:18.45] /i de::endDrag {0.8625 1.675} -context [db::getNext [de::getContexts -window 43]]
[23:54:18.76] /# gi::executeAction deSelectActive -in [gi::getWindows 43]
[23:54:18.76] /i de::deselectAll [db::getNext [de::getContexts -window 43]]
[23:54:18.76] /i de::deselectAllLogic -context [db::getNext [de::getContexts -window 43]]
[23:54:18.94] /# gi::executeAction deCanvasZoomInAtPoint -in [gi::getWindows 43]
[23:54:18.94] /i de::zoom -window [gi::getWindows 43] -factor 2.0 -center {0.78125 1.56875}
[23:54:18.94] /o {-0.15625 0.83125} {3.4875 2.70625}
[23:54:19.28] /# gi::executeAction deCanvasZoomInAtPoint -in [gi::getWindows 43]
[23:54:19.28] /i de::zoom -window [gi::getWindows 43] -factor 2.0 -center {0.7625 1.58125}
[23:54:19.28] /o {0.3 1.20625} {2.125 2.14375}
[23:54:20.10] /# gi::executeAction deCanvasZoomOutAtPoint -in [gi::getWindows 43]
[23:54:20.10] /i de::zoom -window [gi::getWindows 43] -factor 0.5 -center {0.68125 1.85}
[23:54:20.10] /o {-0.075 0.5625} {3.56875 2.4375}
[23:54:20.32] /# gi::executeAction deCanvasZoomOutAtPoint -in [gi::getWindows 43]
[23:54:20.32] /i de::zoom -window [gi::getWindows 43] -factor 0.5 -center {0.575 2.0125}
[23:54:20.32] /o {-0.725 -0.89375} {6.5625 2.85625}
[23:54:20.65] /# gi::executeAction deFitView -in [gi::getWindows 43]
[23:54:20.65] /i de::fit -window 43 -fitView true
[23:54:20.65] /o {-0.05 1.06875} {3.95625 3.125}
[23:54:22.63] /i gi::executeAction deCanvasDragSelect -in [gi::getWindows 43]
[23:54:22.63] /r deCanvasDragStart 0.15 2.39375
[23:54:23.38] /# gi::executeAction deCanvasDragEnd -in [gi::getWindows 43]
[23:54:23.38] /i gi::executeAction deCanvasDragEnd -in [gi::getWindows 43]
[23:54:23.39] /r deCanvasDragEnd 0.9375 2.2375
[23:54:24.10] /# gi::executeAction seButton1DragStart -in [gi::getWindows 43]
[23:54:24.10] /i ise::stretch -point {0.625 2.3125}
[23:54:26.09] /# gi::executeAction deEndDrag -in [gi::getWindows 43]
[23:54:26.09] /i de::endDrag {0.79375 1.925} -context [db::getNext [de::getContexts -window 43]]
[23:54:26.69] /# gi::executeAction deSelectActive -in [gi::getWindows 43]
[23:54:26.69] /i de::deselectAll [db::getNext [de::getContexts -window 43]]
[23:54:26.69] /i de::deselectAllLogic -context [db::getNext [de::getContexts -window 43]]
[23:54:27.31] /i gi::executeAction deCanvasDragSelect -in [gi::getWindows 43]
[23:54:27.31] /r deCanvasDragStart 0.0875 2.58125
[23:54:27.83] /# gi::executeAction deCanvasDragEnd -in [gi::getWindows 43]
[23:54:27.83] /i gi::executeAction deCanvasDragEnd -in [gi::getWindows 43]
[23:54:27.83] /r deCanvasDragEnd 0.95 2.41875
[23:54:28.60] /# gi::executeAction seButton1DragStart -in [gi::getWindows 43]
[23:54:28.60] /i ise::stretch -point {0.5625 2.5}
[23:54:30.79] /# gi::executeAction deEndDrag -in [gi::getWindows 43]
[23:54:30.79] /i de::endDrag {0.75625 2.1625} -context [db::getNext [de::getContexts -window 43]]
[23:54:31.43] /# gi::executeAction deSelectActive -in [gi::getWindows 43]
[23:54:31.43] /i de::deselectAll [db::getNext [de::getContexts -window 43]]
[23:54:31.43] /i de::deselectAllLogic -context [db::getNext [de::getContexts -window 43]]
[23:54:31.72] /i gi::executeAction deCanvasDragSelect -in [gi::getWindows 43]
[23:54:31.72] /r deCanvasDragStart 0.15 2.7125
[23:54:32.31] /# gi::executeAction deCanvasDragEnd -in [gi::getWindows 43]
[23:54:32.31] /i gi::executeAction deCanvasDragEnd -in [gi::getWindows 43]
[23:54:32.31] /r deCanvasDragEnd 0.95 2.54375
[23:54:33.34] /# gi::executeAction seButton1DragStart -in [gi::getWindows 43]
[23:54:33.34] /i ise::stretch -point {0.6875 2.625}
[23:54:34.93] /# gi::executeAction deEndDrag -in [gi::getWindows 43]
[23:54:34.93] /i de::endDrag {0.86875 2.38125} -context [db::getNext [de::getContexts -window 43]]
[23:54:35.42] /# gi::executeAction deSelectActive -in [gi::getWindows 43]
[23:54:35.42] /i de::deselectAll [db::getNext [de::getContexts -window 43]]
[23:54:35.42] /i de::deselectAllLogic -context [db::getNext [de::getContexts -window 43]]
[23:54:35.74] /i gi::executeAction deCanvasDragSelect -in [gi::getWindows 43]
[23:54:35.74] /r deCanvasDragStart 0.125 2.9375
[23:54:36.27] /# gi::executeAction deCanvasDragEnd -in [gi::getWindows 43]
[23:54:36.27] /i gi::executeAction deCanvasDragEnd -in [gi::getWindows 43]
[23:54:36.28] /r deCanvasDragEnd 0.9375 2.71875
[23:54:37.00] /# gi::executeAction seButton1DragStart -in [gi::getWindows 43]
[23:54:37.00] /i ise::stretch -point {0.6875 2.8125}
[23:54:38.49] /# gi::executeAction deEndDrag -in [gi::getWindows 43]
[23:54:38.49] /i de::endDrag {0.8875 2.53125} -context [db::getNext [de::getContexts -window 43]]
[23:54:38.85] /# gi::executeAction deSelectActive -in [gi::getWindows 43]
[23:54:38.85] /i de::deselectAll [db::getNext [de::getContexts -window 43]]
[23:54:38.85] /i de::deselectAllLogic -context [db::getNext [de::getContexts -window 43]]
[23:54:41.16] /# gi::executeAction seCreateShape -in [gi::getWindows 43]
[23:54:41.16] /i ise::createShape
[23:54:42.48] /i gi::pressButton {seShapeTypeLine} -in [gi::getToolbars {deCommandOptions} -from [gi::getWindows 43]]
[23:54:43.56] /# gi::executeAction deAddPoint -in [gi::getWindows 43]
[23:54:43.56] /i de::addPoint {0.88125 2.56875} -context [db::getNext [de::getContexts -window 43]]
[23:54:44.42] /# gi::executeAction deAddPoint -in [gi::getWindows 43]
[23:54:44.42] /i de::addPoint {0.99375 2.5625} -context [db::getNext [de::getContexts -window 43]]
[23:54:46.22] /# gi::executeAction deAddPoint -in [gi::getWindows 43]
[23:54:46.22] /i de::addPoint {1.00625 2.5625} -context [db::getNext [de::getContexts -window 43]]
[23:54:48.72] /# gi::executeAction deCompleteShapeHere -in [gi::getWindows 43]
[23:54:48.72] /i de::completeShape {1.00625 2.5625} -context [db::getNext [de::getContexts -window 43]]
[23:54:50.12] /# gi::executeAction deAddPoint -in [gi::getWindows 43]
[23:54:50.12] /i de::addPoint {0.88125 2.375} -context [db::getNext [de::getContexts -window 43]]
[23:54:50.94] /# gi::executeAction deAddPoint -in [gi::getWindows 43]
[23:54:50.94] /i de::addPoint {1 2.36875} -context [db::getNext [de::getContexts -window 43]]
[23:54:51.64] /# gi::executeAction deCompleteShapeHere -in [gi::getWindows 43]
[23:54:51.64] /i de::completeShape {1.2375 2.3875} -context [db::getNext [de::getContexts -window 43]]
[23:54:53.22] /# gi::executeAction deAbortCommand -in [gi::getWindows 43]
[23:54:53.22] /i de::abortCommand -context [db::getNext [de::getContexts -window 43]]
[23:54:54.66] /# gi::executeAction seCreateShape -in [gi::getWindows 43]
[23:54:54.66] /i ise::createShape
[23:54:56.11] /# gi::executeAction deAddPoint -in [gi::getWindows 43]
[23:54:56.11] /i de::addPoint {0.88125 2.18125} -context [db::getNext [de::getContexts -window 43]]
[23:54:57.09] /# gi::executeAction deAddPoint -in [gi::getWindows 43]
[23:54:57.09] /i de::addPoint {0.9875 2.19375} -context [db::getNext [de::getContexts -window 43]]
[23:54:57.47] /# gi::executeAction deAddPoint -in [gi::getWindows 43]
[23:54:57.47] /i de::addPoint {0.99375 2.19375} -context [db::getNext [de::getContexts -window 43]]
[23:54:58.03] /# gi::executeAction deCompleteShapeHere -in [gi::getWindows 43]
[23:54:58.03] /i de::completeShape {1 2.19375} -context [db::getNext [de::getContexts -window 43]]
[23:54:59.67] /# gi::executeAction deAddPoint -in [gi::getWindows 43]
[23:54:59.67] /i de::addPoint {0.88125 1.95625} -context [db::getNext [de::getContexts -window 43]]
[23:55:00.32] /# gi::executeAction deAddPoint -in [gi::getWindows 43]
[23:55:00.32] /i de::addPoint {1 1.93125} -context [db::getNext [de::getContexts -window 43]]
[23:55:00.88] /# gi::executeAction deCompleteShapeHere -in [gi::getWindows 43]
[23:55:00.88] /i de::completeShape {1.00625 1.93125} -context [db::getNext [de::getContexts -window 43]]
[23:55:01.22] /# gi::executeAction deAbortCommand -in [gi::getWindows 43]
[23:55:01.22] /i de::abortCommand -context [db::getNext [de::getContexts -window 43]]
[23:55:01.94] /# gi::executeAction deSelectActive -in [gi::getWindows 43]
[23:55:01.94] /i de::deselectAll [db::getNext [de::getContexts -window 43]]
[23:55:01.94] /i de::select [de::getActiveFigure [gi::getWindows 43] -point {1.19375 2.375} -index 0 -intent none]
[23:55:01.94] /o oa:0x256edea0
[23:55:02.60] /# gi::executeAction seDelete -in [gi::getWindows 43]
[23:55:02.60] /i ise::delete
[23:55:03.04] /i gi::executeAction deCanvasDragCancel -in [gi::getWindows 43]
[23:55:04.26] /# gi::executeAction seCreateShape -in [gi::getWindows 43]
[23:55:04.26] /i ise::createShape
[23:55:05.65] /# gi::executeAction deAddPoint -in [gi::getWindows 43]
[23:55:05.65] /i de::addPoint {0.8625 2.375} -context [db::getNext [de::getContexts -window 43]]
[23:55:06.30] /# gi::executeAction deAddPoint -in [gi::getWindows 43]
[23:55:06.30] /i de::addPoint {1.00625 2.36875} -context [db::getNext [de::getContexts -window 43]]
[23:55:06.94] /# gi::executeAction deCompleteShapeHere -in [gi::getWindows 43]
[23:55:06.94] /i de::completeShape {1.01875 2.36875} -context [db::getNext [de::getContexts -window 43]]
[23:55:07.89] /# gi::executeAction deAbortCommand -in [gi::getWindows 43]
[23:55:07.89] /i de::abortCommand -context [db::getNext [de::getContexts -window 43]]
[23:55:08.30] /# gi::executeAction deCanvasZoomOutAtPoint -in [gi::getWindows 43]
[23:55:08.30] /i de::zoom -window [gi::getWindows 43] -factor 0.5 -center {2.85625 2.29375}
[23:55:08.30] /o {-2.95625 -0.1625} {5.05625 3.9625}
[23:55:08.76] /# gi::executeAction deCanvasZoomInAtPoint -in [gi::getWindows 43]
[23:55:08.76] /i de::zoom -window [gi::getWindows 43] -factor 2.0 -center {3.9125 2.1}
[23:55:08.76] /o {0.475 0.96875} {4.4875 3.03125}
[23:55:09.36] /i gi::executeAction deCanvasDragSelect -in [gi::getWindows 43]
[23:55:09.36] /r deCanvasDragStart 2.5875 2.28125
[23:55:09.58] /# gi::executeAction deCanvasDragEnd -in [gi::getWindows 43]
[23:55:09.58] /i gi::executeAction deCanvasDragEnd -in [gi::getWindows 43]
[23:55:09.58] /r deCanvasDragEnd 3.275 2.0125
[23:55:10.03] /# gi::executeAction seButton1DragStart -in [gi::getWindows 43]
[23:55:10.03] /i ise::stretch -point {2.875 2.1875}
[23:55:10.60] /# gi::executeAction deEndDrag -in [gi::getWindows 43]
[23:55:10.60] /i de::endDrag {1.4375 2.88125} -context [db::getNext [de::getContexts -window 43]]
[23:55:11.43] /i gi::executeAction deCanvasDragSelect -in [gi::getWindows 43]
[23:55:11.44] /r deCanvasDragStart 1.76875 1.3
[23:55:11.78] /# gi::executeAction deCanvasDragEnd -in [gi::getWindows 43]
[23:55:11.78] /i gi::executeAction deCanvasDragEnd -in [gi::getWindows 43]
[23:55:11.78] /r deCanvasDragEnd 2.70625 0.98125
[23:55:12.34] /# gi::executeAction deSelectActive -in [gi::getWindows 43]
[23:55:12.34] /i de::deselectAllLogic -context [db::getNext [de::getContexts -window 43]]
[23:55:12.73] /i gi::executeAction deCanvasDragSelect -in [gi::getWindows 43]
[23:55:12.73] /r deCanvasDragStart 1.89375 1.3125
[23:55:12.98] /# gi::executeAction deCanvasDragEnd -in [gi::getWindows 43]
[23:55:12.98] /i gi::executeAction deCanvasDragEnd -in [gi::getWindows 43]
[23:55:12.98] /r deCanvasDragEnd 2.575 1.06875
[23:55:13.63] /# gi::executeAction seButton1DragStart -in [gi::getWindows 43]
[23:55:13.63] /i ise::stretch -point {2.3125 1.25}
[23:55:14.78] /# gi::executeAction deEndDrag -in [gi::getWindows 43]
[23:55:14.78] /i de::endDrag {1.575 1.575} -context [db::getNext [de::getContexts -window 43]]
[23:55:15.19] /# gi::executeAction deSelectActive -in [gi::getWindows 43]
[23:55:15.19] /i de::deselectAll [db::getNext [de::getContexts -window 43]]
[23:55:15.19] /i de::deselectAllLogic -context [db::getNext [de::getContexts -window 43]]
[23:55:15.96] /i gi::executeAction deCanvasDragSelect -in [gi::getWindows 43]
[23:55:15.96] /r deCanvasDragStart 2.79375 2.04375
[23:55:16.41] /# gi::executeAction deCanvasDragEnd -in [gi::getWindows 43]
[23:55:16.41] /i gi::executeAction deCanvasDragEnd -in [gi::getWindows 43]
[23:55:16.41] /r deCanvasDragEnd 4.0125 1.76875
[23:55:16.95] /# gi::executeAction seButton1DragStart -in [gi::getWindows 43]
[23:55:16.95] /i ise::stretch -point {3.5625 1.875}
[23:55:18.20] /# gi::executeAction deEndDrag -in [gi::getWindows 43]
[23:55:18.20] /i de::endDrag {2.4875 2.41875} -context [db::getNext [de::getContexts -window 43]]
[23:55:18.40] /# gi::executeAction deSelectActive -in [gi::getWindows 43]
[23:55:18.40] /i de::deselectAll [db::getNext [de::getContexts -window 43]]
[23:55:18.40] /i de::deselectAllLogic -context [db::getNext [de::getContexts -window 43]]
[23:55:19.25] /# gi::executeAction deSelectActive -in [gi::getWindows 43]
[23:55:19.25] /i de::deselectAll [db::getNext [de::getContexts -window 43]]
[23:55:19.25] /i de::select [de::getActiveFigure [gi::getWindows 43] -point {1.9625 2.44375} -index 0 -intent none]
[23:55:19.25] /o oa:0x1e9652d0
[23:55:19.78] /# gi::executeAction seButton1DragStart -in [gi::getWindows 43]
[23:55:19.78] /i ise::stretch -point {1.9375 2.4375}
[23:55:20.76] /# gi::executeAction deEndDrag -in [gi::getWindows 43]
[23:55:20.76] /i de::endDrag {2.54375 2.575} -context [db::getNext [de::getContexts -window 43]]
[23:55:21.20] /# gi::executeAction deSelectActive -in [gi::getWindows 43]
[23:55:21.20] /i de::deselectAll [db::getNext [de::getContexts -window 43]]
[23:55:21.20] /i de::select [de::getActiveFigure [gi::getWindows 43] -point {2.48125 2.45625} -index 0 -intent none]
[23:55:21.20] /o oa:0x26ed3350
[23:55:21.62] /# gi::executeAction seButton1DragStart -in [gi::getWindows 43]
[23:55:21.63] /i ise::stretch -point {2.4375 2.4375}
[23:55:23.44] /# gi::executeAction deEndDrag -in [gi::getWindows 43]
[23:55:23.44] /i de::endDrag {1.725 2.5} -context [db::getNext [de::getContexts -window 43]]
[23:55:24.04] /# gi::executeAction deSelectActive -in [gi::getWindows 43]
[23:55:24.04] /i de::deselectAll [db::getNext [de::getContexts -window 43]]
[23:55:24.04] /i de::deselectAllLogic -context [db::getNext [de::getContexts -window 43]]
[23:55:25.63] /i gi::executeAction deCanvasDragSelect -in [gi::getWindows 43]
[23:55:25.63] /r deCanvasDragStart 2.55625 1.7625
[23:55:25.96] /# gi::executeAction deCanvasDragEnd -in [gi::getWindows 43]
[23:55:25.96] /i gi::executeAction deCanvasDragEnd -in [gi::getWindows 43]
[23:55:25.96] /r deCanvasDragEnd 3.75625 1.44375
[23:55:26.83] /# gi::executeAction seButton1DragStart -in [gi::getWindows 43]
[23:55:26.83] /i ise::stretch -point {3.25 1.5625}
[23:55:29.87] /# gi::executeAction deEndDrag -in [gi::getWindows 43]
[23:55:29.87] /i de::endDrag {2.54375 2.05} -context [db::getNext [de::getContexts -window 43]]
[23:55:30.52] /# gi::executeAction deSelectActive -in [gi::getWindows 43]
[23:55:30.52] /i de::deselectAll [db::getNext [de::getContexts -window 43]]
[23:55:30.52] /i de::deselectAllLogic -context [db::getNext [de::getContexts -window 43]]
[23:55:31.17] /# gi::executeAction seButton1DragStart -in [gi::getWindows 43]
[23:55:31.17] /i ise::stretch -object [de::getActiveFigure [gi::getWindows 43] -point {2.26875 2.05} -index 0 -intent none] -point {2.25 2.0625}
[23:55:31.61] /# gi::executeAction deEndDrag -in [gi::getWindows 43]
[23:55:31.61] /i de::endDrag {3.3 1.99375} -context [db::getNext [de::getContexts -window 43]]
[23:55:32.54] /# gi::executeAction deSelectActive -in [gi::getWindows 43]
[23:55:32.54] /i de::deselectAll [db::getNext [de::getContexts -window 43]]
[23:55:32.54] /i de::select [de::getActiveFigure [gi::getWindows 43] -point {2.65625 2.05625} -index 0 -intent none]
[23:55:32.54] /o oa:0x28b781c0
[23:55:33.20] /# gi::executeAction deSelectActive -in [gi::getWindows 43]
[23:55:33.20] /i de::deselectAll [db::getNext [de::getContexts -window 43]]
[23:55:33.20] /i de::select [de::getActiveFigure [gi::getWindows 43] -point {2.64375 2.0625} -index 0 -intent none]
[23:55:33.20] /o oa:0x24c99260
[23:55:33.72] /# gi::executeAction seButton1DragStart -in [gi::getWindows 43]
[23:55:33.72] /i ise::stretch -point {2.625 2.0625}
[23:55:35.02] /# gi::executeAction deEndDrag -in [gi::getWindows 43]
[23:55:35.02] /i de::endDrag {2.0625 1.99375} -context [db::getNext [de::getContexts -window 43]]
[23:55:35.24] /# gi::executeAction deSelectActive -in [gi::getWindows 43]
[23:55:35.24] /i de::deselectAll [db::getNext [de::getContexts -window 43]]
[23:55:35.25] /i de::deselectAllLogic -context [db::getNext [de::getContexts -window 43]]
[23:55:36.21] /# gi::executeAction seButton1DragStart -in [gi::getWindows 43]
[23:55:36.21] /i ise::stretch -object [de::getActiveFigure [gi::getWindows 43] -point {2.54375 2.05625} -index 0 -intent none] -point {2.5625 2.0625}
[23:55:37.22] /# gi::executeAction deEndDrag -in [gi::getWindows 43]
[23:55:37.22] /i de::endDrag {2.14375 1.98125} -context [db::getNext [de::getContexts -window 43]]
[23:55:37.81] /# gi::executeAction deSelectActive -in [gi::getWindows 43]
[23:55:37.81] /i de::deselectAll [db::getNext [de::getContexts -window 43]]
[23:55:37.81] /i de::select [de::getActiveFigure [gi::getWindows 43] -point {2.95625 1.9125} -index 0 -intent none]
[23:55:37.81] /o oa:0x28916530
[23:55:38.30] /# gi::executeAction seButton1DragStart -in [gi::getWindows 43]
[23:55:38.30] /i ise::stretch -point {2.9375 1.9375}
[23:55:39.45] /# gi::executeAction deEndDrag -in [gi::getWindows 43]
[23:55:39.45] /i de::endDrag {1.75 2.00625} -context [db::getNext [de::getContexts -window 43]]
[23:55:40.59] /i gi::executeAction deCanvasDragSelect -in [gi::getWindows 43]
[23:55:40.59] /r deCanvasDragStart 2.71875 1.31875
[23:55:41.16] /# gi::executeAction deCanvasDragEnd -in [gi::getWindows 43]
[23:55:41.16] /i gi::executeAction deCanvasDragEnd -in [gi::getWindows 43]
[23:55:41.16] /r deCanvasDragEnd 3.6875 1.10625
[23:55:41.87] /# gi::executeAction seButton1DragStart -in [gi::getWindows 43]
[23:55:41.87] /i ise::stretch -point {3.375 1.25}
[23:55:43.56] /# gi::executeAction deEndDrag -in [gi::getWindows 43]
[23:55:43.56] /i de::endDrag {2.475 1.7625} -context [db::getNext [de::getContexts -window 43]]
[23:55:43.83] /# gi::executeAction deSelectActive -in [gi::getWindows 43]
[23:55:43.83] /i de::deselectAll [db::getNext [de::getContexts -window 43]]
[23:55:43.83] /i de::deselectAllLogic -context [db::getNext [de::getContexts -window 43]]
[23:55:44.55] /# gi::executeAction deSelectActive -in [gi::getWindows 43]
[23:55:44.55] /i de::deselectAll [db::getNext [de::getContexts -window 43]]
[23:55:44.55] /i de::select [de::getActiveFigure [gi::getWindows 43] -point {1.9625 1.74375} -index 0 -intent none]
[23:55:44.55] /o oa:0x2875add0
[23:55:45.04] /# gi::executeAction deSelectActive -in [gi::getWindows 43]
[23:55:45.05] /i de::deselectAll [db::getNext [de::getContexts -window 43]]
[23:55:45.05] /i de::select [de::getActiveFigure [gi::getWindows 43] -point {1.925 1.74375} -index 0 -intent none]
[23:55:45.05] /o oa:0x282c3230
[23:55:45.73] /# gi::executeAction seButton1DragStart -in [gi::getWindows 43]
[23:55:45.74] /i ise::stretch -point {1.9375 1.75}
[23:55:46.23] /# gi::executeAction deEndDrag -in [gi::getWindows 43]
[23:55:46.23] /i de::endDrag {1.875 1.75625} -context [db::getNext [de::getContexts -window 43]]
[23:55:47.15] /# gi::executeAction deSelectActive -in [gi::getWindows 43]
[23:55:47.15] /i de::deselectAll [db::getNext [de::getContexts -window 43]]
[23:55:47.15] /i de::deselectAllLogic -context [db::getNext [de::getContexts -window 43]]
[23:55:48.14] /# gi::executeAction seButton1DragStart -in [gi::getWindows 43]
[23:55:48.14] /i ise::stretch -object [de::getActiveFigure [gi::getWindows 43] -point {1.74375 1.9875} -index 0 -intent none] -point {1.75 2}
[23:55:48.69] /# gi::executeAction deEndDrag -in [gi::getWindows 43]
[23:55:48.69] /i de::endDrag {2.69375 2.01875} -context [db::getNext [de::getContexts -window 43]]
[23:55:49.63] /# gi::executeAction deSelectActive -in [gi::getWindows 43]
[23:55:49.64] /i de::deselectAll [db::getNext [de::getContexts -window 43]]
[23:55:49.64] /i de::select [de::getActiveFigure [gi::getWindows 43] -point {2.31875 2.0125} -index 0 -intent none]
[23:55:49.64] /o oa:0x244556a0
[23:55:50.11] /# gi::executeAction seButton1DragStart -in [gi::getWindows 43]
[23:55:50.11] /i ise::stretch -point {2.3125 2}
[23:55:50.94] /# gi::executeAction deEndDrag -in [gi::getWindows 43]
[23:55:50.94] /i de::endDrag {1.89375 2} -context [db::getNext [de::getContexts -window 43]]
[23:55:51.46] /# gi::executeAction deSelectActive -in [gi::getWindows 43]
[23:55:51.46] /i de::deselectAll [db::getNext [de::getContexts -window 43]]
[23:55:51.46] /i de::select [de::getActiveFigure [gi::getWindows 43] -point {1.7625 2.55625} -index 0 -intent none]
[23:55:51.46] /o oa:0x26ba20c0
[23:55:51.81] /# gi::executeAction deSelectActive -in [gi::getWindows 43]
[23:55:51.81] /i de::deselectAll [db::getNext [de::getContexts -window 43]]
[23:55:51.81] /i de::select [de::getActiveFigure [gi::getWindows 43] -point {1.76875 2.4875} -index 0 -intent none]
[23:55:51.81] /o oa:0x1eb27980
[23:55:52.22] /# gi::executeAction seButton1DragStart -in [gi::getWindows 43]
[23:55:52.23] /i ise::stretch -point {1.75 2.5}
[23:55:52.61] /# gi::executeAction deEndDrag -in [gi::getWindows 43]
[23:55:52.61] /i de::endDrag {2.63125 2.3375} -context [db::getNext [de::getContexts -window 43]]
[23:55:53.15] /# gi::executeAction deSelectActive -in [gi::getWindows 43]
[23:55:53.15] /i de::deselectAll [db::getNext [de::getContexts -window 43]]
[23:55:53.15] /i de::select [de::getActiveFigure [gi::getWindows 43] -point {2.6125 2.53125} -index 0 -intent none]
[23:55:53.15] /o oa:0x25d4c010
[23:55:53.64] /# gi::executeAction seButton1DragStart -in [gi::getWindows 43]
[23:55:53.64] /i ise::stretch -point {2.625 2.5625}
[23:55:54.36] /# gi::executeAction deEndDrag -in [gi::getWindows 43]
[23:55:54.36] /i de::endDrag {1.93125 2.41875} -context [db::getNext [de::getContexts -window 43]]
[23:55:55.08] /# gi::executeAction seButton1DragStart -in [gi::getWindows 43]
[23:55:55.08] /i ise::stretch -object [de::getActiveFigure [gi::getWindows 43] -point {2.70625 2.3} -index 0 -intent none] -point {2.6875 2.3125}
[23:55:55.59] /# gi::executeAction deEndDrag -in [gi::getWindows 43]
[23:55:55.59] /i de::endDrag {2.475 2.425} -context [db::getNext [de::getContexts -window 43]]
[23:55:56.28] /# gi::executeAction seButton1DragStart -in [gi::getWindows 43]
[23:55:56.28] /i ise::stretch -object [de::getActiveFigure [gi::getWindows 43] -point {2.675 2.01875} -index 0 -intent none] -point {2.6875 2}
[23:55:56.72] /# gi::executeAction deEndDrag -in [gi::getWindows 43]
[23:55:56.72] /i de::endDrag {2.4 2.01875} -context [db::getNext [de::getContexts -window 43]]
[23:55:57.08] /# gi::executeAction seButton1DragStart -in [gi::getWindows 43]
[23:55:57.08] /i ise::stretch -object [de::getActiveFigure [gi::getWindows 43] -point {2.4 2.01875} -index 0 -intent none] -point {2.375 2}
[23:55:57.60] /# gi::executeAction deEndDrag -in [gi::getWindows 43]
[23:55:57.60] /i de::endDrag {2.48125 2.01875} -context [db::getNext [de::getContexts -window 43]]
[23:55:58.57] /# gi::executeAction seButton1DragStart -in [gi::getWindows 43]
[23:55:58.57] /i ise::stretch -object [de::getActiveFigure [gi::getWindows 43] -point {2.1375 2.0125} -index 0 -intent none] -point {2.125 2}
[23:55:59.59] /# gi::executeAction deEndDrag -in [gi::getWindows 43]
[23:55:59.59] /i de::endDrag {2.15 2.29375} -context [db::getNext [de::getContexts -window 43]]
[23:56:00.63] /# gi::executeAction seButton1DragStart -in [gi::getWindows 43]
[23:56:00.63] /i ise::stretch -object [de::getActiveFigure [gi::getWindows 43] -point {2.13125 2.30625} -index 0 -intent none] -point {2.125 2.3125}
[23:56:01.77] /# gi::executeAction deEndDrag -in [gi::getWindows 43]
[23:56:01.77] /i de::endDrag {2.13125 2.125} -context [db::getNext [de::getContexts -window 43]]
[23:56:02.50] /# gi::executeAction deSelectActive -in [gi::getWindows 43]
[23:56:02.50] /i de::deselectAll [db::getNext [de::getContexts -window 43]]
[23:56:02.50] /i de::select [de::getActiveFigure [gi::getWindows 43] -point {2.075 2.00625} -index 0 -intent none]
[23:56:02.50] /o oa:0x27f9afd0
[23:56:02.88] /# gi::executeAction seButton1DragStart -in [gi::getWindows 43]
[23:56:02.88] /i ise::stretch -point {2.0625 2}
[23:56:03.30] /# gi::executeAction deEndDrag -in [gi::getWindows 43]
[23:56:03.30] /i de::endDrag {2.08125 2.13125} -context [db::getNext [de::getContexts -window 43]]
[23:56:12.33] /i gi::executeAction deSaveDesign -in [gi::getWindows 43]
[23:56:12.33] /m Information: Saving design 'inverter full_adder_2bit symbol'. (DESIGN_WINDOW-004)
[23:56:12.48] /i gi::executeAction deSaveDesign -in [gi::getWindows 43]
[23:56:12.48] /m Information: Saving design 'inverter full_adder_2bit symbol'. (DESIGN_WINDOW-004)
[23:56:12.63] /i gi::executeAction deSaveDesign -in [gi::getWindows 43]
[23:56:12.63] /m Information: Saving design 'inverter full_adder_2bit symbol'. (DESIGN_WINDOW-004)
[23:56:12.76] /i gi::executeAction deSaveDesign -in [gi::getWindows 43]
[23:56:12.76] /m Information: Saving design 'inverter full_adder_2bit symbol'. (DESIGN_WINDOW-004)
[23:56:19.62] /# gi::executeAction deUpdateCellview -in [gi::getWindows 43]
[23:56:19.62] /i db::showUpdateCellView -parent 43
[23:56:19.67] /o oa:0x271ac090
[23:56:19.73] /i gi::setActiveDialog [gi::getDialogs {dbUpdateCellView} -parent [gi::getWindows 43]]
[23:56:20.06] /i db::setAttr geometry -of [gi::getDialogs {dbUpdateCellView} -parent [gi::getWindows 43]] -value 484x262+780+495
[23:56:21.17] /i gi::closeWindows [gi::getDialogs {dbUpdateCellView} -parent [gi::getWindows 43]]
[23:56:23.44] /# gi::executeAction seCreateShape -in [gi::getWindows 43]
[23:56:23.44] /i ise::createShape
[23:56:23.83] /# gi::executeAction seCreateSelection -in [gi::getWindows 43]
[23:56:23.83] /i ise::createSelectionShape
[23:56:25.21] /i gi::pressButton {autoCreate} -in [gi::getToolbars {deCommandOptions} -from [gi::getWindows 43]]
[23:56:27.83] /i gi::executeAction deSaveDesign -in [gi::getWindows 43]
[23:56:27.83] /m Information: Saving design 'inverter full_adder_2bit symbol'. (DESIGN_WINDOW-004)
[23:56:27.98] /i gi::executeAction deSaveDesign -in [gi::getWindows 43]
[23:56:27.98] /m Information: Saving design 'inverter full_adder_2bit symbol'. (DESIGN_WINDOW-004)
[23:56:28.12] /i gi::executeAction deSaveDesign -in [gi::getWindows 43]
[23:56:28.12] /m Information: Saving design 'inverter full_adder_2bit symbol'. (DESIGN_WINDOW-004)
[23:56:28.27] /i gi::executeAction deSaveDesign -in [gi::getWindows 43]
[23:56:28.27] /m Information: Saving design 'inverter full_adder_2bit symbol'. (DESIGN_WINDOW-004)
[23:56:28.42] /i gi::executeAction deSaveDesign -in [gi::getWindows 43]
[23:56:28.42] /m Information: Saving design 'inverter full_adder_2bit symbol'. (DESIGN_WINDOW-004)
[23:56:28.54] /i gi::executeAction deSaveDesign -in [gi::getWindows 43]
[23:56:28.54] /m Information: Saving design 'inverter full_adder_2bit symbol'. (DESIGN_WINDOW-004)
[23:56:28.69] /i gi::executeAction deSaveDesign -in [gi::getWindows 43]
[23:56:28.69] /m Information: Saving design 'inverter full_adder_2bit symbol'. (DESIGN_WINDOW-004)
[23:56:28.82] /i gi::executeAction deSaveDesign -in [gi::getWindows 43]
[23:56:28.82] /m Information: Saving design 'inverter full_adder_2bit symbol'. (DESIGN_WINDOW-004)
[23:56:31.43] /# gi::executeAction deCanvasZoomOutAtPoint -in [gi::getWindows 43]
[23:56:31.43] /i de::zoom -window [gi::getWindows 43] -factor 0.5 -center {1.84375 2.675}
[23:56:31.43] /o {-0.8875 -0.7375} {7.125 3.3875}
[23:56:35.65] /i gi::executeAction deSaveDesign -in [gi::getWindows 43]
[23:56:35.65] /m Information: Saving design 'inverter full_adder_2bit symbol'. (DESIGN_WINDOW-004)
[23:56:35.81] /i gi::executeAction deSaveDesign -in [gi::getWindows 43]
[23:56:35.81] /m Information: Saving design 'inverter full_adder_2bit symbol'. (DESIGN_WINDOW-004)
[23:56:37.51] /i gi::setActiveWindow 42
[23:56:37.51] /i gi::setActiveWindow 42 -raise true
[23:56:38.77] /i gi::setActiveWindow 2
[23:56:38.77] /i gi::setActiveWindow 2 -raise true
[23:56:39.72] /i gi::executeAction giCloseWindow -in [gi::getWindows 42]
[23:56:41.22] /i gi::executeAction giCloseWindow -in [gi::getWindows 43]
[23:56:42.08] /i gi::executeAction giCloseWindow -in [gi::getWindows 38]
[23:56:42.61] /i gi::executeAction giCloseWindow -in [gi::getWindows 22]
[23:56:42.64] /i gi::setActiveWindow 22
[23:56:42.64] /i gi::setActiveWindow 22 -raise true
[23:56:42.69] /r giDialog gi::setActiveDialog [gi::getDialogs {giPrompt} -parent [gi::getWindows 22]]
[23:56:42.98] /r giDialog db::setAttr geometry -of [gi::getDialogs {giPrompt} -parent [gi::getWindows 22]] -value 292x82+814+573
[23:56:44.28] /r giDialog gi::pressButton {save} -in [gi::getDialogs {giPrompt} -parent [gi::getWindows 22]]
[23:56:44.45] /r giDialog gi::setActiveDialog [gi::getDialogs {saShowSaveState} -parent [gi::getWindows 22]]
[23:56:44.76] /r giDialog db::setAttr geometry -of [gi::getDialogs {saShowSaveState} -parent [gi::getWindows 22]] -value 501x558+710+335
[23:56:45.29] /r giDialog gi::pressButton {/apply} -in [gi::getDialogs {saShowSaveState} -parent [gi::getWindows 22]]
[23:56:45.66] /r giDialog gi::pressButton {/ok} -in [gi::getDialogs {saShowSaveState} -parent [gi::getWindows 22]]
[23:56:45.70] /i gi::setActiveWindow 2
[23:56:45.70] /i gi::setActiveWindow 2 -raise true
[23:56:47.12] /i gi::setItemSelection {cells} -index {} -in [gi::getWindows 2]
[23:56:48.69] /# gi::executeAction dmShowNewCell -in [gi::getWindows 2]
[23:56:48.69] /i dm::showNewCell -parent 2
[23:56:48.71] /o oa:0x24cbd800
[23:56:48.76] /i gi::setActiveDialog [gi::getDialogs {dmNewCell} -parent [gi::getWindows 2]]
[23:56:48.99] /i db::setAttr geometry -of [gi::getDialogs {dmNewCell} -parent [gi::getWindows 2]] -value 448x227+726+442
[23:56:56.65] /i gi::setField {cellName} -value {tb_full_adder_2bit} -in [gi::getDialogs {dmNewCell} -parent [gi::getWindows 2]]
[23:56:56.65] /i gi::pressButton {ok} -in [gi::getDialogs {dmNewCell} -parent [gi::getWindows 2]]
[23:56:56.65] /# dm::createCell tb\_full\_adder\_2bit -lib [ oa::LibFind [oa::ScalarName [oa::CdbaNS] inverter]]
[23:56:56.65] /# dm::addToCellCategory [db::getNext [dm::getCellCategories -libName inverter -filter "%name == \"LAB3\""]] -cell [dm::findCell tb\_full\_adder\_2bit -libName inverter]
[23:56:56.66] /# gi::setItemSelection {cells} -index {tb_full_adder_2bit} -in [gi::getDialogs {dmNewCell} -parent [gi::getWindows 2]]
[23:56:57.70] /i gi::setCurrentIndex {cells} -index {tb_full_adder_2bit} -in [gi::getWindows 2]
[23:56:57.70] /i gi::setItemSelection {cells} -index {tb_full_adder_2bit} -in [gi::getWindows 2]
[23:56:58.71] /# gi::executeAction dmShowNewCellView -in [gi::getWindows 2]
[23:56:58.72] /i dm::showNewCellView -parent 2
[23:56:58.76] /o oa:0x18274cf0
[23:56:58.79] /i gi::setActiveDialog [gi::getDialogs {dmNewCellView} -parent [gi::getWindows 2]]
[23:56:59.07] /i db::setAttr geometry -of [gi::getDialogs {dmNewCellView} -parent [gi::getWindows 2]] -value 588x285+656+413
[23:57:03.17] /i gi::setField {cellViewName} -value {schematic} -in [gi::getDialogs {dmNewCellView} -parent [gi::getWindows 2]]
[23:57:03.76] /i gi::pressButton {apply} -in [gi::getDialogs {dmNewCellView} -parent [gi::getWindows 2]]
[23:57:03.76] /# db::getAttr viewType -of [dm::findCellView schematic -cell [dm::findCell tb\_full\_adder\_2bit -lib [oa::LibFind [oa::ScalarName [oa::CdbaNS] inverter]]]]
[23:57:03.76] /# dm::createCellView schematic -cell [dm::findCell tb\_full\_adder\_2bit -lib [ oa::LibFind [oa::ScalarName [oa::CdbaNS] inverter]]] -viewType schematic
[23:57:03.76] /# dm::addToCellCategory [db::getNext [dm::getCellCategories -libName inverter -filter "%name == \"LAB3\""]] -cell [dm::findCell tb\_full\_adder\_2bit -libName inverter]
[23:57:03.77] /# de::open [dm::findCellView schematic -cell [dm::findCell tb\_full\_adder\_2bit -lib [oa::LibFind [oa::ScalarName [oa::CdbaNS] inverter]]]] -application seSchematic
[23:57:03.80] /r giWindowId 44
[23:57:03.80] /r giWindowGeometry 1632x1020
[23:57:03.93] /m Information: 
[23:57:03.93] /o Checking "inverter/tb_full_adder_2bit/schematic"
[23:57:03.93] /o No rule violations found in "inverter/tb_full_adder_2bit/schematic"
[23:57:03.93] /m Information: Checking process is completed: marking the design violations
[23:57:03.93] /m Information: Marking of designs is completed
[23:57:04.38] /i gi::setActiveWindow 2
[23:57:04.38] /i gi::setActiveWindow 2 -raise true
[23:57:04.41] /i gi::pressButton {ok} -in [gi::getDialogs {dmNewCellView} -parent [gi::getWindows 2]]
[23:57:04.41] /# db::getAttr viewType -of [dm::findCellView schematic -cell [dm::findCell tb\_full\_adder\_2bit -lib [oa::LibFind [oa::ScalarName [oa::CdbaNS] inverter]]]]
[23:57:04.47] /r giDialog gi::setActiveDialog [gi::getDialogs {dmOverwrite}]
[23:57:04.71] /r giDialog db::setAttr geometry -of [gi::getDialogs {dmOverwrite}] -value 338x82+781+514
[23:57:05.40] /r giDialog gi::pressButton {overwrite} -in [gi::getDialogs {dmOverwrite}]
[23:57:05.41] /# db::destroy [dm::findCellView schematic -cellName tb\_full\_adder\_2bit -libName inverter]
[23:57:05.48] /m Information: The context with top design inverter/tb_full_adder_2bit/schematic was closed because all the designs in its hierarchy were unexpectedly purged. (DESIGN-113)
[23:57:05.48] /# dm::createCellView schematic -cell [dm::findCell tb\_full\_adder\_2bit -lib [ oa::LibFind [oa::ScalarName [oa::CdbaNS] inverter]]] -viewType schematic
[23:57:05.49] /# dm::addToCellCategory [db::getNext [dm::getCellCategories -libName inverter -filter "%name == \"LAB3\""]] -cell [dm::findCell tb\_full\_adder\_2bit -libName inverter]
[23:57:05.49] /# de::open [dm::findCellView schematic -cell [dm::findCell tb\_full\_adder\_2bit -lib [oa::LibFind [oa::ScalarName [oa::CdbaNS] inverter]]]] -application seSchematic
[23:57:05.51] /r giWindowId 45
[23:57:05.52] /r giWindowGeometry 1632x1020
[23:57:05.69] /m Information: 
[23:57:05.69] /o Checking "inverter/tb_full_adder_2bit/schematic"
[23:57:05.69] /o No rule violations found in "inverter/tb_full_adder_2bit/schematic"
[23:57:05.69] /m Information: Checking process is completed: marking the design violations
[23:57:05.69] /m Information: Marking of designs is completed
[23:57:06.81] /# gi::executeAction seCreateInst -in [gi::getWindows 45]
[23:57:06.81] /i ise::createInst
[23:57:06.87] /i gi::setActiveDialog [gi::getDialogs {seCreateInst} -parent [gi::getWindows 45]]
[23:57:07.16] /i db::setAttr geometry -of [gi::getDialogs {seCreateInst}] -value 359x337+0+65
[23:57:08.50] /i gi::setField {instMasterLib} -value {inverter} -in [gi::getDialogs {seCreateInst} -parent [gi::getWindows 45]]
[23:57:08.80] /i db::setAttr geometry -of [gi::getDialogs {seCreateInst}] -value 359x337+0+65
[23:57:15.83] /i gi::setField {instMasterCell} -value {full_adder_2bit} -in [gi::getDialogs {seCreateInst} -parent [gi::getWindows 45]]
[23:57:16.17] /i db::setAttr geometry -of [gi::getDialogs {seCreateInst}] -value 359x337+0+65
[23:57:17.88] /# gi::executeAction deAddPoint -in [gi::getWindows 45]
[23:57:17.88] /i de::addPoint {2.19375 0.08125} -context [db::getNext [de::getContexts -window 45]]
[23:57:18.63] /# gi::executeAction deAbortCommand -in [gi::getWindows 45]
[23:57:18.63] /i de::abortCommand -context [db::getNext [de::getContexts -window 45]]
[23:57:19.26] /# gi::executeAction deCanvasZoomInAtPoint -in [gi::getWindows 45]
[23:57:19.26] /i de::zoom -window [gi::getWindows 45] -factor 2.0 -center {4.08125 1.91875}
[23:57:19.26] /o {1.30625 0.5125} {6.2125 3.5125}
[23:57:23.38] /# gi::executeAction deSelectActive -in [gi::getWindows 45]
[23:57:23.38] /i de::deselectAll [db::getNext [de::getContexts -window 45]]
[23:57:23.38] /i de::select [de::getActiveFigure [gi::getWindows 45] -point {3.6125 2.5625} -index 0 -intent none]
[23:57:23.38] /o oa:0x1ebd8ec0
[23:57:23.52] /# gi::executeAction deDescend -in [gi::getWindows 45]
[23:57:23.52] /i ide::descend 45 -inPlace false -promptView false -readOnly auto
[23:57:23.53] /# Navigating to inverter/full_adder_2bit/schematic (I0)
[23:57:23.60] /o true
[23:57:26.55] /i gi::setActiveWindow 2
[23:57:26.55] /i gi::setActiveWindow 2 -raise true
[23:57:28.85] /i gi::setCurrentIndex {cells} -index {full_adder_2bit} -in [gi::getWindows 2]
[23:57:28.85] /i gi::setItemSelection {cells} -index {full_adder_2bit} -in [gi::getWindows 2]
[23:57:29.65] /i gi::setCurrentIndex {views} -index {symbol} -in [gi::getWindows 2]
[23:57:29.65] /i gi::setItemSelection {views} -index {symbol} -in [gi::getWindows 2]
[23:57:29.77] /i gi::executeAction dmOpen -in [gi::getWindows 2]
[23:57:29.79] /r giWindowId 46
[23:57:29.80] /r giWindowGeometry 1632x1020
[23:57:31.00] /# gi::executeAction deSelectActive -in [gi::getWindows 46]
[23:57:31.00] /i de::deselectAll [db::getNext [de::getContexts -window 46]]
[23:57:31.00] /i de::select [de::getActiveFigure [gi::getWindows 46] -point {1.0375 2.5625} -index 0 -intent none]
[23:57:31.00] /o oa:0x1ee5d350
[23:57:31.38] /# gi::executeAction seButton1DragStart -in [gi::getWindows 46]
[23:57:31.38] /i ise::stretch -point {1.0625 2.5625}
[23:57:31.91] /# gi::executeAction deEndDrag -in [gi::getWindows 46]
[23:57:31.91] /i de::endDrag {1.075 2.5625} -context [db::getNext [de::getContexts -window 46]]
[23:57:32.29] /# gi::executeAction deSelectActive -in [gi::getWindows 46]
[23:57:32.29] /i de::cycleActiveFigure [gi::getWindows 46] -direction next
[23:57:32.29] /o oa:0x28832600
[23:57:32.30] /i de::deselectAll [db::getNext [de::getContexts -window 46]]
[23:57:32.30] /i de::select [de::getActiveFigure [gi::getWindows 46] -point {1.05 2.5625} -index 1 -intent none]
[23:57:32.30] /o oa:0x248937e0
[23:57:32.81] /# gi::executeAction deSelectActive -in [gi::getWindows 46]
[23:57:32.81] /i de::cycleActiveFigure [gi::getWindows 46] -direction next
[23:57:32.81] /o oa:0x2343a950
[23:57:32.81] /i de::deselectAll [db::getNext [de::getContexts -window 46]]
[23:57:32.81] /i de::select [de::getActiveFigure [gi::getWindows 46] -point {1.05 2.5625} -index 2 -intent none]
[23:57:32.81] /o oa:0x1e84b600
[23:57:33.46] /# gi::executeAction deSelectActive -in [gi::getWindows 46]
[23:57:33.46] /i de::deselectAll [db::getNext [de::getContexts -window 46]]
[23:57:33.46] /i de::select [de::getActiveFigure [gi::getWindows 46] -point {1.0375 2.56875} -index 0 -intent none]
[23:57:33.47] /o oa:0x25faa730
[23:57:34.13] /# gi::executeAction seButton1DragStart -in [gi::getWindows 46]
[23:57:34.13] /i ise::stretch -point {1.0625 2.5625}
[23:57:34.60] /# gi::executeAction deEndDrag -in [gi::getWindows 46]
[23:57:34.60] /i de::endDrag {1.0875 2.56875} -context [db::getNext [de::getContexts -window 46]]
[23:57:35.22] /# gi::executeAction deSelectActive -in [gi::getWindows 46]
[23:57:35.22] /i de::deselectAll [db::getNext [de::getContexts -window 46]]
[23:57:35.22] /i de::deselectAllLogic -context [db::getNext [de::getContexts -window 46]]
[23:57:35.75] /# gi::executeAction deSelectActive -in [gi::getWindows 46]
[23:57:35.75] /i de::deselectAll [db::getNext [de::getContexts -window 46]]
[23:57:35.75] /i de::select [de::getActiveFigure [gi::getWindows 46] -point {2.125 2.81875} -index 0 -intent none]
[23:57:35.75] /o oa:0x25b8d5a0
[23:57:36.42] /# gi::executeAction seDelete -in [gi::getWindows 46]
[23:57:36.42] /i ise::delete
[23:57:36.98] /# gi::executeAction deAddPoint -in [gi::getWindows 46]
[23:57:36.98] /i de::addPoint {2.125 2.81875} -context [db::getNext [de::getContexts -window 46]]
[23:57:37.37] /# gi::executeAction deAbortCommand -in [gi::getWindows 46]
[23:57:37.37] /i de::abortCommand -context [db::getNext [de::getContexts -window 46]]
[23:57:38.36] /# gi::executeAction deSelectActive -in [gi::getWindows 46]
[23:57:38.36] /i de::deselectAll [db::getNext [de::getContexts -window 46]]
[23:57:38.36] /i de::select [de::getActiveFigure [gi::getWindows 46] -point {1.04375 2.56875} -index 0 -intent none]
[23:57:38.36] /o oa:0x282c1730
[23:57:38.76] /# gi::executeAction seButton1DragStart -in [gi::getWindows 46]
[23:57:38.76] /i ise::stretch -point {1.0625 2.5625}
[23:57:39.21] /# gi::executeAction deEndDrag -in [gi::getWindows 46]
[23:57:39.21] /i de::endDrag {1.0875 2.55} -context [db::getNext [de::getContexts -window 46]]
[23:57:39.84] /# gi::executeAction seButton1DragStart -in [gi::getWindows 46]
[23:57:39.84] /i ise::stretch -object [de::getActiveFigure [gi::getWindows 46] -point {1.05 2.3875} -index 0 -intent none] -point {1.0625 2.375}
[23:57:40.26] /# gi::executeAction deEndDrag -in [gi::getWindows 46]
[23:57:40.26] /i de::endDrag {1.10625 2.38125} -context [db::getNext [de::getContexts -window 46]]
[23:57:40.56] /# gi::executeAction deSelectActive -in [gi::getWindows 46]
[23:57:40.56] /i de::deselectAll [db::getNext [de::getContexts -window 46]]
[23:57:40.56] /i de::select [de::getActiveFigure [gi::getWindows 46] -point {1.175 2.41875} -index 0 -intent none]
[23:57:40.56] /o oa:0x24f53f00
[23:57:41.26] /# gi::executeAction deSelectActive -in [gi::getWindows 46]
[23:57:41.26] /i de::deselectAll [db::getNext [de::getContexts -window 46]]
[23:57:41.26] /i de::select [de::getActiveFigure [gi::getWindows 46] -point {1.04375 2.55625} -index 0 -intent none]
[23:57:41.26] /o oa:0x1f437860
[23:57:41.61] /# gi::executeAction seButton1DragStart -in [gi::getWindows 46]
[23:57:41.61] /i ise::stretch -point {1.0625 2.5625}
[23:57:42.01] /# gi::executeAction deEndDrag -in [gi::getWindows 46]
[23:57:42.01] /i de::endDrag {1.10625 2.55625} -context [db::getNext [de::getContexts -window 46]]
[23:57:42.30] /# gi::executeAction deSelectActive -in [gi::getWindows 46]
[23:57:42.30] /i de::deselectAll [db::getNext [de::getContexts -window 46]]
[23:57:42.30] /i de::select [de::getActiveFigure [gi::getWindows 46] -point {1.21875 2.525} -index 0 -intent none]
[23:57:42.30] /o oa:0x27c7dd10
[23:57:42.89] /# gi::executeAction deSelectActive -in [gi::getWindows 46]
[23:57:42.89] /i de::cycleActiveFigure [gi::getWindows 46] -direction next
[23:57:42.89] /o oa:0x1e819010
[23:57:42.89] /i de::deselectAll [db::getNext [de::getContexts -window 46]]
[23:57:42.89] /i de::select [de::getActiveFigure [gi::getWindows 46] -point {1.03125 2.19375} -index 1 -intent none]
[23:57:42.89] /o oa:0x232ddf70
[23:57:43.49] /# gi::executeAction seButton1DragStart -in [gi::getWindows 46]
[23:57:43.49] /i ise::stretch -point {1.0625 2.1875}
[23:57:43.96] /# gi::executeAction deEndDrag -in [gi::getWindows 46]
[23:57:43.96] /i de::endDrag {1.09375 2.19375} -context [db::getNext [de::getContexts -window 46]]
[23:57:44.60] /# gi::executeAction deSelectActive -in [gi::getWindows 46]
[23:57:44.60] /i de::deselectAll [db::getNext [de::getContexts -window 46]]
[23:57:44.60] /i de::select [de::getActiveFigure [gi::getWindows 46] -point {1.20625 2.03125} -index 0 -intent none]
[23:57:44.60] /o oa:0x2792be60
[23:57:44.97] /# gi::executeAction deSelectActive -in [gi::getWindows 46]
[23:57:44.97] /i de::deselectAll [db::getNext [de::getContexts -window 46]]
[23:57:44.97] /i de::select [de::getActiveFigure [gi::getWindows 46] -point {1.05 1.93125} -index 0 -intent none]
[23:57:44.97] /o oa:0x1ced82b0
[23:57:45.36] /# gi::executeAction seButton1DragStart -in [gi::getWindows 46]
[23:57:45.37] /i ise::stretch -point {1.0625 1.9375}
[23:57:45.83] /# gi::executeAction deEndDrag -in [gi::getWindows 46]
[23:57:45.83] /i de::endDrag {1.1 1.93125} -context [db::getNext [de::getContexts -window 46]]
[23:57:46.10] /# gi::executeAction deSelectActive -in [gi::getWindows 46]
[23:57:46.10] /i de::deselectAll [db::getNext [de::getContexts -window 46]]
[23:57:46.10] /i de::select [de::getActiveFigure [gi::getWindows 46] -point {1.125 1.825} -index 0 -intent none]
[23:57:46.10] /o oa:0x282d5e20
[23:57:46.54] /# gi::executeAction deSelectActive -in [gi::getWindows 46]
[23:57:46.54] /i de::deselectAll [db::getNext [de::getContexts -window 46]]
[23:57:46.54] /i de::select [de::getActiveFigure [gi::getWindows 46] -point {1.05625 1.7} -index 0 -intent none]
[23:57:46.54] /o oa:0x1e416ac0
[23:57:46.95] /# gi::executeAction seButton1DragStart -in [gi::getWindows 46]
[23:57:46.95] /i ise::stretch -point {1.0625 1.6875}
[23:57:47.42] /# gi::executeAction deEndDrag -in [gi::getWindows 46]
[23:57:47.42] /i de::endDrag {1.10625 1.70625} -context [db::getNext [de::getContexts -window 46]]
[23:57:48.39] /# gi::executeAction deSelectActive -in [gi::getWindows 46]
[23:57:48.39] /i de::deselectAll [db::getNext [de::getContexts -window 46]]
[23:57:48.39] /i de::deselectAllLogic -context [db::getNext [de::getContexts -window 46]]
[23:57:49.34] /# gi::executeAction deSelectActive -in [gi::getWindows 46]
[23:57:49.34] /i de::deselectAll [db::getNext [de::getContexts -window 46]]
[23:57:49.34] /i de::select [de::getActiveFigure [gi::getWindows 46] -point {1.89375 2.425} -index 0 -intent none]
[23:57:49.34] /o oa:0x25cbba10
[23:57:49.75] /# gi::executeAction seButton1DragStart -in [gi::getWindows 46]
[23:57:49.75] /i ise::stretch -point {1.875 2.4375}
[23:57:50.33] /# gi::executeAction deEndDrag -in [gi::getWindows 46]
[23:57:50.33] /i de::endDrag {1.85 2.425} -context [db::getNext [de::getContexts -window 46]]
[23:57:50.72] /# gi::executeAction deSelectActive -in [gi::getWindows 46]
[23:57:50.72] /i de::cycleActiveFigure [gi::getWindows 46] -direction next
[23:57:50.72] /o oa:0x28aea750
[23:57:50.72] /i de::deselectAll [db::getNext [de::getContexts -window 46]]
[23:57:50.72] /i de::select [de::getActiveFigure [gi::getWindows 46] -point {1.8875 2.43125} -index 1 -intent none]
[23:57:50.72] /o oa:0x1ec8df50
[23:57:51.21] /# gi::executeAction seButton1DragStart -in [gi::getWindows 46]
[23:57:51.21] /i ise::stretch -point {1.875 2.4375}
[23:57:51.41] /# gi::executeAction deEndDrag -in [gi::getWindows 46]
[23:57:51.41] /i de::endDrag {1.8625 2.43125} -context [db::getNext [de::getContexts -window 46]]
[23:57:52.19] /# gi::executeAction deSelectActive -in [gi::getWindows 46]
[23:57:52.19] /i de::deselectAll [db::getNext [de::getContexts -window 46]]
[23:57:52.19] /i de::select [de::getActiveFigure [gi::getWindows 46] -point {1.91875 2.45625} -index 0 -intent none]
[23:57:52.19] /o oa:0x1ebf2320
[23:57:52.73] /# gi::executeAction seButton1DragStart -in [gi::getWindows 46]
[23:57:52.73] /i ise::stretch -point {1.9375 2.4375}
[23:57:53.42] /# gi::executeAction deEndDrag -in [gi::getWindows 46]
[23:57:53.42] /i de::endDrag {1.86875 2.45625} -context [db::getNext [de::getContexts -window 46]]
[23:57:54.29] /# gi::executeAction deSelectActive -in [gi::getWindows 46]
[23:57:54.29] /i de::deselectAll [db::getNext [de::getContexts -window 46]]
[23:57:54.29] /i de::deselectAllLogic -context [db::getNext [de::getContexts -window 46]]
[23:57:55.56] /i gi::executeAction deSaveDesign -in [gi::getWindows 46]
[23:57:55.56] /m Information: Saving design 'inverter full_adder_2bit symbol'. (DESIGN_WINDOW-004)
[23:57:55.69] /i gi::executeAction deSaveDesign -in [gi::getWindows 46]
[23:57:55.69] /m Information: Saving design 'inverter full_adder_2bit symbol'. (DESIGN_WINDOW-004)
[23:57:55.83] /i gi::executeAction deSaveDesign -in [gi::getWindows 46]
[23:57:55.83] /m Information: Saving design 'inverter full_adder_2bit symbol'. (DESIGN_WINDOW-004)
[23:57:55.98] /i gi::executeAction deSaveDesign -in [gi::getWindows 46]
[23:57:55.98] /m Information: Saving design 'inverter full_adder_2bit symbol'. (DESIGN_WINDOW-004)
[23:57:56.13] /i gi::executeAction deSaveDesign -in [gi::getWindows 46]
[23:57:56.13] /m Information: Saving design 'inverter full_adder_2bit symbol'. (DESIGN_WINDOW-004)
[23:57:56.74] /# gi::executeAction seCreateSelection -in [gi::getWindows 46]
[23:57:56.74] /i ise::createSelectionShape
[23:57:57.69] /i gi::pressButton {autoCreate} -in [gi::getToolbars {deCommandOptions} -from [gi::getWindows 46]]
[23:57:58.78] /i gi::setActiveWindow 45
[23:57:58.78] /i gi::setActiveWindow 45 -raise true
[23:57:59.87] /i gi::setActiveWindow 2
[23:57:59.87] /i gi::setActiveWindow 2 -raise true
[23:58:00.93] /i gi::setItemSelection {cells} -index {} -in [gi::getWindows 2]
[23:58:01.38] /i gi::setCurrentIndex {cells} -index {tb_full_adder_2bit} -in [gi::getWindows 2]
[23:58:01.38] /i gi::setItemSelection {cells} -index {tb_full_adder_2bit} -in [gi::getWindows 2]
[23:58:01.53] /i gi::setItemSelection {views} -index {schematic} -in [gi::getWindows 2]
[23:58:01.53] /i gi::executeAction dmOpen -in [gi::getWindows 2]
[23:58:01.54] /r giWindowId 47
[23:58:01.54] /r giWindowGeometry 1632x1020
[23:58:01.71] /m Information: 
[23:58:01.71] /o Checking "inverter/tb_full_adder_2bit/schematic"
[23:58:01.71] /o No rule violations found in "inverter/tb_full_adder_2bit/schematic"
[23:58:01.71] /m Information: Checking process is completed: marking the design violations
[23:58:01.71] /m Information: Marking of designs is completed
[23:58:02.34] /# gi::executeAction deFitEdit -in [gi::getWindows 47]
[23:58:02.34] /i de::fit -window 47 -fitEdit true
[23:58:02.34] /o {2.3 1.4125} {5.1375 3.15}
[23:58:02.92] /# gi::executeAction deSelectActive -in [gi::getWindows 47]
[23:58:02.92] /i de::deselectAll [db::getNext [de::getContexts -window 47]]
[23:58:02.92] /i de::deselectAllLogic -context [db::getNext [de::getContexts -window 47]]
[23:58:03.24] /# gi::executeAction deCanvasZoomOutAtPoint -in [gi::getWindows 47]
[23:58:03.24] /i de::zoom -window [gi::getWindows 47] -factor 0.5 -center {2.68125 2.475}
[23:58:03.24] /o {1.9125 0.35} {7.6 3.825}
[23:58:04.39] /i gi::setActiveWindow 46
[23:58:04.39] /i gi::setActiveWindow 46 -raise true
[23:58:05.95] /i gi::pressButton {autoCreate} -in [gi::getToolbars {deCommandOptions} -from [gi::getWindows 46]]
[23:58:06.09] /i gi::pressButton {autoCreate} -in [gi::getToolbars {deCommandOptions} -from [gi::getWindows 46]]
[23:58:06.58] /i gi::setActiveWindow 47
[23:58:06.59] /i gi::setActiveWindow 47 -raise true
[23:58:07.17] /# gi::executeAction deSelectActive -in [gi::getWindows 47]
[23:58:07.17] /i de::deselectAll [db::getNext [de::getContexts -window 47]]
[23:58:07.17] /i de::select [de::getActiveFigure [gi::getWindows 47] -point {3.925 2.75} -index 0 -intent none]
[23:58:07.17] /o oa:0x24cfb060
[23:58:07.81] /# gi::executeAction seDelete -in [gi::getWindows 47]
[23:58:07.81] /i ise::delete
[23:58:07.81] /# Navigating to inverter/tb_full_adder_2bit/schematic
[23:58:08.39] /i gi::setActiveWindow 47
[23:58:08.39] /i gi::setActiveWindow 47 -raise true
[23:58:08.47] /# gi::executeAction deSelectActive -in [gi::getWindows 47]
[23:58:08.47] /i de::deselectAllLogic -context [db::getNext [de::getContexts -window 47]]
[23:58:08.51] /i gi::executeAction deCanvasDragCancel -in [gi::getWindows 47]
[23:58:09.27] /# gi::executeAction seCreateInst -in [gi::getWindows 47]
[23:58:09.27] /i ise::createInst
[23:58:09.30] /o seSchematic
[23:58:09.34] /i gi::setActiveDialog [gi::getDialogs {seCreateInst} -parent [gi::getWindows 47]]
[23:58:09.60] /i db::setAttr geometry -of [gi::getDialogs {seCreateInst}] -value 359x337+0+65
[23:58:12.68] /# gi::executeAction deAddPoint -in [gi::getWindows 47]
[23:58:12.68] /i de::addPoint {3.73125 0.7125} -context [db::getNext [de::getContexts -window 47]]
[23:58:13.00] /# gi::executeAction deAbortCommand -in [gi::getWindows 47]
[23:58:13.00] /i de::abortCommand -context [db::getNext [de::getContexts -window 47]]
[23:58:13.60] /# gi::executeAction deCanvasZoomOutAtPoint -in [gi::getWindows 47]
[23:58:13.60] /i de::zoom -window [gi::getWindows 47] -factor 0.5 -center {4.7875 2.25625}
[23:58:13.60] /o {-0.95625 -1.55625} {10.40625 5.39375}
[23:58:14.15] /# gi::executeAction deCanvasZoomInAtPoint -in [gi::getWindows 47]
[23:58:14.15] /i de::zoom -window [gi::getWindows 47] -factor 2.0 -center {5.1625 3.9}
[23:58:14.15] /o {2.1 1.175} {7.7875 4.64375}
[23:58:16.73] /i gi::executeAction giCloseWindow -in [gi::getWindows 45]
[23:58:17.68] /i gi::executeAction giCloseWindow -in [gi::getWindows 46]
[23:58:17.73] /r giDialog gi::setActiveDialog [gi::getDialogs {deCloseDesign} -parent [gi::getWindows 46]]
[23:58:18.00] /r giDialog db::setAttr geometry -of [gi::getDialogs {deCloseDesign} -parent [gi::getWindows 46]] -value 475x82+723+573
[23:58:19.84] /r giDialog gi::pressButton {save} -in [gi::getDialogs {deCloseDesign} -parent [gi::getWindows 46]]
[23:58:19.84] /m Information: Saving design 'inverter full_adder_2bit symbol'. (DESIGN_WINDOW-004)
[23:58:20.65] /# gi::executeAction deSelectActive -in [gi::getWindows 47]
[23:58:20.65] /i de::deselectAll [db::getNext [de::getContexts -window 47]]
[23:58:20.65] /i de::select [de::getActiveFigure [gi::getWindows 47] -point {5.425 3.13125} -index 0 -intent none]
[23:58:20.65] /o oa:0x1f29f8b0
[23:58:21.83] /# gi::executeAction deSelectActive -in [gi::getWindows 47]
[23:58:21.83] /i de::deselectAll [db::getNext [de::getContexts -window 47]]
[23:58:21.83] /i de::deselectAllLogic -context [db::getNext [de::getContexts -window 47]]
[23:58:22.45] /# gi::executeAction seCreateInst -in [gi::getWindows 47]
[23:58:22.45] /i ise::createInst
[23:58:22.48] /o seSchematic
[23:58:22.52] /i gi::setActiveDialog [gi::getDialogs {seCreateInst} -parent [gi::getWindows 47]]
[23:58:22.79] /i db::setAttr geometry -of [gi::getDialogs {seCreateInst}] -value 359x337+0+65
[23:58:24.62] /i gi::setField {instMasterLib} -value {analogLib} -in [gi::getDialogs {seCreateInst} -parent [gi::getWindows 47]]
[23:58:24.97] /i db::setAttr geometry -of [gi::getDialogs {seCreateInst}] -value 359x337+0+65
[23:58:31.67] /i gi::setField {instMasterCell} -value {vdd} -in [gi::getDialogs {seCreateInst} -parent [gi::getWindows 47]]
[23:58:31.98] /i db::setAttr geometry -of [gi::getDialogs {seCreateInst}] -value 359x337+0+65
[23:58:32.59] /# gi::executeAction deAddPoint -in [gi::getWindows 47]
[23:58:32.59] /i de::addPoint {3.43125 4.00625} -context [db::getNext [de::getContexts -window 47]]
[23:58:38.25] /i gi::setField {instMasterCell} -value {gnd} -in [gi::getDialogs {seCreateInst} -parent [gi::getWindows 47]]
[23:58:38.58] /i db::setAttr geometry -of [gi::getDialogs {seCreateInst}] -value 359x337+0+65
[23:58:39.77] /# gi::executeAction deAddPoint -in [gi::getWindows 47]
[23:58:39.77] /i de::addPoint {3.41875 1.58125} -context [db::getNext [de::getContexts -window 47]]
[23:58:46.83] /i gi::setField {instMasterCell} -value {vpulse} -in [gi::getDialogs {seCreateInst} -parent [gi::getWindows 47]]
[23:58:47.12] /i db::setAttr geometry -of [gi::getDialogs {seCreateInst}] -value 359x581+0+65
[23:58:48.68] /# gi::executeAction deAddPoint -in [gi::getWindows 47]
[23:58:48.68] /i de::addPoint {3.85625 3.2375} -context [db::getNext [de::getContexts -window 47]]
[23:58:49.57] /# gi::executeAction deAddPoint -in [gi::getWindows 47]
[23:58:49.57] /i de::addPoint {3.875 2.5125} -context [db::getNext [de::getContexts -window 47]]
[23:58:50.54] /# gi::executeAction deAddPoint -in [gi::getWindows 47]
[23:58:50.54] /i de::addPoint {3.88125 1.8375} -context [db::getNext [de::getContexts -window 47]]
[23:58:55.79] /# gi::executeAction deAbortCommand -in [gi::getWindows 47]
[23:58:55.79] /i de::abortCommand -context [db::getNext [de::getContexts -window 47]]
[23:58:56.36] /i gi::executeAction deCanvasDragSelect -in [gi::getWindows 47]
[23:58:56.37] /r deCanvasDragStart 3.71875 3.53125
[23:58:56.97] /# gi::executeAction deCanvasDragEnd -in [gi::getWindows 47]
[23:58:56.97] /i gi::executeAction deCanvasDragEnd -in [gi::getWindows 47]
[23:58:56.98] /r deCanvasDragEnd 4.14375 1.2875
[23:58:57.74] /# gi::executeAction seDelete -in [gi::getWindows 47]
[23:58:57.74] /i ise::delete
[23:58:58.98] /# gi::executeAction seCreateInst -in [gi::getWindows 47]
[23:58:58.98] /i ise::createInst
[23:58:59.04] /o 1
[23:58:59.08] /i gi::setActiveDialog [gi::getDialogs {seCreateInst} -parent [gi::getWindows 47]]
[23:58:59.37] /i db::setAttr geometry -of [gi::getDialogs {seCreateInst}] -value 359x581+0+65
[23:59:02.04] /i gi::setItemSelection {parameters} -index {tr,all} -in [gi::getDialogs {seCreateInst} -parent [gi::getWindows 47]]
[23:59:02.04] /i gi::setCurrentIndex {parameters} -index {tr,Value} -in [gi::getDialogs {seCreateInst} -parent [gi::getWindows 47]]
[23:59:04.00] /i gi::setField {parameters} -value {20p} -index {tr,Value} -in [gi::getDialogs {seCreateInst} -parent [gi::getWindows 47]]
[23:59:04.00] /i gi::setItemSelection {parameters} -index {tf,all} -in [gi::getDialogs {seCreateInst} -parent [gi::getWindows 47]]
[23:59:04.00] /i gi::setCurrentIndex {parameters} -index {tf,Value} -in [gi::getDialogs {seCreateInst} -parent [gi::getWindows 47]]
[23:59:06.22] /i gi::setField {parameters} -value {20p} -index {tf,Value} -in [gi::getDialogs {seCreateInst} -parent [gi::getWindows 47]]
[23:59:06.22] /i gi::setItemSelection {parameters} -index {pw,all} -in [gi::getDialogs {seCreateInst} -parent [gi::getWindows 47]]
[23:59:06.22] /i gi::setCurrentIndex {parameters} -index {pw,Value} -in [gi::getDialogs {seCreateInst} -parent [gi::getWindows 47]]
[23:59:10.82] /i gi::setField {parameters} -value {1n} -index {pw,Value} -in [gi::getDialogs {seCreateInst} -parent [gi::getWindows 47]]
[23:59:10.82] /i gi::setItemSelection {parameters} -index {per,all} -in [gi::getDialogs {seCreateInst} -parent [gi::getWindows 47]]
[23:59:10.82] /i gi::setCurrentIndex {parameters} -index {per,Value} -in [gi::getDialogs {seCreateInst} -parent [gi::getWindows 47]]
[23:59:12.15] /i gi::setField {parameters} -value {2n} -index {per,Value} -in [gi::getDialogs {seCreateInst} -parent [gi::getWindows 47]]
[23:59:13.59] /# gi::executeAction deAddPoint -in [gi::getWindows 47]
[23:59:13.59] /i de::addPoint {3.91875 3.3875} -context [db::getNext [de::getContexts -window 47]]
[23:59:14.59] /# gi::executeAction deAddPoint -in [gi::getWindows 47]
[23:59:14.59] /i de::addPoint {3.91875 2.65} -context [db::getNext [de::getContexts -window 47]]
[23:59:15.74] /# gi::executeAction deAddPoint -in [gi::getWindows 47]
[23:59:15.74] /i de::addPoint {3.93125 3.95625} -context [db::getNext [de::getContexts -window 47]]
[23:59:16.79] /# gi::executeAction deAddPoint -in [gi::getWindows 47]
[23:59:16.79] /i de::addPoint {3.93125 1.99375} -context [db::getNext [de::getContexts -window 47]]
[23:59:16.96] /# gi::executeAction deAbortCommand -in [gi::getWindows 47]
[23:59:16.96] /i de::abortCommand -context [db::getNext [de::getContexts -window 47]]
[23:59:23.20] /i gi::executeAction deCanvasDragCancel -in [gi::getWindows 47]
[23:59:24.19] /i gi::executeAction deCanvasDragSelect -in [gi::getWindows 47]
[23:59:24.19] /r deCanvasDragStart 4.55625 3.925
[23:59:24.47] /# gi::executeAction deCanvasDragEnd -in [gi::getWindows 47]
[23:59:24.47] /i gi::executeAction deCanvasDragEnd -in [gi::getWindows 47]
[23:59:24.47] /r deCanvasDragEnd 6.3625 1.50625
[23:59:24.95] /# gi::executeAction seButton1DragStart -in [gi::getWindows 47]
[23:59:24.95] /i ise::stretch -point {5.375 3.1875}
[23:59:25.46] /# gi::executeAction deEndDrag -in [gi::getWindows 47]
[23:59:25.46] /i de::endDrag {6.25 3.43125} -context [db::getNext [de::getContexts -window 47]]
[23:59:26.20] /# gi::executeAction seButton1DragStart -in [gi::getWindows 47]
[23:59:26.20] /i ise::stretch -point {6.1875 3.375}
[23:59:27.04] /# gi::executeAction deEndDrag -in [gi::getWindows 47]
[23:59:27.04] /i de::endDrag {6.4125 3.8875} -context [db::getNext [de::getContexts -window 47]]
[23:59:27.38] /# gi::executeAction deSelectActive -in [gi::getWindows 47]
[23:59:27.38] /i de::deselectAll [db::getNext [de::getContexts -window 47]]
[23:59:27.38] /i de::deselectAllLogic -context [db::getNext [de::getContexts -window 47]]
[23:59:29.56] /# gi::executeAction seSchCreateWire -in [gi::getWindows 47]
[23:59:29.56] /i ise::createWire
[23:59:32.66] /# gi::executeAction seCreateInst -in [gi::getWindows 47]
[23:59:32.66] /i ise::createInst
[23:59:32.72] /o 1
[23:59:32.75] /i gi::setActiveDialog [gi::getDialogs {seCreateInst} -parent [gi::getWindows 47]]
[23:59:33.06] /i db::setAttr geometry -of [gi::getDialogs {seCreateInst}] -value 359x581+0+65
[23:59:35.57] /i gi::setField {instMasterCell} -value {vdc} -in [gi::getDialogs {seCreateInst} -parent [gi::getWindows 47]]
[23:59:35.88] /i db::setAttr geometry -of [gi::getDialogs {seCreateInst}] -value 359x581+0+65
[23:59:36.93] /# gi::executeAction deAddPoint -in [gi::getWindows 47]
[23:59:36.93] /i de::addPoint {3.43125 3.14375} -context [db::getNext [de::getContexts -window 47]]
[23:59:37.59] /# gi::executeAction deAbortCommand -in [gi::getWindows 47]
[23:59:37.59] /i de::abortCommand -context [db::getNext [de::getContexts -window 47]]
[23:59:37.98] /# gi::executeAction deSelectActive -in [gi::getWindows 47]
[23:59:37.98] /i de::deselectAll [db::getNext [de::getContexts -window 47]]
[23:59:37.98] /i de::select [de::getActiveFigure [gi::getWindows 47] -point {3.45 2.94375} -index 0 -intent none]
[23:59:37.98] /o oa:0x23b4d880
[23:59:38.99] /i gi::setItemSelection {parameters} -index {vdc,all} -in [gi::getAssistants dePropertyEditor -from [gi::getWindows 47]]
[23:59:38.99] /i gi::setCurrentIndex {parameters} -index {vdc,Value} -in [gi::getAssistants dePropertyEditor -from [gi::getWindows 47]]
[23:59:40.70] /i gi::setField {parameters} -value {1.2} -index {vdc,Value} -in [gi::getAssistants dePropertyEditor -from [gi::getWindows 47]]
[23:59:40.70] /i gi::executeAction dePropertyEditorApplyChanges -in [gi::getAssistants dePropertyEditor -from [gi::getWindows 47]]
[23:59:42.44] /# gi::executeAction seSchCreateWireName -in [gi::getWindows 47]
[23:59:42.45] /i ise::createWireName
[23:59:42.89] /# gi::executeAction seSchCreateWire -in [gi::getWindows 47]
[23:59:42.89] /i ise::createWire
[23:59:44.07] /# gi::executeAction deAddPoint -in [gi::getWindows 47]
[23:59:44.07] /i de::addPoint {3.44375 4.03125} -context [db::getNext [de::getContexts -window 47]]
[23:59:44.09] /i de::setCursor -point {3.4375 4 }
[23:59:44.92] /# gi::executeAction deAddPoint -in [gi::getWindows 47]
[23:59:44.92] /i de::addPoint {3.43125 3.14375} -context [db::getNext [de::getContexts -window 47]]
[23:59:45.93] /# gi::executeAction deAbortCommand -in [gi::getWindows 47]
[23:59:45.93] /i de::abortCommand -context [db::getNext [de::getContexts -window 47]]
[23:59:46.95] /# gi::executeAction deSelectActive -in [gi::getWindows 47]
[23:59:46.95] /i de::deselectAll [db::getNext [de::getContexts -window 47]]
[23:59:46.95] /i de::select [de::getActiveFigure [gi::getWindows 47] -point {3.38125 3.88125} -index 0 -intent none]
[23:59:46.96] /o oa:0x24aa2a60
[23:59:47.26] /# gi::executeAction seDelete -in [gi::getWindows 47]
[23:59:47.26] /i ise::delete
[23:59:47.51] /# gi::executeAction deSelectActive -in [gi::getWindows 47]
[23:59:47.51] /i de::deselectAllLogic -context [db::getNext [de::getContexts -window 47]]
[23:59:49.13] /# gi::executeAction deSelectActive -in [gi::getWindows 47]
[23:59:49.13] /i de::deselectAll [db::getNext [de::getContexts -window 47]]
[23:59:49.13] /i de::select [de::getActiveFigure [gi::getWindows 47] -point {3.375 4.05} -index 0 -intent none]
[23:59:49.13] /o oa:0x26d54840
[23:59:49.84] /# gi::executeAction deSelectActive -in [gi::getWindows 47]
[23:59:49.84] /i de::deselectAll [db::getNext [de::getContexts -window 47]]
[23:59:49.84] /i de::select [de::getActiveFigure [gi::getWindows 47] -point {3.40625 4.05} -index 0 -intent none]
[23:59:49.84] /o oa:0x24cf7b70
[23:59:50.67] /# gi::executeAction deSelectActive -in [gi::getWindows 47]
[23:59:50.67] /i de::deselectAll [db::getNext [de::getContexts -window 47]]
[23:59:50.67] /i de::select [de::getActiveFigure [gi::getWindows 47] -point {3.3875 4.05625} -index 0 -intent none]
[23:59:50.67] /o oa:0x1eb23920
[23:59:50.94] /i gi::executeAction deCanvasDragCancel -in [gi::getWindows 47]
[23:59:51.61] /# gi::executeAction seSchCreateWire -in [gi::getWindows 47]
[23:59:51.61] /i ise::createWire
[23:59:52.44] /# gi::executeAction deAddPoint -in [gi::getWindows 47]
[23:59:52.44] /i de::addPoint {3.45 3.975} -context [db::getNext [de::getContexts -window 47]]
[23:59:52.48] /i de::setCursor -point {3.4375 3.9375 }
[23:59:53.18] /# gi::executeAction deAddPoint -in [gi::getWindows 47]
[23:59:53.18] /i de::addPoint {3.425 3.14375} -context [db::getNext [de::getContexts -window 47]]
[23:59:54.26] /# gi::executeAction deAddPoint -in [gi::getWindows 47]
[23:59:54.26] /i de::addPoint {3.45 1.56875} -context [db::getNext [de::getContexts -window 47]]
[23:59:55.39] /# gi::executeAction deAddPoint -in [gi::getWindows 47]
[23:59:55.39] /i de::addPoint {3.44375 2.75} -context [db::getNext [de::getContexts -window 47]]
[23:59:55.63] /# gi::executeAction deAbortCommand -in [gi::getWindows 47]
[23:59:55.63] /i de::abortCommand -context [db::getNext [de::getContexts -window 47]]
[23:59:56.36] /# gi::executeAction deCanvasZoomInAtPoint -in [gi::getWindows 47]
[23:59:56.36] /i de::zoom -window [gi::getWindows 47] -factor 2.0 -center {2.83125 3.0875}
[23:59:56.36] /o {2.46875 2.13125} {5.30625 3.86875}
[23:59:57.06] /# gi::executeAction seDelete -in [gi::getWindows 47]
[23:59:57.06] /i ise::delete
[23:59:58.07] /# gi::executeAction deAddPoint -in [gi::getWindows 47]
[23:59:58.07] /i de::addPoint {3.375 3.1875} -context [db::getNext [de::getContexts -window 47]]
[23:59:58.49] /# gi::executeAction deAbortCommand -in [gi::getWindows 47]
[23:59:58.49] /i de::abortCommand -context [db::getNext [de::getContexts -window 47]]
[23:59:58.79] /# gi::executeAction deCanvasZoomOutAtPoint -in [gi::getWindows 47]
[23:59:58.79] /i de::zoom -window [gi::getWindows 47] -factor 0.5 -center {3.54375 3.025}
[23:59:58.79] /o {1.3875 1.2375} {7.075 4.70625}
[23:59:58.84] /# gi::executeAction deCanvasZoomOutAtPoint -in [gi::getWindows 47]
[23:59:58.84] /i de::zoom -window [gi::getWindows 47] -factor 0.5 -center {3.6375 2.94375}
[23:59:58.84] /o {-0.85625 -0.475} {10.50625 6.475}
[23:59:59.41] /# gi::executeAction deCanvasZoomInAtPoint -in [gi::getWindows 47]
[23:59:59.41] /i de::zoom -window [gi::getWindows 47] -factor 2.0 -center {2.8625 3.26875}
[23:59:59.41] /o {1.0 1.4} {6.6875 4.86875}
[00:00:00.46] /# gi::executeAction seSchCreateWire -in [gi::getWindows 47]
[00:00:00.46] /i ise::createWire
[00:00:00.70] /# gi::executeAction deCanvasZoomOutAtPoint -in [gi::getWindows 47]
[00:00:00.70] /i de::zoom -window [gi::getWindows 47] -factor 0.5 -center {3.49375 2.53125}
[00:00:00.70] /o {-1.4875 0.2625} {9.875 7.2125}
[00:00:01.21] /# gi::executeAction deCanvasZoomInAtPoint -in [gi::getWindows 47]
[00:00:01.21] /i de::zoom -window [gi::getWindows 47] -factor 2.0 -center {4.875 1.68125}
[00:00:01.21] /o {1.69375 0.975} {7.375 4.44375}
[00:00:05.07] /# gi::executeAction deAbortCommand -in [gi::getWindows 47]
[00:00:05.07] /i de::abortCommand -context [db::getNext [de::getContexts -window 47]]
[00:00:05.56] /i gi::executeAction deCanvasDragSelect -in [gi::getWindows 47]
[00:00:05.56] /r deCanvasDragStart 3.83125 4.09375
[00:00:06.06] /# gi::executeAction deCanvasDragEnd -in [gi::getWindows 47]
[00:00:06.06] /i gi::executeAction deCanvasDragEnd -in [gi::getWindows 47]
[00:00:06.06] /r deCanvasDragEnd 5.10625 1.36875
[00:00:06.91] /i gi::executeAction deCanvasDragSelect -in [gi::getWindows 47]
[00:00:06.91] /r deCanvasDragStart 3.725 4.20625
[00:00:07.65] /# gi::executeAction deCanvasDragEnd -in [gi::getWindows 47]
[00:00:07.65] /i gi::executeAction deCanvasDragEnd -in [gi::getWindows 47]
[00:00:07.65] /r deCanvasDragEnd 4.69375 1.5
[00:00:11.12] /# gi::executeAction seButton1DragStart -in [gi::getWindows 47]
[00:00:11.12] /i ise::stretch -point {4 3.8125}
[00:00:12.40] /# gi::executeAction deEndDrag -in [gi::getWindows 47]
[00:00:12.40] /i de::endDrag {4.69375 3.9} -context [db::getNext [de::getContexts -window 47]]
[00:00:12.53] /i gi::executeAction deCanvasDragCancel -in [gi::getWindows 47]
[00:00:13.15] /# gi::executeAction deCanvasZoomOutAtPoint -in [gi::getWindows 47]
[00:00:13.15] /i de::zoom -window [gi::getWindows 47] -factor 0.5 -center {4.83125 3.4375}
[00:00:13.15] /o {-1.44375 -1.49375} {9.91875 5.45625}
[00:00:13.58] /# gi::executeAction deSelectActive -in [gi::getWindows 47]
[00:00:13.58] /i de::deselectAll [db::getNext [de::getContexts -window 47]]
[00:00:13.58] /i de::deselectAllLogic -context [db::getNext [de::getContexts -window 47]]
[00:00:14.53] /# gi::executeAction seSchCreateWire -in [gi::getWindows 47]
[00:00:14.53] /i ise::createWire
[00:00:14.91] /# gi::executeAction deCanvasZoomInAtPoint -in [gi::getWindows 47]
[00:00:14.91] /i de::zoom -window [gi::getWindows 47] -factor 2.0 -center {6.65625 1.125}
[00:00:14.91] /o {2.60625 -0.18125} {8.2875 3.2875}
[00:00:15.02] /# gi::executeAction deCanvasZoomInAtPoint -in [gi::getWindows 47]
[00:00:15.03] /i de::zoom -window [gi::getWindows 47] -factor 2.0 -center {6.24375 1.16875}
[00:00:15.03] /o {4.425 0.49375} {7.26875 2.23125}
[00:00:15.57] /# gi::executeAction deCanvasZoomOutAtPoint -in [gi::getWindows 47]
[00:00:15.57] /i de::zoom -window [gi::getWindows 47] -factor 0.5 -center {5.09375 1.4125}
[00:00:15.57] /o {3.75625 -0.425} {9.4375 3.04375}
[00:00:16.14] /# gi::executeAction deCanvasZoomOutAtPoint -in [gi::getWindows 47]
[00:00:16.14] /i de::zoom -window [gi::getWindows 47] -factor 0.5 -center {4.15 1.93125}
[00:00:16.14] /o {3.3625 -2.7875} {14.725 4.1625}
[00:00:16.21] /# gi::executeAction deCanvasZoomOutAtPoint -in [gi::getWindows 47]
[00:00:16.21] /i de::zoom -window [gi::getWindows 47] -factor 0.5 -center {4.0625 1.975}
[00:00:16.21] /o {2.6625 -7.54375} {25.3875 6.34375}
[00:00:16.50] /# gi::executeAction deFitEdit -in [gi::getWindows 47]
[00:00:16.50] /i de::fit -window 47 -fitEdit true
[00:00:16.50] /o {2.39375 1.1375} {8.075 4.6125}
[00:00:17.97] /# gi::executeAction deAddPoint -in [gi::getWindows 47]
[00:00:17.98] /i de::addPoint {3.4375 1.56875} -context [db::getNext [de::getContexts -window 47]]
[00:00:17.98] /i de::setCursor -point {3.5 1.5625 }
[00:00:19.13] /# gi::executeAction deAddPoint -in [gi::getWindows 47]
[00:00:19.13] /i de::addPoint {4.59375 1.675} -context [db::getNext [de::getContexts -window 47]]
[00:00:20.38] /# gi::executeAction deAddPoint -in [gi::getWindows 47]
[00:00:20.38] /i de::addPoint {3.95625 1.6375} -context [db::getNext [de::getContexts -window 47]]
[00:00:20.52] /i de::setCursor -point {3.9375 1.6875 }
[00:00:21.70] /# gi::executeAction deAddPoint -in [gi::getWindows 47]
[00:00:21.70] /i de::addPoint {4.6125 2.33125} -context [db::getNext [de::getContexts -window 47]]
[00:00:22.96] /# gi::executeAction deAddPoint -in [gi::getWindows 47]
[00:00:22.96] /i de::addPoint {4.61875 3.075} -context [db::getNext [de::getContexts -window 47]]
[00:00:23.01] /i de::setCursor -point {4.5625 3.0625 }
[00:00:24.29] /# gi::executeAction deAddPoint -in [gi::getWindows 47]
[00:00:24.29] /i de::addPoint {3.93125 2.26875} -context [db::getNext [de::getContexts -window 47]]
[00:00:25.48] /# gi::executeAction deAddPoint -in [gi::getWindows 47]
[00:00:25.48] /i de::addPoint {4.60625 3.60625} -context [db::getNext [de::getContexts -window 47]]
[00:00:26.66] /# gi::executeAction deAddPoint -in [gi::getWindows 47]
[00:00:26.66] /i de::addPoint {3.96875 3.0125} -context [db::getNext [de::getContexts -window 47]]
[00:00:27.16] /# gi::executeAction deAbortCommand -in [gi::getWindows 47]
[00:00:27.16] /i de::abortCommand -context [db::getNext [de::getContexts -window 47]]
[00:02:44.94] /# gi::executeAction seSchCreateWire -in [gi::getWindows 47]
[00:02:44.94] /i ise::createWire
[00:02:46.12] /# gi::executeAction deAddPoint -in [gi::getWindows 47]
[00:02:46.12] /i de::addPoint {4.6125 4} -context [db::getNext [de::getContexts -window 47]]
[00:02:46.16] /i de::setCursor -point {4.6875 4 }
[00:02:47.15] /# gi::executeAction deAddPoint -in [gi::getWindows 47]
[00:02:47.15] /i de::addPoint {5.7375 4.00625} -context [db::getNext [de::getContexts -window 47]]
[00:02:48.47] /# gi::executeAction deAddPoint -in [gi::getWindows 47]
[00:02:48.48] /i de::addPoint {4.6125 3.4375} -context [db::getNext [de::getContexts -window 47]]
[00:02:48.55] /i de::setCursor -point {4.6875 3.5 }
[00:02:48.55] /i de::setCursor -point {4.75 3.5 }
[00:02:49.50] /# gi::executeAction deAddPoint -in [gi::getWindows 47]
[00:02:49.50] /i de::addPoint {5.13125 3.83125} -context [db::getNext [de::getContexts -window 47]]
[00:02:49.58] /i de::setCursor -point {5.1875 3.875 }
[00:02:49.63] /i de::setCursor -point {5.25 3.875 }
[00:02:50.59] /# gi::executeAction deAddPoint -in [gi::getWindows 47]
[00:02:50.59] /i de::addPoint {5.7375 3.79375} -context [db::getNext [de::getContexts -window 47]]
[00:02:51.36] /# gi::executeAction deAddPoint -in [gi::getWindows 47]
[00:02:51.36] /i de::addPoint {4.6125 2.6875} -context [db::getNext [de::getContexts -window 47]]
[00:02:51.38] /i de::setCursor -point {4.625 2.75 }
[00:02:51.42] /i de::setCursor -point {4.6875 2.75 }
[00:02:51.46] /i de::setCursor -point {4.8125 2.8125 }
[00:02:52.71] /# gi::executeAction deAddPoint -in [gi::getWindows 47]
[00:02:52.71] /i de::addPoint {5.25 3.60625} -context [db::getNext [de::getContexts -window 47]]
[00:02:53.37] /# gi::executeAction deAddPoint -in [gi::getWindows 47]
[00:02:53.37] /i de::addPoint {5.74375 3.60625} -context [db::getNext [de::getContexts -window 47]]
[00:02:54.70] /# gi::executeAction deAddPoint -in [gi::getWindows 47]
[00:02:54.70] /i de::addPoint {4.60625 2.0625} -context [db::getNext [de::getContexts -window 47]]
[00:02:54.77] /i de::setCursor -point {4.6875 2.125 }
[00:02:54.80] /i de::setCursor -point {4.75 2.125 }
[00:02:54.81] /i de::setCursor -point {4.75 2.1875 }
[00:02:54.82] /i de::setCursor -point {4.8125 2.1875 }
[00:02:55.90] /# gi::executeAction deAddPoint -in [gi::getWindows 47]
[00:02:55.90] /i de::addPoint {5.44375 3.35625} -context [db::getNext [de::getContexts -window 47]]
[00:02:56.76] /# gi::executeAction deAddPoint -in [gi::getWindows 47]
[00:02:56.76] /i de::addPoint {5.7375 3.36875} -context [db::getNext [de::getContexts -window 47]]
[00:02:57.10] /# gi::executeAction deAbortCommand -in [gi::getWindows 47]
[00:02:57.10] /i de::abortCommand -context [db::getNext [de::getContexts -window 47]]
[00:02:57.70] /# gi::executeAction deSelectActive -in [gi::getWindows 47]
[00:02:57.70] /i de::deselectAll [db::getNext [de::getContexts -window 47]]
[00:02:57.70] /i de::select [de::getActiveFigure [gi::getWindows 47] -point {4.6125 1.85} -index 0 -intent none]
[00:02:57.70] /o oa:0x25d88e70
[00:02:58.34] /# gi::executeAction seCopy -in [gi::getWindows 47]
[00:02:58.34] /i ise::copy
[00:02:58.68] /# gi::executeAction deAddPoint -in [gi::getWindows 47]
[00:02:58.68] /i de::addPoint {4.6125 1.85} -context [db::getNext [de::getContexts -window 47]]
[00:03:00.24] /# gi::executeAction deAddPoint -in [gi::getWindows 47]
[00:03:00.24] /i de::addPoint {5.36875 1.55625} -context [db::getNext [de::getContexts -window 47]]
[00:03:00.45] /i gi::executeAction deCanvasDragCancel -in [gi::getWindows 47]
[00:03:01.30] /# gi::executeAction seSchCreateWire -in [gi::getWindows 47]
[00:03:01.30] /i ise::createWire
[00:03:02.31] /# gi::executeAction deAddPoint -in [gi::getWindows 47]
[00:03:02.31] /i de::addPoint {5.75 3.13125} -context [db::getNext [de::getContexts -window 47]]
[00:03:02.41] /i de::setCursor -point {5.6875 3.125 }
[00:03:02.92] /# gi::executeAction deAddPoint -in [gi::getWindows 47]
[00:03:02.92] /i de::addPoint {5.60625 3.13125} -context [db::getNext [de::getContexts -window 47]]
[00:03:03.02] /i de::setCursor -point {5.625 3.0625 }
[00:03:04.75] /# gi::executeAction deAddPoint -in [gi::getWindows 47]
[00:03:04.75] /i de::addPoint {5.4 1.3625} -context [db::getNext [de::getContexts -window 47]]
[00:03:06.24] /# gi::executeAction deAddPoint -in [gi::getWindows 47]
[00:03:06.24] /i de::addPoint {5.35625 1.75} -context [db::getNext [de::getContexts -window 47]]
[00:03:06.24] /i de::setCursor -point {5.3125 1.75 }
[00:03:07.03] /# gi::executeAction deAddPoint -in [gi::getWindows 47]
[00:03:07.03] /i de::addPoint {4.59375 1.6125} -context [db::getNext [de::getContexts -window 47]]
[00:03:07.44] /# gi::executeAction deAbortCommand -in [gi::getWindows 47]
[00:03:07.44] /i de::abortCommand -context [db::getNext [de::getContexts -window 47]]
[00:03:08.01] /# gi::executeAction seButton1DragStart -in [gi::getWindows 47]
[00:03:08.01] /i ise::stretch -point {5.375 1.5625}
[00:03:11.71] /# gi::executeAction deEndDrag -in [gi::getWindows 47]
[00:03:11.71] /i de::endDrag {5.375 1.55625} -context [db::getNext [de::getContexts -window 47]]
[00:03:12.17] /# gi::executeAction deSelectActive -in [gi::getWindows 47]
[00:03:12.17] /i de::deselectAll [db::getNext [de::getContexts -window 47]]
[00:03:12.17] /i de::deselectAllLogic -context [db::getNext [de::getContexts -window 47]]
[00:03:12.46] /# gi::executeAction deCanvasZoomOutAtPoint -in [gi::getWindows 47]
[00:03:12.46] /i de::zoom -window [gi::getWindows 47] -factor 0.5 -center {5.8 2}
[00:03:12.46] /o {-1.0125 0.275} {10.35 7.225}
[00:03:13.03] /# gi::executeAction deCanvasZoomInAtPoint -in [gi::getWindows 47]
[00:03:13.03] /i de::zoom -window [gi::getWindows 47] -factor 2.0 -center {4.7875 1.2875}
[00:03:13.03] /o {1.8875 0.78125} {7.56875 4.25625}
[00:03:13.85] /# gi::executeAction deSelectActive -in [gi::getWindows 47]
[00:03:13.85] /i de::deselectAll [db::getNext [de::getContexts -window 47]]
[00:03:13.85] /i de::select [de::getActiveFigure [gi::getWindows 47] -point {4.8 1.61875} -index 0 -intent none]
[00:03:13.85] /o oa:0x2395e690
[00:03:14.38] /# gi::executeAction seButton1DragStart -in [gi::getWindows 47]
[00:03:14.38] /i ise::stretch -point {4.8125 1.625}
[00:03:14.78] /# gi::executeAction deEndDrag -in [gi::getWindows 47]
[00:03:14.78] /i de::endDrag {4.7875 1.45625} -context [db::getNext [de::getContexts -window 47]]
[00:03:15.53] /# gi::executeAction deSelectActive -in [gi::getWindows 47]
[00:03:15.53] /i de::deselectAll [db::getNext [de::getContexts -window 47]]
[00:03:15.53] /i de::select [de::getActiveFigure [gi::getWindows 47] -point {4.41875 1.6} -index 0 -intent none]
[00:03:15.53] /o oa:0x1f39f130
[00:03:16.00] /# gi::executeAction seButton1DragStart -in [gi::getWindows 47]
[00:03:16.00] /i ise::stretch -point {4.4375 1.625}
[00:03:16.70] /# gi::executeAction deEndDrag -in [gi::getWindows 47]
[00:03:16.70] /i de::endDrag {4.41875 1.4375} -context [db::getNext [de::getContexts -window 47]]
[00:03:17.23] /# gi::executeAction deSelectActive -in [gi::getWindows 47]
[00:03:17.23] /i de::deselectAll [db::getNext [de::getContexts -window 47]]
[00:03:17.23] /i de::deselectAllLogic -context [db::getNext [de::getContexts -window 47]]
[00:03:19.52] /# gi::executeAction deCanvasZoomOutAtPoint -in [gi::getWindows 47]
[00:03:19.52] /i de::zoom -window [gi::getWindows 47] -factor 0.5 -center {5.9125 2.5875}
[00:03:19.52] /o {-2.1375 -1.025} {9.225 5.925}
[00:03:19.94] /# gi::executeAction deCanvasZoomInAtPoint -in [gi::getWindows 47]
[00:03:19.94] /i de::zoom -window [gi::getWindows 47] -factor 2.0 -center {6.2375 2.94375}
[00:03:19.94] /o {2.05 0.9625} {7.73125 4.43125}
[00:03:21.39] /# gi::executeAction deSelectActive -in [gi::getWindows 47]
[00:03:21.39] /i de::deselectAll [db::getNext [de::getContexts -window 47]]
[00:03:21.39] /i de::select [de::getActiveFigure [gi::getWindows 47] -point {5.25625 3.96875} -index 0 -intent none]
[00:03:21.39] /o oa:0x232fc2e0
[00:03:22.56] /i gi::setItemSelection {attributes} -index {name,all} -in [gi::getAssistants dePropertyEditor -from [gi::getWindows 47]]
[00:03:22.56] /i gi::setCurrentIndex {attributes} -index {name,Value} -in [gi::getAssistants dePropertyEditor -from [gi::getWindows 47]]
[00:03:24.20] /i gi::setField {attributes} -value {nA} -index {name,Value} -in [gi::getAssistants dePropertyEditor -from [gi::getWindows 47]]
[00:03:24.20] /i gi::executeAction dePropertyEditorApplyChanges -in [gi::getAssistants dePropertyEditor -from [gi::getWindows 47]]
[00:03:26.48] /i gi::setField {attributes} -value {A} -index {name,Value} -in [gi::getAssistants dePropertyEditor -from [gi::getWindows 47]]
[00:03:26.49] /i gi::executeAction dePropertyEditorApplyChanges -in [gi::getAssistants dePropertyEditor -from [gi::getWindows 47]]
[00:03:37.35] /# gi::executeAction deSelectActive -in [gi::getWindows 47]
[00:03:37.35] /i de::deselectAll [db::getNext [de::getContexts -window 47]]
[00:03:37.36] /i de::select [de::getActiveFigure [gi::getWindows 47] -point {5.05 3.49375} -index 0 -intent none]
[00:03:37.36] /o oa:0x27bdb440
[00:03:38.61] /# gi::executeAction deSelectActive -in [gi::getWindows 47]
[00:03:38.61] /i de::deselectAll [db::getNext [de::getContexts -window 47]]
[00:03:38.61] /i de::select [de::getActiveFigure [gi::getWindows 47] -point {5.30625 3.7875} -index 0 -intent none]
[00:03:38.61] /o oa:0x2588dee0
[00:03:39.66] /i gi::setItemSelection {attributes} -index {name,all} -in [gi::getAssistants dePropertyEditor -from [gi::getWindows 47]]
[00:03:39.66] /i gi::setCurrentIndex {attributes} -index {name,Value} -in [gi::getAssistants dePropertyEditor -from [gi::getWindows 47]]
[00:03:43.43] /i gi::setField {attributes} -value {A0} -index {name,Value} -in [gi::getAssistants dePropertyEditor -from [gi::getWindows 47]]
[00:03:43.43] /i gi::executeAction dePropertyEditorApplyChanges -in [gi::getAssistants dePropertyEditor -from [gi::getWindows 47]]
[00:03:44.81] /# gi::executeAction deSelectActive -in [gi::getWindows 47]
[00:03:44.81] /i de::deselectAll [db::getNext [de::getContexts -window 47]]
[00:03:44.81] /i de::select [de::getActiveFigure [gi::getWindows 47] -point {5.46875 4} -index 0 -intent none]
[00:03:44.81] /o oa:0x1bd3a900
[00:03:45.47] /i gi::setItemSelection {attributes} -index {name,all} -in [gi::getAssistants dePropertyEditor -from [gi::getWindows 47]]
[00:03:45.47] /i gi::setCurrentIndex {attributes} -index {name,Value} -in [gi::getAssistants dePropertyEditor -from [gi::getWindows 47]]
[00:03:46.22] /i gi::setField {attributes} -value {A1} -index {name,Value} -in [gi::getAssistants dePropertyEditor -from [gi::getWindows 47]]
[00:03:46.22] /i gi::executeAction dePropertyEditorApplyChanges -in [gi::getAssistants dePropertyEditor -from [gi::getWindows 47]]
[00:03:47.92] /# gi::executeAction deSelectActive -in [gi::getWindows 47]
[00:03:47.92] /i de::deselectAll [db::getNext [de::getContexts -window 47]]
[00:03:47.92] /i de::select [de::getActiveFigure [gi::getWindows 47] -point {5.54375 3.63125} -index 0 -intent none]
[00:03:47.92] /o oa:0x28451d40
[00:03:50.28] /i gi::setItemSelection {attributes} -index {name,all} -in [gi::getAssistants dePropertyEditor -from [gi::getWindows 47]]
[00:03:50.28] /i gi::setCurrentIndex {attributes} -index {name,Value} -in [gi::getAssistants dePropertyEditor -from [gi::getWindows 47]]
[00:03:51.82] /i gi::setField {attributes} -value {B1} -index {name,Value} -in [gi::getAssistants dePropertyEditor -from [gi::getWindows 47]]
[00:03:51.82] /i gi::executeAction dePropertyEditorApplyChanges -in [gi::getAssistants dePropertyEditor -from [gi::getWindows 47]]
[00:03:53.57] /# gi::executeAction deSelectActive -in [gi::getWindows 47]
[00:03:53.57] /i de::deselectAll [db::getNext [de::getContexts -window 47]]
[00:03:53.57] /i de::select [de::getActiveFigure [gi::getWindows 47] -point {5.525 3.3625} -index 0 -intent none]
[00:03:53.57] /o oa:0x2777d3e0
[00:03:54.58] /i gi::setItemSelection {attributes} -index {name,all} -in [gi::getAssistants dePropertyEditor -from [gi::getWindows 47]]
[00:03:54.58] /i gi::setCurrentIndex {attributes} -index {name,Value} -in [gi::getAssistants dePropertyEditor -from [gi::getWindows 47]]
[00:03:58.19] /i gi::setField {attributes} -value {} -index {name,Value} -in [gi::getAssistants dePropertyEditor -from [gi::getWindows 47]]
[00:03:59.74] /i gi::setField {attributes} -value {B0} -index {name,Value} -in [gi::getAssistants dePropertyEditor -from [gi::getWindows 47]]
[00:03:59.74] /i gi::executeAction dePropertyEditorApplyChanges -in [gi::getAssistants dePropertyEditor -from [gi::getWindows 47]]
[00:04:01.59] /# gi::executeAction deSelectActive -in [gi::getWindows 47]
[00:04:01.59] /i de::deselectAll [db::getNext [de::getContexts -window 47]]
[00:04:01.59] /i de::select [de::getActiveFigure [gi::getWindows 47] -point {5.56875 2.73125} -index 0 -intent none]
[00:04:01.59] /o oa:0x267eb420
[00:04:02.21] /i gi::setItemSelection {attributes} -index {name,all} -in [gi::getAssistants dePropertyEditor -from [gi::getWindows 47]]
[00:04:02.21] /i gi::setCurrentIndex {attributes} -index {name,Value} -in [gi::getAssistants dePropertyEditor -from [gi::getWindows 47]]
[00:04:04.06] /i gi::setField {attributes} -value {Cin} -index {name,Value} -in [gi::getAssistants dePropertyEditor -from [gi::getWindows 47]]
[00:04:04.06] /i gi::executeAction dePropertyEditorApplyChanges -in [gi::getAssistants dePropertyEditor -from [gi::getWindows 47]]
[00:04:24.63] /# gi::executeAction deFitEdit -in [gi::getWindows 47]
[00:04:24.63] /i de::fit -window 47 -fitEdit true
[00:04:24.63] /o {2.375 1.11875} {8.09375 4.6125}
[00:04:26.61] /# gi::executeAction seSchCreateWire -in [gi::getWindows 47]
[00:04:26.61] /i ise::createWire
[00:04:27.10] /# gi::executeAction deCanvasZoomOutAtPoint -in [gi::getWindows 47]
[00:04:27.10] /i de::zoom -window [gi::getWindows 47] -factor 0.5 -center {7.5 3.9}
[00:04:27.10] /o {-2.75 -1.6625} {8.6875 5.325}
[00:04:27.20] /# gi::executeAction deCanvasZoomOutAtPoint -in [gi::getWindows 47]
[00:04:27.20] /i de::zoom -window [gi::getWindows 47] -factor 0.5 -center {7.49375 3.91875}
[00:04:27.20] /o {-12.9875 -7.24375} {9.875 6.73125}
[00:04:27.63] /# gi::executeAction deCanvasZoomInAtPoint -in [gi::getWindows 47]
[00:04:27.63] /i de::zoom -window [gi::getWindows 47] -factor 2.0 -center {8.5375 3.3125}
[00:04:27.63] /o {-2.225 -1.9625} {9.20625 5.01875}
[00:04:27.72] /# gi::executeAction deCanvasZoomInAtPoint -in [gi::getWindows 47]
[00:04:27.72] /i de::zoom -window [gi::getWindows 47] -factor 2.0 -center {8.83125 3.28125}
[00:04:27.72] /o {3.3 0.65625} {9.01875 4.15}
[00:04:28.32] /# gi::executeAction deFitEdit -in [gi::getWindows 47]
[00:04:28.32] /i de::fit -window 47 -fitEdit true
[00:04:28.32] /o {2.375 1.11875} {8.09375 4.6125}
[00:04:29.26] /# gi::executeAction deAbortCommand -in [gi::getWindows 47]
[00:04:29.26] /i de::abortCommand -context [db::getNext [de::getContexts -window 47]]
[00:04:29.99] /# gi::executeAction seSchCreateSchematicPin -in [gi::getWindows 47]
[00:04:29.99] /i ise::createSchematicPin
[00:04:33.03] /i gi::setField {schematicPinType} -value {output} -in [gi::getToolbars {deCommandOptions} -from [gi::getWindows 47]]
[00:04:34.87] /i gi::setField {schematicPinName} -value {out} -in [gi::getToolbars {deCommandOptions} -from [gi::getWindows 47]]
[00:04:36.23] /# gi::executeAction deAddPoint -in [gi::getWindows 47]
[00:04:36.23] /i de::addPoint {7.81875 3.8625} -context [db::getNext [de::getContexts -window 47]]
[00:04:36.96] /# gi::executeAction deAddPoint -in [gi::getWindows 47]
[00:04:36.96] /i de::addPoint {7.8625 3.5625} -context [db::getNext [de::getContexts -window 47]]
[00:04:36.96] /w Warning: No wiring objects were found at this location. (SE-928)
[00:04:37.71] /# gi::executeAction deAddPoint -in [gi::getWindows 47]
[00:04:37.71] /i de::addPoint {7.86875 3.13125} -context [db::getNext [de::getContexts -window 47]]
[00:04:37.71] /w Warning: No wiring objects were found at this location. (SE-928)
[00:04:38.15] /# gi::executeAction deAbortCommand -in [gi::getWindows 47]
[00:04:38.15] /i de::abortCommand -context [db::getNext [de::getContexts -window 47]]
[00:04:40.32] /# gi::executeAction seSchCreateSchematicPin -in [gi::getWindows 47]
[00:04:40.32] /i ise::createSchematicPin
[00:04:44.77] /i gi::executeAction deObjectActivation -in [gi::getWindows 47]
[00:04:46.10] /i gi::setField {schematicPinName} -value {S0} -in [gi::getToolbars {deCommandOptions} -from [gi::getWindows 47]]
[00:04:46.10] /i gi::executeAction deObjectActivation -in [gi::getWindows 47]
[00:04:47.82] /# gi::executeAction deAddPoint -in [gi::getWindows 47]
[00:04:47.82] /i de::addPoint {7.825 3.54375} -context [db::getNext [de::getContexts -window 47]]
[00:04:48.37] /# gi::executeAction deAbortCommand -in [gi::getWindows 47]
[00:04:48.37] /i de::abortCommand -context [db::getNext [de::getContexts -window 47]]
[00:04:48.89] /# gi::executeAction deSelectActive -in [gi::getWindows 47]
[00:04:48.89] /i de::deselectAll [db::getNext [de::getContexts -window 47]]
[00:04:48.89] /i de::select [de::getActiveFigure [gi::getWindows 47] -point {7.86875 3.8625} -index 0 -intent none]
[00:04:48.89] /o oa:0x28b522c0
[00:04:49.60] /i gi::setItemSelection {attributes} -index {name,all} -in [gi::getAssistants dePropertyEditor -from [gi::getWindows 47]]
[00:04:49.60] /i gi::setCurrentIndex {attributes} -index {name,Value} -in [gi::getAssistants dePropertyEditor -from [gi::getWindows 47]]
[00:04:51.17] /i gi::setField {attributes} -value {S1} -index {name,Value} -in [gi::getAssistants dePropertyEditor -from [gi::getWindows 47]]
[00:04:51.17] /i gi::executeAction dePropertyEditorApplyChanges -in [gi::getAssistants dePropertyEditor -from [gi::getWindows 47]]
[00:04:53.28] /# gi::executeAction seSchCreateSchematicPin -in [gi::getWindows 47]
[00:04:53.28] /i ise::createSchematicPin
[00:04:54.38] /i gi::executeAction deObjectActivation -in [gi::getWindows 47]
[00:04:55.72] /i gi::setField {schematicPinName} -value {Cout} -in [gi::getToolbars {deCommandOptions} -from [gi::getWindows 47]]
[00:04:55.72] /i gi::executeAction deObjectActivation -in [gi::getWindows 47]
[00:04:59.23] /# gi::executeAction deAddPoint -in [gi::getWindows 47]
[00:04:59.23] /i de::addPoint {7.80625 3.125} -context [db::getNext [de::getContexts -window 47]]
[00:04:59.54] /# gi::executeAction deAbortCommand -in [gi::getWindows 47]
[00:04:59.54] /i de::abortCommand -context [db::getNext [de::getContexts -window 47]]
[00:05:00.59] /# gi::executeAction seSchCreateWire -in [gi::getWindows 47]
[00:05:00.59] /i ise::createWire
[00:05:01.60] /# gi::executeAction deAddPoint -in [gi::getWindows 47]
[00:05:01.60] /i de::addPoint {7 3.8625} -context [db::getNext [de::getContexts -window 47]]
[00:05:01.63] /i de::setCursor -point {7.0625 3.875 }
[00:05:02.47] /# gi::executeAction deAddPoint -in [gi::getWindows 47]
[00:05:02.48] /i de::addPoint {7.86875 3.875} -context [db::getNext [de::getContexts -window 47]]
[00:05:03.32] /# gi::executeAction deAddPoint -in [gi::getWindows 47]
[00:05:03.32] /i de::addPoint {7.00625 3.58125} -context [db::getNext [de::getContexts -window 47]]
[00:05:03.34] /i de::setCursor -point {7.0625 3.625 }
[00:05:03.35] /i de::setCursor -point {7.125 3.625 }
[00:05:03.86] /# gi::executeAction deAddPoint -in [gi::getWindows 47]
[00:05:03.86] /i de::addPoint {7.86875 3.56875} -context [db::getNext [de::getContexts -window 47]]
[00:05:04.74] /# gi::executeAction deAddPoint -in [gi::getWindows 47]
[00:05:04.74] /i de::addPoint {7.00625 3.20625} -context [db::getNext [de::getContexts -window 47]]
[00:05:06.09] /# gi::executeAction deAddPoint -in [gi::getWindows 47]
[00:05:06.09] /i de::addPoint {7.86875 3.20625} -context [db::getNext [de::getContexts -window 47]]
[00:05:06.29] /i de::setCursor -point {7.875 3.125 }
[00:05:06.33] /# gi::executeAction deAbortCommand -in [gi::getWindows 47]
[00:05:06.33] /i de::abortCommand -context [db::getNext [de::getContexts -window 47]]
[00:05:06.84] /# gi::executeAction seButton1DragStart -in [gi::getWindows 47]
[00:05:06.84] /i ise::stretch -object [de::getActiveFigure [gi::getWindows 47] -point {7.86875 3.1} -index 0 -intent none] -point {7.875 3.125}
[00:05:07.35] /# gi::executeAction deEndDrag -in [gi::getWindows 47]
[00:05:07.35] /i de::endDrag {7.88125 3.18125} -context [db::getNext [de::getContexts -window 47]]
[00:05:07.59] /# gi::executeAction deSelectActive -in [gi::getWindows 47]
[00:05:07.59] /i de::deselectAll [db::getNext [de::getContexts -window 47]]
[00:05:07.59] /i de::deselectAllLogic -context [db::getNext [de::getContexts -window 47]]
[00:05:07.86] /# gi::executeAction deCanvasZoomOutAtPoint -in [gi::getWindows 47]
[00:05:07.86] /i de::zoom -window [gi::getWindows 47] -factor 0.5 -center {7.76875 3.23125}
[00:05:07.86] /o {-3.01875 -0.99375} {8.41875 5.99375}
[00:05:08.20] /# gi::executeAction deFitEdit -in [gi::getWindows 47]
[00:05:08.20] /i de::fit -window 47 -fitEdit true
[00:05:08.21] /o {2.575 1.08125} {8.41875 4.65}
[00:05:18.55] /# gi::executeAction deSelectActive -in [gi::getWindows 47]
[00:05:18.55] /i de::deselectAll [db::getNext [de::getContexts -window 47]]
[00:05:18.55] /i de::select [de::getActiveFigure [gi::getWindows 47] -point {4.65 3.19375} -index 0 -intent none]
[00:05:18.55] /o oa:0x23cae100
[00:05:20.06] /i gi::setItemSelection {parameters} -index {pw,all} -in [gi::getAssistants dePropertyEditor -from [gi::getWindows 47]]
[00:05:20.07] /i gi::setCurrentIndex {parameters} -index {pw,Value} -in [gi::getAssistants dePropertyEditor -from [gi::getWindows 47]]
[00:05:21.72] /i gi::setField {parameters} -value {0.5} -index {pw,Value} -in [gi::getAssistants dePropertyEditor -from [gi::getWindows 47]]
[00:05:21.72] /i gi::executeAction dePropertyEditorApplyChanges -in [gi::getAssistants dePropertyEditor -from [gi::getWindows 47]]
[00:05:22.69] /i gi::setItemSelection {parameters} -index {per,all} -in [gi::getAssistants dePropertyEditor -from [gi::getWindows 47]]
[00:05:22.69] /i gi::setCurrentIndex {parameters} -index {per,Value} -in [gi::getAssistants dePropertyEditor -from [gi::getWindows 47]]
[00:05:24.03] /i gi::setField {parameters} -value {1n} -index {per,Value} -in [gi::getAssistants dePropertyEditor -from [gi::getWindows 47]]
[00:05:24.03] /i gi::executeAction dePropertyEditorApplyChanges -in [gi::getAssistants dePropertyEditor -from [gi::getWindows 47]]
[00:05:33.71] /# gi::executeAction deSelectActive -in [gi::getWindows 47]
[00:05:33.71] /i de::deselectAll [db::getNext [de::getContexts -window 47]]
[00:05:33.71] /i de::select [de::getActiveFigure [gi::getWindows 47] -point {4.675 3.725} -index 0 -intent none]
[00:05:33.71] /o oa:0x1f25b200
[00:05:38.51] /# gi::executeAction deSelectActive -in [gi::getWindows 47]
[00:05:38.51] /i de::deselectAll [db::getNext [de::getContexts -window 47]]
[00:05:38.51] /i de::select [de::getActiveFigure [gi::getWindows 47] -point {4.6375 2.54375} -index 0 -intent none]
[00:05:38.51] /o oa:0x253407f0
[00:05:39.23] /i gi::setItemSelection {parameters} -index {tf,all} -in [gi::getAssistants dePropertyEditor -from [gi::getWindows 47]]
[00:05:39.23] /i gi::setCurrentIndex {parameters} -index {tf,Value} -in [gi::getAssistants dePropertyEditor -from [gi::getWindows 47]]
[00:05:39.71] /i gi::setItemSelection {parameters} -index {pw,all} -in [gi::getAssistants dePropertyEditor -from [gi::getWindows 47]]
[00:05:39.71] /i gi::setCurrentIndex {parameters} -index {pw,Value} -in [gi::getAssistants dePropertyEditor -from [gi::getWindows 47]]
[00:05:41.06] /i gi::setField {parameters} -value {2n} -index {pw,Value} -in [gi::getAssistants dePropertyEditor -from [gi::getWindows 47]]
[00:05:41.06] /i gi::executeAction dePropertyEditorApplyChanges -in [gi::getAssistants dePropertyEditor -from [gi::getWindows 47]]
[00:05:42.02] /i gi::setItemSelection {parameters} -index {per,all} -in [gi::getAssistants dePropertyEditor -from [gi::getWindows 47]]
[00:05:42.02] /i gi::setCurrentIndex {parameters} -index {per,Value} -in [gi::getAssistants dePropertyEditor -from [gi::getWindows 47]]
[00:05:43.29] /i gi::setField {parameters} -value {4n} -index {per,Value} -in [gi::getAssistants dePropertyEditor -from [gi::getWindows 47]]
[00:05:43.29] /i gi::executeAction dePropertyEditorApplyChanges -in [gi::getAssistants dePropertyEditor -from [gi::getWindows 47]]
[00:05:48.76] /# gi::executeAction deSelectActive -in [gi::getWindows 47]
[00:05:48.76] /i de::deselectAll [db::getNext [de::getContexts -window 47]]
[00:05:48.76] /i de::select [de::getActiveFigure [gi::getWindows 47] -point {4.6875 1.7625} -index 0 -intent none]
[00:05:48.76] /o oa:0x2793aec0
[00:05:49.70] /i gi::setItemSelection {parameters} -index {pw,all} -in [gi::getAssistants dePropertyEditor -from [gi::getWindows 47]]
[00:05:49.70] /i gi::setCurrentIndex {parameters} -index {pw,Value} -in [gi::getAssistants dePropertyEditor -from [gi::getWindows 47]]
[00:05:50.91] /i gi::setField {parameters} -value {4n} -index {pw,Value} -in [gi::getAssistants dePropertyEditor -from [gi::getWindows 47]]
[00:05:50.91] /i gi::executeAction dePropertyEditorApplyChanges -in [gi::getAssistants dePropertyEditor -from [gi::getWindows 47]]
[00:05:51.69] /i gi::setItemSelection {parameters} -index {per,all} -in [gi::getAssistants dePropertyEditor -from [gi::getWindows 47]]
[00:05:51.69] /i gi::setCurrentIndex {parameters} -index {per,Value} -in [gi::getAssistants dePropertyEditor -from [gi::getWindows 47]]
[00:05:53.03] /i gi::setField {parameters} -value {8n} -index {per,Value} -in [gi::getAssistants dePropertyEditor -from [gi::getWindows 47]]
[00:05:53.03] /i gi::executeAction dePropertyEditorApplyChanges -in [gi::getAssistants dePropertyEditor -from [gi::getWindows 47]]
[00:06:01.98] /# gi::executeAction deSelectActive -in [gi::getWindows 47]
[00:06:01.98] /i de::deselectAll [db::getNext [de::getContexts -window 47]]
[00:06:01.98] /i de::select [de::getActiveFigure [gi::getWindows 47] -point {5.4 1.5375} -index 0 -intent none]
[00:06:01.98] /o oa:0x288c6560
[00:06:03.07] /i gi::setItemSelection {parameters} -index {tr,all} -in [gi::getAssistants dePropertyEditor -from [gi::getWindows 47]]
[00:06:03.07] /i gi::setCurrentIndex {parameters} -index {tr,Value} -in [gi::getAssistants dePropertyEditor -from [gi::getWindows 47]]
[00:06:04.95] /i gi::setItemSelection {parameters} -index {pw,all} -in [gi::getAssistants dePropertyEditor -from [gi::getWindows 47]]
[00:06:04.95] /i gi::setCurrentIndex {parameters} -index {pw,Value} -in [gi::getAssistants dePropertyEditor -from [gi::getWindows 47]]
[00:06:06.44] /i gi::setField {parameters} -value {8n} -index {pw,Value} -in [gi::getAssistants dePropertyEditor -from [gi::getWindows 47]]
[00:06:06.44] /i gi::executeAction dePropertyEditorApplyChanges -in [gi::getAssistants dePropertyEditor -from [gi::getWindows 47]]
[00:06:07.37] /i gi::setItemSelection {parameters} -index {per,all} -in [gi::getAssistants dePropertyEditor -from [gi::getWindows 47]]
[00:06:07.37] /i gi::setCurrentIndex {parameters} -index {per,Value} -in [gi::getAssistants dePropertyEditor -from [gi::getWindows 47]]
[00:06:08.87] /i gi::setField {parameters} -value {16n} -index {per,Value} -in [gi::getAssistants dePropertyEditor -from [gi::getWindows 47]]
[00:06:08.87] /i gi::executeAction dePropertyEditorApplyChanges -in [gi::getAssistants dePropertyEditor -from [gi::getWindows 47]]
[00:06:16.18] /# gi::executeAction seShowConsoleForWindow -in [gi::getWindows 47]
[00:06:16.18] /i sa::showConsole -context [db::getNext [de::getContexts -window 47]]
[00:06:16.22] /r giWindowId 48
[00:06:16.22] /r giWindowGeometry 600x500
[00:06:16.33] /o oa:0x1d26bd40
[00:06:16.39] /m Information: Launching Background sae_shell Server Process "cd /home/itsupport/Desktop/lab1vlsi && sae_shell -log sae_shell_session9_job1 -libDefFile /home/itsupport/Desktop/lab1vlsi/lib.defs"
[00:06:16.92] /i gi::setActiveWindow 47
[00:06:16.92] /i gi::setActiveWindow 47 -raise true
[00:06:17.64] /# gi::executeAction seSchCheckAndSave -in [gi::getWindows 47]
[00:06:17.64] /i ise::check
[00:06:17.65] /m Information: 
[00:06:17.65] /o Checking "inverter/tb_full_adder_2bit/schematic"
[00:06:17.65] /o 	[warning] Floating Nets
[00:06:17.65] /o 		Net 'net55' does not connect to a schematic or instance pin (2 times)
[00:06:17.65] /o 0 Error(s),2 Warning(s),0 Message(s) found   in "inverter/tb_full_adder_2bit/schematic"
[00:06:17.65] /m Information: Checking process is completed: marking the design violations
[00:06:17.67] /m Information: Marking of designs is completed
[00:06:17.67] /o true
[00:06:17.81] /# gi::executeAction seSchCheckAndSave -in [gi::getWindows 47]
[00:06:17.81] /i ise::check
[00:06:17.81] /m Information: 
[00:06:17.81] /o Checking "inverter/tb_full_adder_2bit/schematic"
[00:06:17.81] /o 	[warning] Floating Nets
[00:06:17.81] /o 		Net 'net55' does not connect to a schematic or instance pin (2 times)
[00:06:17.81] /o 0 Error(s),2 Warning(s),0 Message(s) found   in "inverter/tb_full_adder_2bit/schematic"
[00:06:17.81] /m Information: Checking process is completed: marking the design violations
[00:06:17.83] /m Information: Marking of designs is completed
[00:06:17.83] /o true
[00:06:17.90] /# gi::executeAction seSchCheckAndSave -in [gi::getWindows 47]
[00:06:17.90] /i ise::check
[00:06:17.91] /m Information: 
[00:06:17.91] /o Checking "inverter/tb_full_adder_2bit/schematic"
[00:06:17.91] /o 	[warning] Floating Nets
[00:06:17.91] /o 		Net 'net55' does not connect to a schematic or instance pin (2 times)
[00:06:17.91] /o 0 Error(s),2 Warning(s),0 Message(s) found   in "inverter/tb_full_adder_2bit/schematic"
[00:06:17.91] /m Information: Checking process is completed: marking the design violations
[00:06:17.92] /m Information: Marking of designs is completed
[00:06:17.92] /o true
[00:06:18.32] /i gi::setActiveWindow 48
[00:06:18.32] /i gi::setActiveWindow 48 -raise true
[00:06:18.99] /m Information: Received ready-for-commands signal from background job 'sae_shell_session9_job1' after 2 seconds.
[00:06:19.06] /i gi::executeAction menuPreShow -in [gi::getWindows 48]
[00:06:19.06] /r giMenuAccess db::getNext [gi::getMenus saConsoleOutputsMenu -from [gi::getWindows 48]]
[00:06:20.30] /# gi::executeAction saSelectInDesign -in [gi::getWindows 48]
[00:06:20.30] /i sa::selectOutputs -window 48
[00:06:21.32] /# gi::executeAction deAddPoint -in [gi::getWindows 47]
[00:06:21.32] /i de::addPoint {5.31875 4.01875} -context [db::getNext [de::getContexts -window 47]]
[00:06:22.34] /# gi::executeAction deAddPoint -in [gi::getWindows 47]
[00:06:22.34] /i de::addPoint {5.25625 3.83125} -context [db::getNext [de::getContexts -window 47]]
[00:06:22.88] /# gi::executeAction deAddPoint -in [gi::getWindows 47]
[00:06:22.88] /i de::addPoint {5.26875 3.65} -context [db::getNext [de::getContexts -window 47]]
[00:06:23.84] /# gi::executeAction deAddPoint -in [gi::getWindows 47]
[00:06:23.84] /i de::addPoint {5.44375 3.325} -context [db::getNext [de::getContexts -window 47]]
[00:06:24.86] /# gi::executeAction deAddPoint -in [gi::getWindows 47]
[00:06:24.86] /i de::addPoint {5.56875 2.89375} -context [db::getNext [de::getContexts -window 47]]
[00:06:26.23] /# gi::executeAction deAddPoint -in [gi::getWindows 47]
[00:06:26.23] /i de::addPoint {7.30625 3.875} -context [db::getNext [de::getContexts -window 47]]
[00:06:26.78] /# gi::executeAction deAddPoint -in [gi::getWindows 47]
[00:06:26.78] /i de::addPoint {7.3625 3.59375} -context [db::getNext [de::getContexts -window 47]]
[00:06:27.10] /# gi::executeAction deAddPoint -in [gi::getWindows 47]
[00:06:27.10] /i de::addPoint {7.3625 3.5375} -context [db::getNext [de::getContexts -window 47]]
[00:06:28.04] /# gi::executeAction deAddPoint -in [gi::getWindows 47]
[00:06:28.04] /i de::addPoint {7.38125 3.1875} -context [db::getNext [de::getContexts -window 47]]
[00:06:28.84] /i gi::setActiveWindow 48
[00:06:28.84] /i gi::setActiveWindow 48 -raise true
[00:06:35.87] /i gi::executeAction menuPreShow -in [gi::getWindows 48]
[00:06:35.87] /r giMenuAccess db::getNext [gi::getMenus saVariablesMenu -from [gi::getWindows 48]]
[00:06:35.96] /i gi::executeAction menuPreShow -in [gi::getWindows 48]
[00:06:35.96] /r giMenuAccess db::getNext [gi::getMenus saConsoleSetupMenu -from [gi::getWindows 48]]
[00:06:37.25] /# gi::executeAction saShowEditAnalyses -in [gi::getWindows 48]
[00:06:37.25] /i sa::showEditAnalyses -parent 48 -analysisName "" 
[00:06:37.36] /o oa:0x24e94660
[00:06:37.43] /i gi::setActiveDialog [gi::getDialogs {saEditAnalysesDialogXsaeSession4} -parent [gi::getWindows 48]]
[00:06:37.69] /i db::setAttr geometry -of [gi::getDialogs {saEditAnalysesDialogXsaeSession4} -parent [gi::getWindows 48]] -value 633x680+762+450
[00:06:41.40] /i gi::setField {/analysesGroups/tabGeneral/anaPane/step} -value {20p} -in [gi::getDialogs {saEditAnalysesDialogXsaeSession4} -parent [gi::getWindows 48]]
[00:06:48.17] /i gi::setField {/analysesGroups/tabGeneral/anaPane/stop} -value {35n} -in [gi::getDialogs {saEditAnalysesDialogXsaeSession4} -parent [gi::getWindows 48]]
[00:06:48.25] /i gi::pressButton {/ok} -in [gi::getDialogs {saEditAnalysesDialogXsaeSession4} -parent [gi::getWindows 48]]
[00:06:48.29] /o false
[00:06:50.70] /i gi::executeAction menuPreShow -in [gi::getWindows 48]
[00:06:50.70] /r giMenuAccess db::getNext [gi::getMenus saConsoleSetupMenu -from [gi::getWindows 48]]
[00:06:50.82] /i gi::executeAction menuPreShow -in [gi::getWindows 48]
[00:06:50.82] /r giMenuAccess db::getNext [gi::getMenus saVariablesMenu -from [gi::getWindows 48]]
[00:06:51.24] /i gi::executeAction menuPreShow -in [gi::getWindows 48]
[00:06:51.24] /r giMenuAccess db::getNext [gi::getMenus saConsoleOutputsMenu -from [gi::getWindows 48]]
[00:06:51.73] /i gi::executeAction menuPreShow -in [gi::getWindows 48]
[00:06:51.73] /r giMenuAccess db::getNext [gi::getMenus saVariablesMenu -from [gi::getWindows 48]]
[00:06:55.41] /i gi::executeAction menuPreShow -in [gi::getWindows 48]
[00:06:55.41] /r giMenuAccess db::getNext [gi::getMenus saConsoleOutputsMenu -from [gi::getWindows 48]]
[00:06:56.09] /i gi::executeAction menuPreShow -in [gi::getWindows 48]
[00:06:56.10] /r giMenuAccess db::getNext [gi::getMenus saVariablesMenu -from [gi::getWindows 48]]
[00:06:56.51] /i gi::executeAction menuPreShow -in [gi::getWindows 48]
[00:06:56.51] /r giMenuAccess db::getNext [gi::getMenus saConsoleOutputsMenu -from [gi::getWindows 48]]
[00:06:57.01] /i gi::executeAction menuPreShow -in [gi::getWindows 48]
[00:06:57.01] /r giMenuAccess db::getNext [gi::getMenus saVariablesMenu -from [gi::getWindows 48]]
[00:06:57.64] /i gi::executeAction menuPreShow -in [gi::getWindows 48]
[00:06:57.64] /r giMenuAccess db::getNext [gi::getMenus saConsoleSetupMenu -from [gi::getWindows 48]]
[00:06:58.68] /# gi::executeAction saEditModels -in [gi::getWindows 48]
[00:06:58.68] /i sa::showModelFiles -parent 48
[00:06:58.74] /i gi::setActiveDialog [gi::getDialogs {saModelFilesSetup} -parent [gi::getWindows 48]]
[00:06:59.01] /i db::setAttr geometry -of [gi::getDialogs {saModelFilesSetup} -parent [gi::getWindows 48]] -value 760x500+728+298
[00:06:59.95] /i gi::pressButton {PathSelectorBrowse} -in [gi::getDialogs {saModelFilesSetup} -parent [gi::getWindows 48]]
[00:07:01.86] /r giFileDialog accept .
[00:07:02.89] /i gi::setCurrentIndex {modelFilesTable} -index {0,1} -in [gi::getDialogs {saModelFilesSetup} -parent [gi::getWindows 48]]
[00:07:09.86] /r giFileDialog accept PDK/hspice/reference_models.inc
[00:07:09.86] /i gi::setField {modelFilesTable} -index {0,1} -value {/home/itsupport/Desktop/lab1vlsi/PDK/hspice/reference_models.inc} -in [gi::getDialogs {saModelFilesSetup} -parent [gi::getWindows 48]]
[00:07:09.86] /i gi::setField {modelFilesTable} -index {0,1} -value {PDK/hspice/reference_models.inc} -in [gi::getDialogs {saModelFilesSetup} -parent [gi::getWindows 48]]
[00:07:10.34] /i gi::setField {PathSelector} -value {/home/itsupport/Desktop/lab1vlsi} -in [gi::getDialogs {saModelFilesSetup} -parent [gi::getWindows 48]]
[00:07:10.40] /i gi::pressButton {apply} -in [gi::getDialogs {saModelFilesSetup} -parent [gi::getWindows 48]]
[00:07:10.79] /i gi::pressButton {ok} -in [gi::getDialogs {saModelFilesSetup} -parent [gi::getWindows 48]]
[00:07:15.06] /i gi::executeAction menuPreShow -in [gi::getWindows 48]
[00:07:15.06] /r giMenuAccess db::getNext [gi::getMenus saConsoleSimMenu -from [gi::getWindows 48]]
[00:07:15.65] /# gi::executeAction saNetlistAndRun -in [gi::getWindows 48]
[00:07:15.65] /i isa::netlistAndRun -testbench [sa::findActiveTestbench -window 48] -mode overwrite
[00:07:15.70] /r giWindowId 49
[00:07:15.70] /r giWindowGeometry 800x600
[00:07:15.79] /m Information: "Starting incremental netlisting for design "inverter/tb_full_adder_2bit/schematic"..." (NETLISTING-010)
[00:07:15.81] /o No Design Integrity rule violations found in "inverter/tb_full_adder_2bit/schematic"
[00:07:15.81] /m Information: 
[00:07:15.81] /o Checking "inverter/full_adder/schematic"
[00:07:15.81] /o No rule violations found in "inverter/full_adder/schematic"
[00:07:15.84] /m Information: "inverter NAND2 schematic" renetlisted. (NETLISTING-056)
[00:07:15.84] /m Information: "inverter full_adder schematic" renetlisted. (NETLISTING-056)
[00:07:15.85] /m Information: "inverter full_adder_2bit schematic" renetlisted. (NETLISTING-056)
[00:07:15.86] /m Information: "inverter tb_full_adder_2bit schematic" renetlisted. (NETLISTING-056)
[00:07:15.86] /m Information: "Netlisting design "inverter/tb_full_adder_2bit/schematic" finished successfully." (NETLISTING-012)
[00:07:15.86] /m Information: "Composing simulator input file for design "inverter/tb_full_adder_2bit/schematic"..."
[00:07:15.89] /m Information: "Simulator input file composed successfully for design "inverter/tb_full_adder_2bit/schematic""
[00:07:16.05] /m Information: "Starting HSPICE simulation for design: inverter/tb_full_adder_2bit/schematic"
[00:07:16.05] /# gi::collapse {jobMonitorTable} -index {0.0,0} -in [gi::getWindows 49]
[00:07:16.07] /o 1
[00:07:16.40] /e Error: "Simulation failed for design: inverter/tb_full_adder_2bit/schematic "
[00:07:16.57] /m Information: Launching Background sae_shell Server Process "cd /home/itsupport/Desktop/lab1vlsi && sae_shell -log sae_shell_session9_job2 -libDefFile /home/itsupport/Desktop/lab1vlsi/lib.defs"
[00:07:16.89] /m Information: Measurement calculations completed for testbench: default in 0s
[00:07:18.14] /i gi::pressButton {ConsoleToggleButton} -in [db::getAttr statusbar -of [gi::getWindows 49]]
[00:07:19.00] /m Information: Received ready-for-commands signal from background job 'sae_shell_session9_job2' after 2 seconds.
[00:07:23.27] /i gi::setCurrentIndex {jobMonitorTable} -index {0.0.0.0.0,1} -in [gi::getWindows 49]
[00:07:23.27] /i gi::setItemSelection {jobMonitorTable} -index {0.0.0.0.0,all} -in [gi::getWindows 49]
[00:07:23.43] /i gi::executeAction xtJobMonitorViewOutput -in 49
[00:07:23.43] /# xt::_jobMonitorActions::viewOutput 49
[00:07:23.44] /r giWindowId 50
[00:07:23.45] /r giWindowGeometry 800x600
[00:07:24.70] /i gi::setActiveTab {tabs} -tabName {hspice.valog} -in [gi::getWindows 50]
[00:07:25.03] /i gi::setActiveTab {tabs} -tabName {hspice.lis} -in [gi::getWindows 50]
[00:07:46.43] /i gi::setActiveWindow 49
[00:07:46.43] /i gi::setActiveWindow 49 -raise true
[00:07:46.93] /i gi::setActiveWindow 48
[00:07:46.93] /i gi::setActiveWindow 48 -raise true
[00:07:47.88] /i gi::setActiveWindow 47
[00:07:47.88] /i gi::setActiveWindow 47 -raise true
[00:07:48.85] /# gi::executeAction deSelectActive -in [gi::getWindows 47]
[00:07:48.85] /i de::deselectAll [db::getNext [de::getContexts -window 47]]
[00:07:48.85] /i de::select [de::getActiveFigure [gi::getWindows 47] -point {6.28125 3.8375} -index 0 -intent none]
[00:07:48.85] /o oa:0x237a5e80
[00:07:49.00] /# gi::executeAction deDescend -in [gi::getWindows 47]
[00:07:49.00] /i ide::descend 47 -inPlace false -promptView false -readOnly auto
[00:07:49.00] /# Navigating to inverter/full_adder_2bit/schematic (I1)
[00:07:49.03] /o true
[00:07:50.05] /# gi::executeAction deSelectActive -in [gi::getWindows 47]
[00:07:50.05] /i de::deselectAll [db::getNext [de::getContexts -window 47]]
[00:07:50.05] /i de::select [de::getActiveFigure [gi::getWindows 47] -point {3.425 2.60625} -index 0 -intent none]
[00:07:50.05] /o oa:0x27c7e140
[00:07:50.20] /# gi::executeAction deDescend -in [gi::getWindows 47]
[00:07:50.20] /i ide::descend 47 -inPlace false -promptView false -readOnly auto
[00:07:50.21] /# Navigating to inverter/full_adder/schematic (I0)
[00:07:50.24] /o true
[00:07:51.25] /# gi::executeAction deSelectActive -in [gi::getWindows 47]
[00:07:51.25] /i de::deselectAll [db::getNext [de::getContexts -window 47]]
[00:07:51.26] /i de::select [de::getActiveFigure [gi::getWindows 47] -point {6.95625 5.6875} -index 0 -intent none]
[00:07:51.26] /o oa:0x2845a790
[00:07:51.40] /# gi::executeAction deDescend -in [gi::getWindows 47]
[00:07:51.40] /i ide::descend 47 -inPlace false -promptView false -readOnly auto
[00:07:51.41] /# Navigating to inverter/NAND2/schematic (I2)
[00:07:51.45] /o true
[00:07:55.18] /i gi::setActiveWindow 48
[00:07:55.18] /i gi::setActiveWindow 48 -raise true
[00:07:55.89] /i gi::setActiveWindow 50
[00:07:55.89] /i gi::setActiveWindow 50 -raise true
[00:07:56.42] /i gi::setActiveWindow 49
[00:07:56.42] /i gi::setActiveWindow 49 -raise true
[00:07:57.06] /i gi::setActiveWindow 50
[00:07:57.06] /i gi::setActiveWindow 50 -raise true
[00:07:58.98] /i gi::executeAction giCloseWindow -in [gi::getWindows 50]
[00:07:58.99] /i gi::setActiveWindow 49
[00:07:58.99] /i gi::setActiveWindow 49 -raise true
[00:08:00.06] /i gi::executeAction giCloseWindow -in [gi::getWindows 49]
[00:08:00.07] /i gi::setActiveWindow 48
[00:08:00.07] /i gi::setActiveWindow 48 -raise true
[00:08:00.89] /i gi::setCurrentIndex {variablesTable} -index {1,0} -in [gi::getWindows 48]
[00:08:02.58] /i gi::setField {variablesTable} -index {1,0} -value {a} -in [gi::getWindows 48]
[00:08:02.58] /i gi::setCurrentIndex {variablesTable} -index {1,1} -in [gi::getWindows 48]
[00:08:02.58] /i gi::setItemSelection {variablesTable} -index {1,1} -in [gi::getWindows 48]
[00:08:02.58] /i gi::setItemSelection {variablesTable} -index {1,1} -in [gi::getWindows 48]
[00:08:03.99] /i gi::setField {variablesTable} -index {1,1} -value {0.32} -in [gi::getWindows 48]
[00:08:04.00] /i gi::setField {variablesTable} -index {1,1} -value {0.32} -in [gi::getWindows 48]
[00:08:06.54] /i gi::setField {variablesTable} -index {1,1} -value {0.32u} -in [gi::getWindows 48]
[00:08:06.54] /i gi::setField {variablesTable} -index {1,1} -value {0.32u} -in [gi::getWindows 48]
[00:08:07.54] /i gi::setCurrentIndex {variablesTable} -index {2,0} -in [gi::getWindows 48]
[00:08:07.54] /i gi::setItemSelection {variablesTable} -index {} -in [gi::getWindows 48]
[00:08:07.54] /i gi::setItemSelection {variablesTable} -index {} -in [gi::getWindows 48]
[00:08:08.87] /i gi::setField {variablesTable} -index {2,0} -value {b} -in [gi::getWindows 48]
[00:08:08.87] /i gi::setCurrentIndex {variablesTable} -index {2,1} -in [gi::getWindows 48]
[00:08:08.87] /i gi::setItemSelection {variablesTable} -index {2,1} -in [gi::getWindows 48]
[00:08:08.87] /i gi::setItemSelection {variablesTable} -index {2,1} -in [gi::getWindows 48]
[00:08:10.68] /i gi::setField {variablesTable} -index {2,1} -value {0.24u} -in [gi::getWindows 48]
[00:08:10.68] /i gi::setField {variablesTable} -index {2,1} -value {0.24u} -in [gi::getWindows 48]
[00:08:11.56] /i gi::setCurrentIndex {variablesTable} -index {3,0} -in [gi::getWindows 48]
[00:08:11.56] /i gi::setItemSelection {variablesTable} -index {} -in [gi::getWindows 48]
[00:08:11.56] /i gi::setItemSelection {variablesTable} -index {} -in [gi::getWindows 48]
[00:08:12.96] /i gi::setField {variablesTable} -index {3,0} -value {l} -in [gi::getWindows 48]
[00:08:12.96] /i gi::setField {variablesTable} -index {3,0} -value {l} -in [gi::getWindows 48]
[00:08:14.02] /i gi::setCurrentIndex {variablesTable} -index {3,1} -in [gi::getWindows 48]
[00:08:14.02] /i gi::setItemSelection {variablesTable} -index {3,1} -in [gi::getWindows 48]
[00:08:14.02] /i gi::setItemSelection {variablesTable} -index {3,1} -in [gi::getWindows 48]
[00:08:15.43] /i gi::setField {variablesTable} -index {3,1} -value {0.1u} -in [gi::getWindows 48]
[00:08:15.44] /i gi::setField {variablesTable} -index {3,1} -value {0.1u} -in [gi::getWindows 48]
[00:08:17.40] /i gi::executeAction menuPreShow -in [gi::getWindows 48]
[00:08:17.40] /r giMenuAccess db::getNext [gi::getMenus saConsoleSimMenu -from [gi::getWindows 48]]
[00:08:18.06] /# gi::executeAction saNetlistAndRun -in [gi::getWindows 48]
[00:08:18.06] /i isa::netlistAndRun -testbench [sa::findActiveTestbench -window 48] -mode overwrite
[00:08:18.07] /r giWindowId 51
[00:08:18.07] /r giWindowGeometry 800x600
[00:08:18.14] /m Information: "Starting incremental netlisting for design "inverter/tb_full_adder_2bit/schematic"..." (NETLISTING-010)
[00:08:18.16] /o No Design Integrity rule violations found in "inverter/tb_full_adder_2bit/schematic"
[00:08:18.16] /m Information: 
[00:08:18.16] /o Checking "inverter/full_adder/schematic"
[00:08:18.16] /o No rule violations found in "inverter/full_adder/schematic"
[00:08:18.18] /m Information: "Netlisting design "inverter/tb_full_adder_2bit/schematic" finished successfully." (NETLISTING-012)
[00:08:18.18] /m Information: "Composing simulator input file for design "inverter/tb_full_adder_2bit/schematic"..."
[00:08:18.22] /m Information: "Simulator input file composed successfully for design "inverter/tb_full_adder_2bit/schematic""
[00:08:18.44] /m Information: "Starting HSPICE simulation for design: inverter/tb_full_adder_2bit/schematic"
[00:08:18.44] /# gi::collapse {jobMonitorTable} -index {0.0.1.0,0} -in [gi::getWindows 51]
[00:08:18.47] /o 1
[00:08:18.80] /m Information: "Simulation completed successfully for design: inverter/tb_full_adder_2bit/schematic "
[00:08:18.99] /m Information: "Evaluating and plotting outputs..."
[00:08:19.00] /m Information: Started sharing "Custom WaveView" license. (WAVEFORM-110)
[00:08:19.15] /j ::wf::WaveView::plotSuccess WaveView_6 {} {_78d53c0_void_pp _7300d88_void_pp} 
[00:08:19.27] /j ::wf::WaveView::plotSuccess WaveView_6 {} {_78d53c0_void_pp _7300e50_void_pp} 
[00:08:19.33] /j ::wf::WaveView::plotSuccess WaveView_6 {} {_78d53c0_void_pp _7300f18_void_pp} 
[00:08:19.38] /j ::wf::WaveView::plotSuccess WaveView_6 {} {_78d53c0_void_pp _7300fe0_void_pp} 
[00:08:19.49] /m Information: Measurement calculations completed for testbench: default in 0s
[00:08:19.55] /j ::wf::WaveView::plotSuccess WaveView_6 {} {_78d53c0_void_pp _73010a8_void_pp} 
[00:08:19.65] /j ::wf::WaveView::plotSuccess WaveView_6 {} {_78d53c0_void_pp _7300cc0_void_pp} 
[00:08:19.76] /j ::wf::WaveView::plotSuccess WaveView_6 {} {_78d53c0_void_pp _7301170_void_pp} 
[00:08:19.92] /j ::wf::WaveView::plotSuccess WaveView_6 {} {_78d53c0_void_pp _7301238_void_pp} 
[00:08:25.29] /m Information: Waveform viewer exited normally.
[00:08:26.75] /i gi::executeAction giCloseWindow -in [gi::getWindows 51]
[00:08:26.76] /i gi::setActiveWindow 48
[00:08:26.76] /i gi::setActiveWindow 48 -raise true
[00:08:28.17] /i gi::executeAction menuPreShow -in [gi::getWindows 48]
[00:08:28.17] /r giMenuAccess db::getNext [gi::getMenus saConsoleSimMenu -from [gi::getWindows 48]]
[00:08:28.76] /# gi::executeAction saNetlistAndRun -in [gi::getWindows 48]
[00:08:28.76] /i isa::netlistAndRun -testbench [sa::findActiveTestbench -window 48] -mode overwrite
[00:08:28.77] /r giWindowId 52
[00:08:28.78] /r giWindowGeometry 800x600
[00:08:28.84] /m Information: "Starting incremental netlisting for design "inverter/tb_full_adder_2bit/schematic"..." (NETLISTING-010)
[00:08:28.85] /o No Design Integrity rule violations found in "inverter/tb_full_adder_2bit/schematic"
[00:08:28.85] /m Information: 
[00:08:28.85] /o Checking "inverter/full_adder/schematic"
[00:08:28.85] /o No rule violations found in "inverter/full_adder/schematic"
[00:08:28.88] /m Information: "Netlisting design "inverter/tb_full_adder_2bit/schematic" finished successfully." (NETLISTING-012)
[00:08:28.89] /m Information: "Composing simulator input file for design "inverter/tb_full_adder_2bit/schematic"..."
[00:08:28.92] /m Information: "Simulator input file composed successfully for design "inverter/tb_full_adder_2bit/schematic""
[00:08:29.15] /m Information: "Starting HSPICE simulation for design: inverter/tb_full_adder_2bit/schematic"
[00:08:29.15] /# gi::collapse {jobMonitorTable} -index {0.0.1.0,0} -in [gi::getWindows 52]
[00:08:29.19] /o 1
[00:08:29.50] /m Information: "Simulation completed successfully for design: inverter/tb_full_adder_2bit/schematic "
[00:08:29.70] /m Information: "Evaluating and plotting outputs..."
[00:08:29.73] /m Information: Launching Waveform Viewer "cd /home/itsupport/simulation/inverter,tb_full_adder_2bit,schematic/history_1/simulation/default/HSPICE/nominal/results &&  wv -k -cdesigner -spxkey /usr/synopsys/customcompiler/N-2017.12-SP1-2/auxx/waveform/sae.spxkey -spxrc /tmp/sae_spxrc_MYOTQf -unique_string 0a5d9da1fed3a2d169aa7f613a217c24125e8d2b0833b894ed40d2f5efbf27a2fb0c0fc5bd61906638a6b92d453a52571e23af16026175d4 -lic_type 1    > /home/itsupport/simulation/inverter,tb_full_adder_2bit,schematic/history_1/simulation/default/HSPICE/nominal/results/viewer.log 2>&1"
[00:08:29.73] /i gi::collapse {jobMonitorTable} -index {0.0,0} -in [gi::getWindows 52]
[00:08:30.00] /m Information: Measurement calculations completed for testbench: default in 0s
[00:08:30.69] /j ::wf::WaveView::plotSuccess WaveView_7 {} {_71d1e30_void_pp _7219b20_void_pp} 
[00:08:30.75] /j ::wf::WaveView::plotSuccess WaveView_7 {} {_71d1e30_void_pp _7219be8_void_pp} 
[00:08:30.80] /j ::wf::WaveView::plotSuccess WaveView_7 {} {_71d1e30_void_pp _7219cb0_void_pp} 
[00:08:30.83] /j ::wf::WaveView::plotSuccess WaveView_7 {} {_71d1e30_void_pp _7219d78_void_pp} 
[00:08:30.86] /j ::wf::WaveView::plotSuccess WaveView_7 {} {_71d1e30_void_pp _7219e40_void_pp} 
[00:08:30.89] /j ::wf::WaveView::plotSuccess WaveView_7 {} {_71d1e30_void_pp _7219f08_void_pp} 
[00:08:30.94] /j ::wf::WaveView::plotSuccess WaveView_7 {} {_71d1e30_void_pp _7219fd0_void_pp} 
[00:08:30.97] /j ::wf::WaveView::plotSuccess WaveView_7 {} {_71d1e30_void_pp _721a098_void_pp} 
[00:08:44.50] /m Information: Waveform viewer exited normally.
[00:08:45.12] /i db::setAttr iconified -of [gi::getFrames 1] -value true
[00:08:45.12] /i gi::setActiveDialog [gi::getDialogs {dbCellViewFromCellView}]
[00:08:48.22] /i db::setAttr maximized -of [gi::getFrames 1] -value true
[00:08:48.22] /i db::setAttr iconified -of [gi::getFrames 1] -value false
[00:08:49.18] /i gi::setActiveWindow 48
[00:08:49.18] /i gi::setActiveWindow 48 -raise true
[00:08:50.14] /i gi::setItemSelection {variablesTable} -index {} -in [gi::getWindows 48]
[00:08:50.14] /i gi::setItemSelection {variablesTable} -index {} -in [gi::getWindows 48]
[00:08:52.19] /i gi::setActiveWindow 47
[00:08:52.19] /i gi::setActiveWindow 47 -raise true
[00:08:54.22] /i gi::setActiveWindow 2
[00:08:54.22] /i gi::setActiveWindow 2 -raise true
[00:08:56.28] /i gi::setCurrentIndex {cells} -index {full_adder_2bit} -in [gi::getWindows 2]
[00:08:56.28] /i gi::setItemSelection {cells} -index {full_adder_2bit} -in [gi::getWindows 2]
[00:08:57.43] /i gi::setActiveWindow 48
[00:08:57.43] /i gi::setActiveWindow 48 -raise true
[00:08:58.71] /i gi::setActiveWindow 52
[00:08:58.71] /i gi::setActiveWindow 52 -raise true
[00:08:59.34] /i gi::setActiveWindow 48
[00:08:59.34] /i gi::setActiveWindow 48 -raise true
[00:09:00.73] /# gi::executeAction saSaveState -in [gi::getWindows 48]
[00:09:00.73] /i sa::showSaveState -parent 48
[00:09:00.79] /o oa:0x23a24db0
[00:09:00.85] /i gi::setActiveDialog [gi::getDialogs {saShowSaveState} -parent [gi::getWindows 48]]
[00:09:01.16] /i db::setAttr geometry -of [gi::getDialogs {saShowSaveState} -parent [gi::getWindows 48]] -value 462x528+778+488
[00:09:02.39] /i gi::pressButton {/apply} -in [gi::getDialogs {saShowSaveState} -parent [gi::getWindows 48]]
[00:09:02.69] /i db::setAttr geometry -of [gi::getDialogs {saShowSaveState} -parent [gi::getWindows 48]] -value 501x558+778+488
[00:09:02.99] /i gi::pressButton {/ok} -in [gi::getDialogs {saShowSaveState} -parent [gi::getWindows 48]]
[00:09:09.39] /i gi::setActiveWindow 47
[00:09:09.39] /i gi::setActiveWindow 47 -raise true
[00:09:11.34] /i gi::setActiveWindow 2
[00:09:11.34] /i gi::setActiveWindow 2 -raise true
[00:09:12.98] /i gi::setCurrentIndex {cells} -index {tb_full_adder_2bit} -in [gi::getWindows 2]
[00:09:12.98] /i gi::setItemSelection {cells} -index {tb_full_adder_2bit} -in [gi::getWindows 2]
[00:09:13.22] /i gi::setItemSelection {views} -index {schematic} -in [gi::getWindows 2]
[00:09:13.22] /i gi::executeAction dmOpen -in [gi::getWindows 2]
[00:09:13.22] /r giWindowId 53
[00:09:13.23] /r giWindowGeometry 1632x1020
[00:09:13.39] /o "inverter/tb_full_adder_2bit/schematic" design does not need checking
[00:09:14.78] /# gi::executeAction deSelectActive -in [gi::getWindows 53]
[00:09:14.78] /i de::deselectAll [db::getNext [de::getContexts -window 53]]
[00:09:14.78] /i de::deselectAllLogic -context [db::getNext [de::getContexts -window 53]]
[00:09:26.18] /# gi::executeAction seButton1DragStart -in [gi::getWindows 53]
[00:09:26.18] /i ise::stretch -object [de::getActiveFigure [gi::getWindows 53] -point {5.35625 1.6125} -index 0 -intent none] -point {5.375 1.625}
[00:09:27.63] /# gi::executeAction deEndDrag -in [gi::getWindows 53]
[00:09:27.63] /i de::endDrag {5.525 1.58125} -context [db::getNext [de::getContexts -window 53]]
[00:09:28.67] /# gi::executeAction deSelectActive -in [gi::getWindows 53]
[00:09:28.67] /i de::deselectAllLogic -context [db::getNext [de::getContexts -window 53]]
[00:09:31.16] /# gi::executeAction deSelectActive -in [gi::getWindows 53]
[00:09:31.16] /i de::deselectAll [db::getNext [de::getContexts -window 53]]
[00:09:31.16] /i de::select [de::getActiveFigure [gi::getWindows 53] -point {5.34375 1.625} -index 0 -intent none]
[00:09:31.16] /o oa:0x260c01c0
[00:09:31.48] /# gi::executeAction seDelete -in [gi::getWindows 53]
[00:09:31.48] /i ise::delete
[00:09:32.13] /# gi::executeAction deSelectActive -in [gi::getWindows 53]
[00:09:32.13] /i de::deselectAll [db::getNext [de::getContexts -window 53]]
[00:09:32.13] /i de::select [de::getActiveFigure [gi::getWindows 53] -point {5.33125 1.66875} -index 0 -intent none]
[00:09:32.13] /o oa:0x1f1fdec0
[00:09:32.57] /# gi::executeAction deSelectActive -in [gi::getWindows 53]
[00:09:32.57] /i de::cycleActiveFigure [gi::getWindows 53] -direction next
[00:09:32.57] /o oa:0x28adc990
[00:09:32.57] /# gi::executeAction seDelete -in [gi::getWindows 53]
[00:09:32.57] /i ise::delete
[00:09:32.97] /# gi::executeAction deSelectActive -in [gi::getWindows 53]
[00:09:32.97] /i de::deselectAll [db::getNext [de::getContexts -window 53]]
[00:09:32.97] /i de::select [de::getActiveFigure [gi::getWindows 53] -point {5.34375 1.71875} -index 0 -intent none]
[00:09:32.97] /o oa:0x27014410
[00:09:33.20] /i de::select [se::getNetComponents [de::getActiveFigure [gi::getWindows 53] -point {5.35625 1.7375} -index 0 -intent none] -of branch]
[00:09:33.20] /o oa:0x27c072a0
[00:09:33.20] /# gi::executeAction seDelete -in [gi::getWindows 53]
[00:09:33.20] /i ise::delete
[00:09:33.42] /# gi::executeAction deSelectActive -in [gi::getWindows 53]
[00:09:33.42] /i de::deselectAllLogic -context [db::getNext [de::getContexts -window 53]]
[00:09:33.42] /# gi::executeAction seDelete -in [gi::getWindows 53]
[00:09:33.42] /i ise::delete
[00:09:33.60] /# gi::executeAction deCompleteShape -in [gi::getWindows 53]
[00:09:33.60] /i de::completeShape -context [db::getNext [de::getContexts -window 53]]
[00:09:33.60] /# gi::executeAction seDelete -in [gi::getWindows 53]
[00:09:33.60] /i ise::delete
[00:09:34.00] /# gi::executeAction deAbortCommand -in [gi::getWindows 53]
[00:09:34.00] /i de::abortCommand -context [db::getNext [de::getContexts -window 53]]
[00:09:34.77] /# gi::executeAction deSelectActive -in [gi::getWindows 53]
[00:09:34.77] /i de::deselectAll [db::getNext [de::getContexts -window 53]]
[00:09:34.77] /i de::select [de::getActiveFigure [gi::getWindows 53] -point {4.66875 1.83125} -index 0 -intent none]
[00:09:34.77] /o oa:0x25ab8b30
[00:09:35.49] /# gi::executeAction seCopy -in [gi::getWindows 53]
[00:09:35.49] /i ise::copy
[00:09:35.64] /# gi::executeAction deAddPoint -in [gi::getWindows 53]
[00:09:35.65] /i de::addPoint {4.66875 1.83125} -context [db::getNext [de::getContexts -window 53]]
[00:09:38.85] /# gi::executeAction deAddPoint -in [gi::getWindows 53]
[00:09:38.85] /i de::addPoint {5.5375 1.65625} -context [db::getNext [de::getContexts -window 53]]
[00:09:39.16] /i gi::executeAction deCanvasDragCancel -in [gi::getWindows 53]
[00:09:40.21] /# gi::executeAction seSchCreateWire -in [gi::getWindows 53]
[00:09:40.21] /i ise::createWire
[00:09:40.99] /# gi::executeAction deAddPoint -in [gi::getWindows 53]
[00:09:40.99] /i de::addPoint {5.48125 1.95625} -context [db::getNext [de::getContexts -window 53]]
[00:09:41.08] /i de::setCursor -point {5.5 2 }
[00:09:41.09] /i de::setCursor -point {5.5625 2 }
[00:09:41.13] /i de::setCursor -point {5.625 2 }
[00:09:41.14] /i de::setCursor -point {5.625 2.0625 }
[00:09:41.41] /i de::setCursor -point {5.6875 2.0625 }
[00:09:41.87] /# gi::executeAction deAddPoint -in [gi::getWindows 53]
[00:09:41.87] /i de::addPoint {5.7 1.96875} -context [db::getNext [de::getContexts -window 53]]
[00:09:42.84] /# gi::executeAction deAddPoint -in [gi::getWindows 53]
[00:09:42.84] /i de::addPoint {5.30625 1.41875} -context [db::getNext [de::getContexts -window 53]]
[00:09:43.56] /# gi::executeAction deAddPoint -in [gi::getWindows 53]
[00:09:43.56] /i de::addPoint {5.49375 1.58125} -context [db::getNext [de::getContexts -window 53]]
[00:09:43.72] /# gi::executeAction deAbortCommand -in [gi::getWindows 53]
[00:09:43.72] /i de::abortCommand -context [db::getNext [de::getContexts -window 53]]
[00:09:44.53] /# gi::executeAction seDelete -in [gi::getWindows 53]
[00:09:44.53] /i ise::delete
[00:09:44.97] /# gi::executeAction deSelectActive -in [gi::getWindows 53]
[00:09:44.97] /i de::deselectAll [db::getNext [de::getContexts -window 53]]
[00:09:44.97] /i de::select [de::getActiveFigure [gi::getWindows 53] -point {5.6875 1.4625} -index 0 -intent none]
[00:09:44.97] /o oa:0x280599f0
[00:09:45.35] /# gi::executeAction deSelectActive -in [gi::getWindows 53]
[00:09:45.35] /i de::cycleActiveFigure [gi::getWindows 53] -direction next
[00:09:45.35] /o oa:0x26a0bfa0
[00:09:45.61] /i de::select [se::getNetComponents [de::getActiveFigure [gi::getWindows 53] -point {5.68125 1.46875} -index 0 -intent none] -of branch]
[00:09:45.61] /o oa:0x28053eb0
[00:09:45.74] /# gi::executeAction deSelectActive -in [gi::getWindows 53]
[00:09:45.74] /i de::deselectAll [db::getNext [de::getContexts -window 53]]
[00:09:45.74] /i de::select [de::getActiveFigure [gi::getWindows 53] -point {5.6875 1.44375} -index 0 -intent none]
[00:09:45.74] /o oa:0x273394b0
[00:09:46.01] /# gi::executeAction deSelectActive -in [gi::getWindows 53]
[00:09:46.01] /i de::deselectAll [db::getNext [de::getContexts -window 53]]
[00:09:46.01] /i de::deselectAllLogic -context [db::getNext [de::getContexts -window 53]]
[00:09:46.31] /# gi::executeAction deSelectActive -in [gi::getWindows 53]
[00:09:46.31] /i de::deselectAll [db::getNext [de::getContexts -window 53]]
[00:09:46.31] /i de::select [de::getActiveFigure [gi::getWindows 53] -point {5.59375 1.25} -index 0 -intent none]
[00:09:46.32] /o oa:0x27aa64c0
[00:09:46.36] /i gi::executeAction deCanvasDragCancel -in [gi::getWindows 53]
[00:09:46.47] /i de::select [se::getNetComponents [de::getActiveFigure [gi::getWindows 53] -point {5.59375 1.25} -index 0 -intent none] -of branch]
[00:09:46.47] /o oa:0x237a8e00
[00:09:46.63] /# gi::executeAction deSelectActive -in [gi::getWindows 53]
[00:09:46.63] /i de::deselectAll [db::getNext [de::getContexts -window 53]]
[00:09:46.63] /i de::select [de::getActiveFigure [gi::getWindows 53] -point {5.6 1.25} -index 0 -intent none]
[00:09:46.63] /o oa:0x27526fb0
[00:09:46.78] /i de::select [se::getNetComponents [de::getActiveFigure [gi::getWindows 53] -point {5.6125 1.25} -index 0 -intent none] -of branch]
[00:09:46.78] /o oa:0x1d1349b0
[00:09:46.94] /i de::select [se::getNetComponents [de::getActiveFigure [gi::getWindows 53] -point {5.63125 1.2625} -index 0 -intent none] -of subnet]
[00:09:46.95] /o oa:0x27343be0
[00:09:47.10] /# gi::executeAction deSelectActive -in [gi::getWindows 53]
[00:09:47.10] /i de::deselectAll [db::getNext [de::getContexts -window 53]]
[00:09:47.10] /i de::select [de::getActiveFigure [gi::getWindows 53] -point {5.63125 1.2625} -index 0 -intent none]
[00:09:47.10] /o oa:0x244cb250
[00:09:47.17] /# gi::executeAction seDelete -in [gi::getWindows 53]
[00:09:47.17] /i ise::delete
[00:09:47.40] /# gi::executeAction deSelectActive -in [gi::getWindows 53]
[00:09:47.40] /i de::deselectAllLogic -context [db::getNext [de::getContexts -window 53]]
[00:09:47.40] /# gi::executeAction seDelete -in [gi::getWindows 53]
[00:09:47.40] /i ise::delete
[00:09:47.70] /# gi::executeAction deAddPoint -in [gi::getWindows 53]
[00:09:47.70] /i de::addPoint {5.65625 1.3125} -context [db::getNext [de::getContexts -window 53]]
[00:09:47.84] /# gi::executeAction deCompleteShape -in [gi::getWindows 53]
[00:09:47.84] /i de::completeShape -context [db::getNext [de::getContexts -window 53]]
[00:09:48.04] /# gi::executeAction deAddPoint -in [gi::getWindows 53]
[00:09:48.04] /i de::addPoint {5.725 1.3875} -context [db::getNext [de::getContexts -window 53]]
[00:09:48.37] /# gi::executeAction deAddPoint -in [gi::getWindows 53]
[00:09:48.37] /i de::addPoint {5.4875 1.2625} -context [db::getNext [de::getContexts -window 53]]
[00:09:48.52] /# gi::executeAction deCompleteShape -in [gi::getWindows 53]
[00:09:48.52] /i de::completeShape -context [db::getNext [de::getContexts -window 53]]
[00:09:48.66] /# gi::executeAction deAddPoint -in [gi::getWindows 53]
[00:09:48.66] /i de::addPoint {5.5 1.2625} -context [db::getNext [de::getContexts -window 53]]
[00:09:48.76] /# gi::executeAction deAbortCommand -in [gi::getWindows 53]
[00:09:48.76] /i de::abortCommand -context [db::getNext [de::getContexts -window 53]]
[00:09:49.87] /i gi::executeAction deCanvasDragCancel -in [gi::getWindows 53]
[00:09:50.38] /# gi::executeAction seCopy -in [gi::getWindows 53]
[00:09:50.38] /i ise::copy
[00:09:50.73] /# gi::executeAction deAddPoint -in [gi::getWindows 53]
[00:09:50.73] /i de::addPoint {4.63125 1.8625} -context [db::getNext [de::getContexts -window 53]]
[00:09:52.32] /# gi::executeAction deAddPoint -in [gi::getWindows 53]
[00:09:52.32] /i de::addPoint {5.68125 1.66875} -context [db::getNext [de::getContexts -window 53]]
[00:09:52.56] /# gi::executeAction deAbortCommand -in [gi::getWindows 53]
[00:09:52.56] /i de::abortCommand -context [db::getNext [de::getContexts -window 53]]
[00:09:53.65] /# gi::executeAction seSchCreateWire -in [gi::getWindows 53]
[00:09:53.65] /i ise::createWire
[00:09:54.78] /# gi::executeAction deAddPoint -in [gi::getWindows 53]
[00:09:54.78] /i de::addPoint {5.68125 1.875} -context [db::getNext [de::getContexts -window 53]]
[00:09:54.81] /i de::setCursor -point {5.6875 1.9375 }
[00:09:55.17] /# gi::executeAction deAddPoint -in [gi::getWindows 53]
[00:09:55.17] /i de::addPoint {5.68125 2.05} -context [db::getNext [de::getContexts -window 53]]
[00:09:56.32] /# gi::executeAction deAddPoint -in [gi::getWindows 53]
[00:09:56.32] /i de::addPoint {5.6875 1.50625} -context [db::getNext [de::getContexts -window 53]]
[00:09:56.67] /i de::setCursor -point {5.625 1.4375 }
[00:09:56.69] /i de::setCursor -point {5.5625 1.4375 }
[00:09:57.15] /# gi::executeAction deAddPoint -in [gi::getWindows 53]
[00:09:57.15] /i de::addPoint {5.48125 1.44375} -context [db::getNext [de::getContexts -window 53]]
[00:09:57.33] /# gi::executeAction deAbortCommand -in [gi::getWindows 53]
[00:09:57.33] /i de::abortCommand -context [db::getNext [de::getContexts -window 53]]
[00:09:58.21] /# gi::executeAction seDelete -in [gi::getWindows 53]
[00:09:58.21] /i ise::delete
[00:09:59.10] /# gi::executeAction deAddPoint -in [gi::getWindows 53]
[00:09:59.10] /i de::addPoint {5.5 1.5} -context [db::getNext [de::getContexts -window 53]]
[00:09:59.82] /# gi::executeAction deAddPoint -in [gi::getWindows 53]
[00:09:59.82] /i de::addPoint {5.5 1.9875} -context [db::getNext [de::getContexts -window 53]]
[00:10:00.20] /# gi::executeAction deAddPoint -in [gi::getWindows 53]
[00:10:00.20] /i de::addPoint {5.525 1.975} -context [db::getNext [de::getContexts -window 53]]
[00:10:00.52] /# gi::executeAction deAddPoint -in [gi::getWindows 53]
[00:10:00.52] /i de::addPoint {5.54375 2.01875} -context [db::getNext [de::getContexts -window 53]]
[00:10:00.78] /# gi::executeAction deAbortCommand -in [gi::getWindows 53]
[00:10:00.78] /i de::abortCommand -context [db::getNext [de::getContexts -window 53]]
[00:10:02.83] /# gi::executeAction deSelectActive -in [gi::getWindows 53]
[00:10:02.83] /i de::deselectAll [db::getNext [de::getContexts -window 53]]
[00:10:02.83] /i de::select [de::getActiveFigure [gi::getWindows 53] -point {5.625 1.61875} -index 0 -intent none]
[00:10:02.83] /o oa:0x26c23e50
[00:10:03.88] /i gi::setItemSelection {parameters} -index {pw,all} -in [gi::getAssistants dePropertyEditor -from [gi::getWindows 53]]
[00:10:03.88] /i gi::setCurrentIndex {parameters} -index {pw,Value} -in [gi::getAssistants dePropertyEditor -from [gi::getWindows 53]]
[00:10:07.48] /i gi::setField {parameters} -value {16n} -index {pw,Value} -in [gi::getAssistants dePropertyEditor -from [gi::getWindows 53]]
[00:10:07.48] /i gi::setItemSelection {parameters} -index {per,all} -in [gi::getAssistants dePropertyEditor -from [gi::getWindows 53]]
[00:10:07.48] /i gi::setCurrentIndex {parameters} -index {per,Value} -in [gi::getAssistants dePropertyEditor -from [gi::getWindows 53]]
[00:10:11.62] /i gi::setField {parameters} -value {} -index {per,Value} -in [gi::getAssistants dePropertyEditor -from [gi::getWindows 53]]
[00:10:11.62] /i gi::setItemSelection {parameters} -index {pw,all} -in [gi::getAssistants dePropertyEditor -from [gi::getWindows 53]]
[00:10:11.63] /i gi::setCurrentIndex {parameters} -index {pw,Value} -in [gi::getAssistants dePropertyEditor -from [gi::getWindows 53]]
[00:10:13.21] /i gi::setField {parameters} -value {8n} -index {pw,Value} -in [gi::getAssistants dePropertyEditor -from [gi::getWindows 53]]
[00:10:13.21] /i gi::executeAction dePropertyEditorApplyChanges -in [gi::getAssistants dePropertyEditor -from [gi::getWindows 53]]
[00:10:13.22] /i gi::setItemSelection {parameters} -index {z0,all} -in [gi::getAssistants dePropertyEditor -from [gi::getWindows 53]]
[00:10:13.23] /i gi::setCurrentIndex {parameters} -index {z0,Value} -in [gi::getAssistants dePropertyEditor -from [gi::getWindows 53]]
[00:10:14.11] /i gi::setItemSelection {parameters} -index {per,all} -in [gi::getAssistants dePropertyEditor -from [gi::getWindows 53]]
[00:10:14.11] /i gi::setCurrentIndex {parameters} -index {per,Value} -in [gi::getAssistants dePropertyEditor -from [gi::getWindows 53]]
[00:10:15.31] /i gi::setField {parameters} -value {32n} -index {per,Value} -in [gi::getAssistants dePropertyEditor -from [gi::getWindows 53]]
[00:10:15.31] /i gi::executeAction dePropertyEditorApplyChanges -in [gi::getAssistants dePropertyEditor -from [gi::getWindows 53]]
[00:10:19.34] /i gi::setField {parameters} -value {16n} -index {per,Value} -in [gi::getAssistants dePropertyEditor -from [gi::getWindows 53]]
[00:10:19.34] /i gi::executeAction dePropertyEditorApplyChanges -in [gi::getAssistants dePropertyEditor -from [gi::getWindows 53]]
[00:10:20.82] /# gi::executeAction deSelectActive -in [gi::getWindows 53]
[00:10:20.82] /i de::deselectAll [db::getNext [de::getContexts -window 53]]
[00:10:20.82] /i de::deselectAllLogic -context [db::getNext [de::getContexts -window 53]]
[00:10:22.70] /# gi::executeAction seSchCheckAndSave -in [gi::getWindows 53]
[00:10:22.70] /i ise::check
[00:10:22.71] /m Information: 
[00:10:22.71] /o Checking "inverter/tb_full_adder_2bit/schematic"
[00:10:22.71] /o 	[warning] Floating Nets
[00:10:22.71] /o 		Net 'net55' does not connect to a schematic or instance pin (2 times)
[00:10:22.71] /o 0 Error(s),2 Warning(s),0 Message(s) found   in "inverter/tb_full_adder_2bit/schematic"
[00:10:22.71] /m Information: Checking process is completed: marking the design violations
[00:10:22.73] /m Information: Marking of designs is completed
[00:10:22.73] /o true
[00:10:22.83] /# gi::executeAction seSchCheckAndSave -in [gi::getWindows 53]
[00:10:22.83] /i ise::check
[00:10:22.83] /m Information: 
[00:10:22.83] /o Checking "inverter/tb_full_adder_2bit/schematic"
[00:10:22.83] /o 	[warning] Floating Nets
[00:10:22.83] /o 		Net 'net55' does not connect to a schematic or instance pin (2 times)
[00:10:22.84] /o 0 Error(s),2 Warning(s),0 Message(s) found   in "inverter/tb_full_adder_2bit/schematic"
[00:10:22.84] /m Information: Checking process is completed: marking the design violations
[00:10:22.85] /m Information: Marking of designs is completed
[00:10:22.85] /o true
[00:10:22.96] /# gi::executeAction seSchCheckAndSave -in [gi::getWindows 53]
[00:10:22.96] /i ise::check
[00:10:22.97] /m Information: 
[00:10:22.97] /o Checking "inverter/tb_full_adder_2bit/schematic"
[00:10:22.97] /o 	[warning] Floating Nets
[00:10:22.97] /o 		Net 'net55' does not connect to a schematic or instance pin (2 times)
[00:10:22.97] /o 0 Error(s),2 Warning(s),0 Message(s) found   in "inverter/tb_full_adder_2bit/schematic"
[00:10:22.97] /m Information: Checking process is completed: marking the design violations
[00:10:22.98] /m Information: Marking of designs is completed
[00:10:22.98] /o true
[00:10:23.10] /# gi::executeAction seSchCheckAndSave -in [gi::getWindows 53]
[00:10:23.10] /i ise::check
[00:10:23.11] /m Information: 
[00:10:23.11] /o Checking "inverter/tb_full_adder_2bit/schematic"
[00:10:23.11] /o 	[warning] Floating Nets
[00:10:23.11] /o 		Net 'net55' does not connect to a schematic or instance pin (2 times)
[00:10:23.11] /o 0 Error(s),2 Warning(s),0 Message(s) found   in "inverter/tb_full_adder_2bit/schematic"
[00:10:23.11] /m Information: Checking process is completed: marking the design violations
[00:10:23.14] /m Information: Marking of designs is completed
[00:10:23.14] /o true
[00:10:23.50] /i gi::setActiveWindow 48
[00:10:23.50] /i gi::setActiveWindow 48 -raise true
[00:10:24.30] /i gi::executeAction menuPreShow -in [gi::getWindows 48]
[00:10:24.30] /r giMenuAccess db::getNext [gi::getMenus saConsoleSimMenu -from [gi::getWindows 48]]
[00:10:24.93] /# gi::executeAction saNetlistAndRun -in [gi::getWindows 48]
[00:10:24.93] /i isa::netlistAndRun -testbench [sa::findActiveTestbench -window 48] -mode overwrite
[00:10:24.99] /m Information: "Starting incremental netlisting for design "inverter/tb_full_adder_2bit/schematic"..." (NETLISTING-010)
[00:10:25.01] /o No Design Integrity rule violations found in "inverter/tb_full_adder_2bit/schematic"
[00:10:25.01] /m Information: 
[00:10:25.01] /o Checking "inverter/full_adder/schematic"
[00:10:25.01] /o No rule violations found in "inverter/full_adder/schematic"
[00:10:25.05] /m Information: "inverter tb_full_adder_2bit schematic" renetlisted. (NETLISTING-056)
[00:10:25.06] /m Information: "Netlisting design "inverter/tb_full_adder_2bit/schematic" finished successfully." (NETLISTING-012)
[00:10:25.07] /m Information: "Composing simulator input file for design "inverter/tb_full_adder_2bit/schematic"..."
[00:10:25.11] /m Information: "Simulator input file composed successfully for design "inverter/tb_full_adder_2bit/schematic""
[00:10:25.31] /m Information: "Starting HSPICE simulation for design: inverter/tb_full_adder_2bit/schematic"
[00:10:25.32] /# gi::collapse {jobMonitorTable} -index {0.0.1.0,0} -in [gi::getWindows 52]
[00:10:25.33] /o 1
[00:10:25.70] /m Information: "Simulation completed successfully for design: inverter/tb_full_adder_2bit/schematic "
[00:10:25.93] /m Information: "Evaluating and plotting outputs..."
[00:10:25.95] /e Error: Evaluating 'v(/Cin)': "Could not find net named: Cin" (HIERARCHY_COMMANDS-007)
[00:10:25.96] /m Information: Launching Waveform Viewer "cd /home/itsupport/simulation/inverter,tb_full_adder_2bit,schematic/history_1/simulation/default/HSPICE/nominal/results &&  wv -k -cdesigner -spxkey /usr/synopsys/customcompiler/N-2017.12-SP1-2/auxx/waveform/sae.spxkey -spxrc /tmp/sae_spxrc_cyeDEr -unique_string 0a5d9da1fed3a2d169aa7f613a217c24125e8d2b0833b894ed40d2f5efbf27a2fb0c0fc5bd61906666698c9ed7e9f5a8e32182756ab0657d -lic_type 1    > /home/itsupport/simulation/inverter,tb_full_adder_2bit,schematic/history_1/simulation/default/HSPICE/nominal/results/viewer.log 2>&1"
[00:10:25.96] /i gi::collapse {jobMonitorTable} -index {0.0,0} -in [gi::getWindows 52]
[00:10:26.23] /m Information: Measurement calculations completed for testbench: default in 0s
[00:10:26.70] /j ::wf::WaveView::plotSuccess WaveView_8 {} {_60a6820_void_pp _60eb730_void_pp} 
[00:10:26.71] /j ::wf::WaveView::plotSuccess WaveView_8 {} {_60a6820_void_pp _60eb7f8_void_pp} 
[00:10:26.74] /j ::wf::WaveView::plotSuccess WaveView_8 {} {_60a6820_void_pp _60eb8c0_void_pp} 
[00:10:26.79] /j ::wf::WaveView::plotSuccess WaveView_8 {} {_60a6820_void_pp _60eb988_void_pp} 
[00:10:26.85] /j ::wf::WaveView::plotSuccess WaveView_8 {} {_60a6820_void_pp _60eba50_void_pp} 
[00:10:26.89] /j ::wf::WaveView::plotSuccess WaveView_8 {} {_60a6820_void_pp _60ebb18_void_pp} 
[00:10:26.92] /j ::wf::WaveView::plotSuccess WaveView_8 {} {_60a6820_void_pp _60ebbe0_void_pp} 
[00:10:39.99] /m Information: Waveform viewer exited normally.
[00:10:41.05] /i gi::setActiveWindow 48
[00:10:41.05] /i gi::setActiveWindow 48 -raise true
[00:10:41.43] /i gi::setActiveWindow 47
[00:10:41.43] /i gi::setActiveWindow 47 -raise true
[00:10:42.62] /i gi::setActiveWindow 53
[00:10:42.62] /i gi::setActiveWindow 53 -raise true
[00:10:43.86] /# gi::executeAction deSelectActive -in [gi::getWindows 53]
[00:10:43.86] /i de::deselectAll [db::getNext [de::getContexts -window 53]]
[00:10:43.86] /i de::select [de::getActiveFigure [gi::getWindows 53] -point {4.59375 3.85} -index 0 -intent none]
[00:10:43.86] /o oa:0x1f3c9430
[00:10:45.35] /i gi::setItemSelection {parameters} -index {v2,all} -in [gi::getAssistants dePropertyEditor -from [gi::getWindows 53]]
[00:10:45.35] /i gi::setCurrentIndex {parameters} -index {v2,Value} -in [gi::getAssistants dePropertyEditor -from [gi::getWindows 53]]
[00:10:48.42] /i gi::setField {parameters} -value {1.2} -index {v2,Value} -in [gi::getAssistants dePropertyEditor -from [gi::getWindows 53]]
[00:10:48.42] /i gi::executeAction dePropertyEditorApplyChanges -in [gi::getAssistants dePropertyEditor -from [gi::getWindows 53]]
[00:10:49.65] /# gi::executeAction deSelectActive -in [gi::getWindows 53]
[00:10:49.65] /i de::deselectAll [db::getNext [de::getContexts -window 53]]
[00:10:49.65] /i de::select [de::getActiveFigure [gi::getWindows 53] -point {4.675 3.2625} -index 0 -intent none]
[00:10:49.65] /o oa:0x27151f00
[00:10:51.06] /i gi::setItemSelection {parameters} -index {v2,all} -in [gi::getAssistants dePropertyEditor -from [gi::getWindows 53]]
[00:10:51.06] /i gi::setCurrentIndex {parameters} -index {v2,Value} -in [gi::getAssistants dePropertyEditor -from [gi::getWindows 53]]
[00:10:53.54] /i gi::setField {parameters} -value {1.2} -index {v2,Value} -in [gi::getAssistants dePropertyEditor -from [gi::getWindows 53]]
[00:10:53.54] /i gi::executeAction dePropertyEditorApplyChanges -in [gi::getAssistants dePropertyEditor -from [gi::getWindows 53]]
[00:10:54.88] /# gi::executeAction deSelectActive -in [gi::getWindows 53]
[00:10:54.88] /i de::deselectAll [db::getNext [de::getContexts -window 53]]
[00:10:54.88] /i de::select [de::getActiveFigure [gi::getWindows 53] -point {4.55625 2.48125} -index 0 -intent none]
[00:10:54.88] /o oa:0x2714b380
[00:10:55.84] /i gi::setItemSelection {parameters} -index {v2,all} -in [gi::getAssistants dePropertyEditor -from [gi::getWindows 53]]
[00:10:55.85] /i gi::setCurrentIndex {parameters} -index {v2,Value} -in [gi::getAssistants dePropertyEditor -from [gi::getWindows 53]]
[00:10:56.99] /i gi::setField {parameters} -value {1.2} -index {v2,Value} -in [gi::getAssistants dePropertyEditor -from [gi::getWindows 53]]
[00:10:56.99] /i gi::executeAction dePropertyEditorApplyChanges -in [gi::getAssistants dePropertyEditor -from [gi::getWindows 53]]
[00:10:58.21] /# gi::executeAction deSelectActive -in [gi::getWindows 53]
[00:10:58.21] /i de::deselectAll [db::getNext [de::getContexts -window 53]]
[00:10:58.22] /i de::select [de::getActiveFigure [gi::getWindows 53] -point {4.61875 1.86875} -index 0 -intent none]
[00:10:58.22] /o oa:0x27145db0
[00:10:58.94] /i gi::setItemSelection {parameters} -index {v2,all} -in [gi::getAssistants dePropertyEditor -from [gi::getWindows 53]]
[00:10:58.94] /i gi::setCurrentIndex {parameters} -index {v2,Value} -in [gi::getAssistants dePropertyEditor -from [gi::getWindows 53]]
[00:11:00.16] /i gi::setField {parameters} -value {1.2} -index {v2,Value} -in [gi::getAssistants dePropertyEditor -from [gi::getWindows 53]]
[00:11:00.16] /i gi::executeAction dePropertyEditorApplyChanges -in [gi::getAssistants dePropertyEditor -from [gi::getWindows 53]]
[00:11:01.43] /# gi::executeAction deSelectActive -in [gi::getWindows 53]
[00:11:01.43] /i de::deselectAll [db::getNext [de::getContexts -window 53]]
[00:11:01.43] /i de::select [de::getActiveFigure [gi::getWindows 53] -point {5.625 1.73125} -index 0 -intent none]
[00:11:01.43] /o oa:0x276546f0
[00:11:02.15] /i gi::setItemSelection {parameters} -index {v2,all} -in [gi::getAssistants dePropertyEditor -from [gi::getWindows 53]]
[00:11:02.16] /i gi::setCurrentIndex {parameters} -index {v2,Value} -in [gi::getAssistants dePropertyEditor -from [gi::getWindows 53]]
[00:11:05.39] /i gi::setField {parameters} -value {1.2} -index {v2,Value} -in [gi::getAssistants dePropertyEditor -from [gi::getWindows 53]]
[00:11:05.39] /i gi::executeAction dePropertyEditorApplyChanges -in [gi::getAssistants dePropertyEditor -from [gi::getWindows 53]]
[00:11:06.96] /i gi::setActiveWindow 48
[00:11:06.96] /i gi::setActiveWindow 48 -raise true
[00:11:07.73] /i gi::executeAction menuPreShow -in [gi::getWindows 48]
[00:11:07.73] /r giMenuAccess db::getNext [gi::getMenus saConsoleSimMenu -from [gi::getWindows 48]]
[00:11:08.36] /# gi::executeAction saNetlistAndRun -in [gi::getWindows 48]
[00:11:08.36] /i isa::netlistAndRun -testbench [sa::findActiveTestbench -window 48] -mode overwrite
[00:11:08.42] /r giDialog gi::setActiveDialog [gi::getDialogs {xtShowDesignsPrompt}]
[00:11:08.42] /r giDialog gi::setCurrentIndex {target} -index {0,0} -in [gi::getDialogs {xtShowDesignsPrompt}]
[00:11:08.68] /r giDialog db::setAttr geometry -of [gi::getDialogs {xtShowDesignsPrompt}] -value 649x290+626+410
[00:11:10.96] /r giDialog gi::pressButton {ok} -in [gi::getDialogs {xtShowDesignsPrompt}]
[00:11:11.00] /m Information: 
[00:11:11.00] /o Checking "inverter/tb_full_adder_2bit/schematic"
[00:11:11.00] /o 	[warning] Floating Nets
[00:11:11.00] /o 		Net 'net55' does not connect to a schematic or instance pin (2 times)
[00:11:11.00] /o 0 Error(s),2 Warning(s),0 Message(s) found   in "inverter/tb_full_adder_2bit/schematic"
[00:11:11.00] /o No Design Integrity rule violations found in "inverter/tb_full_adder_2bit/schematic"
[00:11:11.00] /m Information: Checking process is completed: marking the design violations
[00:11:11.00] /m Information: Marking of designs is completed
[00:11:11.10] /m Information: "Starting incremental netlisting for design "inverter/tb_full_adder_2bit/schematic"..." (NETLISTING-010)
[00:11:11.12] /o No Design Integrity rule violations found in "inverter/tb_full_adder_2bit/schematic"
[00:11:11.12] /m Information: 
[00:11:11.12] /o Checking "inverter/full_adder/schematic"
[00:11:11.12] /o No rule violations found in "inverter/full_adder/schematic"
[00:11:11.15] /m Information: "inverter tb_full_adder_2bit schematic" renetlisted. (NETLISTING-056)
[00:11:11.16] /m Information: "Netlisting design "inverter/tb_full_adder_2bit/schematic" finished successfully." (NETLISTING-012)
[00:11:11.16] /m Information: "Composing simulator input file for design "inverter/tb_full_adder_2bit/schematic"..."
[00:11:11.19] /m Information: "Simulator input file composed successfully for design "inverter/tb_full_adder_2bit/schematic""
[00:11:11.37] /m Information: "Starting HSPICE simulation for design: inverter/tb_full_adder_2bit/schematic"
[00:11:11.38] /# gi::collapse {jobMonitorTable} -index {0.0.1.0,0} -in [gi::getWindows 52]
[00:11:11.40] /o 1
[00:11:11.91] /m Information: "Simulation completed successfully for design: inverter/tb_full_adder_2bit/schematic "
[00:11:12.10] /m Information: "Evaluating and plotting outputs..."
[00:11:12.11] /e Error: Evaluating 'v(/Cin)': "Could not find net named: Cin" (HIERARCHY_COMMANDS-007)
[00:11:12.13] /m Information: Launching Waveform Viewer "cd /home/itsupport/simulation/inverter,tb_full_adder_2bit,schematic/history_1/simulation/default/HSPICE/nominal/results &&  wv -k -cdesigner -spxkey /usr/synopsys/customcompiler/N-2017.12-SP1-2/auxx/waveform/sae.spxkey -spxrc /tmp/sae_spxrc_LsaXPu -unique_string 0a5d9da1fed3a2d169aa7f613a217c24125e8d2b0833b894ed40d2f5efbf27a2fb0c0fc5bd6190666a4f455f3ad516dcc0ad88cc94a10231 -lic_type 1    > /home/itsupport/simulation/inverter,tb_full_adder_2bit,schematic/history_1/simulation/default/HSPICE/nominal/results/viewer.log 2>&1"
[00:11:12.13] /i gi::collapse {jobMonitorTable} -index {0.0,0} -in [gi::getWindows 52]
[00:11:12.39] /m Information: Measurement calculations completed for testbench: default in 0s
[00:11:12.86] /j ::wf::WaveView::plotSuccess WaveView_9 {} {_7454580_void_pp _74a19e0_void_pp} 
[00:11:12.88] /j ::wf::WaveView::plotSuccess WaveView_9 {} {_7454580_void_pp _74a1aa8_void_pp} 
[00:11:12.92] /j ::wf::WaveView::plotSuccess WaveView_9 {} {_7454580_void_pp _74a1b70_void_pp} 
[00:11:12.96] /j ::wf::WaveView::plotSuccess WaveView_9 {} {_7454580_void_pp _74a1c38_void_pp} 
[00:11:12.99] /j ::wf::WaveView::plotSuccess WaveView_9 {} {_7454580_void_pp _74a1d00_void_pp} 
[00:11:13.04] /j ::wf::WaveView::plotSuccess WaveView_9 {} {_7454580_void_pp _74a1dc8_void_pp} 
[00:11:13.08] /j ::wf::WaveView::plotSuccess WaveView_9 {} {_7454580_void_pp _74a1e90_void_pp} 
[00:16:18.09] /m Information: Stopped sharing "Custom WaveView" license. (WAVEFORM-111)
[00:23:01.87] /i gi::setActiveWindow 47
[00:23:01.87] /i gi::setActiveWindow 47 -raise true
[00:23:03.08] /i gi::setActiveWindow 48
[00:23:03.08] /i gi::setActiveWindow 48 -raise true
[00:23:03.74] /i gi::setActiveWindow 53
[00:23:03.74] /i gi::setActiveWindow 53 -raise true
[00:23:05.00] /# gi::executeAction deSelectActive -in [gi::getWindows 53]
[00:23:05.00] /i de::deselectAll [db::getNext [de::getContexts -window 53]]
[00:23:05.00] /i de::select [de::getActiveFigure [gi::getWindows 53] -point {4.59375 3.19375} -index 0 -intent none]
[00:23:05.00] /o oa:0x283a67f0
[00:23:05.73] /i gi::executeAction deCanvasDragCancel -in [gi::getWindows 53]
[00:23:06.21] /# gi::executeAction deSelectActive -in [gi::getWindows 53]
[00:23:06.21] /i de::cycleActiveFigure [gi::getWindows 53] -direction next
[00:23:06.21] /o oa:0x25abbd60
[00:23:07.85] /i gi::setItemSelection {parameters} -index {pw,all} -in [gi::getAssistants dePropertyEditor -from [gi::getWindows 53]]
[00:23:07.85] /i gi::setCurrentIndex {parameters} -index {pw,Value} -in [gi::getAssistants dePropertyEditor -from [gi::getWindows 53]]
[00:23:09.27] /i gi::setField {parameters} -value {0.5n} -index {pw,Value} -in [gi::getAssistants dePropertyEditor -from [gi::getWindows 53]]
[00:23:09.27] /i gi::executeAction dePropertyEditorApplyChanges -in [gi::getAssistants dePropertyEditor -from [gi::getWindows 53]]
[00:23:11.02] /i gi::setActiveWindow 47
[00:23:11.02] /i gi::setActiveWindow 47 -raise true
[00:23:11.32] /i gi::setActiveWindow 48
[00:23:11.32] /i gi::setActiveWindow 48 -raise true
[00:23:12.30] /i gi::executeAction menuPreShow -in [gi::getWindows 48]
[00:23:12.30] /r giMenuAccess db::getNext [gi::getMenus saConsoleSimMenu -from [gi::getWindows 48]]
[00:23:12.41] /i gi::executeAction menuPreShow -in [gi::getWindows 48]
[00:23:12.41] /r giMenuAccess db::getNext [gi::getMenus saConsoleOutputsMenu -from [gi::getWindows 48]]
[00:23:13.13] /i gi::executeAction menuPreShow -in [gi::getWindows 48]
[00:23:13.13] /r giMenuAccess db::getNext [gi::getMenus saConsoleSimMenu -from [gi::getWindows 48]]
[00:23:13.72] /# gi::executeAction saNetlistAndRun -in [gi::getWindows 48]
[00:23:13.72] /i isa::netlistAndRun -testbench [sa::findActiveTestbench -window 48] -mode overwrite
[00:23:13.80] /r giDialog gi::setActiveDialog [gi::getDialogs {xtShowDesignsPrompt}]
[00:23:13.80] /r giDialog gi::setCurrentIndex {target} -index {0,0} -in [gi::getDialogs {xtShowDesignsPrompt}]
[00:23:14.06] /r giDialog db::setAttr geometry -of [gi::getDialogs {xtShowDesignsPrompt}] -value 649x290+626+410
[00:23:15.29] /r giDialog gi::pressButton {ok} -in [gi::getDialogs {xtShowDesignsPrompt}]
[00:23:15.33] /m Information: 
[00:23:15.33] /o Checking "inverter/tb_full_adder_2bit/schematic"
[00:23:15.33] /o 	[warning] Floating Nets
[00:23:15.33] /o 		Net 'net55' does not connect to a schematic or instance pin (2 times)
[00:23:15.33] /o 0 Error(s),2 Warning(s),0 Message(s) found   in "inverter/tb_full_adder_2bit/schematic"
[00:23:15.33] /o No Design Integrity rule violations found in "inverter/tb_full_adder_2bit/schematic"
[00:23:15.33] /m Information: Checking process is completed: marking the design violations
[00:23:15.33] /m Information: Marking of designs is completed
[00:23:15.48] /m Information: "Starting incremental netlisting for design "inverter/tb_full_adder_2bit/schematic"..." (NETLISTING-010)
[00:23:15.50] /o No Design Integrity rule violations found in "inverter/tb_full_adder_2bit/schematic"
[00:23:15.50] /m Information: 
[00:23:15.50] /o Checking "inverter/full_adder/schematic"
[00:23:15.50] /o No rule violations found in "inverter/full_adder/schematic"
[00:23:15.53] /m Information: "inverter tb_full_adder_2bit schematic" renetlisted. (NETLISTING-056)
[00:23:15.54] /m Information: "Netlisting design "inverter/tb_full_adder_2bit/schematic" finished successfully." (NETLISTING-012)
[00:23:15.55] /m Information: "Composing simulator input file for design "inverter/tb_full_adder_2bit/schematic"..."
[00:23:15.59] /m Information: "Simulator input file composed successfully for design "inverter/tb_full_adder_2bit/schematic""
[00:23:15.80] /m Information: "Starting HSPICE simulation for design: inverter/tb_full_adder_2bit/schematic"
[00:23:15.80] /# gi::collapse {jobMonitorTable} -index {0.0.1.0,0} -in [gi::getWindows 52]
[00:23:15.82] /o 1
[00:23:16.90] /m Information: "Simulation completed successfully for design: inverter/tb_full_adder_2bit/schematic "
[00:23:17.13] /m Information: "Evaluating and plotting outputs..."
[00:23:17.14] /m Information: Started sharing "Custom WaveView" license. (WAVEFORM-110)
[00:23:17.15] /e Error: Evaluating 'v(/Cin)': "Could not find net named: Cin" (HIERARCHY_COMMANDS-007)
[00:23:17.53] /m Information: Measurement calculations completed for testbench: default in 0s
[00:23:17.81] /j ::wf::WaveView::plotSuccess WaveView_9 {} {_7fb2fa0_void_pp _74a1f58_void_pp} 
[00:23:18.16] /j ::wf::WaveView::plotSuccess WaveView_9 {} {_7fb2fa0_void_pp _74a19e0_void_pp} 
[00:23:18.47] /j ::wf::WaveView::plotSuccess WaveView_9 {} {_7fb2fa0_void_pp _74a1aa8_void_pp} 
[00:23:18.86] /j ::wf::WaveView::plotSuccess WaveView_9 {} {_7fb2fa0_void_pp _74a1b70_void_pp} 
[00:23:19.18] /j ::wf::WaveView::plotSuccess WaveView_9 {} {_7fb2fa0_void_pp _74a1c38_void_pp} 
[00:23:19.50] /j ::wf::WaveView::plotSuccess WaveView_9 {} {_7fb2fa0_void_pp _74a1d00_void_pp} 
[00:23:19.86] /j ::wf::WaveView::plotSuccess WaveView_9 {} {_7fb2fa0_void_pp _74a1dc8_void_pp} 
[00:23:20.77] /i gi::pressButton {ConsoleToggleButton} -in [db::getAttr statusbar -of [gi::getWindows 52]]
[00:23:23.93] /i gi::setActiveWindow 48
[00:23:23.93] /i gi::setActiveWindow 48 -raise true
[00:23:24.44] /i gi::setActiveWindow 47
[00:23:24.44] /i gi::setActiveWindow 47 -raise true
[00:23:25.64] /i gi::setActiveWindow 48
[00:23:25.64] /i gi::setActiveWindow 48 -raise true
[00:23:27.01] /i gi::setCurrentIndex {outputsTable} -index {4,1} -in [gi::getWindows 48]
[00:23:27.01] /i gi::setItemSelection {outputsTable} -index {4,1} -in [gi::getWindows 48]
[00:23:27.01] /i gi::setItemSelection {outputsTable} -index {4,1} -in [gi::getWindows 48]
[00:23:28.24] /i gi::setField {outputsTable} -index {4,1} -value {v(/Cin)} -in [gi::getWindows 48]
[00:23:28.24] /i gi::executeAction menuPreShow -in [gi::getWindows 48]
[00:23:28.24] /r giMenuAccess db::getNext [gi::getMenus saConsoleOutputsMenu -from [gi::getWindows 48]]
[00:23:29.19] /# gi::executeAction saSelectInDesign -in [gi::getWindows 48]
[00:23:29.19] /i sa::selectOutputs -window 48
[00:23:31.14] /i gi::executeAction giCloseWindow -in [gi::getWindows 47]
[00:23:33.07] /i gi::executeAction menuPreShow -in [gi::getWindows 48]
[00:23:33.07] /r giMenuAccess db::getNext [gi::getMenus saConsoleSimMenu -from [gi::getWindows 48]]
[00:23:33.43] /i gi::executeAction menuPreShow -in [gi::getWindows 48]
[00:23:33.43] /r giMenuAccess db::getNext [gi::getMenus saConsoleOutputsMenu -from [gi::getWindows 48]]
[00:23:33.93] /i gi::executeAction menuPreShow -in [gi::getWindows 48]
[00:23:33.93] /r giMenuAccess db::getNext [gi::getMenus saConsoleSimMenu -from [gi::getWindows 48]]
[00:23:36.20] /i gi::executeAction menuPreShow -in [gi::getWindows 48]
[00:23:36.20] /r giMenuAccess db::getNext [gi::getMenus saConsoleOutputsMenu -from [gi::getWindows 48]]
[00:23:38.07] /i gi::executeAction menuPreShow -in [gi::getWindows 48]
[00:23:38.07] /r giMenuAccess db::getNext [gi::getMenus saConsoleSimMenu -from [gi::getWindows 48]]
[00:23:38.41] /i gi::executeAction menuPreShow -in [gi::getWindows 48]
[00:23:38.41] /r giMenuAccess db::getNext [gi::getMenus saConsoleOutputsMenu -from [gi::getWindows 48]]
[00:23:39.60] /# gi::executeAction saSelectInDesign -in [gi::getWindows 48]
[00:23:39.60] /i sa::selectOutputs -window 48
[00:23:42.00] /# gi::executeAction deAddPoint -in [gi::getWindows 53]
[00:23:42.00] /i de::addPoint {5.68125 2.45625} -context [db::getNext [de::getContexts -window 53]]
[00:23:46.72] /i gi::setActiveWindow 48
[00:23:46.72] /i gi::setActiveWindow 48 -raise true
[00:23:47.42] /i gi::executeAction menuPreShow -in [gi::getWindows 48]
[00:23:47.42] /r giMenuAccess db::getNext [gi::getMenus saConsoleSimMenu -from [gi::getWindows 48]]
[00:23:48.11] /# gi::executeAction saNetlistAndRun -in [gi::getWindows 48]
[00:23:48.11] /i isa::netlistAndRun -testbench [sa::findActiveTestbench -window 48] -mode overwrite
[00:23:48.16] /m Information: "Starting incremental netlisting for design "inverter/tb_full_adder_2bit/schematic"..." (NETLISTING-010)
[00:23:48.18] /o No Design Integrity rule violations found in "inverter/tb_full_adder_2bit/schematic"
[00:23:48.20] /m Information: 
[00:23:48.20] /o Checking "inverter/full_adder/schematic"
[00:23:48.20] /o No rule violations found in "inverter/full_adder/schematic"
[00:23:48.25] /m Information: "Netlisting design "inverter/tb_full_adder_2bit/schematic" finished successfully." (NETLISTING-012)
[00:23:48.25] /m Information: "Composing simulator input file for design "inverter/tb_full_adder_2bit/schematic"..."
[00:23:48.29] /m Information: "Simulator input file composed successfully for design "inverter/tb_full_adder_2bit/schematic""
[00:23:48.50] /m Information: "Starting HSPICE simulation for design: inverter/tb_full_adder_2bit/schematic"
[00:23:48.50] /# gi::collapse {jobMonitorTable} -index {0.0.1.0,0} -in [gi::getWindows 52]
[00:23:48.52] /o 1
[00:23:49.50] /m Information: "Simulation completed successfully for design: inverter/tb_full_adder_2bit/schematic "
[00:23:49.75] /m Information: "Evaluating and plotting outputs..."
[00:23:49.77] /e Error: Evaluating 'v(/Cin)': "Could not find net named: Cin" (HIERARCHY_COMMANDS-007)
[00:23:50.18] /m Information: Measurement calculations completed for testbench: default in 1s
[00:23:50.49] /j ::wf::WaveView::plotSuccess WaveView_9 {} {_7fd97b0_void_pp _74a1e90_void_pp} 
[00:23:50.85] /j ::wf::WaveView::plotSuccess WaveView_9 {} {_7fd97b0_void_pp _74a1f58_void_pp} 
[00:23:51.21] /j ::wf::WaveView::plotSuccess WaveView_9 {} {_7fd97b0_void_pp _74a19e0_void_pp} 
[00:23:51.57] /j ::wf::WaveView::plotSuccess WaveView_9 {} {_7fd97b0_void_pp _74a1aa8_void_pp} 
[00:23:51.91] /j ::wf::WaveView::plotSuccess WaveView_9 {} {_7fd97b0_void_pp _74a1b70_void_pp} 
[00:23:52.25] /j ::wf::WaveView::plotSuccess WaveView_9 {} {_7fd97b0_void_pp _74a1c38_void_pp} 
[00:23:52.58] /j ::wf::WaveView::plotSuccess WaveView_9 {} {_7fd97b0_void_pp _74a1d00_void_pp} 
[00:23:52.73] /j ::wf::WaveView::plotSuccess WaveView_9 {} {_7fd97b0_void_pp _74a1dc8_void_pp} 
[00:23:55.06] /i gi::setActiveWindow 48
[00:23:55.06] /i gi::setActiveWindow 48 -raise true
[00:23:58.88] /i gi::setField {outputsTable} -index {4,1} -value {} -in [gi::getWindows 48]
[00:23:58.88] /i gi::setCurrentIndex {outputsTable} -index {3,1} -in [gi::getWindows 48]
[00:23:58.88] /i gi::setItemSelection {outputsTable} -index {} -in [gi::getWindows 48]
[00:23:58.88] /i gi::setItemSelection {outputsTable} -index {} -in [gi::getWindows 48]
[00:23:59.82] /i gi::setActiveWindow 53
[00:23:59.82] /i gi::setActiveWindow 53 -raise true
[00:24:00.56] /i gi::executeAction deCanvasDragCancel -in [gi::getWindows 53]
[00:24:01.10] /# gi::executeAction deSelectActive -in [gi::getWindows 53]
[00:24:01.10] /i de::deselectAll [db::getNext [de::getContexts -window 53]]
[00:24:01.10] /i de::select [de::getActiveFigure [gi::getWindows 53] -point {5.69375 2.0125} -index 0 -intent none]
[00:24:01.10] /o oa:0x2909da10
[00:24:02.35] /i gi::setItemSelection {attributes} -index {name,all} -in [gi::getAssistants dePropertyEditor -from [gi::getWindows 53]]
[00:24:02.35] /i gi::setCurrentIndex {attributes} -index {name,Value} -in [gi::getAssistants dePropertyEditor -from [gi::getWindows 53]]
[00:24:04.31] /i gi::setField {attributes} -value {Cin} -index {name,Value} -in [gi::getAssistants dePropertyEditor -from [gi::getWindows 53]]
[00:24:04.31] /i gi::executeAction dePropertyEditorApplyChanges -in [gi::getAssistants dePropertyEditor -from [gi::getWindows 53]]
[00:24:05.49] /i gi::setActiveWindow 48
[00:24:05.49] /i gi::setActiveWindow 48 -raise true
[00:24:06.82] /i gi::setCurrentIndex {outputsTable} -index {7,1} -in [gi::getWindows 48]
[00:24:06.82] /i gi::setItemSelection {outputsTable} -index {7,1} -in [gi::getWindows 48]
[00:24:06.82] /i gi::setItemSelection {outputsTable} -index {7,1} -in [gi::getWindows 48]
[00:24:07.83] /i gi::setField {outputsTable} -index {7,1} -value {} -in [gi::getWindows 48]
[00:24:07.83] /i gi::setCurrentIndex {outputsTable} -index {6,1} -in [gi::getWindows 48]
[00:24:07.83] /i gi::setItemSelection {outputsTable} -index {} -in [gi::getWindows 48]
[00:24:07.83] /i gi::setItemSelection {outputsTable} -index {} -in [gi::getWindows 48]
[00:24:08.89] /i gi::executeAction menuPreShow -in [gi::getWindows 48]
[00:24:08.89] /r giMenuAccess db::getNext [gi::getMenus saConsoleOutputsMenu -from [gi::getWindows 48]]
[00:24:09.71] /# gi::executeAction saSelectInDesign -in [gi::getWindows 48]
[00:24:09.71] /i sa::selectOutputs -window 48
[00:24:11.06] /# gi::executeAction deAddPoint -in [gi::getWindows 53]
[00:24:11.06] /i de::addPoint {5.6875 2.1875} -context [db::getNext [de::getContexts -window 53]]
[00:24:11.55] /# gi::executeAction deAddPoint -in [gi::getWindows 53]
[00:24:11.55] /i de::addPoint {5.6875 2.1875} -context [db::getNext [de::getContexts -window 53]]
[00:24:11.96] /# gi::executeAction deAddPoint -in [gi::getWindows 53]
[00:24:11.96] /i de::addPoint {5.6875 2.1875} -context [db::getNext [de::getContexts -window 53]]
[00:24:14.57] /i gi::setActiveWindow 48
[00:24:14.57] /i gi::setActiveWindow 48 -raise true
[00:24:15.20] /i gi::executeAction menuPreShow -in [gi::getWindows 48]
[00:24:15.21] /r giMenuAccess db::getNext [gi::getMenus saConsoleSimMenu -from [gi::getWindows 48]]
[00:24:15.68] /# gi::executeAction saNetlistAndRun -in [gi::getWindows 48]
[00:24:15.68] /i isa::netlistAndRun -testbench [sa::findActiveTestbench -window 48] -mode overwrite
[00:24:15.75] /r giDialog gi::setActiveDialog [gi::getDialogs {xtShowDesignsPrompt}]
[00:24:15.75] /r giDialog gi::setCurrentIndex {target} -index {0,0} -in [gi::getDialogs {xtShowDesignsPrompt}]
[00:24:15.99] /r giDialog db::setAttr geometry -of [gi::getDialogs {xtShowDesignsPrompt}] -value 649x290+626+410
[00:24:17.10] /r giDialog gi::pressButton {ok} -in [gi::getDialogs {xtShowDesignsPrompt}]
[00:24:17.12] /m Information: 
[00:24:17.12] /o Checking "inverter/tb_full_adder_2bit/schematic"
[00:24:17.12] /o 	[warning] Floating Nets
[00:24:17.12] /o 		Net 'net55' does not connect to a schematic or instance pin (2 times)
[00:24:17.12] /o 0 Error(s),2 Warning(s),0 Message(s) found   in "inverter/tb_full_adder_2bit/schematic"
[00:24:17.12] /o No Design Integrity rule violations found in "inverter/tb_full_adder_2bit/schematic"
[00:24:17.12] /m Information: Checking process is completed: marking the design violations
[00:24:17.12] /m Information: Marking of designs is completed
[00:24:17.23] /m Information: "Starting incremental netlisting for design "inverter/tb_full_adder_2bit/schematic"..." (NETLISTING-010)
[00:24:17.24] /o No Design Integrity rule violations found in "inverter/tb_full_adder_2bit/schematic"
[00:24:17.26] /m Information: 
[00:24:17.26] /o Checking "inverter/full_adder/schematic"
[00:24:17.26] /o No rule violations found in "inverter/full_adder/schematic"
[00:24:17.30] /m Information: "inverter tb_full_adder_2bit schematic" renetlisted. (NETLISTING-056)
[00:24:17.30] /m Information: "Netlisting design "inverter/tb_full_adder_2bit/schematic" finished successfully." (NETLISTING-012)
[00:24:17.31] /m Information: "Composing simulator input file for design "inverter/tb_full_adder_2bit/schematic"..."
[00:24:17.34] /m Information: "Simulator input file composed successfully for design "inverter/tb_full_adder_2bit/schematic""
[00:24:17.54] /m Information: "Starting HSPICE simulation for design: inverter/tb_full_adder_2bit/schematic"
[00:24:17.54] /# gi::collapse {jobMonitorTable} -index {0.0.1.0,0} -in [gi::getWindows 52]
[00:24:17.56] /o 1
[00:24:18.50] /m Information: "Simulation completed successfully for design: inverter/tb_full_adder_2bit/schematic "
[00:24:18.70] /m Information: "Evaluating and plotting outputs..."
[00:24:19.09] /m Information: Measurement calculations completed for testbench: default in 1s
[00:24:19.39] /j ::wf::WaveView::plotSuccess WaveView_9 {} {_7faef20_void_pp _74a1dc8_void_pp} 
[00:24:19.71] /j ::wf::WaveView::plotSuccess WaveView_9 {} {_7faef20_void_pp _74a1e90_void_pp} 
[00:24:20.01] /j ::wf::WaveView::plotSuccess WaveView_9 {} {_7faef20_void_pp _74a1f58_void_pp} 
[00:24:20.35] /j ::wf::WaveView::plotSuccess WaveView_9 {} {_7faef20_void_pp _74a19e0_void_pp} 
[00:24:20.67] /j ::wf::WaveView::plotSuccess WaveView_9 {} {_7faef20_void_pp _74a1aa8_void_pp} 
[00:24:20.98] /j ::wf::WaveView::plotSuccess WaveView_9 {} {_7faef20_void_pp _74a1b70_void_pp} 
[00:24:21.33] /j ::wf::WaveView::plotSuccess WaveView_9 {} {_7faef20_void_pp _74a1c38_void_pp} 
[00:24:21.51] /j ::wf::WaveView::plotSuccess WaveView_9 {} {_7faef20_void_pp _74a1d00_void_pp} 
[00:28:52.94] /i gi::setActiveWindow 48
[00:28:52.94] /i gi::setActiveWindow 48 -raise true
[00:28:53.67] /i gi::executeAction menuPreShow -in [gi::getWindows 48]
[00:28:53.67] /r giMenuAccess db::getNext [gi::getMenus saResultsMenu -from [gi::getWindows 48]]
[00:28:54.11] /i gi::executeAction menuPreShow -in [gi::getWindows 48]
[00:28:54.12] /r giMenuAccess db::getNext [gi::getMenus saConsoleSimMenu -from [gi::getWindows 48]]
[00:28:54.82] /# gi::executeAction saNetlistAndRun -in [gi::getWindows 48]
[00:28:54.82] /i isa::netlistAndRun -testbench [sa::findActiveTestbench -window 48] -mode overwrite
[00:28:54.89] /m Information: "Starting incremental netlisting for design "inverter/tb_full_adder_2bit/schematic"..." (NETLISTING-010)
[00:28:54.91] /o No Design Integrity rule violations found in "inverter/tb_full_adder_2bit/schematic"
[00:28:54.92] /m Information: 
[00:28:54.92] /o Checking "inverter/full_adder/schematic"
[00:28:54.92] /o No rule violations found in "inverter/full_adder/schematic"
[00:28:54.95] /m Information: "Netlisting design "inverter/tb_full_adder_2bit/schematic" finished successfully." (NETLISTING-012)
[00:28:54.96] /m Information: "Composing simulator input file for design "inverter/tb_full_adder_2bit/schematic"..."
[00:28:54.99] /m Information: "Simulator input file composed successfully for design "inverter/tb_full_adder_2bit/schematic""
[00:28:55.19] /m Information: "Starting HSPICE simulation for design: inverter/tb_full_adder_2bit/schematic"
[00:28:55.19] /# gi::collapse {jobMonitorTable} -index {0.0.1.0,0} -in [gi::getWindows 52]
[00:28:55.21] /o 1
[00:28:56.20] /m Information: "Simulation completed successfully for design: inverter/tb_full_adder_2bit/schematic "
[00:28:56.40] /m Information: "Evaluating and plotting outputs..."
[00:28:56.79] /m Information: Measurement calculations completed for testbench: default in 0s
[00:28:57.06] /j ::wf::WaveView::plotSuccess WaveView_9 {} {_7fd9520_void_pp _74a2020_void_pp} 
[00:28:57.58] /j ::wf::WaveView::plotSuccess WaveView_9 {} {_7fd9520_void_pp _74a1dc8_void_pp} 
[00:28:58.06] /j ::wf::WaveView::plotSuccess WaveView_9 {} {_7fd9520_void_pp _74a1e90_void_pp} 
[00:28:58.42] /j ::wf::WaveView::plotSuccess WaveView_9 {} {_7fd9520_void_pp _74a1f58_void_pp} 
[00:28:58.79] /j ::wf::WaveView::plotSuccess WaveView_9 {} {_7fd9520_void_pp _74a19e0_void_pp} 
[00:28:59.14] /j ::wf::WaveView::plotSuccess WaveView_9 {} {_7fd9520_void_pp _74a1aa8_void_pp} 
[00:28:59.48] /j ::wf::WaveView::plotSuccess WaveView_9 {} {_7fd9520_void_pp _74a1b70_void_pp} 
[00:28:59.82] /j ::wf::WaveView::plotSuccess WaveView_9 {} {_7fd9520_void_pp _74a1c38_void_pp} 
[00:29:48.68] /i db::setAttr iconified -of [gi::getFrames 1] -value true
[00:32:04.51] /i db::setAttr maximized -of [gi::getFrames 1] -value true
[00:32:04.51] /i db::setAttr iconified -of [gi::getFrames 1] -value false
[00:32:08.93] /i gi::setActiveWindow 53
[00:32:08.93] /i gi::setActiveWindow 53 -raise true
[00:32:13.37] /# gi::executeAction deSelectActive -in [gi::getWindows 53]
[00:32:13.37] /i de::deselectAll [db::getNext [de::getContexts -window 53]]
[00:32:13.37] /i de::select [de::getActiveFigure [gi::getWindows 53] -point {4.61875 2.775} -index 0 -intent none]
[00:32:13.37] /o oa:0x1edf47e0
[00:32:14.23] /# gi::executeAction seDelete -in [gi::getWindows 53]
[00:32:14.23] /i ise::delete
[00:32:16.12] /# gi::executeAction deSelectActive -in [gi::getWindows 53]
[00:32:16.12] /i de::deselectAll [db::getNext [de::getContexts -window 53]]
[00:32:16.12] /i de::select [de::getActiveFigure [gi::getWindows 53] -point {4.875 3.49375} -index 0 -intent none]
[00:32:16.12] /o oa:0x25a22cc0
[00:32:16.59] /# gi::executeAction deSelectActive -in [gi::getWindows 53]
[00:32:16.59] /i de::cycleActiveFigure [gi::getWindows 53] -direction next
[00:32:16.59] /o oa:0x25abc650
[00:32:17.26] /# gi::executeAction seDelete -in [gi::getWindows 53]
[00:32:17.26] /i ise::delete
[00:32:18.59] /# gi::executeAction deSelectActive -in [gi::getWindows 53]
[00:32:18.59] /i de::deselectAll [db::getNext [de::getContexts -window 53]]
[00:32:18.59] /i de::select [de::getActiveFigure [gi::getWindows 53] -point {5.16875 2.15625} -index 0 -intent none]
[00:32:18.59] /o oa:0x257726b0
[00:32:19.46] /# gi::executeAction seDelete -in [gi::getWindows 53]
[00:32:19.46] /i ise::delete
[00:32:20.19] /# gi::executeAction deSelectActive -in [gi::getWindows 53]
[00:32:20.19] /i de::deselectAllLogic -context [db::getNext [de::getContexts -window 53]]
[00:33:45.23] /# gi::executeAction seButton1DragStart -in [gi::getWindows 53]
[00:33:45.23] /i ise::stretch -object [de::getActiveFigure [gi::getWindows 53] -point {5.34375 3.9875} -index 0 -intent none] -point {5.375 4}
[00:33:45.92] /# gi::executeAction deEndDrag -in [gi::getWindows 53]
[00:33:45.92] /i de::endDrag {5.35625 4.3} -context [db::getNext [de::getContexts -window 53]]
[00:33:46.62] /# gi::executeAction deSelectActive -in [gi::getWindows 53]
[00:33:46.62] /i de::deselectAllLogic -context [db::getNext [de::getContexts -window 53]]
[00:33:47.44] /# gi::executeAction deSelectActive -in [gi::getWindows 53]
[00:33:47.44] /i de::deselectAll [db::getNext [de::getContexts -window 53]]
[00:33:47.44] /i de::select [de::getActiveFigure [gi::getWindows 53] -point {5.675 4.14375} -index 0 -intent none]
[00:33:47.44] /o oa:0x26b08440
[00:33:48.35] /# gi::executeAction seDelete -in [gi::getWindows 53]
[00:33:48.35] /i ise::delete
[00:33:49.90] /# gi::executeAction deSelectActive -in [gi::getWindows 53]
[00:33:49.90] /i de::deselectAll [db::getNext [de::getContexts -window 53]]
[00:33:49.90] /i de::select [de::getActiveFigure [gi::getWindows 53] -point {5.6875 3.99375} -index 0 -intent none]
[00:33:49.90] /o oa:0x2716c410
[00:33:50.32] /# gi::executeAction deSelectActive -in [gi::getWindows 53]
[00:33:50.32] /i de::cycleActiveFigure [gi::getWindows 53] -direction next
[00:33:50.32] /o oa:0x283024d0
[00:33:50.32] /i de::deselectAll [db::getNext [de::getContexts -window 53]]
[00:33:50.32] /i de::select [de::getActiveFigure [gi::getWindows 53] -point {5.6875 3.99375} -index 1 -intent none]
[00:33:50.32] /o oa:0x28231160
[00:33:50.67] /# gi::executeAction deSelectActive -in [gi::getWindows 53]
[00:33:50.67] /i de::cycleActiveFigure [gi::getWindows 53] -direction next
[00:33:50.67] /o oa:0x1c6bfa10
[00:33:50.67] /i de::deselectAll [db::getNext [de::getContexts -window 53]]
[00:33:50.67] /i de::select [de::getActiveFigure [gi::getWindows 53] -point {5.6875 3.99375} -index 0 -intent none]
[00:33:50.67] /o oa:0x259378c0
[00:33:51.00] /i gi::executeAction deCanvasDragCancel -in [gi::getWindows 53]
[00:34:01.09] /m Information: Stopped sharing "Custom WaveView" license. (WAVEFORM-111)
[00:35:40.84] /# gi::executeAction seSchCreateWire -in [gi::getWindows 53]
[00:35:40.84] /i ise::createWire
[00:35:45.95] /# gi::executeAction deAddPoint -in [gi::getWindows 53]
[00:35:45.95] /i de::addPoint {4.64375 3.4375} -context [db::getNext [de::getContexts -window 53]]
[00:35:46.02] /i de::setCursor -point {4.6875 3.4375 }
[00:35:46.70] /# gi::executeAction deAddPoint -in [gi::getWindows 53]
[00:35:46.70] /i de::addPoint {5.13125 3.525} -context [db::getNext [de::getContexts -window 53]]
[00:35:58.20] /# gi::executeAction seSchCreateWire -in [gi::getWindows 53]
[00:35:58.20] /i ise::createWire
[00:36:00.26] /# gi::executeAction deAbortCommand -in [gi::getWindows 53]
[00:36:00.26] /i de::abortCommand -context [db::getNext [de::getContexts -window 53]]
[00:36:00.98] /# gi::executeAction seDelete -in [gi::getWindows 53]
[00:36:00.98] /i ise::delete
[00:36:01.60] /# gi::executeAction deAddPoint -in [gi::getWindows 53]
[00:36:01.60] /i de::addPoint {4.65 4.20625} -context [db::getNext [de::getContexts -window 53]]
[00:36:01.86] /# gi::executeAction deCompleteShape -in [gi::getWindows 53]
[00:36:01.86] /i de::completeShape -context [db::getNext [de::getContexts -window 53]]
[00:36:02.07] /# gi::executeAction deAbortCommand -in [gi::getWindows 53]
[00:36:02.07] /i de::abortCommand -context [db::getNext [de::getContexts -window 53]]
[00:36:03.03] /# gi::executeAction seSchCreateWire -in [gi::getWindows 53]
[00:36:03.03] /i ise::createWire
[00:36:03.97] /# gi::executeAction deAddPoint -in [gi::getWindows 53]
[00:36:03.97] /i de::addPoint {4.6125 4.2875} -context [db::getNext [de::getContexts -window 53]]
[00:36:04.02] /i de::setCursor -point {4.625 4.25 }
[00:36:04.04] /i de::setCursor -point {4.5625 4.25 }
[00:36:04.05] /i de::setCursor -point {4.5625 4.1875 }
[00:36:05.52] /# gi::executeAction deAddPoint -in [gi::getWindows 53]
[00:36:05.52] /i de::addPoint {4.475 2.7125} -context [db::getNext [de::getContexts -window 53]]
[00:36:05.60] /i de::setCursor -point {4.5625 2.6875 }
[00:36:06.11] /# gi::executeAction deAddPoint -in [gi::getWindows 53]
[00:36:06.11] /i de::addPoint {4.63125 2.69375} -context [db::getNext [de::getContexts -window 53]]
[00:36:07.47] /# gi::executeAction deAddPoint -in [gi::getWindows 53]
[00:36:07.47] /i de::addPoint {5.76875 4.3} -context [db::getNext [de::getContexts -window 53]]
[00:36:07.53] /i de::setCursor -point {5.75 4.25 }
[00:36:08.22] /# gi::executeAction deAddPoint -in [gi::getWindows 53]
[00:36:08.22] /i de::addPoint {5.74375 3.9875} -context [db::getNext [de::getContexts -window 53]]
[00:36:18.03] /# gi::executeAction deAddPoint -in [gi::getWindows 53]
[00:36:18.03] /i de::addPoint {4.6125 4.0125} -context [db::getNext [de::getContexts -window 53]]
[00:36:18.20] /i de::setCursor -point {4.6875 4 }
[00:36:18.23] /i de::setCursor -point {4.6875 3.9375 }
[00:36:18.24] /i de::setCursor -point {4.75 3.9375 }
[00:36:19.39] /# gi::executeAction deAddPoint -in [gi::getWindows 53]
[00:36:19.39] /i de::addPoint {5.4375 3.35} -context [db::getNext [de::getContexts -window 53]]
[00:36:19.75] /# gi::executeAction deAbortCommand -in [gi::getWindows 53]
[00:36:19.75] /i de::abortCommand -context [db::getNext [de::getContexts -window 53]]
[00:36:20.27] /# gi::executeAction deSelectActive -in [gi::getWindows 53]
[00:36:20.27] /i de::deselectAll [db::getNext [de::getContexts -window 53]]
[00:36:20.27] /i de::select [de::getActiveFigure [gi::getWindows 53] -point {5.41875 2.75625} -index 0 -intent none]
[00:36:20.27] /o oa:0x1d0fd8e0
[00:36:20.90] /# gi::executeAction seDelete -in [gi::getWindows 53]
[00:36:20.90] /i ise::delete
[00:36:21.62] /# gi::executeAction deSelectActive -in [gi::getWindows 53]
[00:36:21.62] /i de::deselectAllLogic -context [db::getNext [de::getContexts -window 53]]
[00:36:22.95] /# gi::executeAction seSchCreateWire -in [gi::getWindows 53]
[00:36:22.95] /i ise::createWire
[00:36:31.70] /# gi::executeAction deAddPoint -in [gi::getWindows 53]
[00:36:31.70] /i de::addPoint {4.63125 2.16875} -context [db::getNext [de::getContexts -window 53]]
[00:36:31.76] /i de::setCursor -point {4.6875 2.1875 }
[00:36:32.84] /# gi::executeAction deAddPoint -in [gi::getWindows 53]
[00:36:32.84] /i de::addPoint {5.2375 2.9375} -context [db::getNext [de::getContexts -window 53]]
[00:36:33.17] /# gi::executeAction deAbortCommand -in [gi::getWindows 53]
[00:36:33.17] /i de::abortCommand -context [db::getNext [de::getContexts -window 53]]
[00:36:34.75] /# gi::executeAction seDelete -in [gi::getWindows 53]
[00:36:34.75] /i ise::delete
[00:36:35.45] /# gi::executeAction deAddPoint -in [gi::getWindows 53]
[00:36:35.45] /i de::addPoint {5.03125 2.91875} -context [db::getNext [de::getContexts -window 53]]
[00:36:35.63] /# gi::executeAction deCompleteShape -in [gi::getWindows 53]
[00:36:35.63] /i de::completeShape -context [db::getNext [de::getContexts -window 53]]
[00:36:35.76] /# gi::executeAction deAbortCommand -in [gi::getWindows 53]
[00:36:35.76] /i de::abortCommand -context [db::getNext [de::getContexts -window 53]]
[00:36:48.22] /i gi::executeAction deCanvasDragCancel -in [gi::getWindows 53]
[00:36:49.13] /# gi::executeAction deSelectActive -in [gi::getWindows 53]
[00:36:49.13] /i de::deselectAll [db::getNext [de::getContexts -window 53]]
[00:36:49.13] /i de::select [de::getActiveFigure [gi::getWindows 53] -point {4.61875 3.775} -index 0 -intent none]
[00:36:49.13] /o oa:0x272404c0
[00:36:54.09] /i gi::setActiveWindow 48
[00:36:54.09] /i gi::setActiveWindow 48 -raise true
[00:36:54.74] /i gi::executeAction menuPreShow -in [gi::getWindows 48]
[00:36:54.74] /r giMenuAccess db::getNext [gi::getMenus saConsoleSimMenu -from [gi::getWindows 48]]
[00:36:55.33] /# gi::executeAction saRun -in [gi::getWindows 48]
[00:36:55.33] /i isa::run -testbench [sa::findActiveTestbench -window 48] -mode overwrite
[00:36:55.51] /m Information: "Composing simulator input file for design "inverter/tb_full_adder_2bit/schematic"..."
[00:36:55.54] /m Information: "Simulator input file composed successfully for design "inverter/tb_full_adder_2bit/schematic""
[00:36:55.67] /m Information: "Starting HSPICE simulation for design: inverter/tb_full_adder_2bit/schematic"
[00:36:55.67] /# gi::collapse {jobMonitorTable} -index {0.0.1.0,0} -in [gi::getWindows 52]
[00:36:55.70] /o 1
[00:36:56.61] /m Information: "Simulation completed successfully for design: inverter/tb_full_adder_2bit/schematic "
[00:36:56.84] /m Information: "Evaluating and plotting outputs..."
[00:36:56.85] /m Information: Started sharing "Custom WaveView" license. (WAVEFORM-110)
[00:36:57.27] /m Information: Measurement calculations completed for testbench: default in 0s
[00:36:57.57] /j ::wf::WaveView::plotSuccess WaveView_9 {} {_7fc13c0_void_pp _74a1d00_void_pp} 
[00:36:57.61] /i gi::executeAction giCloseWindow -in [gi::getWindows 52]
[00:36:57.63] /i gi::setActiveWindow 48
[00:36:57.63] /i gi::setActiveWindow 48 -raise true
[00:36:57.97] /j ::wf::WaveView::plotSuccess WaveView_9 {} {_7fc13c0_void_pp _74a2020_void_pp} 
[00:36:58.24] /i gi::executeAction menuPreShow -in [gi::getWindows 48]
[00:36:58.24] /r giMenuAccess db::getNext [gi::getMenus saConsoleSimMenu -from [gi::getWindows 48]]
[00:36:58.30] /j ::wf::WaveView::plotSuccess WaveView_9 {} {_7fc13c0_void_pp _74a1dc8_void_pp} 
[00:36:58.66] /j ::wf::WaveView::plotSuccess WaveView_9 {} {_7fc13c0_void_pp _74a1e90_void_pp} 
[00:36:58.82] /# gi::executeAction saNetlistAndRun -in [gi::getWindows 48]
[00:36:58.82] /i isa::netlistAndRun -testbench [sa::findActiveTestbench -window 48] -mode overwrite
[00:36:58.97] /# ::wf::WaveView::plotSuccess WaveView_9 {} {_7fc13c0_void_pp _74a1f58_void_pp} 
[00:36:59.16] /r giDialog db::setAttr geometry -of [gi::getDialogs {xtShowDesignsPrompt}] -value 649x290+626+410
[00:36:59.25] /r giDialog gi::setActiveDialog [gi::getDialogs {xtShowDesignsPrompt}]
[00:36:59.25] /r giDialog gi::setCurrentIndex {target} -index {0,0} -in [gi::getDialogs {xtShowDesignsPrompt}]
[00:36:59.30] /# ::wf::WaveView::plotSuccess WaveView_9 {} {_7fc13c0_void_pp _74a19e0_void_pp} 
[00:36:59.67] /# ::wf::WaveView::plotSuccess WaveView_9 {} {_7fc13c0_void_pp _74a1aa8_void_pp} 
[00:37:00.01] /# ::wf::WaveView::plotSuccess WaveView_9 {} {_7fc13c0_void_pp _74a1b70_void_pp} 
[00:37:00.53] /r giDialog gi::pressButton {ok} -in [gi::getDialogs {xtShowDesignsPrompt}]
[00:37:00.56] /m Information: 
[00:37:00.56] /o Checking "inverter/tb_full_adder_2bit/schematic"
[00:37:00.56] /o 	[warning] Floating Nets
[00:37:00.56] /o 		Net 'net55' does not connect to a schematic or instance pin (2 times)
[00:37:00.56] /o 0 Error(s),2 Warning(s),0 Message(s) found   in "inverter/tb_full_adder_2bit/schematic"
[00:37:00.56] /o No Design Integrity rule violations found in "inverter/tb_full_adder_2bit/schematic"
[00:37:00.56] /m Information: Checking process is completed: marking the design violations
[00:37:00.56] /m Information: Marking of designs is completed
[00:37:00.59] /r giWindowId 54
[00:37:00.60] /r giWindowGeometry 800x600
[00:37:00.69] /m Information: "Starting incremental netlisting for design "inverter/tb_full_adder_2bit/schematic"..." (NETLISTING-010)
[00:37:00.70] /o No Design Integrity rule violations found in "inverter/tb_full_adder_2bit/schematic"
[00:37:00.72] /m Information: 
[00:37:00.72] /o Checking "inverter/full_adder/schematic"
[00:37:00.72] /o No rule violations found in "inverter/full_adder/schematic"
[00:37:00.75] /m Information: "inverter tb_full_adder_2bit schematic" renetlisted. (NETLISTING-056)
[00:37:00.76] /m Information: "Netlisting design "inverter/tb_full_adder_2bit/schematic" finished successfully." (NETLISTING-012)
[00:37:00.76] /m Information: "Composing simulator input file for design "inverter/tb_full_adder_2bit/schematic"..."
[00:37:00.79] /m Information: "Simulator input file composed successfully for design "inverter/tb_full_adder_2bit/schematic""
[00:37:01.01] /m Information: "Starting HSPICE simulation for design: inverter/tb_full_adder_2bit/schematic"
[00:37:01.01] /# gi::collapse {jobMonitorTable} -index {0.0.1.0,0} -in [gi::getWindows 54]
[00:37:01.02] /o 1
[00:37:01.90] /m Information: "Simulation completed successfully for design: inverter/tb_full_adder_2bit/schematic "
[00:37:02.16] /m Information: "Evaluating and plotting outputs..."
[00:37:02.59] /m Information: Measurement calculations completed for testbench: default in 0s
[00:37:02.96] /j ::wf::WaveView::plotSuccess WaveView_9 {} {_8031620_void_pp _74a1c38_void_pp} 
[00:37:03.30] /j ::wf::WaveView::plotSuccess WaveView_9 {} {_8031620_void_pp _74a1d00_void_pp} 
[00:37:03.66] /j ::wf::WaveView::plotSuccess WaveView_9 {} {_8031620_void_pp _74a2020_void_pp} 
[00:37:03.99] /j ::wf::WaveView::plotSuccess WaveView_9 {} {_8031620_void_pp _74a1dc8_void_pp} 
[00:37:04.32] /j ::wf::WaveView::plotSuccess WaveView_9 {} {_8031620_void_pp _74a1e90_void_pp} 
[00:37:04.68] /j ::wf::WaveView::plotSuccess WaveView_9 {} {_8031620_void_pp _74a1f58_void_pp} 
[00:37:05.04] /j ::wf::WaveView::plotSuccess WaveView_9 {} {_8031620_void_pp _74a19e0_void_pp} 
[00:37:05.38] /j ::wf::WaveView::plotSuccess WaveView_9 {} {_8031620_void_pp _74a1aa8_void_pp} 
[00:37:35.92] /i gi::setActiveWindow 48
[00:37:35.92] /i gi::setActiveWindow 48 -raise true
[00:37:36.66] /i gi::setActiveWindow 53
[00:37:36.66] /i gi::setActiveWindow 53 -raise true
[00:37:38.35] /i gi::setActiveWindow 2
[00:37:38.35] /i gi::setActiveWindow 2 -raise true
[00:37:40.25] /i gi::setItemSelection {cellCategories} -index {} -in [gi::getWindows 2]
[00:37:41.55] /i gi::setCurrentIndex {cellCategories} -index {Uncategorized} -in [gi::getWindows 2]
[00:37:41.55] /i gi::setItemSelection {cellCategories} -index {Uncategorized} -in [gi::getWindows 2]
[00:37:42.57] /i gi::setCurrentIndex {cellCategories} -index {LAB3} -in [gi::getWindows 2]
[00:37:42.57] /i gi::setItemSelection {cellCategories} -index {LAB3} -in [gi::getWindows 2]
[00:37:44.17] /i gi::setCurrentIndex {cells} -index {CMOS_LAB3} -in [gi::getWindows 2]
[00:37:44.17] /# gi::executeAction dmShowNewCell -in [gi::getWindows 2]
[00:37:44.17] /i dm::showNewCell -parent 2
[00:37:44.20] /o oa:0x2462d400
[00:37:44.25] /i gi::setActiveDialog [gi::getDialogs {dmNewCell} -parent [gi::getWindows 2]]
[00:37:44.48] /i db::setAttr geometry -of [gi::getDialogs {dmNewCell} -parent [gi::getWindows 2]] -value 448x227+726+442
[00:37:47.75] /i gi::setField {cellName} -value {2cmos} -in [gi::getDialogs {dmNewCell} -parent [gi::getWindows 2]]
[00:37:47.83] /i gi::pressButton {ok} -in [gi::getDialogs {dmNewCell} -parent [gi::getWindows 2]]
[00:37:47.83] /# dm::createCell 2cmos -lib [ oa::LibFind [oa::ScalarName [oa::CdbaNS] inverter]]
[00:37:47.83] /# dm::addToCellCategory [db::getNext [dm::getCellCategories -libName inverter -filter "%name == \"LAB3\""]] -cell [dm::findCell 2cmos -libName inverter]
[00:37:47.84] /# gi::setItemSelection {cells} -index {2cmos} -in [gi::getDialogs {dmNewCell} -parent [gi::getWindows 2]]
[00:37:49.00] /i gi::setCurrentIndex {cells} -index {2cmos} -in [gi::getWindows 2]
[00:37:49.00] /i gi::setItemSelection {cells} -index {2cmos} -in [gi::getWindows 2]
[00:37:50.11] /# gi::executeAction dmShowNewCellView -in [gi::getWindows 2]
[00:37:50.11] /i dm::showNewCellView -parent 2
[00:37:50.14] /o oa:0x23928260
[00:37:50.18] /i gi::setActiveDialog [gi::getDialogs {dmNewCellView} -parent [gi::getWindows 2]]
[00:37:50.46] /i db::setAttr geometry -of [gi::getDialogs {dmNewCellView} -parent [gi::getWindows 2]] -value 588x285+656+413
[00:37:53.47] /i gi::setField {cellViewName} -value {schematic} -in [gi::getDialogs {dmNewCellView} -parent [gi::getWindows 2]]
[00:37:54.04] /i gi::pressButton {apply} -in [gi::getDialogs {dmNewCellView} -parent [gi::getWindows 2]]
[00:37:54.05] /# db::getAttr viewType -of [dm::findCellView schematic -cell [dm::findCell 2cmos -lib [oa::LibFind [oa::ScalarName [oa::CdbaNS] inverter]]]]
[00:37:54.05] /# dm::createCellView schematic -cell [dm::findCell 2cmos -lib [ oa::LibFind [oa::ScalarName [oa::CdbaNS] inverter]]] -viewType schematic
[00:37:54.05] /# dm::addToCellCategory [db::getNext [dm::getCellCategories -libName inverter -filter "%name == \"LAB3\""]] -cell [dm::findCell 2cmos -libName inverter]
[00:37:54.05] /# de::open [dm::findCellView schematic -cell [dm::findCell 2cmos -lib [oa::LibFind [oa::ScalarName [oa::CdbaNS] inverter]]]] -application seSchematic
[00:37:54.08] /r giWindowId 55
[00:37:54.08] /r giWindowGeometry 1632x1020
[00:37:54.27] /m Information: 
[00:37:54.27] /o Checking "inverter/2cmos/schematic"
[00:37:54.27] /o No rule violations found in "inverter/2cmos/schematic"
[00:37:54.27] /m Information: Checking process is completed: marking the design violations
[00:37:54.27] /m Information: Marking of designs is completed
[00:37:54.59] /i gi::setActiveWindow 2
[00:37:54.59] /i gi::setActiveWindow 2 -raise true
[00:37:54.64] /i gi::pressButton {ok} -in [gi::getDialogs {dmNewCellView} -parent [gi::getWindows 2]]
[00:37:54.65] /# db::getAttr viewType -of [dm::findCellView schematic -cell [dm::findCell 2cmos -lib [oa::LibFind [oa::ScalarName [oa::CdbaNS] inverter]]]]
[00:37:54.71] /r giDialog gi::setActiveDialog [gi::getDialogs {dmOverwrite}]
[00:37:54.97] /r giDialog db::setAttr geometry -of [gi::getDialogs {dmOverwrite}] -value 269x82+816+514
[00:37:56.16] /r giDialog gi::pressButton {cancel} -in [gi::getDialogs {dmOverwrite}]
[00:37:56.17] /i gi::setActiveDialog [gi::getDialogs {dmNewCellView} -parent [gi::getWindows 2]]
[00:37:56.89] /i gi::closeWindows [gi::getDialogs {dmNewCellView} -parent [gi::getWindows 2]]
[00:37:56.90] /i gi::setActiveWindow 55
[00:37:56.90] /i gi::setActiveWindow 55 -raise true
[00:38:01.13] /# gi::executeAction seCreateInst -in [gi::getWindows 55]
[00:38:01.13] /i ise::createInst
[00:38:01.17] /i gi::setActiveDialog [gi::getDialogs {seCreateInst} -parent [gi::getWindows 55]]
[00:38:01.47] /i db::setAttr geometry -of [gi::getDialogs {seCreateInst}] -value 359x337+0+65
[00:38:03.63] /i gi::setField {instMasterLib} -value {inverter} -in [gi::getDialogs {seCreateInst} -parent [gi::getWindows 55]]
[00:38:03.96] /i db::setAttr geometry -of [gi::getDialogs {seCreateInst}] -value 359x337+0+65
[00:38:06.24] /i gi::setField {instMasterCell} -value {CMOS} -in [gi::getDialogs {seCreateInst} -parent [gi::getWindows 55]]
[00:38:06.57] /i db::setAttr geometry -of [gi::getDialogs {seCreateInst}] -value 359x337+0+65
[00:38:07.48] /# gi::executeAction deAddPoint -in [gi::getWindows 55]
[00:38:07.48] /i de::addPoint {2.68125 1.75} -context [db::getNext [de::getContexts -window 55]]
[00:38:08.65] /# gi::executeAction deAddPoint -in [gi::getWindows 55]
[00:38:08.65] /i de::addPoint {4.9875 1.75} -context [db::getNext [de::getContexts -window 55]]
[00:38:08.82] /# gi::executeAction deAbortCommand -in [gi::getWindows 55]
[00:38:08.82] /i de::abortCommand -context [db::getNext [de::getContexts -window 55]]
[00:38:10.96] /# gi::executeAction seSchCreateSchematicPin -in [gi::getWindows 55]
[00:38:10.96] /i ise::createSchematicPin
[00:38:14.58] /# gi::executeAction deAddPoint -in [gi::getWindows 55]
[00:38:14.58] /i de::addPoint {2.41875 3.23125} -context [db::getNext [de::getContexts -window 55]]
[00:38:14.58] /w Warning: No wiring objects were found at this location. (SE-928)
[00:38:17.87] /i gi::setField {schematicPinName} -value {in} -in [gi::getToolbars {deCommandOptions} -from [gi::getWindows 55]]
[00:38:19.27] /# gi::executeAction deAddPoint -in [gi::getWindows 55]
[00:38:19.27] /i de::addPoint {2.1875 3.23125} -context [db::getNext [de::getContexts -window 55]]
[00:38:21.49] /i gi::setField {schematicPinName} -value {out} -in [gi::getToolbars {deCommandOptions} -from [gi::getWindows 55]]
[00:38:23.35] /i gi::setField {schematicPinType} -value {output} -in [gi::getToolbars {deCommandOptions} -from [gi::getWindows 55]]
[00:38:24.27] /# gi::executeAction deAddPoint -in [gi::getWindows 55]
[00:38:24.27] /i de::addPoint {7.9875 3.275} -context [db::getNext [de::getContexts -window 55]]
[00:38:24.54] /# gi::executeAction deAbortCommand -in [gi::getWindows 55]
[00:38:24.54] /i de::abortCommand -context [db::getNext [de::getContexts -window 55]]
[00:38:25.35] /# gi::executeAction seSchCreateWire -in [gi::getWindows 55]
[00:38:25.35] /i ise::createWire
[00:38:26.39] /# gi::executeAction deAddPoint -in [gi::getWindows 55]
[00:38:26.39] /i de::addPoint {2.1125 3.2375} -context [db::getNext [de::getContexts -window 55]]
[00:38:26.42] /i de::setCursor -point {2.1875 3.25 }
[00:38:27.72] /# gi::executeAction deAddPoint -in [gi::getWindows 55]
[00:38:27.72] /i de::addPoint {3.2375 3.25} -context [db::getNext [de::getContexts -window 55]]
[00:38:29.36] /# gi::executeAction deAddPoint -in [gi::getWindows 55]
[00:38:29.36] /i de::addPoint {5.2125 3.23125} -context [db::getNext [de::getContexts -window 55]]
[00:38:30.23] /# gi::executeAction deAddPoint -in [gi::getWindows 55]
[00:38:30.23] /i de::addPoint {5.55 3.23125} -context [db::getNext [de::getContexts -window 55]]
[00:38:31.60] /# gi::executeAction deAddPoint -in [gi::getWindows 55]
[00:38:31.60] /i de::addPoint {7.53125 3.2375} -context [db::getNext [de::getContexts -window 55]]
[00:38:32.27] /# gi::executeAction deAddPoint -in [gi::getWindows 55]
[00:38:32.27] /i de::addPoint {7.5 3.2375} -context [db::getNext [de::getContexts -window 55]]
[00:38:33.52] /# gi::executeAction deAddPoint -in [gi::getWindows 55]
[00:38:33.52] /i de::addPoint {8.025 3.26875} -context [db::getNext [de::getContexts -window 55]]
[00:38:33.53] /i de::setCursor -point {8 3.3125 }
[00:38:33.56] /i de::setCursor -point {7.9375 3.3125 }
[00:38:33.60] /i de::setCursor -point {7.875 3.3125 }
[00:38:34.43] /# gi::executeAction deAddPoint -in [gi::getWindows 55]
[00:38:34.43] /i de::addPoint {7.5375 3.2375} -context [db::getNext [de::getContexts -window 55]]
[00:38:35.22] /# gi::executeAction deAbortCommand -in [gi::getWindows 55]
[00:38:35.22] /i de::abortCommand -context [db::getNext [de::getContexts -window 55]]
[00:38:36.58] /# gi::executeAction seSchCheckAndSave -in [gi::getWindows 55]
[00:38:36.58] /i ise::check
[00:38:36.59] /m Information: 
[00:38:36.59] /o Checking "inverter/2cmos/schematic"
[00:38:36.59] /o No rule violations found in "inverter/2cmos/schematic"
[00:38:36.59] /m Information: Checking process is completed: marking the design violations
[00:38:36.61] /m Information: Marking of designs is completed
[00:38:36.61] /o true
[00:38:36.72] /# gi::executeAction seSchCheckAndSave -in [gi::getWindows 55]
[00:38:36.72] /i ise::check
[00:38:36.72] /m Information: 
[00:38:36.72] /o Checking "inverter/2cmos/schematic"
[00:38:36.73] /o No rule violations found in "inverter/2cmos/schematic"
[00:38:36.73] /m Information: Checking process is completed: marking the design violations
[00:38:36.73] /m Information: Marking of designs is completed
[00:38:36.73] /o true
[00:38:36.85] /# gi::executeAction seSchCheckAndSave -in [gi::getWindows 55]
[00:38:36.85] /i ise::check
[00:38:36.85] /m Information: 
[00:38:36.85] /o Checking "inverter/2cmos/schematic"
[00:38:36.85] /o No rule violations found in "inverter/2cmos/schematic"
[00:38:36.85] /m Information: Checking process is completed: marking the design violations
[00:38:36.86] /m Information: Marking of designs is completed
[00:38:36.86] /o true
[00:38:40.32] /# gi::executeAction deCellviewFromCellview -in [gi::getWindows 55]
[00:38:40.32] /i db::showCellViewFromCellView -src [db::getAttr container -of [db::getAttr editFile -of [db::getNext [de::getContexts -window 55]]]] 
[00:38:40.33] /o oa:0x258c5f20
[00:38:40.40] /i gi::setActiveDialog [gi::getDialogs {dbCellViewFromCellView}]
[00:38:40.61] /i db::setAttr geometry -of [gi::getDialogs {dbCellViewFromCellView}] -value 628x339+636+409
[00:38:41.81] /i gi::pressButton {apply} -in [gi::getDialogs {dbCellViewFromCellView}]
[00:38:41.84] /r giWindowId 56
[00:38:41.85] /r giWindowGeometry 1632x1020
[00:38:42.87] /# gi::executeAction deCanvasZoomOutAtPoint -in [gi::getWindows 56]
[00:38:42.87] /i de::zoom -window [gi::getWindows 56] -factor 0.5 -center {0.74375 0.09375}
[00:38:42.87] /o {-2.0375 -1.075} {2.125 1.0625}
[00:38:43.24] /# gi::executeAction deFitView -in [gi::getWindows 56]
[00:38:43.24] /i de::fit -window 56 -fitView true
[00:38:43.24] /o {-0.63125 -0.49375} {1.44375 0.58125}
[00:38:44.39] /# gi::executeAction deSelectActive -in [gi::getWindows 56]
[00:38:44.39] /i de::deselectAll [db::getNext [de::getContexts -window 56]]
[00:38:44.39] /i de::select [de::getActiveFigure [gi::getWindows 56] -point {0.45625 -0.025} -index 0 -intent none]
[00:38:44.39] /o oa:0x25acdfd0
[00:38:44.84] /# gi::executeAction seButton1DragStart -in [gi::getWindows 56]
[00:38:44.84] /i ise::stretch -point {0.4375 0}
[00:38:45.47] /# gi::executeAction deEndDrag -in [gi::getWindows 56]
[00:38:45.47] /i de::endDrag {0.4375 0.3375} -context [db::getNext [de::getContexts -window 56]]
[00:38:46.13] /# gi::executeAction deSelectActive -in [gi::getWindows 56]
[00:38:46.13] /i de::deselectAll [db::getNext [de::getContexts -window 56]]
[00:38:46.13] /i de::select [de::getActiveFigure [gi::getWindows 56] -point {0.425 -0.0875} -index 0 -intent none]
[00:38:46.13] /o oa:0x232ef300
[00:38:46.76] /# gi::executeAction seDelete -in [gi::getWindows 56]
[00:38:46.76] /i ise::delete
[00:38:47.23] /# gi::executeAction deSelectActive -in [gi::getWindows 56]
[00:38:47.23] /i de::deselectAll [db::getNext [de::getContexts -window 56]]
[00:38:47.23] /i de::select [de::getActiveFigure [gi::getWindows 56] -point {0.41875 -0.21875} -index 0 -intent none]
[00:38:47.23] /o oa:0x247a7900
[00:38:47.36] /# gi::executeAction seDelete -in [gi::getWindows 56]
[00:38:47.36] /i ise::delete
[00:38:47.95] /# gi::executeAction deSelectActive -in [gi::getWindows 56]
[00:38:47.95] /i de::deselectAll [db::getNext [de::getContexts -window 56]]
[00:38:47.95] /i de::select [de::getActiveFigure [gi::getWindows 56] -point {0.39375 -0.34375} -index 0 -intent none]
[00:38:47.96] /o oa:0x27a7ec40
[00:38:48.21] /# gi::executeAction seDelete -in [gi::getWindows 56]
[00:38:48.22] /i ise::delete
[00:38:48.76] /# gi::executeAction deSelectActive -in [gi::getWindows 56]
[00:38:48.76] /i de::deselectAll [db::getNext [de::getContexts -window 56]]
[00:38:48.76] /i de::select [de::getActiveFigure [gi::getWindows 56] -point {0.175 0.00625} -index 0 -intent none]
[00:38:48.77] /o oa:0x26f5e300
[00:38:49.25] /# gi::executeAction deSelectActive -in [gi::getWindows 56]
[00:38:49.25] /i de::cycleActiveFigure [gi::getWindows 56] -direction next
[00:38:49.25] /o oa:0x25aeab60
[00:38:49.25] /i de::deselectAll [db::getNext [de::getContexts -window 56]]
[00:38:49.25] /i de::select [de::getActiveFigure [gi::getWindows 56] -point {0.15625 0} -index 1 -intent none]
[00:38:49.25] /o oa:0x274ba600
[00:38:50.18] /# gi::executeAction deSelectActive -in [gi::getWindows 56]
[00:38:50.18] /i de::deselectAll [db::getNext [de::getContexts -window 56]]
[00:38:50.18] /i de::select [de::getActiveFigure [gi::getWindows 56] -point {0.8625 0.46875} -index 0 -intent none]
[00:38:50.18] /o oa:0x263faeb0
[00:38:50.51] /# gi::executeAction seButton1DragStart -in [gi::getWindows 56]
[00:38:50.51] /i ise::stretch -point {0.875 0.5}
[00:38:51.34] /# gi::executeAction deEndDrag -in [gi::getWindows 56]
[00:38:51.34] /i de::endDrag {0.41875 -0.29375} -context [db::getNext [de::getContexts -window 56]]
[00:38:52.70] /i gi::executeAction deSaveDesign -in [gi::getWindows 56]
[00:38:52.70] /m Information: Saving design 'inverter 2cmos symbol'. (DESIGN_WINDOW-004)
[00:38:52.86] /i gi::executeAction deSaveDesign -in [gi::getWindows 56]
[00:38:52.86] /m Information: Saving design 'inverter 2cmos symbol'. (DESIGN_WINDOW-004)
[00:38:53.00] /i gi::executeAction deSaveDesign -in [gi::getWindows 56]
[00:38:53.00] /m Information: Saving design 'inverter 2cmos symbol'. (DESIGN_WINDOW-004)
[00:38:53.14] /i gi::executeAction deSaveDesign -in [gi::getWindows 56]
[00:38:53.14] /m Information: Saving design 'inverter 2cmos symbol'. (DESIGN_WINDOW-004)
[00:38:53.27] /i gi::executeAction deSaveDesign -in [gi::getWindows 56]
[00:38:53.27] /m Information: Saving design 'inverter 2cmos symbol'. (DESIGN_WINDOW-004)
[00:38:54.55] /i gi::executeAction giCloseWindow -in [gi::getWindows 56]
[00:38:54.57] /i gi::setActiveWindow 55
[00:38:54.57] /i gi::setActiveWindow 55 -raise true
[00:38:55.25] /i gi::setActiveWindow 53
[00:38:55.25] /i gi::setActiveWindow 53 -raise true
[00:38:56.57] /# gi::executeAction deCanvasZoomOutAtPoint -in [gi::getWindows 53]
[00:38:56.57] /i de::zoom -window [gi::getWindows 53] -factor 0.5 -center {7.8 2.79375}
[00:38:56.57] /o {-2.64375 -0.63125} {9.03125 6.50625}
[00:38:56.88] /# gi::executeAction deCanvasZoomInAtPoint -in [gi::getWindows 53]
[00:38:56.88] /i de::zoom -window [gi::getWindows 53] -factor 2.0 -center {7.95625 2.6125}
[00:38:56.88] /o {2.65625 0.9875} {8.49375 4.5625}
[00:38:57.88] /# gi::executeAction seCreateInst -in [gi::getWindows 53]
[00:38:57.88] /i ise::createInst
[00:38:57.93] /o 1
[00:38:57.97] /i gi::setActiveDialog [gi::getDialogs {seCreateInst} -parent [gi::getWindows 53]]
[00:38:58.27] /i db::setAttr geometry -of [gi::getDialogs {seCreateInst}] -value 359x581+0+65
[00:39:00.86] /i gi::setField {instMasterLib} -value {inverter} -in [gi::getDialogs {seCreateInst} -parent [gi::getWindows 53]]
[00:39:01.18] /i db::setAttr geometry -of [gi::getDialogs {seCreateInst}] -value 359x337+0+65
[00:39:02.96] /i gi::setField {instMasterCell} -value {2cmos} -in [gi::getDialogs {seCreateInst} -parent [gi::getWindows 53]]
[00:39:03.27] /i db::setAttr geometry -of [gi::getDialogs {seCreateInst}] -value 359x337+0+65
[00:39:05.31] /# gi::executeAction deAddPoint -in [gi::getWindows 53]
[00:39:05.31] /i de::addPoint {7.2875 2.40625} -context [db::getNext [de::getContexts -window 53]]
[00:39:05.81] /# gi::executeAction deCanvasZoomOutAtPoint -in [gi::getWindows 53]
[00:39:05.81] /i de::zoom -window [gi::getWindows 53] -factor 0.5 -center {7.5 1.45625}
[00:39:05.82] /o {-2.1875 0.525} {9.4875 7.6625}
[00:39:09.84] /# gi::executeAction deAddPoint -in [gi::getWindows 53]
[00:39:09.84] /i de::addPoint {7.3 1.54375} -context [db::getNext [de::getContexts -window 53]]
[00:39:11.87] /# gi::executeAction deAddPoint -in [gi::getWindows 53]
[00:39:11.87] /i de::addPoint {7.3 0.69375} -context [db::getNext [de::getContexts -window 53]]
[00:39:12.06] /# gi::executeAction deAbortCommand -in [gi::getWindows 53]
[00:39:12.06] /i de::abortCommand -context [db::getNext [de::getContexts -window 53]]
[00:39:12.39] /# gi::executeAction deCanvasZoomOutAtPoint -in [gi::getWindows 53]
[00:39:12.39] /i de::zoom -window [gi::getWindows 53] -factor 0.5 -center {8.025 2.34375}
[00:39:12.39] /o {-12.40625 -1.29375} {10.95625 12.98125}
[00:39:13.26] /# gi::executeAction deCanvasZoomInAtPoint -in [gi::getWindows 53]
[00:39:13.26] /i de::zoom -window [gi::getWindows 53] -factor 2.0 -center {7.81875 1.53125}
[00:39:13.26] /o {-2.29375 0.11875} {9.3875 7.25625}
[00:39:14.37] /i gi::executeAction deCanvasDragSelect -in [gi::getWindows 53]
[00:39:14.37] /r deCanvasDragStart 7.20625 2.9125
[00:39:14.77] /# gi::executeAction deCanvasDragEnd -in [gi::getWindows 53]
[00:39:14.77] /i gi::executeAction deCanvasDragEnd -in [gi::getWindows 53]
[00:39:14.77] /r deCanvasDragEnd 8.88125 -0.24375
[00:39:15.58] /# gi::executeAction deSelectActive -in [gi::getWindows 53]
[00:39:15.58] /i de::deselectAll [db::getNext [de::getContexts -window 53]]
[00:39:15.58] /i de::select [de::getActiveFigure [gi::getWindows 53] -point {8.0625 0.33125} -index 0 -intent none]
[00:39:15.58] /o oa:0x287b3e70
[00:39:16.18] /# gi::executeAction deSelectActive -in [gi::getWindows 53]
[00:39:16.18] /i de::cycleActiveFigure [gi::getWindows 53] -direction next
[00:39:16.18] /o oa:0x25d428f0
[00:39:17.13] /# gi::executeAction seDelete -in [gi::getWindows 53]
[00:39:17.14] /i ise::delete
[00:39:18.02] /# gi::executeAction deSelectActive -in [gi::getWindows 53]
[00:39:18.02] /i de::deselectAll [db::getNext [de::getContexts -window 53]]
[00:39:18.02] /i de::select [de::getActiveFigure [gi::getWindows 53] -point {7.6375 1.225} -index 0 -intent none]
[00:39:18.02] /o oa:0x281933b0
[00:39:18.70] /# gi::executeAction seDelete -in [gi::getWindows 53]
[00:39:18.70] /i ise::delete
[00:39:19.34] /# gi::executeAction deCanvasZoomInAtPoint -in [gi::getWindows 53]
[00:39:19.34] /i de::zoom -window [gi::getWindows 53] -factor 2.0 -center {8.55625 2.95625}
[00:39:19.34] /o {3.13125 1.5375} {8.96875 5.10625}
[00:39:19.44] /# gi::executeAction deCanvasZoomInAtPoint -in [gi::getWindows 53]
[00:39:19.44] /i de::zoom -window [gi::getWindows 53] -factor 2.0 -center {8.5375 3.38125}
[00:39:19.44] /o {5.8375 2.45625} {8.75625 4.24375}
[00:39:20.43] /# gi::executeAction seButton1DragStart -in [gi::getWindows 53]
[00:39:20.43] /i ise::stretch -object [de::getActiveFigure [gi::getWindows 53] -point {7.86875 3.85} -index 0 -intent none] -point {7.875 3.875}
[00:39:21.02] /# gi::executeAction deEndDrag -in [gi::getWindows 53]
[00:39:21.02] /i de::endDrag {8.54375 3.85} -context [db::getNext [de::getContexts -window 53]]
[00:39:21.75] /# gi::executeAction deSelectActive -in [gi::getWindows 53]
[00:39:21.75] /i de::deselectAll [db::getNext [de::getContexts -window 53]]
[00:39:21.76] /i de::select [de::getActiveFigure [gi::getWindows 53] -point {8.3125 3.875} -index 0 -intent none]
[00:39:21.76] /o oa:0x24f696a0
[00:39:22.17] /# gi::executeAction seDelete -in [gi::getWindows 53]
[00:39:22.17] /i ise::delete
[00:39:22.22] /w Warning: Nothing is bound to the 'BackSpace' in the current active set. (WINDOW-015)
[00:39:22.59] /# gi::executeAction deCanvasZoomOutAtPoint -in [gi::getWindows 53]
[00:39:22.59] /i de::zoom -window [gi::getWindows 53] -factor 0.5 -center {8.05625 3.25}
[00:39:22.59] /o {3.6125 1.66875} {9.45 5.2375}
[00:39:22.62] /# gi::executeAction deCanvasZoomOutAtPoint -in [gi::getWindows 53]
[00:39:22.62] /i de::zoom -window [gi::getWindows 53] -factor 0.5 -center {8.01875 3.225}
[00:39:22.63] /o {-0.79375 0.1125} {10.8875 7.25}
[00:39:23.36] /# gi::executeAction seButton1DragStart -in [gi::getWindows 53]
[00:39:23.36] /i ise::stretch -object [de::getActiveFigure [gi::getWindows 53] -point {7.68125 2.39375} -index 0 -intent none] -point {7.6875 2.375}
[00:39:24.45] /# gi::executeAction deEndDrag -in [gi::getWindows 53]
[00:39:24.45] /i de::endDrag {7.78125 4.3375} -context [db::getNext [de::getContexts -window 53]]
[00:39:25.47] /# gi::executeAction seSchCreateWire -in [gi::getWindows 53]
[00:39:25.47] /i ise::createWire
[00:39:25.73] /# gi::executeAction deCanvasZoomInAtPoint -in [gi::getWindows 53]
[00:39:25.73] /i de::zoom -window [gi::getWindows 53] -factor 2.0 -center {10.34375 3.13125}
[00:39:25.74] /o {4.775 1.61875} {10.6125 5.19375}
[00:39:27.18] /# gi::executeAction deAddPoint -in [gi::getWindows 53]
[00:39:27.18] /i de::addPoint {7 3.85625} -context [db::getNext [de::getContexts -window 53]]
[00:39:27.22] /i de::setCursor -point {7.0625 3.875 }
[00:39:28.31] /# gi::executeAction deAddPoint -in [gi::getWindows 53]
[00:39:28.31] /i de::addPoint {7.425 4.38125} -context [db::getNext [de::getContexts -window 53]]
[00:39:29.48] /# gi::executeAction deAddPoint -in [gi::getWindows 53]
[00:39:29.48] /i de::addPoint {8.18125 4.38125} -context [db::getNext [de::getContexts -window 53]]
[00:39:30.34] /# gi::executeAction deAddPoint -in [gi::getWindows 53]
[00:39:30.34] /i de::addPoint {8.525 3.8875} -context [db::getNext [de::getContexts -window 53]]
[00:39:31.45] /# gi::executeAction deAbortCommand -in [gi::getWindows 53]
[00:39:31.45] /i de::abortCommand -context [db::getNext [de::getContexts -window 53]]
[00:39:33.81] /# gi::executeAction seCreateInst -in [gi::getWindows 53]
[00:39:33.81] /i ise::createInst
[00:39:33.84] /o seSchematic
[00:39:33.86] /i gi::setActiveDialog [gi::getDialogs {seCreateInst} -parent [gi::getWindows 53]]
[00:39:34.17] /i db::setAttr geometry -of [gi::getDialogs {seCreateInst}] -value 359x337+0+65
[00:39:34.34] /# gi::executeAction deAbortCommand -in [gi::getWindows 53]
[00:39:34.34] /i de::abortCommand -context [db::getNext [de::getContexts -window 53]]
[00:39:35.09] /# gi::executeAction deSelectActive -in [gi::getWindows 53]
[00:39:35.09] /i de::deselectAll [db::getNext [de::getContexts -window 53]]
[00:39:35.09] /i de::select [de::getActiveFigure [gi::getWindows 53] -point {7.825 4.53125} -index 0 -intent none]
[00:39:35.09] /o oa:0x24aa8730
[00:39:35.39] /# gi::executeAction seCopy -in [gi::getWindows 53]
[00:39:35.39] /i ise::copy
[00:39:36.09] /# gi::executeAction deAddPoint -in [gi::getWindows 53]
[00:39:36.09] /i de::addPoint {8.65 2.9} -context [db::getNext [de::getContexts -window 53]]
[00:39:38.15] /# gi::executeAction deAddPoint -in [gi::getWindows 53]
[00:39:38.15] /i de::addPoint {9.35 1.65625} -context [db::getNext [de::getContexts -window 53]]
[00:39:38.25] /i gi::executeAction deCanvasDragCancel -in [gi::getWindows 53]
[00:39:39.03] /# gi::executeAction deSelectActive -in [gi::getWindows 53]
[00:39:39.03] /i de::deselectAll [db::getNext [de::getContexts -window 53]]
[00:39:39.03] /i de::select [de::getActiveFigure [gi::getWindows 53] -point {7.88125 3.13125} -index 0 -intent none]
[00:39:39.03] /o oa:0x2502be90
[00:39:39.39] /# gi::executeAction seButton1DragStart -in [gi::getWindows 53]
[00:39:39.39] /i ise::stretch -point {7.875 3.1875}
[00:39:40.37] /# gi::executeAction deEndDrag -in [gi::getWindows 53]
[00:39:40.37] /i de::endDrag {9.7 2.38125} -context [db::getNext [de::getContexts -window 53]]
[00:39:40.94] /# gi::executeAction deSelectActive -in [gi::getWindows 53]
[00:39:40.94] /i de::deselectAll [db::getNext [de::getContexts -window 53]]
[00:39:40.94] /i de::select [de::getActiveFigure [gi::getWindows 53] -point {9.56875 2.35625} -index 0 -intent none]
[00:39:40.94] /o oa:0x25e15570
[00:39:41.62] /# gi::executeAction seDelete -in [gi::getWindows 53]
[00:39:41.63] /i ise::delete
[00:39:42.86] /# gi::executeAction seSchCreateWire -in [gi::getWindows 53]
[00:39:42.86] /i ise::createWire
[00:39:44.42] /# gi::executeAction deAddPoint -in [gi::getWindows 53]
[00:39:44.42] /i de::addPoint {7.08125 2.41875} -context [db::getNext [de::getContexts -window 53]]
[00:39:44.44] /i de::setCursor -point {7.125 2.4375 }
[00:39:45.49] /# gi::executeAction deAddPoint -in [gi::getWindows 53]
[00:39:45.50] /i de::addPoint {8.18125 3.175} -context [db::getNext [de::getContexts -window 53]]
[00:39:46.31] /# gi::executeAction deAddPoint -in [gi::getWindows 53]
[00:39:46.31] /i de::addPoint {9.69375 2.35625} -context [db::getNext [de::getContexts -window 53]]
[00:39:47.10] /# gi::executeAction deAddPoint -in [gi::getWindows 53]
[00:39:47.10] /i de::addPoint {8.9375 3.18125} -context [db::getNext [de::getContexts -window 53]]
[00:39:47.25] /# gi::executeAction deAbortCommand -in [gi::getWindows 53]
[00:39:47.25] /i de::abortCommand -context [db::getNext [de::getContexts -window 53]]
[00:39:47.95] /# gi::executeAction seButton1DragStart -in [gi::getWindows 53]
[00:39:47.95] /i ise::stretch -object [de::getActiveFigure [gi::getWindows 53] -point {9.6625 2.375} -index 0 -intent none] -point {9.6875 2.375}
[00:39:48.90] /# gi::executeAction deEndDrag -in [gi::getWindows 53]
[00:39:48.90] /i de::endDrag {9.775 3.175} -context [db::getNext [de::getContexts -window 53]]
[00:39:49.81] /# gi::executeAction seButton1DragStart -in [gi::getWindows 53]
[00:39:49.81] /i ise::stretch -object [de::getActiveFigure [gi::getWindows 53] -point {8.6375 3.2625} -index 0 -intent none] -point {8.625 3.25}
[00:39:49.93] /# gi::executeAction deEndDrag -in [gi::getWindows 53]
[00:39:49.93] /i de::endDrag {8.68125 2.93125} -context [db::getNext [de::getContexts -window 53]]
[00:39:50.94] /# gi::executeAction deSelectActive -in [gi::getWindows 53]
[00:39:50.94] /i de::deselectAll [db::getNext [de::getContexts -window 53]]
[00:39:50.94] /i de::select [de::getActiveFigure [gi::getWindows 53] -point {7.0625 2.63125} -index 0 -intent none]
[00:39:50.95] /o oa:0x28ad58d0
[00:39:51.57] /# gi::executeAction seDelete -in [gi::getWindows 53]
[00:39:51.57] /i ise::delete
[00:39:52.18] /# gi::executeAction deSelectActive -in [gi::getWindows 53]
[00:39:52.18] /i de::deselectAllLogic -context [db::getNext [de::getContexts -window 53]]
[00:39:53.32] /i gi::setActiveWindow 48
[00:39:53.32] /i gi::setActiveWindow 48 -raise true
[00:39:54.00] /i gi::executeAction menuPreShow -in [gi::getWindows 48]
[00:39:54.00] /r giMenuAccess db::getNext [gi::getMenus saConsoleSimMenu -from [gi::getWindows 48]]
[00:39:54.77] /i gi::executeAction menuPreShow -in [gi::getWindows 48]
[00:39:54.77] /r giMenuAccess db::getNext [gi::getMenus saConsoleOutputsMenu -from [gi::getWindows 48]]
[00:39:54.89] /i gi::executeAction menuPreShow -in [gi::getWindows 48]
[00:39:54.89] /r giMenuAccess db::getNext [gi::getMenus saVariablesMenu -from [gi::getWindows 48]]
[00:39:55.03] /i gi::executeAction menuPreShow -in [gi::getWindows 48]
[00:39:55.03] /r giMenuAccess db::getNext [gi::getMenus saConsoleOutputsMenu -from [gi::getWindows 48]]
[00:39:56.05] /# gi::executeAction saSelectInDesign -in [gi::getWindows 48]
[00:39:56.05] /i sa::selectOutputs -window 48
[00:39:57.31] /# gi::executeAction deCanvasZoomOutAtPoint -in [gi::getWindows 53]
[00:39:57.31] /i de::zoom -window [gi::getWindows 53] -factor 0.5 -center {7.6875 3.85}
[00:39:57.31] /o {1.8625 -0.60625} {13.54375 6.53125}
[00:39:57.61] /# gi::executeAction deCanvasZoomInAtPoint -in [gi::getWindows 53]
[00:39:57.61] /i de::zoom -window [gi::getWindows 53] -factor 2.0 -center {6.90625 4.13125}
[00:39:57.61] /o {4.3875 1.7625} {10.225 5.33125}
[00:39:58.36] /i gi::setActiveWindow 48
[00:39:58.36] /i gi::setActiveWindow 48 -raise true
[00:39:59.14] /i gi::executeAction menuPreShow -in [gi::getWindows 48]
[00:39:59.14] /r giMenuAccess db::getNext [gi::getMenus saConsoleSimMenu -from [gi::getWindows 48]]
[00:39:59.59] /# gi::executeAction saNetlistAndRun -in [gi::getWindows 48]
[00:39:59.59] /i isa::netlistAndRun -testbench [sa::findActiveTestbench -window 48] -mode overwrite
[00:39:59.68] /r giDialog gi::setActiveDialog [gi::getDialogs {xtShowDesignsPrompt}]
[00:39:59.68] /r giDialog gi::setCurrentIndex {target} -index {0,0} -in [gi::getDialogs {xtShowDesignsPrompt}]
[00:39:59.91] /r giDialog db::setAttr geometry -of [gi::getDialogs {xtShowDesignsPrompt}] -value 649x290+626+410
[00:40:00.33] /r giDialog gi::pressButton {ok} -in [gi::getDialogs {xtShowDesignsPrompt}]
[00:40:00.35] /m Information: 
[00:40:00.36] /o Checking "inverter/tb_full_adder_2bit/schematic"
[00:40:00.36] /o 	[warning] Floating Nets
[00:40:00.36] /o 		Net 'net55' does not connect to a schematic or instance pin (2 times)
[00:40:00.36] /o 0 Error(s),2 Warning(s),0 Message(s) found   in "inverter/tb_full_adder_2bit/schematic"
[00:40:00.36] /o No Design Integrity rule violations found in "inverter/tb_full_adder_2bit/schematic"
[00:40:00.36] /m Information: Checking process is completed: marking the design violations
[00:40:00.36] /m Information: Marking of designs is completed
[00:40:00.47] /m Information: "Starting incremental netlisting for design "inverter/tb_full_adder_2bit/schematic"..." (NETLISTING-010)
[00:40:00.49] /o No Design Integrity rule violations found in "inverter/tb_full_adder_2bit/schematic"
[00:40:00.50] /m Information: 
[00:40:00.50] /o Checking "inverter/full_adder/schematic"
[00:40:00.50] /o No rule violations found in "inverter/full_adder/schematic"
[00:40:00.51] /m Information: 
[00:40:00.51] /o Checking "inverter/CMOS/schematic"
[00:40:00.51] /o No rule violations found in "inverter/CMOS/schematic"
[00:40:00.53] /m Information: "inverter CMOS schematic" renetlisted. (NETLISTING-056)
[00:40:00.54] /m Information: "inverter 2cmos schematic" renetlisted. (NETLISTING-056)
[00:40:00.55] /m Information: "inverter tb_full_adder_2bit schematic" renetlisted. (NETLISTING-056)
[00:40:00.56] /m Information: "Netlisting design "inverter/tb_full_adder_2bit/schematic" finished successfully." (NETLISTING-012)
[00:40:00.57] /m Information: "Composing simulator input file for design "inverter/tb_full_adder_2bit/schematic"..."
[00:40:00.60] /m Information: "Simulator input file composed successfully for design "inverter/tb_full_adder_2bit/schematic""
[00:40:00.85] /m Information: "Starting HSPICE simulation for design: inverter/tb_full_adder_2bit/schematic"
[00:40:00.85] /# gi::collapse {jobMonitorTable} -index {0.0.1.0,0} -in [gi::getWindows 54]
[00:40:00.87] /o 1
[00:40:01.90] /m Information: "Simulation completed successfully for design: inverter/tb_full_adder_2bit/schematic "
[00:40:02.11] /m Information: "Evaluating and plotting outputs..."
[00:40:02.60] /m Information: Measurement calculations completed for testbench: default in 0s
[00:40:03.05] /j ::wf::WaveView::plotSuccess WaveView_9 {} {_7faef20_void_pp _74a1b70_void_pp} 
[00:40:03.61] /j ::wf::WaveView::plotSuccess WaveView_9 {} {_7faef20_void_pp _74a1c38_void_pp} 
[00:40:04.05] /j ::wf::WaveView::plotSuccess WaveView_9 {} {_7faef20_void_pp _74a1d00_void_pp} 
[00:40:04.51] /j ::wf::WaveView::plotSuccess WaveView_9 {} {_7faef20_void_pp _74a2020_void_pp} 
[00:40:05.09] /j ::wf::WaveView::plotSuccess WaveView_9 {} {_7faef20_void_pp _74a1dc8_void_pp} 
[00:40:05.57] /j ::wf::WaveView::plotSuccess WaveView_9 {} {_7faef20_void_pp _74a1e90_void_pp} 
[00:40:06.17] /j ::wf::WaveView::plotSuccess WaveView_9 {} {_7faef20_void_pp _74a1f58_void_pp} 
[00:40:06.63] /j ::wf::WaveView::plotSuccess WaveView_9 {} {_7faef20_void_pp _74a19e0_void_pp} 
[00:41:15.18] /i db::setAttr iconified -of [gi::getFrames 1] -value true
[00:42:57.52] /i db::setAttr maximized -of [gi::getFrames 1] -value true
[00:42:57.52] /i db::setAttr iconified -of [gi::getFrames 1] -value false
[00:43:00.27] /i gi::setActiveWindow 48
[00:43:00.27] /i gi::setActiveWindow 48 -raise true
[00:43:01.18] /i gi::setActiveWindow 53
[00:43:01.18] /i gi::setActiveWindow 53 -raise true
[00:43:02.87] /# gi::executeAction deFitEdit -in [gi::getWindows 53]
[00:43:02.87] /i de::fit -window 53 -fitEdit true
[00:43:02.88] /o {2.475 0.64375} {10.39375 5.48125}
[00:43:03.48] /# gi::executeAction deCanvasZoomInAtPoint -in [gi::getWindows 53]
[00:43:03.48] /i de::zoom -window [gi::getWindows 53] -factor 2.0 -center {4.475 3.475}
[00:43:03.48] /o {3.475 2.05625} {7.4375 4.48125}
[00:43:05.49] /# gi::executeAction deSelectActive -in [gi::getWindows 53]
[00:43:05.49] /i de::deselectAll [db::getNext [de::getContexts -window 53]]
[00:43:05.49] /i de::select [de::getActiveFigure [gi::getWindows 53] -point {4.66875 3.25} -index 0 -intent none]
[00:43:05.49] /o oa:0x26d02fa0
[00:43:09.53] /i gi::setItemSelection {parameters} -index {td,all} -in [gi::getAssistants dePropertyEditor -from [gi::getWindows 53]]
[00:43:09.53] /i gi::setCurrentIndex {parameters} -index {td,Value} -in [gi::getAssistants dePropertyEditor -from [gi::getWindows 53]]
[00:43:12.24] /i gi::setField {parameters} -value {0p} -index {td,Value} -in [gi::getAssistants dePropertyEditor -from [gi::getWindows 53]]
[00:43:12.24] /i gi::executeAction dePropertyEditorApplyChanges -in [gi::getAssistants dePropertyEditor -from [gi::getWindows 53]]
[00:43:13.53] /# gi::executeAction deSelectActive -in [gi::getWindows 53]
[00:43:13.53] /i de::deselectAll [db::getNext [de::getContexts -window 53]]
[00:43:13.53] /i de::select [de::getActiveFigure [gi::getWindows 53] -point {4.6125 3.825} -index 0 -intent none]
[00:43:13.53] /o oa:0x2893aef0
[00:43:18.76] /i gi::setItemSelection {parameters} -index {tr,all} -in [gi::getAssistants dePropertyEditor -from [gi::getWindows 53]]
[00:43:18.76] /i gi::setCurrentIndex {parameters} -index {tr,Value} -in [gi::getAssistants dePropertyEditor -from [gi::getWindows 53]]
[00:43:19.13] /i gi::setItemSelection {parameters} -index {td,all} -in [gi::getAssistants dePropertyEditor -from [gi::getWindows 53]]
[00:43:19.14] /i gi::setCurrentIndex {parameters} -index {td,Value} -in [gi::getAssistants dePropertyEditor -from [gi::getWindows 53]]
[00:43:20.66] /i gi::setField {parameters} -value {20p} -index {td,Value} -in [gi::getAssistants dePropertyEditor -from [gi::getWindows 53]]
[00:43:20.66] /i gi::executeAction dePropertyEditorApplyChanges -in [gi::getAssistants dePropertyEditor -from [gi::getWindows 53]]
[00:43:25.18] /# gi::executeAction deSelectActive -in [gi::getWindows 53]
[00:43:25.18] /i de::deselectAll [db::getNext [de::getContexts -window 53]]
[00:43:25.18] /i de::select [de::getActiveFigure [gi::getWindows 53] -point {4.61875 2.4375} -index 0 -intent none]
[00:43:25.18] /o oa:0x25b66fa0
[00:43:26.34] /i gi::setItemSelection {parameters} -index {tr,all} -in [gi::getAssistants dePropertyEditor -from [gi::getWindows 53]]
[00:43:26.34] /i gi::setCurrentIndex {parameters} -index {tr,Value} -in [gi::getAssistants dePropertyEditor -from [gi::getWindows 53]]
[00:43:30.85] /i gi::setField {parameters} -value {40p} -index {tr,Value} -in [gi::getAssistants dePropertyEditor -from [gi::getWindows 53]]
[00:43:30.85] /i gi::executeAction dePropertyEditorApplyChanges -in [gi::getAssistants dePropertyEditor -from [gi::getWindows 53]]
[00:43:32.45] /# gi::executeAction deSelectActive -in [gi::getWindows 53]
[00:43:32.45] /i de::deselectAll [db::getNext [de::getContexts -window 53]]
[00:43:32.45] /i de::select [de::getActiveFigure [gi::getWindows 53] -point {4.6625 3.25} -index 0 -intent none]
[00:43:32.45] /o oa:0x23abc2e0
[00:43:34.07] /# gi::executeAction deSelectActive -in [gi::getWindows 53]
[00:43:34.07] /i de::deselectAll [db::getNext [de::getContexts -window 53]]
[00:43:34.07] /i de::select [de::getActiveFigure [gi::getWindows 53] -point {4.63125 3.7875} -index 0 -intent none]
[00:43:34.08] /o oa:0x26cd3dc0
[00:43:37.83] /# gi::executeAction deCanvasZoomOutAtPoint -in [gi::getWindows 53]
[00:43:37.83] /i de::zoom -window [gi::getWindows 53] -factor 0.5 -center {5.575 2.95625}
[00:43:37.83] /o {1.375 1.1625} {9.29375 6.0}
[00:43:38.39] /# gi::executeAction deCanvasZoomInAtPoint -in [gi::getWindows 53]
[00:43:38.39] /i de::zoom -window [gi::getWindows 53] -factor 2.0 -center {5.09375 1.7}
[00:43:38.39] /o {3.23125 1.43125} {7.19375 3.85}
[00:43:39.40] /# gi::executeAction deSelectActive -in [gi::getWindows 53]
[00:43:39.40] /i de::deselectAll [db::getNext [de::getContexts -window 53]]
[00:43:39.40] /i de::select [de::getActiveFigure [gi::getWindows 53] -point {4.6375 1.80625} -index 0 -intent none]
[00:43:39.40] /o oa:0x238b1710
[00:43:41.05] /i gi::setItemSelection {parameters} -index {td,all} -in [gi::getAssistants dePropertyEditor -from [gi::getWindows 53]]
[00:43:41.05] /i gi::setCurrentIndex {parameters} -index {td,Value} -in [gi::getAssistants dePropertyEditor -from [gi::getWindows 53]]
[00:43:43.37] /i gi::setField {parameters} -value {60p} -index {td,Value} -in [gi::getAssistants dePropertyEditor -from [gi::getWindows 53]]
[00:43:43.37] /i gi::executeAction dePropertyEditorApplyChanges -in [gi::getAssistants dePropertyEditor -from [gi::getWindows 53]]
[00:43:44.81] /# gi::executeAction deSelectActive -in [gi::getWindows 53]
[00:43:44.81] /i de::deselectAll [db::getNext [de::getContexts -window 53]]
[00:43:44.81] /i de::select [de::getActiveFigure [gi::getWindows 53] -point {5.66875 1.5875} -index 0 -intent none]
[00:43:44.81] /o oa:0x28147930
[00:43:46.90] /i gi::setActiveWindow 48
[00:43:46.90] /i gi::setActiveWindow 48 -raise true
[00:43:47.59] /i gi::executeAction menuPreShow -in [gi::getWindows 48]
[00:43:47.59] /r giMenuAccess db::getNext [gi::getMenus saConsoleSimMenu -from [gi::getWindows 48]]
[00:43:48.01] /# gi::executeAction saNetlistAndRun -in [gi::getWindows 48]
[00:43:48.01] /i isa::netlistAndRun -testbench [sa::findActiveTestbench -window 48] -mode overwrite
[00:43:48.08] /r giDialog gi::setActiveDialog [gi::getDialogs {xtShowDesignsPrompt}]
[00:43:48.08] /r giDialog gi::setCurrentIndex {target} -index {0,0} -in [gi::getDialogs {xtShowDesignsPrompt}]
[00:43:48.35] /r giDialog db::setAttr geometry -of [gi::getDialogs {xtShowDesignsPrompt}] -value 649x290+626+410
[00:43:49.16] /r giDialog gi::pressButton {ok} -in [gi::getDialogs {xtShowDesignsPrompt}]
[00:43:49.20] /m Information: 
[00:43:49.20] /o Checking "inverter/tb_full_adder_2bit/schematic"
[00:43:49.20] /o 	[warning] Floating Nets
[00:43:49.20] /o 		Net 'net55' does not connect to a schematic or instance pin (2 times)
[00:43:49.20] /o 0 Error(s),2 Warning(s),0 Message(s) found   in "inverter/tb_full_adder_2bit/schematic"
[00:43:49.20] /o No Design Integrity rule violations found in "inverter/tb_full_adder_2bit/schematic"
[00:43:49.20] /m Information: Checking process is completed: marking the design violations
[00:43:49.20] /m Information: Marking of designs is completed
[00:43:49.31] /m Information: "Starting incremental netlisting for design "inverter/tb_full_adder_2bit/schematic"..." (NETLISTING-010)
[00:43:49.33] /o No Design Integrity rule violations found in "inverter/tb_full_adder_2bit/schematic"
[00:43:49.34] /m Information: 
[00:43:49.34] /o Checking "inverter/full_adder/schematic"
[00:43:49.35] /o No rule violations found in "inverter/full_adder/schematic"
[00:43:49.35] /m Information: 
[00:43:49.35] /o Checking "inverter/CMOS/schematic"
[00:43:49.35] /o No rule violations found in "inverter/CMOS/schematic"
[00:43:49.38] /m Information: "inverter tb_full_adder_2bit schematic" renetlisted. (NETLISTING-056)
[00:43:49.39] /m Information: "Netlisting design "inverter/tb_full_adder_2bit/schematic" finished successfully." (NETLISTING-012)
[00:43:49.40] /m Information: "Composing simulator input file for design "inverter/tb_full_adder_2bit/schematic"..."
[00:43:49.43] /m Information: "Simulator input file composed successfully for design "inverter/tb_full_adder_2bit/schematic""
[00:43:49.63] /m Information: "Starting HSPICE simulation for design: inverter/tb_full_adder_2bit/schematic"
[00:43:49.63] /# gi::collapse {jobMonitorTable} -index {0.0.1.0,0} -in [gi::getWindows 54]
[00:43:49.65] /o 1
[00:43:50.80] /m Information: "Simulation completed successfully for design: inverter/tb_full_adder_2bit/schematic "
[00:43:51.04] /m Information: "Evaluating and plotting outputs..."
[00:43:51.47] /m Information: Measurement calculations completed for testbench: default in 0s
[00:43:51.80] /j ::wf::WaveView::plotSuccess WaveView_9 {} {_8036160_void_pp _74a1aa8_void_pp} 
[00:43:52.26] /j ::wf::WaveView::plotSuccess WaveView_9 {} {_8036160_void_pp _74a1b70_void_pp} 
[00:43:52.59] /j ::wf::WaveView::plotSuccess WaveView_9 {} {_8036160_void_pp _74a1c38_void_pp} 
[00:43:52.94] /j ::wf::WaveView::plotSuccess WaveView_9 {} {_8036160_void_pp _74a1d00_void_pp} 
[00:43:53.28] /j ::wf::WaveView::plotSuccess WaveView_9 {} {_8036160_void_pp _74a2020_void_pp} 
[00:43:53.62] /j ::wf::WaveView::plotSuccess WaveView_9 {} {_8036160_void_pp _74a1dc8_void_pp} 
[00:43:53.92] /j ::wf::WaveView::plotSuccess WaveView_9 {} {_8036160_void_pp _74a1e90_void_pp} 
[00:43:54.22] /j ::wf::WaveView::plotSuccess WaveView_9 {} {_8036160_void_pp _74a1f58_void_pp} 
[00:44:41.00] /i db::setAttr iconified -of [gi::getFrames 1] -value true
[00:44:41.00] /i gi::setActiveDialog [gi::getDialogs {dbCellViewFromCellView}]
[00:44:46.04] /i db::setAttr maximized -of [gi::getFrames 1] -value true
[00:44:46.04] /i db::setAttr iconified -of [gi::getFrames 1] -value false
[00:44:50.16] /i gi::setActiveWindow 48
[00:44:50.16] /i gi::setActiveWindow 48 -raise true
[00:44:51.00] /i gi::setActiveWindow 53
[00:44:51.00] /i gi::setActiveWindow 53 -raise true
[00:44:52.11] /# gi::executeAction deCanvasZoomOutAtPoint -in [gi::getWindows 53]
[00:44:52.11] /i de::zoom -window [gi::getWindows 53] -factor 0.5 -center {4.5875 3.3}
[00:44:52.11] /o {1.88125 -0.4375} {9.8 4.4}
[00:44:53.06] /# gi::executeAction deFitEdit -in [gi::getWindows 53]
[00:44:53.06] /i de::fit -window 53 -fitEdit true
[00:44:53.06] /o {2.475 0.64375} {10.39375 5.48125}
[00:44:54.16] /# gi::executeAction deCanvasZoomInAtPoint -in [gi::getWindows 53]
[00:44:54.16] /i de::zoom -window [gi::getWindows 53] -factor 2.0 -center {4.38125 3.78125}
[00:44:54.16] /o {3.425 2.2125} {7.3875 4.63125}
[00:44:59.97] /# gi::executeAction deSelectActive -in [gi::getWindows 53]
[00:44:59.98] /i de::deselectAll [db::getNext [de::getContexts -window 53]]
[00:44:59.98] /i de::select [de::getActiveFigure [gi::getWindows 53] -point {5.70625 4.0125} -index 0 -intent none]
[00:44:59.98] /o oa:0x281301e0
[00:45:00.60] /# gi::executeAction seDelete -in [gi::getWindows 53]
[00:45:00.60] /i ise::delete
[00:45:01.40] /# gi::executeAction deAddPoint -in [gi::getWindows 53]
[00:45:01.40] /i de::addPoint {5.71875 4.0125} -context [db::getNext [de::getContexts -window 53]]
[00:45:02.00] /# gi::executeAction deAddPoint -in [gi::getWindows 53]
[00:45:02.00] /i de::addPoint {5.675 4} -context [db::getNext [de::getContexts -window 53]]
[00:45:02.53] /# gi::executeAction deAbortCommand -in [gi::getWindows 53]
[00:45:02.53] /i de::abortCommand -context [db::getNext [de::getContexts -window 53]]
[00:45:02.86] /# gi::executeAction deSelectActive -in [gi::getWindows 53]
[00:45:02.86] /i de::deselectAllLogic -context [db::getNext [de::getContexts -window 53]]
[00:45:03.88] /# gi::executeAction deSelectActive -in [gi::getWindows 53]
[00:45:03.88] /i de::deselectAll [db::getNext [de::getContexts -window 53]]
[00:45:03.88] /i de::select [de::getActiveFigure [gi::getWindows 53] -point {4.59375 2.4} -index 0 -intent none]
[00:45:03.88] /o oa:0x1eb8c1e0
[00:45:05.15] /i gi::setItemSelection {parameters} -index {pw,all} -in [gi::getAssistants dePropertyEditor -from [gi::getWindows 53]]
[00:45:05.15] /i gi::setCurrentIndex {parameters} -index {pw,Value} -in [gi::getAssistants dePropertyEditor -from [gi::getWindows 53]]
[00:45:06.78] /i gi::setField {parameters} -value {50p} -index {pw,Value} -in [gi::getAssistants dePropertyEditor -from [gi::getWindows 53]]
[00:45:06.78] /i gi::executeAction dePropertyEditorApplyChanges -in [gi::getAssistants dePropertyEditor -from [gi::getWindows 53]]
[00:45:07.51] /i gi::setItemSelection {parameters} -index {per,all} -in [gi::getAssistants dePropertyEditor -from [gi::getWindows 53]]
[00:45:07.51] /i gi::setCurrentIndex {parameters} -index {per,Value} -in [gi::getAssistants dePropertyEditor -from [gi::getWindows 53]]
[00:45:11.75] /i gi::setField {parameters} -value {} -index {per,Value} -in [gi::getAssistants dePropertyEditor -from [gi::getWindows 53]]
[00:45:11.75] /i gi::setItemSelection {parameters} -index {pw,all} -in [gi::getAssistants dePropertyEditor -from [gi::getWindows 53]]
[00:45:11.75] /i gi::setCurrentIndex {parameters} -index {pw,Value} -in [gi::getAssistants dePropertyEditor -from [gi::getWindows 53]]
[00:45:14.25] /i gi::setField {parameters} -value {20n} -index {pw,Value} -in [gi::getAssistants dePropertyEditor -from [gi::getWindows 53]]
[00:45:14.25] /i gi::executeAction dePropertyEditorApplyChanges -in [gi::getAssistants dePropertyEditor -from [gi::getWindows 53]]
[00:45:15.40] /i gi::setItemSelection {parameters} -index {per,all} -in [gi::getAssistants dePropertyEditor -from [gi::getWindows 53]]
[00:45:15.40] /i gi::setCurrentIndex {parameters} -index {per,Value} -in [gi::getAssistants dePropertyEditor -from [gi::getWindows 53]]
[00:45:16.81] /i gi::setField {parameters} -value {40n} -index {per,Value} -in [gi::getAssistants dePropertyEditor -from [gi::getWindows 53]]
[00:45:16.81] /i gi::executeAction dePropertyEditorApplyChanges -in [gi::getAssistants dePropertyEditor -from [gi::getWindows 53]]
[00:45:18.46] /# gi::executeAction deSelectActive -in [gi::getWindows 53]
[00:45:18.46] /i de::deselectAll [db::getNext [de::getContexts -window 53]]
[00:45:18.46] /i de::select [de::getActiveFigure [gi::getWindows 53] -point {4.63125 3.8625} -index 0 -intent none]
[00:45:18.46] /o oa:0x29235dc0
[00:45:19.81] /i gi::setItemSelection {parameters} -index {tr,all} -in [gi::getAssistants dePropertyEditor -from [gi::getWindows 53]]
[00:45:19.81] /i gi::setCurrentIndex {parameters} -index {tr,Value} -in [gi::getAssistants dePropertyEditor -from [gi::getWindows 53]]
[00:45:21.63] /i gi::setItemSelection {parameters} -index {tf,all} -in [gi::getAssistants dePropertyEditor -from [gi::getWindows 53]]
[00:45:21.63] /i gi::setCurrentIndex {parameters} -index {tf,Value} -in [gi::getAssistants dePropertyEditor -from [gi::getWindows 53]]
[00:45:23.81] /i gi::setItemSelection {parameters} -index {pw,all} -in [gi::getAssistants dePropertyEditor -from [gi::getWindows 53]]
[00:45:23.81] /i gi::setCurrentIndex {parameters} -index {pw,Value} -in [gi::getAssistants dePropertyEditor -from [gi::getWindows 53]]
[00:45:27.01] /i gi::setField {parameters} -value {10n} -index {pw,Value} -in [gi::getAssistants dePropertyEditor -from [gi::getWindows 53]]
[00:45:27.01] /i gi::executeAction dePropertyEditorApplyChanges -in [gi::getAssistants dePropertyEditor -from [gi::getWindows 53]]
[00:45:27.03] /i gi::setCurrentIndex {parameters} -index {pw,Prompt} -in [gi::getAssistants dePropertyEditor -from [gi::getWindows 53]]
[00:45:28.13] /i gi::setItemSelection {parameters} -index {per,all} -in [gi::getAssistants dePropertyEditor -from [gi::getWindows 53]]
[00:45:28.13] /i gi::setCurrentIndex {parameters} -index {per,Value} -in [gi::getAssistants dePropertyEditor -from [gi::getWindows 53]]
[00:45:29.77] /i gi::setField {parameters} -value {20n} -index {per,Value} -in [gi::getAssistants dePropertyEditor -from [gi::getWindows 53]]
[00:45:29.77] /i gi::executeAction dePropertyEditorApplyChanges -in [gi::getAssistants dePropertyEditor -from [gi::getWindows 53]]
[00:45:31.35] /# gi::executeAction deSelectActive -in [gi::getWindows 53]
[00:45:31.35] /i de::deselectAll [db::getNext [de::getContexts -window 53]]
[00:45:31.35] /i de::select [de::getActiveFigure [gi::getWindows 53] -point {4.6 3.30625} -index 0 -intent none]
[00:45:31.35] /o oa:0x24f21390
[00:45:33.48] /# gi::executeAction deSelectActive -in [gi::getWindows 53]
[00:45:33.48] /i de::deselectAll [db::getNext [de::getContexts -window 53]]
[00:45:33.48] /i de::select [de::getActiveFigure [gi::getWindows 53] -point {4.675 3.73125} -index 0 -intent none]
[00:45:33.48] /o oa:0x1e873540
[00:45:36.87] /# gi::executeAction deSelectActive -in [gi::getWindows 53]
[00:45:36.87] /i de::deselectAll [db::getNext [de::getContexts -window 53]]
[00:45:36.87] /i de::select [de::getActiveFigure [gi::getWindows 53] -point {4.5875 3.275} -index 0 -intent none]
[00:45:36.87] /o oa:0x27e40be0
[00:45:44.45] /i gi::setItemSelection {parameters} -index {pw,all} -in [gi::getAssistants dePropertyEditor -from [gi::getWindows 53]]
[00:45:44.45] /i gi::setCurrentIndex {parameters} -index {pw,Value} -in [gi::getAssistants dePropertyEditor -from [gi::getWindows 53]]
[00:45:46.00] /i gi::setField {parameters} -value {15\} -index {pw,Value} -in [gi::getAssistants dePropertyEditor -from [gi::getWindows 53]]
[00:45:46.00] /i gi::executeAction dePropertyEditorApplyChanges -in [gi::getAssistants dePropertyEditor -from [gi::getWindows 53]]
[00:45:48.04] /i gi::setField {parameters} -value {15n} -index {pw,Value} -in [gi::getAssistants dePropertyEditor -from [gi::getWindows 53]]
[00:45:48.04] /i gi::executeAction dePropertyEditorApplyChanges -in [gi::getAssistants dePropertyEditor -from [gi::getWindows 53]]
[00:45:48.91] /i gi::setItemSelection {parameters} -index {per,all} -in [gi::getAssistants dePropertyEditor -from [gi::getWindows 53]]
[00:45:48.91] /i gi::setCurrentIndex {parameters} -index {per,Value} -in [gi::getAssistants dePropertyEditor -from [gi::getWindows 53]]
[00:45:50.62] /i gi::setField {parameters} -value {30n} -index {per,Value} -in [gi::getAssistants dePropertyEditor -from [gi::getWindows 53]]
[00:45:50.62] /i gi::executeAction dePropertyEditorApplyChanges -in [gi::getAssistants dePropertyEditor -from [gi::getWindows 53]]
[00:45:55.27] /# gi::executeAction deFitEdit -in [gi::getWindows 53]
[00:45:55.27] /i de::fit -window 53 -fitEdit true
[00:45:55.27] /o {2.475 0.64375} {10.39375 5.48125}
[00:45:56.39] /# gi::executeAction deSelectActive -in [gi::getWindows 53]
[00:45:56.39] /i de::deselectAll [db::getNext [de::getContexts -window 53]]
[00:45:56.39] /i de::select [de::getActiveFigure [gi::getWindows 53] -point {4.58125 1.825} -index 0 -intent none]
[00:45:56.39] /o oa:0x267a85f0
[00:46:05.54] /i gi::setItemSelection {parameters} -index {tr,all} -in [gi::getAssistants dePropertyEditor -from [gi::getWindows 53]]
[00:46:05.54] /i gi::setCurrentIndex {parameters} -index {tr,Value} -in [gi::getAssistants dePropertyEditor -from [gi::getWindows 53]]
[00:46:10.78] /i gi::setItemSelection {parameters} -index {v2,all} -in [gi::getAssistants dePropertyEditor -from [gi::getWindows 53]]
[00:46:10.78] /i gi::setCurrentIndex {parameters} -index {v2,Value} -in [gi::getAssistants dePropertyEditor -from [gi::getWindows 53]]
[00:46:12.42] /i gi::setField {parameters} -value {0} -index {v2,Value} -in [gi::getAssistants dePropertyEditor -from [gi::getWindows 53]]
[00:46:12.42] /i gi::executeAction dePropertyEditorApplyChanges -in [gi::getAssistants dePropertyEditor -from [gi::getWindows 53]]
[00:46:14.16] /i gi::setItemSelection {parameters} -index {v1,all} -in [gi::getAssistants dePropertyEditor -from [gi::getWindows 53]]
[00:46:14.17] /i gi::setCurrentIndex {parameters} -index {v1,Value} -in [gi::getAssistants dePropertyEditor -from [gi::getWindows 53]]
[00:46:16.89] /i gi::setField {parameters} -value {1,2} -index {v1,Value} -in [gi::getAssistants dePropertyEditor -from [gi::getWindows 53]]
[00:46:16.89] /i gi::executeAction dePropertyEditorApplyChanges -in [gi::getAssistants dePropertyEditor -from [gi::getWindows 53]]
[00:46:18.32] /i gi::setItemSelection {parameters} -index {vdc,all} -in [gi::getAssistants dePropertyEditor -from [gi::getWindows 53]]
[00:46:18.32] /i gi::setCurrentIndex {parameters} -index {vdc,Value} -in [gi::getAssistants dePropertyEditor -from [gi::getWindows 53]]
[00:46:18.66] /i gi::setItemSelection {parameters} -index {v1,all} -in [gi::getAssistants dePropertyEditor -from [gi::getWindows 53]]
[00:46:18.66] /i gi::setCurrentIndex {parameters} -index {v1,Value} -in [gi::getAssistants dePropertyEditor -from [gi::getWindows 53]]
[00:46:20.07] /i gi::setField {parameters} -value {.2} -index {v1,Value} -in [gi::getAssistants dePropertyEditor -from [gi::getWindows 53]]
[00:46:20.07] /i gi::executeAction dePropertyEditorApplyChanges -in [gi::getAssistants dePropertyEditor -from [gi::getWindows 53]]
[00:46:22.96] /i gi::setField {parameters} -value {1.2} -index {v1,Value} -in [gi::getAssistants dePropertyEditor -from [gi::getWindows 53]]
[00:46:22.96] /i gi::executeAction dePropertyEditorApplyChanges -in [gi::getAssistants dePropertyEditor -from [gi::getWindows 53]]
[00:46:27.94] /i gi::setItemSelection {parameters} -index {tr,all} -in [gi::getAssistants dePropertyEditor -from [gi::getWindows 53]]
[00:46:27.95] /i gi::setCurrentIndex {parameters} -index {tr,Value} -in [gi::getAssistants dePropertyEditor -from [gi::getWindows 53]]
[00:46:33.58] /i gi::setField {parameters} -value {20p} -index {tr,Value} -in [gi::getAssistants dePropertyEditor -from [gi::getWindows 53]]
[00:46:33.58] /i gi::executeAction dePropertyEditorApplyChanges -in [gi::getAssistants dePropertyEditor -from [gi::getWindows 53]]
[00:46:34.59] /i gi::setItemSelection {parameters} -index {td,all} -in [gi::getAssistants dePropertyEditor -from [gi::getWindows 53]]
[00:46:34.59] /i gi::setCurrentIndex {parameters} -index {td,Value} -in [gi::getAssistants dePropertyEditor -from [gi::getWindows 53]]
[00:46:35.90] /i gi::setField {parameters} -value {0p} -index {td,Value} -in [gi::getAssistants dePropertyEditor -from [gi::getWindows 53]]
[00:46:35.90] /i gi::executeAction dePropertyEditorApplyChanges -in [gi::getAssistants dePropertyEditor -from [gi::getWindows 53]]
[00:46:37.42] /i gi::setItemSelection {parameters} -index {pw,all} -in [gi::getAssistants dePropertyEditor -from [gi::getWindows 53]]
[00:46:37.42] /i gi::setCurrentIndex {parameters} -index {pw,Value} -in [gi::getAssistants dePropertyEditor -from [gi::getWindows 53]]
[00:46:39.31] /i gi::setField {parameters} -value {10} -index {pw,Value} -in [gi::getAssistants dePropertyEditor -from [gi::getWindows 53]]
[00:46:39.31] /i gi::executeAction dePropertyEditorApplyChanges -in [gi::getAssistants dePropertyEditor -from [gi::getWindows 53]]
[00:46:40.25] /i gi::setItemSelection {parameters} -index {per,all} -in [gi::getAssistants dePropertyEditor -from [gi::getWindows 53]]
[00:46:40.25] /i gi::setCurrentIndex {parameters} -index {per,Value} -in [gi::getAssistants dePropertyEditor -from [gi::getWindows 53]]
[00:46:42.96] /i gi::setField {parameters} -value {20n} -index {per,Value} -in [gi::getAssistants dePropertyEditor -from [gi::getWindows 53]]
[00:46:42.96] /i gi::executeAction dePropertyEditorApplyChanges -in [gi::getAssistants dePropertyEditor -from [gi::getWindows 53]]
[00:46:44.28] /# gi::executeAction deSelectActive -in [gi::getWindows 53]
[00:46:44.28] /i de::deselectAll [db::getNext [de::getContexts -window 53]]
[00:46:44.28] /i de::select [de::getActiveFigure [gi::getWindows 53] -point {4.625 2.55} -index 0 -intent none]
[00:46:44.28] /o oa:0x25044880
[00:46:45.86] /# gi::executeAction deSelectActive -in [gi::getWindows 53]
[00:46:45.86] /i de::deselectAll [db::getNext [de::getContexts -window 53]]
[00:46:45.86] /i de::select [de::getActiveFigure [gi::getWindows 53] -point {4.64375 3.23125} -index 0 -intent none]
[00:46:45.86] /o oa:0x1d0f73e0
[00:46:47.21] /# gi::executeAction deSelectActive -in [gi::getWindows 53]
[00:46:47.21] /i de::deselectAll [db::getNext [de::getContexts -window 53]]
[00:46:47.21] /i de::select [de::getActiveFigure [gi::getWindows 53] -point {4.625 3.78125} -index 0 -intent none]
[00:46:47.21] /o oa:0x27232920
[00:46:48.27] /i gi::setItemSelection {parameters} -index {td,all} -in [gi::getAssistants dePropertyEditor -from [gi::getWindows 53]]
[00:46:48.28] /i gi::setCurrentIndex {parameters} -index {td,Value} -in [gi::getAssistants dePropertyEditor -from [gi::getWindows 53]]
[00:46:49.63] /i gi::setField {parameters} -value {0} -index {td,Value} -in [gi::getAssistants dePropertyEditor -from [gi::getWindows 53]]
[00:46:49.63] /i gi::executeAction dePropertyEditorApplyChanges -in [gi::getAssistants dePropertyEditor -from [gi::getWindows 53]]
[00:46:50.91] /# gi::executeAction deSelectActive -in [gi::getWindows 53]
[00:46:50.91] /i de::deselectAll [db::getNext [de::getContexts -window 53]]
[00:46:50.91] /i de::select [de::getActiveFigure [gi::getWindows 53] -point {5.66875 1.6875} -index 0 -intent none]
[00:46:50.91] /o oa:0x28c4f190
[00:46:57.38] /i gi::setActiveWindow 48
[00:46:57.38] /i gi::setActiveWindow 48 -raise true
[00:46:58.16] /i gi::executeAction menuPreShow -in [gi::getWindows 48]
[00:46:58.16] /r giMenuAccess db::getNext [gi::getMenus saConsoleSimMenu -from [gi::getWindows 48]]
[00:46:58.74] /# gi::executeAction saNetlistAndRun -in [gi::getWindows 48]
[00:46:58.74] /i isa::netlistAndRun -testbench [sa::findActiveTestbench -window 48] -mode overwrite
[00:46:58.81] /r giDialog gi::setActiveDialog [gi::getDialogs {xtShowDesignsPrompt}]
[00:46:58.81] /r giDialog gi::setCurrentIndex {target} -index {0,0} -in [gi::getDialogs {xtShowDesignsPrompt}]
[00:46:59.07] /r giDialog db::setAttr geometry -of [gi::getDialogs {xtShowDesignsPrompt}] -value 649x290+626+410
[00:46:59.90] /r giDialog gi::pressButton {ok} -in [gi::getDialogs {xtShowDesignsPrompt}]
[00:46:59.94] /m Information: 
[00:46:59.94] /o Checking "inverter/tb_full_adder_2bit/schematic"
[00:46:59.94] /o 	[warning] Floating Nets
[00:46:59.94] /o 		Net 'net55' does not connect to a schematic or instance pin (2 times)
[00:46:59.94] /o 0 Error(s),2 Warning(s),0 Message(s) found   in "inverter/tb_full_adder_2bit/schematic"
[00:46:59.94] /o No Design Integrity rule violations found in "inverter/tb_full_adder_2bit/schematic"
[00:46:59.94] /m Information: Checking process is completed: marking the design violations
[00:46:59.94] /m Information: Marking of designs is completed
[00:47:00.08] /m Information: "Starting incremental netlisting for design "inverter/tb_full_adder_2bit/schematic"..." (NETLISTING-010)
[00:47:00.09] /o No Design Integrity rule violations found in "inverter/tb_full_adder_2bit/schematic"
[00:47:00.10] /m Information: 
[00:47:00.10] /o Checking "inverter/full_adder/schematic"
[00:47:00.10] /o No rule violations found in "inverter/full_adder/schematic"
[00:47:00.11] /m Information: 
[00:47:00.11] /o Checking "inverter/CMOS/schematic"
[00:47:00.11] /o No rule violations found in "inverter/CMOS/schematic"
[00:47:00.14] /m Information: "inverter tb_full_adder_2bit schematic" renetlisted. (NETLISTING-056)
[00:47:00.15] /m Information: "Netlisting design "inverter/tb_full_adder_2bit/schematic" finished successfully." (NETLISTING-012)
[00:47:00.16] /m Information: "Composing simulator input file for design "inverter/tb_full_adder_2bit/schematic"..."
[00:47:00.19] /m Information: "Simulator input file composed successfully for design "inverter/tb_full_adder_2bit/schematic""
[00:47:00.38] /m Information: "Starting HSPICE simulation for design: inverter/tb_full_adder_2bit/schematic"
[00:47:00.39] /# gi::collapse {jobMonitorTable} -index {0.0.1.0,0} -in [gi::getWindows 54]
[00:47:00.41] /o 1
[00:47:00.82] /m Information: "Simulation completed successfully for design: inverter/tb_full_adder_2bit/schematic "
[00:47:01.01] /m Information: "Evaluating and plotting outputs..."
[00:47:01.41] /m Information: Measurement calculations completed for testbench: default in 0s
[00:47:01.76] /j ::wf::WaveView::plotSuccess WaveView_9 {} {_8034150_void_pp _74a19e0_void_pp} 
[00:47:02.09] /j ::wf::WaveView::plotSuccess WaveView_9 {} {_8034150_void_pp _74a1aa8_void_pp} 
[00:47:02.36] /j ::wf::WaveView::plotSuccess WaveView_9 {} {_8034150_void_pp _74a1b70_void_pp} 
[00:47:02.66] /j ::wf::WaveView::plotSuccess WaveView_9 {} {_8034150_void_pp _74a1c38_void_pp} 
[00:47:02.94] /j ::wf::WaveView::plotSuccess WaveView_9 {} {_8034150_void_pp _74a1d00_void_pp} 
[00:47:03.20] /j ::wf::WaveView::plotSuccess WaveView_9 {} {_8034150_void_pp _74a2020_void_pp} 
[00:47:03.50] /j ::wf::WaveView::plotSuccess WaveView_9 {} {_8034150_void_pp _74a1dc8_void_pp} 
[00:47:03.78] /j ::wf::WaveView::plotSuccess WaveView_9 {} {_8034150_void_pp _74a1e90_void_pp} 
[00:47:09.21] /i gi::setActiveWindow 48
[00:47:09.21] /i gi::setActiveWindow 48 -raise true
[00:47:09.84] /i gi::setActiveWindow 53
[00:47:09.84] /i gi::setActiveWindow 53 -raise true
[00:47:12.48] /i gi::setActiveWindow 48
[00:47:12.48] /i gi::setActiveWindow 48 -raise true
[00:47:13.49] /i gi::setCurrentIndex {analysisPane} -index {0,3} -in [gi::getWindows 48]
[00:47:13.49] /i gi::setItemSelection {analysisPane} -index {0,3} -in [gi::getWindows 48]
[00:47:13.77] /i gi::setActiveDialog [gi::getDialogs {saEditAnalysesDialogXsaeSession4} -parent [gi::getWindows 48]]
[00:47:14.01] /i db::setAttr geometry -of [gi::getDialogs {saEditAnalysesDialogXsaeSession4} -parent [gi::getWindows 48]] -value 633x680+762+413
[00:47:18.64] /i gi::setField {/analysesGroups/tabGeneral/anaPane/stop} -value {100n} -in [gi::getDialogs {saEditAnalysesDialogXsaeSession4} -parent [gi::getWindows 48]]
[00:47:18.71] /i gi::pressButton {/apply} -in [gi::getDialogs {saEditAnalysesDialogXsaeSession4} -parent [gi::getWindows 48]]
[00:47:18.73] /o tran
[00:47:19.30] /i gi::pressButton {/ok} -in [gi::getDialogs {saEditAnalysesDialogXsaeSession4} -parent [gi::getWindows 48]]
[00:47:20.23] /i gi::setActiveWindow 2
[00:47:20.23] /i gi::setActiveWindow 2 -raise true
[00:47:20.31] /i gi::setActiveWindow 48
[00:47:20.32] /i gi::setActiveWindow 48 -raise true
[00:47:20.47] /r giWindowId 57
[00:47:20.49] /r giWindowGeometry 1040x800
[00:47:20.55] /i gi::createFrame -window 2
[00:47:20.55] /i gi::setActiveWindow 57
[00:47:20.55] /i gi::setActiveWindow 57 -raise true
[00:47:20.88] /i db::setAttr geometry -of [gi::getFrames 2] -value 1910x1101+5+56
[00:47:21.87] /i gi::executeAction giCloseWindow -in [gi::getWindows 2]
[00:47:21.88] /i gi::setActiveWindow 57
[00:47:21.88] /i gi::setActiveWindow 57 -raise true
[00:47:25.00] /i gi::setActiveWindow 48
[00:47:25.00] /i gi::setActiveWindow 48 -raise true
[00:47:26.72] /i gi::executeAction menuPreShow -in [gi::getWindows 48]
[00:47:26.72] /r giMenuAccess db::getNext [gi::getMenus saConsoleSimMenu -from [gi::getWindows 48]]
[00:47:27.18] /# gi::executeAction saNetlistAndRun -in [gi::getWindows 48]
[00:47:27.18] /i isa::netlistAndRun -testbench [sa::findActiveTestbench -window 48] -mode overwrite
[00:47:27.27] /m Information: "Starting incremental netlisting for design "inverter/tb_full_adder_2bit/schematic"..." (NETLISTING-010)
[00:47:27.28] /o No Design Integrity rule violations found in "inverter/tb_full_adder_2bit/schematic"
[00:47:27.30] /m Information: 
[00:47:27.30] /o Checking "inverter/full_adder/schematic"
[00:47:27.30] /o No rule violations found in "inverter/full_adder/schematic"
[00:47:27.31] /m Information: 
[00:47:27.31] /o Checking "inverter/CMOS/schematic"
[00:47:27.31] /o No rule violations found in "inverter/CMOS/schematic"
[00:47:27.34] /m Information: "Netlisting design "inverter/tb_full_adder_2bit/schematic" finished successfully." (NETLISTING-012)
[00:47:27.35] /m Information: "Composing simulator input file for design "inverter/tb_full_adder_2bit/schematic"..."
[00:47:27.38] /m Information: "Simulator input file composed successfully for design "inverter/tb_full_adder_2bit/schematic""
[00:47:27.55] /m Information: "Starting HSPICE simulation for design: inverter/tb_full_adder_2bit/schematic"
[00:47:27.55] /# gi::collapse {jobMonitorTable} -index {0.0.1.0,0} -in [gi::getWindows 54]
[00:47:27.57] /o 1
[00:47:28.11] /m Information: "Simulation completed successfully for design: inverter/tb_full_adder_2bit/schematic "
[00:47:28.32] /m Information: "Evaluating and plotting outputs..."
[00:47:28.71] /m Information: Measurement calculations completed for testbench: default in 0s
[00:47:28.87] /j ::wf::WaveView::plotSuccess WaveView_9 {} {_8036160_void_pp _74a1f58_void_pp} 
[00:47:29.23] /j ::wf::WaveView::plotSuccess WaveView_9 {} {_8036160_void_pp _74a19e0_void_pp} 
[00:47:29.61] /j ::wf::WaveView::plotSuccess WaveView_9 {} {_8036160_void_pp _74a1aa8_void_pp} 
[00:47:29.93] /j ::wf::WaveView::plotSuccess WaveView_9 {} {_8036160_void_pp _74a1b70_void_pp} 
[00:47:30.33] /j ::wf::WaveView::plotSuccess WaveView_9 {} {_8036160_void_pp _74a1c38_void_pp} 
[00:47:30.72] /j ::wf::WaveView::plotSuccess WaveView_9 {} {_8036160_void_pp _74a1d00_void_pp} 
[00:47:31.08] /j ::wf::WaveView::plotSuccess WaveView_9 {} {_8036160_void_pp _74a2020_void_pp} 
[00:47:31.42] /j ::wf::WaveView::plotSuccess WaveView_9 {} {_8036160_void_pp _74a1dc8_void_pp} 
[00:47:51.21] /i db::setAttr iconified -of [gi::getFrames 2] -value true
[00:47:51.21] /i db::setAttr iconified -of [gi::getFrames 1] -value true
[00:48:45.30] /i db::setAttr maximized -of [gi::getFrames 1] -value true
[00:48:45.30] /i db::setAttr iconified -of [gi::getFrames 1] -value false
[00:48:45.30] /i db::setAttr iconified -of [gi::getFrames 2] -value false
[00:48:49.27] /i gi::setActiveWindow 57
[00:48:49.27] /i gi::setActiveWindow 57 -raise true
[00:48:50.81] /i gi::setActiveWindow 54
[00:48:50.81] /i gi::setActiveWindow 54 -raise true
[00:48:52.01] /i gi::setActiveWindow 48
[00:48:52.01] /i gi::setActiveWindow 48 -raise true
[00:48:52.09] /i gi::setActiveWindow 54
[00:48:52.09] /i gi::setActiveWindow 54 -raise true
[00:48:52.12] /r giWindowId 58
[00:48:52.14] /r giWindowGeometry 1040x800
[00:48:52.20] /i gi::createFrame -window 48
[00:48:52.20] /i gi::setActiveWindow 58
[00:48:52.20] /i gi::setActiveWindow 58 -raise true
[00:48:52.51] /i db::setAttr geometry -of [gi::getFrames 3] -value 1910x1101+5+56
[00:48:53.85] /i gi::setActiveDialog [gi::getDialogs {saEditAnalysesDialogXsaeSession4} -parent [gi::getWindows 48]]
[00:48:54.09] /i db::setAttr geometry -of [gi::getDialogs {saEditAnalysesDialogXsaeSession4} -parent [gi::getWindows 48]] -value 633x680+762+413
[00:48:58.16] /i gi::setField {/analysesGroups/tabGeneral/anaPane/stop} -value {160n} -in [gi::getDialogs {saEditAnalysesDialogXsaeSession4} -parent [gi::getWindows 48]]
[00:48:58.20] /i gi::pressButton {/apply} -in [gi::getDialogs {saEditAnalysesDialogXsaeSession4} -parent [gi::getWindows 48]]
[00:48:58.23] /o tran
[00:48:58.55] /i gi::pressButton {/ok} -in [gi::getDialogs {saEditAnalysesDialogXsaeSession4} -parent [gi::getWindows 48]]
[00:48:59.63] /i gi::executeAction menuPreShow -in [gi::getWindows 48]
[00:48:59.63] /r giMenuAccess db::getNext [gi::getMenus saConsoleSimMenu -from [gi::getWindows 48]]
[00:49:00.22] /# gi::executeAction saNetlistAndRun -in [gi::getWindows 48]
[00:49:00.22] /i isa::netlistAndRun -testbench [sa::findActiveTestbench -window 48] -mode overwrite
[00:49:00.25] /m Information: "Starting incremental netlisting for design "inverter/tb_full_adder_2bit/schematic"..." (NETLISTING-010)
[00:49:00.27] /o No Design Integrity rule violations found in "inverter/tb_full_adder_2bit/schematic"
[00:49:00.28] /m Information: 
[00:49:00.28] /o Checking "inverter/full_adder/schematic"
[00:49:00.28] /o No rule violations found in "inverter/full_adder/schematic"
[00:49:00.29] /m Information: 
[00:49:00.29] /o Checking "inverter/CMOS/schematic"
[00:49:00.29] /o No rule violations found in "inverter/CMOS/schematic"
[00:49:00.33] /m Information: "Netlisting design "inverter/tb_full_adder_2bit/schematic" finished successfully." (NETLISTING-012)
[00:49:00.34] /m Information: "Composing simulator input file for design "inverter/tb_full_adder_2bit/schematic"..."
[00:49:00.38] /m Information: "Simulator input file composed successfully for design "inverter/tb_full_adder_2bit/schematic""
[00:49:00.60] /m Information: "Starting HSPICE simulation for design: inverter/tb_full_adder_2bit/schematic"
[00:49:00.60] /# gi::collapse {jobMonitorTable} -index {0.0.1.0,0} -in [gi::getWindows 54]
[00:49:00.62] /o 1
[00:49:01.30] /m Information: "Simulation completed successfully for design: inverter/tb_full_adder_2bit/schematic "
[00:49:01.51] /m Information: "Evaluating and plotting outputs..."
[00:49:01.91] /m Information: Measurement calculations completed for testbench: default in 0s
[00:49:02.32] /j ::wf::WaveView::plotSuccess WaveView_9 {} {_7ffcab0_void_pp _74a1e90_void_pp} 
[00:49:02.52] /i gi::setActiveWindow 48
[00:49:02.52] /i gi::setActiveWindow 48 -raise true
[00:49:02.74] /j ::wf::WaveView::plotSuccess WaveView_9 {} {_7ffcab0_void_pp _74a1f58_void_pp} 
[00:49:03.08] /j ::wf::WaveView::plotSuccess WaveView_9 {} {_7ffcab0_void_pp _74a19e0_void_pp} 
[00:49:03.42] /j ::wf::WaveView::plotSuccess WaveView_9 {} {_7ffcab0_void_pp _74a1aa8_void_pp} 
[00:49:03.57] /i gi::setActiveWindow 57
[00:49:03.57] /i gi::setActiveWindow 57 -raise true
[00:49:03.86] /j ::wf::WaveView::plotSuccess WaveView_9 {} {_7ffcab0_void_pp _74a1b70_void_pp} 
[00:49:04.25] /j ::wf::WaveView::plotSuccess WaveView_9 {} {_7ffcab0_void_pp _74a1c38_void_pp} 
[00:49:04.64] /j ::wf::WaveView::plotSuccess WaveView_9 {} {_7ffcab0_void_pp _74a1d00_void_pp} 
[00:49:05.04] /j ::wf::WaveView::plotSuccess WaveView_9 {} {_7ffcab0_void_pp _74a2020_void_pp} 
[00:49:41.51] /i db::setAttr iconified -of [gi::getFrames 1] -value true
[00:49:41.51] /i db::setAttr iconified -of [gi::getFrames 3] -value true
[00:49:41.51] /i db::setAttr iconified -of [gi::getFrames 2] -value true
[00:50:09.34] /i db::setAttr iconified -of [gi::getFrames 2] -value false
[00:50:09.34] /i db::setAttr iconified -of [gi::getFrames 3] -value false
[00:50:09.34] /i db::setAttr maximized -of [gi::getFrames 1] -value true
[00:50:09.34] /i db::setAttr iconified -of [gi::getFrames 1] -value false
[00:50:19.36] /i gi::setActiveWindow 54
[00:50:19.36] /i gi::setActiveWindow 54 -raise true
[00:50:20.69] /i gi::setActiveWindow 53
[00:50:20.70] /i gi::setActiveWindow 53 -raise true
[00:50:26.65] /# gi::executeAction deSelectActive -in [gi::getWindows 53]
[00:50:26.65] /i de::deselectAll [db::getNext [de::getContexts -window 53]]
[00:50:26.65] /i de::select [de::getActiveFigure [gi::getWindows 53] -point {4.65625 1.85} -index 0 -intent none]
[00:50:26.65] /o oa:0x25e15630
[00:50:27.90] /i gi::setItemSelection {parameters} -index {pw,all} -in [gi::getAssistants dePropertyEditor -from [gi::getWindows 53]]
[00:50:27.90] /i gi::setCurrentIndex {parameters} -index {pw,Value} -in [gi::getAssistants dePropertyEditor -from [gi::getWindows 53]]
[00:50:29.42] /i gi::setField {parameters} -value {10n} -index {pw,Value} -in [gi::getAssistants dePropertyEditor -from [gi::getWindows 53]]
[00:50:29.42] /i gi::executeAction dePropertyEditorApplyChanges -in [gi::getAssistants dePropertyEditor -from [gi::getWindows 53]]
[00:50:31.12] /i gi::setActiveWindow 54
[00:50:31.12] /i gi::setActiveWindow 54 -raise true
[00:50:31.88] /i gi::setActiveWindow 53
[00:50:31.88] /i gi::setActiveWindow 53 -raise true
[00:50:33.56] /i gi::setActiveWindow 48
[00:50:33.56] /i gi::setActiveWindow 48 -raise true
[00:50:34.52] /i gi::executeAction menuPreShow -in [gi::getWindows 48]
[00:50:34.52] /r giMenuAccess db::getNext [gi::getMenus saConsoleSimMenu -from [gi::getWindows 48]]
[00:50:35.01] /# gi::executeAction saNetlistAndRun -in [gi::getWindows 48]
[00:50:35.01] /i isa::netlistAndRun -testbench [sa::findActiveTestbench -window 48] -mode overwrite
[00:50:35.07] /r giDialog gi::setActiveDialog [gi::getDialogs {xtShowDesignsPrompt}]
[00:50:35.08] /r giDialog gi::setCurrentIndex {target} -index {0,0} -in [gi::getDialogs {xtShowDesignsPrompt}]
[00:50:35.32] /r giDialog db::setAttr geometry -of [gi::getDialogs {xtShowDesignsPrompt}] -value 649x290+626+410
[00:50:35.97] /r giDialog gi::pressButton {ok} -in [gi::getDialogs {xtShowDesignsPrompt}]
[00:50:36.00] /m Information: 
[00:50:36.00] /o Checking "inverter/tb_full_adder_2bit/schematic"
[00:50:36.00] /o 	[warning] Floating Nets
[00:50:36.00] /o 		Net 'net55' does not connect to a schematic or instance pin (2 times)
[00:50:36.01] /o 0 Error(s),2 Warning(s),0 Message(s) found   in "inverter/tb_full_adder_2bit/schematic"
[00:50:36.01] /o No Design Integrity rule violations found in "inverter/tb_full_adder_2bit/schematic"
[00:50:36.01] /m Information: Checking process is completed: marking the design violations
[00:50:36.01] /m Information: Marking of designs is completed
[00:50:36.15] /m Information: "Starting incremental netlisting for design "inverter/tb_full_adder_2bit/schematic"..." (NETLISTING-010)
[00:50:36.16] /o No Design Integrity rule violations found in "inverter/tb_full_adder_2bit/schematic"
[00:50:36.18] /m Information: 
[00:50:36.18] /o Checking "inverter/full_adder/schematic"
[00:50:36.18] /o No rule violations found in "inverter/full_adder/schematic"
[00:50:36.20] /m Information: 
[00:50:36.20] /o Checking "inverter/CMOS/schematic"
[00:50:36.20] /o No rule violations found in "inverter/CMOS/schematic"
[00:50:36.23] /m Information: "inverter tb_full_adder_2bit schematic" renetlisted. (NETLISTING-056)
[00:50:36.24] /m Information: "Netlisting design "inverter/tb_full_adder_2bit/schematic" finished successfully." (NETLISTING-012)
[00:50:36.25] /m Information: "Composing simulator input file for design "inverter/tb_full_adder_2bit/schematic"..."
[00:50:36.28] /m Information: "Simulator input file composed successfully for design "inverter/tb_full_adder_2bit/schematic""
[00:50:36.47] /m Information: "Starting HSPICE simulation for design: inverter/tb_full_adder_2bit/schematic"
[00:50:36.47] /# gi::collapse {jobMonitorTable} -index {0.0.1.0,0} -in [gi::getWindows 54]
[00:50:36.49] /o 1
[00:50:37.21] /m Information: "Simulation completed successfully for design: inverter/tb_full_adder_2bit/schematic "
[00:50:37.44] /m Information: "Evaluating and plotting outputs..."
[00:50:37.87] /m Information: Measurement calculations completed for testbench: default in 0s
[00:50:38.32] /j ::wf::WaveView::plotSuccess WaveView_9 {} {_8025740_void_pp _74a1dc8_void_pp} 
[00:50:38.74] /j ::wf::WaveView::plotSuccess WaveView_9 {} {_8025740_void_pp _74a1e90_void_pp} 
[00:50:39.06] /j ::wf::WaveView::plotSuccess WaveView_9 {} {_8025740_void_pp _74a1f58_void_pp} 
[00:50:39.48] /j ::wf::WaveView::plotSuccess WaveView_9 {} {_8025740_void_pp _74a19e0_void_pp} 
[00:50:39.88] /j ::wf::WaveView::plotSuccess WaveView_9 {} {_8025740_void_pp _74a1aa8_void_pp} 
[00:50:40.26] /j ::wf::WaveView::plotSuccess WaveView_9 {} {_8025740_void_pp _74a1b70_void_pp} 
[00:50:40.62] /j ::wf::WaveView::plotSuccess WaveView_9 {} {_8025740_void_pp _74a1c38_void_pp} 
[00:50:40.99] /j ::wf::WaveView::plotSuccess WaveView_9 {} {_8025740_void_pp _74a1d00_void_pp} 
[00:51:11.81] /i db::setAttr iconified -of [gi::getFrames 2] -value true
[00:51:11.81] /i db::setAttr iconified -of [gi::getFrames 3] -value true
[00:51:11.81] /i db::setAttr iconified -of [gi::getFrames 1] -value true
[00:52:05.26] /i db::setAttr maximized -of [gi::getFrames 1] -value true
[00:52:05.26] /i db::setAttr iconified -of [gi::getFrames 1] -value false
[00:52:05.26] /i db::setAttr iconified -of [gi::getFrames 3] -value false
[00:52:05.26] /i db::setAttr iconified -of [gi::getFrames 2] -value false
[00:52:08.43] /i gi::setActiveWindow 53
[00:52:08.43] /i gi::setActiveWindow 53 -raise true
[00:52:09.66] /# gi::executeAction seSchCreateSchematicPin -in [gi::getWindows 53]
[00:52:09.66] /i ise::createSchematicPin
[00:52:16.40] /i gi::setField {schematicPinName} -value {out1} -in [gi::getToolbars {deCommandOptions} -from [gi::getWindows 53]]
[00:52:17.35] /# gi::executeAction deAddPoint -in [gi::getWindows 53]
[00:52:17.35] /i de::addPoint {7.125 4.9} -context [db::getNext [de::getContexts -window 53]]
[00:52:19.94] /i gi::setField {schematicPinName} -value {out0} -in [gi::getToolbars {deCommandOptions} -from [gi::getWindows 53]]
[00:52:23.21] /# gi::executeAction deAddPoint -in [gi::getWindows 53]
[00:52:23.21] /i de::addPoint {7.83125 3.25} -context [db::getNext [de::getContexts -window 53]]
[00:52:25.55] /i gi::executeAction deObjectActivation -in [gi::getWindows 53]
[00:52:29.76] /i gi::setField {schematicPinName} -value {Cout_1} -in [gi::getToolbars {deCommandOptions} -from [gi::getWindows 53]]
[00:52:29.76] /i gi::executeAction deObjectActivation -in [gi::getWindows 53]
[00:52:31.02] /# gi::executeAction deAddPoint -in [gi::getWindows 53]
[00:52:31.02] /i de::addPoint {7.84375 2.43125} -context [db::getNext [de::getContexts -window 53]]
[00:52:31.37] /# gi::executeAction deAbortCommand -in [gi::getWindows 53]
[00:52:31.37] /i de::abortCommand -context [db::getNext [de::getContexts -window 53]]
[00:52:32.55] /# gi::executeAction seSchCreateWire -in [gi::getWindows 53]
[00:52:32.55] /i ise::createWire
[00:52:33.55] /# gi::executeAction deAddPoint -in [gi::getWindows 53]
[00:52:33.55] /i de::addPoint {7.95625 2.4375} -context [db::getNext [de::getContexts -window 53]]
[00:52:33.57] /i de::setCursor -point {7.9375 2.5 }
[00:52:35.38] /# gi::executeAction deAddPoint -in [gi::getWindows 53]
[00:52:35.38] /i de::addPoint {7.49375 2.8875} -context [db::getNext [de::getContexts -window 53]]
[00:52:35.89] /# gi::executeAction deAddPoint -in [gi::getWindows 53]
[00:52:35.89] /i de::addPoint {7.8625 3.19375} -context [db::getNext [de::getContexts -window 53]]
[00:52:35.92] /i de::setCursor -point {7.8125 3.1875 }
[00:52:35.94] /i de::setCursor -point {7.8125 3.25 }
[00:52:35.96] /i de::setCursor -point {7.75 3.25 }
[00:52:38.10] /i de::setCursor -point {7.8125 3.25 }
[00:52:38.29] /i de::setCursor -point {7.8125 3.3125 }
[00:52:38.52] /# gi::executeAction deAbortCommand -in [gi::getWindows 53]
[00:52:38.52] /i de::abortCommand -context [db::getNext [de::getContexts -window 53]]
[00:52:39.62] /# gi::executeAction seButton1DragStart -in [gi::getWindows 53]
[00:52:39.62] /i ise::stretch -object [de::getActiveFigure [gi::getWindows 53] -point {7.8625 3.25625} -index 0 -intent none] -point {7.875 3.25}
[00:52:40.32] /# gi::executeAction deEndDrag -in [gi::getWindows 53]
[00:52:40.32] /i de::endDrag {9.25625 3.5375} -context [db::getNext [de::getContexts -window 53]]
[00:52:41.33] /# gi::executeAction seSchCreateWire -in [gi::getWindows 53]
[00:52:41.33] /i ise::createWire
[00:52:42.26] /# gi::executeAction deAddPoint -in [gi::getWindows 53]
[00:52:42.26] /i de::addPoint {7.15 4.9} -context [db::getNext [de::getContexts -window 53]]
[00:52:42.30] /i de::setCursor -point {7.125 4.9375 }
[00:52:43.97] /# gi::executeAction deAddPoint -in [gi::getWindows 53]
[00:52:43.97] /i de::addPoint {7.24375 4.36875} -context [db::getNext [de::getContexts -window 53]]
[00:52:44.43] /# gi::executeAction deAbortCommand -in [gi::getWindows 53]
[00:52:44.43] /i de::abortCommand -context [db::getNext [de::getContexts -window 53]]
[00:52:45.31] /# gi::executeAction seButton1DragStart -in [gi::getWindows 53]
[00:52:45.31] /i ise::stretch -object [de::getActiveFigure [gi::getWindows 53] -point {9.25 3.55} -index 0 -intent none] -point {9.25 3.5625}
[00:52:46.46] /# gi::executeAction deEndDrag -in [gi::getWindows 53]
[00:52:46.46] /i de::endDrag {9.54375 4.25} -context [db::getNext [de::getContexts -window 53]]
[00:52:47.34] /# gi::executeAction deSelectActive -in [gi::getWindows 53]
[00:52:47.34] /i de::deselectAll [db::getNext [de::getContexts -window 53]]
[00:52:47.34] /i de::select [de::getActiveFigure [gi::getWindows 53] -point {7.63125 4.325} -index 0 -intent none]
[00:52:47.35] /o oa:0x291875d0
[00:52:47.57] /# gi::executeAction seCopy -in [gi::getWindows 53]
[00:52:47.57] /i ise::copy
[00:52:47.94] /# gi::executeAction deAddPoint -in [gi::getWindows 53]
[00:52:47.94] /i de::addPoint {7.75625 4.33125} -context [db::getNext [de::getContexts -window 53]]
[00:52:48.99] /# gi::executeAction deAddPoint -in [gi::getWindows 53]
[00:52:48.99] /i de::addPoint {9.04375 4.71875} -context [db::getNext [de::getContexts -window 53]]
[00:52:49.24] /i gi::executeAction deCanvasDragCancel -in [gi::getWindows 53]
[00:52:50.93] /# gi::executeAction seSchCreateWire -in [gi::getWindows 53]
[00:52:50.93] /i ise::createWire
[00:52:52.07] /# gi::executeAction deAddPoint -in [gi::getWindows 53]
[00:52:52.07] /i de::addPoint {7.6 3.56875} -context [db::getNext [de::getContexts -window 53]]
[00:52:52.11] /i de::setCursor -point {7.625 3.625 }
[00:52:52.27] /i de::setCursor -point {7.75 3.6875 }
[00:52:52.28] /i de::setCursor -point {7.75 3.75 }
[00:52:53.26] /# gi::executeAction deAddPoint -in [gi::getWindows 53]
[00:52:53.26] /i de::addPoint {8.75625 3.6125} -context [db::getNext [de::getContexts -window 53]]
[00:52:54.40] /# gi::executeAction deAddPoint -in [gi::getWindows 53]
[00:52:54.40] /i de::addPoint {8.76875 4.825} -context [db::getNext [de::getContexts -window 53]]
[00:52:55.58] /# gi::executeAction deAddPoint -in [gi::getWindows 53]
[00:52:55.58] /i de::addPoint {9.48125 4.8375} -context [db::getNext [de::getContexts -window 53]]
[00:52:55.64] /i de::setCursor -point {9.5625 4.75 }
[00:52:55.67] /i de::setCursor -point {9.5625 4.6875 }
[00:52:56.25] /# gi::executeAction deAddPoint -in [gi::getWindows 53]
[00:52:56.25] /i de::addPoint {9.58125 4.2625} -context [db::getNext [de::getContexts -window 53]]
[00:52:57.90] /i gi::setActiveWindow 54
[00:52:57.90] /i gi::setActiveWindow 54 -raise true
[00:52:58.89] /i gi::setActiveWindow 53
[00:52:58.89] /i gi::setActiveWindow 53 -raise true
[00:53:01.97] /i gi::executeAction giCloseWindow -in [gi::getWindows 54]
[00:53:04.88] /i gi::setActiveWindow 57
[00:53:04.88] /i gi::setActiveWindow 57 -raise true
[00:53:05.27] /i gi::setActiveWindow 48
[00:53:05.27] /i gi::setActiveWindow 48 -raise true
[00:53:06.77] /i gi::setActiveWindow 57
[00:53:06.77] /i gi::setActiveWindow 57 -raise true
[00:53:07.74] /i db::setAttr maximized -of [gi::getFrames 3] -value true
[00:53:10.18] /i db::setAttr iconified -of [gi::getFrames 3] -value true
[00:53:10.23] /i db::setAttr iconified -of [gi::getFrames 3] -value false
[00:53:10.23] /i db::setAttr iconified -of [gi::getFrames 3] -value true
[00:53:10.23] /i gi::setActiveWindow 57
[00:53:10.23] /i gi::setActiveWindow 57 -raise true
[00:53:10.50] /i db::setAttr geometry -of [gi::getFrames 3] -value 1430x817+245+150
[00:53:11.17] /i gi::executeAction giCloseWindow -in [gi::getWindows 57]
[00:53:11.21] /i gi::setActiveWindow 53
[00:53:11.21] /i gi::setActiveWindow 53 -raise true
[00:53:12.14] /i db::setAttr iconified -of [gi::getFrames 3] -value false
[00:53:12.14] /i gi::setActiveWindow 48
[00:53:12.14] /i gi::setActiveWindow 48 -raise true
[00:53:13.13] /i gi::setActiveWindow 53
[00:53:13.13] /i gi::setActiveWindow 53 -raise true
[00:53:13.54] /i gi::setActiveWindow 55
[00:53:13.54] /i gi::setActiveWindow 55 -raise true
[00:53:14.24] /i gi::addWindow 48 -to 1 -before 53
[00:53:14.27] /i gi::setActiveWindow 48
[00:53:14.27] /i gi::setActiveWindow 48 -raise true
[00:53:15.07] /i gi::setActiveWindow 55
[00:53:15.07] /i gi::setActiveWindow 55 -raise true
[00:53:15.56] /i gi::addWindow 48 -to 1 -before 53
[00:53:15.58] /i gi::setActiveWindow 48
[00:53:15.58] /i gi::setActiveWindow 48 -raise true
[00:53:18.16] /i gi::setActiveWindow 53
[00:53:18.16] /i gi::setActiveWindow 53 -raise true
[00:53:19.39] /i gi::setActiveWindow 48
[00:53:19.39] /i gi::setActiveWindow 48 -raise true
[00:53:20.30] /i gi::executeAction menuPreShow -in [gi::getWindows 48]
[00:53:20.30] /r giMenuAccess db::getNext [gi::getMenus saConsoleOutputsMenu -from [gi::getWindows 48]]
[00:53:21.04] /# gi::executeAction saSelectInDesign -in [gi::getWindows 48]
[00:53:21.04] /i sa::selectOutputs -window 48
[00:53:22.56] /# gi::executeAction deAddPoint -in [gi::getWindows 53]
[00:53:22.56] /i de::addPoint {7.18125 4.5375} -context [db::getNext [de::getContexts -window 53]]
[00:53:26.20] /# gi::executeAction deAddPoint -in [gi::getWindows 53]
[00:53:26.20] /i de::addPoint {9.575 4.58125} -context [db::getNext [de::getContexts -window 53]]
[00:53:27.52] /# gi::executeAction deAddPoint -in [gi::getWindows 53]
[00:53:27.52] /i de::addPoint {7.81875 2.875} -context [db::getNext [de::getContexts -window 53]]
[00:53:29.03] /i gi::setActiveWindow 48
[00:53:29.04] /i gi::setActiveWindow 48 -raise true
[00:53:29.86] /i gi::executeAction menuPreShow -in [gi::getWindows 48]
[00:53:29.86] /r giMenuAccess db::getNext [gi::getMenus saConsoleSimMenu -from [gi::getWindows 48]]
[00:53:30.57] /# gi::executeAction saNetlistAndRun -in [gi::getWindows 48]
[00:53:30.57] /i isa::netlistAndRun -testbench [sa::findActiveTestbench -window 48] -mode overwrite
[00:53:30.65] /r giDialog gi::setActiveDialog [gi::getDialogs {xtShowDesignsPrompt}]
[00:53:30.65] /r giDialog gi::setCurrentIndex {target} -index {0,0} -in [gi::getDialogs {xtShowDesignsPrompt}]
[00:53:30.89] /r giDialog db::setAttr geometry -of [gi::getDialogs {xtShowDesignsPrompt}] -value 649x290+626+410
[00:53:31.87] /r giDialog gi::pressButton {ok} -in [gi::getDialogs {xtShowDesignsPrompt}]
[00:53:31.90] /m Information: 
[00:53:31.90] /o Checking "inverter/tb_full_adder_2bit/schematic"
[00:53:31.90] /o 	[warning] Floating Nets
[00:53:31.90] /o 		Net 'net55' does not connect to a schematic or instance pin (2 times)
[00:53:31.90] /o 0 Error(s),2 Warning(s),0 Message(s) found   in "inverter/tb_full_adder_2bit/schematic"
[00:53:31.90] /o No Design Integrity rule violations found in "inverter/tb_full_adder_2bit/schematic"
[00:53:31.90] /m Information: Checking process is completed: marking the design violations
[00:53:31.90] /m Information: Marking of designs is completed
[00:53:31.92] /r giWindowId 59
[00:53:31.93] /r giWindowGeometry 800x600
[00:53:32.00] /m Information: "Starting incremental netlisting for design "inverter/tb_full_adder_2bit/schematic"..." (NETLISTING-010)
[00:53:32.02] /o No Design Integrity rule violations found in "inverter/tb_full_adder_2bit/schematic"
[00:53:32.03] /m Information: 
[00:53:32.03] /o Checking "inverter/full_adder/schematic"
[00:53:32.03] /o No rule violations found in "inverter/full_adder/schematic"
[00:53:32.03] /m Information: 
[00:53:32.03] /o Checking "inverter/CMOS/schematic"
[00:53:32.03] /o No rule violations found in "inverter/CMOS/schematic"
[00:53:32.06] /m Information: "inverter tb_full_adder_2bit schematic" renetlisted. (NETLISTING-056)
[00:53:32.07] /m Information: "Netlisting design "inverter/tb_full_adder_2bit/schematic" finished successfully." (NETLISTING-012)
[00:53:32.07] /m Information: "Composing simulator input file for design "inverter/tb_full_adder_2bit/schematic"..."
[00:53:32.11] /m Information: "Simulator input file composed successfully for design "inverter/tb_full_adder_2bit/schematic""
[00:53:32.32] /m Information: "Starting HSPICE simulation for design: inverter/tb_full_adder_2bit/schematic"
[00:53:32.33] /# gi::collapse {jobMonitorTable} -index {0.0.1.0,0} -in [gi::getWindows 59]
[00:53:32.35] /o 1
[00:53:33.10] /m Information: "Simulation completed successfully for design: inverter/tb_full_adder_2bit/schematic "
[00:53:33.32] /m Information: "Evaluating and plotting outputs..."
[00:53:33.80] /m Information: Measurement calculations completed for testbench: default in 0s
[00:53:34.13] /j ::wf::WaveView::plotSuccess WaveView_9 {} {_8003760_void_pp _74a2020_void_pp} 
[00:53:34.53] /j ::wf::WaveView::plotSuccess WaveView_9 {} {_8003760_void_pp _74a1dc8_void_pp} 
[00:53:34.85] /j ::wf::WaveView::plotSuccess WaveView_9 {} {_8003760_void_pp _74a1e90_void_pp} 
[00:53:35.18] /j ::wf::WaveView::plotSuccess WaveView_9 {} {_8003760_void_pp _74a1f58_void_pp} 
[00:53:35.51] /j ::wf::WaveView::plotSuccess WaveView_9 {} {_8003760_void_pp _74a19e0_void_pp} 
[00:53:35.85] /j ::wf::WaveView::plotSuccess WaveView_9 {} {_8003760_void_pp _74a1aa8_void_pp} 
[00:53:36.25] /j ::wf::WaveView::plotSuccess WaveView_9 {} {_8003760_void_pp _74a1b70_void_pp} 
[00:53:36.57] /j ::wf::WaveView::plotSuccess WaveView_9 {} {_8003760_void_pp _74a1c38_void_pp} 
[00:53:36.73] /j ::wf::WaveView::plotSuccess WaveView_9 {} {_8003760_void_pp _74a1d00_void_pp} 
[00:53:36.87] /j ::wf::WaveView::plotSuccess WaveView_9 {} {_8003760_void_pp _74a20e8_void_pp} 
[00:53:37.01] /j ::wf::WaveView::plotSuccess WaveView_9 {} {_8003760_void_pp _74a21b0_void_pp} 
[00:54:29.00] /i gi::setActiveWindow 53
[00:54:29.00] /i gi::setActiveWindow 53 -raise true
[00:54:34.92] /# gi::executeAction deAddPoint -in [gi::getWindows 53]
[00:54:34.92] /i de::addPoint {9.10625 4.825} -context [db::getNext [de::getContexts -window 53]]
[00:54:35.19] /i de::setCursor -point {9.0625 4.8125 }
[00:54:35.20] /i de::setCursor -point {9.0625 4.875 }
[00:54:35.21] /i de::setCursor -point {9 4.875 }
[00:54:35.65] /i de::setCursor -point {9 4.9375 }
[00:54:35.69] /i de::setCursor -point {9.0625 4.8125 }
[00:54:36.02] /# gi::executeAction seDelete -in [gi::getWindows 53]
[00:54:36.02] /i ise::delete
[00:54:37.53] /# gi::executeAction deSelectActive -in [gi::getWindows 53]
[00:54:37.53] /i de::deselectAll [db::getNext [de::getContexts -window 53]]
[00:54:37.53] /i de::select [de::getActiveFigure [gi::getWindows 53] -point {8.74375 4.51875} -index 0 -intent none]
[00:54:37.53] /o oa:0x26373d70
[00:54:37.58] /# gi::executeAction seDelete -in [gi::getWindows 53]
[00:54:37.58] /i ise::delete
[00:54:38.35] /# gi::executeAction deSelectActive -in [gi::getWindows 53]
[00:54:38.35] /i de::deselectAllLogic -context [db::getNext [de::getContexts -window 53]]
[00:54:38.37] /# gi::executeAction seDelete -in [gi::getWindows 53]
[00:54:38.37] /i ise::delete
[00:54:38.68] /# gi::executeAction deAddPoint -in [gi::getWindows 53]
[00:54:38.68] /i de::addPoint {9.54375 4.61875} -context [db::getNext [de::getContexts -window 53]]
[00:54:38.94] /i de::select [se::getNetComponents [de::getActiveFigure [gi::getWindows 53] -point {9.54375 4.325} -index 0 -intent none] -of branch]
[00:54:38.94] /o oa:0x27429920
[00:54:38.97] /# gi::executeAction seDelete -in [gi::getWindows 53]
[00:54:38.97] /i ise::delete
[00:54:39.15] /# gi::executeAction deAddPoint -in [gi::getWindows 53]
[00:54:39.15] /i de::addPoint {9.61875 4.21875} -context [db::getNext [de::getContexts -window 53]]
[00:54:39.37] /# gi::executeAction seDelete -in [gi::getWindows 53]
[00:54:39.37] /i ise::delete
[00:54:39.73] /# gi::executeAction deAddPoint -in [gi::getWindows 53]
[00:54:39.73] /i de::addPoint {9.50625 4.7625} -context [db::getNext [de::getContexts -window 53]]
[00:54:40.04] /i de::select [se::getNetComponents [de::getActiveFigure [gi::getWindows 53] -point {9.53125 4.80625} -index 0 -intent none] -of branch]
[00:54:40.04] /o oa:0x1e416250
[00:54:40.04] /# gi::executeAction seDelete -in [gi::getWindows 53]
[00:54:40.04] /i ise::delete
[00:54:40.18] /# gi::executeAction deAddPoint -in [gi::getWindows 53]
[00:54:40.18] /i de::addPoint {9.53125 4.80625} -context [db::getNext [de::getContexts -window 53]]
[00:54:40.18] /# gi::executeAction seDelete -in [gi::getWindows 53]
[00:54:40.18] /i ise::delete
[00:54:40.74] /# gi::executeAction deAddPoint -in [gi::getWindows 53]
[00:54:40.74] /i de::addPoint {8.46875 3.6} -context [db::getNext [de::getContexts -window 53]]
[00:54:40.77] /# gi::executeAction seDelete -in [gi::getWindows 53]
[00:54:40.78] /i ise::delete
[00:54:41.76] /# gi::executeAction deAddPoint -in [gi::getWindows 53]
[00:54:41.76] /i de::addPoint {7.18125 4.675} -context [db::getNext [de::getContexts -window 53]]
[00:54:41.80] /# gi::executeAction seDelete -in [gi::getWindows 53]
[00:54:41.80] /i ise::delete
[00:54:41.90] /# gi::executeAction deCompleteShape -in [gi::getWindows 53]
[00:54:41.90] /i de::completeShape -context [db::getNext [de::getContexts -window 53]]
[00:54:42.15] /# gi::executeAction deAddPoint -in [gi::getWindows 53]
[00:54:42.15] /i de::addPoint {7.18125 4.78125} -context [db::getNext [de::getContexts -window 53]]
[00:54:42.22] /# gi::executeAction seDelete -in [gi::getWindows 53]
[00:54:42.22] /i ise::delete
[00:54:42.32] /# gi::executeAction deCompleteShape -in [gi::getWindows 53]
[00:54:42.32] /i de::completeShape -context [db::getNext [de::getContexts -window 53]]
[00:54:42.80] /# gi::executeAction seDelete -in [gi::getWindows 53]
[00:54:42.80] /i ise::delete
[00:54:42.90] /# gi::executeAction deAddPoint -in [gi::getWindows 53]
[00:54:42.90] /i de::addPoint {7.18125 4.9} -context [db::getNext [de::getContexts -window 53]]
[00:54:43.05] /# gi::executeAction deCompleteShape -in [gi::getWindows 53]
[00:54:43.05] /i de::completeShape -context [db::getNext [de::getContexts -window 53]]
[00:54:43.05] /# gi::executeAction seDelete -in [gi::getWindows 53]
[00:54:43.05] /i ise::delete
[00:54:43.98] /# gi::executeAction deAddPoint -in [gi::getWindows 53]
[00:54:43.98] /i de::addPoint {7.18125 4.34375} -context [db::getNext [de::getContexts -window 53]]
[00:54:46.07] /# gi::executeAction deAddPoint -in [gi::getWindows 53]
[00:54:46.07] /i de::addPoint {7.60625 2.4375} -context [db::getNext [de::getContexts -window 53]]
[00:54:46.08] /# gi::executeAction seDelete -in [gi::getWindows 53]
[00:54:46.08] /i ise::delete
[00:54:46.23] /# gi::executeAction deCompleteShape -in [gi::getWindows 53]
[00:54:46.23] /i de::completeShape -context [db::getNext [de::getContexts -window 53]]
[00:54:46.56] /# gi::executeAction deAddPoint -in [gi::getWindows 53]
[00:54:46.56] /i de::addPoint {7.46875 2.56875} -context [db::getNext [de::getContexts -window 53]]
[00:54:46.57] /# gi::executeAction seDelete -in [gi::getWindows 53]
[00:54:46.57] /i ise::delete
[00:54:46.73] /# gi::executeAction deCompleteShape -in [gi::getWindows 53]
[00:54:46.73] /i de::completeShape -context [db::getNext [de::getContexts -window 53]]
[00:54:47.16] /# gi::executeAction deAddPoint -in [gi::getWindows 53]
[00:54:47.16] /i de::addPoint {7.96875 2.3875} -context [db::getNext [de::getContexts -window 53]]
[00:54:47.16] /# gi::executeAction seDelete -in [gi::getWindows 53]
[00:54:47.16] /i ise::delete
[00:54:47.33] /# gi::executeAction deCompleteShape -in [gi::getWindows 53]
[00:54:47.33] /i de::completeShape -context [db::getNext [de::getContexts -window 53]]
[00:54:47.35] /# gi::executeAction seDelete -in [gi::getWindows 53]
[00:54:47.35] /i ise::delete
[00:54:48.13] /# gi::executeAction deAbortCommand -in [gi::getWindows 53]
[00:54:48.13] /i de::abortCommand -context [db::getNext [de::getContexts -window 53]]
[00:54:55.54] /# gi::executeAction deSelectActive -in [gi::getWindows 53]
[00:54:55.54] /i de::deselectAll [db::getNext [de::getContexts -window 53]]
[00:54:55.54] /i de::select [de::getActiveFigure [gi::getWindows 53] -point {7.9375 4.00625} -index 0 -intent none]
[00:54:55.54] /o oa:0x2a03ac20
[00:54:56.21] /# gi::executeAction seButton1DragStart -in [gi::getWindows 53]
[00:54:56.21] /i ise::stretch -point {7.9375 4.0625}
[00:54:57.57] /# gi::executeAction deEndDrag -in [gi::getWindows 53]
[00:54:57.57] /i de::endDrag {7.9375 4.3375} -context [db::getNext [de::getContexts -window 53]]
[00:54:59.25] /# gi::executeAction seDelete -in [gi::getWindows 53]
[00:54:59.25] /i ise::delete
[00:54:59.60] /# gi::executeAction deSelectActive -in [gi::getWindows 53]
[00:54:59.60] /i de::deselectAll [db::getNext [de::getContexts -window 53]]
[00:54:59.60] /i de::select [de::getActiveFigure [gi::getWindows 53] -point {7.30625 4.625} -index 0 -intent none]
[00:54:59.60] /o oa:0x28b5b420
[00:55:01.01] /# gi::executeAction deSelectActive -in [gi::getWindows 53]
[00:55:01.01] /i de::deselectAll [db::getNext [de::getContexts -window 53]]
[00:55:01.01] /i de::select [de::getActiveFigure [gi::getWindows 53] -point {7.24375 4.625} -index 0 -intent none]
[00:55:01.01] /o oa:0x29253bf0
[00:55:02.84] /# gi::executeAction seSchCreateWire -in [gi::getWindows 53]
[00:55:02.84] /i ise::createWire
[00:55:03.95] /# gi::executeAction deAddPoint -in [gi::getWindows 53]
[00:55:03.95] /i de::addPoint {7.4375 4.63125} -context [db::getNext [de::getContexts -window 53]]
[00:55:04.00] /i de::setCursor -point {7.5 4.625 }
[00:55:04.94] /# gi::executeAction deAddPoint -in [gi::getWindows 53]
[00:55:04.94] /i de::addPoint {8.19375 4.65625} -context [db::getNext [de::getContexts -window 53]]
[00:55:05.32] /i de::setCursor -point {8.1875 4.625 }
[00:55:05.69] /# gi::executeAction deAddPoint -in [gi::getWindows 53]
[00:55:05.69] /i de::addPoint {8.18125 4.64375} -context [db::getNext [de::getContexts -window 53]]
[00:55:06.08] /# gi::executeAction deAbortCommand -in [gi::getWindows 53]
[00:55:06.08] /i de::abortCommand -context [db::getNext [de::getContexts -window 53]]
[00:55:06.46] /# gi::executeAction deSelectActive -in [gi::getWindows 53]
[00:55:06.46] /i de::deselectAll [db::getNext [de::getContexts -window 53]]
[00:55:06.47] /i de::select [de::getActiveFigure [gi::getWindows 53] -point {8.55625 3.15625} -index 0 -intent none]
[00:55:06.47] /o oa:0x25f6ef10
[00:55:06.89] /# gi::executeAction seButton1DragStart -in [gi::getWindows 53]
[00:55:06.89] /i ise::stretch -object [de::getActiveFigure [gi::getWindows 53] -point {8.53125 3.0875} -index 0 -intent none] -point {8.5625 3.0625}
[00:55:07.22] /# gi::executeAction deEndDrag -in [gi::getWindows 53]
[00:55:07.22] /i de::endDrag {8.575 2.3125} -context [db::getNext [de::getContexts -window 53]]
[00:55:07.81] /# gi::executeAction seDelete -in [gi::getWindows 53]
[00:55:07.81] /i ise::delete
[00:55:08.32] /# gi::executeAction deAddPoint -in [gi::getWindows 53]
[00:55:08.32] /i de::addPoint {8.61875 2.25625} -context [db::getNext [de::getContexts -window 53]]
[00:55:09.20] /# gi::executeAction deAbortCommand -in [gi::getWindows 53]
[00:55:09.20] /i de::abortCommand -context [db::getNext [de::getContexts -window 53]]
[00:55:10.07] /# gi::executeAction seSchCreateWire -in [gi::getWindows 53]
[00:55:10.07] /i ise::createWire
[00:55:11.04] /# gi::executeAction deAddPoint -in [gi::getWindows 53]
[00:55:11.04] /i de::addPoint {8.24375 2.14375} -context [db::getNext [de::getContexts -window 53]]
[00:55:11.10] /i de::setCursor -point {8.3125 2.125 }
[00:55:11.89] /# gi::executeAction deAddPoint -in [gi::getWindows 53]
[00:55:11.89] /i de::addPoint {9.03125 2.1} -context [db::getNext [de::getContexts -window 53]]
[00:55:13.30] /i gi::setActiveWindow 48
[00:55:13.31] /i gi::setActiveWindow 48 -raise true
[00:55:13.96] /i gi::executeAction menuPreShow -in [gi::getWindows 48]
[00:55:13.96] /r giMenuAccess db::getNext [gi::getMenus saConsoleSimMenu -from [gi::getWindows 48]]
[00:55:14.60] /# gi::executeAction saNetlistAndRun -in [gi::getWindows 48]
[00:55:14.60] /i isa::netlistAndRun -testbench [sa::findActiveTestbench -window 48] -mode overwrite
[00:55:14.67] /r giDialog gi::setActiveDialog [gi::getDialogs {xtShowDesignsPrompt}]
[00:55:14.67] /r giDialog gi::setCurrentIndex {target} -index {0,0} -in [gi::getDialogs {xtShowDesignsPrompt}]
[00:55:14.91] /r giDialog db::setAttr geometry -of [gi::getDialogs {xtShowDesignsPrompt}] -value 649x290+626+410
[00:55:15.60] /r giDialog gi::pressButton {ok} -in [gi::getDialogs {xtShowDesignsPrompt}]
[00:55:15.62] /m Information: 
[00:55:15.62] /o Checking "inverter/tb_full_adder_2bit/schematic"
[00:55:15.62] /o 	[warning] Floating Nets
[00:55:15.62] /o 		Net 'net55' does not connect to a schematic or instance pin (2 times)
[00:55:15.62] /o 0 Error(s),2 Warning(s),0 Message(s) found   in "inverter/tb_full_adder_2bit/schematic"
[00:55:15.62] /o No Design Integrity rule violations found in "inverter/tb_full_adder_2bit/schematic"
[00:55:15.62] /m Information: Checking process is completed: marking the design violations
[00:55:15.62] /m Information: Marking of designs is completed
[00:55:15.73] /m Information: "Starting incremental netlisting for design "inverter/tb_full_adder_2bit/schematic"..." (NETLISTING-010)
[00:55:15.74] /o No Design Integrity rule violations found in "inverter/tb_full_adder_2bit/schematic"
[00:55:15.75] /m Information: 
[00:55:15.75] /o Checking "inverter/full_adder/schematic"
[00:55:15.75] /o No rule violations found in "inverter/full_adder/schematic"
[00:55:15.78] /m Information: "inverter tb_full_adder_2bit schematic" renetlisted. (NETLISTING-056)
[00:55:15.79] /m Information: "Netlisting design "inverter/tb_full_adder_2bit/schematic" finished successfully." (NETLISTING-012)
[00:55:15.79] /m Information: "Composing simulator input file for design "inverter/tb_full_adder_2bit/schematic"..."
[00:55:15.83] /m Information: "Simulator input file composed successfully for design "inverter/tb_full_adder_2bit/schematic""
[00:55:16.02] /m Information: "Starting HSPICE simulation for design: inverter/tb_full_adder_2bit/schematic"
[00:55:16.03] /# gi::collapse {jobMonitorTable} -index {0.0.1.0,0} -in [gi::getWindows 59]
[00:55:16.05] /o 1
[00:55:16.70] /m Information: "Simulation completed successfully for design: inverter/tb_full_adder_2bit/schematic "
[00:55:16.91] /m Information: "Evaluating and plotting outputs..."
[00:55:16.94] /e Error: Evaluating 'v(/out1)': "Could not find net named: out1" (HIERARCHY_COMMANDS-007)
[00:55:16.95] /e Error: Evaluating 'v(/out0)': "Could not find net named: out0" (HIERARCHY_COMMANDS-007)
[00:55:16.95] /e Error: Evaluating 'v(/Cout_1)': "Could not find net named: Cout_1" (HIERARCHY_COMMANDS-007)
[00:55:17.30] /m Information: Measurement calculations completed for testbench: default in 0s
[00:55:17.46] /j ::wf::WaveView::plotSuccess WaveView_9 {} {_856dd10_void_pp _74a21b0_void_pp} 
[00:55:17.88] /j ::wf::WaveView::plotSuccess WaveView_9 {} {_856dd10_void_pp _74a2020_void_pp} 
[00:55:18.16] /j ::wf::WaveView::plotSuccess WaveView_9 {} {_856dd10_void_pp _74a1dc8_void_pp} 
[00:55:18.46] /j ::wf::WaveView::plotSuccess WaveView_9 {} {_856dd10_void_pp _74a1e90_void_pp} 
[00:55:18.78] /j ::wf::WaveView::plotSuccess WaveView_9 {} {_856dd10_void_pp _74a1f58_void_pp} 
[00:55:19.16] /j ::wf::WaveView::plotSuccess WaveView_9 {} {_856dd10_void_pp _74a19e0_void_pp} 
[00:55:19.50] /j ::wf::WaveView::plotSuccess WaveView_9 {} {_856dd10_void_pp _74a1aa8_void_pp} 
[00:55:19.84] /j ::wf::WaveView::plotSuccess WaveView_9 {} {_856dd10_void_pp _74a1b70_void_pp} 
[00:55:23.19] /i gi::setActiveWindow 48
[00:55:23.19] /i gi::setActiveWindow 48 -raise true
[00:55:24.27] /i gi::pressButton {ConsoleToggleButton} -in [db::getAttr statusbar -of [gi::getWindows 48]]
[00:55:25.66] /i gi::pressButton {ConsoleToggleButton} -in [db::getAttr statusbar -of [gi::getWindows 48]]
[00:55:28.02] /i gi::setCurrentIndex {outputsTable} -index {8,1} -in [gi::getWindows 48]
[00:55:28.02] /i gi::setItemSelection {outputsTable} -index {8,1} -in [gi::getWindows 48]
[00:55:28.02] /i gi::setItemSelection {outputsTable} -index {8,1} -in [gi::getWindows 48]
[00:55:28.02] /i gi::setItemSelection {analysisPane} -index {} -in [gi::getWindows 48]
[00:55:29.07] /i gi::setField {outputsTable} -index {8,1} -value {} -in [gi::getWindows 48]
[00:55:29.07] /i gi::setCurrentIndex {outputsTable} -index {7,1} -in [gi::getWindows 48]
[00:55:29.07] /i gi::setItemSelection {outputsTable} -index {} -in [gi::getWindows 48]
[00:55:29.07] /i gi::setItemSelection {outputsTable} -index {} -in [gi::getWindows 48]
[00:55:30.21] /i gi::setCurrentIndex {outputsTable} -index {8,1} -in [gi::getWindows 48]
[00:55:30.21] /i gi::setItemSelection {outputsTable} -index {8,1} -in [gi::getWindows 48]
[00:55:30.21] /i gi::setItemSelection {outputsTable} -index {8,1} -in [gi::getWindows 48]
[00:55:30.54] /i gi::setField {outputsTable} -index {8,1} -value {} -in [gi::getWindows 48]
[00:55:30.54] /i gi::setCurrentIndex {outputsTable} -index {7,1} -in [gi::getWindows 48]
[00:55:30.54] /i gi::setItemSelection {outputsTable} -index {} -in [gi::getWindows 48]
[00:55:30.54] /i gi::setItemSelection {outputsTable} -index {} -in [gi::getWindows 48]
[00:55:31.11] /i gi::setCurrentIndex {outputsTable} -index {8,1} -in [gi::getWindows 48]
[00:55:31.11] /i gi::setItemSelection {outputsTable} -index {8,1} -in [gi::getWindows 48]
[00:55:31.11] /i gi::setItemSelection {outputsTable} -index {8,1} -in [gi::getWindows 48]
[00:55:31.38] /i gi::setField {outputsTable} -index {8,1} -value {} -in [gi::getWindows 48]
[00:55:31.38] /i gi::setCurrentIndex {outputsTable} -index {7,1} -in [gi::getWindows 48]
[00:55:31.38] /i gi::setItemSelection {outputsTable} -index {} -in [gi::getWindows 48]
[00:55:31.38] /i gi::setItemSelection {outputsTable} -index {} -in [gi::getWindows 48]
[00:55:32.10] /i gi::executeAction menuPreShow -in [gi::getWindows 48]
[00:55:32.10] /r giMenuAccess db::getNext [gi::getMenus saConsoleSimMenu -from [gi::getWindows 48]]
[00:55:32.73] /# gi::executeAction saNetlistAndRun -in [gi::getWindows 48]
[00:55:32.73] /i isa::netlistAndRun -testbench [sa::findActiveTestbench -window 48] -mode overwrite
[00:55:32.79] /m Information: "Starting incremental netlisting for design "inverter/tb_full_adder_2bit/schematic"..." (NETLISTING-010)
[00:55:32.80] /o No Design Integrity rule violations found in "inverter/tb_full_adder_2bit/schematic"
[00:55:32.81] /m Information: 
[00:55:32.81] /o Checking "inverter/full_adder/schematic"
[00:55:32.81] /o No rule violations found in "inverter/full_adder/schematic"
[00:55:32.84] /m Information: "Netlisting design "inverter/tb_full_adder_2bit/schematic" finished successfully." (NETLISTING-012)
[00:55:32.85] /m Information: "Composing simulator input file for design "inverter/tb_full_adder_2bit/schematic"..."
[00:55:32.88] /m Information: "Simulator input file composed successfully for design "inverter/tb_full_adder_2bit/schematic""
[00:55:33.09] /m Information: "Starting HSPICE simulation for design: inverter/tb_full_adder_2bit/schematic"
[00:55:33.10] /# gi::collapse {jobMonitorTable} -index {0.0.1.0,0} -in [gi::getWindows 59]
[00:55:33.12] /o 1
[00:55:33.73] /m Information: "Simulation completed successfully for design: inverter/tb_full_adder_2bit/schematic "
[00:55:33.96] /m Information: "Evaluating and plotting outputs..."
[00:55:34.39] /m Information: Measurement calculations completed for testbench: default in 0s
[00:55:34.73] /j ::wf::WaveView::plotSuccess WaveView_9 {} {_8001750_void_pp _74a1c38_void_pp} 
[00:55:35.10] /j ::wf::WaveView::plotSuccess WaveView_9 {} {_8001750_void_pp _74a21b0_void_pp} 
[00:55:35.47] /j ::wf::WaveView::plotSuccess WaveView_9 {} {_8001750_void_pp _74a2020_void_pp} 
[00:55:35.81] /j ::wf::WaveView::plotSuccess WaveView_9 {} {_8001750_void_pp _74a1dc8_void_pp} 
[00:55:36.11] /j ::wf::WaveView::plotSuccess WaveView_9 {} {_8001750_void_pp _74a1e90_void_pp} 
[00:55:36.47] /j ::wf::WaveView::plotSuccess WaveView_9 {} {_8001750_void_pp _74a1f58_void_pp} 
[00:55:36.84] /j ::wf::WaveView::plotSuccess WaveView_9 {} {_8001750_void_pp _74a19e0_void_pp} 
[00:55:37.16] /j ::wf::WaveView::plotSuccess WaveView_9 {} {_8001750_void_pp _74a1aa8_void_pp} 
