[05:57:12.39] /r giWindowId 0
[05:57:12.39] /r giWindowGeometry 600x300
[05:57:12.40] /o 
              /c                                 Custom Compiler 
              /c 
              /c               Version N-2017.12-SP1-2 for linux64 - May 16, 2018 
              /c 
              /c                     Copyright (c) 2004 - 2018 Synopsys, Inc.
              /c    This software and the associated documentation are proprietary to Synopsys,
              /c  Inc. This software may only be used in accordance with the terms and conditions
              /c  of a written license agreement with Synopsys, Inc. All other use, reproduction,
              /c             or distribution of this software is strictly prohibited.
              /c 
              /c Build  (OPT) Config 4182185 compiled on Wed May 16 15:20:56 2018 for RHEL64 6.6
              /c Invocation: /usr/synopsys/customcompiler/N-2017.12-SP1-2/linux64/platform/bin/cdesigner
              /c Execution time: Wed May 20 05:57:09 2026
              /c Host: localhost.localdomain
              /c Working directory: /home/itsupport/Desktop/lab1vlsi
              /c 
[05:57:20.26] /r giShowFrameTabs true
[05:57:20.28] /r giWindowId 1
[05:57:20.29] /r giWindowGeometry 1040x800
[05:57:43.96] /# gi::pressButton {/scroll/scrollArea/scrollAreaInnerWidget/applications/dmLibraryManager} -in [gi::getWindows 1]
[05:57:44.02] /# 
[05:57:44.02] /i dm::openLibraryManager
[05:57:44.02] /r giWindowId 2
[05:57:44.02] /r giWindowGeometry 660x600+50+78
[05:57:44.13] /o oa:0x1d7bb8f0
[05:57:44.17] /i gi::setSectionSizes {libs} -values {249} -in [gi::getWindows 2]
[05:57:45.53] /i gi::setCurrentIndex {libs} -index {inverter} -in [gi::getWindows 2]
[05:57:45.55] /i gi::setItemSelection {libs} -index {inverter} -in [gi::getWindows 2]
[05:57:46.81] /i gi::setCurrentIndex {cellCategories} -index {LAB3} -in [gi::getWindows 2]
[05:57:46.81] /i gi::setItemSelection {cellCategories} -index {LAB3} -in [gi::getWindows 2]
[05:57:47.56] /i gi::setCurrentIndex {cells} -index {NAND2_2} -in [gi::getWindows 2]
[05:57:47.57] /i gi::setItemSelection {cells} -index {NAND2_2} -in [gi::getWindows 2]
[05:57:47.93] /i gi::setCurrentIndex {cells} -index {CMOS_LAB3} -in [gi::getWindows 2]
[05:57:47.93] /i gi::setItemSelection {cells} -index {CMOS_LAB3} -in [gi::getWindows 2]
[05:57:48.22] /i gi::setCurrentIndex {cells} -index {FA_1bit_tb} -in [gi::getWindows 2]
[05:57:48.22] /i gi::setItemSelection {cells} -index {FA_1bit_tb} -in [gi::getWindows 2]
[05:57:49.57] /i gi::setCurrentIndex {cellCategories} -index {FULL_ADDER_2BIT} -in [gi::getWindows 2]
[05:57:49.57] /i gi::setItemSelection {cellCategories} -index {FULL_ADDER_2BIT} -in [gi::getWindows 2]
[05:57:50.26] /i gi::setCurrentIndex {cellCategories} -index {LAB3} -in [gi::getWindows 2]
[05:57:50.26] /i gi::setItemSelection {cellCategories} -index {LAB3} -in [gi::getWindows 2]
[05:57:50.96] /i gi::setCurrentIndex {cells} -index {FA_1bit_tb} -in [gi::getWindows 2]
[05:57:50.97] /i gi::setItemSelection {cells} -index {FA_1bit_tb} -in [gi::getWindows 2]
[05:57:52.79] /i gi::setCurrentIndex {views} -index {config} -in [gi::getWindows 2]
[05:57:52.81] /i gi::setItemSelection {views} -index {config} -in [gi::getWindows 2]
[05:57:54.94] /i gi::executeAction dmOpenConfigDesignWrite -in [gi::getWindows 2]
[05:57:54.98] /w Warning: Preference 'leActiveLPP' is deprecated and scheduled for removal in a future release with no replacement. For migration assistance, see the Custom Compiler Tcl Reference Manual. (PREFERENCE-058)
[05:57:54.98] /o 	#######################################
[05:57:54.99] /o 	PDK Library Name	: reference90RF
[05:57:54.99] /o 	PDK Version		: 2.0
[05:57:54.99] /o 	PDK Release Date	: 25-March-2010 
[05:57:54.99] /o 	#######################################
[05:57:54.99] /o 
[05:57:55.03] /m Information: License 'Schematic' checked out. (LICENSE-003)
[05:57:55.26] /r giWindowId 3
[05:57:55.27] /r giWindowGeometry 1632x912
[05:57:55.97] /o "inverter/FA_1bit_tb/schematic" design does not need checking
[05:57:57.57] /i db::setAttr maximized -of [gi::getFrames 1] -value true
[05:57:57.93] /i db::setAttr dockSize -of [gi::getAssistants dePropertyEditor -from [gi::getWindows 3]] -value 290x745
[05:57:57.93] /i db::setAttr dockSize -of [gi::getAssistants giConsole -from [gi::getWindows 3]] -value 1867x89
[05:57:58.07] /i db::setAttr geometry -of [gi::getFrames 1] -value 1910x981+5+56
[05:57:59.70] /# gi::executeAction deFitEdit -in [gi::getWindows 3]
[05:57:59.70] /i de::fit -window 3 -fitEdit true
[05:57:59.70] /o {0.05625 0.00625} {8.85625 4.18125}
[05:58:00.03] /# gi::executeAction deCanvasZoomInAtPoint -in [gi::getWindows 3]
[05:58:00.03] /i de::zoom -window [gi::getWindows 3] -factor 2.0 -center {1.41875 3.025}
[05:58:00.03] /o {0.7375 1.5125} {5.1375 3.60625}
[05:58:00.39] /# gi::executeAction deFitEdit -in [gi::getWindows 3]
[05:58:00.40] /i de::fit -window 3 -fitEdit true
[05:58:00.40] /o {0.05625 0.00625} {8.85625 4.18125}
[05:58:02.56] /i gi::setActiveWindow 2
[05:58:02.56] /i gi::setActiveWindow 2 -raise true
[05:58:03.48] /i gi::setActiveWindow 3
[05:58:03.48] /i gi::setActiveWindow 3 -raise true
[05:58:05.61] /# gi::executeAction seShowConsoleForWindow -in [gi::getWindows 3]
[05:58:05.61] /i sa::showConsole -context [db::getNext [de::getContexts -window 3]]
[05:58:12.38] /m Information: License 'SAE' checked out. (LICENSE-003)
[05:58:12.66] /r giWindowId 4
[05:58:12.71] /r giWindowGeometry 600x500
[05:58:13.54] /o oa:0x235ff3f0
[05:58:13.85] /m Information: Launching Background sae_shell Server Process "cd /home/itsupport/Desktop/lab1vlsi && sae_shell -log sae_shell_session0_job1 -libDefFile /home/itsupport/Desktop/lab1vlsi/lib.defs"
[05:58:25.21] /# gi::executeAction seShowConsoleForWindow -in [gi::getWindows 3]
[05:58:25.21] /i sa::showConsole -context [db::getNext [de::getContexts -window 3]]
[05:58:25.22] /o oa:0x2395d0b0
[05:58:26.29] /m Information: Received ready-for-commands signal from background job 'sae_shell_session0_job1' after 13 seconds.
[05:58:28.69] /# gi::executeAction saLoadState -in [gi::getWindows 4]
[05:58:28.69] /i sa::showLoadState -parent 4
[05:58:28.75] /e Error: parse error in '/home/itsupport/.synopsys_custom/sae_states/inverter/FA_1bit_tb/HSPICE/FA_POST_LAYOUT/state.xml' at index (1,1): unexpected end of file (OPAL-006)
[05:58:28.91] /e Error: parse error in '/home/itsupport/.synopsys_custom/sae_states/inverter/FA_1bit_tb/HSPICE/FA_POST_LAYOUT/state.xml' at index (1,1): unexpected end of file (OPAL-006)
[05:58:28.91] /e Error: parse error in '/home/itsupport/.synopsys_custom/sae_states/inverter/FA_1bit_tb/HSPICE/FA_POST_LAYOUT/state.xml' at index (1,1): unexpected end of file (TCL)
[05:58:29.00] /i gi::setActiveDialog [gi::getDialogs {saShowLoadState} -parent [gi::getWindows 4]]
[05:58:29.28] /i db::setAttr geometry -of [gi::getDialogs {saShowLoadState} -parent [gi::getWindows 4]] -value 603x720+778+322
[05:58:32.20] /i gi::pressButton {/apply} -in [gi::getDialogs {saShowLoadState} -parent [gi::getWindows 4]]
[05:58:32.20] /e Error: Error: Unable to retrieve attribute 'simulator' from the empty object. (TCL_OBJECT-081) (OPAL-006)
[05:58:32.20] /o Error: Unable to retrieve attribute 'simulator' from the empty object. (TCL_OBJECT-081)
[05:58:32.64] /i gi::pressButton {/ok} -in [gi::getDialogs {saShowLoadState} -parent [gi::getWindows 4]]
[05:58:32.65] /e Error: Error: Unable to retrieve attribute 'simulator' from the empty object. (TCL_OBJECT-081) (OPAL-006)
[05:58:32.65] /o Error: Unable to retrieve attribute 'simulator' from the empty object. (TCL_OBJECT-081)
[05:58:34.75] /i gi::setField {/states} -value {HSPICE_tb1fa} -in [gi::getDialogs {saShowLoadState} -parent [gi::getWindows 4]]
[05:58:35.08] /i db::setAttr geometry -of [gi::getDialogs {saShowLoadState} -parent [gi::getWindows 4]] -value 603x720+778+322
[05:58:35.43] /i gi::pressButton {/apply} -in [gi::getDialogs {saShowLoadState} -parent [gi::getWindows 4]]
[05:58:35.85] /i gi::pressButton {/ok} -in [gi::getDialogs {saShowLoadState} -parent [gi::getWindows 4]]
[05:58:36.86] /i gi::executeAction menuPreShow -in [gi::getWindows 4]
[05:58:36.86] /r giMenuAccess db::getNext [gi::getMenus saConsoleSimMenu -from [gi::getWindows 4]]
[05:58:37.52] /# gi::executeAction saNetlistAndRun -in [gi::getWindows 4]
[05:58:37.52] /i isa::netlistAndRun -testbench [sa::findActiveTestbench -window 4] -mode overwrite
[05:58:37.57] /r giWindowId 5
[05:58:37.59] /r giWindowGeometry 800x600
[05:58:37.78] /m Information: "Starting incremental netlisting for design "inverter/FA_1bit_tb/config"..." (NETLISTING-010)
[05:58:37.83] /o No Design Integrity rule violations found in "inverter/FA_1bit_tb/schematic"
[05:58:37.86] /m Information: 
              /c Cross view checking for inverter/full_adder/symbol with inverter/full_adder/starrc
              /c 	[warning] Missing Terminal
              /c 		Terminal vdd! found in starrc is missing in symbol
              /c 	[warning] Missing Terminal
              /c 		Terminal gnd! found in starrc is missing in symbol (DE_EDIT-007)
[05:58:37.86] /w Warning: "Terminal vdd! found in starrc is missing in symbol" (NETLISTING-003)
[05:58:37.86] /w Warning: "Terminal gnd! found in starrc is missing in symbol" (NETLISTING-003)
[05:58:38.03] /m Information: 
              /c Cross view checking for reference90RF/n_4t/ivpcell with reference90RF/n_4t/symbol
              /c 	[warning] Missing Terminal
              /c 		Terminal D found in symbol is missing in ivpcell
              /c 	[warning] Missing Terminal
              /c 		Terminal G found in symbol is missing in ivpcell
              /c 	[warning] Missing Terminal
              /c 		Terminal S found in symbol is missing in ivpcell
              /c 	[warning] Missing Terminal
              /c 		Terminal B found in symbol is missing in ivpcell (DE_EDIT-007)
[05:58:38.03] /w Warning: "Terminal D found in symbol is missing in ivpcell" (NETLISTING-003)
[05:58:38.03] /w Warning: "Terminal G found in symbol is missing in ivpcell" (NETLISTING-003)
[05:58:38.03] /w Warning: "Terminal S found in symbol is missing in ivpcell" (NETLISTING-003)
[05:58:38.03] /w Warning: "Terminal B found in symbol is missing in ivpcell" (NETLISTING-003)
[05:58:38.08] /m Information: 
[05:58:38.08] /o Checking "inverter/CMOS/schematic"
[05:58:38.08] /o No rule violations found in "inverter/CMOS/schematic"
[05:58:38.55] /m Information: "inverter FA_1bit_tb schematic" renetlisted. (NETLISTING-056)
[05:58:38.73] /m Information: "Netlisting design "inverter/FA_1bit_tb/config" finished successfully." (NETLISTING-012)
[05:58:38.76] /m Information: "Composing simulator input file for design "inverter/FA_1bit_tb/config"..."
[05:58:38.90] /m Information: "Simulator input file composed successfully for design "inverter/FA_1bit_tb/config""
[05:58:39.48] /m Information: "Starting HSPICE simulation for design: inverter/FA_1bit_tb/config"
[05:58:39.49] /# gi::collapse {jobMonitorTable} -index {0.0,0} -in [gi::getWindows 5]
[05:58:39.64] /o 1
[05:58:42.22] /m Information: "Simulation completed successfully for design: inverter/FA_1bit_tb/config "
[05:58:42.84] /m Information: Launching Background sae_shell Server Process "cd /home/itsupport/Desktop/lab1vlsi && sae_shell -log sae_shell_session0_job2 -libDefFile /home/itsupport/Desktop/lab1vlsi/lib.defs"
[05:58:42.93] /m Information: "Evaluating and plotting outputs..."
[05:58:45.88] /m Information: Started sharing "Custom WaveView" license. (WAVEFORM-110)
[05:58:46.01] /m Information: Launching Waveform Viewer "cd /home/itsupport/simulation/inverter,FA_1bit_tb,config/history_1/simulation/HSPICE_tb1fa/HSPICE/nominal/results &&  wv -k -cdesigner -spxkey /usr/synopsys/customcompiler/N-2017.12-SP1-2/auxx/waveform/sae.spxkey -spxrc /tmp/sae_spxrc_RBHM9f -unique_string 01dcb87fed7a5f2f69aa7f613a217c24125e8d2b0833b894ed40d2f5efbf27a2fb0c0fc5bd6190666acf01bd040ab9f928b752b133077f7c -lic_type 1    > /home/itsupport/simulation/inverter,FA_1bit_tb,config/history_1/simulation/HSPICE_tb1fa/HSPICE/nominal/results/viewer.log 2>&1"
[05:58:46.01] /i gi::collapse {jobMonitorTable} -index {0.0,0} -in [gi::getWindows 5]
[05:58:46.22] /m Information: Measurement calculations completed for testbench: HSPICE_tb1fa in 3s
[05:58:50.14] /j ::wf::WaveView::plotSuccess WaveView_1 {} {_5d0f190_void_pp _5d8cff0_void_pp} 
[05:58:50.21] /j ::wf::WaveView::plotSuccess WaveView_1 {} {_5d0f190_void_pp _5d8d0b8_void_pp} 
[05:58:50.26] /j ::wf::WaveView::plotSuccess WaveView_1 {} {_5d0f190_void_pp _5d8d180_void_pp} 
[05:58:50.29] /j ::wf::WaveView::plotSuccess WaveView_1 {} {_5d0f190_void_pp _5d8d248_void_pp} 
[05:58:50.38] /j ::wf::WaveView::plotSuccess WaveView_1 {} {_5d0f190_void_pp _5d8d310_void_pp} 
[05:58:53.62] /m Information: Received ready-for-commands signal from background job 'sae_shell_session0_job2' after 11 seconds.
[05:59:12.24] /i gi::setActiveWindow 4
[05:59:12.24] /i gi::setActiveWindow 4 -raise true
[05:59:13.04] /i gi::setActiveWindow 3
[05:59:13.05] /i gi::setActiveWindow 3 -raise true
[05:59:15.20] /# gi::executeAction deSelectActive -in [gi::getWindows 3]
[05:59:15.20] /i de::deselectAll [db::getNext [de::getContexts -window 3]]
[05:59:15.20] /i de::select [de::getActiveFigure [gi::getWindows 3] -point {6.38125 3.4} -index 0 -intent none]
[05:59:15.20] /o oa:0x2435e090
[05:59:15.31] /# gi::executeAction seCopy -in [gi::getWindows 3]
[05:59:15.31] /i ise::copy
[05:59:15.66] /# gi::executeAction deAddPoint -in [gi::getWindows 3]
[05:59:15.66] /i de::addPoint {6.38125 3.4} -context [db::getNext [de::getContexts -window 3]]
[05:59:17.26] /# gi::executeAction deAddPoint -in [gi::getWindows 3]
[05:59:17.26] /i de::addPoint {6.4 2.06875} -context [db::getNext [de::getContexts -window 3]]
[05:59:17.50] /i gi::executeAction deCanvasDragCancel -in [gi::getWindows 3]
[05:59:17.69] /# gi::executeAction deCanvasZoomInAtPoint -in [gi::getWindows 3]
[05:59:17.69] /i de::zoom -window [gi::getWindows 3] -factor 2.0 -center {6.4 2.1375}
[05:59:17.69] /o {3.225 1.06875} {7.63125 3.1625}
[05:59:17.76] /# gi::executeAction deCanvasZoomInAtPoint -in [gi::getWindows 3]
[05:59:17.76] /i de::zoom -window [gi::getWindows 3] -factor 2.0 -center {6.4 2.1375}
[05:59:17.76] /o {4.8125 1.60625} {7.0125 2.65}
[05:59:18.22] /# gi::executeAction deSelectActive -in [gi::getWindows 3]
[05:59:18.22] /i de::deselectAll [db::getNext [de::getContexts -window 3]]
[05:59:18.22] /i de::select [de::getActiveFigure [gi::getWindows 3] -point {6.38125 2.1375} -index 0 -intent none]
[05:59:18.22] /o oa:0x24816760
[05:59:19.08] /# gi::executeAction seDelete -in [gi::getWindows 3]
[05:59:19.08] /i ise::delete
[05:59:19.81] /# gi::executeAction deSelectActive -in [gi::getWindows 3]
[05:59:19.81] /i de::deselectAllLogic -context [db::getNext [de::getContexts -window 3]]
[05:59:20.04] /# gi::executeAction deFitEdit -in [gi::getWindows 3]
[05:59:20.04] /i de::fit -window 3 -fitEdit true
[05:59:20.04] /o {0.05625 0.00625} {8.85625 4.18125}
[05:59:21.61] /# gi::executeAction seSchCheckAndSave -in [gi::getWindows 3]
[05:59:21.62] /i ise::check
[05:59:21.63] /m Information: 
[05:59:21.63] /o Checking "inverter/FA_1bit_tb/schematic"
[05:59:21.63] /o 	[warning] Floating Nets
[05:59:21.63] /o 		Net 'net68' does not connect to a schematic or instance pin (2 times)
[05:59:21.64] /o 0 Error(s),2 Warning(s),0 Message(s) found   in "inverter/FA_1bit_tb/schematic"
[05:59:21.64] /m Information: Checking process is completed: marking the design violations
[05:59:21.70] /m Information: Marking of designs is completed
[05:59:21.70] /o true
[05:59:21.79] /# gi::executeAction seSchCheckAndSave -in [gi::getWindows 3]
[05:59:21.79] /i ise::check
[05:59:21.80] /m Information: 
[05:59:21.80] /o Checking "inverter/FA_1bit_tb/schematic"
[05:59:21.80] /o 	[warning] Floating Nets
[05:59:21.80] /o 		Net 'net68' does not connect to a schematic or instance pin (2 times)
[05:59:21.81] /o 0 Error(s),2 Warning(s),0 Message(s) found   in "inverter/FA_1bit_tb/schematic"
[05:59:21.81] /m Information: Checking process is completed: marking the design violations
[05:59:21.85] /m Information: Marking of designs is completed
[05:59:21.85] /o true
[05:59:21.95] /# gi::executeAction seSchCheckAndSave -in [gi::getWindows 3]
[05:59:21.95] /i ise::check
[05:59:21.97] /m Information: 
[05:59:21.97] /o Checking "inverter/FA_1bit_tb/schematic"
[05:59:21.97] /o 	[warning] Floating Nets
[05:59:21.97] /o 		Net 'net68' does not connect to a schematic or instance pin (2 times)
[05:59:21.97] /o 0 Error(s),2 Warning(s),0 Message(s) found   in "inverter/FA_1bit_tb/schematic"
[05:59:21.97] /m Information: Checking process is completed: marking the design violations
[05:59:22.03] /m Information: Marking of designs is completed
[05:59:22.03] /o true
[05:59:22.58] /i gi::setActiveWindow 4
[05:59:22.58] /i gi::setActiveWindow 4 -raise true
[05:59:23.51] /i gi::setActiveWindow 3
[05:59:23.51] /i gi::setActiveWindow 3 -raise true
[05:59:24.10] /# gi::executeAction deSelectActive -in [gi::getWindows 3]
[05:59:24.10] /i de::deselectAll [db::getNext [de::getContexts -window 3]]
[05:59:24.10] /i de::select [de::getActiveFigure [gi::getWindows 3] -point {3.70625 2.69375} -index 0 -intent none]
[05:59:24.10] /o oa:0x24badb30
[05:59:24.26] /# gi::executeAction deDescend -in [gi::getWindows 3]
[05:59:24.26] /i ide::descend 3 -inPlace false -promptView false -readOnly auto
[05:59:24.27] /m Information: License 'Basic' checked out. (LICENSE-003)
[05:59:24.27] /m Information: License 'Schematic' checked in. (LICENSE-004)
[05:59:24.28] /# Navigating to inverter/full_adder/starrc (I25)
[05:59:24.59] /# de::setActiveLPP [de::getLPPs "exclude blockage" -from [db::getAttr editDesign -of [de::getContexts -window 3]]]
[05:59:25.24] /# gi::setItemSelection {sets} -index {Valid} -in [gi::getAssistants leObjectLayerPanel -from [gi::getWindows 3]]
[05:59:25.55] /i db::setAttr dockSize -of [gi::getAssistants giConsole -from [gi::getWindows 3]] -value 1867x89
[05:59:25.55] /i db::setAttr dockSize -of [gi::getAssistants dePropertyEditor -from [gi::getWindows 3]] -value 290x745
[05:59:25.55] /i db::setAttr dockSize -of [gi::getAssistants leObjectLayerPanel -from [gi::getWindows 3]] -value 290x685
[05:59:27.68] /# gi::executeAction deReturnToTop -in [gi::getWindows 3]
[05:59:27.68] /i de::return [db::getNext [de::getContexts -window 3]] -levels -1
[05:59:27.68] /# Navigating to inverter/FA_1bit_tb/schematic
[05:59:28.27] /o oa:0x24882c90
[05:59:28.50] /i db::setAttr dockSize -of [gi::getAssistants dePropertyEditor -from [gi::getWindows 3]] -value 290x745
[05:59:28.50] /i db::setAttr dockSize -of [gi::getAssistants giConsole -from [gi::getWindows 3]] -value 1867x89
[05:59:29.39] /i gi::setActiveWindow 4
[05:59:29.40] /i gi::setActiveWindow 4 -raise true
[05:59:30.02] /i gi::executeAction menuPreShow -in [gi::getWindows 4]
[05:59:30.02] /r giMenuAccess db::getNext [gi::getMenus saConsoleSimMenu -from [gi::getWindows 4]]
[05:59:30.94] /# gi::executeAction saNetlistAndRun -in [gi::getWindows 4]
[05:59:30.94] /i isa::netlistAndRun -testbench [sa::findActiveTestbench -window 4] -mode overwrite
[05:59:31.12] /m Information: "Starting incremental netlisting for design "inverter/FA_1bit_tb/config"..." (NETLISTING-010)
[05:59:31.15] /o No Design Integrity rule violations found in "inverter/FA_1bit_tb/schematic"
[05:59:31.15] /m Information: 
              /c Cross view checking for inverter/full_adder/symbol with inverter/full_adder/starrc
              /c 	[warning] Missing Terminal
              /c 		Terminal vdd! found in starrc is missing in symbol
              /c 	[warning] Missing Terminal
              /c 		Terminal gnd! found in starrc is missing in symbol (DE_EDIT-007)
[05:59:31.15] /w Warning: "Terminal vdd! found in starrc is missing in symbol" (NETLISTING-003)
[05:59:31.15] /w Warning: "Terminal gnd! found in starrc is missing in symbol" (NETLISTING-003)
[05:59:31.22] /m Information: 
              /c Cross view checking for reference90RF/n_4t/ivpcell with reference90RF/n_4t/symbol
              /c 	[warning] Missing Terminal
              /c 		Terminal D found in symbol is missing in ivpcell
              /c 	[warning] Missing Terminal
              /c 		Terminal G found in symbol is missing in ivpcell
              /c 	[warning] Missing Terminal
              /c 		Terminal S found in symbol is missing in ivpcell
              /c 	[warning] Missing Terminal
              /c 		Terminal B found in symbol is missing in ivpcell (DE_EDIT-007)
[05:59:31.23] /w Warning: "Terminal D found in symbol is missing in ivpcell" (NETLISTING-003)
[05:59:31.23] /w Warning: "Terminal G found in symbol is missing in ivpcell" (NETLISTING-003)
[05:59:31.23] /w Warning: "Terminal S found in symbol is missing in ivpcell" (NETLISTING-003)
[05:59:31.23] /w Warning: "Terminal B found in symbol is missing in ivpcell" (NETLISTING-003)
[05:59:31.24] /m Information: 
[05:59:31.24] /o Checking "inverter/CMOS/schematic"
[05:59:31.24] /o No rule violations found in "inverter/CMOS/schematic"
[05:59:31.56] /m Information: "inverter FA_1bit_tb schematic" renetlisted. (NETLISTING-056)
[05:59:31.68] /m Information: "Netlisting design "inverter/FA_1bit_tb/config" finished successfully." (NETLISTING-012)
[05:59:31.70] /m Information: "Composing simulator input file for design "inverter/FA_1bit_tb/config"..."
[05:59:31.79] /m Information: "Simulator input file composed successfully for design "inverter/FA_1bit_tb/config""
[05:59:32.39] /m Information: "Starting HSPICE simulation for design: inverter/FA_1bit_tb/config"
[05:59:32.40] /# gi::collapse {jobMonitorTable} -index {0.0.0.0,0} -in [gi::getWindows 5]
[05:59:32.54] /o 1
[05:59:34.32] /m Information: "Simulation completed successfully for design: inverter/FA_1bit_tb/config "
[05:59:34.98] /m Information: "Evaluating and plotting outputs..."
[05:59:35.25] /j ::wf::WaveView::plotSuccess WaveView_1 {} {_5dd0920_void_pp _5d8d3d8_void_pp} 
[05:59:35.36] /j ::wf::WaveView::plotSuccess WaveView_1 {} {_5dd0920_void_pp _5d8cff0_void_pp} 
[05:59:35.48] /j ::wf::WaveView::plotSuccess WaveView_1 {} {_5dd0920_void_pp _5d8d0b8_void_pp} 
[05:59:35.60] /j ::wf::WaveView::plotSuccess WaveView_1 {} {_5dd0920_void_pp _5d8d180_void_pp} 
[05:59:35.75] /j ::wf::WaveView::plotSuccess WaveView_1 {} {_5dd0920_void_pp _5d8d248_void_pp} 
[05:59:35.92] /m Information: Measurement calculations completed for testbench: HSPICE_tb1fa in 0s
[06:00:14.05] /i gi::executeAction giCloseWindow -in [gi::getWindows 5]
[06:00:14.07] /i gi::setActiveWindow 4
[06:00:14.07] /i gi::setActiveWindow 4 -raise true
[06:00:14.88] /i gi::setActiveWindow 3
[06:00:14.88] /i gi::setActiveWindow 3 -raise true
[06:00:17.61] /# gi::executeAction deSelectActive -in [gi::getWindows 3]
[06:00:17.61] /i de::deselectAll [db::getNext [de::getContexts -window 3]]
[06:00:17.61] /i de::select [de::getActiveFigure [gi::getWindows 3] -point {6.51875 2.175} -index 0 -intent none]
[06:00:17.62] /o oa:0x1edf3db0
[06:00:18.12] /# gi::executeAction deSelectActive -in [gi::getWindows 3]
[06:00:18.12] /i de::cycleActiveFigure [gi::getWindows 3] -direction next
[06:00:18.12] /o oa:0x1eec1a80
[06:00:18.98] /i gi::executeAction deCanvasDragCancel -in [gi::getWindows 3]
[06:00:21.06] /i gi::executeAction deCanvasDragCancel -in [gi::getWindows 3]
[06:00:21.69] /i gi::setActiveWindow 2
[06:00:21.69] /i gi::setActiveWindow 2 -raise true
[06:00:23.83] /i gi::setCurrentIndex {views} -index {schematic} -in [gi::getWindows 2]
[06:00:23.83] /i gi::setItemSelection {views} -index {schematic} -in [gi::getWindows 2]
[06:00:24.11] /i gi::executeAction dmOpen -in [gi::getWindows 2]
[06:00:24.12] /r giWindowId 6
[06:00:24.13] /r giWindowGeometry 1632x912
[06:00:24.33] /o "inverter/FA_1bit_tb/schematic" design does not need checking
[06:00:24.38] /i gi::setActiveWindow 2
[06:00:24.38] /i gi::setActiveWindow 2 -raise true
[06:00:25.66] /i gi::executeAction giCloseWindow -in [gi::getWindows 3]
[06:00:26.33] /i gi::executeAction giCloseWindow -in [gi::getWindows 4]
[06:00:26.36] /i gi::setActiveWindow 4
[06:00:26.36] /i gi::setActiveWindow 4 -raise true
[06:00:26.43] /r giDialog gi::setActiveDialog [gi::getDialogs {giPrompt} -parent [gi::getWindows 4]]
[06:00:26.70] /r giDialog db::setAttr geometry -of [gi::getDialogs {giPrompt} -parent [gi::getWindows 4]] -value 292x82+814+513
[06:00:28.00] /r giDialog gi::pressButton {save} -in [gi::getDialogs {giPrompt} -parent [gi::getWindows 4]]
[06:00:28.25] /r giDialog gi::setActiveDialog [gi::getDialogs {saShowSaveState} -parent [gi::getWindows 4]]
[06:00:28.50] /r giDialog db::setAttr geometry -of [gi::getDialogs {saShowSaveState} -parent [gi::getWindows 4]] -value 462x528+729+290
[06:00:28.99] /r giDialog gi::pressButton {/apply} -in [gi::getDialogs {saShowSaveState} -parent [gi::getWindows 4]]
[06:00:29.25] /r giDialog gi::pressButton {/ok} -in [gi::getDialogs {saShowSaveState} -parent [gi::getWindows 4]]
[06:00:29.29] /i gi::setActiveWindow 6
[06:00:29.29] /i gi::setActiveWindow 6 -raise true
[06:00:30.37] /i gi::setActiveWindow 1
[06:00:30.37] /i gi::setActiveWindow 1 -raise true
[06:00:31.70] /i gi::setActiveWindow 6
[06:00:31.70] /i gi::setActiveWindow 6 -raise true
[06:00:34.21] /# gi::executeAction seShowConsoleForWindow -in [gi::getWindows 6]
[06:00:34.21] /i sa::showConsole -context [db::getNext [de::getContexts -window 6]]
[06:00:34.25] /r giWindowId 7
[06:00:34.26] /r giWindowGeometry 600x500
[06:00:34.36] /o oa:0x1e4592e0
[06:00:34.39] /m Information: Launching Background sae_shell Server Process "cd /home/itsupport/Desktop/lab1vlsi && sae_shell -log sae_shell_session3_job1 -libDefFile /home/itsupport/Desktop/lab1vlsi/lib.defs"
[06:00:36.72] /# gi::executeAction saLoadState -in [gi::getWindows 7]
[06:00:36.72] /i sa::showLoadState -parent 7
[06:00:36.75] /e Error: parse error in '/home/itsupport/.synopsys_custom/sae_states/inverter/FA_1bit_tb/HSPICE/FA_POST_LAYOUT/state.xml' at index (1,1): unexpected end of file (OPAL-006)
[06:00:36.84] /e Error: parse error in '/home/itsupport/.synopsys_custom/sae_states/inverter/FA_1bit_tb/HSPICE/FA_POST_LAYOUT/state.xml' at index (1,1): unexpected end of file (OPAL-006)
[06:00:36.84] /e Error: parse error in '/home/itsupport/.synopsys_custom/sae_states/inverter/FA_1bit_tb/HSPICE/FA_POST_LAYOUT/state.xml' at index (1,1): unexpected end of file (TCL)
[06:00:36.92] /i gi::setActiveDialog [gi::getDialogs {saShowLoadState} -parent [gi::getWindows 7]]
[06:00:37.20] /i db::setAttr geometry -of [gi::getDialogs {saShowLoadState} -parent [gi::getWindows 7]] -value 603x720+778+322
[06:00:37.80] /m Information: Received ready-for-commands signal from background job 'sae_shell_session3_job1' after 3 seconds.
[06:00:37.92] /i gi::pressButton {/apply} -in [gi::getDialogs {saShowLoadState} -parent [gi::getWindows 7]]
[06:00:37.93] /e Error: Error: Unable to retrieve attribute 'simulator' from the empty object. (TCL_OBJECT-081) (OPAL-006)
[06:00:37.93] /o Error: Unable to retrieve attribute 'simulator' from the empty object. (TCL_OBJECT-081)
[06:00:38.23] /i gi::pressButton {/ok} -in [gi::getDialogs {saShowLoadState} -parent [gi::getWindows 7]]
[06:00:38.24] /e Error: Error: Unable to retrieve attribute 'simulator' from the empty object. (TCL_OBJECT-081) (OPAL-006)
[06:00:38.24] /o Error: Unable to retrieve attribute 'simulator' from the empty object. (TCL_OBJECT-081)
[06:00:40.89] /i db::setAttr geometry -of [gi::getDialogs {saShowLoadState} -parent [gi::getWindows 7]] -value 603x720+697+248
[06:00:42.60] /i gi::setField {/states} -value {HSPICE_tb1fa} -in [gi::getDialogs {saShowLoadState} -parent [gi::getWindows 7]]
[06:00:42.89] /i db::setAttr geometry -of [gi::getDialogs {saShowLoadState} -parent [gi::getWindows 7]] -value 603x720+697+248
[06:00:43.12] /i gi::pressButton {/ok} -in [gi::getDialogs {saShowLoadState} -parent [gi::getWindows 7]]
[06:00:47.14] /i gi::executeAction menuPreShow -in [gi::getWindows 7]
[06:00:47.14] /r giMenuAccess db::getNext [gi::getMenus saConsoleSimMenu -from [gi::getWindows 7]]
[06:00:47.87] /# gi::executeAction saNetlistAndRun -in [gi::getWindows 7]
[06:00:47.87] /i isa::netlistAndRun -testbench [sa::findActiveTestbench -window 7] -mode overwrite
[06:00:47.88] /r giWindowId 8
[06:00:47.89] /r giWindowGeometry 800x600
[06:00:47.97] /m Information: "Starting incremental netlisting for design "inverter/FA_1bit_tb/schematic"..." (NETLISTING-010)
[06:00:47.98] /o No Design Integrity rule violations found in "inverter/FA_1bit_tb/schematic"
[06:00:48.00] /m Information: 
[06:00:48.00] /o Checking "inverter/full_adder/schematic"
[06:00:48.00] /o No rule violations found in "inverter/full_adder/schematic"
[06:00:48.02] /m Information: 
[06:00:48.02] /o Checking "inverter/CMOS/schematic"
[06:00:48.02] /o No rule violations found in "inverter/CMOS/schematic"
[06:00:48.07] /m Information: "inverter FA_1bit_tb schematic" renetlisted. (NETLISTING-056)
[06:00:48.08] /m Information: "Netlisting design "inverter/FA_1bit_tb/schematic" finished successfully." (NETLISTING-012)
[06:00:48.09] /m Information: "Composing simulator input file for design "inverter/FA_1bit_tb/schematic"..."
[06:00:48.12] /m Information: "Simulator input file composed successfully for design "inverter/FA_1bit_tb/schematic""
[06:00:48.30] /m Information: "Starting HSPICE simulation for design: inverter/FA_1bit_tb/schematic"
[06:00:48.30] /# gi::collapse {jobMonitorTable} -index {0.0.0,0} -in [gi::getWindows 8]
[06:00:48.33] /o 1
[06:00:48.91] /m Information: "Simulation completed successfully for design: inverter/FA_1bit_tb/schematic "
[06:00:49.16] /m Information: Launching Background sae_shell Server Process "cd /home/itsupport/Desktop/lab1vlsi && sae_shell -log sae_shell_session3_job2 -libDefFile /home/itsupport/Desktop/lab1vlsi/lib.defs"
[06:00:49.18] /m Information: "Evaluating and plotting outputs..."
[06:00:49.30] /j ::wf::WaveView::plotSuccess WaveView_1 {} {_5db1190_void_pp _5d8d310_void_pp} 
[06:00:49.41] /j ::wf::WaveView::plotSuccess WaveView_1 {} {_5db1190_void_pp _5d8d3d8_void_pp} 
[06:00:49.51] /j ::wf::WaveView::plotSuccess WaveView_1 {} {_5db1190_void_pp _5d8cff0_void_pp} 
[06:00:49.59] /j ::wf::WaveView::plotSuccess WaveView_1 {} {_5db1190_void_pp _5d8d0b8_void_pp} 
[06:00:49.67] /j ::wf::WaveView::plotSuccess WaveView_1 {} {_5db1190_void_pp _5d8d180_void_pp} 
[06:00:49.90] /m Information: Measurement calculations completed for testbench: HSPICE_tb1fa in 0s
[06:00:52.41] /i gi::setActiveWindow 7
[06:00:52.41] /i gi::setActiveWindow 7 -raise true
[06:00:52.60] /m Information: Received ready-for-commands signal from background job 'sae_shell_session3_job2' after 3 seconds.
[06:00:53.54] /i gi::setActiveWindow 8
[06:00:53.54] /i gi::setActiveWindow 8 -raise true
[06:01:32.90] /m Information: Waveform viewer exited normally.
[06:01:33.60] /i gi::setActiveWindow 7
[06:01:33.62] /i gi::setActiveWindow 7 -raise true
[06:01:34.27] /i gi::setActiveWindow 6
[06:01:34.27] /i gi::setActiveWindow 6 -raise true
[06:01:45.98] /i gi::setActiveWindow 2
[06:01:45.99] /i gi::setActiveWindow 2 -raise true
[06:01:47.37] /i gi::setCurrentIndex {cells} -index {NAND2} -in [gi::getWindows 2]
[06:01:47.37] /i gi::setItemSelection {cells} -index {NAND2} -in [gi::getWindows 2]
[06:01:48.20] /i gi::setCurrentIndex {cells} -index {NAND2_2} -in [gi::getWindows 2]
[06:01:48.20] /i gi::setItemSelection {cells} -index {NAND2_2} -in [gi::getWindows 2]
[06:01:48.93] /i gi::setCurrentIndex {cells} -index {FA_1bit_tb} -in [gi::getWindows 2]
[06:01:48.93] /i gi::setItemSelection {cells} -index {FA_1bit_tb} -in [gi::getWindows 2]
[06:01:49.25] /i gi::setCurrentIndex {cells} -index {CMOS_LAB3} -in [gi::getWindows 2]
[06:01:49.26] /i gi::setItemSelection {cells} -index {CMOS_LAB3} -in [gi::getWindows 2]
[06:01:49.67] /i gi::setCurrentIndex {cells} -index {2cmos} -in [gi::getWindows 2]
[06:01:49.67] /i gi::setItemSelection {cells} -index {2cmos} -in [gi::getWindows 2]
[06:01:50.87] /i gi::setCurrentIndex {cells} -index {FA_1bit_tb} -in [gi::getWindows 2]
[06:01:50.87] /i gi::setItemSelection {cells} -index {FA_1bit_tb} -in [gi::getWindows 2]
[06:01:51.75] /i gi::setCurrentIndex {cells} -index {NAND2_2} -in [gi::getWindows 2]
[06:01:51.75] /i gi::setItemSelection {cells} -index {NAND2_2} -in [gi::getWindows 2]
[06:01:52.20] /i gi::setCurrentIndex {cells} -index {NAND2_tb_2} -in [gi::getWindows 2]
[06:01:52.20] /i gi::setItemSelection {cells} -index {NAND2_tb_2} -in [gi::getWindows 2]
[06:01:52.58] /i gi::setCurrentIndex {cells} -index {full_adder} -in [gi::getWindows 2]
[06:01:52.58] /i gi::setItemSelection {cells} -index {full_adder} -in [gi::getWindows 2]
[06:01:53.42] /i gi::setCurrentIndex {views} -index {layout} -in [gi::getWindows 2]
[06:01:53.42] /i gi::setItemSelection {views} -index {layout} -in [gi::getWindows 2]
[06:01:53.66] /i gi::executeAction dmOpen -in [gi::getWindows 2]
[06:01:53.71] /r giWindowId 9
[06:01:53.72] /r giWindowGeometry 1632x912
[06:01:53.75] /# de::setActiveLPP [de::getLPPs "exclude blockage" -from [db::getAttr editDesign -of [de::getContexts -window 9]]]
[06:01:57.24] /i gi::setField {stopLevel} -value {2} -in [gi::getToolbars {leHierarchy} -from [gi::getWindows 9]]
[06:01:57.92] /# gi::executeAction deSelectActive -in [gi::getWindows 9]
[06:01:57.92] /i de::deselectAllLogic -context [db::getNext [de::getContexts -window 9]]
[06:01:58.31] /# gi::executeAction deCanvasZoomInAtPoint -in [gi::getWindows 9]
[06:01:58.31] /i de::zoom -window [gi::getWindows 9] -factor 2.0 -center {14.626 26.098}
[06:01:58.31] /o {6.886 22.51} {15.413 26.885}
[06:01:58.66] /# gi::executeAction deCanvasZoomInAtPoint -in [gi::getWindows 9]
[06:01:58.66] /i de::zoom -window [gi::getWindows 9] -factor 2.0 -center {14.626 26.098}
[06:01:58.66] /o {10.756 24.304} {15.019 26.492}
[06:01:59.42] /# gi::executeAction deCanvasZoomOutAtPoint -in [gi::getWindows 9]
[06:01:59.42] /i de::zoom -window [gi::getWindows 9] -factor 0.5 -center {13.046 25.919}
[06:01:59.42] /o {8.466 22.689} {16.993 27.064}
[06:01:59.78] /# gi::executeAction deCanvasZoomOutAtPoint -in [gi::getWindows 9]
[06:01:59.78] /i de::zoom -window [gi::getWindows 9] -factor 0.5 -center {13.041 25.675}
[06:01:59.78] /o {3.89 19.704} {20.945 28.454}
[06:02:05.62] /# gi::executeAction deCanvasZoomOutAtPoint -in [gi::getWindows 9]
[06:02:05.62] /i de::zoom -window [gi::getWindows 9] -factor 0.5 -center {13.346 21.994}
[06:02:05.62] /o {-5.566 17.413} {28.544 34.913}
[06:02:06.47] /# gi::executeAction deFitView -in [gi::getWindows 9]
[06:02:06.47] /i de::fit -window 9 -fitView true
[06:02:06.47] /o {-0.855 18.923} {16.2 27.673}
[06:02:08.61] /# gi::executeAction deSelectByWindow -in [gi::getWindows 9]
[06:02:08.61] /i db::setPrefValue deSelectMode -value Replace -scope [db::getScopes [db::getNext [de::getContexts -window 9]]]; ide::selectByRegion -region rectangle -point {11.565 27.5} 
[06:02:09.71] /# gi::executeAction deEndDrag -in [gi::getWindows 9]
[06:02:09.71] /i de::endDrag {14.745 18.423} -context [db::getNext [de::getContexts -window 9]]
[06:02:10.76] /# gi::executeAction deSelectActive -in [gi::getWindows 9]
[06:02:10.76] /i de::deselectAll [db::getNext [de::getContexts -window 9]]
[06:02:10.76] /i de::deselectAllLogic -context [db::getNext [de::getContexts -window 9]]
[06:02:12.32] /# gi::executeAction deFitView -in [gi::getWindows 9]
[06:02:12.32] /i de::fit -window 9 -fitView true
[06:02:12.32] /o {-0.855 18.923} {16.2 27.673}
[06:02:13.07] /# gi::executeAction deSelectActive -in [gi::getWindows 9]
[06:02:13.07] /i de::deselectAll [db::getNext [de::getContexts -window 9]]
[06:02:13.07] /i de::select [de::getActiveFigure [gi::getWindows 9] -point {12.042 24.014} -index 0 -intent none]
[06:02:13.07] /o oa:0x2523c910
[06:02:13.61] /# gi::executeAction deSelectActive -in [gi::getWindows 9]
[06:02:13.61] /i de::cycleActiveFigure [gi::getWindows 9] -direction next
[06:02:13.61] /o oa:0x1ce200f0
[06:02:13.61] /i de::deselectAll [db::getNext [de::getContexts -window 9]]
[06:02:13.61] /i de::select [de::getActiveFigure [gi::getWindows 9] -point {12.27 24.014} -index 1 -intent none]
[06:02:13.62] /o oa:0x26106a40
[06:02:14.22] /# gi::executeAction deSelectActive -in [gi::getWindows 9]
[06:02:14.22] /i de::deselectAll [db::getNext [de::getContexts -window 9]]
[06:02:14.22] /i de::select [de::getActiveFigure [gi::getWindows 9] -point {12.444 24.047} -index 0 -intent none]
[06:02:14.22] /o oa:0x256ec380
[06:02:14.67] /# gi::executeAction deCanvasZoomInAtPoint -in [gi::getWindows 9]
[06:02:14.67] /i de::zoom -window [gi::getWindows 9] -factor 2.0 -center {12.835 24.09}
[06:02:14.67] /o {5.99 21.506} {14.517 25.881}
[06:02:15.26] /# gi::executeAction deSelectActive -in [gi::getWindows 9]
[06:02:15.26] /i de::deselectAll [db::getNext [de::getContexts -window 9]]
[06:02:15.26] /i de::select [de::getActiveFigure [gi::getWindows 9] -point {12.667 24.068} -index 0 -intent none]
[06:02:15.26] /o oa:0x25c5fbc0
[06:02:16.44] /# gi::executeAction deCanvasZoomOutAtPoint -in [gi::getWindows 9]
[06:02:16.44] /i de::zoom -window [gi::getWindows 9] -factor 0.5 -center {12.297 22.049}
[06:02:16.44] /o {-0.317 20.964} {16.738 29.714}
[06:02:16.99] /# gi::executeAction deCanvasZoomInAtPoint -in [gi::getWindows 9]
[06:02:16.99] /i de::zoom -window [gi::getWindows 9] -factor 2.0 -center {12.233 22.158}
[06:02:16.99] /o {5.958 21.561} {14.485 25.936}
[06:02:18.01] /# gi::executeAction deCanvasZoomOutAtPoint -in [gi::getWindows 9]
[06:02:18.01] /i de::zoom -window [gi::getWindows 9] -factor 0.5 -center {11.826 23.113}
[06:02:18.02] /o {0.09 20.009} {17.145 28.759}
[06:02:18.75] /# gi::executeAction deCanvasZoomInAtPoint -in [gi::getWindows 9]
[06:02:18.75] /i de::zoom -window [gi::getWindows 9] -factor 2.0 -center {11.945 22.267}
[06:02:18.76] /o {6.018 21.138} {14.545 25.513}
[06:02:19.44] /# gi::executeAction deCanvasZoomOutAtPoint -in [gi::getWindows 9]
[06:02:19.44] /i de::zoom -window [gi::getWindows 9] -factor 0.5 -center {11.95 22.234}
[06:02:19.45] /o {0.085 20.042} {17.14 28.792}
[06:02:21.96] /# gi::executeAction deCanvasZoomInAtPoint -in [gi::getWindows 9]
[06:02:21.96] /i de::zoom -window [gi::getWindows 9] -factor 2.0 -center {12.407 22.951}
[06:02:21.96] /o {6.246 21.496} {14.773 25.871}
[06:02:37.10] /# gi::executeAction deCanvasZoomOutAtPoint -in [gi::getWindows 9]
[06:02:37.10] /i de::zoom -window [gi::getWindows 9] -factor 0.5 -center {12.081 23.032}
[06:02:37.11] /o {0.411 19.961} {17.466 28.711}
[06:02:58.25] /# gi::executeAction deCanvasZoomInAtPoint -in [gi::getWindows 9]
[06:02:58.25] /i de::zoom -window [gi::getWindows 9] -factor 2.0 -center {8.108 23.717}
[06:02:58.25] /o {4.26 21.839} {12.787 26.214}
[06:02:58.31] /# gi::executeAction deCanvasZoomInAtPoint -in [gi::getWindows 9]
[06:02:58.31] /i de::zoom -window [gi::getWindows 9] -factor 2.0 -center {8.108 23.717}
[06:02:58.31] /o {6.184 22.778} {10.447 24.965}
[06:02:58.45] /# gi::executeAction deCanvasZoomInAtPoint -in [gi::getWindows 9]
[06:02:58.45] /i de::zoom -window [gi::getWindows 9] -factor 2.0 -center {8.108 23.717}
[06:02:58.45] /o {7.146 23.247} {9.278 24.341}
[06:02:58.76] /# gi::executeAction deCanvasZoomInAtPoint -in [gi::getWindows 9]
[06:02:58.76] /i de::zoom -window [gi::getWindows 9] -factor 2.0 -center {8.108 23.718}
[06:02:58.77] /o {7.627 23.483} {8.693 24.03}
[06:02:59.53] /# gi::executeAction deCanvasZoomOutAtPoint -in [gi::getWindows 9]
[06:02:59.53] /i de::zoom -window [gi::getWindows 9] -factor 0.5 -center {8.11 23.811}
[06:02:59.53] /o {7.144 23.154} {9.276 24.248}
[06:02:59.55] /# gi::executeAction deCanvasZoomOutAtPoint -in [gi::getWindows 9]
[06:02:59.55] /i de::zoom -window [gi::getWindows 9] -factor 0.5 -center {8.118 23.804}
[06:02:59.55] /o {6.17 22.505} {10.433 24.692}
[06:02:59.57] /# gi::executeAction deCanvasZoomOutAtPoint -in [gi::getWindows 9]
[06:02:59.57] /i de::zoom -window [gi::getWindows 9] -factor 0.5 -center {8.143 23.786}
[06:02:59.57] /o {4.197 21.224} {12.724 25.599}
[06:02:59.63] /# gi::executeAction deCanvasZoomOutAtPoint -in [gi::getWindows 9]
[06:02:59.63] /i de::zoom -window [gi::getWindows 9] -factor 0.5 -center {8.333 23.688}
[06:02:59.63] /o {0.06 18.759} {17.115 27.509}
[06:03:00.10] /# gi::executeAction deCanvasZoomInAtPoint -in [gi::getWindows 9]
[06:03:00.10] /i de::zoom -window [gi::getWindows 9] -factor 2.0 -center {12.642 23.33}
[06:03:00.10] /o {6.351 21.045} {14.878 25.42}
[06:03:00.16] /# gi::executeAction deCanvasZoomInAtPoint -in [gi::getWindows 9]
[06:03:00.16] /i de::zoom -window [gi::getWindows 9] -factor 2.0 -center {12.642 23.335}
[06:03:00.16] /o {9.497 22.19} {13.76 24.377}
[06:03:00.34] /# gi::executeAction deCanvasZoomInAtPoint -in [gi::getWindows 9]
[06:03:00.34] /i de::zoom -window [gi::getWindows 9] -factor 2.0 -center {12.642 23.335}
[06:03:00.34] /o {11.069 22.762} {13.201 23.856}
[06:03:00.82] /# gi::executeAction deCanvasZoomOutAtPoint -in [gi::getWindows 9]
[06:03:00.82] /i de::zoom -window [gi::getWindows 9] -factor 0.5 -center {12.63 23.388}
[06:03:00.82] /o {9.509 22.137} {13.772 24.324}
[06:03:01.58] /# gi::executeAction deCanvasZoomOutAtPoint -in [gi::getWindows 9]
[06:03:01.58] /i de::zoom -window [gi::getWindows 9] -factor 0.5 -center {12.377 23.499}
[06:03:01.58] /o {6.64 20.775} {15.167 25.15}
[06:03:01.63] /# gi::executeAction deCanvasZoomOutAtPoint -in [gi::getWindows 9]
[06:03:01.63] /i de::zoom -window [gi::getWindows 9] -factor 0.5 -center {12.377 23.5}
[06:03:01.63] /o {0.903 18.05} {17.958 26.8}
[06:03:08.77] /i gi::executeAction deCanvasDragCancel -in [gi::getWindows 9]
[06:03:08.95] /# gi::executeAction deSelectActive -in [gi::getWindows 9]
[06:03:08.95] /i de::deselectAll [db::getNext [de::getContexts -window 9]]
[06:03:08.95] /i de::select [de::getActiveFigure [gi::getWindows 9] -point {12.476 24.281} -index 0 -intent none]
[06:03:08.95] /o oa:0x25b62a40
[06:03:09.39] /# gi::executeAction deSelectActive -in [gi::getWindows 9]
[06:03:09.39] /i de::cycleActiveFigure [gi::getWindows 9] -direction next
[06:03:09.39] /o oa:0x24225a20
[06:03:09.39] /i de::deselectAll [db::getNext [de::getContexts -window 9]]
[06:03:09.39] /i de::select [de::getActiveFigure [gi::getWindows 9] -point {12.269 24.281} -index 1 -intent none]
[06:03:09.39] /o oa:0x24486b10
[06:03:10.11] /# gi::executeAction leStartStretchDrag -in [gi::getWindows 9]
[06:03:10.11] /i layout_editor::directStretch [de::getActiveFigure [gi::getWindows 9] -point {12.248 24.281} -index 1 -intent none] 9
[06:03:10.11] /# ile::stretch -point {12.25 24.28}
[06:03:16.16] /# gi::executeAction deEndDrag -in [gi::getWindows 9]
[06:03:16.16] /i de::endDrag {12.834 24.487} -context [db::getNext [de::getContexts -window 9]]
[06:03:17.80] /# gi::executeAction deSelectActive -in [gi::getWindows 9]
[06:03:17.80] /i de::deselectAll [db::getNext [de::getContexts -window 9]]
[06:03:17.80] /i de::select [de::getActiveFigure [gi::getWindows 9] -point {12.638 24.02} -index 0 -intent none]
[06:03:17.80] /o oa:0x2542afe0
[06:03:18.41] /# gi::executeAction leStartStretchDrag -in [gi::getWindows 9]
[06:03:18.41] /i layout_editor::directStretch [de::getActiveFigure [gi::getWindows 9] -point {12.638 24.02} -index 0 -intent none] 9
[06:03:18.41] /# ile::stretch -point {12.64 24.02}
[06:03:20.53] /# gi::executeAction deEndDrag -in [gi::getWindows 9]
[06:03:20.53] /i de::endDrag {13.225 24.02} -context [db::getNext [de::getContexts -window 9]]
[06:03:20.85] /# gi::executeAction deCanvasZoomInAtPoint -in [gi::getWindows 9]
[06:03:20.85] /i de::zoom -window [gi::getWindows 9] -factor 2.0 -center {13.225 24.02}
[06:03:20.85] /o {7.064 21.035} {15.591 25.41}
[06:03:21.96] /# gi::executeAction deSelectActive -in [gi::getWindows 9]
[06:03:21.96] /i de::deselectAll [db::getNext [de::getContexts -window 9]]
[06:03:21.96] /i de::select [de::getActiveFigure [gi::getWindows 9] -point {11.938 23.19} -index 0 -intent none]
[06:03:21.96] /o oa:0x256e4380
[06:03:24.81] /# gi::executeAction leStartStretchDrag -in [gi::getWindows 9]
[06:03:24.81] /i layout_editor::directStretch [de::getActiveFigure [gi::getWindows 9] -point {12.004 23.239} -index 0 -intent none] 9
[06:03:24.81] /# db::setPrefValue deSelectMode -value Replace -scope [db::getScopes [db::getNext [de::getContexts -window 9]]]; ide::selectByRegion -region rectangle -point {12.005 23.24} 
[06:03:25.54] /# gi::executeAction deEndDrag -in [gi::getWindows 9]
[06:03:25.54] /i de::endDrag {12.487 22.473} -context [db::getNext [de::getContexts -window 9]]
[06:03:26.63] /# gi::executeAction leMove -in [gi::getWindows 9]
[06:03:26.63] /i ile::move
[06:03:27.15] /# gi::executeAction deAddPoint -in [gi::getWindows 9]
[06:03:27.15] /i de::addPoint {12.264 22.951} -context [db::getNext [de::getContexts -window 9]]
[06:03:27.79] /# gi::executeAction deCanvasZoomInAtPoint -in [gi::getWindows 9]
[06:03:27.80] /i de::zoom -window [gi::getWindows 9] -factor 2.0 -center {13.323 23.011}
[06:03:27.80] /o {10.194 22.023} {14.457 24.21}
[06:03:27.91] /# gi::executeAction deCanvasZoomInAtPoint -in [gi::getWindows 9]
[06:03:27.91] /i de::zoom -window [gi::getWindows 9] -factor 2.0 -center {13.323 23.011}
[06:03:27.91] /o {11.758 22.517} {13.89 23.611}
[06:03:33.43] /# gi::executeAction deAddPoint -in [gi::getWindows 9]
[06:03:33.43] /i de::addPoint {13.189 23.039} -context [db::getNext [de::getContexts -window 9]]
[06:03:33.91] /# gi::executeAction deCanvasZoomOutAtPoint -in [gi::getWindows 9]
[06:03:33.91] /i de::zoom -window [gi::getWindows 9] -factor 0.5 -center {12.676 22.848}
[06:03:33.92] /o {10.841 22.186} {15.104 24.373}
[06:03:34.00] /# gi::executeAction deCanvasZoomOutAtPoint -in [gi::getWindows 9]
[06:03:34.00] /i de::zoom -window [gi::getWindows 9] -factor 0.5 -center {12.656 22.824}
[06:03:34.00] /o {9.025 21.548} {17.552 25.923}
[06:03:34.42] /# gi::executeAction deCanvasZoomInAtPoint -in [gi::getWindows 9]
[06:03:34.42] /i de::zoom -window [gi::getWindows 9] -factor 2.0 -center {12.2 22.324}
[06:03:34.42] /o {10.613 21.936} {14.876 24.123}
[06:03:34.50] /# gi::executeAction deCanvasZoomInAtPoint -in [gi::getWindows 9]
[06:03:34.50] /i de::zoom -window [gi::getWindows 9] -factor 2.0 -center {12.2 22.324}
[06:03:34.50] /o {11.406 22.13} {13.538 23.224}
[06:03:34.70] /# gi::executeAction deCanvasZoomOutAtPoint -in [gi::getWindows 9]
[06:03:34.70] /i de::zoom -window [gi::getWindows 9] -factor 0.5 -center {12.159 22.32}
[06:03:34.70] /o {10.654 21.94} {14.917 24.127}
[06:03:34.80] /# gi::executeAction deCanvasZoomOutAtPoint -in [gi::getWindows 9]
[06:03:34.80] /i de::zoom -window [gi::getWindows 9] -factor 0.5 -center {12.16 22.32}
[06:03:34.80] /o {9.147 21.56} {17.674 25.935}
[06:03:35.37] /# gi::executeAction deSelectActive -in [gi::getWindows 9]
[06:03:35.37] /i de::deselectAll [db::getNext [de::getContexts -window 9]]
[06:03:35.37] /i de::select [de::getActiveFigure [gi::getWindows 9] -point {11.742 22.331} -index 0 -intent none]
[06:03:35.37] /o oa:0x24f63e90
[06:03:35.85] /# gi::executeAction deCanvasZoomOutAtPoint -in [gi::getWindows 9]
[06:03:35.85] /i de::zoom -window [gi::getWindows 9] -factor 0.5 -center {11.79 22.282}
[06:03:35.86] /o {6.504 20.837} {23.559 29.587}
[06:03:39.26] /i de::undoTransaction -design [db::getAttr editDesign -of [de::getContexts -window 9]] -steps 1
[06:03:39.63] /i de::undoTransaction -design [db::getAttr editDesign -of [de::getContexts -window 9]] -steps 1
[06:03:40.03] /i de::undoTransaction -design [db::getAttr editDesign -of [de::getContexts -window 9]] -steps 1
[06:03:42.06] /i gi::setActiveWindow 7
[06:03:42.06] /i gi::setActiveWindow 7 -raise true
[06:03:42.65] /i gi::setActiveWindow 6
[06:03:42.65] /i gi::setActiveWindow 6 -raise true
[06:03:44.14] /i gi::executeAction giCloseWindow -in [gi::getWindows 8]
[06:03:44.92] /i gi::executeAction giCloseWindow -in [gi::getWindows 7]
[06:03:44.96] /i gi::setActiveWindow 7
[06:03:44.96] /i gi::setActiveWindow 7 -raise true
[06:03:45.05] /r giDialog gi::setActiveDialog [gi::getDialogs {giPrompt} -parent [gi::getWindows 7]]
[06:03:45.31] /r giDialog db::setAttr geometry -of [gi::getDialogs {giPrompt} -parent [gi::getWindows 7]] -value 292x82+814+513
[06:03:46.33] /r giDialog gi::pressButton {save} -in [gi::getDialogs {giPrompt} -parent [gi::getWindows 7]]
[06:03:46.54] /r giDialog gi::setActiveDialog [gi::getDialogs {saShowSaveState} -parent [gi::getWindows 7]]
[06:03:46.79] /r giDialog db::setAttr geometry -of [gi::getDialogs {saShowSaveState} -parent [gi::getWindows 7]] -value 462x528+729+290
[06:03:48.15] /r giDialog gi::pressButton {/ok} -in [gi::getDialogs {saShowSaveState} -parent [gi::getWindows 7]]
[06:03:48.20] /i gi::setActiveWindow 6
[06:03:48.20] /i gi::setActiveWindow 6 -raise true
[06:03:49.58] /i gi::executeAction giCloseWindow -in [gi::getWindows 6]
[06:03:49.60] /i gi::setActiveWindow 9
[06:03:49.60] /i gi::setActiveWindow 9 -raise true
[06:03:52.88] /i gi::executeAction giCloseWindow -in [gi::getWindows 9]
[06:03:52.91] /i gi::setActiveWindow 2
[06:03:52.91] /i gi::setActiveWindow 2 -raise true
[06:03:55.80] /i gi::setCurrentIndex {cells} -index {FA_1bit_tb} -in [gi::getWindows 2]
[06:03:55.80] /i gi::setItemSelection {cells} -index {FA_1bit_tb} -in [gi::getWindows 2]
[06:03:56.79] /i gi::setCurrentIndex {views} -index {config} -in [gi::getWindows 2]
[06:03:56.79] /i gi::setItemSelection {views} -index {config} -in [gi::getWindows 2]
[06:03:58.17] /i gi::executeAction dmOpenConfigDesignWrite -in [gi::getWindows 2]
[06:03:58.20] /r giWindowId 10
[06:03:58.20] /r giWindowGeometry 1632x912
[06:03:58.37] /o "inverter/FA_1bit_tb/schematic" design does not need checking
[06:04:00.90] /# gi::executeAction deCanvasZoomInAtPoint -in [gi::getWindows 10]
[06:04:00.90] /i de::zoom -window [gi::getWindows 10] -factor 2.0 -center {4.275 2.06875}
[06:04:00.90] /o {2.1625 1.0375} {6.56875 3.125}
[06:04:01.51] /# gi::executeAction deSelectActive -in [gi::getWindows 10]
[06:04:01.51] /i de::deselectAll [db::getNext [de::getContexts -window 10]]
[06:04:01.51] /i de::select [de::getActiveFigure [gi::getWindows 10] -point {4.26875 2.13125} -index 0 -intent none]
[06:04:01.51] /o oa:0x1e3aba50
[06:04:03.24] /# gi::executeAction seDelete -in [gi::getWindows 10]
[06:04:03.24] /i ise::delete
[06:04:04.85] /# gi::executeAction deAddPoint -in [gi::getWindows 10]
[06:04:04.85] /i de::addPoint {4.2625 2.1375} -context [db::getNext [de::getContexts -window 10]]
[06:04:08.17] /i de::undoTransaction -design [db::getAttr editDesign -of [de::getContexts -window 10]] -steps 1
[06:04:08.58] /# gi::executeAction deAddPoint -in [gi::getWindows 10]
[06:04:08.58] /i de::addPoint {3.73125 2.6375} -context [db::getNext [de::getContexts -window 10]]
[06:04:08.73] /# gi::executeAction deCompleteShape -in [gi::getWindows 10]
[06:04:08.73] /i de::completeShape -context [db::getNext [de::getContexts -window 10]]
[06:04:10.53] /# gi::executeAction deAddPoint -in [gi::getWindows 10]
[06:04:10.53] /i de::addPoint {3.80625 2.3875} -context [db::getNext [de::getContexts -window 10]]
[06:04:10.66] /# gi::executeAction deCompleteShape -in [gi::getWindows 10]
[06:04:10.66] /i de::completeShape -context [db::getNext [de::getContexts -window 10]]
[06:04:10.80] /w Warning: Nothing is bound to the 'Button1-Triple' in the current active set. (WINDOW-015)
[06:04:11.37] /# gi::executeAction deAbortCommand -in [gi::getWindows 10]
[06:04:11.37] /i de::abortCommand -context [db::getNext [de::getContexts -window 10]]
[06:04:11.64] /# gi::executeAction deSelectActive -in [gi::getWindows 10]
[06:04:11.64] /i de::deselectAll [db::getNext [de::getContexts -window 10]]
[06:04:11.64] /i de::select [de::getActiveFigure [gi::getWindows 10] -point {3.80625 2.3125} -index 0 -intent none]
[06:04:11.64] /o oa:0x1ebd87d0
[06:04:11.77] /# gi::executeAction deDescend -in [gi::getWindows 10]
[06:04:11.77] /i ide::descend 10 -inPlace false -promptView false -readOnly auto
[06:04:11.78] /# Navigating to inverter/full_adder/starrc (I25)
[06:04:11.94] /# de::setActiveLPP [de::getLPPs "exclude blockage" -from [db::getAttr editDesign -of [de::getContexts -window 10]]]
[06:04:12.21] /# gi::setItemSelection {sets} -index {Valid} -in [gi::getAssistants leObjectLayerPanel -from [gi::getWindows 10]]
[06:04:12.32] /# gi::executeAction deSelectActive -in [gi::getWindows 10]
[06:04:12.32] /i de::deselectAll [db::getNext [de::getContexts -window 10]]
[06:04:12.32] /i de::select [de::getActiveFigure [gi::getWindows 10] -point {5.347 24.63} -index 0 -intent none]
[06:04:12.32] /o oa:0x23c6bef0
[06:04:12.32] /# gi::executeAction deDescend -in [gi::getWindows 10]
[06:04:12.33] /i ide::descend 10 -inPlace false -promptView false -readOnly auto
[06:04:12.39] /# db::setAttr dockSize -of [gi::getAssistants giConsole -from [gi::getWindows 10]] -value 1867x89
[06:04:12.40] /# db::setAttr dockSize -of [gi::getAssistants dePropertyEditor -from [gi::getWindows 10]] -value 290x745
[06:04:12.41] /# db::setAttr dockSize -of [gi::getAssistants leObjectLayerPanel -from [gi::getWindows 10]] -value 290x685
[06:04:12.41] /r giDialog gi::setActiveDialog [gi::getDialogs {deDescendFailed} -parent [gi::getWindows 10]]
[06:04:12.69] /r giDialog db::setAttr geometry -of [gi::getDialogs {deDescendFailed} -parent [gi::getWindows 10]] -value 436x82+742+513
[06:04:14.35] /r giDialog gi::pressButton {ok} -in [gi::getDialogs {deDescendFailed} -parent [gi::getWindows 10]]
[06:04:14.36] /# Navigating to analogLib/pcapacitor/symbol (Cg272)
[06:04:14.80] /i db::setAttr dockSize -of [gi::getAssistants giConsole -from [gi::getWindows 10]] -value 1867x89
[06:04:14.81] /i db::setAttr dockSize -of [gi::getAssistants dePropertyEditor -from [gi::getWindows 10]] -value 290x745
[06:04:15.42] /# gi::executeAction deCanvasZoomOutAtPoint -in [gi::getWindows 10]
[06:04:15.42] /i de::zoom -window [gi::getWindows 10] -factor 0.5 -center {0.1 -0.18125}
[06:04:15.42] /o {-1.44375 -0.79375} {1.16875 0.44375}
[06:04:15.49] /# gi::executeAction deCanvasZoomOutAtPoint -in [gi::getWindows 10]
[06:04:15.49] /i de::zoom -window [gi::getWindows 10] -factor 0.5 -center {0.09375 -0.1875}
[06:04:15.49] /o {-2.975 -1.4} {2.2375 1.075}
[06:04:16.86] /i gi::executeAction giCloseWindow -in [gi::getWindows 10]
[06:04:16.88] /i gi::setActiveWindow 2
[06:04:16.89] /i gi::setActiveWindow 2 -raise true
[06:04:19.35] /i gi::executeAction dmOpenConfigDesignWrite -in [gi::getWindows 2]
[06:04:19.39] /r giWindowId 11
[06:04:19.39] /r giWindowGeometry 1632x912
[06:04:19.54] /o "inverter/FA_1bit_tb/schematic" design does not need checking
[06:04:22.34] /# gi::executeAction seShowConsoleForWindow -in [gi::getWindows 11]
[06:04:22.34] /i sa::showConsole -context [db::getNext [de::getContexts -window 11]]
[06:04:22.37] /r giWindowId 12
[06:04:22.38] /r giWindowGeometry 600x500
[06:04:22.47] /o oa:0x25454610
[06:04:22.50] /m Information: Launching Background sae_shell Server Process "cd /home/itsupport/Desktop/lab1vlsi && sae_shell -log sae_shell_session5_job1 -libDefFile /home/itsupport/Desktop/lab1vlsi/lib.defs"
[06:04:23.68] /i gi::executeAction menuPreShow -in [gi::getWindows 12]
[06:04:23.68] /r giMenuAccess db::getNext [gi::getMenus saConsoleSimMenu -from [gi::getWindows 12]]
[06:04:24.17] /# gi::executeAction saNetlistAndRun -in [gi::getWindows 12]
[06:04:24.17] /i isa::netlistAndRun -testbench [sa::findActiveTestbench -window 12] -mode overwrite
[06:04:24.18] /r giWindowId 13
[06:04:24.19] /r giWindowGeometry 800x600
[06:04:24.27] /m Information: "Starting incremental netlisting for design "inverter/FA_1bit_tb/config"..." (NETLISTING-010)
[06:04:24.29] /o No Design Integrity rule violations found in "inverter/FA_1bit_tb/schematic"
[06:04:24.29] /m Information: 
              /c Cross view checking for inverter/full_adder/symbol with inverter/full_adder/starrc
              /c 	[warning] Missing Terminal
              /c 		Terminal vdd! found in starrc is missing in symbol
              /c 	[warning] Missing Terminal
              /c 		Terminal gnd! found in starrc is missing in symbol (DE_EDIT-007)
[06:04:24.29] /w Warning: "Terminal vdd! found in starrc is missing in symbol" (NETLISTING-003)
[06:04:24.29] /w Warning: "Terminal gnd! found in starrc is missing in symbol" (NETLISTING-003)
[06:04:24.33] /m Information: 
              /c Cross view checking for reference90RF/n_4t/ivpcell with reference90RF/n_4t/symbol
              /c 	[warning] Missing Terminal
              /c 		Terminal D found in symbol is missing in ivpcell
              /c 	[warning] Missing Terminal
              /c 		Terminal G found in symbol is missing in ivpcell
              /c 	[warning] Missing Terminal
              /c 		Terminal S found in symbol is missing in ivpcell
              /c 	[warning] Missing Terminal
              /c 		Terminal B found in symbol is missing in ivpcell (DE_EDIT-007)
[06:04:24.33] /w Warning: "Terminal D found in symbol is missing in ivpcell" (NETLISTING-003)
[06:04:24.33] /w Warning: "Terminal G found in symbol is missing in ivpcell" (NETLISTING-003)
[06:04:24.33] /w Warning: "Terminal S found in symbol is missing in ivpcell" (NETLISTING-003)
[06:04:24.33] /w Warning: "Terminal B found in symbol is missing in ivpcell" (NETLISTING-003)
[06:04:24.34] /m Information: 
[06:04:24.34] /o Checking "inverter/CMOS/schematic"
[06:04:24.35] /o No rule violations found in "inverter/CMOS/schematic"
[06:04:24.51] /m Information: "Netlisting design "inverter/FA_1bit_tb/config" finished successfully." (NETLISTING-012)
[06:04:24.51] /m Information: "Composing simulator input file for design "inverter/FA_1bit_tb/config"..."
[06:04:24.54] /m Information: "Simulator input file composed successfully for design "inverter/FA_1bit_tb/config""
[06:04:24.74] /m Information: "Starting HSPICE simulation for design: inverter/FA_1bit_tb/config"
[06:04:24.74] /# gi::collapse {jobMonitorTable} -index {0.0.0,0} -in [gi::getWindows 13]
[06:04:24.77] /o 1
[06:04:25.11] /e Error: "Simulation failed for design: inverter/FA_1bit_tb/config "
[06:04:25.33] /m Information: Launching Background sae_shell Server Process "cd /home/itsupport/Desktop/lab1vlsi && sae_shell -log sae_shell_session5_job2 -libDefFile /home/itsupport/Desktop/lab1vlsi/lib.defs"
[06:04:26.40] /m Information: Received ready-for-commands signal from background job 'sae_shell_session5_job1' after 4 seconds.
[06:04:26.70] /m Information: Measurement calculations completed for testbench: default in 0s
[06:04:28.10] /i gi::setCurrentIndex {jobMonitorTable} -index {0.0.0.1.0,0} -in [gi::getWindows 13]
[06:04:28.10] /i gi::setItemSelection {jobMonitorTable} -index {0.0.0.1.0,all} -in [gi::getWindows 13]
[06:04:28.40] /m Information: Received ready-for-commands signal from background job 'sae_shell_session5_job2' after 3 seconds.
[06:04:28.51] /i gi::setCurrentIndex {jobMonitorTable} -index {0.0.0.1.0,1} -in [gi::getWindows 13]
[06:04:28.64] /i gi::executeAction xtJobMonitorViewOutput -in 13
[06:04:28.64] /# xt::_jobMonitorActions::viewOutput 13
[06:04:28.64] /r giWindowId 14
[06:04:28.65] /r giWindowGeometry 800x600
[06:04:31.93] /i gi::executeAction giCloseWindow -in [gi::getWindows 14]
[06:04:31.94] /i gi::setActiveWindow 13
[06:04:31.94] /i gi::setActiveWindow 13 -raise true
[06:04:32.86] /i gi::executeAction giCloseWindow -in [gi::getWindows 13]
[06:04:32.88] /i gi::setActiveWindow 12
[06:04:32.88] /i gi::setActiveWindow 12 -raise true
[06:04:33.45] /i gi::setActiveWindow 11
[06:04:33.45] /i gi::setActiveWindow 11 -raise true
[06:04:33.91] /i gi::setActiveWindow 2
[06:04:33.91] /i gi::setActiveWindow 2 -raise true
[06:04:34.88] /i gi::setCurrentIndex {cells} -index {NAND2} -in [gi::getWindows 2]
[06:04:34.89] /i gi::setItemSelection {cells} -index {NAND2} -in [gi::getWindows 2]
[06:04:35.27] /i gi::setCurrentIndex {cells} -index {NAND2_2} -in [gi::getWindows 2]
[06:04:35.27] /i gi::setItemSelection {cells} -index {NAND2_2} -in [gi::getWindows 2]
[06:04:36.02] /i gi::setCurrentIndex {cells} -index {NAND2} -in [gi::getWindows 2]
[06:04:36.02] /i gi::setItemSelection {cells} -index {NAND2} -in [gi::getWindows 2]
[06:04:36.35] /i gi::setCurrentIndex {cells} -index {FA_1bit_tb} -in [gi::getWindows 2]
[06:04:36.36] /i gi::setItemSelection {cells} -index {FA_1bit_tb} -in [gi::getWindows 2]
[06:04:37.58] /i gi::setCurrentIndex {cells} -index {NAND2_tb_2} -in [gi::getWindows 2]
[06:04:37.58] /i gi::setItemSelection {cells} -index {NAND2_tb_2} -in [gi::getWindows 2]
[06:04:37.94] /i gi::setCurrentIndex {cells} -index {NAND2_2} -in [gi::getWindows 2]
[06:04:37.94] /i gi::setItemSelection {cells} -index {NAND2_2} -in [gi::getWindows 2]
[06:04:38.30] /i gi::setCurrentIndex {cells} -index {NAND2_tb} -in [gi::getWindows 2]
[06:04:38.30] /i gi::setItemSelection {cells} -index {NAND2_tb} -in [gi::getWindows 2]
[06:04:38.75] /i gi::setCurrentIndex {cells} -index {CMOS_LAB3} -in [gi::getWindows 2]
[06:04:38.75] /i gi::setItemSelection {cells} -index {CMOS_LAB3} -in [gi::getWindows 2]
[06:04:39.08] /i gi::setCurrentIndex {cells} -index {NAND2} -in [gi::getWindows 2]
[06:04:39.08] /i gi::setItemSelection {cells} -index {NAND2} -in [gi::getWindows 2]
[06:04:39.61] /i gi::setCurrentIndex {cells} -index {NAND2_tb_2} -in [gi::getWindows 2]
[06:04:39.61] /i gi::setItemSelection {cells} -index {NAND2_tb_2} -in [gi::getWindows 2]
[06:04:39.90] /i gi::setCurrentIndex {cells} -index {full_adder} -in [gi::getWindows 2]
[06:04:39.90] /i gi::setItemSelection {cells} -index {full_adder} -in [gi::getWindows 2]
[06:04:40.57] /i gi::setCurrentIndex {views} -index {symbol} -in [gi::getWindows 2]
[06:04:40.57] /i gi::setItemSelection {views} -index {symbol} -in [gi::getWindows 2]
[06:04:41.25] /i gi::setCurrentIndex {views} -index {schematic} -in [gi::getWindows 2]
[06:04:41.25] /i gi::setItemSelection {views} -index {schematic} -in [gi::getWindows 2]
[06:04:41.53] /i gi::setCurrentIndex {views} -index {layout} -in [gi::getWindows 2]
[06:04:41.53] /i gi::setItemSelection {views} -index {layout} -in [gi::getWindows 2]
[06:04:41.70] /i gi::executeAction dmOpen -in [gi::getWindows 2]
[06:04:41.74] /r giWindowId 15
[06:04:41.75] /r giWindowGeometry 1632x912
[06:04:41.78] /# de::setActiveLPP [de::getLPPs "exclude blockage" -from [db::getAttr editDesign -of [de::getContexts -window 15]]]
[06:04:46.67] /i gi::setField {stopLevel} -value {3} -in [gi::getToolbars {leHierarchy} -from [gi::getWindows 15]]
[06:04:47.28] /# gi::executeAction deSelectActive -in [gi::getWindows 15]
[06:04:47.28] /i de::deselectAllLogic -context [db::getNext [de::getContexts -window 15]]
[06:04:48.02] /# gi::executeAction deSelectActive -in [gi::getWindows 15]
[06:04:48.02] /i de::deselectAll [db::getNext [de::getContexts -window 15]]
[06:04:48.02] /i de::select [de::getActiveFigure [gi::getWindows 15] -point {13.323 26.522} -index 0 -intent none]
[06:04:48.02] /o oa:0x23965920
[06:04:48.85] /# gi::executeAction deSelectActive -in [gi::getWindows 15]
[06:04:48.85] /i de::deselectAll [db::getNext [de::getContexts -window 15]]
[06:04:48.86] /i de::select [de::getActiveFigure [gi::getWindows 15] -point {13.421 26.294} -index 0 -intent none]
[06:04:48.86] /o oa:0x248061a0
[06:04:53.75] /i gi::executeAction deSaveDesign -in [gi::getWindows 15]
[06:04:53.75] /m Information: Saving design 'inverter full_adder layout'. (DESIGN_WINDOW-004)
[06:04:54.77] /# gi::executeAction xtDRCRun -in [gi::getWindows 15]
[06:04:54.77] /i xt::physicalVerification::executeRun drc 15
[06:04:55.03] /# xt::physicalVerification::executePve drc 15
[06:04:55.04] /e Error: xtDRCHerculesRunsetFile: preference value is empty in '/home/itsupport/Desktop/lab1vlsi/synopsys_custom/full_adder.hercules.drc_pve' scope.
[06:04:55.44] /i gi::setActiveDialog [gi::getDialogs {xtDRCSetup} -parent [gi::getWindows 15]]
[06:04:55.70] /i db::setAttr geometry -of [gi::getDialogs {xtDRCSetup} -parent [gi::getWindows 15]] -value 475x427+865+387
[06:04:57.32] /i gi::pressButton {/tabGroup/mainTab/runDir/browseButton} -in [gi::getDialogs {xtDRCSetup} -parent [gi::getWindows 15]]
[06:05:00.74] /r giFileDialog accept .
[06:05:01.95] /i gi::pressButton {/tabGroup/mainTab/jobParametersGroup/runsetFile/browseButton} -in [gi::getDialogs {xtDRCSetup} -parent [gi::getWindows 15]]
[06:05:10.65] /r giFileDialog accept PDK/hercules/drc/reference_drc.ev
[06:05:12.06] /i gi::pressButton {/apply} -in [gi::getDialogs {xtDRCSetup} -parent [gi::getWindows 15]]
[06:05:12.07] /# gi::setActiveTab {/tabGroup} -tabName {/tabGroup/customOptionsTab} -in [gi::getDialogs {xtDRCSetup} -parent [gi::getWindows 15]]
[06:05:12.07] /e Error: The requested action could not be completed because one or more inputs are incomplete or invalid. (CUSTOM_WIDGETS-001)
[06:05:13.20] /i gi::setField {/tabGroup/customOptionsTab/layerMapFile/entryField} -value {/remote/dept-seg-cae2/FTK/agarwals/PERFORCE/IPL/reference/90nm/techfiles/reference90RF_layer.map} -in [gi::getDialogs {xtDRCSetup} -parent [gi::getWindows 15]]
[06:05:13.27] /i gi::pressButton {/tabGroup/customOptionsTab/layerMapFile/browseButton} -in [gi::getDialogs {xtDRCSetup} -parent [gi::getWindows 15]]
[06:05:25.28] /r giFileDialog accept PDK/techfiles/reference90RF_layer.map
[06:05:26.14] /i gi::pressButton {/apply} -in [gi::getDialogs {xtDRCSetup} -parent [gi::getWindows 15]]
[06:05:26.77] /# xt::physicalVerification::executePve drc 15
[06:05:27.71] /r giWindowId 16
[06:05:27.72] /r giWindowGeometry 800x600
[06:05:29.51] /m Information: 
              /c =============================
              /c JobID: hercules_drc_479
              /c Completed with no errors.
              /c =============================
              /c 
[06:05:31.33] /i gi::closeWindows [gi::getDialogs {xtDRCSetup} -parent [gi::getWindows 15]]
[06:05:32.22] /i gi::executeAction giCloseWindow -in [gi::getWindows 16]
[06:05:32.24] /i gi::setActiveWindow 15
[06:05:32.24] /i gi::setActiveWindow 15 -raise true
[06:05:33.24] /# gi::executeAction xtLVSRun -in [gi::getWindows 15]
[06:05:33.24] /i xt::physicalVerification::executeRun lvs 15
[06:05:33.51] /# xt::physicalVerification::executePve lvs 15
[06:05:34.54] /m Information: "Starting netlisting for design "inverter/full_adder/schematic"..." (NETLISTING-010)
[06:05:34.57] /m Information: 
[06:05:34.57] /o Checking "inverter/full_adder/schematic"
[06:05:34.57] /o No rule violations found in "inverter/full_adder/schematic"
[06:05:34.57] /o No Design Integrity rule violations found in "inverter/full_adder/schematic"
[06:05:34.63] /m Information: "Netlisting design "inverter/full_adder/schematic" finished successfully." (NETLISTING-012)
[06:05:34.81] /r giWindowId 17
[06:05:34.82] /r giWindowGeometry 800x600
[06:05:37.70] /m Information: 
              /c =============================
              /c JobID: hercules_lvs_37
              /c Completed with no errors.
              /c =============================
              /c 
[06:05:39.15] /i gi::setActiveWindow 15
[06:05:39.15] /i gi::setActiveWindow 15 -raise true
[06:05:40.16] /# gi::executeAction xtLPERun -in [gi::getWindows 15]
[06:05:40.16] /i xt::physicalVerification::executeRun lpe 15
[06:05:40.42] /# xt::physicalVerification::executePve lpe 15
[06:05:40.43] /e Error: xtLPEStarOutputRunset: preference value is empty in '/home/itsupport/Desktop/lab1vlsi/synopsys_custom/full_adder.starrc.lpe_pve' scope.
[06:05:40.94] /i gi::setActiveDialog [gi::getDialogs {xtLPESetup} -parent [gi::getWindows 15]]
[06:05:41.21] /i db::setAttr geometry -of [gi::getDialogs {xtLPESetup} -parent [gi::getWindows 15]] -value 487x659+830+166
[06:05:43.34] /i gi::pressButton {/apply} -in [gi::getDialogs {xtLPESetup} -parent [gi::getWindows 15]]
[06:05:43.35] /# gi::setActiveTab {/tabGroup} -tabName {/tabGroup/extractionOptionsTab} -in [gi::getDialogs {xtLPESetup} -parent [gi::getWindows 15]]
[06:05:43.35] /e Error: The requested action could not be completed because one or more inputs are incomplete or invalid. (CUSTOM_WIDGETS-001)
[06:05:44.57] /i gi::pressButton {/apply} -in [gi::getDialogs {xtLPESetup} -parent [gi::getWindows 15]]
[06:05:44.58] /e Error: The requested action could not be completed because one or more inputs are incomplete or invalid. (CUSTOM_WIDGETS-001)
[06:05:44.96] /i gi::pressButton {/apply} -in [gi::getDialogs {xtLPESetup} -parent [gi::getWindows 15]]
[06:05:44.97] /e Error: The requested action could not be completed because one or more inputs are incomplete or invalid. (CUSTOM_WIDGETS-001)
[06:05:45.84] /i gi::pressButton {/tabGroup/extractionOptionsTab/layoutExtractionGroup/mappingFile/browseButton} -in [gi::getDialogs {xtLPESetup} -parent [gi::getWindows 15]]
[06:05:46.81] /r giFileDialog reject .
[06:05:47.55] /i gi::setActiveTab {/tabGroup} -tabName {/tabGroup/mainTab} -in [gi::getDialogs {xtLPESetup} -parent [gi::getWindows 15]]
[06:05:48.51] /i gi::pressButton {/tabGroup/mainTab/runDir/browseButton} -in [gi::getDialogs {xtLPESetup} -parent [gi::getWindows 15]]
[06:05:52.54] /r giFileDialog accept .
[06:05:53.98] /i gi::pressButton {/tabGroup/mainTab/jobParametersGroup/runsetFile/browseButton} -in [gi::getDialogs {xtLPESetup} -parent [gi::getWindows 15]]
[06:05:54.29] /m Information: Stopped sharing "Custom WaveView" license. (WAVEFORM-111)
[06:06:01.58] /r giFileDialog accept PDK/starrc/star_herc_cmd
[06:06:02.14] /i gi::setActiveTab {/tabGroup} -tabName {/tabGroup/extractionOptionsTab} -in [gi::getDialogs {xtLPESetup} -parent [gi::getWindows 15]]
[06:06:04.94] /i gi::pressButton {/tabGroup/extractionOptionsTab/layoutExtractionGroup/milkywayDatabase/browseButton} -in [gi::getDialogs {xtLPESetup} -parent [gi::getWindows 15]]
[06:06:09.95] /r giFileDialog accept EXTRACT_VIEW
[06:06:10.75] /i gi::pressButton {/apply} -in [gi::getDialogs {xtLPESetup} -parent [gi::getWindows 15]]
[06:06:11.27] /# xt::physicalVerification::executePve lpe 15
[06:06:11.31] /w Warning: Failed to copy '/home/itsupport/Desktop/lab1vlsi/synopsys_custom/.lib_3213_7f0100.defs' to '/home/itsupport/Desktop/lab1vlsi/lib.defs': copy would overwrite top library definitions file.
[06:06:11.39] /i gi::pressButton {/ok} -in [gi::getDialogs {xtLPESetup} -parent [gi::getWindows 15]]
[06:06:11.88] /# xt::physicalVerification::executePve lpe 15
[06:06:11.95] /w Warning: Failed to copy '/home/itsupport/Desktop/lab1vlsi/synopsys_custom/.lib_3213_7f0100.defs' to '/home/itsupport/Desktop/lab1vlsi/lib.defs': copy would overwrite top library definitions file.
[06:06:12.03] /r giWindowId 18
[06:06:12.05] /r giWindowGeometry 800x600
[06:06:12.18] /i gi::setActiveTab {tabs} -tabName {stdout.lpe.log} -in [gi::getWindows 18]
[06:06:12.18] /i gi::setActiveTab {tabs} -tabName {stdout.lpe.log} -in [gi::getWindows 18]
[06:06:12.19] /i gi::setActiveTab {tabs} -tabName {stdout.lpe.log} -in [gi::getWindows 18]
[06:06:12.19] /i gi::setActiveTab {tabs} -tabName {stdout.lpe.log} -in [gi::getWindows 18]
[06:06:15.50] /m Information: 
              /c =============================
              /c JobID: starrc_lpe_22
              /c Completed with no errors.
              /c =============================
              /c 
[06:06:15.59] /r giWindowId 19
[06:06:15.61] /r giWindowGeometry 1632x912
[06:06:15.64] /i de::setActiveLPP [de::getLPPs "exclude blockage" -from [db::getAttr editDesign -of [de::getContexts -window 19]]]
[06:06:21.03] /i gi::pressButton {ConsoleToggleButton} -in [db::getAttr statusbar -of [gi::getWindows 19]]
[06:06:27.77] /i db::setAttr shown -of [gi::getAssistants giConsole -from [gi::getWindows 19]] -value false
[06:06:28.91] /i gi::executeAction giCloseWindow -in [gi::getWindows 19]
[06:06:28.96] /i gi::setActiveWindow 18
[06:06:28.96] /i gi::setActiveWindow 18 -raise true
[06:06:29.98] /i gi::executeAction giCloseWindow -in [gi::getWindows 17]
[06:06:30.78] /i gi::executeAction giCloseWindow -in [gi::getWindows 18]
[06:06:30.82] /i gi::setActiveWindow 15
[06:06:30.82] /i gi::setActiveWindow 15 -raise true
[06:06:31.73] /i gi::setActiveWindow 11
[06:06:31.73] /i gi::setActiveWindow 11 -raise true
[06:06:35.05] /i gi::executeAction giCloseWindow -in [gi::getWindows 11]
[06:06:35.09] /i gi::setActiveWindow 15
[06:06:35.09] /i gi::setActiveWindow 15 -raise true
[06:06:35.77] /i gi::executeAction giCloseWindow -in [gi::getWindows 12]
[06:06:35.80] /i gi::setActiveWindow 12
[06:06:35.80] /i gi::setActiveWindow 12 -raise true
[06:06:35.88] /r giDialog gi::setActiveDialog [gi::getDialogs {giPrompt} -parent [gi::getWindows 12]]
[06:06:36.17] /r giDialog db::setAttr geometry -of [gi::getDialogs {giPrompt} -parent [gi::getWindows 12]] -value 292x82+814+513
[06:06:37.60] /r giDialog gi::pressButton {discard} -in [gi::getDialogs {giPrompt} -parent [gi::getWindows 12]]
[06:06:37.63] /i gi::setActiveWindow 15
[06:06:37.63] /i gi::setActiveWindow 15 -raise true
[06:06:38.80] /m Information: 
              /c =============================
              /c JobID: starrc_lpe_21
              /c Completed with no errors.
              /c =============================
              /c 
[06:06:38.86] /r giWindowId 20
[06:06:38.86] /r giWindowGeometry 1632x912
[06:06:38.89] /i de::setActiveLPP [de::getLPPs "exclude blockage" -from [db::getAttr editDesign -of [de::getContexts -window 20]]]
[06:06:40.29] /i gi::setActiveWindow 15
[06:06:40.29] /i gi::setActiveWindow 15 -raise true
[06:06:40.84] /i gi::executeAction giCloseWindow -in [gi::getWindows 15]
[06:06:40.88] /i gi::setActiveWindow 20
[06:06:40.88] /i gi::setActiveWindow 20 -raise true
[06:06:42.52] /i gi::executeAction giCloseWindow -in [gi::getWindows 20]
[06:06:42.54] /i gi::setActiveWindow 2
[06:06:42.54] /i gi::setActiveWindow 2 -raise true
[06:06:44.17] /i gi::setCurrentIndex {cells} -index {CMOS_LAB3} -in [gi::getWindows 2]
[06:06:44.17] /i gi::setItemSelection {cells} -index {CMOS_LAB3} -in [gi::getWindows 2]
[06:06:44.65] /i gi::setCurrentIndex {cells} -index {FA_1bit_tb} -in [gi::getWindows 2]
[06:06:44.65] /i gi::setItemSelection {cells} -index {FA_1bit_tb} -in [gi::getWindows 2]
[06:06:44.91] /i gi::setCurrentIndex {cells} -index {NAND2_2} -in [gi::getWindows 2]
[06:06:44.91] /i gi::setItemSelection {cells} -index {NAND2_2} -in [gi::getWindows 2]
[06:06:45.14] /i gi::setCurrentIndex {cells} -index {full_adder} -in [gi::getWindows 2]
[06:06:45.14] /i gi::setItemSelection {cells} -index {full_adder} -in [gi::getWindows 2]
[06:06:45.91] /i gi::setCurrentIndex {views} -index {schematic} -in [gi::getWindows 2]
[06:06:45.92] /i gi::setItemSelection {views} -index {schematic} -in [gi::getWindows 2]
[06:06:47.00] /i gi::setCurrentIndex {views} -index {starrc} -in [gi::getWindows 2]
[06:06:47.00] /i gi::setItemSelection {views} -index {starrc} -in [gi::getWindows 2]
[06:06:47.30] /i gi::setCurrentIndex {views} -index {symbol} -in [gi::getWindows 2]
[06:06:47.30] /i gi::setItemSelection {views} -index {symbol} -in [gi::getWindows 2]
[06:06:48.08] /i gi::setCurrentIndex {cells} -index {FA_1bit_tb} -in [gi::getWindows 2]
[06:06:48.09] /i gi::setItemSelection {cells} -index {FA_1bit_tb} -in [gi::getWindows 2]
[06:06:48.69] /i gi::setCurrentIndex {views} -index {config} -in [gi::getWindows 2]
[06:06:48.69] /i gi::setItemSelection {views} -index {config} -in [gi::getWindows 2]
[06:06:51.07] /i gi::executeAction dmOpenConfigDesignWrite -in [gi::getWindows 2]
[06:06:51.11] /r giWindowId 21
[06:06:51.11] /r giWindowGeometry 1632x912
[06:06:51.30] /o "inverter/FA_1bit_tb/schematic" design does not need checking
[06:06:53.09] /# gi::executeAction dmShowNewCellView -in [gi::getWindows 21]
[06:06:53.09] /i dm::showNewCellView -parent 21
[06:06:53.51] /o oa:0x25b5ddc0
[06:06:53.54] /i gi::setActiveDialog [gi::getDialogs {dmNewCellView}]
[06:06:53.79] /i db::setAttr geometry -of [gi::getDialogs {dmNewCellView}] -value 588x285+656+353
[06:06:55.10] /i gi::closeWindows [gi::getDialogs {dmNewCellView}]
[06:06:57.32] /# gi::executeAction deCanvasZoomInAtPoint -in [gi::getWindows 21]
[06:06:57.32] /i de::zoom -window [gi::getWindows 21] -factor 2.0 -center {6.96875 3.01875}
[06:06:57.32] /o {3.5125 1.5125} {7.9125 3.6}
[06:06:57.36] /# gi::executeAction deCanvasZoomInAtPoint -in [gi::getWindows 21]
[06:06:57.36] /i de::zoom -window [gi::getWindows 21] -factor 2.0 -center {6.96875 3.01875}
[06:06:57.36] /o {5.2375 2.2625} {7.44375 3.3125}
[06:06:57.79] /i gi::executeAction deCanvasDragCancel -in [gi::getWindows 21]
[06:06:57.93] /# gi::executeAction deCanvasZoomOutAtPoint -in [gi::getWindows 21]
[06:06:57.93] /i de::zoom -window [gi::getWindows 21] -factor 0.5 -center {6.75 3.1375}
[06:06:57.93] /o {3.73125 1.39375} {8.13125 3.48125}
[06:06:58.00] /# gi::executeAction deCanvasZoomOutAtPoint -in [gi::getWindows 21]
[06:06:58.00] /i de::zoom -window [gi::getWindows 21] -factor 0.5 -center {6.74375 3.13125}
[06:06:58.00] /o {0.71875 -0.34375} {9.51875 3.83125}
[06:06:58.89] /# gi::executeAction deSelectActive -in [gi::getWindows 21]
[06:06:58.89] /i de::deselectAll [db::getNext [de::getContexts -window 21]]
[06:06:58.89] /i de::select [de::getActiveFigure [gi::getWindows 21] -point {6.90625 3.43125} -index 0 -intent none]
[06:06:58.89] /o oa:0x26306a20
[06:06:59.45] /# gi::executeAction seDelete -in [gi::getWindows 21]
[06:06:59.46] /i ise::delete
[06:06:59.64] /# gi::executeAction deSelectActive -in [gi::getWindows 21]
[06:06:59.64] /i de::deselectAllLogic -context [db::getNext [de::getContexts -window 21]]
[06:06:59.82] /# gi::executeAction deDescend -in [gi::getWindows 21]
[06:06:59.82] /i ide::descend 21 -inPlace false -promptView false -readOnly auto
[06:06:59.99] /# gi::executeAction deAddPoint -in [gi::getWindows 21]
[06:06:59.99] /i de::addPoint {6.25625 3.13125} -context [db::getNext [de::getContexts -window 21]]
[06:07:00.11] /# Navigating to inverter/2cmos/schematic (I32)
[06:07:00.23] /# gi::executeAction deSelectActive -in [gi::getWindows 21]
[06:07:00.23] /i de::deselectAllLogic -context [db::getNext [de::getContexts -window 21]]
[06:07:00.23] /# gi::executeAction seDelete -in [gi::getWindows 21]
[06:07:00.23] /i ise::delete
[06:07:02.74] /# gi::executeAction deReturnToTop -in [gi::getWindows 21]
[06:07:02.74] /i de::return [db::getNext [de::getContexts -window 21]] -levels -1
[06:07:02.74] /# Navigating to inverter/FA_1bit_tb/schematic
[06:07:02.99] /o oa:0x25194be0
[06:07:03.58] /i gi::executeAction deCanvasDragCancel -in [gi::getWindows 21]
[06:07:04.11] /# gi::executeAction deSelectActive -in [gi::getWindows 21]
[06:07:04.11] /i de::deselectAll [db::getNext [de::getContexts -window 21]]
[06:07:04.11] /i de::select [de::getActiveFigure [gi::getWindows 21] -point {6.425 3.375} -index 0 -intent none]
[06:07:04.11] /o oa:0x235ba3b0
[06:07:04.44] /# gi::executeAction seDelete -in [gi::getWindows 21]
[06:07:04.44] /i ise::delete
[06:07:04.79] /# gi::executeAction deSelectActive -in [gi::getWindows 21]
[06:07:04.79] /i de::deselectAllLogic -context [db::getNext [de::getContexts -window 21]]
[06:07:06.30] /# gi::executeAction deSelectActive -in [gi::getWindows 21]
[06:07:06.30] /i de::deselectAll [db::getNext [de::getContexts -window 21]]
[06:07:06.30] /i de::select [de::getActiveFigure [gi::getWindows 21] -point {6.625 3.38125} -index 0 -intent none]
[06:07:06.30] /o oa:0x244a5e40
[06:07:06.81] /# gi::executeAction seDelete -in [gi::getWindows 21]
[06:07:06.81] /i ise::delete
[06:07:07.41] /# gi::executeAction deAbortCommand -in [gi::getWindows 21]
[06:07:07.41] /i de::abortCommand -context [db::getNext [de::getContexts -window 21]]
[06:07:09.73] /# gi::executeAction seSchCreateWire -in [gi::getWindows 21]
[06:07:09.73] /i ise::createWire
[06:07:10.79] /# gi::executeAction deAddPoint -in [gi::getWindows 21]
[06:07:10.79] /i de::addPoint {7.4125 3.40625} -context [db::getNext [de::getContexts -window 21]]
[06:07:10.81] /i de::setCursor -point {7.375 3.4375 }
[06:07:11.94] /# gi::executeAction deAddPoint -in [gi::getWindows 21]
[06:07:11.94] /i de::addPoint {5.91875 3.425} -context [db::getNext [de::getContexts -window 21]]
[06:07:12.19] /# gi::executeAction deAbortCommand -in [gi::getWindows 21]
[06:07:12.19] /i de::abortCommand -context [db::getNext [de::getContexts -window 21]]
[06:07:12.28] /# gi::executeAction deCanvasZoomInAtPoint -in [gi::getWindows 21]
[06:07:12.28] /i de::zoom -window [gi::getWindows 21] -factor 2.0 -center {6.45625 3.50625}
[06:07:12.28] /o {3.5875 1.58125} {7.9875 3.66875}
[06:07:13.06] /# gi::executeAction deSelectActive -in [gi::getWindows 21]
[06:07:13.06] /i de::deselectAll [db::getNext [de::getContexts -window 21]]
[06:07:13.06] /i de::select [de::getActiveFigure [gi::getWindows 21] -point {6.63125 3.425} -index 0 -intent none]
[06:07:13.06] /o oa:0x252901b0
[06:07:13.76] /# gi::executeAction seDelete -in [gi::getWindows 21]
[06:07:13.76] /i ise::delete
[06:07:14.01] /# gi::executeAction deCanvasZoomInAtPoint -in [gi::getWindows 21]
[06:07:14.01] /i de::zoom -window [gi::getWindows 21] -factor 2.0 -center {6.63125 3.4125}
[06:07:14.01] /o {5.10625 2.49375} {7.3125 3.54375}
[06:07:14.46] /# gi::executeAction deAddPoint -in [gi::getWindows 21]
[06:07:14.46] /i de::addPoint {6.625 3.3875} -context [db::getNext [de::getContexts -window 21]]
[06:07:14.51] /# gi::executeAction seDelete -in [gi::getWindows 21]
[06:07:14.51] /i ise::delete
[06:07:15.67] /# gi::executeAction deAbortCommand -in [gi::getWindows 21]
[06:07:15.67] /i de::abortCommand -context [db::getNext [de::getContexts -window 21]]
[06:07:16.02] /# gi::executeAction deSelectActive -in [gi::getWindows 21]
[06:07:16.02] /i de::deselectAll [db::getNext [de::getContexts -window 21]]
[06:07:16.02] /i de::select [de::getActiveFigure [gi::getWindows 21] -point {6.6875 3.4875} -index 0 -intent none]
[06:07:16.02] /o oa:0x1f5fb760
[06:07:16.54] /# gi::executeAction seButton1DragStart -in [gi::getWindows 21]
[06:07:16.55] /i ise::stretch -point {6.6875 3.5}
[06:07:17.02] /# gi::executeAction deEndDrag -in [gi::getWindows 21]
[06:07:17.02] /i de::endDrag {6.7 3.45625} -context [db::getNext [de::getContexts -window 21]]
[06:07:17.28] /# gi::executeAction deSelectActive -in [gi::getWindows 21]
[06:07:17.28] /i de::deselectAll [db::getNext [de::getContexts -window 21]]
[06:07:17.28] /i de::deselectAllLogic -context [db::getNext [de::getContexts -window 21]]
[06:07:41.33] /# gi::executeAction deCanvasZoomOutAtPoint -in [gi::getWindows 21]
[06:07:41.33] /i de::zoom -window [gi::getWindows 21] -factor 0.5 -center {6.05 3.1375}
[06:07:41.33] /o {4.16875 1.85625} {8.56875 3.94375}
[06:07:41.35] /# gi::executeAction deCanvasZoomOutAtPoint -in [gi::getWindows 21]
[06:07:41.35] /i de::zoom -window [gi::getWindows 21] -factor 0.5 -center {6.05625 3.1375}
[06:07:41.35] /o {2.28125 0.575} {11.08125 4.75}
[06:07:41.36] /# gi::executeAction deCanvasZoomOutAtPoint -in [gi::getWindows 21]
[06:07:41.36] /i de::zoom -window [gi::getWindows 21] -factor 0.5 -center {6.05 3.125}
[06:07:41.36] /o {-1.49375 -1.975} {16.11875 6.375}
[06:07:41.38] /# gi::executeAction deCanvasZoomOutAtPoint -in [gi::getWindows 21]
[06:07:41.38] /i de::zoom -window [gi::getWindows 21] -factor 0.5 -center {6.05 3.125}
[06:07:41.38] /o {-9.0375 -7.075} {26.1875 9.625}
[06:07:41.78] /# gi::executeAction deCanvasZoomInAtPoint -in [gi::getWindows 21]
[06:07:41.78] /i de::zoom -window [gi::getWindows 21] -factor 2.0 -center {6.7 2.65625}
[06:07:41.78] /o {-1.16875 -2.2125} {16.44375 6.14375}
[06:07:43.80] /# gi::executeAction deCanvasZoomInAtPoint -in [gi::getWindows 21]
[06:07:43.80] /i de::zoom -window [gi::getWindows 21] -factor 2.0 -center {7.9875 4.2125}
[06:07:43.81] /o {3.4125 1.0} {12.2125 5.175}
[06:07:46.12] /# gi::executeAction deSelectActive -in [gi::getWindows 21]
[06:07:46.12] /i de::deselectAll [db::getNext [de::getContexts -window 21]]
[06:07:46.12] /i de::select [de::getActiveFigure [gi::getWindows 21] -point {8.34375 2.675} -index 0 -intent none]
[06:07:46.12] /o oa:0x265c93a0
[06:07:47.11] /i gi::setItemSelection {attributes} -index {text,all} -in [gi::getAssistants dePropertyEditor -from [gi::getWindows 21]]
[06:07:47.11] /i gi::setCurrentIndex {attributes} -index {text,Value} -in [gi::getAssistants dePropertyEditor -from [gi::getWindows 21]]
[06:07:48.17] /i gi::setField {attributes} -value {S} -index {text,Value} -in [gi::getAssistants dePropertyEditor -from [gi::getWindows 21]]
[06:07:48.17] /i gi::executeAction dePropertyEditorApplyChanges -in [gi::getAssistants dePropertyEditor -from [gi::getWindows 21]]
[06:07:51.30] /# gi::executeAction seShowConsoleForWindow -in [gi::getWindows 21]
[06:07:51.30] /i sa::showConsole -context [db::getNext [de::getContexts -window 21]]
[06:07:51.33] /r giWindowId 22
[06:07:51.34] /r giWindowGeometry 600x500
[06:07:51.41] /o oa:0x1eb47960
[06:07:51.44] /m Information: Launching Background sae_shell Server Process "cd /home/itsupport/Desktop/lab1vlsi && sae_shell -log sae_shell_session6_job1 -libDefFile /home/itsupport/Desktop/lab1vlsi/lib.defs"
[06:07:54.51] /i gi::executeAction menuPreShow -in [gi::getWindows 22]
[06:07:54.51] /r giMenuAccess db::getNext [gi::getMenus saConsoleSetupMenu -from [gi::getWindows 22]]
[06:07:55.20] /m Information: Received ready-for-commands signal from background job 'sae_shell_session6_job1' after 4 seconds.
[06:07:55.43] /# gi::executeAction saShowEditAnalyses -in [gi::getWindows 22]
[06:07:55.43] /i sa::showEditAnalyses -parent 22 -analysisName "" 
[06:07:55.79] /o oa:0x23adfae0
[06:07:55.85] /i gi::setActiveDialog [gi::getDialogs {saEditAnalysesDialogXsaeSession3} -parent [gi::getWindows 22]]
[06:07:56.11] /i db::setAttr geometry -of [gi::getDialogs {saEditAnalysesDialogXsaeSession3} -parent [gi::getWindows 22]] -value 633x680+762+362
[06:07:59.21] /i gi::setField {/analysesGroups/tabGeneral/anaPane/step} -value {20p} -in [gi::getDialogs {saEditAnalysesDialogXsaeSession3} -parent [gi::getWindows 22]]
[06:08:01.52] /i gi::setField {/analysesGroups/tabGeneral/anaPane/stop} -value {20n} -in [gi::getDialogs {saEditAnalysesDialogXsaeSession3} -parent [gi::getWindows 22]]
[06:08:01.62] /i gi::pressButton {/apply} -in [gi::getDialogs {saEditAnalysesDialogXsaeSession3} -parent [gi::getWindows 22]]
[06:08:01.66] /o tran
[06:08:02.04] /i gi::pressButton {/ok} -in [gi::getDialogs {saEditAnalysesDialogXsaeSession3} -parent [gi::getWindows 22]]
[06:08:03.37] /i gi::executeAction menuPreShow -in [gi::getWindows 22]
[06:08:03.37] /r giMenuAccess db::getNext [gi::getMenus saConsoleSetupMenu -from [gi::getWindows 22]]
[06:08:04.61] /# gi::executeAction saEditModels -in [gi::getWindows 22]
[06:08:04.61] /i sa::showModelFiles -parent 22
[06:08:04.82] /i gi::setActiveDialog [gi::getDialogs {saModelFilesSetup} -parent [gi::getWindows 22]]
[06:08:05.10] /i db::setAttr geometry -of [gi::getDialogs {saModelFilesSetup} -parent [gi::getWindows 22]] -value 760x500+728+238
[06:08:05.85] /i gi::pressButton {PathSelectorBrowse} -in [gi::getDialogs {saModelFilesSetup} -parent [gi::getWindows 22]]
[06:08:08.38] /r giFileDialog accept .
[06:08:09.68] /i gi::setCurrentIndex {modelFilesTable} -index {0,1} -in [gi::getDialogs {saModelFilesSetup} -parent [gi::getWindows 22]]
[06:08:14.06] /r giFileDialog accept PDK/hspice/reference_models.inc
[06:08:14.06] /i gi::setField {modelFilesTable} -index {0,1} -value {/home/itsupport/Desktop/lab1vlsi/PDK/hspice/reference_models.inc} -in [gi::getDialogs {saModelFilesSetup} -parent [gi::getWindows 22]]
[06:08:14.07] /i gi::setField {modelFilesTable} -index {0,1} -value {PDK/hspice/reference_models.inc} -in [gi::getDialogs {saModelFilesSetup} -parent [gi::getWindows 22]]
[06:08:14.55] /i gi::setField {PathSelector} -value {/home/itsupport/Desktop/lab1vlsi} -in [gi::getDialogs {saModelFilesSetup} -parent [gi::getWindows 22]]
[06:08:14.64] /i gi::pressButton {apply} -in [gi::getDialogs {saModelFilesSetup} -parent [gi::getWindows 22]]
[06:08:15.16] /i gi::pressButton {ok} -in [gi::getDialogs {saModelFilesSetup} -parent [gi::getWindows 22]]
[06:08:16.15] /i gi::executeAction menuPreShow -in [gi::getWindows 22]
[06:08:16.15] /r giMenuAccess db::getNext [gi::getMenus saConsoleSimMenu -from [gi::getWindows 22]]
[06:08:17.06] /i gi::executeAction menuPreShow -in [gi::getWindows 22]
[06:08:17.06] /r giMenuAccess db::getNext [gi::getMenus saConsoleOutputsMenu -from [gi::getWindows 22]]
[06:08:17.91] /# gi::executeAction saSelectInDesign -in [gi::getWindows 22]
[06:08:17.91] /i sa::selectOutputs -window 22
[06:08:18.56] /# gi::executeAction deCanvasZoomOutAtPoint -in [gi::getWindows 21]
[06:08:18.56] /i de::zoom -window [gi::getWindows 21] -factor 0.5 -center {4.10625 3.08125}
[06:08:18.56] /o {2.7125 -1.08125} {20.325 7.275}
[06:08:19.52] /# gi::executeAction deFitEdit -in [gi::getWindows 21]
[06:08:19.52] /i de::fit -window 21 -fitEdit true
[06:08:19.52] /o {0.05625 -0.18125} {8.85625 3.99375}
[06:08:20.59] /# gi::executeAction deAddPoint -in [gi::getWindows 21]
[06:08:20.59] /i de::addPoint {2.30625 2.80625} -context [db::getNext [de::getContexts -window 21]]
[06:08:21.67] /# gi::executeAction deAddPoint -in [gi::getWindows 21]
[06:08:21.67] /i de::addPoint {2.2625 2.69375} -context [db::getNext [de::getContexts -window 21]]
[06:08:23.07] /# gi::executeAction deAddPoint -in [gi::getWindows 21]
[06:08:23.07] /i de::addPoint {2.7 2.4875} -context [db::getNext [de::getContexts -window 21]]
[06:08:24.09] /# gi::executeAction deAddPoint -in [gi::getWindows 21]
[06:08:24.09] /i de::addPoint {7.06875 3.44375} -context [db::getNext [de::getContexts -window 21]]
[06:08:24.88] /# gi::executeAction deAddPoint -in [gi::getWindows 21]
[06:08:24.88] /i de::addPoint {7.26875 2.1375} -context [db::getNext [de::getContexts -window 21]]
[06:08:25.57] /i gi::setActiveWindow 22
[06:08:25.57] /i gi::setActiveWindow 22 -raise true
[06:08:26.40] /i gi::executeAction menuPreShow -in [gi::getWindows 22]
[06:08:26.40] /r giMenuAccess db::getNext [gi::getMenus saConsoleSimMenu -from [gi::getWindows 22]]
[06:08:27.42] /# gi::executeAction saNetlistAndRun -in [gi::getWindows 22]
[06:08:27.42] /i isa::netlistAndRun -testbench [sa::findActiveTestbench -window 22] -mode overwrite
[06:08:27.52] /r giDialog gi::setActiveDialog [gi::getDialogs {xtShowDesignsPrompt}]
[06:08:27.52] /r giDialog gi::setCurrentIndex {target} -index {0,0} -in [gi::getDialogs {xtShowDesignsPrompt}]
[06:08:27.77] /r giDialog db::setAttr geometry -of [gi::getDialogs {xtShowDesignsPrompt}] -value 649x290+626+350
[06:08:28.45] /r giDialog gi::pressButton {ok} -in [gi::getDialogs {xtShowDesignsPrompt}]
[06:08:28.50] /m Information: 
[06:08:28.50] /o Checking "inverter/FA_1bit_tb/schematic"
[06:08:28.50] /o No rule violations found in "inverter/FA_1bit_tb/schematic"
[06:08:28.50] /o No Design Integrity rule violations found in "inverter/FA_1bit_tb/schematic"
[06:08:28.50] /m Information: Checking process is completed: marking the design violations
[06:08:28.51] /m Information: Marking of designs is completed
[06:08:28.53] /r giWindowId 23
[06:08:28.54] /r giWindowGeometry 800x600
[06:08:28.61] /m Information: "Starting incremental netlisting for design "inverter/FA_1bit_tb/config"..." (NETLISTING-010)
[06:08:28.63] /o No Design Integrity rule violations found in "inverter/FA_1bit_tb/schematic"
[06:08:28.63] /m Information: 
              /c Cross view checking for inverter/full_adder/symbol with inverter/full_adder/starrc
              /c 	[warning] Missing Terminal
              /c 		Terminal vdd! found in starrc is missing in symbol
              /c 	[warning] Missing Terminal
              /c 		Terminal gnd! found in starrc is missing in symbol (DE_EDIT-007)
[06:08:28.63] /w Warning: "Terminal vdd! found in starrc is missing in symbol" (NETLISTING-003)
[06:08:28.63] /w Warning: "Terminal gnd! found in starrc is missing in symbol" (NETLISTING-003)
[06:08:28.67] /m Information: 
              /c Cross view checking for reference90RF/n_4t/ivpcell with reference90RF/n_4t/symbol
              /c 	[warning] Missing Terminal
              /c 		Terminal D found in symbol is missing in ivpcell
              /c 	[warning] Missing Terminal
              /c 		Terminal G found in symbol is missing in ivpcell
              /c 	[warning] Missing Terminal
              /c 		Terminal S found in symbol is missing in ivpcell
              /c 	[warning] Missing Terminal
              /c 		Terminal B found in symbol is missing in ivpcell (DE_EDIT-007)
[06:08:28.67] /w Warning: "Terminal D found in symbol is missing in ivpcell" (NETLISTING-003)
[06:08:28.67] /w Warning: "Terminal G found in symbol is missing in ivpcell" (NETLISTING-003)
[06:08:28.67] /w Warning: "Terminal S found in symbol is missing in ivpcell" (NETLISTING-003)
[06:08:28.67] /w Warning: "Terminal B found in symbol is missing in ivpcell" (NETLISTING-003)
[06:08:28.69] /m Information: 
[06:08:28.69] /o Checking "inverter/CMOS/schematic"
[06:08:28.69] /o No rule violations found in "inverter/CMOS/schematic"
[06:08:28.82] /m Information: "inverter FA_1bit_tb schematic" renetlisted. (NETLISTING-056)
[06:08:28.87] /m Information: "Netlisting design "inverter/FA_1bit_tb/config" finished successfully." (NETLISTING-012)
[06:08:28.88] /m Information: "Composing simulator input file for design "inverter/FA_1bit_tb/config"..."
[06:08:28.91] /m Information: "Simulator input file composed successfully for design "inverter/FA_1bit_tb/config""
[06:08:29.11] /m Information: "Starting HSPICE simulation for design: inverter/FA_1bit_tb/config"
[06:08:29.11] /# gi::collapse {jobMonitorTable} -index {0.0.0.1,0} -in [gi::getWindows 23]
[06:08:29.13] /o 1
[06:08:29.83] /m Information: "Simulation completed successfully for design: inverter/FA_1bit_tb/config "
[06:08:30.10] /m Information: Launching Background sae_shell Server Process "cd /home/itsupport/Desktop/lab1vlsi && sae_shell -log sae_shell_session6_job2 -libDefFile /home/itsupport/Desktop/lab1vlsi/lib.defs"
[06:08:30.12] /m Information: "Evaluating and plotting outputs..."
[06:08:30.13] /m Information: Started sharing "Custom WaveView" license. (WAVEFORM-110)
[06:08:30.15] /m Information: Launching Waveform Viewer "cd /home/itsupport/simulation/inverter,FA_1bit_tb,config/history_1/simulation/default/HSPICE/nominal/results &&  wv -k -cdesigner -spxkey /usr/synopsys/customcompiler/N-2017.12-SP1-2/auxx/waveform/sae.spxkey -spxrc /tmp/sae_spxrc_Iu4CbM -unique_string 01dcb87fed7a5f2f69aa7f613a217c24125e8d2b0833b894ed40d2f5efbf27a2fb0c0fc5bd619066c6025d3c9674617b0b7f5010ba4aacc9 -lic_type 1    > /home/itsupport/simulation/inverter,FA_1bit_tb,config/history_1/simulation/default/HSPICE/nominal/results/viewer.log 2>&1"
[06:08:30.15] /i gi::collapse {jobMonitorTable} -index {0.0,0} -in [gi::getWindows 23]
[06:08:30.61] /m Information: Measurement calculations completed for testbench: default in 0s
[06:08:31.09] /j ::wf::WaveView::plotSuccess WaveView_2 {} {_5e71380_void_pp _5eb9540_void_pp} 
[06:08:31.12] /j ::wf::WaveView::plotSuccess WaveView_2 {} {_5e71380_void_pp _5eb9608_void_pp} 
[06:08:31.15] /j ::wf::WaveView::plotSuccess WaveView_2 {} {_5e71380_void_pp _5eb96d0_void_pp} 
[06:08:31.19] /j ::wf::WaveView::plotSuccess WaveView_2 {} {_5e71380_void_pp _5eb9798_void_pp} 
[06:08:31.24] /j ::wf::WaveView::plotSuccess WaveView_2 {} {_5e71380_void_pp _5eb9860_void_pp} 
[06:08:33.50] /m Information: Received ready-for-commands signal from background job 'sae_shell_session6_job2' after 3 seconds.
[06:09:46.50] /i gi::setActiveWindow 21
[06:09:46.50] /i gi::setActiveWindow 21 -raise true
[06:09:46.94] /i gi::setActiveWindow 2
[06:09:46.94] /i gi::setActiveWindow 2 -raise true
[06:09:48.20] /i gi::setCurrentIndex {cells} -index {CMOS_LAB3} -in [gi::getWindows 2]
[06:09:48.20] /i gi::setItemSelection {cells} -index {CMOS_LAB3} -in [gi::getWindows 2]
[06:09:49.64] /i gi::setCurrentIndex {cells} -index {NAND2} -in [gi::getWindows 2]
[06:09:49.64] /i gi::setItemSelection {cells} -index {NAND2} -in [gi::getWindows 2]
[06:09:50.04] /i gi::setCurrentIndex {cells} -index {NAND2_2} -in [gi::getWindows 2]
[06:09:50.04] /i gi::setItemSelection {cells} -index {NAND2_2} -in [gi::getWindows 2]
[06:09:50.31] /i gi::setCurrentIndex {cells} -index {full_adder} -in [gi::getWindows 2]
[06:09:50.32] /i gi::setItemSelection {cells} -index {full_adder} -in [gi::getWindows 2]
[06:09:51.44] /i gi::setCurrentIndex {views} -index {symbol} -in [gi::getWindows 2]
[06:09:51.44] /i gi::setItemSelection {views} -index {symbol} -in [gi::getWindows 2]
[06:09:52.05] /i gi::setCurrentIndex {views} -index {layout} -in [gi::getWindows 2]
[06:09:52.06] /i gi::setItemSelection {views} -index {layout} -in [gi::getWindows 2]
[06:09:52.20] /i gi::executeAction dmOpen -in [gi::getWindows 2]
[06:09:52.24] /r giWindowId 24
[06:09:52.25] /r giWindowGeometry 1632x912
[06:09:52.28] /# de::setActiveLPP [de::getLPPs "exclude blockage" -from [db::getAttr editDesign -of [de::getContexts -window 24]]]
[06:09:56.22] /i gi::setField {stopLevel} -value {2} -in [gi::getToolbars {leHierarchy} -from [gi::getWindows 24]]
[06:09:58.04] /# gi::executeAction deCanvasZoomInAtPoint -in [gi::getWindows 24]
[06:09:58.04] /i de::zoom -window [gi::getWindows 24] -factor 2.0 -center {12.867 25.48}
[06:09:58.04] /o {6.006 22.201} {14.533 26.576}
[06:09:58.94] /# gi::executeAction deCanvasZoomOutAtPoint -in [gi::getWindows 24]
[06:09:58.94] /i de::zoom -window [gi::getWindows 24] -factor 0.5 -center {12.786 24.834}
[06:09:58.94] /o {-0.774 19.569} {16.281 28.319}
[06:09:59.74] /# gi::executeAction deCanvasZoomInAtPoint -in [gi::getWindows 24]
[06:09:59.74] /i de::zoom -window [gi::getWindows 24] -factor 2.0 -center {13.068 22.196}
[06:09:59.74] /o {6.147 20.882} {14.674 25.257}
[06:10:00.26] /# gi::executeAction deCanvasZoomOutAtPoint -in [gi::getWindows 24]
[06:10:00.26] /i de::zoom -window [gi::getWindows 24] -factor 0.5 -center {12.601 23.824}
[06:10:00.26] /o {-0.307 17.941} {16.748 26.691}
[06:10:03.20] /# gi::executeAction deCanvasZoomInAtPoint -in [gi::getWindows 24]
[06:10:03.20] /i de::zoom -window [gi::getWindows 24] -factor 2.0 -center {11.808 22.782}
[06:10:03.20] /o {5.751 20.361} {14.278 24.736}
[06:10:04.34] /# gi::executeAction deCanvasZoomOutAtPoint -in [gi::getWindows 24]
[06:10:04.34] /i de::zoom -window [gi::getWindows 24] -factor 0.5 -center {11.797 22.907}
[06:10:04.34] /o {-0.296 17.815} {16.759 26.565}
[06:10:10.81] /# gi::executeAction deCanvasZoomInAtPoint -in [gi::getWindows 24]
[06:10:10.81] /i de::zoom -window [gi::getWindows 24] -factor 2.0 -center {11.537 23.884}
[06:10:10.82] /o {5.621 20.85} {14.148 25.225}
[06:10:15.16] /# gi::executeAction deCanvasZoomOutAtPoint -in [gi::getWindows 24]
[06:10:15.16] /i de::zoom -window [gi::getWindows 24] -factor 0.5 -center {11.776 21.311}
[06:10:15.17] /o {-0.535 20.389} {16.52 29.139}
[06:10:23.58] /# gi::executeAction xtLVSRun -in [gi::getWindows 24]
[06:10:23.59] /i xt::physicalVerification::executeRun lvs 24
[06:10:23.72] /# xt::physicalVerification::executePve lvs 24
[06:10:24.70] /m Information: "Starting netlisting for design "inverter/full_adder/schematic"..." (NETLISTING-010)
[06:10:24.73] /m Information: 
[06:10:24.73] /o Checking "inverter/full_adder/schematic"
[06:10:24.73] /o No rule violations found in "inverter/full_adder/schematic"
[06:10:24.73] /o No Design Integrity rule violations found in "inverter/full_adder/schematic"
[06:10:24.78] /m Information: "Netlisting design "inverter/full_adder/schematic" finished successfully." (NETLISTING-012)
[06:10:25.00] /r giWindowId 25
[06:10:25.02] /r giWindowGeometry 800x600
[06:10:27.50] /m Information: 
              /c =============================
              /c JobID: hercules_lvs_38
              /c Completed with no errors.
              /c =============================
              /c 
[06:10:28.99] /i gi::setActiveTab {tabs} -tabName {full_adder.LVS_ERRORS} -in [gi::getWindows 25]
[06:10:37.19] /i gi::setActiveWindow 24
[06:10:37.19] /i gi::setActiveWindow 24 -raise true
[06:10:39.97] /i gi::setActiveWindow 25
[06:10:39.97] /i gi::setActiveWindow 25 -raise true
[06:10:41.73] /i gi::setActiveTab {tabs} -tabName {full_adder.LAYOUT_ERRORS} -in [gi::getWindows 25]
[06:10:42.72] /i gi::setActiveTab {tabs} -tabName {full_adder.RESULTS} -in [gi::getWindows 25]
[06:10:44.01] /i gi::setActiveTab {tabs} -tabName {reference_lvs.lvs.evx} -in [gi::getWindows 25]
[06:11:01.52] /i gi::setActiveWindow 22
[06:11:01.52] /i gi::setActiveWindow 22 -raise true
[06:11:02.13] /i gi::setActiveWindow 23
[06:11:02.13] /i gi::setActiveWindow 23 -raise true
[06:11:03.20] /i gi::executeAction giCloseWindow -in [gi::getWindows 23]
[06:11:03.21] /i gi::setActiveWindow 22
[06:11:03.21] /i gi::setActiveWindow 22 -raise true
[06:11:03.73] /i gi::setActiveWindow 21
[06:11:03.73] /i gi::setActiveWindow 21 -raise true
[06:11:05.52] /# gi::executeAction deCanvasZoomInAtPoint -in [gi::getWindows 21]
[06:11:05.52] /i de::zoom -window [gi::getWindows 21] -factor 2.0 -center {3.9375 2.7875}
[06:11:05.52] /o {1.99375 1.3} {6.4 3.39375}
[06:11:05.63] /# gi::executeAction deCanvasZoomInAtPoint -in [gi::getWindows 21]
[06:11:05.63] /i de::zoom -window [gi::getWindows 21] -factor 2.0 -center {3.9375 2.7875}
[06:11:05.64] /o {2.96875 2.04375} {5.16875 3.0875}
[06:11:07.80] /# gi::executeAction deSelectActive -in [gi::getWindows 21]
[06:11:07.80] /i de::deselectAll [db::getNext [de::getContexts -window 21]]
[06:11:07.80] /i de::select [de::getActiveFigure [gi::getWindows 21] -point {3.85625 2.56875} -index 0 -intent none]
[06:11:07.80] /o oa:0x2566bc80
[06:11:07.95] /# gi::executeAction deDescend -in [gi::getWindows 21]
[06:11:07.95] /i ide::descend 21 -inPlace false -promptView false -readOnly auto
[06:11:07.96] /# Navigating to inverter/full_adder/starrc (I25)
[06:11:08.13] /# de::setActiveLPP [de::getLPPs "exclude blockage" -from [db::getAttr editDesign -of [de::getContexts -window 21]]]
[06:11:08.43] /# gi::setItemSelection {sets} -index {Valid} -in [gi::getAssistants leObjectLayerPanel -from [gi::getWindows 21]]
[06:11:08.59] /i db::setAttr dockSize -of [gi::getAssistants giConsole -from [gi::getWindows 21]] -value 1867x89
[06:11:08.63] /i db::setAttr dockSize -of [gi::getAssistants dePropertyEditor -from [gi::getWindows 21]] -value 290x745
[06:11:08.66] /i db::setAttr dockSize -of [gi::getAssistants leObjectLayerPanel -from [gi::getWindows 21]] -value 290x685
[06:11:11.61] /i gi::executeAction giCloseWindow -in [gi::getWindows 21]
[06:11:11.65] /i gi::setActiveWindow 22
[06:11:11.65] /i gi::setActiveWindow 22 -raise true
[06:11:26.63] /i gi::setActiveWindow 25
[06:11:26.63] /i gi::setActiveWindow 25 -raise true
[06:11:27.28] /i gi::setActiveWindow 24
[06:11:27.28] /i gi::setActiveWindow 24 -raise true
[06:11:29.74] /i gi::executeAction giCloseWindow -in [gi::getWindows 24]
[06:11:29.78] /i gi::setActiveWindow 25
[06:11:29.78] /i gi::setActiveWindow 25 -raise true
[06:11:30.77] /i gi::executeAction giCloseWindow -in [gi::getWindows 25]
[06:11:30.79] /i gi::setActiveWindow 22
[06:11:30.79] /i gi::setActiveWindow 22 -raise true
[06:11:31.30] /i gi::setActiveWindow 2
[06:11:31.30] /i gi::setActiveWindow 2 -raise true
[06:11:33.39] /i gi::setCurrentIndex {cells} -index {CMOS_LAB3} -in [gi::getWindows 2]
[06:11:33.39] /i gi::setItemSelection {cells} -index {CMOS_LAB3} -in [gi::getWindows 2]
[06:11:33.64] /i gi::setCurrentIndex {cells} -index {FA_1bit_tb} -in [gi::getWindows 2]
[06:11:33.64] /i gi::setItemSelection {cells} -index {FA_1bit_tb} -in [gi::getWindows 2]
[06:11:34.48] /i gi::setCurrentIndex {views} -index {config} -in [gi::getWindows 2]
[06:11:34.49] /i gi::setItemSelection {views} -index {config} -in [gi::getWindows 2]
[06:11:34.96] /i gi::setCurrentIndex {views} -index {schematic} -in [gi::getWindows 2]
[06:11:34.96] /i gi::setItemSelection {views} -index {schematic} -in [gi::getWindows 2]
[06:11:35.35] /i gi::setCurrentIndex {views} -index {config} -in [gi::getWindows 2]
[06:11:35.35] /i gi::setItemSelection {views} -index {config} -in [gi::getWindows 2]
[06:11:36.80] /i gi::executeAction dmOpenConfigDesignWrite -in [gi::getWindows 2]
[06:11:36.83] /r giWindowId 26
[06:11:36.84] /r giWindowGeometry 1632x912
[06:11:37.06] /o "inverter/FA_1bit_tb/schematic" design does not need checking
[06:11:38.32] /# gi::executeAction deSelectActive -in [gi::getWindows 26]
[06:11:38.32] /i de::deselectAll [db::getNext [de::getContexts -window 26]]
[06:11:38.32] /i de::select [de::getActiveFigure [gi::getWindows 26] -point {6.2125 2.25} -index 0 -intent none]
[06:11:38.32] /o oa:0x27122c50
[06:11:39.14] /# gi::executeAction seDelete -in [gi::getWindows 26]
[06:11:39.14] /i ise::delete
[06:11:40.70] /# gi::executeAction seSchCreateWire -in [gi::getWindows 26]
[06:11:40.70] /i ise::createWire
[06:11:42.04] /# gi::executeAction deAddPoint -in [gi::getWindows 26]
[06:11:42.04] /i de::addPoint {6.7 2.13125} -context [db::getNext [de::getContexts -window 26]]
[06:11:42.06] /i de::setCursor -point {6.625 2.125 }
[06:11:42.88] /# gi::executeAction deAddPoint -in [gi::getWindows 26]
[06:11:42.88] /i de::addPoint {5.925 2.13125} -context [db::getNext [de::getContexts -window 26]]
[06:11:43.90] /# gi::executeAction deAbortCommand -in [gi::getWindows 26]
[06:11:43.90] /i de::abortCommand -context [db::getNext [de::getContexts -window 26]]
[06:11:46.47] /i gi::executeAction deSaveDesign -in [gi::getWindows 26]
[06:11:46.47] /m Information: Saving design 'inverter FA_1bit_tb schematic'. (DESIGN_WINDOW-004)
[06:11:46.62] /i gi::executeAction deSaveDesign -in [gi::getWindows 26]
[06:11:46.62] /m Information: Saving design 'inverter FA_1bit_tb schematic'. (DESIGN_WINDOW-004)
[06:11:46.77] /i gi::executeAction deSaveDesign -in [gi::getWindows 26]
[06:11:46.77] /m Information: Saving design 'inverter FA_1bit_tb schematic'. (DESIGN_WINDOW-004)
[06:11:46.90] /i gi::executeAction deSaveDesign -in [gi::getWindows 26]
[06:11:46.90] /m Information: Saving design 'inverter FA_1bit_tb schematic'. (DESIGN_WINDOW-004)
[06:11:49.83] /i gi::setActiveWindow 22
[06:11:49.83] /i gi::setActiveWindow 22 -raise true
[06:11:50.63] /i gi::executeAction menuPreShow -in [gi::getWindows 22]
[06:11:50.63] /r giMenuAccess db::getNext [gi::getMenus saConsoleSimMenu -from [gi::getWindows 22]]
[06:11:51.15] /# gi::executeAction saNetlistAndRun -in [gi::getWindows 22]
[06:11:51.15] /i isa::netlistAndRun -testbench [sa::findActiveTestbench -window 22] -mode overwrite
[06:11:51.17] /r giWindowId 27
[06:11:51.18] /r giWindowGeometry 800x600
[06:11:51.25] /m Information: "Starting incremental netlisting for design "inverter/FA_1bit_tb/config"..." (NETLISTING-010)
[06:11:51.27] /m Information: 
[06:11:51.27] /o Checking "inverter/FA_1bit_tb/schematic"
[06:11:51.27] /o No rule violations found in "inverter/FA_1bit_tb/schematic"
[06:11:51.27] /o No Design Integrity rule violations found in "inverter/FA_1bit_tb/schematic"
[06:11:51.27] /m Information: 
              /c Cross view checking for inverter/full_adder/symbol with inverter/full_adder/starrc
              /c 	[warning] Missing Terminal
              /c 		Terminal vdd! found in starrc is missing in symbol
              /c 	[warning] Missing Terminal
              /c 		Terminal gnd! found in starrc is missing in symbol (DE_EDIT-007)
[06:11:51.27] /w Warning: "Terminal vdd! found in starrc is missing in symbol" (NETLISTING-003)
[06:11:51.27] /w Warning: "Terminal gnd! found in starrc is missing in symbol" (NETLISTING-003)
[06:11:51.31] /m Information: 
              /c Cross view checking for reference90RF/n_4t/ivpcell with reference90RF/n_4t/symbol
              /c 	[warning] Missing Terminal
              /c 		Terminal D found in symbol is missing in ivpcell
              /c 	[warning] Missing Terminal
              /c 		Terminal G found in symbol is missing in ivpcell
              /c 	[warning] Missing Terminal
              /c 		Terminal S found in symbol is missing in ivpcell
              /c 	[warning] Missing Terminal
              /c 		Terminal B found in symbol is missing in ivpcell (DE_EDIT-007)
[06:11:51.31] /w Warning: "Terminal D found in symbol is missing in ivpcell" (NETLISTING-003)
[06:11:51.31] /w Warning: "Terminal G found in symbol is missing in ivpcell" (NETLISTING-003)
[06:11:51.31] /w Warning: "Terminal S found in symbol is missing in ivpcell" (NETLISTING-003)
[06:11:51.31] /w Warning: "Terminal B found in symbol is missing in ivpcell" (NETLISTING-003)
[06:11:51.45] /m Information: "inverter FA_1bit_tb schematic" renetlisted. (NETLISTING-056)
[06:11:51.52] /m Information: "Netlisting design "inverter/FA_1bit_tb/config" finished successfully." (NETLISTING-012)
[06:11:51.52] /m Information: "Composing simulator input file for design "inverter/FA_1bit_tb/config"..."
[06:11:51.56] /m Information: "Simulator input file composed successfully for design "inverter/FA_1bit_tb/config""
[06:11:51.80] /m Information: "Starting HSPICE simulation for design: inverter/FA_1bit_tb/config"
[06:11:51.80] /# gi::collapse {jobMonitorTable} -index {0.0.0.1,0} -in [gi::getWindows 27]
[06:11:51.82] /o 1
[06:11:52.61] /m Information: "Simulation completed successfully for design: inverter/FA_1bit_tb/config "
[06:11:52.90] /m Information: "Evaluating and plotting outputs..."
[06:11:53.00] /j ::wf::WaveView::plotSuccess WaveView_2 {} {_5ee3a70_void_pp _5eb9928_void_pp} 
[06:11:53.02] /j ::wf::WaveView::plotSuccess WaveView_2 {} {_5ee3a70_void_pp _5eb9540_void_pp} 
[06:11:53.10] /j ::wf::WaveView::plotSuccess WaveView_2 {} {_5ee3a70_void_pp _5eb9608_void_pp} 
[06:11:53.16] /j ::wf::WaveView::plotSuccess WaveView_2 {} {_5ee3a70_void_pp _5eb96d0_void_pp} 
[06:11:53.20] /j ::wf::WaveView::plotSuccess WaveView_2 {} {_5ee3a70_void_pp _5eb9798_void_pp} 
[06:11:53.41] /m Information: Measurement calculations completed for testbench: default in 0s
[06:12:11.77] /i db::setAttr iconified -of [gi::getFrames 1] -value true
[06:13:47.42] /i db::setAttr maximized -of [gi::getFrames 1] -value true
[06:13:47.42] /i db::setAttr iconified -of [gi::getFrames 1] -value false
[06:13:52.29] /i gi::setActiveWindow 22
[06:13:52.29] /i gi::setActiveWindow 22 -raise true
[06:13:52.84] /i gi::setActiveWindow 26
[06:13:52.84] /i gi::setActiveWindow 26 -raise true
[06:13:54.47] /i gi::setActiveWindow 22
[06:13:54.47] /i gi::setActiveWindow 22 -raise true
[06:13:55.20] /i gi::executeAction menuPreShow -in [gi::getWindows 22]
[06:13:55.20] /r giMenuAccess db::getNext [gi::getMenus saConsoleOutputsMenu -from [gi::getWindows 22]]
[06:13:56.61] /# gi::executeAction saSelectInDesign -in [gi::getWindows 22]
[06:13:56.61] /i sa::selectOutputs -window 22
[06:13:57.86] /# gi::executeAction deAddPoint -in [gi::getWindows 26]
[06:13:57.87] /i de::addPoint {1.0625 2.7875} -context [db::getNext [de::getContexts -window 26]]
[06:13:59.17] /# gi::executeAction deAddPoint -in [gi::getWindows 26]
[06:13:59.17] /i de::addPoint {1.03125 0.93125} -context [db::getNext [de::getContexts -window 26]]
[06:14:00.51] /i gi::setActiveWindow 22
[06:14:00.51] /i gi::setActiveWindow 22 -raise true
[06:14:01.93] /i gi::executeAction menuPreShow -in [gi::getWindows 22]
[06:14:01.93] /r giMenuAccess db::getNext [gi::getMenus saConsoleSimMenu -from [gi::getWindows 22]]
[06:14:02.50] /# gi::executeAction saNetlistAndRun -in [gi::getWindows 22]
[06:14:02.50] /i isa::netlistAndRun -testbench [sa::findActiveTestbench -window 22] -mode overwrite
[06:14:02.55] /m Information: "Starting incremental netlisting for design "inverter/FA_1bit_tb/config"..." (NETLISTING-010)
[06:14:02.57] /m Information: 
[06:14:02.57] /o Checking "inverter/FA_1bit_tb/schematic"
[06:14:02.57] /o No rule violations found in "inverter/FA_1bit_tb/schematic"
[06:14:02.57] /o No Design Integrity rule violations found in "inverter/FA_1bit_tb/schematic"
[06:14:02.57] /m Information: 
              /c Cross view checking for inverter/full_adder/symbol with inverter/full_adder/starrc
              /c 	[warning] Missing Terminal
              /c 		Terminal vdd! found in starrc is missing in symbol
              /c 	[warning] Missing Terminal
              /c 		Terminal gnd! found in starrc is missing in symbol (DE_EDIT-007)
[06:14:02.57] /w Warning: "Terminal vdd! found in starrc is missing in symbol" (NETLISTING-003)
[06:14:02.57] /w Warning: "Terminal gnd! found in starrc is missing in symbol" (NETLISTING-003)
[06:14:02.62] /m Information: 
              /c Cross view checking for reference90RF/n_4t/ivpcell with reference90RF/n_4t/symbol
              /c 	[warning] Missing Terminal
              /c 		Terminal D found in symbol is missing in ivpcell
              /c 	[warning] Missing Terminal
              /c 		Terminal G found in symbol is missing in ivpcell
              /c 	[warning] Missing Terminal
              /c 		Terminal S found in symbol is missing in ivpcell
              /c 	[warning] Missing Terminal
              /c 		Terminal B found in symbol is missing in ivpcell (DE_EDIT-007)
[06:14:02.62] /w Warning: "Terminal D found in symbol is missing in ivpcell" (NETLISTING-003)
[06:14:02.62] /w Warning: "Terminal G found in symbol is missing in ivpcell" (NETLISTING-003)
[06:14:02.62] /w Warning: "Terminal S found in symbol is missing in ivpcell" (NETLISTING-003)
[06:14:02.62] /w Warning: "Terminal B found in symbol is missing in ivpcell" (NETLISTING-003)
[06:14:02.80] /m Information: "Netlisting design "inverter/FA_1bit_tb/config" finished successfully." (NETLISTING-012)
[06:14:02.81] /m Information: "Composing simulator input file for design "inverter/FA_1bit_tb/config"..."
[06:14:02.85] /m Information: "Simulator input file composed successfully for design "inverter/FA_1bit_tb/config""
[06:14:03.12] /m Information: "Starting HSPICE simulation for design: inverter/FA_1bit_tb/config"
[06:14:03.12] /# gi::collapse {jobMonitorTable} -index {0.0.0.1,0} -in [gi::getWindows 27]
[06:14:03.15] /o 1
[06:14:03.81] /m Information: "Simulation completed successfully for design: inverter/FA_1bit_tb/config "
[06:14:04.09] /m Information: "Evaluating and plotting outputs..."
[06:14:04.28] /j ::wf::WaveView::plotSuccess WaveView_2 {} {_5e71380_void_pp _5eb9860_void_pp} 
[06:14:04.30] /j ::wf::WaveView::plotSuccess WaveView_2 {} {_5e71380_void_pp _5eb9928_void_pp} 
[06:14:04.36] /j ::wf::WaveView::plotSuccess WaveView_2 {} {_5e71380_void_pp _5eb9540_void_pp} 
[06:14:04.38] /j ::wf::WaveView::plotSuccess WaveView_2 {} {_5e71380_void_pp _5eb9608_void_pp} 
[06:14:04.46] /j ::wf::WaveView::plotSuccess WaveView_2 {} {_5e71380_void_pp _5eb96d0_void_pp} 
[06:14:04.54] /j ::wf::WaveView::plotSuccess WaveView_2 {} {_5e71380_void_pp _5eb9798_void_pp} 
[06:14:04.59] /j ::wf::WaveView::plotSuccess WaveView_2 {} {_5e71380_void_pp _5eb99f0_void_pp} 
[06:14:04.60] /m Information: Measurement calculations completed for testbench: default in 0s
[06:14:57.13] /i gi::setActiveWindow 22
[06:14:57.13] /i gi::setActiveWindow 22 -raise true
[06:15:23.42] /i gi::setActiveWindow 26
[06:15:23.43] /i gi::setActiveWindow 26 -raise true
[06:15:25.77] /i gi::setActiveWindow 27
[06:15:25.77] /i gi::setActiveWindow 27 -raise true
[06:15:26.39] /i gi::setActiveWindow 2
[06:15:26.39] /i gi::setActiveWindow 2 -raise true
[06:15:28.76] /i gi::setItemSelection {cells} -index {} -in [gi::getWindows 2]
[06:15:29.36] /i gi::setCurrentIndex {cells} -index {full_adder} -in [gi::getWindows 2]
[06:15:29.37] /i gi::setItemSelection {cells} -index {full_adder} -in [gi::getWindows 2]
[06:15:30.17] /i gi::setCurrentIndex {views} -index {layout} -in [gi::getWindows 2]
[06:15:30.18] /i gi::setItemSelection {views} -index {layout} -in [gi::getWindows 2]
[06:15:30.32] /i gi::executeAction dmOpen -in [gi::getWindows 2]
[06:15:30.36] /r giWindowId 28
[06:15:30.37] /r giWindowGeometry 1632x912
[06:15:30.40] /# de::setActiveLPP [de::getLPPs "exclude blockage" -from [db::getAttr editDesign -of [de::getContexts -window 28]]]
[06:15:36.21] /i gi::setField {stopLevel} -value {2} -in [gi::getToolbars {leHierarchy} -from [gi::getWindows 28]]
[06:15:37.13] /# gi::executeAction deCanvasZoomInAtPoint -in [gi::getWindows 28]
[06:15:37.13] /i de::zoom -window [gi::getWindows 28] -factor 2.0 -center {8.112 27.607}
[06:15:37.13] /o {3.629 23.265} {12.156 27.64}
[06:15:37.26] /# gi::executeAction deCanvasZoomInAtPoint -in [gi::getWindows 28]
[06:15:37.26] /i de::zoom -window [gi::getWindows 28] -factor 2.0 -center {7.944 27.423}
[06:15:37.26] /o {5.786 25.344} {10.05 27.531}
[06:15:38.90] /# gi::executeAction leVia -in [gi::getWindows 28]
[06:15:38.90] /i ile::createVia
[06:15:39.65] /o oa:0x248d4f30
[06:15:42.12] /i gi::setField {viaAuto} -value {true} -in [gi::getToolbars {deCommandOptions} -from [gi::getWindows 28]]
[06:15:43.18] /# gi::executeAction deCanvasZoomOutAtPoint -in [gi::getWindows 28]
[06:15:43.18] /i de::zoom -window [gi::getWindows 28] -factor 0.5 -center {7.369 26.823}
[06:15:43.18] /o {4.204 23.865} {12.731 28.24}
[06:15:43.71] /# gi::executeAction deCanvasZoomOutAtPoint -in [gi::getWindows 28]
[06:15:43.71] /i de::zoom -window [gi::getWindows 28] -factor 0.5 -center {7.591 26.774}
[06:15:43.71] /o {0.816 20.956} {17.871 29.706}
[06:15:44.23] /# gi::executeAction deCanvasZoomInAtPoint -in [gi::getWindows 28]
[06:15:44.24] /i de::zoom -window [gi::getWindows 28] -factor 2.0 -center {13.518 27.154}
[06:15:44.24] /o {7.167 24.055} {15.694 28.43}
[06:15:44.33] /# gi::executeAction deCanvasZoomInAtPoint -in [gi::getWindows 28]
[06:15:44.33] /i de::zoom -window [gi::getWindows 28] -factor 2.0 -center {13.263 27.192}
[06:15:44.33] /o {10.215 25.623} {14.479 27.811}
[06:15:44.48] /# gi::executeAction deCanvasZoomInAtPoint -in [gi::getWindows 28]
[06:15:44.48] /i de::zoom -window [gi::getWindows 28] -factor 2.0 -center {13.222 27.189}
[06:15:44.48] /o {11.719 26.406} {13.85 27.5}
[06:15:45.04] /# gi::executeAction deCanvasZoomOutAtPoint -in [gi::getWindows 28]
[06:15:45.04] /i de::zoom -window [gi::getWindows 28] -factor 0.5 -center {13.246 26.945}
[06:15:45.04] /o {10.191 25.867} {14.455 28.055}
[06:15:45.08] /# gi::executeAction deCanvasZoomOutAtPoint -in [gi::getWindows 28]
[06:15:45.08] /i de::zoom -window [gi::getWindows 28] -factor 0.5 -center {13.255 26.92}
[06:15:45.08] /o {7.127 24.815} {15.654 29.19}
[06:15:45.50] /# gi::executeAction deCanvasZoomOutAtPoint -in [gi::getWindows 28]
[06:15:45.50] /i de::zoom -window [gi::getWindows 28] -factor 0.5 -center {11.79 25.493}
[06:15:45.50] /o {2.464 24.137} {19.519 32.887}
[06:15:45.57] /# gi::executeAction deCanvasZoomOutAtPoint -in [gi::getWindows 28]
[06:15:45.57] /i de::zoom -window [gi::getWindows 28] -factor 0.5 -center {11.789 25.494}
[06:15:45.57] /o {-6.861 22.779} {27.249 40.279}
[06:15:45.65] /# gi::executeAction deCanvasZoomOutAtPoint -in [gi::getWindows 28]
[06:15:45.65] /i de::zoom -window [gi::getWindows 28] -factor 0.5 -center {11.79 25.493}
[06:15:45.66] /o {-25.512 20.065} {42.708 55.065}
[06:15:46.61] /# gi::executeAction deCanvasZoomInAtPoint -in [gi::getWindows 28]
[06:15:46.61] /i de::zoom -window [gi::getWindows 28] -factor 2.0 -center {14.786 27.534}
[06:15:46.61] /o {-5.363 23.8} {28.747 41.3}
[06:15:46.65] /# gi::executeAction deCanvasZoomInAtPoint -in [gi::getWindows 28]
[06:15:46.65] /i de::zoom -window [gi::getWindows 28] -factor 2.0 -center {14.395 27.273}
[06:15:46.66] /o {4.516 25.536} {21.571 34.286}
[06:15:46.72] /# gi::executeAction deCanvasZoomInAtPoint -in [gi::getWindows 28]
[06:15:46.72] /i de::zoom -window [gi::getWindows 28] -factor 2.0 -center {14.069 27.045}
[06:15:46.72] /o {9.293 26.291} {17.82 30.666}
[06:15:47.27] /# gi::executeAction deCanvasZoomInAtPoint -in [gi::getWindows 28]
[06:15:47.27] /i de::zoom -window [gi::getWindows 28] -factor 2.0 -center {13.005 26.671}
[06:15:47.27] /o {11.149 26.481} {15.412 28.668}
[06:15:47.34] /# gi::executeAction deCanvasZoomInAtPoint -in [gi::getWindows 28]
[06:15:47.34] /i de::zoom -window [gi::getWindows 28] -factor 2.0 -center {13.049 26.739}
[06:15:47.34] /o {12.099 26.61} {14.231 27.704}
[06:15:47.48] /# gi::executeAction deFitView -in [gi::getWindows 28]
[06:15:47.48] /i de::fit -window 28 -fitView true
[06:15:47.48] /o {-0.855 18.923} {16.2 27.673}
[06:15:48.15] /# gi::executeAction deCanvasZoomInAtPoint -in [gi::getWindows 28]
[06:15:48.16] /i de::zoom -window [gi::getWindows 28] -factor 2.0 -center {12.531 19.661}
[06:15:48.16] /o {5.838 19.292} {14.365 23.667}
[06:15:48.24] /# gi::executeAction deCanvasZoomInAtPoint -in [gi::getWindows 28]
[06:15:48.24] /i de::zoom -window [gi::getWindows 28] -factor 2.0 -center {12.645 19.737}
[06:15:48.24] /o {9.242 19.514} {13.505 21.702}
[06:15:48.75] /# gi::executeAction deFitView -in [gi::getWindows 28]
[06:15:48.75] /i de::fit -window 28 -fitView true
[06:15:48.75] /o {-0.855 18.923} {16.2 27.673}
[06:15:49.77] /# gi::executeAction deCanvasZoomInAtPoint -in [gi::getWindows 28]
[06:15:49.77] /i de::zoom -window [gi::getWindows 28] -factor 2.0 -center {13.03 23.601}
[06:15:49.77] /o {6.088 21.262} {14.615 25.637}
[06:15:49.83] /# gi::executeAction deCanvasZoomInAtPoint -in [gi::getWindows 28]
[06:15:49.83] /i de::zoom -window [gi::getWindows 28] -factor 2.0 -center {13.025 23.601}
[06:15:49.83] /o {9.556 22.431} {13.82 24.619}
[06:15:50.30] /# gi::executeAction deCanvasZoomInAtPoint -in [gi::getWindows 28]
[06:15:50.30] /i de::zoom -window [gi::getWindows 28] -factor 2.0 -center {12.667 23.639}
[06:15:50.30] /o {11.112 23.035} {13.243 24.129}
[06:15:50.36] /# gi::executeAction deCanvasZoomInAtPoint -in [gi::getWindows 28]
[06:15:50.36] /i de::zoom -window [gi::getWindows 28] -factor 2.0 -center {12.676 23.651}
[06:15:50.36] /o {11.894 23.343} {12.96 23.89}
[06:15:50.98] /# gi::executeAction deCanvasZoomInAtPoint -in [gi::getWindows 28]
[06:15:50.98] /i de::zoom -window [gi::getWindows 28] -factor 2.0 -center {12.684 23.605}
[06:15:50.98] /o {12.289 23.474} {12.822 23.747}
[06:15:51.08] /# gi::executeAction deCanvasZoomInAtPoint -in [gi::getWindows 28]
[06:15:51.08] /i de::zoom -window [gi::getWindows 28] -factor 2.0 -center {12.684 23.605}
[06:15:51.08] /o {12.486 23.54} {12.753 23.676}
[06:15:51.17] /# gi::executeAction deCanvasZoomInAtPoint -in [gi::getWindows 28]
[06:15:51.17] /i de::zoom -window [gi::getWindows 28] -factor 2.0 -center {12.684 23.605}
[06:15:51.17] /o {12.585 23.572} {12.718 23.641}
[06:15:51.50] /# gi::executeAction deFitView -in [gi::getWindows 28]
[06:15:51.50] /i de::fit -window 28 -fitView true
[06:15:51.50] /o {-0.855 18.923} {16.2 27.673}
[06:15:52.07] /# gi::executeAction deCanvasZoomInAtPoint -in [gi::getWindows 28]
[06:15:52.07] /i de::zoom -window [gi::getWindows 28] -factor 2.0 -center {12.313 24.351}
[06:15:52.07] /o {5.729 21.637} {14.256 26.012}
[06:15:52.14] /# gi::executeAction deCanvasZoomInAtPoint -in [gi::getWindows 28]
[06:15:52.14] /i de::zoom -window [gi::getWindows 28] -factor 2.0 -center {12.346 24.345}
[06:15:52.14] /o {9.038 22.991} {13.301 25.178}
[06:15:53.13] /# gi::executeAction deCanvasZoomInAtPoint -in [gi::getWindows 28]
[06:15:53.13] /i de::zoom -window [gi::getWindows 28] -factor 2.0 -center {11.57 23.957}
[06:15:53.13] /o {10.304 23.474} {12.436 24.568}
[06:15:53.25] /# gi::executeAction deCanvasZoomInAtPoint -in [gi::getWindows 28]
[06:15:53.25] /i de::zoom -window [gi::getWindows 28] -factor 2.0 -center {11.567 23.964}
[06:15:53.25] /o {10.935 23.719} {12.001 24.266}
[06:15:53.88] /# gi::executeAction deCanvasZoomOutAtPoint -in [gi::getWindows 28]
[06:15:53.88] /i de::zoom -window [gi::getWindows 28] -factor 0.5 -center {11.558 24.003}
[06:15:53.88] /o {10.313 23.435} {12.445 24.529}
[06:15:53.98] /# gi::executeAction deCanvasZoomOutAtPoint -in [gi::getWindows 28]
[06:15:53.98] /i de::zoom -window [gi::getWindows 28] -factor 0.5 -center {11.556 24.002}
[06:15:53.98] /o {9.07 22.868} {13.333 25.055}
[06:15:59.10] /# gi::executeAction deCanvasZoomOutAtPoint -in [gi::getWindows 28]
[06:15:59.10] /i de::zoom -window [gi::getWindows 28] -factor 0.5 -center {11.71 23.848}
[06:15:59.10] /o {6.429 21.888} {14.956 26.263}
[06:15:59.17] /# gi::executeAction deCanvasZoomOutAtPoint -in [gi::getWindows 28]
[06:15:59.17] /i de::zoom -window [gi::getWindows 28] -factor 0.5 -center {11.711 23.847}
[06:15:59.18] /o {1.147 19.929} {18.202 28.679}
[06:15:59.66] /# gi::executeAction deFitView -in [gi::getWindows 28]
[06:15:59.66] /i de::fit -window 28 -fitView true
[06:15:59.66] /o {-0.855 18.923} {16.2 27.673}
[06:16:00.80] /# gi::executeAction deCanvasZoomInAtPoint -in [gi::getWindows 28]
[06:16:00.80] /i de::zoom -window [gi::getWindows 28] -factor 2.0 -center {13.551 23.992}
[06:16:00.80] /o {6.348 21.457} {14.875 25.832}
[06:16:06.56] /# gi::executeAction deCanvasZoomOutAtPoint -in [gi::getWindows 28]
[06:16:06.56] /i de::zoom -window [gi::getWindows 28] -factor 0.5 -center {9.67 23.715}
[06:16:06.56] /o {3.026 19.2} {20.081 27.95}
[06:16:07.05] /# gi::executeAction deFitView -in [gi::getWindows 28]
[06:16:07.05] /i de::fit -window 28 -fitView true
[06:16:07.05] /o {-0.855 18.923} {16.2 27.673}
[06:16:38.44] /# gi::executeAction deCanvasZoomInAtPoint -in [gi::getWindows 28]
[06:16:38.44] /i de::zoom -window [gi::getWindows 28] -factor 2.0 -center {12.954 24.242}
[06:16:38.45] /o {6.05 21.582} {14.577 25.957}
[06:16:38.53] /# gi::executeAction deCanvasZoomInAtPoint -in [gi::getWindows 28]
[06:16:38.53] /i de::zoom -window [gi::getWindows 28] -factor 2.0 -center {12.748 24.323}
[06:16:38.53] /o {9.399 22.953} {13.662 25.14}
[06:16:39.06] /# gi::executeAction deCanvasZoomOutAtPoint -in [gi::getWindows 28]
[06:16:39.06] /i de::zoom -window [gi::getWindows 28] -factor 0.5 -center {12.65 24.315}
[06:16:39.06] /o {6.148 21.59} {14.675 25.965}
[06:16:39.16] /# gi::executeAction deCanvasZoomOutAtPoint -in [gi::getWindows 28]
[06:16:39.16] /i de::zoom -window [gi::getWindows 28] -factor 0.5 -center {12.634 24.288}
[06:16:39.17] /o {-0.339 18.892} {16.716 27.642}
[06:16:40.91] /# gi::executeAction deAbortCommand -in [gi::getWindows 28]
[06:16:40.91] /i de::abortCommand -context [db::getNext [de::getContexts -window 28]]
[06:16:41.25] /i gi::executeAction deCanvasDragCancel -in [gi::getWindows 28]
[06:16:41.75] /# gi::executeAction deSelectActive -in [gi::getWindows 28]
[06:16:41.76] /i de::deselectAll [db::getNext [de::getContexts -window 28]]
[06:16:41.76] /i de::select [de::getActiveFigure [gi::getWindows 28] -point {12.504 25.884} -index 0 -intent none]
[06:16:41.76] /o oa:0x255b6880
[06:16:43.03] /i gi::executeAction deCanvasDragCancel -in [gi::getWindows 28]
[06:16:43.93] /# gi::executeAction leMove -in [gi::getWindows 28]
[06:16:43.93] /i ile::move
[06:16:45.19] /# gi::executeAction deStartDrag -in [gi::getWindows 28]
[06:16:45.19] /i de::startDrag {11.548 27.469} -context [db::getNext [de::getContexts -window 28]]
[06:16:46.43] /# gi::executeAction deEndDrag -in [gi::getWindows 28]
[06:16:46.43] /i de::endDrag {14.74 18.882} -context [db::getNext [de::getContexts -window 28]]
[06:16:47.71] /# gi::executeAction leMove -in [gi::getWindows 28]
[06:16:47.71] /i ile::move
[06:16:48.46] /# gi::executeAction deAddPoint -in [gi::getWindows 28]
[06:16:48.46] /i de::addPoint {12.243 23.05} -context [db::getNext [de::getContexts -window 28]]
[06:16:49.61] /# gi::executeAction deAbortCommand -in [gi::getWindows 28]
[06:16:49.61] /i de::abortCommand -context [db::getNext [de::getContexts -window 28]]
[06:16:50.30] /# gi::executeAction deSelectActive -in [gi::getWindows 28]
[06:16:50.30] /i de::deselectAll [db::getNext [de::getContexts -window 28]]
[06:16:50.30] /i de::deselectAllLogic -context [db::getNext [de::getContexts -window 28]]
[06:16:50.54] /# gi::executeAction deCanvasZoomOutAtPoint -in [gi::getWindows 28]
[06:16:50.54] /i de::zoom -window [gi::getWindows 28] -factor 0.5 -center {14.132 19.424}
[06:16:50.54] /o {-14.81 18.361} {19.3 35.861}
[06:16:51.12] /# gi::executeAction deSelectByWindow -in [gi::getWindows 28]
[06:16:51.12] /i db::setPrefValue deSelectMode -value Replace -scope [db::getScopes [db::getNext [de::getContexts -window 28]]]; ide::selectByRegion -region rectangle -point {14.265 18.515} 
[06:16:51.72] /# gi::executeAction deEndDrag -in [gi::getWindows 28]
[06:16:51.72] /i de::endDrag {10.55 29.521} -context [db::getNext [de::getContexts -window 28]]
[06:16:52.41] /# gi::executeAction deCanvasZoomInAtPoint -in [gi::getWindows 28]
[06:16:52.41] /i de::zoom -window [gi::getWindows 28] -factor 2.0 -center {12.178 27.046}
[06:16:52.41] /o {-1.316 22.703} {15.739 31.453}
[06:16:54.01] /# gi::executeAction leMove -in [gi::getWindows 28]
[06:16:54.01] /i ile::move
[06:16:54.17] /# gi::executeAction deAddPoint -in [gi::getWindows 28]
[06:16:54.17] /i de::addPoint {12.135 26.46} -context [db::getNext [de::getContexts -window 28]]
[06:16:59.86] /# gi::executeAction deAddPoint -in [gi::getWindows 28]
[06:16:59.86] /i de::addPoint {12.83 26.525} -context [db::getNext [de::getContexts -window 28]]
[06:17:00.76] /# gi::executeAction deCanvasZoomInAtPoint -in [gi::getWindows 28]
[06:17:00.76] /i de::zoom -window [gi::getWindows 28] -factor 2.0 -center {12.276 23.822}
[06:17:00.76] /o {5.48 23.263} {14.007 27.638}
[06:17:00.85] /# gi::executeAction deCanvasZoomInAtPoint -in [gi::getWindows 28]
[06:17:00.85] /i de::zoom -window [gi::getWindows 28] -factor 2.0 -center {12.26 23.822}
[06:17:00.85] /o {8.87 23.542} {13.134 25.73}
[06:17:00.95] /# gi::executeAction deCanvasZoomInAtPoint -in [gi::getWindows 28]
[06:17:00.95] /i de::zoom -window [gi::getWindows 28] -factor 2.0 -center {12.26 23.822}
[06:17:00.96] /o {10.565 23.682} {12.697 24.776}
[06:17:01.65] /# gi::executeAction deSelectActive -in [gi::getWindows 28]
[06:17:01.65] /i de::deselectAll [db::getNext [de::getContexts -window 28]]
[06:17:01.65] /i de::select [de::getActiveFigure [gi::getWindows 28] -point {12.056 24.479} -index 0 -intent none]
[06:17:01.66] /o oa:0x23359420
[06:17:01.91] /# gi::executeAction deCanvasZoomOutAtPoint -in [gi::getWindows 28]
[06:17:01.91] /i de::zoom -window [gi::getWindows 28] -factor 0.5 -center {11.967 24.38}
[06:17:01.91] /o {9.163 22.984} {13.427 25.172}
[06:17:03.03] /# gi::executeAction deSelectActive -in [gi::getWindows 28]
[06:17:03.03] /i de::deselectAll [db::getNext [de::getContexts -window 28]]
[06:17:03.03] /i de::select [de::getActiveFigure [gi::getWindows 28] -point {11.891 24.257} -index 0 -intent none]
[06:17:03.03] /o oa:0x271f5f80
[06:17:03.56] /# gi::executeAction leMove -in [gi::getWindows 28]
[06:17:03.56] /i ile::move
[06:17:04.14] /# gi::executeAction deAddPoint -in [gi::getWindows 28]
[06:17:04.15] /i de::addPoint {11.891 24.257} -context [db::getNext [de::getContexts -window 28]]
[06:17:05.10] /# gi::executeAction deAbortCommand -in [gi::getWindows 28]
[06:17:05.10] /i de::abortCommand -context [db::getNext [de::getContexts -window 28]]
[06:17:06.09] /# gi::executeAction leStartStretchDrag -in [gi::getWindows 28]
[06:17:06.09] /i layout_editor::directStretch [de::getActiveFigure [gi::getWindows 28] -point {11.69 24.545} -index 0 -intent none] 28
[06:17:06.09] /# db::setPrefValue deSelectMode -value Replace -scope [db::getScopes [db::getNext [de::getContexts -window 28]]]; ide::selectByRegion -region rectangle -point {11.69 24.545} 
[06:17:06.64] /# gi::executeAction deEndDrag -in [gi::getWindows 28]
[06:17:06.64] /i de::endDrag {12.167 23.853} -context [db::getNext [de::getContexts -window 28]]
[06:17:07.64] /# gi::executeAction leMove -in [gi::getWindows 28]
[06:17:07.64] /i ile::move
[06:17:07.87] /# gi::executeAction deAddPoint -in [gi::getWindows 28]
[06:17:07.87] /i de::addPoint {11.983 24.265} -context [db::getNext [de::getContexts -window 28]]
[06:17:11.60] /# gi::executeAction deAddPoint -in [gi::getWindows 28]
[06:17:11.60] /i de::addPoint {11.291 24.17} -context [db::getNext [de::getContexts -window 28]]
[06:17:12.31] /# gi::executeAction deSelectActive -in [gi::getWindows 28]
[06:17:12.31] /i de::deselectAll [db::getNext [de::getContexts -window 28]]
[06:17:12.31] /i de::select [de::getActiveFigure [gi::getWindows 28] -point {11.931 23.771} -index 0 -intent none]
[06:17:12.31] /o oa:0x24dfedf0
[06:17:13.02] /# gi::executeAction deSelectActive -in [gi::getWindows 28]
[06:17:13.02] /i de::deselectAll [db::getNext [de::getContexts -window 28]]
[06:17:13.02] /i de::select [de::getActiveFigure [gi::getWindows 28] -point {10.68 23.598} -index 0 -intent none]
[06:17:13.02] /o oa:0x26ae4180
[06:17:15.07] /# gi::executeAction leStretch -in [gi::getWindows 28]
[06:17:15.07] /i ile::stretch
[06:17:15.77] /# gi::executeAction deAddPoint -in [gi::getWindows 28]
[06:17:15.77] /i de::addPoint {10.873 23.606} -context [db::getNext [de::getContexts -window 28]]
[06:17:16.21] /# gi::executeAction deAbortCommand -in [gi::getWindows 28]
[06:17:16.21] /i de::abortCommand -context [db::getNext [de::getContexts -window 28]]
[06:17:16.58] /# gi::executeAction deSelectActive -in [gi::getWindows 28]
[06:17:16.58] /i de::cycleActiveFigure [gi::getWindows 28] -direction next
[06:17:16.58] /o oa:0x2624f100
[06:17:16.58] /i de::deselectAll [db::getNext [de::getContexts -window 28]]
[06:17:16.58] /i de::select [de::getActiveFigure [gi::getWindows 28] -point {10.84 23.606} -index 1 -intent none]
[06:17:16.58] /o oa:0x1bfe8480
[06:17:18.03] /# gi::executeAction deSelectActive -in [gi::getWindows 28]
[06:17:18.03] /i de::deselectAll [db::getNext [de::getContexts -window 28]]
[06:17:18.03] /i de::select [de::getActiveFigure [gi::getWindows 28] -point {10.68 23.633} -index 0 -intent none]
[06:17:18.03] /o oa:0x24def3d0
[06:17:19.59] /# gi::executeAction deCanvasZoomOutAtPoint -in [gi::getWindows 28]
[06:17:19.59] /i de::zoom -window [gi::getWindows 28] -factor 0.5 -center {12.349 23.899}
[06:17:19.59] /o {5.977 22.07} {14.504 26.445}
[06:17:19.62] /# gi::executeAction deCanvasZoomOutAtPoint -in [gi::getWindows 28]
[06:17:19.62] /i de::zoom -window [gi::getWindows 28] -factor 0.5 -center {12.333 23.883}
[06:17:19.62] /o {-0.379 20.256} {16.676 29.006}
[06:17:20.85] /# gi::executeAction deCanvasZoomInAtPoint -in [gi::getWindows 28]
[06:17:20.85] /i de::zoom -window [gi::getWindows 28] -factor 2.0 -center {11.671 22.395}
[06:17:20.85] /o {5.646 21.326} {14.173 25.701}
[06:17:22.78] /i gi::setItemSelection {attributes} -index {LPP,all} -in [gi::getAssistants dePropertyEditor -from [gi::getWindows 28]]
[06:17:22.78] /i gi::setCurrentIndex {attributes} -index {LPP,Value} -in [gi::getAssistants dePropertyEditor -from [gi::getWindows 28]]
[06:17:23.23] /i gi::setItemSelection {attributes} -index {width,all} -in [gi::getAssistants dePropertyEditor -from [gi::getWindows 28]]
[06:17:23.23] /i gi::setCurrentIndex {attributes} -index {width,Value} -in [gi::getAssistants dePropertyEditor -from [gi::getWindows 28]]
[06:17:24.40] /i gi::setField {attributes} -value {1.8} -index {width,Value} -in [gi::getAssistants dePropertyEditor -from [gi::getWindows 28]]
[06:17:24.40] /i gi::executeAction dePropertyEditorApplyChanges -in [gi::getAssistants dePropertyEditor -from [gi::getWindows 28]]
[06:17:26.19] /i gi::setField {attributes} -value {1.9} -index {width,Value} -in [gi::getAssistants dePropertyEditor -from [gi::getWindows 28]]
[06:17:26.19] /i gi::executeAction dePropertyEditorApplyChanges -in [gi::getAssistants dePropertyEditor -from [gi::getWindows 28]]
[06:17:30.27] /i gi::setField {attributes} -value {0} -index {width,Value} -in [gi::getAssistants dePropertyEditor -from [gi::getWindows 28]]
[06:17:30.27] /i gi::executeAction dePropertyEditorApplyChanges -in [gi::getAssistants dePropertyEditor -from [gi::getWindows 28]]
[06:17:30.27] /e Error: Invalid bounding box is specified. (PROPERTY_EDITOR-002)
[06:17:30.27] /i gi::executeAction dePropertyEditorApplyChanges -in [gi::getAssistants dePropertyEditor -from [gi::getWindows 28]]
[06:17:30.28] /e Error: Invalid bounding box is specified. (PROPERTY_EDITOR-002)
[06:17:30.28] /i gi::executeAction dePropertyEditorApplyChanges -in [gi::getAssistants dePropertyEditor -from [gi::getWindows 28]]
[06:17:30.28] /e Error: Invalid bounding box is specified. (PROPERTY_EDITOR-002)
[06:17:35.93] /i de::undoTransaction -design [db::getAttr editDesign -of [de::getContexts -window 28]] -steps 1
[06:17:36.10] /i de::undoTransaction -design [db::getAttr editDesign -of [de::getContexts -window 28]] -steps 1
[06:17:36.27] /i de::undoTransaction -design [db::getAttr editDesign -of [de::getContexts -window 28]] -steps 1
[06:17:36.46] /i de::undoTransaction -design [db::getAttr editDesign -of [de::getContexts -window 28]] -steps 1
[06:17:38.25] /i gi::executeAction deSaveDesign -in [gi::getWindows 28]
[06:17:38.25] /m Information: Saving design 'inverter full_adder layout'. (DESIGN_WINDOW-004)
[06:17:39.56] /# gi::executeAction deSelectActive -in [gi::getWindows 28]
[06:17:39.56] /i de::deselectAll [db::getNext [de::getContexts -window 28]]
[06:17:39.56] /i de::select [de::getActiveFigure [gi::getWindows 28] -point {13.044 22.992} -index 0 -intent none]
[06:17:39.56] /o oa:0x26babd60
[06:17:39.93] /# gi::executeAction deCanvasZoomOutAtPoint -in [gi::getWindows 28]
[06:17:39.93] /i de::zoom -window [gi::getWindows 28] -factor 0.5 -center {13.061 23.008}
[06:17:39.93] /o {-1.769 19.643} {15.286 28.393}
[06:17:40.02] /# gi::executeAction deCanvasZoomOutAtPoint -in [gi::getWindows 28]
[06:17:40.02] /i de::zoom -window [gi::getWindows 28] -factor 0.5 -center {13.06 23.009}
[06:17:40.02] /o {-16.598 16.278} {17.512 33.778}
[06:17:40.42] /# gi::executeAction deCanvasZoomInAtPoint -in [gi::getWindows 28]
[06:17:40.42] /i de::zoom -window [gi::getWindows 28] -factor 2.0 -center {13.191 22.357}
[06:17:40.42] /o {-1.703 19.317} {15.351 28.067}
[06:17:40.92] /# gi::executeAction deSelectActive -in [gi::getWindows 28]
[06:17:40.92] /i de::cycleActiveFigure [gi::getWindows 28] -direction next
[06:17:40.92] /o oa:0x26288f90
[06:17:41.66] /# gi::executeAction deSelectByWindow -in [gi::getWindows 28]
[06:17:41.66] /i db::setPrefValue deSelectMode -value Replace -scope [db::getScopes [db::getNext [de::getContexts -window 28]]]; ide::selectByRegion -region rectangle -point {1.335 27.505} 
[06:17:42.51] /# gi::executeAction deEndDrag -in [gi::getWindows 28]
[06:17:42.51] /i de::endDrag {13.875 19.1} -context [db::getNext [de::getContexts -window 28]]
[06:17:43.71] /# gi::executeAction deSelectActive -in [gi::getWindows 28]
[06:17:43.71] /i de::deselectAll [db::getNext [de::getContexts -window 28]]
[06:17:43.71] /i de::deselectAllLogic -context [db::getNext [de::getContexts -window 28]]
[06:17:47.37] /# gi::executeAction xtLVSRun -in [gi::getWindows 28]
[06:17:47.37] /i xt::physicalVerification::executeRun lvs 28
[06:17:47.54] /# xt::physicalVerification::executePve lvs 28
[06:17:48.54] /m Information: "Starting netlisting for design "inverter/full_adder/schematic"..." (NETLISTING-010)
[06:17:48.57] /m Information: 
[06:17:48.57] /o Checking "inverter/full_adder/schematic"
[06:17:48.57] /o No rule violations found in "inverter/full_adder/schematic"
[06:17:48.57] /o No Design Integrity rule violations found in "inverter/full_adder/schematic"
[06:17:48.61] /m Information: "Netlisting design "inverter/full_adder/schematic" finished successfully." (NETLISTING-012)
[06:17:48.82] /r giWindowId 29
[06:17:48.83] /r giWindowGeometry 800x600
[06:17:51.90] /m Information: 
              /c =============================
              /c JobID: hercules_lvs_39
              /c Completed with no errors.
              /c =============================
              /c 
[06:17:55.02] /i gi::executeAction giCloseWindow -in [gi::getWindows 29]
[06:17:55.04] /i gi::setActiveWindow 28
[06:17:55.04] /i gi::setActiveWindow 28 -raise true
[06:17:55.44] /# gi::executeAction deCanvasZoomOutAtPoint -in [gi::getWindows 28]
[06:17:55.45] /i de::zoom -window [gi::getWindows 28] -factor 0.5 -center {5.928 25.071}
[06:17:55.45] /o {-9.335 13.564} {24.775 31.064}
[06:17:56.00] /# gi::executeAction deSelectByWindow -in [gi::getWindows 28]
[06:17:56.00] /i db::setPrefValue deSelectMode -value Replace -scope [db::getScopes [db::getNext [de::getContexts -window 28]]]; ide::selectByRegion -region rectangle -point {0.24 29.35} 
[06:17:56.55] /# gi::executeAction deEndDrag -in [gi::getWindows 28]
[06:17:56.55] /i de::endDrag {16.003 18.145} -context [db::getNext [de::getContexts -window 28]]
[06:17:56.86] /# gi::executeAction leCopy -in [gi::getWindows 28]
[06:17:56.86] /i ile::copy
[06:17:57.20] /# gi::executeAction deAddPoint -in [gi::getWindows 28]
[06:17:57.20] /i de::addPoint {5.277 26.678} -context [db::getNext [de::getContexts -window 28]]
[06:17:58.08] /i gi::setActiveWindow 2
[06:17:58.08] /i gi::setActiveWindow 2 -raise true
[06:18:00.72] /i gi::setCurrentIndex {cellCategories} -index {FULL_ADDER_2BIT} -in [gi::getWindows 2]
[06:18:00.72] /i gi::setItemSelection {cellCategories} -index {FULL_ADDER_2BIT} -in [gi::getWindows 2]
[06:18:01.60] /i gi::setCurrentIndex {cells} -index {LAB3_NAND2} -in [gi::getWindows 2]
[06:18:01.60] /i gi::setItemSelection {cells} -index {LAB3_NAND2} -in [gi::getWindows 2]
[06:18:02.67] /i gi::setCurrentIndex {views} -index {layout} -in [gi::getWindows 2]
[06:18:02.68] /i gi::setItemSelection {views} -index {layout} -in [gi::getWindows 2]
[06:18:03.87] /i gi::setCurrentIndex {views} -index {starrc} -in [gi::getWindows 2]
[06:18:03.87] /i gi::setItemSelection {views} -index {starrc} -in [gi::getWindows 2]
[06:18:04.86] /i gi::setCurrentIndex {cells} -index {FA} -in [gi::getWindows 2]
[06:18:04.87] /i gi::setItemSelection {cells} -index {FA} -in [gi::getWindows 2]
[06:18:05.71] /i gi::setCurrentIndex {views} -index {schematic} -in [gi::getWindows 2]
[06:18:05.72] /i gi::setItemSelection {views} -index {schematic} -in [gi::getWindows 2]
[06:18:06.13] /i gi::setCurrentIndex {views} -index {layout} -in [gi::getWindows 2]
[06:18:06.14] /i gi::setItemSelection {views} -index {layout} -in [gi::getWindows 2]
[06:18:06.36] /i gi::executeAction dmOpen -in [gi::getWindows 2]
[06:18:06.41] /r giWindowId 30
[06:18:06.42] /r giWindowGeometry 1632x912
[06:18:06.46] /# de::setActiveLPP [de::getLPPs "exclude blockage" -from [db::getAttr editDesign -of [de::getContexts -window 30]]]
[06:18:07.56] /# gi::executeAction deCanvasZoomOutAtPoint -in [gi::getWindows 30]
[06:18:07.56] /i de::zoom -window [gi::getWindows 30] -factor 0.5 -center {-58.243 38.487}
[06:18:07.57] /o {-71.561 24.959} {-38.663 41.837}
[06:18:07.69] /# gi::executeAction deCanvasZoomOutAtPoint -in [gi::getWindows 30]
[06:18:07.69] /i de::zoom -window [gi::getWindows 30] -factor 0.5 -center {-58.054 38.507}
[06:18:07.69] /o {-85.067 11.411} {-19.273 45.167}
[06:18:07.69] /# gi::executeAction deCanvasZoomOutAtPoint -in [gi::getWindows 30]
[06:18:07.69] /i de::zoom -window [gi::getWindows 30] -factor 0.5 -center {-57.635 38.466}
[06:18:07.69] /o {-112.499 -15.644} {19.089 51.868}
[06:18:08.79] /# gi::executeAction deCanvasZoomInAtPoint -in [gi::getWindows 30]
[06:18:08.79] /i de::zoom -window [gi::getWindows 30] -factor 2.0 -center {-45.826 39.22}
[06:18:08.79] /o {-79.163 11.788} {-13.368 45.544}
[06:18:09.02] /# gi::executeAction deAbortCommand -in [gi::getWindows 30]
[06:18:09.02] /i de::abortCommand -context [db::getNext [de::getContexts -window 30]]
[06:18:09.55] /# gi::executeAction deCanvasZoomInAtPoint -in [gi::getWindows 30]
[06:18:09.55] /i de::zoom -window [gi::getWindows 30] -factor 2.0 -center {-55.793 38.215}
[06:18:09.55] /o {-67.478 25.002} {-34.581 41.879}
[06:18:09.60] /# gi::executeAction deCanvasZoomInAtPoint -in [gi::getWindows 30]
[06:18:09.61] /i de::zoom -window [gi::getWindows 30] -factor 2.0 -center {-55.793 38.215}
[06:18:09.61] /o {-61.635 31.608} {-45.187 40.047}
[06:18:10.42] /# gi::executeAction deFitView -in [gi::getWindows 30]
[06:18:10.42] /i de::fit -window 30 -fitView true
[06:18:10.42] /o {-64.902 31.723} {-48.453 40.162}
[06:18:16.04] /i gi::setField {stopLevel} -value {3} -in [gi::getToolbars {leHierarchy} -from [gi::getWindows 30]]
[06:18:16.67] /# gi::executeAction deSelectActive -in [gi::getWindows 30]
[06:18:16.67] /i de::deselectAllLogic -context [db::getNext [de::getContexts -window 30]]
[06:18:17.21] /# gi::executeAction deCanvasZoomInAtPoint -in [gi::getWindows 30]
[06:18:17.21] /i de::zoom -window [gi::getWindows 30] -factor 2.0 -center {-52.202 35.157}
[06:18:17.21] /o {-58.552 33.44} {-50.328 37.659}
[06:18:17.30] /# gi::executeAction deCanvasZoomInAtPoint -in [gi::getWindows 30]
[06:18:17.30] /i de::zoom -window [gi::getWindows 30] -factor 2.0 -center {-52.249 35.079}
[06:18:17.30] /o {-55.4 34.26} {-51.288 36.369}
[06:18:18.78] /# gi::executeAction deCanvasZoomOutAtPoint -in [gi::getWindows 30]
[06:18:18.78] /i de::zoom -window [gi::getWindows 30] -factor 0.5 -center {-51.762 35.786}
[06:18:18.78] /o {-59.039 32.733} {-50.815 36.952}
[06:18:19.09] /# gi::executeAction deCanvasZoomOutAtPoint -in [gi::getWindows 30]
[06:18:19.09] /i de::zoom -window [gi::getWindows 30] -factor 0.5 -center {-51.762 35.785}
[06:18:19.09] /o {-66.316 29.681} {-49.867 38.12}
[06:18:20.35] /i gi::executeAction deSaveDesign -in [gi::getWindows 30]
[06:18:20.35] /m Information: Saving design 'inverter FA layout'. (DESIGN_WINDOW-004)
[06:18:20.50] /i gi::executeAction deSaveDesign -in [gi::getWindows 30]
[06:18:20.50] /m Information: Saving design 'inverter FA layout'. (DESIGN_WINDOW-004)
[06:18:20.66] /i gi::executeAction deSaveDesign -in [gi::getWindows 30]
[06:18:20.66] /m Information: Saving design 'inverter FA layout'. (DESIGN_WINDOW-004)
[06:18:21.22] /i gi::setActiveWindow 2
[06:18:21.22] /i gi::setActiveWindow 2 -raise true
[06:18:23.00] /# gi::executeAction dmShowNewCell -in [gi::getWindows 2]
[06:18:23.00] /i dm::showNewCell -parent 2
[06:18:23.04] /o oa:0x2582ce70
[06:18:23.09] /i gi::setActiveDialog [gi::getDialogs {dmNewCell} -parent [gi::getWindows 2]]
[06:18:23.36] /i db::setAttr geometry -of [gi::getDialogs {dmNewCell} -parent [gi::getWindows 2]] -value 448x227+726+382
[06:18:26.84] /i gi::setField {cellName} -value {FA_tb} -in [gi::getDialogs {dmNewCell} -parent [gi::getWindows 2]]
[06:18:27.87] /i gi::pressButton {ok} -in [gi::getDialogs {dmNewCell} -parent [gi::getWindows 2]]
[06:18:27.87] /# dm::createCell FA\_tb -lib [ oa::LibFind [oa::ScalarName [oa::CdbaNS] inverter]]
[06:18:27.91] /# dm::addToCellCategory [db::getNext [dm::getCellCategories -libName inverter -filter "%name == \"FULL\_ADDER\_2BIT\""]] -cell [dm::findCell FA\_tb -libName inverter]
[06:18:27.91] /# gi::setItemSelection {cells} -index {} -in [gi::getDialogs {dmNewCell} -parent [gi::getWindows 2]]
[06:18:27.92] /# gi::setItemSelection {cells} -index {FA_tb} -in [gi::getDialogs {dmNewCell} -parent [gi::getWindows 2]]
[06:18:29.00] /i gi::setCurrentIndex {cells} -index {FA_tb} -in [gi::getWindows 2]
[06:18:29.00] /i gi::setItemSelection {cells} -index {FA_tb} -in [gi::getWindows 2]
[06:18:30.32] /# gi::executeAction dmShowNewCellView -in [gi::getWindows 2]
[06:18:30.32] /i dm::showNewCellView -parent 2
[06:18:30.36] /o oa:0x27808380
[06:18:30.41] /i gi::setActiveDialog [gi::getDialogs {dmNewCellView} -parent [gi::getWindows 2]]
[06:18:30.68] /i db::setAttr geometry -of [gi::getDialogs {dmNewCellView} -parent [gi::getWindows 2]] -value 588x285+656+353
[06:18:34.32] /i gi::pressButton {apply} -in [gi::getDialogs {dmNewCellView} -parent [gi::getWindows 2]]
[06:18:34.33] /# db::getAttr viewType -of [dm::findCellView schematic -cell [dm::findCell FA\_tb -lib [oa::LibFind [oa::ScalarName [oa::CdbaNS] inverter]]]]
[06:18:34.33] /# dm::createCellView schematic -cell [dm::findCell FA\_tb -lib [ oa::LibFind [oa::ScalarName [oa::CdbaNS] inverter]]] -viewType schematic
[06:18:34.34] /# dm::addToCellCategory [db::getNext [dm::getCellCategories -libName inverter -filter "%name == \"FULL\_ADDER\_2BIT\""]] -cell [dm::findCell FA\_tb -libName inverter]
[06:18:34.34] /# de::open [dm::findCellView schematic -cell [dm::findCell FA\_tb -lib [oa::LibFind [oa::ScalarName [oa::CdbaNS] inverter]]]] -application seSchematic
[06:18:34.38] /r giWindowId 31
[06:18:34.39] /r giWindowGeometry 1632x912
[06:18:34.63] /m Information: 
[06:18:34.63] /o Checking "inverter/FA_tb/schematic"
[06:18:34.63] /o No rule violations found in "inverter/FA_tb/schematic"
[06:18:34.63] /m Information: Checking process is completed: marking the design violations
[06:18:34.63] /m Information: Marking of designs is completed
[06:18:34.74] /i gi::setActiveWindow 2
[06:18:34.74] /i gi::setActiveWindow 2 -raise true
[06:18:34.79] /i gi::pressButton {ok} -in [gi::getDialogs {dmNewCellView} -parent [gi::getWindows 2]]
[06:18:34.79] /# db::getAttr viewType -of [dm::findCellView schematic -cell [dm::findCell FA\_tb -lib [oa::LibFind [oa::ScalarName [oa::CdbaNS] inverter]]]]
[06:18:34.91] /r giDialog gi::setActiveDialog [gi::getDialogs {dmOverwrite}]
[06:18:35.12] /r giDialog db::setAttr geometry -of [gi::getDialogs {dmOverwrite}] -value 262x82+819+454
[06:18:36.01] /r giDialog gi::closeWindows [gi::getDialogs {dmOverwrite}]
[06:18:36.05] /i gi::setActiveDialog [gi::getDialogs {dmNewCellView} -parent [gi::getWindows 2]]
[06:18:36.27] /i gi::setActiveWindow 31
[06:18:36.27] /i gi::setActiveWindow 31 -raise true
[06:18:37.26] /i gi::closeWindows [gi::getDialogs {dmNewCellView} -parent [gi::getWindows 2]]
[06:18:38.41] /i gi::setActiveWindow 26
[06:18:38.41] /i gi::setActiveWindow 26 -raise true
[06:18:39.51] /i gi::executeAction deCanvasDragSelect -in [gi::getWindows 26]
[06:18:39.54] /r deCanvasDragStart 0.53125 3.6625
[06:18:40.17] /# gi::executeAction deCanvasDragEnd -in [gi::getWindows 26]
[06:18:40.17] /i gi::executeAction deCanvasDragEnd -in [gi::getWindows 26]
[06:18:40.18] /r deCanvasDragEnd 8.7 0.25625
[06:18:40.50] /# gi::executeAction seCopy -in [gi::getWindows 26]
[06:18:40.50] /i ise::copy
[06:18:40.73] /# gi::executeAction deAddPoint -in [gi::getWindows 26]
[06:18:40.73] /i de::addPoint {6.0625 2.2} -context [db::getNext [de::getContexts -window 26]]
[06:18:41.36] /i gi::setActiveWindow 31
[06:18:41.36] /i gi::setActiveWindow 31 -raise true
[06:18:42.33] /# gi::executeAction deAddPoint -in [gi::getWindows 31]
[06:18:42.33] /i de::addPoint {5.60625 1.56875} -context [db::getNext [de::getContexts -window 31]]
[06:18:42.51] /i gi::executeAction deCanvasDragCancel -in [gi::getWindows 31]
[06:18:42.84] /# gi::executeAction deSelectActive -in [gi::getWindows 31]
[06:18:42.84] /i de::deselectAll [db::getNext [de::getContexts -window 31]]
[06:18:42.85] /i de::select [de::getActiveFigure [gi::getWindows 31] -point {3.3 1.775} -index 0 -intent none]
[06:18:42.85] /o oa:0x1e428700
[06:18:43.70] /# gi::executeAction seDelete -in [gi::getWindows 31]
[06:18:43.70] /i ise::delete
[06:18:44.06] /# gi::executeAction deSelectActive -in [gi::getWindows 31]
[06:18:44.06] /i de::deselectAllLogic -context [db::getNext [de::getContexts -window 31]]
[06:18:45.40] /# gi::executeAction seCreateInst -in [gi::getWindows 31]
[06:18:45.40] /i ise::createInst
[06:18:45.54] /i gi::setActiveDialog [gi::getDialogs {seCreateInst} -parent [gi::getWindows 31]]
[06:18:45.80] /i db::setAttr geometry -of [gi::getDialogs {seCreateInst}] -value 359x337+0+65
[06:18:45.97] /i de::abortCommand
[06:18:46.63] /i gi::setActiveWindow 2
[06:18:46.63] /i gi::setActiveWindow 2 -raise true
[06:18:47.70] /i gi::setCurrentIndex {cells} -index {FA} -in [gi::getWindows 2]
[06:18:47.70] /i gi::setItemSelection {cells} -index {FA} -in [gi::getWindows 2]
[06:18:48.57] /i gi::setCurrentIndex {views} -index {layout} -in [gi::getWindows 2]
[06:18:48.58] /i gi::setItemSelection {views} -index {layout} -in [gi::getWindows 2]
[06:18:48.88] /i gi::setCurrentIndex {views} -index {schematic} -in [gi::getWindows 2]
[06:18:48.88] /i gi::setItemSelection {views} -index {schematic} -in [gi::getWindows 2]
[06:18:49.05] /i gi::executeAction dmOpen -in [gi::getWindows 2]
[06:18:49.08] /r giWindowId 32
[06:18:49.11] /r giWindowGeometry 1632x912
[06:18:49.37] /o "inverter/FA/schematic" design does not need checking
[06:18:51.45] /i gi::executeAction deCanvasDragSelect -in [gi::getWindows 32]
[06:18:51.45] /r deCanvasDragStart -11.6188 8.36875
[06:18:52.51] /# gi::executeAction deCanvasDragEnd -in [gi::getWindows 32]
[06:18:52.51] /i gi::executeAction deCanvasDragEnd -in [gi::getWindows 32]
[06:18:52.51] /r deCanvasDragEnd 9.05625 -0.24375
[06:18:54.21] /# gi::executeAction seDelete -in [gi::getWindows 32]
[06:18:54.21] /i ise::delete
[06:18:55.08] /# gi::executeAction deSelectActive -in [gi::getWindows 32]
[06:18:55.08] /i de::deselectAllLogic -context [db::getNext [de::getContexts -window 32]]
[06:18:55.95] /i gi::setActiveWindow 2
[06:18:55.95] /i gi::setActiveWindow 2 -raise true
[06:18:57.14] /i gi::setCurrentIndex {cellCategories} -index {LAB3} -in [gi::getWindows 2]
[06:18:57.14] /i gi::setItemSelection {cellCategories} -index {LAB3} -in [gi::getWindows 2]
[06:18:57.85] /i gi::setCurrentIndex {cells} -index {NAND2} -in [gi::getWindows 2]
[06:18:57.86] /i gi::setItemSelection {cells} -index {NAND2} -in [gi::getWindows 2]
[06:18:58.27] /i gi::setCurrentIndex {cells} -index {NAND2_2} -in [gi::getWindows 2]
[06:18:58.27] /i gi::setItemSelection {cells} -index {NAND2_2} -in [gi::getWindows 2]
[06:18:58.71] /i gi::setCurrentIndex {cells} -index {NAND2_tb_2} -in [gi::getWindows 2]
[06:18:58.71] /i gi::setItemSelection {cells} -index {NAND2_tb_2} -in [gi::getWindows 2]
[06:18:58.98] /i gi::setCurrentIndex {cells} -index {full_adder} -in [gi::getWindows 2]
[06:18:58.99] /i gi::setItemSelection {cells} -index {full_adder} -in [gi::getWindows 2]
[06:18:59.70] /i gi::setCurrentIndex {views} -index {schematic} -in [gi::getWindows 2]
[06:18:59.71] /i gi::setItemSelection {views} -index {schematic} -in [gi::getWindows 2]
[06:18:59.84] /i gi::executeAction dmOpen -in [gi::getWindows 2]
[06:18:59.87] /r giWindowId 33
[06:18:59.90] /r giWindowGeometry 1632x912
[06:19:00.12] /m Information: 
[06:19:00.12] /o Checking "inverter/full_adder/schematic"
[06:19:00.12] /o No rule violations found in "inverter/full_adder/schematic"
[06:19:00.12] /m Information: Checking process is completed: marking the design violations
[06:19:00.12] /m Information: Marking of designs is completed
[06:19:00.87] /# gi::executeAction deCanvasZoomOutAtPoint -in [gi::getWindows 33]
[06:19:00.87] /i de::zoom -window [gi::getWindows 33] -factor 0.5 -center {17.50625 0.75625}
[06:19:00.87] /o {-17.0875 -4.35625} {20.2375 13.34375}
[06:19:01.52] /i gi::executeAction deCanvasDragSelect -in [gi::getWindows 33]
[06:19:01.52] /r deCanvasDragStart -2.2375 7.7375
[06:19:02.13] /# gi::executeAction deCanvasDragEnd -in [gi::getWindows 33]
[06:19:02.13] /i gi::executeAction deCanvasDragEnd -in [gi::getWindows 33]
[06:19:02.14] /r deCanvasDragEnd 19.5 -1.65
[06:19:02.86] /# gi::executeAction seCopy -in [gi::getWindows 33]
[06:19:02.86] /i ise::copy
[06:19:03.28] /# gi::executeAction deAddPoint -in [gi::getWindows 33]
[06:19:03.28] /i de::addPoint {10.56875 5.3125} -context [db::getNext [de::getContexts -window 33]]
[06:19:05.76] /i gi::setActiveWindow 32
[06:19:05.76] /i gi::setActiveWindow 32 -raise true
[06:19:06.54] /# gi::executeAction deCanvasZoomOutAtPoint -in [gi::getWindows 32]
[06:19:06.54] /i de::zoom -window [gi::getWindows 32] -factor 0.5 -center {-2.34375 5.30625}
[06:19:06.54] /o {-22.675 -8.0125} {20.9 12.65}
[06:19:06.57] /# gi::executeAction deCanvasZoomOutAtPoint -in [gi::getWindows 32]
[06:19:06.58] /i de::zoom -window [gi::getWindows 32] -factor 0.5 -center {-2.34375 5.3}
[06:19:06.58] /o {-43.0 -21.325} {44.1375 20.0}
[06:19:07.63] /# gi::executeAction deAddPoint -in [gi::getWindows 32]
[06:19:07.63] /i de::addPoint {13.8 8.2375} -context [db::getNext [de::getContexts -window 32]]
[06:19:08.80] /# gi::executeAction seSchCheckAndSave -in [gi::getWindows 32]
[06:19:08.80] /i ise::check
[06:19:08.81] /m Information: 
[06:19:08.81] /o Checking "inverter/FA/schematic"
[06:19:08.81] /o No rule violations found in "inverter/FA/schematic"
[06:19:08.81] /m Information: Checking process is completed: marking the design violations
[06:19:08.89] /m Information: Marking of designs is completed
[06:19:08.89] /o true
[06:19:09.16] /i gi::executeAction deSaveDesign -in [gi::getWindows 32]
[06:19:09.16] /m Information: Saving design 'inverter FA schematic'. (DESIGN_WINDOW-004)
[06:19:09.29] /m Information: Stopped sharing "Custom WaveView" license. (WAVEFORM-111)
[06:19:10.64] /i gi::setActiveWindow 30
[06:19:10.64] /i gi::setActiveWindow 30 -raise true
[06:19:10.82] /i gi::setActiveWindow 32
[06:19:10.82] /i gi::setActiveWindow 32 -raise true
[06:19:10.89] /i gi::addWindow 30 -to 1 -before 31
[06:19:10.92] /i gi::setActiveWindow 30
[06:19:10.92] /i gi::setActiveWindow 30 -raise true
[06:19:12.29] /i gi::executeAction giCloseWindow -in [gi::getWindows 30]
[06:19:12.32] /i gi::setActiveWindow 32
[06:19:12.32] /i gi::setActiveWindow 32 -raise true
[06:19:13.21] /i gi::setActiveWindow 31
[06:19:13.21] /i gi::setActiveWindow 31 -raise true
[06:19:15.01] /i gi::executeAction giCloseWindow -in [gi::getWindows 31]
[06:19:15.09] /r giDialog gi::setActiveDialog [gi::getDialogs {deCloseDesign} -parent [gi::getWindows 31]]
[06:19:15.38] /r giDialog db::setAttr geometry -of [gi::getDialogs {deCloseDesign} -parent [gi::getWindows 31]] -value 460x82+730+513
[06:19:16.31] /r giDialog gi::pressButton {save} -in [gi::getDialogs {deCloseDesign} -parent [gi::getWindows 31]]
[06:19:16.31] /m Information: Saving design 'inverter FA_tb schematic'. (DESIGN_WINDOW-004)
[06:19:16.38] /i gi::setActiveWindow 32
[06:19:16.38] /i gi::setActiveWindow 32 -raise true
[06:19:17.64] /# gi::executeAction deSelectActive -in [gi::getWindows 32]
[06:19:17.64] /i de::deselectAll [db::getNext [de::getContexts -window 32]]
[06:19:17.64] /i de::deselectAllLogic -context [db::getNext [de::getContexts -window 32]]
[06:19:18.40] /# gi::executeAction deCanvasZoomInAtPoint -in [gi::getWindows 32]
[06:19:18.40] /i de::zoom -window [gi::getWindows 32] -factor 2.0 -center {3.25625 15.725}
[06:19:18.40] /o {-19.875 -2.8} {23.7 17.8625}
[06:19:18.50] /# gi::executeAction deCanvasZoomInAtPoint -in [gi::getWindows 32]
[06:19:18.50] /i de::zoom -window [gi::getWindows 32] -factor 2.0 -center {2.5375 15.66875}
[06:19:18.50] /o {-8.66875 6.4375} {13.11875 16.7625}
[06:19:24.36] /# gi::executeAction deCellviewFromCellview -in [gi::getWindows 32]
[06:19:24.36] /i db::showCellViewFromCellView -src [db::getAttr container -of [db::getAttr editFile -of [db::getNext [de::getContexts -window 32]]]] 
[06:19:24.41] /o oa:0x2587fab0
[06:19:24.43] /i gi::setActiveDialog [gi::getDialogs {dbCellViewFromCellView}]
[06:19:24.70] /i db::setAttr geometry -of [gi::getDialogs {dbCellViewFromCellView}] -value 628x339+636+349
[06:19:26.34] /i gi::pressButton {apply} -in [gi::getDialogs {dbCellViewFromCellView}]
[06:19:26.43] /r giWindowId 34
[06:19:26.45] /r giWindowGeometry 1632x912
[06:19:27.26] /# gi::executeAction deCanvasZoomOutAtPoint -in [gi::getWindows 34]
[06:19:27.26] /i de::zoom -window [gi::getWindows 34] -factor 0.5 -center {0.41875 -0.125}
[06:19:27.27] /o {-2.0 -1.10625} {2.75 1.03125}
[06:19:28.48] /# gi::executeAction deSelectActive -in [gi::getWindows 34]
[06:19:28.48] /i de::deselectAll [db::getNext [de::getContexts -window 34]]
[06:19:28.48] /i de::select [de::getActiveFigure [gi::getWindows 34] -point {0.85 0.3625} -index 0 -intent none]
[06:19:28.48] /o oa:0x298eb620
[06:19:28.96] /# gi::executeAction seButton1DragStart -in [gi::getWindows 34]
[06:19:28.97] /i ise::stretch -point {0.875 0.375}
[06:19:29.93] /# gi::executeAction deEndDrag -in [gi::getWindows 34]
[06:19:29.93] /i de::endDrag {0.41875 0.15625} -context [db::getNext [de::getContexts -window 34]]
[06:19:30.28] /# gi::executeAction deSelectActive -in [gi::getWindows 34]
[06:19:30.28] /i de::deselectAll [db::getNext [de::getContexts -window 34]]
[06:19:30.28] /i de::deselectAllLogic -context [db::getNext [de::getContexts -window 34]]
[06:19:32.00] /# gi::executeAction deSelectActive -in [gi::getWindows 34]
[06:19:32.00] /i de::deselectAll [db::getNext [de::getContexts -window 34]]
[06:19:32.00] /i de::select [de::getActiveFigure [gi::getWindows 34] -point {0.3625 -0.19375} -index 0 -intent none]
[06:19:32.00] /o oa:0x28380aa0
[06:19:32.33] /# gi::executeAction seDelete -in [gi::getWindows 34]
[06:19:32.34] /i ise::delete
[06:19:32.93] /# gi::executeAction deSelectActive -in [gi::getWindows 34]
[06:19:32.93] /i de::deselectAll [db::getNext [de::getContexts -window 34]]
[06:19:32.93] /i de::select [de::getActiveFigure [gi::getWindows 34] -point {0.35625 -0.34375} -index 0 -intent none]
[06:19:32.93] /o oa:0x279a4880
[06:19:33.08] /# gi::executeAction seDelete -in [gi::getWindows 34]
[06:19:33.08] /i ise::delete
[06:19:33.61] /# gi::executeAction deSelectActive -in [gi::getWindows 34]
[06:19:33.61] /i de::deselectAll [db::getNext [de::getContexts -window 34]]
[06:19:33.61] /i de::select [de::getActiveFigure [gi::getWindows 34] -point {0.34375 -0.49375} -index 0 -intent none]
[06:19:33.61] /o oa:0x299fc9b0
[06:19:33.65] /# gi::executeAction seDelete -in [gi::getWindows 34]
[06:19:33.65] /i ise::delete
[06:19:34.70] /i gi::executeAction deSaveDesign -in [gi::getWindows 34]
[06:19:34.70] /m Information: Saving design 'inverter FA symbol'. (DESIGN_WINDOW-004)
[06:19:34.85] /i gi::executeAction deSaveDesign -in [gi::getWindows 34]
[06:19:34.85] /m Information: Saving design 'inverter FA symbol'. (DESIGN_WINDOW-004)
[06:19:35.00] /i gi::executeAction deSaveDesign -in [gi::getWindows 34]
[06:19:35.00] /m Information: Saving design 'inverter FA symbol'. (DESIGN_WINDOW-004)
[06:19:35.12] /i gi::executeAction deSaveDesign -in [gi::getWindows 34]
[06:19:35.12] /m Information: Saving design 'inverter FA symbol'. (DESIGN_WINDOW-004)
[06:19:36.00] /i gi::executeAction giCloseWindow -in [gi::getWindows 34]
[06:19:36.03] /i gi::setActiveWindow 32
[06:19:36.03] /i gi::setActiveWindow 32 -raise true
[06:19:36.72] /# gi::executeAction deCanvasZoomOutAtPoint -in [gi::getWindows 32]
[06:19:36.72] /i de::zoom -window [gi::getWindows 32] -factor 0.5 -center {5.8625 13.86875}
[06:19:36.72] /o {-23.2 -1.0} {20.375 19.6625}
[06:19:36.83] /# gi::executeAction deCanvasZoomOutAtPoint -in [gi::getWindows 32]
[06:19:36.83] /i de::zoom -window [gi::getWindows 32] -factor 0.5 -center {6.2 13.3125}
[06:19:36.83] /o {-52.59375 -15.3125} {34.54375 26.0125}
[06:19:37.96] /i gi::setActiveWindow 33
[06:19:37.96] /i gi::setActiveWindow 33 -raise true
[06:19:38.71] /i gi::setActiveWindow 2
[06:19:38.71] /i gi::setActiveWindow 2 -raise true
[06:19:39.91] /i gi::setCurrentIndex {views} -index {starrc} -in [gi::getWindows 2]
[06:19:39.91] /i gi::setItemSelection {views} -index {starrc} -in [gi::getWindows 2]
[06:19:40.47] /i gi::setCurrentIndex {views} -index {symbol} -in [gi::getWindows 2]
[06:19:40.47] /i gi::setItemSelection {views} -index {symbol} -in [gi::getWindows 2]
[06:19:41.13] /i gi::setCurrentIndex {views} -index {schematic} -in [gi::getWindows 2]
[06:19:41.14] /i gi::setItemSelection {views} -index {schematic} -in [gi::getWindows 2]
[06:19:41.97] /i gi::setCurrentIndex {cellCategories} -index {LAB1} -in [gi::getWindows 2]
[06:19:41.98] /i gi::setItemSelection {cellCategories} -index {LAB1} -in [gi::getWindows 2]
[06:19:42.34] /i gi::setCurrentIndex {cellCategories} -index {FULL_ADDER_2BIT} -in [gi::getWindows 2]
[06:19:42.34] /i gi::setItemSelection {cellCategories} -index {FULL_ADDER_2BIT} -in [gi::getWindows 2]
[06:19:42.96] /i gi::setCurrentIndex {cells} -index {FA_tb} -in [gi::getWindows 2]
[06:19:42.96] /i gi::setItemSelection {cells} -index {FA_tb} -in [gi::getWindows 2]
[06:19:43.44] /i gi::setCurrentIndex {cells} -index {LAB3_NAND2} -in [gi::getWindows 2]
[06:19:43.44] /i gi::setItemSelection {cells} -index {LAB3_NAND2} -in [gi::getWindows 2]
[06:19:44.63] /i gi::setCurrentIndex {views} -index {schematic} -in [gi::getWindows 2]
[06:19:44.64] /i gi::setItemSelection {views} -index {schematic} -in [gi::getWindows 2]
[06:19:45.26] /i gi::setCurrentIndex {views} -index {starrc} -in [gi::getWindows 2]
[06:19:45.26] /i gi::setItemSelection {views} -index {starrc} -in [gi::getWindows 2]
[06:19:45.71] /i gi::setCurrentIndex {views} -index {symbol} -in [gi::getWindows 2]
[06:19:45.72] /i gi::setItemSelection {views} -index {symbol} -in [gi::getWindows 2]
[06:19:46.30] /i gi::setCurrentIndex {views} -index {starrc} -in [gi::getWindows 2]
[06:19:46.30] /i gi::setItemSelection {views} -index {starrc} -in [gi::getWindows 2]
[06:19:47.62] /i gi::setCurrentIndex {cells} -index {FA_tb} -in [gi::getWindows 2]
[06:19:47.62] /i gi::setItemSelection {cells} -index {FA_tb} -in [gi::getWindows 2]
[06:19:49.00] /i gi::setCurrentIndex {cells} -index {FA} -in [gi::getWindows 2]
[06:19:49.00] /i gi::setItemSelection {cells} -index {FA} -in [gi::getWindows 2]
[06:19:49.61] /i gi::setCurrentIndex {views} -index {layout} -in [gi::getWindows 2]
[06:19:49.62] /i gi::setItemSelection {views} -index {layout} -in [gi::getWindows 2]
[06:19:50.38] /i gi::executeAction dmOpen -in [gi::getWindows 2]
[06:19:50.41] /r giWindowId 35
[06:19:50.43] /r giWindowGeometry 1632x912
[06:19:50.47] /# de::setActiveLPP [de::getLPPs "exclude blockage" -from [db::getAttr editDesign -of [de::getContexts -window 35]]]
[06:19:52.18] /i gi::executeAction deSaveDesign -in [gi::getWindows 35]
[06:19:52.18] /m Information: Saving design 'inverter FA layout'. (DESIGN_WINDOW-004)
[06:19:53.38] /# gi::executeAction xtDRCRun -in [gi::getWindows 35]
[06:19:53.38] /i xt::physicalVerification::executeRun drc 35
[06:19:53.64] /# xt::physicalVerification::executePve drc 35
[06:19:53.66] /e Error: xtDRCHerculesRunsetFile: preference value is empty in '/home/itsupport/Desktop/lab1vlsi/synopsys_custom/FA.hercules.drc_pve' scope.
[06:19:54.07] /i gi::setActiveDialog [gi::getDialogs {xtDRCSetup} -parent [gi::getWindows 35]]
[06:19:54.36] /i db::setAttr geometry -of [gi::getDialogs {xtDRCSetup} -parent [gi::getWindows 35]] -value 475x427+865+387
[06:19:55.84] /i gi::closeWindows [gi::getDialogs {xtDRCSetup} -parent [gi::getWindows 35]]
[06:19:58.68] /i gi::setField {stopLevel} -value {3} -in [gi::getToolbars {leHierarchy} -from [gi::getWindows 35]]
[06:20:00.10] /# gi::executeAction xtLVSRun -in [gi::getWindows 35]
[06:20:00.10] /i xt::physicalVerification::executeRun lvs 35
[06:20:00.35] /# xt::physicalVerification::executePve lvs 35
[06:20:00.37] /e Error: xtLVSHerculesRunsetFile: preference value is empty in '/home/itsupport/Desktop/lab1vlsi/synopsys_custom/FA.hercules.lvs_pve' scope.
[06:20:00.84] /i gi::setActiveDialog [gi::getDialogs {xtLVSSetup} -parent [gi::getWindows 35]]
[06:20:01.10] /i db::setAttr geometry -of [gi::getDialogs {xtLVSSetup} -parent [gi::getWindows 35]] -value 704x454+787+359
[06:20:02.37] /i gi::pressButton {/tabGroup/mainTab/runDir/browseButton} -in [gi::getDialogs {xtLVSSetup} -parent [gi::getWindows 35]]
[06:20:06.14] /r giFileDialog reject .
[06:20:07.12] /i gi::pressButton {/tabGroup/mainTab/runDir/browseButton} -in [gi::getDialogs {xtLVSSetup} -parent [gi::getWindows 35]]
[06:20:09.11] /r giFileDialog accept .
[06:20:10.58] /i gi::pressButton {/tabGroup/mainTab/jobParametersGroup/runsetFile/browseButton} -in [gi::getDialogs {xtLVSSetup} -parent [gi::getWindows 35]]
[06:20:24.68] /r giFileDialog accept PDK/starrc/reference_drc.ev
[06:20:24.68] /e Error: Error loading runset '/home/itsupport/Desktop/lab1vlsi/PDK/starrc/reference_drc.ev': not a file.
[06:20:27.97] /i gi::pressButton {/tabGroup/mainTab/jobParametersGroup/runsetFile/browseButton} -in [gi::getDialogs {xtLVSSetup} -parent [gi::getWindows 35]]
[06:20:33.80] /r giFileDialog accept PDK/hercules/lvs/reference_lvs.ev
[06:20:34.52] /i gi::setCurrentIndex {/tabGroup/controlVariablesTab/controlVariablesTable} -index {0,0} -in [gi::getDialogs {xtLVSSetup} -parent [gi::getWindows 35]]
[06:20:34.52] /i gi::setActiveTab {/tabGroup} -tabName {/tabGroup/controlVariablesTab} -in [gi::getDialogs {xtLVSSetup} -parent [gi::getWindows 35]]
[06:20:34.78] /i gi::setActiveTab {/tabGroup} -tabName {/tabGroup/customOptionsTab} -in [gi::getDialogs {xtLVSSetup} -parent [gi::getWindows 35]]
[06:20:35.13] /i gi::setActiveTab {/tabGroup} -tabName {/tabGroup/controlVariablesTab} -in [gi::getDialogs {xtLVSSetup} -parent [gi::getWindows 35]]
[06:20:35.40] /i gi::setActiveTab {/tabGroup} -tabName {/tabGroup/netlistingOptionsTab} -in [gi::getDialogs {xtLVSSetup} -parent [gi::getWindows 35]]
[06:20:35.66] /i gi::setField {/tabGroup/netlistingOptionsTab/schematicOutputNetlist/entryField} -value {/home/itsupport/Desktop/lab1vlsi/synopsys_custom/FA.hercules.lvs/FA.custom_compiler.sp} -in [gi::getDialogs {xtLVSSetup} -parent [gi::getWindows 35]]
[06:20:35.66] /i gi::setActiveTab {/tabGroup} -tabName {/tabGroup/controlVariablesTab} -in [gi::getDialogs {xtLVSSetup} -parent [gi::getWindows 35]]
[06:20:36.48] /i gi::setActiveTab {/tabGroup} -tabName {/tabGroup/customOptionsTab} -in [gi::getDialogs {xtLVSSetup} -parent [gi::getWindows 35]]
[06:20:38.22] /i gi::pressButton {/apply} -in [gi::getDialogs {xtLVSSetup} -parent [gi::getWindows 35]]
[06:20:38.79] /# xt::physicalVerification::executePve lvs 35
[06:20:39.78] /m Information: "Starting netlisting for design "inverter/FA/schematic"..." (NETLISTING-010)
[06:20:39.79] /o No Design Integrity rule violations found in "inverter/FA/schematic"
[06:20:39.82] /m Information: "Netlisting design "inverter/FA/schematic" finished successfully." (NETLISTING-012)
[06:20:39.99] /r giWindowId 36
[06:20:40.01] /r giWindowGeometry 800x600
[06:20:41.11] /i gi::setActiveTab {/tabGroup} -tabName {/tabGroup/mainTab} -in [gi::getDialogs {xtLVSSetup} -parent [gi::getWindows 35]]
[06:20:43.26] /m Information: 
              /c =============================
              /c JobID: hercules_lvs_40
              /c --- EXTRACT ERROR SUMMARY ---
              /c LAYOUT ERRORS RESULTS: CLEAN
              /c --- COMPARE ERROR SUMMARY ---
              /c Top block compare result: FAIL
              /c [FA != FA]
              /c > FA != FA (level = 0)
              /c =============================
              /c 
[06:20:43.79] /j ::xt::hercules::vue::_private::registerConnection localhost:48430 tcp42 herculesVue_1 
[06:20:43.83] /m Information: Connection established with 'Hercules-VUE' running on 'localhost'.
[06:20:43.85] /j ::xt::hercules::vue::_private::isJobReady 
[06:20:43.85] /o true
[06:20:43.88] /j ::xt::hercules::vue::startFilter LAY 
[06:20:43.89] /j ::xt::hercules::vue::startFilter SCH 
[06:20:44.09] /j ::xt::hercules::vue::setInlibPath /home/itsupport/Desktop/lab1vlsi/. 
[06:20:44.10] /j ::xt::hercules::vue::setTopLayLCV inverter FA layout 
[06:20:44.10] /j ::xt::hercules::vue::openCell inverter FA layout 
[06:20:44.10] /j ::xt::hercules::vue::setTopSchLib inverter 
[06:20:47.64] /j ::xt::hercules::vue::clearAllHighlights {} {} 
[06:20:47.66] /j ::xt::hercules::vue::clearAllHighlights FA layout 
[06:20:47.80] /m Information: Connection closed with 'Hercules-VUE' running on 'localhost'.
[06:20:48.18] /i gi::closeWindows [gi::getDialogs {xtLVSSetup} -parent [gi::getWindows 35]]
[06:20:49.54] /i gi::setActiveTab {tabs} -tabName {FA.LVS_ERRORS} -in [gi::getWindows 36]
[06:20:50.22] /i gi::setActiveTab {tabs} -tabName {FA.LAYOUT_ERRORS} -in [gi::getWindows 36]
[06:20:52.30] /i gi::setActiveTab {tabs} -tabName {FA.LVS_ERRORS} -in [gi::getWindows 36]
[06:21:04.21] /i db::setAttr iconified -of [gi::getFrames 1] -value true
[06:21:04.22] /i gi::setActiveDialog [gi::getDialogs {dbCellViewFromCellView}]
[06:21:09.44] /i db::setAttr maximized -of [gi::getFrames 1] -value true
[06:21:09.44] /i db::setAttr iconified -of [gi::getFrames 1] -value false
[06:21:10.46] /r giDialog gi::setActiveDialog [gi::getDialogs {giCloseFrame}]
[06:21:10.76] /r giDialog db::setAttr geometry -of [gi::getDialogs {giCloseFrame}] -value 299x108+811+500
