[22:42:56.64] /r giWindowId 0
[22:42:56.64] /r giWindowGeometry 600x300
[22:42:56.65] /o 
              /c                                 Custom Compiler 
              /c 
              /c               Version N-2017.12-SP1-2 for linux64 - May 16, 2018 
              /c 
              /c                     Copyright (c) 2004 - 2018 Synopsys, Inc.
              /c    This software and the associated documentation are proprietary to Synopsys,
              /c  Inc. This software may only be used in accordance with the terms and conditions
              /c  of a written license agreement with Synopsys, Inc. All other use, reproduction,
              /c             or distribution of this software is strictly prohibited.
              /c 
              /c Build  (OPT) Config 4182185 compiled on Wed May 16 15:20:56 2018 for RHEL64 6.6
              /c Invocation: /usr/synopsys/customcompiler/N-2017.12-SP1-2/linux64/platform/bin/cdesigner
              /c Execution time: Fri May 15 22:42:54 2026
              /c Host: localhost.localdomain
              /c Working directory: /home/itsupport/Desktop/lab1vlsi
              /c 
[22:42:58.25] /r giShowFrameTabs true
[22:42:58.25] /r giWindowId 1
[22:42:58.25] /r giWindowGeometry 1040x800
[22:43:57.51] /# gi::pressButton {/scroll/scrollArea/scrollAreaInnerWidget/applications/dmLibraryManager} -in [gi::getWindows 1]
[22:43:57.52] /# 
[22:43:57.52] /i dm::openLibraryManager
[22:43:57.52] /r giWindowId 2
[22:43:57.52] /r giWindowGeometry 660x600+50+78
[22:43:57.55] /o oa:0x1a3e69b0
[22:43:59.17] /i gi::setCurrentIndex {libs} -index {inverter} -in [gi::getWindows 2]
[22:43:59.19] /i gi::setItemSelection {libs} -index {inverter} -in [gi::getWindows 2]
[22:44:00.79] /i gi::setCurrentIndex {cellCategories} -index {LAB3} -in [gi::getWindows 2]
[22:44:00.79] /i gi::setItemSelection {cellCategories} -index {LAB3} -in [gi::getWindows 2]
[22:44:01.92] /i gi::setCurrentIndex {cells} -index {NAND2} -in [gi::getWindows 2]
[22:44:01.92] /i gi::setItemSelection {cells} -index {NAND2} -in [gi::getWindows 2]
[22:44:03.06] /i gi::setCurrentIndex {views} -index {schematic} -in [gi::getWindows 2]
[22:44:03.06] /i gi::setItemSelection {views} -index {schematic} -in [gi::getWindows 2]
[22:44:03.47] /i gi::setCurrentIndex {views} -index {symbol} -in [gi::getWindows 2]
[22:44:03.47] /i gi::setItemSelection {views} -index {symbol} -in [gi::getWindows 2]
[22:44:03.98] /i gi::executeAction dmOpen -in [gi::getWindows 2]
[22:44:03.98] /m Information: License 'Schematic' checked out. (LICENSE-003)
[22:44:04.00] /w Warning: Preference 'leActiveLPP' is deprecated and scheduled for removal in a future release with no replacement. For migration assistance, see the Custom Compiler Tcl Reference Manual. (PREFERENCE-058)
[22:44:04.01] /o 	#######################################
[22:44:04.01] /o 	PDK Library Name	: reference90RF
[22:44:04.01] /o 	PDK Version		: 2.0
[22:44:04.01] /o 	PDK Release Date	: 25-March-2010 
[22:44:04.01] /o 	#######################################
[22:44:04.01] /o 
[22:44:04.04] /r giWindowId 3
[22:44:04.04] /r giWindowGeometry 1632x1020
[22:44:06.73] /# gi::executeAction seButton1DragStart -in [gi::getWindows 3]
[22:44:06.73] /i ise::stretch -object [de::getActiveFigure [gi::getWindows 3] -point {4.55625 1.49375} -index 0 -intent none] -point {4.5625 1.5}
[22:44:07.26] /# gi::executeAction deEndDrag -in [gi::getWindows 3]
[22:44:07.26] /i de::endDrag {4.6875 1.34375} -context [db::getNext [de::getContexts -window 3]]
[22:44:07.91] /# gi::executeAction seButton1DragStart -in [gi::getWindows 3]
[22:44:07.91] /i ise::stretch -object [de::getActiveFigure [gi::getWindows 3] -point {4.6125 1.49375} -index 0 -intent none] -point {4.625 1.5}
[22:44:09.37] /# gi::executeAction deEndDrag -in [gi::getWindows 3]
[22:44:09.37] /i de::endDrag {4.65625 1.48125} -context [db::getNext [de::getContexts -window 3]]
[22:44:10.04] /# gi::executeAction deCanvasZoomOutAtPoint -in [gi::getWindows 3]
[22:44:10.04] /i de::zoom -window [gi::getWindows 3] -factor 0.5 -center {4.4875 1.4875}
[22:44:10.04] /o {0.525 -0.10625} {5.25 3.13125}
[22:44:10.09] /# gi::executeAction deCanvasZoomOutAtPoint -in [gi::getWindows 3]
[22:44:10.09] /i de::zoom -window [gi::getWindows 3] -factor 0.5 -center {4.48125 1.5}
[22:44:10.09] /o {-3.43125 -1.7125} {6.01875 4.7625}
[22:44:11.17] /i db::setAttr maximized -of [gi::getFrames 1] -value true
[22:44:11.52] /i db::setAttr geometry -of [gi::getFrames 1] -value 1910x1101+5+56
[22:44:12.49] /# gi::executeAction seCreateShape -in [gi::getWindows 3]
[22:44:12.50] /i ise::createShape
[22:44:12.85] /# gi::executeAction deCanvasZoomInAtPoint -in [gi::getWindows 3]
[22:44:12.85] /i de::zoom -window [gi::getWindows 3] -factor 2.0 -center {2.55 3.43125}
[22:44:12.85] /o {-0.4375 -0.45} {8.40625 4.09375}
[22:44:13.09] /# gi::executeAction deCanvasZoomInAtPoint -in [gi::getWindows 3]
[22:44:13.09] /i de::zoom -window [gi::getWindows 3] -factor 2.0 -center {2.5 3.4375}
[22:44:13.09] /o {1.03125 1.49375} {5.45 3.76875}
[22:44:13.45] /# gi::executeAction deCanvasZoomOutAtPoint -in [gi::getWindows 3]
[22:44:13.45] /i de::zoom -window [gi::getWindows 3] -factor 0.5 -center {2.1125 3.31875}
[22:44:13.45] /o {-0.05 -0.33125} {8.79375 4.2125}
[22:44:13.95] /# gi::executeAction deFitView -in [gi::getWindows 3]
[22:44:13.95] /i de::fit -window 3 -fitView true
[22:44:13.95] /o {2.50625 0.875} {4.93125 2.125}
[22:44:15.62] /i gi::pressButton {seShapeTypeCircle} -in [gi::getToolbars {deCommandOptions} -from [gi::getWindows 3]]
[22:44:16.85] /# gi::executeAction deStartDrag -in [gi::getWindows 3]
[22:44:16.85] /i de::startDrag {4.525 1.53125} -context [db::getNext [de::getContexts -window 3]]
[22:44:17.36] /# gi::executeAction deEndDrag -in [gi::getWindows 3]
[22:44:17.36] /i de::endDrag {4.625 1.44375} -context [db::getNext [de::getContexts -window 3]]
[22:44:17.67] /# gi::executeAction deAbortCommand -in [gi::getWindows 3]
[22:44:17.67] /i de::abortCommand -context [db::getNext [de::getContexts -window 3]]
[22:44:18.20] /# gi::executeAction deSelectActive -in [gi::getWindows 3]
[22:44:18.20] /i de::deselectAll [db::getNext [de::getContexts -window 3]]
[22:44:18.20] /i de::select [de::getActiveFigure [gi::getWindows 3] -point {4.60625 1.6125} -index 0 -intent none]
[22:44:18.20] /o oa:0x1e16f530
[22:44:18.70] /# gi::executeAction seButton1DragStart -in [gi::getWindows 3]
[22:44:18.70] /i ise::stretch -point {4.625 1.625}
[22:44:19.91] /# gi::executeAction deEndDrag -in [gi::getWindows 3]
[22:44:19.91] /i de::endDrag {4.75625 1.5625} -context [db::getNext [de::getContexts -window 3]]
[22:44:20.80] /# gi::executeAction seButton1DragStart -in [gi::getWindows 3]
[22:44:20.80] /i ise::stretch -object [de::getActiveFigure [gi::getWindows 3] -point {4.69375 1.38125} -index 0 -intent none] -point {4.6875 1.375}
[22:44:22.79] /# gi::executeAction deEndDrag -in [gi::getWindows 3]
[22:44:22.79] /i de::endDrag {4.85 1.5} -context [db::getNext [de::getContexts -window 3]]
[22:44:23.36] /# gi::executeAction deFitView -in [gi::getWindows 3]
[22:44:23.36] /i de::fit -window 3 -fitView true
[22:44:23.36] /o {2.49375 0.8375} {5.06875 2.1625}
[22:44:24.72] /# gi::executeAction seButton1DragStart -in [gi::getWindows 3]
[22:44:24.72] /i ise::stretch -object [de::getActiveFigure [gi::getWindows 3] -point {4.6875 1.49375} -index 0 -intent none] -point {4.6875 1.5}
[22:44:25.44] /# gi::executeAction deEndDrag -in [gi::getWindows 3]
[22:44:25.44] /i de::endDrag {4.95625 1.49375} -context [db::getNext [de::getContexts -window 3]]
[22:44:25.85] /# gi::executeAction deSelectActive -in [gi::getWindows 3]
[22:44:25.85] /i de::deselectAll [db::getNext [de::getContexts -window 3]]
[22:44:25.85] /i de::select [de::getActiveFigure [gi::getWindows 3] -point {4.875 1.5125} -index 0 -intent none]
[22:44:25.85] /o oa:0x1edb4000
[22:44:26.41] /# gi::executeAction seButton1DragStart -in [gi::getWindows 3]
[22:44:26.41] /i ise::stretch -point {4.875 1.5}
[22:44:27.90] /# gi::executeAction deEndDrag -in [gi::getWindows 3]
[22:44:27.90] /i de::endDrag {4.83125 1.5} -context [db::getNext [de::getContexts -window 3]]
[22:44:28.35] /# gi::executeAction deSelectActive -in [gi::getWindows 3]
[22:44:28.35] /i de::deselectAll [db::getNext [de::getContexts -window 3]]
[22:44:28.35] /i de::select [de::getActiveFigure [gi::getWindows 3] -point {4.94375 1.49375} -index 0 -intent none]
[22:44:28.35] /o oa:0x1ee91150
[22:44:28.74] /# gi::executeAction seButton1DragStart -in [gi::getWindows 3]
[22:44:28.74] /i ise::stretch -point {4.9375 1.5}
[22:44:29.18] /# gi::executeAction deEndDrag -in [gi::getWindows 3]
[22:44:29.18] /i de::endDrag {4.8875 1.49375} -context [db::getNext [de::getContexts -window 3]]
[22:44:29.55] /# gi::executeAction deSelectActive -in [gi::getWindows 3]
[22:44:29.55] /i de::deselectAll [db::getNext [de::getContexts -window 3]]
[22:44:29.55] /i de::deselectAllLogic -context [db::getNext [de::getContexts -window 3]]
[22:44:31.26] /i gi::executeAction deSaveDesign -in [gi::getWindows 3]
[22:44:31.26] /m Information: Saving design 'inverter NAND2 symbol'. (DESIGN_WINDOW-004)
[22:44:31.41] /i gi::executeAction deSaveDesign -in [gi::getWindows 3]
[22:44:31.41] /m Information: Saving design 'inverter NAND2 symbol'. (DESIGN_WINDOW-004)
[22:44:31.54] /i gi::executeAction deSaveDesign -in [gi::getWindows 3]
[22:44:31.54] /m Information: Saving design 'inverter NAND2 symbol'. (DESIGN_WINDOW-004)
[22:44:31.68] /i gi::executeAction deSaveDesign -in [gi::getWindows 3]
[22:44:31.68] /m Information: Saving design 'inverter NAND2 symbol'. (DESIGN_WINDOW-004)
[22:44:32.38] /i gi::setActiveWindow 2
[22:44:32.38] /i gi::setActiveWindow 2 -raise true
[22:44:34.91] /i gi::setCurrentIndex {cells} -index {NAND2_tb} -in [gi::getWindows 2]
[22:44:34.91] /i gi::setItemSelection {cells} -index {NAND2_tb} -in [gi::getWindows 2]
[22:44:35.61] /i gi::setCurrentIndex {views} -index {schematic} -in [gi::getWindows 2]
[22:44:35.61] /i gi::setItemSelection {views} -index {schematic} -in [gi::getWindows 2]
[22:44:35.78] /i gi::executeAction dmOpen -in [gi::getWindows 2]
[22:44:35.82] /r giWindowId 4
[22:44:35.82] /r giWindowGeometry 1632x1020
[22:44:35.95] /m Information: 
[22:44:35.95] /o Checking "inverter/NAND2_tb/schematic"
[22:44:35.95] /o No rule violations found in "inverter/NAND2_tb/schematic"
[22:44:35.95] /m Information: Checking process is completed: marking the design violations
[22:44:35.95] /m Information: Marking of designs is completed
[22:44:38.93] /# gi::executeAction deSelectActive -in [gi::getWindows 4]
[22:44:38.93] /i de::deselectAll [db::getNext [de::getContexts -window 4]]
[22:44:38.93] /i de::select [de::getActiveFigure [gi::getWindows 4] -point {6.475 2.38125} -index 0 -intent none]
[22:44:38.93] /o oa:0x1ee403a0
[22:44:39.67] /# gi::executeAction seDelete -in [gi::getWindows 4]
[22:44:39.67] /i ise::delete
[22:44:40.58] /# gi::executeAction deSelectActive -in [gi::getWindows 4]
[22:44:40.58] /i de::deselectAllLogic -context [db::getNext [de::getContexts -window 4]]
[22:44:41.49] /# gi::executeAction deFitEdit -in [gi::getWindows 4]
[22:44:41.49] /i de::fit -window 4 -fitEdit true
[22:44:41.49] /o {1.2125 0.04375} {8.03125 4.20625}
[22:46:34.24] /i gi::setActiveWindow 3
[22:46:34.24] /i gi::setActiveWindow 3 -raise true
[22:46:35.26] /# gi::executeAction deCanvasZoomOutAtPoint -in [gi::getWindows 3]
[22:46:35.26] /i de::zoom -window [gi::getWindows 3] -factor 0.5 -center {3.5625 1.76875}
[22:46:35.26] /o {1.43125 -0.0875} {6.56875 2.55}
[22:46:36.47] /i gi::executeAction giCloseWindow -in [gi::getWindows 3]
[22:46:36.48] /i gi::setActiveWindow 4
[22:46:36.48] /i gi::setActiveWindow 4 -raise true
[22:46:37.78] /# gi::executeAction deSelectActive -in [gi::getWindows 4]
[22:46:37.78] /i de::deselectAll [db::getNext [de::getContexts -window 4]]
[22:46:37.79] /i de::select [de::getActiveFigure [gi::getWindows 4] -point {2.74375 2.25} -index 0 -intent none]
[22:46:37.79] /o oa:0x1e82ede0
[22:46:39.77] /# gi::executeAction deSelectActive -in [gi::getWindows 4]
[22:46:39.77] /i de::deselectAll [db::getNext [de::getContexts -window 4]]
[22:46:39.77] /i de::select [de::getActiveFigure [gi::getWindows 4] -point {3.2375 1.28125} -index 0 -intent none]
[22:46:39.77] /o oa:0x1c670780
[22:55:09.03] /# gi::executeAction deSelectActive -in [gi::getWindows 4]
[22:55:09.03] /i de::deselectAll [db::getNext [de::getContexts -window 4]]
[22:55:09.03] /i de::select [de::getActiveFigure [gi::getWindows 4] -point {6.96875 1.675} -index 0 -intent none]
[22:55:09.03] /o oa:0x1eb94250
[22:55:09.90] /i gi::setItemSelection {parameters} -index {c,all} -in [gi::getAssistants dePropertyEditor -from [gi::getWindows 4]]
[22:55:09.91] /i gi::setCurrentIndex {parameters} -index {c,Value} -in [gi::getAssistants dePropertyEditor -from [gi::getWindows 4]]
[22:55:12.20] /i gi::setField {parameters} -value {5f} -index {c,Value} -in [gi::getAssistants dePropertyEditor -from [gi::getWindows 4]]
[22:55:12.20] /i gi::executeAction dePropertyEditorApplyChanges -in [gi::getAssistants dePropertyEditor -from [gi::getWindows 4]]
[22:55:14.93] /# gi::executeAction seShowConsoleForWindow -in [gi::getWindows 4]
[22:55:14.93] /i sa::showConsole -context [db::getNext [de::getContexts -window 4]]
[22:55:16.53] /m Information: License 'SAE' checked out. (LICENSE-003)
[22:55:16.55] /r giWindowId 5
[22:55:16.56] /r giWindowGeometry 600x500
[22:55:16.66] /o oa:0x2347af30
[22:55:16.71] /m Information: Launching Background sae_shell Server Process "cd /home/itsupport/Desktop/lab1vlsi && sae_shell -log sae_shell_session0_job1 -libDefFile /home/itsupport/Desktop/lab1vlsi/lib.defs"
[22:55:18.41] /# gi::executeAction saLoadState -in [gi::getWindows 5]
[22:55:18.41] /i sa::showLoadState -parent 5
[22:55:18.44] /e Error: parse error in '/home/itsupport/.synopsys_custom/sae_states/inverter/NAND2_tb/HSPICE/HSPICE_default/state.xml' at index (1,1): unexpected end of file (OPAL-006)
[22:55:18.62] /e Error: parse error in '/home/itsupport/.synopsys_custom/sae_states/inverter/NAND2_tb/HSPICE/HSPICE_default/state.xml' at index (1,1): unexpected end of file (OPAL-006)
[22:55:18.62] /e Error: parse error in '/home/itsupport/.synopsys_custom/sae_states/inverter/NAND2_tb/HSPICE/HSPICE_default/state.xml' at index (1,1): unexpected end of file (TCL)
[22:55:18.71] /i gi::setActiveDialog [gi::getDialogs {saShowLoadState} -parent [gi::getWindows 5]]
[22:55:18.99] /i db::setAttr geometry -of [gi::getDialogs {saShowLoadState} -parent [gi::getWindows 5]] -value 603x720+778+424
[22:55:20.37] /i gi::pressButton {/apply} -in [gi::getDialogs {saShowLoadState} -parent [gi::getWindows 5]]
[22:55:20.37] /e Error: Error: Unable to retrieve attribute 'simulator' from the empty object. (TCL_OBJECT-081) (OPAL-006)
[22:55:20.37] /o Error: Unable to retrieve attribute 'simulator' from the empty object. (TCL_OBJECT-081)
[22:55:20.50] /m Information: Received ready-for-commands signal from background job 'sae_shell_session0_job1' after 4 seconds.
[22:55:20.83] /i gi::pressButton {/ok} -in [gi::getDialogs {saShowLoadState} -parent [gi::getWindows 5]]
[22:55:20.83] /e Error: Error: Unable to retrieve attribute 'simulator' from the empty object. (TCL_OBJECT-081) (OPAL-006)
[22:55:20.83] /o Error: Unable to retrieve attribute 'simulator' from the empty object. (TCL_OBJECT-081)
[22:55:22.83] /i gi::pressButton {/apply} -in [gi::getDialogs {saShowLoadState} -parent [gi::getWindows 5]]
[22:55:22.83] /e Error: Error: Unable to retrieve attribute 'simulator' from the empty object. (TCL_OBJECT-081) (OPAL-006)
[22:55:22.83] /o Error: Unable to retrieve attribute 'simulator' from the empty object. (TCL_OBJECT-081)
[22:55:23.29] /i gi::pressButton {/ok} -in [gi::getDialogs {saShowLoadState} -parent [gi::getWindows 5]]
[22:55:23.29] /e Error: Error: Unable to retrieve attribute 'simulator' from the empty object. (TCL_OBJECT-081) (OPAL-006)
[22:55:23.29] /o Error: Unable to retrieve attribute 'simulator' from the empty object. (TCL_OBJECT-081)
[22:55:23.53] /i gi::pressButton {/ok} -in [gi::getDialogs {saShowLoadState} -parent [gi::getWindows 5]]
[22:55:23.53] /e Error: Error: Unable to retrieve attribute 'simulator' from the empty object. (TCL_OBJECT-081) (OPAL-006)
[22:55:23.53] /o Error: Unable to retrieve attribute 'simulator' from the empty object. (TCL_OBJECT-081)
[22:55:23.67] /i gi::pressButton {/ok} -in [gi::getDialogs {saShowLoadState} -parent [gi::getWindows 5]]
[22:55:23.67] /e Error: Error: Unable to retrieve attribute 'simulator' from the empty object. (TCL_OBJECT-081) (OPAL-006)
[22:55:23.67] /o Error: Unable to retrieve attribute 'simulator' from the empty object. (TCL_OBJECT-081)
[22:55:23.82] /i gi::pressButton {/ok} -in [gi::getDialogs {saShowLoadState} -parent [gi::getWindows 5]]
[22:55:23.82] /e Error: Error: Unable to retrieve attribute 'simulator' from the empty object. (TCL_OBJECT-081) (OPAL-006)
[22:55:23.82] /o Error: Unable to retrieve attribute 'simulator' from the empty object. (TCL_OBJECT-081)
[22:55:23.96] /i gi::pressButton {/ok} -in [gi::getDialogs {saShowLoadState} -parent [gi::getWindows 5]]
[22:55:23.97] /e Error: Error: Unable to retrieve attribute 'simulator' from the empty object. (TCL_OBJECT-081) (OPAL-006)
[22:55:23.97] /o Error: Unable to retrieve attribute 'simulator' from the empty object. (TCL_OBJECT-081)
[22:55:24.11] /i gi::pressButton {/ok} -in [gi::getDialogs {saShowLoadState} -parent [gi::getWindows 5]]
[22:55:24.12] /e Error: Error: Unable to retrieve attribute 'simulator' from the empty object. (TCL_OBJECT-081) (OPAL-006)
[22:55:24.12] /o Error: Unable to retrieve attribute 'simulator' from the empty object. (TCL_OBJECT-081)
[22:55:24.25] /i gi::pressButton {/ok} -in [gi::getDialogs {saShowLoadState} -parent [gi::getWindows 5]]
[22:55:24.25] /e Error: Error: Unable to retrieve attribute 'simulator' from the empty object. (TCL_OBJECT-081) (OPAL-006)
[22:55:24.25] /o Error: Unable to retrieve attribute 'simulator' from the empty object. (TCL_OBJECT-081)
[22:55:25.02] /i gi::closeWindows [gi::getDialogs {saShowLoadState} -parent [gi::getWindows 5]]
[22:55:25.80] /i gi::executeAction menuPreShow -in [gi::getWindows 5]
[22:55:25.80] /r giMenuAccess db::getNext [gi::getMenus saConsoleSessionMenu -from [gi::getWindows 5]]
[22:55:27.89] /# gi::executeAction saLoadState -in [gi::getWindows 5]
[22:55:27.89] /i sa::showLoadState -parent 5
[22:55:27.96] /o oa:0x23a72b70
[22:55:28.02] /i gi::setActiveDialog [gi::getDialogs {saShowLoadState} -parent [gi::getWindows 5]]
[22:55:28.29] /i db::setAttr geometry -of [gi::getDialogs {saShowLoadState} -parent [gi::getWindows 5]] -value 603x720+778+387
[22:55:30.61] /i gi::pressButton {/apply} -in [gi::getDialogs {saShowLoadState} -parent [gi::getWindows 5]]
[22:55:30.61] /e Error: The requested action could not be completed because one or more inputs are incomplete or invalid. (CUSTOM_WIDGETS-001)
[22:55:31.17] /i gi::pressButton {/ok} -in [gi::getDialogs {saShowLoadState} -parent [gi::getWindows 5]]
[22:55:31.18] /e Error: The requested action could not be completed because one or more inputs are incomplete or invalid. (CUSTOM_WIDGETS-001)
[22:55:34.47] /i gi::setField {/libs} -value {inverter} -in [gi::getDialogs {saShowLoadState} -parent [gi::getWindows 5]]
[22:55:36.60] /i gi::setField {/cells} -value {NAND2_tb} -in [gi::getDialogs {saShowLoadState} -parent [gi::getWindows 5]]
[22:55:38.03] /e Error: parse error in '/home/itsupport/.synopsys_custom/sae_states/inverter/NAND2_tb/HSPICE/HSPICE_default/state.xml' at index (1,1): unexpected end of file (OPAL-006)
[22:55:38.03] /i gi::setField {/simulators} -value {HSPICE} -in [gi::getDialogs {saShowLoadState} -parent [gi::getWindows 5]]
[22:55:39.30] /i gi::pressButton {/apply} -in [gi::getDialogs {saShowLoadState} -parent [gi::getWindows 5]]
[22:55:39.30] /e Error: Error: Unable to retrieve attribute 'simulator' from the empty object. (TCL_OBJECT-081) (OPAL-006)
[22:55:39.30] /o Error: Unable to retrieve attribute 'simulator' from the empty object. (TCL_OBJECT-081)
[22:55:39.76] /i gi::pressButton {/ok} -in [gi::getDialogs {saShowLoadState} -parent [gi::getWindows 5]]
[22:55:39.76] /e Error: Error: Unable to retrieve attribute 'simulator' from the empty object. (TCL_OBJECT-081) (OPAL-006)
[22:55:39.76] /o Error: Unable to retrieve attribute 'simulator' from the empty object. (TCL_OBJECT-081)
[22:55:40.16] /i gi::pressButton {/ok} -in [gi::getDialogs {saShowLoadState} -parent [gi::getWindows 5]]
[22:55:40.16] /e Error: Error: Unable to retrieve attribute 'simulator' from the empty object. (TCL_OBJECT-081) (OPAL-006)
[22:55:40.16] /o Error: Unable to retrieve attribute 'simulator' from the empty object. (TCL_OBJECT-081)
[22:55:40.31] /i gi::pressButton {/ok} -in [gi::getDialogs {saShowLoadState} -parent [gi::getWindows 5]]
[22:55:40.32] /e Error: Error: Unable to retrieve attribute 'simulator' from the empty object. (TCL_OBJECT-081) (OPAL-006)
[22:55:40.32] /o Error: Unable to retrieve attribute 'simulator' from the empty object. (TCL_OBJECT-081)
[22:55:40.45] /i gi::pressButton {/ok} -in [gi::getDialogs {saShowLoadState} -parent [gi::getWindows 5]]
[22:55:40.45] /e Error: Error: Unable to retrieve attribute 'simulator' from the empty object. (TCL_OBJECT-081) (OPAL-006)
[22:55:40.45] /o Error: Unable to retrieve attribute 'simulator' from the empty object. (TCL_OBJECT-081)
[22:59:19.88] /i gi::pressButton {/apply} -in [gi::getDialogs {saShowLoadState} -parent [gi::getWindows 5]]
[22:59:19.88] /e Error: Error: Unable to retrieve attribute 'simulator' from the empty object. (TCL_OBJECT-081) (OPAL-006)
[22:59:19.88] /o Error: Unable to retrieve attribute 'simulator' from the empty object. (TCL_OBJECT-081)
[22:59:20.32] /i gi::pressButton {/ok} -in [gi::getDialogs {saShowLoadState} -parent [gi::getWindows 5]]
[22:59:20.32] /e Error: Error: Unable to retrieve attribute 'simulator' from the empty object. (TCL_OBJECT-081) (OPAL-006)
[22:59:20.32] /o Error: Unable to retrieve attribute 'simulator' from the empty object. (TCL_OBJECT-081)
[22:59:21.15] /i gi::closeWindows [gi::getDialogs {saShowLoadState} -parent [gi::getWindows 5]]
[22:59:23.35] /i gi::executeAction menuPreShow -in [gi::getWindows 5]
[22:59:23.35] /r giMenuAccess db::getNext [gi::getMenus saVariablesMenu -from [gi::getWindows 5]]
[22:59:24.11] /i gi::executeAction menuPreShow -in [gi::getWindows 5]
[22:59:24.11] /r giMenuAccess db::getNext [gi::getMenus saConsoleOutputsMenu -from [gi::getWindows 5]]
[22:59:25.68] /i gi::setActiveWindow 4
[22:59:25.68] /i gi::setActiveWindow 4 -raise true
[22:59:28.18] /i gi::setActiveWindow 5
[22:59:28.18] /i gi::setActiveWindow 5 -raise true
[22:59:29.25] /i gi::executeAction menuPreShow -in [gi::getWindows 5]
[22:59:29.25] /r giMenuAccess db::getNext [gi::getMenus saConsoleSetupMenu -from [gi::getWindows 5]]
[22:59:29.35] /i gi::executeAction menuPreShow -in [gi::getWindows 5]
[22:59:29.35] /r giMenuAccess db::getNext [gi::getMenus saConsoleSessionMenu -from [gi::getWindows 5]]
[22:59:30.10] /i gi::executeAction menuPreShow -in [gi::getWindows 5]
[22:59:30.10] /r giMenuAccess db::getNext [gi::getMenus saConsoleSetupMenu -from [gi::getWindows 5]]
[22:59:31.24] /# gi::executeAction saShowEditAnalyses -in [gi::getWindows 5]
[22:59:31.24] /i sa::showEditAnalyses -parent 5 -analysisName "" 
[22:59:31.33] /o oa:0x236fb850
[22:59:31.37] /i gi::setActiveDialog [gi::getDialogs {saEditAnalysesDialogXsaeSession0} -parent [gi::getWindows 5]]
[22:59:31.67] /i db::setAttr geometry -of [gi::getDialogs {saEditAnalysesDialogXsaeSession0} -parent [gi::getWindows 5]] -value 633x680+762+450
[22:59:37.35] /i gi::setField {/analysesGroups/tabGeneral/anaPane/step} -value {1p} -in [gi::getDialogs {saEditAnalysesDialogXsaeSession0} -parent [gi::getWindows 5]]
[22:59:39.30] /i gi::setField {/analysesGroups/tabGeneral/anaPane/stop} -value {20n} -in [gi::getDialogs {saEditAnalysesDialogXsaeSession0} -parent [gi::getWindows 5]]
[22:59:39.36] /i gi::pressButton {/apply} -in [gi::getDialogs {saEditAnalysesDialogXsaeSession0} -parent [gi::getWindows 5]]
[22:59:39.38] /o tran
[22:59:39.75] /i gi::pressButton {/ok} -in [gi::getDialogs {saEditAnalysesDialogXsaeSession0} -parent [gi::getWindows 5]]
[22:59:41.67] /i gi::setCurrentIndex {variablesTable} -index {1,0} -in [gi::getWindows 5]
[22:59:43.19] /i gi::setField {variablesTable} -index {1,0} -value {a} -in [gi::getWindows 5]
[22:59:43.20] /i gi::setField {variablesTable} -index {1,0} -value {a} -in [gi::getWindows 5]
[22:59:44.12] /i gi::setCurrentIndex {variablesTable} -index {2,0} -in [gi::getWindows 5]
[22:59:44.98] /i gi::setField {variablesTable} -index {2,0} -value {b} -in [gi::getWindows 5]
[22:59:44.98] /i gi::setField {variablesTable} -index {2,0} -value {b} -in [gi::getWindows 5]
[22:59:45.84] /i gi::setCurrentIndex {variablesTable} -index {3,0} -in [gi::getWindows 5]
[22:59:48.39] /i gi::setField {variablesTable} -index {3,0} -value {l} -in [gi::getWindows 5]
[22:59:48.39] /i gi::setField {variablesTable} -index {3,0} -value {l} -in [gi::getWindows 5]
[22:59:49.59] /i gi::setActiveWindow 4
[22:59:49.59] /i gi::setActiveWindow 4 -raise true
[22:59:50.37] /# gi::executeAction deSelectActive -in [gi::getWindows 4]
[22:59:50.37] /i de::deselectAll [db::getNext [de::getContexts -window 4]]
[22:59:50.37] /i de::select [de::getActiveFigure [gi::getWindows 4] -point {5.11875 2.6875} -index 0 -intent none]
[22:59:50.37] /o oa:0x237e8970
[22:59:50.50] /# gi::executeAction deDescend -in [gi::getWindows 4]
[22:59:50.50] /i ide::descend 4 -inPlace false -promptView false -readOnly auto
[22:59:50.51] /# Navigating to inverter/NAND2/schematic (I0)
[22:59:50.55] /o true
[22:59:52.16] /# gi::executeAction deSelectActive -in [gi::getWindows 4]
[22:59:52.16] /i de::deselectAll [db::getNext [de::getContexts -window 4]]
[22:59:52.17] /i de::select [de::getActiveFigure [gi::getWindows 4] -point {3.2125 6.91875} -index 0 -intent none]
[22:59:52.17] /o oa:0x23702810
[22:59:54.55] /i gi::setItemSelection {parameters} -index {l,all} -in [gi::getAssistants dePropertyEditor -from [gi::getWindows 4]]
[22:59:54.55] /i gi::setCurrentIndex {parameters} -index {l,Value} -in [gi::getAssistants dePropertyEditor -from [gi::getWindows 4]]
[22:59:55.72] /i gi::setField {parameters} -value {l} -index {l,Value} -in [gi::getAssistants dePropertyEditor -from [gi::getWindows 4]]
[22:59:55.72] /i gi::executeAction dePropertyEditorApplyChanges -in [gi::getAssistants dePropertyEditor -from [gi::getWindows 4]]
[22:59:58.57] /# gi::executeAction deSelectActive -in [gi::getWindows 4]
[22:59:58.57] /i de::deselectAll [db::getNext [de::getContexts -window 4]]
[22:59:58.57] /i de::select [de::getActiveFigure [gi::getWindows 4] -point {3.23125 5.46875} -index 0 -intent none]
[22:59:58.57] /o oa:0x248640e0
[22:59:59.59] /i gi::setItemSelection {parameters} -index {w,all} -in [gi::getAssistants dePropertyEditor -from [gi::getWindows 4]]
[22:59:59.59] /i gi::setCurrentIndex {parameters} -index {w,Value} -in [gi::getAssistants dePropertyEditor -from [gi::getWindows 4]]
[23:00:01.01] /i gi::setField {parameters} -value {b} -index {w,Value} -in [gi::getAssistants dePropertyEditor -from [gi::getWindows 4]]
[23:00:01.01] /i gi::executeAction dePropertyEditorApplyChanges -in [gi::getAssistants dePropertyEditor -from [gi::getWindows 4]]
[23:00:05.45] /i gi::setItemSelection {parameters} -index {l,all} -in [gi::getAssistants dePropertyEditor -from [gi::getWindows 4]]
[23:00:05.45] /i gi::setCurrentIndex {parameters} -index {l,Value} -in [gi::getAssistants dePropertyEditor -from [gi::getWindows 4]]
[23:00:06.53] /i gi::setField {parameters} -value {l} -index {l,Value} -in [gi::getAssistants dePropertyEditor -from [gi::getWindows 4]]
[23:00:06.53] /i gi::executeAction dePropertyEditorApplyChanges -in [gi::getAssistants dePropertyEditor -from [gi::getWindows 4]]
[23:00:07.85] /# gi::executeAction deSelectActive -in [gi::getWindows 4]
[23:00:07.85] /i de::deselectAll [db::getNext [de::getContexts -window 4]]
[23:00:07.85] /i de::select [de::getActiveFigure [gi::getWindows 4] -point {3.16875 4.625} -index 0 -intent none]
[23:00:07.85] /o oa:0x24389970
[23:00:08.83] /i gi::setItemSelection {parameters} -index {lvs_model,all} -in [gi::getAssistants dePropertyEditor -from [gi::getWindows 4]]
[23:00:08.83] /i gi::setCurrentIndex {parameters} -index {lvs_model,Value} -in [gi::getAssistants dePropertyEditor -from [gi::getWindows 4]]
[23:00:09.40] /i gi::setItemSelection {parameters} -index {w,all} -in [gi::getAssistants dePropertyEditor -from [gi::getWindows 4]]
[23:00:09.40] /i gi::setCurrentIndex {parameters} -index {w,Value} -in [gi::getAssistants dePropertyEditor -from [gi::getWindows 4]]
[23:00:12.42] /i gi::setField {parameters} -value {b} -index {w,Value} -in [gi::getAssistants dePropertyEditor -from [gi::getWindows 4]]
[23:00:12.42] /i gi::executeAction dePropertyEditorApplyChanges -in [gi::getAssistants dePropertyEditor -from [gi::getWindows 4]]
[23:00:13.91] /i gi::setItemSelection {parameters} -index {l,all} -in [gi::getAssistants dePropertyEditor -from [gi::getWindows 4]]
[23:00:13.91] /i gi::setCurrentIndex {parameters} -index {l,Value} -in [gi::getAssistants dePropertyEditor -from [gi::getWindows 4]]
[23:00:15.03] /i gi::setField {parameters} -value {l} -index {l,Value} -in [gi::getAssistants dePropertyEditor -from [gi::getWindows 4]]
[23:00:15.03] /i gi::executeAction dePropertyEditorApplyChanges -in [gi::getAssistants dePropertyEditor -from [gi::getWindows 4]]
[23:00:17.31] /# gi::executeAction deSelectActive -in [gi::getWindows 4]
[23:00:17.31] /i de::deselectAll [db::getNext [de::getContexts -window 4]]
[23:00:17.31] /i de::select [de::getActiveFigure [gi::getWindows 4] -point {4.65 6.90625} -index 0 -intent none]
[23:00:17.31] /o oa:0x23f87d00
[23:00:18.92] /i gi::setItemSelection {parameters} -index {l,all} -in [gi::getAssistants dePropertyEditor -from [gi::getWindows 4]]
[23:00:18.92] /i gi::setCurrentIndex {parameters} -index {l,Value} -in [gi::getAssistants dePropertyEditor -from [gi::getWindows 4]]
[23:00:52.94] /o 
              /c *************************** P ************************
[23:00:52.94] /o 
[23:00:52.94] /o WARNING 0001> Parameter "Length" value "" is invalid, Resetting to default value.
[23:00:52.94] /o 
[23:00:52.94] /i gi::setField {parameters} -value {} -index {l,Value} -in [gi::getAssistants dePropertyEditor -from [gi::getWindows 4]]
[23:00:55.16] /# gi::executeAction deSelectActive -in [gi::getWindows 4]
[23:00:55.17] /i de::cycleActiveFigure [gi::getWindows 4] -direction next
[23:00:55.17] /o oa:0x243456f0
[23:00:56.06] /# gi::executeAction deSelectActive -in [gi::getWindows 4]
[23:00:56.06] /i de::deselectAll [db::getNext [de::getContexts -window 4]]
[23:00:56.11] /r giDialog gi::setActiveDialog [gi::getDialogs {dbSelectionChange} -parent [gi::getWindows 4]]
[23:00:56.39] /r giDialog db::setAttr geometry -of [gi::getDialogs {dbSelectionChange} -parent [gi::getWindows 4]] -value 432x82+744+573
[23:00:57.36] /r giDialog gi::closeWindows [gi::getDialogs {dbSelectionChange} -parent [gi::getWindows 4]]
[23:00:57.37] /o 0
[23:00:57.37] /i de::deselectAllLogic -context [db::getNext [de::getContexts -window 4]]
[23:00:58.08] /# gi::executeAction deSelectActive -in [gi::getWindows 4]
[23:00:58.08] /i de::deselectAll [db::getNext [de::getContexts -window 4]]
[23:00:58.08] /i de::select [de::getActiveFigure [gi::getWindows 4] -point {4.7125 6.83125} -index 0 -intent none]
[23:00:58.08] /o oa:0x23421e80
[23:01:16.80] /# gi::executeAction seButton1DragStart -in [gi::getWindows 4]
[23:01:16.80] /i ise::stretch -object [de::getActiveFigure [gi::getWindows 4] -point {4.81875 6.00625} -index 0 -intent none] -point {4.8125 6}
[23:01:17.43] /# gi::executeAction deEndDrag -in [gi::getWindows 4]
[23:01:17.44] /i de::endDrag {3.8125 5.9875} -context [db::getNext [de::getContexts -window 4]]
[23:01:20.03] /# gi::executeAction deSelectActive -in [gi::getWindows 4]
[23:01:20.03] /i de::deselectAll [db::getNext [de::getContexts -window 4]]
[23:01:20.03] /i de::select [de::getActiveFigure [gi::getWindows 4] -point {4.83125 6.4} -index 0 -intent none]
[23:01:20.03] /o oa:0x249b3470
[23:01:20.82] /# gi::executeAction seDelete -in [gi::getWindows 4]
[23:01:20.82] /i ise::delete
[23:01:21.75] /# gi::executeAction deCanvasZoomInAtPoint -in [gi::getWindows 4]
[23:01:21.75] /i de::zoom -window [gi::getWindows 4] -factor 2.0 -center {3.06875 6.4125}
[23:01:21.75] /o {1.4875 4.93125} {5.3 7.2625}
[23:01:22.58] /# gi::executeAction deSelectActive -in [gi::getWindows 4]
[23:01:22.58] /i de::deselectAll [db::getNext [de::getContexts -window 4]]
[23:01:22.58] /i de::select [de::getActiveFigure [gi::getWindows 4] -point {3.3125 6.3125} -index 0 -intent none]
[23:01:22.58] /o oa:0x248229f0
[23:01:23.30] /# gi::executeAction seDelete -in [gi::getWindows 4]
[23:01:23.30] /i ise::delete
[23:01:24.67] /# gi::executeAction seSchCreateWire -in [gi::getWindows 4]
[23:01:24.67] /i ise::createWire
[23:01:25.66] /# gi::executeAction deAddPoint -in [gi::getWindows 4]
[23:01:25.66] /i de::addPoint {3.3125 6.74375} -context [db::getNext [de::getContexts -window 4]]
[23:01:25.72] /i de::setCursor -point {3.3125 6.6875 }
[23:01:25.74] /i de::setCursor -point {3.375 6.6875 }
[23:01:25.78] /i de::setCursor -point {3.4375 6.5625 }
[23:01:27.32] /# gi::executeAction deAddPoint -in [gi::getWindows 4]
[23:01:27.32] /i de::addPoint {4.175 6.43125} -context [db::getNext [de::getContexts -window 4]]
[23:01:28.18] /# gi::executeAction deAddPoint -in [gi::getWindows 4]
[23:01:28.18] /i de::addPoint {4.18125 5.9875} -context [db::getNext [de::getContexts -window 4]]
[23:01:29.16] /# gi::executeAction deAddPoint -in [gi::getWindows 4]
[23:01:29.16] /i de::addPoint {4.8125 6.74375} -context [db::getNext [de::getContexts -window 4]]
[23:01:29.26] /i de::setCursor -point {4.75 6.6875 }
[23:01:29.27] /i de::setCursor -point {4.75 6.625 }
[23:01:32.61] /# gi::executeAction deAddPoint -in [gi::getWindows 4]
[23:01:32.61] /i de::addPoint {4.18125 6.26875} -context [db::getNext [de::getContexts -window 4]]
[23:01:33.53] /# gi::executeAction deAbortCommand -in [gi::getWindows 4]
[23:01:33.53] /i de::abortCommand -context [db::getNext [de::getContexts -window 4]]
[23:01:34.04] /# gi::executeAction deCanvasZoomOutAtPoint -in [gi::getWindows 4]
[23:01:34.04] /i de::zoom -window [gi::getWindows 4] -factor 0.5 -center {4.60625 5.925}
[23:01:34.04] /o {-1.625 3.94375} {5.9875 8.59375}
[23:01:34.53] /# gi::executeAction deCanvasZoomInAtPoint -in [gi::getWindows 4]
[23:01:34.54] /i de::zoom -window [gi::getWindows 4] -factor 2.0 -center {5.10625 7.14375}
[23:01:34.54] /o {1.7375 5.54375} {5.55 7.86875}
[23:01:35.13] /# gi::executeAction deSelectActive -in [gi::getWindows 4]
[23:01:35.13] /i de::deselectAll [db::getNext [de::getContexts -window 4]]
[23:01:35.13] /i de::select [de::getActiveFigure [gi::getWindows 4] -point {4.7 6.95} -index 0 -intent none]
[23:01:35.13] /o oa:0x2430f620
[23:01:37.22] /# gi::executeAction seRotateCCWCenter -in [gi::getWindows 4]
[23:01:37.22] /i se::move [de::getSelected -design [db::getAttr editDesign -of [db::getNext [de::getContexts -window 4]]]]  -rotate R90
[23:01:37.95] /# gi::executeAction seRotateCCWCenter -in [gi::getWindows 4]
[23:01:37.95] /i se::move [de::getSelected -design [db::getAttr editDesign -of [db::getNext [de::getContexts -window 4]]]]  -rotate R90
[23:01:40.28] /# gi::executeAction seRotateCCWCenter -in [gi::getWindows 4]
[23:01:40.28] /i se::move [de::getSelected -design [db::getAttr editDesign -of [db::getNext [de::getContexts -window 4]]]]  -rotate R90
[23:01:40.76] /# gi::executeAction seRotateCCWCenter -in [gi::getWindows 4]
[23:01:40.76] /i se::move [de::getSelected -design [db::getAttr editDesign -of [db::getNext [de::getContexts -window 4]]]]  -rotate R90
[23:02:38.78] /# gi::executeAction deSelectActive -in [gi::getWindows 4]
[23:02:38.78] /i de::deselectAll [db::getNext [de::getContexts -window 4]]
[23:02:38.78] /i de::deselectAllLogic -context [db::getNext [de::getContexts -window 4]]
[23:02:39.70] /# gi::executeAction deSelectActive -in [gi::getWindows 4]
[23:02:39.70] /i de::deselectAll [db::getNext [de::getContexts -window 4]]
[23:02:39.70] /i de::select [de::getActiveFigure [gi::getWindows 4] -point {4.71875 6.9625} -index 0 -intent none]
[23:02:39.70] /o oa:0x247dd9c0
[23:02:41.49] /# gi::executeAction seRotateCCWCenter -in [gi::getWindows 4]
[23:02:41.49] /i se::move [de::getSelected -design [db::getAttr editDesign -of [db::getNext [de::getContexts -window 4]]]]  -rotate R90
[23:02:42.17] /# gi::executeAction seRotateCCWCenter -in [gi::getWindows 4]
[23:02:42.17] /i se::move [de::getSelected -design [db::getAttr editDesign -of [db::getNext [de::getContexts -window 4]]]]  -rotate R90
[23:02:44.84] /# gi::executeAction deSelectActive -in [gi::getWindows 4]
[23:02:44.84] /i de::deselectAll [db::getNext [de::getContexts -window 4]]
[23:02:44.84] /i de::deselectAllLogic -context [db::getNext [de::getContexts -window 4]]
[23:02:45.72] /# gi::executeAction seButton1DragStart -in [gi::getWindows 4]
[23:02:45.72] /i ise::stretch -object [de::getActiveFigure [gi::getWindows 4] -point {4.79375 6.75} -index 0 -intent none] -point {4.8125 6.75}
[23:02:45.73] /# gi::executeAction deEndDrag -in [gi::getWindows 4]
[23:02:45.73] /i de::endDrag {4.71875 6.95} -context [db::getNext [de::getContexts -window 4]]
[23:02:47.38] /# gi::executeAction deSelectActive -in [gi::getWindows 4]
[23:02:47.38] /i de::deselectAllLogic -context [db::getNext [de::getContexts -window 4]]
[23:02:47.72] /# gi::executeAction deSelectActive -in [gi::getWindows 4]
[23:02:47.72] /i de::deselectAll [db::getNext [de::getContexts -window 4]]
[23:02:47.72] /i de::select [de::getActiveFigure [gi::getWindows 4] -point {4.75 6.34375} -index 0 -intent none]
[23:02:47.72] /o oa:0x24c5ff80
[23:02:48.44] /# gi::executeAction seDelete -in [gi::getWindows 4]
[23:02:48.44] /i ise::delete
[23:02:49.35] /# gi::executeAction deSelectActive -in [gi::getWindows 4]
[23:02:49.35] /i de::deselectAll [db::getNext [de::getContexts -window 4]]
[23:02:49.35] /i de::select [de::getActiveFigure [gi::getWindows 4] -point {4.375 6.80625} -index 0 -intent none]
[23:02:49.35] /o oa:0x24c86eb0
[23:02:49.84] /# gi::executeAction seDelete -in [gi::getWindows 4]
[23:02:49.84] /i ise::delete
[23:02:50.33] /# gi::executeAction deSelectActive -in [gi::getWindows 4]
[23:02:50.33] /i de::deselectAll [db::getNext [de::getContexts -window 4]]
[23:02:50.33] /i de::select [de::getActiveFigure [gi::getWindows 4] -point {4.41875 6.9375} -index 0 -intent none]
[23:02:50.33] /o oa:0x24908170
[23:02:50.46] /# gi::executeAction seDelete -in [gi::getWindows 4]
[23:02:50.46] /i ise::delete
[23:02:51.15] /# gi::executeAction deSelectActive -in [gi::getWindows 4]
[23:02:51.15] /i de::deselectAll [db::getNext [de::getContexts -window 4]]
[23:02:51.15] /i de::select [de::getActiveFigure [gi::getWindows 4] -point {4.61875 6.25} -index 0 -intent none]
[23:02:51.15] /o oa:0x24d6d680
[23:02:51.55] /# gi::executeAction seDelete -in [gi::getWindows 4]
[23:02:51.55] /i ise::delete
[23:02:52.41] /# gi::executeAction deSelectActive -in [gi::getWindows 4]
[23:02:52.41] /i de::deselectAll [db::getNext [de::getContexts -window 4]]
[23:02:52.41] /i de::select [de::getActiveFigure [gi::getWindows 4] -point {4.34375 6.13125} -index 0 -intent none]
[23:02:52.41] /o oa:0x24d5e5a0
[23:02:52.56] /# gi::executeAction seDelete -in [gi::getWindows 4]
[23:02:52.56] /i ise::delete
[23:02:53.51] /# gi::executeAction deAddPoint -in [gi::getWindows 4]
[23:02:53.51] /i de::addPoint {4.2875 6.13125} -context [db::getNext [de::getContexts -window 4]]
[23:02:53.62] /# gi::executeAction seDelete -in [gi::getWindows 4]
[23:02:53.62] /i ise::delete
[23:02:54.58] /# gi::executeAction deAddPoint -in [gi::getWindows 4]
[23:02:54.58] /i de::addPoint {5.1375 6.95} -context [db::getNext [de::getContexts -window 4]]
[23:02:54.86] /# gi::executeAction seDelete -in [gi::getWindows 4]
[23:02:54.86] /i ise::delete
[23:02:55.46] /# gi::executeAction deAddPoint -in [gi::getWindows 4]
[23:02:55.46] /i de::addPoint {5.0125 6.94375} -context [db::getNext [de::getContexts -window 4]]
[23:02:56.28] /# gi::executeAction deAddPoint -in [gi::getWindows 4]
[23:02:56.28] /i de::addPoint {4.8125 7.16875} -context [db::getNext [de::getContexts -window 4]]
[23:02:56.80] /# gi::executeAction deAddPoint -in [gi::getWindows 4]
[23:02:56.80] /i de::addPoint {4.96875 7.3125} -context [db::getNext [de::getContexts -window 4]]
[23:02:57.11] /# gi::executeAction deAbortCommand -in [gi::getWindows 4]
[23:02:57.11] /i de::abortCommand -context [db::getNext [de::getContexts -window 4]]
[23:03:32.39] /# gi::executeAction seButton1DragStart -in [gi::getWindows 4]
[23:03:32.39] /i ise::stretch -object [de::getActiveFigure [gi::getWindows 4] -point {4.8125 6.875} -index 0 -intent none] -point {4.8125 6.875}
[23:03:34.16] /# gi::executeAction deEndDrag -in [gi::getWindows 4]
[23:03:34.16] /i de::endDrag {4.7375 7.025} -context [db::getNext [de::getContexts -window 4]]
[23:03:35.31] /# gi::executeAction deSelectActive -in [gi::getWindows 4]
[23:03:35.31] /i de::deselectAll [db::getNext [de::getContexts -window 4]]
[23:03:35.31] /i de::select [de::getActiveFigure [gi::getWindows 4] -point {4.79375 6.95} -index 0 -intent none]
[23:03:35.31] /o oa:0x1fbf9200
[23:03:37.20] /# gi::executeAction seFlipVerticalCenter -in [gi::getWindows 4]
[23:03:37.20] /i se::move [de::getSelected -design [db::getAttr editDesign -of [db::getNext [de::getContexts -window 4]]]]  -rotate MX
[23:03:38.46] /# gi::executeAction deSelectActive -in [gi::getWindows 4]
[23:03:38.46] /i de::deselectAll [db::getNext [de::getContexts -window 4]]
[23:03:38.46] /i de::deselectAllLogic -context [db::getNext [de::getContexts -window 4]]
[23:03:39.57] /# gi::executeAction seButton1DragStart -in [gi::getWindows 4]
[23:03:39.57] /i ise::stretch -object [de::getActiveFigure [gi::getWindows 4] -point {4.69375 7.075} -index 0 -intent none] -point {4.6875 7.0625}
[23:03:42.47] /# gi::executeAction deEndDrag -in [gi::getWindows 4]
[23:03:42.47] /i de::endDrag {4.7375 6.95625} -context [db::getNext [de::getContexts -window 4]]
[23:03:43.73] /# gi::executeAction seCreateInst -in [gi::getWindows 4]
[23:03:43.73] /i ise::createInst
[23:03:43.78] /i gi::setActiveDialog [gi::getDialogs {seCreateInst} -parent [gi::getWindows 4]]
[23:03:44.08] /i db::setAttr geometry -of [gi::getDialogs {seCreateInst}] -value 359x337+0+65
[23:03:44.82] /i gi::closeWindows [gi::getDialogs {seCreateInst} -parent [gi::getWindows 4]]
[23:03:46.01] /# gi::executeAction seSchCreateWire -in [gi::getWindows 4]
[23:03:46.01] /i ise::createWire
[23:03:47.48] /# gi::executeAction deAddPoint -in [gi::getWindows 4]
[23:03:47.48] /i de::addPoint {4.68125 7.1375} -context [db::getNext [de::getContexts -window 4]]
[23:03:47.62] /i de::setCursor -point {4.6875 7.1875 }
[23:03:48.51] /# gi::executeAction deAddPoint -in [gi::getWindows 4]
[23:03:48.51] /i de::addPoint {4.675 7.425} -context [db::getNext [de::getContexts -window 4]]
[23:03:49.28] /# gi::executeAction deAddPoint -in [gi::getWindows 4]
[23:03:49.28] /i de::addPoint {4.69375 6.925} -context [db::getNext [de::getContexts -window 4]]
[23:03:49.34] /i de::setCursor -point {4.625 6.9375 }
[23:03:49.85] /# gi::executeAction deAddPoint -in [gi::getWindows 4]
[23:03:49.85] /i de::addPoint {4.43125 6.93125} -context [db::getNext [de::getContexts -window 4]]
[23:03:49.95] /i de::setCursor -point {4.4375 7 }
[23:03:50.57] /# gi::executeAction deAddPoint -in [gi::getWindows 4]
[23:03:50.58] /i de::addPoint {4.41875 7.19375} -context [db::getNext [de::getContexts -window 4]]
[23:03:50.72] /i de::setCursor -point {4.5 7.1875 }
[23:03:51.74] /i de::setCursor -point {4.4375 7.25 }
[23:03:52.14] /# gi::executeAction deAddPoint -in [gi::getWindows 4]
[23:03:52.14] /i de::addPoint {4.44375 7.24375} -context [db::getNext [de::getContexts -window 4]]
[23:03:52.28] /i de::setCursor -point {4.5 7.25 }
[23:03:52.97] /# gi::executeAction deAddPoint -in [gi::getWindows 4]
[23:03:52.97] /i de::addPoint {4.6875 7.25625} -context [db::getNext [de::getContexts -window 4]]
[23:03:54.20] /# gi::executeAction deAbortCommand -in [gi::getWindows 4]
[23:03:54.20] /i de::abortCommand -context [db::getNext [de::getContexts -window 4]]
[23:03:54.71] /# gi::executeAction deSelectActive -in [gi::getWindows 4]
[23:03:54.71] /i de::deselectAll [db::getNext [de::getContexts -window 4]]
[23:03:54.71] /i de::select [de::getActiveFigure [gi::getWindows 4] -point {4.825 7.3625} -index 0 -intent none]
[23:03:54.71] /o oa:0x2497ac20
[23:03:55.36] /# gi::executeAction seDelete -in [gi::getWindows 4]
[23:03:55.36] /i ise::delete
[23:03:56.48] /# gi::executeAction deSelectActive -in [gi::getWindows 4]
[23:03:56.48] /i de::deselectAll [db::getNext [de::getContexts -window 4]]
[23:03:56.48] /i de::select [de::getActiveFigure [gi::getWindows 4] -point {4.78125 7.4375} -index 0 -intent none]
[23:03:56.48] /o oa:0x2485a280
[23:03:57.12] /# gi::executeAction seDelete -in [gi::getWindows 4]
[23:03:57.12] /i ise::delete
[23:03:58.13] /# gi::executeAction deAddPoint -in [gi::getWindows 4]
[23:03:58.13] /i de::addPoint {4.76875 7.43125} -context [db::getNext [de::getContexts -window 4]]
[23:03:58.77] /# gi::executeAction deAbortCommand -in [gi::getWindows 4]
[23:03:58.77] /i de::abortCommand -context [db::getNext [de::getContexts -window 4]]
[23:03:59.30] /# gi::executeAction deCanvasZoomOutAtPoint -in [gi::getWindows 4]
[23:03:59.30] /i de::zoom -window [gi::getWindows 4] -factor 0.5 -center {3.4125 6.75}
[23:03:59.30] /o {0.06875 4.3375} {7.68125 8.9875}
[23:04:00.25] /# gi::executeAction deCanvasZoomInAtPoint -in [gi::getWindows 4]
[23:04:00.25] /i de::zoom -window [gi::getWindows 4] -factor 2.0 -center {0.1 8.5875}
[23:04:00.26] /o {0.08125 6.4625} {3.89375 8.7875}
[23:04:00.78] /# gi::executeAction seSchCreateWire -in [gi::getWindows 4]
[23:04:00.78] /i ise::createWire
[23:04:01.06] /# gi::executeAction deCanvasZoomOutAtPoint -in [gi::getWindows 4]
[23:04:01.06] /i de::zoom -window [gi::getWindows 4] -factor 0.5 -center {2.025 7.64375}
[23:04:01.06] /o {-1.85625 5.28125} {5.75625 9.93125}
[23:04:01.56] /# gi::executeAction deFitEdit -in [gi::getWindows 4]
[23:04:01.56] /i de::fit -window 4 -fitEdit true
[23:04:01.57] /o {-0.0875 3.45625} {7.525 8.10625}
[23:04:07.42] /# gi::executeAction deAddPoint -in [gi::getWindows 4]
[23:04:07.42] /i de::addPoint {2.2375 6.09375} -context [db::getNext [de::getContexts -window 4]]
[23:04:07.47] /i de::setCursor -point {2.25 6.1875 }
[23:04:09.40] /# gi::executeAction deAddPoint -in [gi::getWindows 4]
[23:04:09.40] /i de::addPoint {5.425 7.9} -context [db::getNext [de::getContexts -window 4]]
[23:04:10.74] /# gi::executeAction deAddPoint -in [gi::getWindows 4]
[23:04:10.74] /i de::addPoint {4.91875 6.9375} -context [db::getNext [de::getContexts -window 4]]
[23:04:11.55] /# gi::executeAction deCanvasZoomInAtPoint -in [gi::getWindows 4]
[23:04:11.55] /i de::zoom -window [gi::getWindows 4] -factor 2.0 -center {4.65625 6.64375}
[23:04:11.55] /o {2.28125 5.05} {6.09375 7.375}
[23:04:12.31] /# gi::executeAction deAddPoint -in [gi::getWindows 4]
[23:04:12.31] /i de::addPoint {4.69375 6.725} -context [db::getNext [de::getContexts -window 4]]
[23:04:12.38] /i de::setCursor -point {4.625 6.75 }
[23:04:13.45] /# gi::executeAction deAddPoint -in [gi::getWindows 4]
[23:04:13.45] /i de::addPoint {4.18125 6.7375} -context [db::getNext [de::getContexts -window 4]]
[23:04:13.90] /# gi::executeAction deCanvasZoomOutAtPoint -in [gi::getWindows 4]
[23:04:13.90] /i de::zoom -window [gi::getWindows 4] -factor 0.5 -center {4.49375 6.1625}
[23:04:13.90] /o {0.075 3.9375} {7.6875 8.5875}
[23:04:17.86] /# gi::executeAction deCanvasZoomInAtPoint -in [gi::getWindows 4]
[23:04:17.86] /i de::zoom -window [gi::getWindows 4] -factor 2.0 -center {4.03125 5.875}
[23:04:17.86] /o {2.05 4.90625} {5.8625 7.23125}
[23:04:19.10] /# gi::executeAction deCanvasZoomOutAtPoint -in [gi::getWindows 4]
[23:04:19.10] /i de::zoom -window [gi::getWindows 4] -factor 0.5 -center {3.10625 5.9625}
[23:04:19.10] /o {1.0 3.85} {8.6125 8.5}
[23:04:28.21] /# gi::executeAction deCanvasZoomInAtPoint -in [gi::getWindows 4]
[23:04:28.21] /i de::zoom -window [gi::getWindows 4] -factor 2.0 -center {3.55 6.83125}
[23:04:28.21] /o {2.275 5.3375} {6.08125 7.66875}
[23:04:29.87] /# gi::executeAction deAbortCommand -in [gi::getWindows 4]
[23:04:29.87] /i de::abortCommand -context [db::getNext [de::getContexts -window 4]]
[23:04:30.43] /# gi::executeAction deSelectActive -in [gi::getWindows 4]
[23:04:30.43] /i de::deselectAll [db::getNext [de::getContexts -window 4]]
[23:04:30.43] /i de::select [de::getActiveFigure [gi::getWindows 4] -point {4.71875 6.95} -index 0 -intent none]
[23:04:30.43] /o oa:0x23f299b0
[23:04:31.96] /i gi::setItemSelection {parameters} -index {l,all} -in [gi::getAssistants dePropertyEditor -from [gi::getWindows 4]]
[23:04:31.96] /i gi::setCurrentIndex {parameters} -index {l,Value} -in [gi::getAssistants dePropertyEditor -from [gi::getWindows 4]]
[23:04:33.22] /i gi::setField {parameters} -value {l} -index {l,Value} -in [gi::getAssistants dePropertyEditor -from [gi::getWindows 4]]
[23:04:33.22] /i gi::executeAction dePropertyEditorApplyChanges -in [gi::getAssistants dePropertyEditor -from [gi::getWindows 4]]
[23:04:34.91] /i gi::setActiveWindow 5
[23:04:34.91] /i gi::setActiveWindow 5 -raise true
[23:04:36.08] /i gi::setCurrentIndex {variablesTable} -index {3,1} -in [gi::getWindows 5]
[23:04:36.08] /i gi::setItemSelection {variablesTable} -index {3,1} -in [gi::getWindows 5]
[23:04:36.08] /i gi::setItemSelection {variablesTable} -index {3,1} -in [gi::getWindows 5]
[23:04:38.09] /i gi::setField {variablesTable} -index {3,1} -value {0.18u} -in [gi::getWindows 5]
[23:04:38.09] /i gi::setField {variablesTable} -index {3,1} -value {0.18u} -in [gi::getWindows 5]
[23:04:39.26] /i gi::setCurrentIndex {variablesTable} -index {1,1} -in [gi::getWindows 5]
[23:04:39.26] /i gi::setItemSelection {variablesTable} -index {1,1} -in [gi::getWindows 5]
[23:04:39.26] /i gi::setItemSelection {variablesTable} -index {1,1} -in [gi::getWindows 5]
[23:04:47.07] /w Warning: Invalid design variable value: ''. (SAE-632)
[23:04:47.07] /w Warning: Invalid design variable value: ''. (SAE-632)
[23:04:47.07] /w Warning: Invalid design variable value: ''. (SAE-632)
[23:04:47.07] /w Warning: Invalid design variable value: ''. (SAE-632)
[23:04:47.07] /i gi::setField {variablesTable} -index {1,1} -value {} -in [gi::getWindows 5]
[23:04:47.13] /i gi::setItemSelection {variablesTable} -index {} -in [gi::getWindows 5]
[23:04:47.13] /i gi::setItemSelection {variablesTable} -index {} -in [gi::getWindows 5]
[23:04:47.54] /i gi::setItemSelection {variablesTable} -index {1,1} -in [gi::getWindows 5]
[23:04:47.54] /i gi::setItemSelection {variablesTable} -index {1,1} -in [gi::getWindows 5]
[23:04:49.36] /i gi::setField {variablesTable} -index {1,1} -value {1.8u} -in [gi::getWindows 5]
[23:04:49.36] /i gi::setField {variablesTable} -index {1,1} -value {1.8u} -in [gi::getWindows 5]
[23:04:50.18] /i gi::setCurrentIndex {variablesTable} -index {2,1} -in [gi::getWindows 5]
[23:04:50.18] /i gi::setItemSelection {variablesTable} -index {2,1} -in [gi::getWindows 5]
[23:04:50.18] /i gi::setItemSelection {variablesTable} -index {2,1} -in [gi::getWindows 5]
[23:04:52.20] /i gi::setField {variablesTable} -index {2,1} -value {0.9u} -in [gi::getWindows 5]
[23:04:52.20] /i gi::setField {variablesTable} -index {2,1} -value {0.9u} -in [gi::getWindows 5]
[23:04:53.90] /i gi::executeAction menuPreShow -in [gi::getWindows 5]
[23:04:53.90] /r giMenuAccess db::getNext [gi::getMenus saConsoleSetupMenu -from [gi::getWindows 5]]
[23:04:55.61] /# gi::executeAction saEditModels -in [gi::getWindows 5]
[23:04:55.61] /i sa::showModelFiles -parent 5
[23:04:55.66] /i gi::setActiveDialog [gi::getDialogs {saModelFilesSetup} -parent [gi::getWindows 5]]
[23:04:55.96] /i db::setAttr geometry -of [gi::getDialogs {saModelFilesSetup} -parent [gi::getWindows 5]] -value 760x500+728+298
[23:04:57.00] /i gi::pressButton {PathSelectorBrowse} -in [gi::getDialogs {saModelFilesSetup} -parent [gi::getWindows 5]]
[23:05:01.92] /r giFileDialog accept PDK/hspice
[23:05:02.89] /i gi::setCurrentIndex {modelFilesTable} -index {0,1} -in [gi::getDialogs {saModelFilesSetup} -parent [gi::getWindows 5]]
[23:05:04.84] /r giFileDialog accept PDK/hspice/reference_models.inc
[23:05:04.84] /i gi::setField {modelFilesTable} -index {0,1} -value {/home/itsupport/Desktop/lab1vlsi/PDK/hspice/reference_models.inc} -in [gi::getDialogs {saModelFilesSetup} -parent [gi::getWindows 5]]
[23:05:04.85] /i gi::setField {modelFilesTable} -index {0,1} -value {reference_models.inc} -in [gi::getDialogs {saModelFilesSetup} -parent [gi::getWindows 5]]
[23:05:05.59] /i gi::setField {PathSelector} -value {/home/itsupport/Desktop/lab1vlsi/PDK/hspice} -in [gi::getDialogs {saModelFilesSetup} -parent [gi::getWindows 5]]
[23:05:05.65] /i gi::pressButton {apply} -in [gi::getDialogs {saModelFilesSetup} -parent [gi::getWindows 5]]
[23:05:06.03] /i gi::pressButton {ok} -in [gi::getDialogs {saModelFilesSetup} -parent [gi::getWindows 5]]
[23:05:08.59] /i gi::executeAction menuPreShow -in [gi::getWindows 5]
[23:05:08.59] /r giMenuAccess db::getNext [gi::getMenus saVariablesMenu -from [gi::getWindows 5]]
[23:05:08.77] /i gi::executeAction menuPreShow -in [gi::getWindows 5]
[23:05:08.77] /r giMenuAccess db::getNext [gi::getMenus saConsoleOutputsMenu -from [gi::getWindows 5]]
[23:05:09.62] /# gi::executeAction saSelectInDesign -in [gi::getWindows 5]
[23:05:09.62] /i sa::selectOutputs -window 5
[23:05:10.33] /# gi::executeAction deCanvasZoomOutAtPoint -in [gi::getWindows 4]
[23:05:10.33] /i de::zoom -window [gi::getWindows 4] -factor 0.5 -center {3.08125 6.65625}
[23:05:10.33] /o {1.46875 4.025} {9.08125 8.675}
[23:05:10.44] /# gi::executeAction deCanvasZoomOutAtPoint -in [gi::getWindows 4]
[23:05:10.44] /i de::zoom -window [gi::getWindows 4] -factor 0.5 -center {3.0875 6.6625}
[23:05:10.44] /o {-0.15 1.3875} {15.075 10.6875}
[23:05:10.82] /# gi::executeAction deCanvasZoomInAtPoint -in [gi::getWindows 4]
[23:05:10.82] /i de::zoom -window [gi::getWindows 4] -factor 2.0 -center {2.1 6.775}
[23:05:10.82] /o {0.975 4.08125} {8.5875 8.73125}
[23:05:11.86] /# gi::executeAction deAddPoint -in [gi::getWindows 4]
[23:05:11.86] /i de::addPoint {2.08125 6.48125} -context [db::getNext [de::getContexts -window 4]]
[23:05:15.55] /# gi::executeAction deAddPoint -in [gi::getWindows 4]
[23:05:15.55] /i de::addPoint {2.5125 6.1125} -context [db::getNext [de::getContexts -window 4]]
[23:05:17.35] /# gi::executeAction deAddPoint -in [gi::getWindows 4]
[23:05:17.35] /i de::addPoint {5.19375 5.98125} -context [db::getNext [de::getContexts -window 4]]
[23:05:20.23] /# gi::executeAction deCanvasZoomOutAtPoint -in [gi::getWindows 4]
[23:05:20.23] /i de::zoom -window [gi::getWindows 4] -factor 0.5 -center {3.925 5.48125}
[23:05:20.23] /o {-1.975 2.68125} {13.25 11.98125}
[23:05:20.46] /# gi::executeAction deCanvasZoomInAtPoint -in [gi::getWindows 4]
[23:05:20.46] /i de::zoom -window [gi::getWindows 4] -factor 2.0 -center {3.95625 5.4625}
[23:05:20.46] /o {0.9875 4.06875} {8.60625 8.725}
[23:05:20.93] /# gi::executeAction deCanvasZoomInAtPoint -in [gi::getWindows 4]
[23:05:20.93] /i de::zoom -window [gi::getWindows 4] -factor 2.0 -center {3.95625 5.4625}
[23:05:20.93] /o {2.475 4.76875} {6.28125 7.09375}
[23:05:22.74] /# gi::executeAction deCanvasZoomOutAtPoint -in [gi::getWindows 4]
[23:05:22.74] /i de::zoom -window [gi::getWindows 4] -factor 0.5 -center {3.95 5.5375}
[23:05:22.74] /o {0.99375 3.99375} {8.6125 8.65}
[23:05:22.94] /# gi::executeAction deCanvasZoomOutAtPoint -in [gi::getWindows 4]
[23:05:22.94] /i de::zoom -window [gi::getWindows 4] -factor 0.5 -center {3.90625 5.48125}
[23:05:22.94] /o {-1.9125 2.5125} {13.3125 11.8125}
[23:05:23.34] /# gi::executeAction deCanvasZoomInAtPoint -in [gi::getWindows 4]
[23:05:23.34] /i de::zoom -window [gi::getWindows 4] -factor 2.0 -center {3.2625 3.85625}
[23:05:23.34] /o {0.675 3.18125} {8.2875 7.8375}
[23:05:24.64] /# gi::executeAction deCanvasZoomInAtPoint -in [gi::getWindows 4]
[23:05:24.64] /i de::zoom -window [gi::getWindows 4] -factor 2.0 -center {3.83125 4.83125}
[23:05:24.64] /o {2.25 4.00625} {6.0625 6.33125}
[23:05:29.92] /i gi::setActiveWindow 5
[23:05:29.92] /i gi::setActiveWindow 5 -raise true
[23:05:30.67] /i gi::executeAction menuPreShow -in [gi::getWindows 5]
[23:05:30.67] /r giMenuAccess db::getNext [gi::getMenus saConsoleSimMenu -from [gi::getWindows 5]]
[23:05:31.27] /# gi::executeAction saNetlistAndRun -in [gi::getWindows 5]
[23:05:31.27] /i isa::netlistAndRun -testbench [sa::findActiveTestbench -window 5] -mode overwrite
[23:05:31.35] /r giDialog gi::setActiveDialog [gi::getDialogs {xtShowDesignsPrompt}]
[23:05:31.35] /r giDialog gi::setCurrentIndex {target} -index {0,0} -in [gi::getDialogs {xtShowDesignsPrompt}]
[23:05:31.59] /r giDialog db::setAttr geometry -of [gi::getDialogs {xtShowDesignsPrompt}] -value 649x290+626+410
[23:05:32.35] /r giDialog gi::pressButton {ok} -in [gi::getDialogs {xtShowDesignsPrompt}]
[23:05:32.37] /m Information: 
[23:05:32.37] /o Checking "inverter/NAND2_tb/schematic"
[23:05:32.37] /o No rule violations found in "inverter/NAND2_tb/schematic"
[23:05:32.37] /o No Design Integrity rule violations found in "inverter/NAND2_tb/schematic"
[23:05:32.37] /m Information: Checking process is completed: marking the design violations
[23:05:32.37] /m Information: Marking of designs is completed
[23:05:32.39] /m Information: 
              /c Cross view checking for inverter/NAND2/symbol with inverter/NAND2/schematic
              /c No violations found. (DE_EDIT-007)
[23:05:32.39] /m Information: 
[23:05:32.39] /o Checking "inverter/NAND2/schematic"
[23:05:32.39] /o No rule violations found in "inverter/NAND2/schematic"
[23:05:32.39] /o No Design Integrity rule violations found in "inverter/NAND2/schematic"
[23:05:32.39] /m Information: Checking process is completed: marking the design violations
[23:05:32.39] /m Information: Marking of designs is completed
[23:05:32.41] /r giWindowId 6
[23:05:32.42] /r giWindowGeometry 800x600
[23:05:32.49] /m Information: "Starting incremental netlisting for design "inverter/NAND2_tb/schematic"..." (NETLISTING-010)
[23:05:32.51] /o No Design Integrity rule violations found in "inverter/NAND2_tb/schematic"
[23:05:32.54] /m Information: "inverter NAND2 schematic" renetlisted. (NETLISTING-056)
[23:05:32.56] /m Information: "inverter NAND2_tb schematic" renetlisted. (NETLISTING-056)
[23:05:32.56] /m Information: "Netlisting design "inverter/NAND2_tb/schematic" finished successfully." (NETLISTING-012)
[23:05:32.57] /m Information: "Composing simulator input file for design "inverter/NAND2_tb/schematic"..."
[23:05:32.60] /m Information: "Simulator input file composed successfully for design "inverter/NAND2_tb/schematic""
[23:05:32.77] /m Information: "Starting HSPICE simulation for design: inverter/NAND2_tb/schematic"
[23:05:32.77] /# gi::collapse {jobMonitorTable} -index {0.0.0.0,0} -in [gi::getWindows 6]
[23:05:32.81] /o 1
[23:05:33.17] /m Information: "Simulation completed successfully for design: inverter/NAND2_tb/schematic "
[23:05:33.37] /m Information: Launching Background sae_shell Server Process "cd /home/itsupport/Desktop/lab1vlsi && sae_shell -log sae_shell_session0_job2 -libDefFile /home/itsupport/Desktop/lab1vlsi/lib.defs"
[23:05:33.38] /m Information: "Evaluating and plotting outputs..."
[23:05:33.99] /m Information: Started sharing "Custom WaveView" license. (WAVEFORM-110)
[23:05:34.01] /m Information: Launching Waveform Viewer "cd /home/itsupport/simulation/inverter,NAND2_tb,schematic/history_1/simulation/default/HSPICE/nominal/results &&  wv -k -cdesigner -spxkey /usr/synopsys/customcompiler/N-2017.12-SP1-2/auxx/waveform/sae.spxkey -spxrc /tmp/sae_spxrc_7veXL0 -unique_string 1b6b0f23e9fdaf0769aa7f613a217c24125e8d2b0833b894ed40d2f5efbf27a2fb0c0fc5bd6190667a6c2668b5e5a0e35bb9c5db32dbe98b -lic_type 1    > /home/itsupport/simulation/inverter,NAND2_tb,schematic/history_1/simulation/default/HSPICE/nominal/results/viewer.log 2>&1"
[23:05:34.01] /i gi::collapse {jobMonitorTable} -index {0.0,0} -in [gi::getWindows 6]
[23:05:34.19] /m Information: Measurement calculations completed for testbench: default in 1s
[23:05:35.30] /j ::wf::WaveView::plotSuccess WaveView_1 {} {_6063720_void_pp _60ad880_void_pp} 
[23:05:35.35] /j ::wf::WaveView::plotSuccess WaveView_1 {} {_6063720_void_pp _60ad948_void_pp} 
[23:05:35.40] /j ::wf::WaveView::plotSuccess WaveView_1 {} {_6063720_void_pp _60ada10_void_pp} 
[23:05:36.40] /m Information: Received ready-for-commands signal from background job 'sae_shell_session0_job2' after 3 seconds.
[23:06:04.69] /i gi::setActiveWindow 5
[23:06:04.69] /i gi::setActiveWindow 5 -raise true
[23:06:06.64] /i gi::setActiveWindow 4
[23:06:06.64] /i gi::setActiveWindow 4 -raise true
[23:06:07.82] /# gi::executeAction deCanvasZoomOutAtPoint -in [gi::getWindows 4]
[23:06:07.82] /i de::zoom -window [gi::getWindows 4] -factor 0.5 -center {4.36875 5.95625}
[23:06:07.82] /o {0.1375 2.05625} {7.75 6.7125}
[23:06:08.83] /# gi::executeAction deCanvasZoomInAtPoint -in [gi::getWindows 4]
[23:06:08.83] /i de::zoom -window [gi::getWindows 4] -factor 2.0 -center {3 6.325}
[23:06:08.83] /o {1.56875 4.19375} {5.375 6.51875}
[23:06:10.56] /# gi::executeAction seCreateInst -in [gi::getWindows 4]
[23:06:10.56] /i ise::createInst
[23:06:10.61] /i gi::setActiveDialog [gi::getDialogs {seCreateInst} -parent [gi::getWindows 4]]
[23:06:10.89] /i db::setAttr geometry -of [gi::getDialogs {seCreateInst}] -value 359x337+0+65
[23:06:12.78] /i gi::setField {instMasterLib} -value {analogLib} -in [gi::getDialogs {seCreateInst} -parent [gi::getWindows 4]]
[23:06:13.09] /i db::setAttr geometry -of [gi::getDialogs {seCreateInst}] -value 359x337+0+65
[23:06:19.67] /i gi::setField {instMasterCell} -value {cap} -in [gi::getDialogs {seCreateInst} -parent [gi::getWindows 4]]
[23:06:19.98] /i db::setAttr geometry -of [gi::getDialogs {seCreateInst}] -value 359x575+0+65
[23:06:20.81] /# gi::executeAction deCanvasZoomOutAtPoint -in [gi::getWindows 4]
[23:06:20.81] /i de::zoom -window [gi::getWindows 4] -factor 0.5 -center {5.0125 5.45625}
[23:06:20.81] /o {-1.875 2.925} {5.7375 7.58125}
[23:06:21.98] /# gi::executeAction deCanvasZoomOutAtPoint -in [gi::getWindows 4]
[23:06:21.98] /i de::zoom -window [gi::getWindows 4] -factor 0.5 -center {5.225 5.725}
[23:06:21.98] /o {-8.975 0.13125} {6.25 9.43125}
[23:06:22.47] /# gi::executeAction deCanvasZoomInAtPoint -in [gi::getWindows 4]
[23:06:22.47] /i de::zoom -window [gi::getWindows 4] -factor 2.0 -center {5.80625 5.69375}
[23:06:22.47] /o {-1.5875 2.9125} {6.03125 7.5625}
[23:06:22.63] /# gi::executeAction deCanvasZoomInAtPoint -in [gi::getWindows 4]
[23:06:22.63] /i de::zoom -window [gi::getWindows 4] -factor 2.0 -center {5.80625 5.69375}
[23:06:22.63] /o {2.1125 4.3} {5.91875 6.63125}
[23:06:23.46] /# gi::executeAction deAddPoint -in [gi::getWindows 4]
[23:06:23.46] /i de::addPoint {5.20625 5.73125} -context [db::getNext [de::getContexts -window 4]]
[23:06:23.77] /# gi::executeAction deAbortCommand -in [gi::getWindows 4]
[23:06:23.77] /i de::abortCommand -context [db::getNext [de::getContexts -window 4]]
[23:06:23.98] /# gi::executeAction deCanvasZoomOutAtPoint -in [gi::getWindows 4]
[23:06:23.98] /i de::zoom -window [gi::getWindows 4] -factor 0.5 -center {4.9125 5.38125}
[23:06:23.99] /o {-0.69375 3.225} {6.925 7.875}
[23:06:24.03] /# gi::executeAction deCanvasZoomOutAtPoint -in [gi::getWindows 4]
[23:06:24.03] /i de::zoom -window [gi::getWindows 4] -factor 0.5 -center {4.90625 5.35}
[23:06:24.03] /o {-6.2875 1.1} {8.9375 10.4}
[23:06:24.07] /# gi::executeAction deCanvasZoomOutAtPoint -in [gi::getWindows 4]
[23:06:24.07] /i de::zoom -window [gi::getWindows 4] -factor 0.5 -center {4.8875 5.2625}
[23:06:24.07] /o {-17.46875 -3.06875} {12.99375 15.54375}
[23:06:24.38] /# gi::executeAction deCanvasZoomInAtPoint -in [gi::getWindows 4]
[23:06:24.39] /i de::zoom -window [gi::getWindows 4] -factor 2.0 -center {4.41875 3.425}
[23:06:24.39] /o {-6.525 0.18125} {8.70625 9.48125}
[23:06:24.91] /# gi::executeAction deFitEdit -in [gi::getWindows 4]
[23:06:24.91] /i de::fit -window 4 -fitEdit true
[23:06:24.91] /o {-0.0875 3.45625} {7.525 8.10625}
[23:06:26.57] /# gi::executeAction deSelectActive -in [gi::getWindows 4]
[23:06:26.57] /i de::deselectAll [db::getNext [de::getContexts -window 4]]
[23:06:26.57] /i de::select [de::getActiveFigure [gi::getWindows 4] -point {5.18125 5.40625} -index 0 -intent none]
[23:06:26.57] /o oa:0x25fdf5a0
[23:06:27.31] /# gi::executeAction seDelete -in [gi::getWindows 4]
[23:06:27.32] /i ise::delete
[23:06:28.96] /# gi::executeAction seSchCheckAndSave -in [gi::getWindows 4]
[23:06:28.96] /i ise::check
[23:06:28.97] /m Information: 
              /c Cross view checking for inverter/NAND2/symbol with inverter/NAND2/schematic
              /c No violations found. (DE_EDIT-007)
[23:06:28.97] /m Information: 
[23:06:28.97] /o Checking "inverter/NAND2/schematic"
[23:06:28.97] /o No rule violations found in "inverter/NAND2/schematic"
[23:06:28.97] /m Information: Checking process is completed: marking the design violations
[23:06:28.99] /m Information: Marking of designs is completed
[23:06:28.99] /o true
[23:06:29.10] /# gi::executeAction seSchCheckAndSave -in [gi::getWindows 4]
[23:06:29.10] /i ise::check
[23:06:29.10] /m Information: 
              /c Cross view checking for inverter/NAND2/symbol with inverter/NAND2/schematic
              /c No violations found. (DE_EDIT-007)
[23:06:29.10] /m Information: 
[23:06:29.10] /o Checking "inverter/NAND2/schematic"
[23:06:29.10] /o No rule violations found in "inverter/NAND2/schematic"
[23:06:29.10] /m Information: Checking process is completed: marking the design violations
[23:06:29.12] /m Information: Marking of designs is completed
[23:06:29.12] /o true
[23:06:29.23] /# gi::executeAction seSchCheckAndSave -in [gi::getWindows 4]
[23:06:29.23] /i ise::check
[23:06:29.23] /m Information: 
              /c Cross view checking for inverter/NAND2/symbol with inverter/NAND2/schematic
              /c No violations found. (DE_EDIT-007)
[23:06:29.23] /m Information: 
[23:06:29.23] /o Checking "inverter/NAND2/schematic"
[23:06:29.24] /o No rule violations found in "inverter/NAND2/schematic"
[23:06:29.24] /m Information: Checking process is completed: marking the design violations
[23:06:29.24] /m Information: Marking of designs is completed
[23:06:29.24] /o true
[23:06:30.36] /i gi::executeAction giCloseWindow -in [gi::getWindows 4]
[23:06:30.37] /i gi::setActiveWindow 5
[23:06:30.37] /i gi::setActiveWindow 5 -raise true
[23:06:32.07] /i gi::setActiveWindow 2
[23:06:32.07] /i gi::setActiveWindow 2 -raise true
[23:06:33.81] /i gi::executeAction dmOpen -in [gi::getWindows 2]
[23:06:33.83] /r giWindowId 7
[23:06:33.84] /r giWindowGeometry 1632x1020
[23:06:34.01] /o "inverter/NAND2_tb/schematic" design does not need checking
[23:06:36.52] /# gi::executeAction deSelectActive -in [gi::getWindows 7]
[23:06:36.52] /i de::deselectAll [db::getNext [de::getContexts -window 7]]
[23:06:36.52] /i de::select [de::getActiveFigure [gi::getWindows 7] -point {7.1625 1.81875} -index 0 -intent none]
[23:06:36.52] /o oa:0x24d95630
[23:06:37.36] /# gi::executeAction deSelectActive -in [gi::getWindows 7]
[23:06:37.36] /i de::deselectAll [db::getNext [de::getContexts -window 7]]
[23:06:37.36] /i de::select [de::getActiveFigure [gi::getWindows 7] -point {6.95625 1.6875} -index 0 -intent none]
[23:06:37.36] /o oa:0x1a00fb80
[23:06:38.92] /i gi::setItemSelection {parameters} -index {c,all} -in [gi::getAssistants dePropertyEditor -from [gi::getWindows 7]]
[23:06:38.92] /i gi::setCurrentIndex {parameters} -index {c,Value} -in [gi::getAssistants dePropertyEditor -from [gi::getWindows 7]]
[23:06:40.37] /i gi::setField {parameters} -value {20f} -index {c,Value} -in [gi::getAssistants dePropertyEditor -from [gi::getWindows 7]]
[23:06:40.37] /i gi::executeAction dePropertyEditorApplyChanges -in [gi::getAssistants dePropertyEditor -from [gi::getWindows 7]]
[23:06:42.57] /i gi::setActiveWindow 5
[23:06:42.57] /i gi::setActiveWindow 5 -raise true
[23:06:43.69] /i gi::executeAction menuPreShow -in [gi::getWindows 5]
[23:06:43.69] /r giMenuAccess db::getNext [gi::getMenus saConsoleOutputsMenu -from [gi::getWindows 5]]
[23:06:43.85] /i gi::executeAction menuPreShow -in [gi::getWindows 5]
[23:06:43.85] /r giMenuAccess db::getNext [gi::getMenus saVariablesMenu -from [gi::getWindows 5]]
[23:06:44.03] /i gi::executeAction menuPreShow -in [gi::getWindows 5]
[23:06:44.03] /r giMenuAccess db::getNext [gi::getMenus saConsoleOutputsMenu -from [gi::getWindows 5]]
[23:06:44.07] /i gi::executeAction menuPreShow -in [gi::getWindows 5]
[23:06:44.07] /r giMenuAccess db::getNext [gi::getMenus saConsoleSimMenu -from [gi::getWindows 5]]
[23:06:44.68] /# gi::executeAction saNetlistAndRun -in [gi::getWindows 5]
[23:06:44.68] /i isa::netlistAndRun -testbench [sa::findActiveTestbench -window 5] -mode overwrite
[23:06:44.74] /r giDialog gi::setActiveDialog [gi::getDialogs {xtShowDesignsPrompt}]
[23:06:44.74] /r giDialog gi::setCurrentIndex {target} -index {0,0} -in [gi::getDialogs {xtShowDesignsPrompt}]
[23:06:44.99] /r giDialog db::setAttr geometry -of [gi::getDialogs {xtShowDesignsPrompt}] -value 649x290+626+410
[23:06:45.55] /r giDialog gi::pressButton {ok} -in [gi::getDialogs {xtShowDesignsPrompt}]
[23:06:45.57] /m Information: 
[23:06:45.57] /o Checking "inverter/NAND2_tb/schematic"
[23:06:45.57] /o No rule violations found in "inverter/NAND2_tb/schematic"
[23:06:45.57] /o No Design Integrity rule violations found in "inverter/NAND2_tb/schematic"
[23:06:45.57] /m Information: Checking process is completed: marking the design violations
[23:06:45.57] /m Information: Marking of designs is completed
[23:06:45.64] /m Information: "Starting incremental netlisting for design "inverter/NAND2_tb/schematic"..." (NETLISTING-010)
[23:06:45.65] /o No Design Integrity rule violations found in "inverter/NAND2_tb/schematic"
[23:06:45.68] /m Information: "inverter NAND2 schematic" renetlisted. (NETLISTING-056)
[23:06:45.69] /m Information: "inverter NAND2_tb schematic" renetlisted. (NETLISTING-056)
[23:06:45.69] /m Information: "Netlisting design "inverter/NAND2_tb/schematic" finished successfully." (NETLISTING-012)
[23:06:45.70] /m Information: "Composing simulator input file for design "inverter/NAND2_tb/schematic"..."
[23:06:45.73] /m Information: "Simulator input file composed successfully for design "inverter/NAND2_tb/schematic""
[23:06:45.90] /m Information: "Starting HSPICE simulation for design: inverter/NAND2_tb/schematic"
[23:06:45.90] /# gi::collapse {jobMonitorTable} -index {0.0.0.0,0} -in [gi::getWindows 6]
[23:06:45.93] /o 1
[23:06:46.30] /m Information: "Simulation completed successfully for design: inverter/NAND2_tb/schematic "
[23:06:46.50] /m Information: "Evaluating and plotting outputs..."
[23:06:46.56] /j ::wf::WaveView::plotSuccess WaveView_1 {} {_60f1460_void_pp _60adad8_void_pp} 
[23:06:46.60] /j ::wf::WaveView::plotSuccess WaveView_1 {} {_60f1460_void_pp _60ad880_void_pp} 
[23:06:46.62] /j ::wf::WaveView::plotSuccess WaveView_1 {} {_60f1460_void_pp _60ad948_void_pp} 
[23:06:46.80] /m Information: Measurement calculations completed for testbench: default in 0s
[23:07:08.34] /i gi::setActiveWindow 5
[23:07:08.34] /i gi::setActiveWindow 5 -raise true
[23:07:09.97] /i gi::setCurrentIndex {variablesTable} -index {1,1} -in [gi::getWindows 5]
[23:07:09.97] /i gi::setItemSelection {variablesTable} -index {1,1} -in [gi::getWindows 5]
[23:07:09.97] /i gi::setItemSelection {variablesTable} -index {1,1} -in [gi::getWindows 5]
[23:07:12.42] /i gi::setField {variablesTable} -index {1,1} -value {1.8u} -in [gi::getWindows 5]
[23:07:12.42] /i gi::setCurrentIndex {variablesTable} -index {4,0} -in [gi::getWindows 5]
[23:07:12.42] /i gi::setItemSelection {variablesTable} -index {} -in [gi::getWindows 5]
[23:07:12.42] /i gi::setItemSelection {variablesTable} -index {} -in [gi::getWindows 5]
[23:07:13.60] /i gi::setField {variablesTable} -index {4,0} -value {c} -in [gi::getWindows 5]
[23:07:13.60] /i gi::setField {variablesTable} -index {4,0} -value {c} -in [gi::getWindows 5]
[23:07:14.71] /i gi::setActiveWindow 7
[23:07:14.71] /i gi::setActiveWindow 7 -raise true
[23:07:16.32] /i gi::setItemSelection {parameters} -index {c,all} -in [gi::getAssistants dePropertyEditor -from [gi::getWindows 7]]
[23:07:16.32] /i gi::setCurrentIndex {parameters} -index {c,Value} -in [gi::getAssistants dePropertyEditor -from [gi::getWindows 7]]
[23:07:17.56] /i gi::setField {parameters} -value {c} -index {c,Value} -in [gi::getAssistants dePropertyEditor -from [gi::getWindows 7]]
[23:07:17.56] /i gi::executeAction dePropertyEditorApplyChanges -in [gi::getAssistants dePropertyEditor -from [gi::getWindows 7]]
[23:07:19.10] /i gi::setActiveWindow 5
[23:07:19.10] /i gi::setActiveWindow 5 -raise true
[23:07:19.72] /i gi::setCurrentIndex {variablesTable} -index {4,1} -in [gi::getWindows 5]
[23:07:19.72] /i gi::setItemSelection {variablesTable} -index {4,1} -in [gi::getWindows 5]
[23:07:19.72] /i gi::setItemSelection {variablesTable} -index {4,1} -in [gi::getWindows 5]
[23:07:20.83] /i gi::setField {variablesTable} -index {4,1} -value {20} -in [gi::getWindows 5]
[23:07:20.83] /i gi::setField {variablesTable} -index {4,1} -value {20} -in [gi::getWindows 5]
[23:07:22.14] /i gi::setCurrentIndex {variablesTable} -index {1,1} -in [gi::getWindows 5]
[23:07:22.14] /i gi::setItemSelection {variablesTable} -index {1,1} -in [gi::getWindows 5]
[23:07:22.14] /i gi::setItemSelection {variablesTable} -index {1,1} -in [gi::getWindows 5]
[23:07:30.35] /i gi::setField {variablesTable} -index {1,1} -value {2.7u} -in [gi::getWindows 5]
[23:07:30.35] /i gi::setField {variablesTable} -index {1,1} -value {2.7u} -in [gi::getWindows 5]
[23:07:32.21] /i gi::setCurrentIndex {jobMonitorTable} -index {0,0} -in [gi::getWindows 6]
[23:07:32.23] /i gi::setActiveWindow 6
[23:07:32.23] /i gi::setActiveWindow 6 -raise true
[23:07:33.52] /i gi::setActiveWindow 5
[23:07:33.52] /i gi::setActiveWindow 5 -raise true
[23:07:34.84] /i gi::executeAction menuPreShow -in [gi::getWindows 5]
[23:07:34.84] /r giMenuAccess db::getNext [gi::getMenus saConsoleSimMenu -from [gi::getWindows 5]]
[23:07:35.35] /# gi::executeAction saNetlistAndRun -in [gi::getWindows 5]
[23:07:35.35] /i isa::netlistAndRun -testbench [sa::findActiveTestbench -window 5] -mode overwrite
[23:07:35.41] /r giDialog gi::setActiveDialog [gi::getDialogs {xtShowDesignsPrompt}]
[23:07:35.41] /r giDialog gi::setCurrentIndex {target} -index {0,0} -in [gi::getDialogs {xtShowDesignsPrompt}]
[23:07:35.69] /r giDialog db::setAttr geometry -of [gi::getDialogs {xtShowDesignsPrompt}] -value 649x290+626+410
[23:07:36.47] /r giDialog gi::pressButton {ok} -in [gi::getDialogs {xtShowDesignsPrompt}]
[23:07:36.49] /m Information: 
[23:07:36.49] /o Checking "inverter/NAND2_tb/schematic"
[23:07:36.49] /o No rule violations found in "inverter/NAND2_tb/schematic"
[23:07:36.49] /o No Design Integrity rule violations found in "inverter/NAND2_tb/schematic"
[23:07:36.49] /m Information: Checking process is completed: marking the design violations
[23:07:36.49] /m Information: Marking of designs is completed
[23:07:36.57] /m Information: "Starting incremental netlisting for design "inverter/NAND2_tb/schematic"..." (NETLISTING-010)
[23:07:36.58] /o No Design Integrity rule violations found in "inverter/NAND2_tb/schematic"
[23:07:36.61] /m Information: "inverter NAND2_tb schematic" renetlisted. (NETLISTING-056)
[23:07:36.61] /m Information: "Netlisting design "inverter/NAND2_tb/schematic" finished successfully." (NETLISTING-012)
[23:07:36.62] /m Information: "Composing simulator input file for design "inverter/NAND2_tb/schematic"..."
[23:07:36.65] /m Information: "Simulator input file composed successfully for design "inverter/NAND2_tb/schematic""
[23:07:36.80] /m Information: "Starting HSPICE simulation for design: inverter/NAND2_tb/schematic"
[23:07:36.81] /# gi::collapse {jobMonitorTable} -index {0.0.0.0,0} -in [gi::getWindows 6]
[23:07:36.84] /o 1
[23:07:37.20] /m Information: "Simulation completed successfully for design: inverter/NAND2_tb/schematic "
[23:07:37.40] /m Information: "Evaluating and plotting outputs..."
[23:07:37.55] /j ::wf::WaveView::plotSuccess WaveView_1 {} {_65ec2b0_void_pp _60ada10_void_pp} 
[23:07:37.69] /j ::wf::WaveView::plotSuccess WaveView_1 {} {_65ec2b0_void_pp _60adad8_void_pp} 
[23:07:37.79] /m Information: Measurement calculations completed for testbench: default in 0s
[23:07:37.81] /j ::wf::WaveView::plotSuccess WaveView_1 {} {_65ec2b0_void_pp _60ad880_void_pp} 
[23:07:42.86] /i gi::setActiveWindow 5
[23:07:42.86] /i gi::setActiveWindow 5 -raise true
[23:07:49.20] /i gi::setField {variablesTable} -index {1,1} -value {2.0u} -in [gi::getWindows 5]
[23:07:49.20] /i gi::setField {variablesTable} -index {1,1} -value {2.0u} -in [gi::getWindows 5]
[23:07:50.81] /i gi::setActiveWindow 6
[23:07:50.81] /i gi::setActiveWindow 6 -raise true
[23:07:51.65] /i gi::setActiveWindow 5
[23:07:51.65] /i gi::setActiveWindow 5 -raise true
[23:07:52.36] /i gi::executeAction menuPreShow -in [gi::getWindows 5]
[23:07:52.36] /r giMenuAccess db::getNext [gi::getMenus saConsoleSimMenu -from [gi::getWindows 5]]
[23:07:52.80] /# gi::executeAction saNetlistAndRun -in [gi::getWindows 5]
[23:07:52.80] /i isa::netlistAndRun -testbench [sa::findActiveTestbench -window 5] -mode overwrite
[23:07:52.83] /m Information: "Starting incremental netlisting for design "inverter/NAND2_tb/schematic"..." (NETLISTING-010)
[23:07:52.85] /o No Design Integrity rule violations found in "inverter/NAND2_tb/schematic"
[23:07:52.87] /m Information: "Netlisting design "inverter/NAND2_tb/schematic" finished successfully." (NETLISTING-012)
[23:07:52.88] /m Information: "Composing simulator input file for design "inverter/NAND2_tb/schematic"..."
[23:07:52.91] /m Information: "Simulator input file composed successfully for design "inverter/NAND2_tb/schematic""
[23:07:53.06] /m Information: "Starting HSPICE simulation for design: inverter/NAND2_tb/schematic"
[23:07:53.06] /# gi::collapse {jobMonitorTable} -index {0.0.0.0,0} -in [gi::getWindows 6]
[23:07:53.09] /o 1
[23:07:53.40] /m Information: "Simulation completed successfully for design: inverter/NAND2_tb/schematic "
[23:07:53.60] /m Information: "Evaluating and plotting outputs..."
[23:07:53.70] /j ::wf::WaveView::plotSuccess WaveView_1 {} {_60f7cb0_void_pp _60ad948_void_pp} 
[23:07:53.84] /j ::wf::WaveView::plotSuccess WaveView_1 {} {_60f7cb0_void_pp _60ada10_void_pp} 
[23:07:53.90] /m Information: Measurement calculations completed for testbench: default in 0s
[23:07:53.92] /j ::wf::WaveView::plotSuccess WaveView_1 {} {_60f7cb0_void_pp _60adad8_void_pp} 
[23:08:01.38] /i gi::setActiveWindow 5
[23:08:01.38] /i gi::setActiveWindow 5 -raise true
[23:08:02.03] /i gi::setCurrentIndex {variablesTable} -index {0,1} -in [gi::getWindows 5]
[23:08:02.03] /i gi::setItemSelection {variablesTable} -index {0,1} -in [gi::getWindows 5]
[23:08:02.03] /i gi::setItemSelection {variablesTable} -index {0,1} -in [gi::getWindows 5]
[23:08:02.50] /i gi::setField {variablesTable} -index {0,1} -value {25} -in [gi::getWindows 5]
[23:08:03.15] /i gi::setField {variablesTable} -index {0,1} -value {25} -in [gi::getWindows 5]
[23:08:03.15] /i gi::setCurrentIndex {variablesTable} -index {1,1} -in [gi::getWindows 5]
[23:08:03.15] /i gi::setItemSelection {variablesTable} -index {1,1} -in [gi::getWindows 5]
[23:08:03.15] /i gi::setItemSelection {variablesTable} -index {1,1} -in [gi::getWindows 5]
[23:08:06.06] /i gi::setField {variablesTable} -index {1,1} -value {2.0u} -in [gi::getWindows 5]
[23:08:06.07] /i gi::setCurrentIndex {variablesTable} -index {4,1} -in [gi::getWindows 5]
[23:08:06.07] /i gi::setItemSelection {variablesTable} -index {4,1} -in [gi::getWindows 5]
[23:08:06.07] /i gi::setItemSelection {variablesTable} -index {4,1} -in [gi::getWindows 5]
[23:08:07.68] /i gi::setField {variablesTable} -index {4,1} -value {20f} -in [gi::getWindows 5]
[23:08:07.68] /i gi::setField {variablesTable} -index {4,1} -value {20f} -in [gi::getWindows 5]
[23:08:09.23] /i gi::setCurrentIndex {variablesTable} -index {1,1} -in [gi::getWindows 5]
[23:08:09.23] /i gi::setItemSelection {variablesTable} -index {1,1} -in [gi::getWindows 5]
[23:08:09.23] /i gi::setItemSelection {variablesTable} -index {1,1} -in [gi::getWindows 5]
[23:08:10.77] /i gi::setField {variablesTable} -index {1,1} -value {2.7u} -in [gi::getWindows 5]
[23:08:10.77] /i gi::setField {variablesTable} -index {1,1} -value {2.7u} -in [gi::getWindows 5]
[23:08:11.91] /i gi::executeAction menuPreShow -in [gi::getWindows 5]
[23:08:11.91] /r giMenuAccess db::getNext [gi::getMenus saConsoleSimMenu -from [gi::getWindows 5]]
[23:08:12.50] /# gi::executeAction saNetlistAndRun -in [gi::getWindows 5]
[23:08:12.50] /i isa::netlistAndRun -testbench [sa::findActiveTestbench -window 5] -mode overwrite
[23:08:12.54] /m Information: "Starting incremental netlisting for design "inverter/NAND2_tb/schematic"..." (NETLISTING-010)
[23:08:12.56] /o No Design Integrity rule violations found in "inverter/NAND2_tb/schematic"
[23:08:12.58] /m Information: "Netlisting design "inverter/NAND2_tb/schematic" finished successfully." (NETLISTING-012)
[23:08:12.58] /m Information: "Composing simulator input file for design "inverter/NAND2_tb/schematic"..."
[23:08:12.62] /m Information: "Simulator input file composed successfully for design "inverter/NAND2_tb/schematic""
[23:08:12.76] /m Information: "Starting HSPICE simulation for design: inverter/NAND2_tb/schematic"
[23:08:12.77] /# gi::collapse {jobMonitorTable} -index {0.0.0.0,0} -in [gi::getWindows 6]
[23:08:12.79] /o 1
[23:08:13.10] /m Information: "Simulation completed successfully for design: inverter/NAND2_tb/schematic "
[23:08:13.31] /m Information: "Evaluating and plotting outputs..."
[23:08:13.41] /j ::wf::WaveView::plotSuccess WaveView_1 {} {_65f1970_void_pp _60ad880_void_pp} 
[23:08:13.57] /j ::wf::WaveView::plotSuccess WaveView_1 {} {_65f1970_void_pp _60ad948_void_pp} 
[23:08:13.60] /m Information: Measurement calculations completed for testbench: default in 0s
[23:08:13.69] /j ::wf::WaveView::plotSuccess WaveView_1 {} {_65f1970_void_pp _60ada10_void_pp} 
[23:08:44.84] /i gi::executeAction giCloseWindow -in [gi::getWindows 6]
[23:08:44.85] /i gi::setActiveWindow 5
[23:08:44.85] /i gi::setActiveWindow 5 -raise true
[23:08:49.60] /i gi::executeAction menuPreShow -in [gi::getWindows 5]
[23:08:49.60] /r giMenuAccess db::getNext [gi::getMenus saConsoleSimMenu -from [gi::getWindows 5]]
[23:08:50.11] /i gi::executeAction menuPreShow -in [gi::getWindows 5]
[23:08:50.11] /r giMenuAccess db::getNext [gi::getMenus saResultsMenu -from [gi::getWindows 5]]
[23:08:51.40] /i gi::executeAction menuPreShow -in [gi::getWindows 5]
[23:08:51.40] /r giMenuAccess db::getNext [gi::getMenus saToolsMenu -from [gi::getWindows 5]]
[23:08:52.23] /# gi::executeAction saParametric -in [gi::getWindows 5]
[23:08:52.23] /i sa::showParametricAnalyses -parent 5
[23:08:52.25] /o oa:0x1f668340
[23:08:52.30] /i gi::setActiveDialog [gi::getDialogs {saParametricAnalyses} -parent [gi::getWindows 5]]
[23:08:52.59] /i db::setAttr geometry -of [gi::getDialogs {saParametricAnalyses} -parent [gi::getWindows 5]] -value 750x360+95+160
[23:08:53.72] /i gi::pressButton {/allSweeps/treeWidgetAdd} -in [gi::getDialogs {saParametricAnalyses} -parent [gi::getWindows 5]]
[23:08:53.76] /r giDialog gi::setActiveDialog [gi::getDialogs {addNewSweepDialog} -parent [gi::getWindows 5]]
[23:08:54.06] /r giDialog db::setAttr geometry -of [gi::getDialogs {addNewSweepDialog} -parent [gi::getWindows 5]] -value 345x97+298+291
[23:08:55.77] /r giDialog gi::setField {/designVar} -value {b} -in [gi::getDialogs {addNewSweepDialog} -parent [gi::getWindows 5]]
[23:08:57.35] /r giDialog gi::setField {/designVar} -value {a} -in [gi::getDialogs {addNewSweepDialog} -parent [gi::getWindows 5]]
[23:08:57.70] /r giDialog gi::pressButton {/ok} -in [gi::getDialogs {addNewSweepDialog} -parent [gi::getWindows 5]]
[23:08:57.71] /i gi::setField {/allSweeps/treeWidget} -index {0,1} -value {true} -in [gi::getDialogs {saParametricAnalyses} -parent [gi::getWindows 5]]
[23:08:57.71] /i gi::setField {/allSweeps/treeWidget} -index {0,2} -value {false} -in [gi::getDialogs {saParametricAnalyses} -parent [gi::getWindows 5]]
[23:08:57.71] /i gi::setItemSelection {/allSweeps/treeWidget} -index {all} -in [gi::getDialogs {saParametricAnalyses} -parent [gi::getWindows 5]]
[23:08:57.72] /i gi::setActiveDialog [gi::getDialogs {saParametricAnalyses} -parent [gi::getWindows 5]]
[23:09:00.78] /i db::setAttr geometry -of [gi::getDialogs {saParametricAnalyses} -parent [gi::getWindows 5]] -value 750x360+495+304
[23:09:01.50] /i gi::setField {/toplevelgrp/stepDetailsGroup/stepValGroup/linearType} -value {Step\ Size} -in [gi::getDialogs {saParametricAnalyses} -parent [gi::getWindows 5]]
[23:09:04.09] /i db::setAttr geometry -of [gi::getDialogs {saParametricAnalyses} -parent [gi::getWindows 5]] -value 750x360+546+372
[23:09:10.05] /i gi::setField {/toplevelgrp/rangeDetailsGroup/rangeValGroup/start} -value {0.9u} -in [gi::getDialogs {saParametricAnalyses} -parent [gi::getWindows 5]]
[23:09:16.74] /i gi::setField {/toplevelgrp/rangeDetailsGroup/rangeValGroup/stop} -value {5.6u} -in [gi::getDialogs {saParametricAnalyses} -parent [gi::getWindows 5]]
[23:09:19.86] /i gi::setField {/toplevelgrp/stepDetailsGroup/stepValGroup/linearText} -value {0.9u} -in [gi::getDialogs {saParametricAnalyses} -parent [gi::getWindows 5]]
[23:09:19.94] /i gi::pressButton {/apply} -in [gi::getDialogs {saParametricAnalyses} -parent [gi::getWindows 5]]
[23:09:22.42] /i gi::pressButton {/ok} -in [gi::getDialogs {saParametricAnalyses} -parent [gi::getWindows 5]]
[23:09:24.24] /i gi::executeAction menuPreShow -in [gi::getWindows 5]
[23:09:24.24] /r giMenuAccess db::getNext [gi::getMenus saConsoleSimMenu -from [gi::getWindows 5]]
[23:09:24.76] /# gi::executeAction saNetlistAndRun -in [gi::getWindows 5]
[23:09:24.76] /i isa::netlistAndRun -testbench [sa::findActiveTestbench -window 5] -mode overwrite
[23:09:24.77] /r giWindowId 8
[23:09:24.78] /r giWindowGeometry 800x600
[23:09:24.84] /m Information: "Starting incremental netlisting for design "inverter/NAND2_tb/schematic"..." (NETLISTING-010)
[23:09:24.85] /o No Design Integrity rule violations found in "inverter/NAND2_tb/schematic"
[23:09:24.87] /m Information: "Netlisting design "inverter/NAND2_tb/schematic" finished successfully." (NETLISTING-012)
[23:09:24.88] /m Information: "Composing simulator input file for design "inverter/NAND2_tb/schematic"..."
[23:09:24.90] /m Information: "Simulator input file composed successfully for design "inverter/NAND2_tb/schematic""
[23:09:25.06] /m Information: "Composing simulator input file for design "inverter/NAND2_tb/schematic" for 6 iterations..."
[23:09:25.16] /m Information: "Simulator input file composed successfully for design "inverter/NAND2_tb/schematic""
[23:09:25.21] /m Information: "Starting 6 HSPICE simulations for design: inverter/NAND2_tb/schematic"
[23:09:25.21] /# gi::collapse {jobMonitorTable} -index {0.0.1.0,0} -in [gi::getWindows 8]
[23:09:25.25] /m Information: "Simulations launched successfully for design: inverter/NAND2_tb/schematic"
[23:09:25.26] /o 1
[23:09:25.62] /m Information: "Simulation completed successfully for design: inverter/NAND2_tb/schematic point: a=1.80000u"
[23:09:25.66] /m Information: "Simulation completed successfully for design: inverter/NAND2_tb/schematic point: a=2.70000u"
[23:09:25.73] /m Information: "Simulation completed successfully for design: inverter/NAND2_tb/schematic point: a=0.900000u"
[23:09:26.00] /m Information: "Simulation completed successfully for design: inverter/NAND2_tb/schematic point: a=3.60000u"
[23:09:26.03] /m Information: "Simulation completed successfully for design: inverter/NAND2_tb/schematic point: a=4.50000u"
[23:09:26.10] /m Information: "Simulation completed successfully for design: inverter/NAND2_tb/schematic point: a=5.40000u"
[23:09:26.28] /m Information: "Evaluating and plotting outputs..."
[23:09:26.36] /j ::wf::WaveView::plotSuccess WaveView_1 {} {_6107ba0_void_pp {_60adad8_void_pp _60adba0_void_pp _60adc68_void_pp _60add30_void_pp _60addf8_void_pp _60adec0_void_pp}} 
[23:09:26.49] /j ::wf::WaveView::plotSuccess WaveView_1 {} {_6107ba0_void_pp {_60ad880_void_pp _60adf88_void_pp _60ae050_void_pp _60ae118_void_pp _60ae1e0_void_pp _60ae2a8_void_pp}} 
[23:09:26.59] /j ::wf::WaveView::plotSuccess WaveView_1 {} {_6107ba0_void_pp {_60ad948_void_pp _60ae370_void_pp _60ae438_void_pp _60ae500_void_pp _60ae5c8_void_pp _60ae690_void_pp}} 
[23:09:26.89] /m Information: Measurement calculations completed for testbench: default in 0s
[23:10:11.71] /i gi::setActiveWindow 5
[23:10:11.71] /i gi::setActiveWindow 5 -raise true
[23:10:21.10] /i gi::setField {analysisPane} -index {0,2} -value {false} -in [gi::getWindows 5]
[23:10:22.20] /i gi::setCurrentIndex {variablesTable} -index {1,1} -in [gi::getWindows 5]
[23:10:22.20] /i gi::setItemSelection {variablesTable} -index {1,1} -in [gi::getWindows 5]
[23:10:22.20] /i gi::setItemSelection {variablesTable} -index {1,1} -in [gi::getWindows 5]
[23:10:27.31] /i gi::setField {variablesTable} -index {1,1} -value {0.5u} -in [gi::getWindows 5]
[23:10:27.31] /i gi::setField {variablesTable} -index {1,1} -value {0.5u} -in [gi::getWindows 5]
[23:10:28.77] /i gi::executeAction menuPreShow -in [gi::getWindows 5]
[23:10:28.77] /r giMenuAccess db::getNext [gi::getMenus saConsoleSimMenu -from [gi::getWindows 5]]
[23:10:29.25] /# gi::executeAction saNetlistAndRun -in [gi::getWindows 5]
[23:10:29.25] /i isa::netlistAndRun -testbench [sa::findActiveTestbench -window 5] -mode overwrite
[23:10:29.31] /m Information: "Starting incremental netlisting for design "inverter/NAND2_tb/schematic"..." (NETLISTING-010)
[23:10:29.33] /o No Design Integrity rule violations found in "inverter/NAND2_tb/schematic"
[23:10:29.35] /m Information: "Netlisting design "inverter/NAND2_tb/schematic" finished successfully." (NETLISTING-012)
[23:10:29.36] /m Information: "Composing simulator input file for design "inverter/NAND2_tb/schematic"..."
[23:10:29.38] /m Information: "Simulator input file composed successfully for design "inverter/NAND2_tb/schematic""
[23:10:29.52] /m Information: "Starting HSPICE simulation for design: inverter/NAND2_tb/schematic"
[23:10:29.53] /# gi::collapse {jobMonitorTable} -index {0.0.1.0,0} -in [gi::getWindows 8]
[23:10:29.54] /o 1
[23:10:29.90] /m Information: "Simulation completed successfully for design: inverter/NAND2_tb/schematic "
[23:10:30.10] /m Information: "Evaluating and plotting outputs..."
[23:10:30.35] /j ::wf::WaveView::plotSuccess WaveView_1 {} {_6731380_void_pp _60ada10_void_pp} 
[23:10:30.47] /j ::wf::WaveView::plotSuccess WaveView_1 {} {_6731380_void_pp _60adec0_void_pp} 
[23:10:30.49] /m Information: Measurement calculations completed for testbench: default in 0s
[23:10:31.28] /j ::wf::WaveView::plotSuccess WaveView_1 {} {_6731380_void_pp _60ae2a8_void_pp} 
[23:10:37.75] /i gi::setActiveWindow 5
[23:10:37.75] /i gi::setActiveWindow 5 -raise true
[23:10:42.07] /i gi::setField {variablesTable} -index {1,1} -value {0.18u} -in [gi::getWindows 5]
[23:10:42.07] /i gi::setField {variablesTable} -index {1,1} -value {0.18u} -in [gi::getWindows 5]
[23:10:43.10] /i gi::setActiveWindow 8
[23:10:43.10] /i gi::setActiveWindow 8 -raise true
[23:10:47.13] /i gi::setActiveWindow 5
[23:10:47.13] /i gi::setActiveWindow 5 -raise true
[23:10:47.70] /i gi::executeAction menuPreShow -in [gi::getWindows 5]
[23:10:47.71] /r giMenuAccess db::getNext [gi::getMenus saConsoleSimMenu -from [gi::getWindows 5]]
[23:10:48.18] /# gi::executeAction saRun -in [gi::getWindows 5]
[23:10:48.18] /i isa::run -testbench [sa::findActiveTestbench -window 5] -mode overwrite
[23:10:48.28] /m Information: "Composing simulator input file for design "inverter/NAND2_tb/schematic"..."
[23:10:48.30] /m Information: "Simulator input file composed successfully for design "inverter/NAND2_tb/schematic""
[23:10:48.39] /m Information: "Starting HSPICE simulation for design: inverter/NAND2_tb/schematic"
[23:10:48.39] /# gi::collapse {jobMonitorTable} -index {0.0.1.0,0} -in [gi::getWindows 8]
[23:10:48.41] /o 1
[23:10:48.70] /m Information: "Simulation completed successfully for design: inverter/NAND2_tb/schematic "
[23:10:48.91] /m Information: "Evaluating and plotting outputs..."
[23:10:49.07] /j ::wf::WaveView::plotSuccess WaveView_1 {} {_6699eb0_void_pp _60ae690_void_pp} 
[23:10:49.19] /j ::wf::WaveView::plotSuccess WaveView_1 {} {_6699eb0_void_pp _60ada10_void_pp} 
[23:10:49.20] /m Information: Measurement calculations completed for testbench: default in 0s
[23:10:49.31] /j ::wf::WaveView::plotSuccess WaveView_1 {} {_6699eb0_void_pp _60adec0_void_pp} 
[23:10:53.16] /i gi::setActiveWindow 5
[23:10:53.16] /i gi::setActiveWindow 5 -raise true
[23:10:53.73] /i gi::setCurrentIndex {parameters} -index {c,Prompt} -in [gi::getAssistants dePropertyEditor -from [gi::getWindows 7]]
[23:10:53.73] /i gi::setActiveWindow 7
[23:10:53.73] /i gi::setActiveWindow 7 -raise true
[23:10:54.45] /i gi::setActiveWindow 5
[23:10:54.45] /i gi::setActiveWindow 5 -raise true
[23:10:55.10] /i gi::executeAction menuPreShow -in [gi::getWindows 5]
[23:10:55.10] /r giMenuAccess db::getNext [gi::getMenus saConsoleSimMenu -from [gi::getWindows 5]]
[23:10:55.52] /# gi::executeAction saNetlistAndRun -in [gi::getWindows 5]
[23:10:55.52] /i isa::netlistAndRun -testbench [sa::findActiveTestbench -window 5] -mode overwrite
[23:10:55.55] /m Information: "Starting incremental netlisting for design "inverter/NAND2_tb/schematic"..." (NETLISTING-010)
[23:10:55.57] /o No Design Integrity rule violations found in "inverter/NAND2_tb/schematic"
[23:10:55.58] /m Information: "Netlisting design "inverter/NAND2_tb/schematic" finished successfully." (NETLISTING-012)
[23:10:55.59] /m Information: "Composing simulator input file for design "inverter/NAND2_tb/schematic"..."
[23:10:55.62] /m Information: "Simulator input file composed successfully for design "inverter/NAND2_tb/schematic""
[23:10:55.77] /m Information: "Starting HSPICE simulation for design: inverter/NAND2_tb/schematic"
[23:10:55.77] /# gi::collapse {jobMonitorTable} -index {0.0.1.0,0} -in [gi::getWindows 8]
[23:10:55.80] /o 1
[23:10:56.10] /m Information: "Simulation completed successfully for design: inverter/NAND2_tb/schematic "
[23:10:56.30] /m Information: "Evaluating and plotting outputs..."
[23:10:56.47] /j ::wf::WaveView::plotSuccess WaveView_1 {} {_67373b0_void_pp _60ae2a8_void_pp} 
[23:10:56.59] /m Information: Measurement calculations completed for testbench: default in 0s
[23:10:56.61] /j ::wf::WaveView::plotSuccess WaveView_1 {} {_67373b0_void_pp _60ae690_void_pp} 
[23:10:56.74] /j ::wf::WaveView::plotSuccess WaveView_1 {} {_67373b0_void_pp _60ada10_void_pp} 
[23:11:54.90] /i gi::setActiveWindow 5
[23:11:54.91] /i gi::setActiveWindow 5 -raise true
[23:11:56.84] /i gi::setField {variablesTable} -index {1,1} -value {0.18u} -in [gi::getWindows 5]
[23:11:56.84] /i gi::setCurrentIndex {variablesTable} -index {2,1} -in [gi::getWindows 5]
[23:11:56.84] /i gi::setItemSelection {variablesTable} -index {2,1} -in [gi::getWindows 5]
[23:11:56.84] /i gi::setItemSelection {variablesTable} -index {2,1} -in [gi::getWindows 5]
[23:11:59.89] /i gi::setField {variablesTable} -index {2,1} -value {0.6u} -in [gi::getWindows 5]
[23:11:59.89] /i gi::setField {variablesTable} -index {2,1} -value {0.6u} -in [gi::getWindows 5]
[23:12:01.03] /i gi::setField {variablesTable} -index {2,1} -value {0.6u} -in [gi::getWindows 5]
[23:12:01.03] /i gi::setCurrentIndex {variablesTable} -index {1,1} -in [gi::getWindows 5]
[23:12:01.03] /i gi::setItemSelection {variablesTable} -index {1,1} -in [gi::getWindows 5]
[23:12:01.03] /i gi::setItemSelection {variablesTable} -index {1,1} -in [gi::getWindows 5]
[23:12:03.79] /i gi::setField {variablesTable} -index {1,1} -value {1.5u} -in [gi::getWindows 5]
[23:12:03.79] /i gi::setField {variablesTable} -index {1,1} -value {1.5u} -in [gi::getWindows 5]
[23:12:05.90] /i gi::executeAction menuPreShow -in [gi::getWindows 5]
[23:12:05.90] /r giMenuAccess db::getNext [gi::getMenus saConsoleSimMenu -from [gi::getWindows 5]]
[23:12:07.21] /# gi::executeAction saNetlistAndRun -in [gi::getWindows 5]
[23:12:07.21] /i isa::netlistAndRun -testbench [sa::findActiveTestbench -window 5] -mode overwrite
[23:12:07.40] /m Information: "Starting incremental netlisting for design "inverter/NAND2_tb/schematic"..." (NETLISTING-010)
[23:12:07.42] /o No Design Integrity rule violations found in "inverter/NAND2_tb/schematic"
[23:12:07.46] /m Information: "Netlisting design "inverter/NAND2_tb/schematic" finished successfully." (NETLISTING-012)
[23:12:07.47] /m Information: "Composing simulator input file for design "inverter/NAND2_tb/schematic"..."
[23:12:07.52] /m Information: "Simulator input file composed successfully for design "inverter/NAND2_tb/schematic""
[23:12:07.79] /m Information: "Starting HSPICE simulation for design: inverter/NAND2_tb/schematic"
[23:12:07.80] /# gi::collapse {jobMonitorTable} -index {0.0.1.0,0} -in [gi::getWindows 8]
[23:12:07.84] /o 1
[23:12:08.30] /m Information: "Simulation completed successfully for design: inverter/NAND2_tb/schematic "
[23:12:08.59] /m Information: "Evaluating and plotting outputs..."
[23:12:09.15] /j ::wf::WaveView::plotSuccess WaveView_1 {} {_6685880_void_pp _60adec0_void_pp} 
[23:12:09.30] /m Information: Measurement calculations completed for testbench: default in 1s
[23:12:09.44] /j ::wf::WaveView::plotSuccess WaveView_1 {} {_6685880_void_pp _60ae2a8_void_pp} 
[23:12:09.66] /j ::wf::WaveView::plotSuccess WaveView_1 {} {_6685880_void_pp _60ae690_void_pp} 
[23:13:33.29] /i gi::setActiveWindow 5
[23:13:33.30] /i gi::setActiveWindow 5 -raise true
[23:13:33.77] /i gi::setActiveWindow 7
[23:13:33.77] /i gi::setActiveWindow 7 -raise true
[23:13:35.72] /i gi::setActiveWindow 5
[23:13:35.72] /i gi::setActiveWindow 5 -raise true
[23:13:36.63] /i gi::setCurrentIndex {variablesTable} -index {4,1} -in [gi::getWindows 5]
[23:13:36.63] /i gi::setItemSelection {variablesTable} -index {4,1} -in [gi::getWindows 5]
[23:13:36.63] /i gi::setItemSelection {variablesTable} -index {4,1} -in [gi::getWindows 5]
[23:13:38.67] /i gi::setField {variablesTable} -index {4,1} -value {40f} -in [gi::getWindows 5]
[23:13:38.67] /i gi::setField {variablesTable} -index {4,1} -value {40f} -in [gi::getWindows 5]
[23:13:39.69] /i gi::setCurrentIndex {jobMonitorTable} -index {0,0} -in [gi::getWindows 8]
[23:13:39.71] /i gi::setActiveWindow 8
[23:13:39.71] /i gi::setActiveWindow 8 -raise true
[23:13:40.77] /i gi::setActiveWindow 5
[23:13:40.78] /i gi::setActiveWindow 5 -raise true
[23:13:41.46] /i gi::executeAction menuPreShow -in [gi::getWindows 5]
[23:13:41.46] /r giMenuAccess db::getNext [gi::getMenus saConsoleSimMenu -from [gi::getWindows 5]]
[23:13:42.01] /# gi::executeAction saNetlistAndRun -in [gi::getWindows 5]
[23:13:42.01] /i isa::netlistAndRun -testbench [sa::findActiveTestbench -window 5] -mode overwrite
[23:13:42.22] /m Information: "Starting incremental netlisting for design "inverter/NAND2_tb/schematic"..." (NETLISTING-010)
[23:13:42.27] /o No Design Integrity rule violations found in "inverter/NAND2_tb/schematic"
[23:13:42.32] /m Information: "Netlisting design "inverter/NAND2_tb/schematic" finished successfully." (NETLISTING-012)
[23:13:42.34] /m Information: "Composing simulator input file for design "inverter/NAND2_tb/schematic"..."
[23:13:42.41] /m Information: "Simulator input file composed successfully for design "inverter/NAND2_tb/schematic""
[23:13:42.78] /m Information: "Starting HSPICE simulation for design: inverter/NAND2_tb/schematic"
[23:13:42.79] /# gi::collapse {jobMonitorTable} -index {0.0.1.0,0} -in [gi::getWindows 8]
[23:13:42.86] /o 1
[23:13:43.42] /m Information: "Simulation completed successfully for design: inverter/NAND2_tb/schematic "
[23:13:43.83] /m Information: "Evaluating and plotting outputs..."
[23:13:44.71] /m Information: Measurement calculations completed for testbench: default in 0s
[23:13:44.90] /j ::wf::WaveView::plotSuccess WaveView_1 {} {_67373b0_void_pp _60ada10_void_pp} 
[23:13:45.72] /j ::wf::WaveView::plotSuccess WaveView_1 {} {_67373b0_void_pp _60adec0_void_pp} 
[23:13:46.30] /j ::wf::WaveView::plotSuccess WaveView_1 {} {_67373b0_void_pp _60ae2a8_void_pp} 
[23:13:51.60] /i gi::setActiveWindow 5
[23:13:51.60] /i gi::setActiveWindow 5 -raise true
[23:13:56.61] /i gi::setField {variablesTable} -index {4,1} -value {100f} -in [gi::getWindows 5]
[23:13:56.61] /i gi::setField {variablesTable} -index {4,1} -value {100f} -in [gi::getWindows 5]
[23:13:57.56] /i gi::executeAction menuPreShow -in [gi::getWindows 5]
[23:13:57.56] /r giMenuAccess db::getNext [gi::getMenus saConsoleSimMenu -from [gi::getWindows 5]]
[23:13:58.06] /# gi::executeAction saNetlistAndRun -in [gi::getWindows 5]
[23:13:58.06] /i isa::netlistAndRun -testbench [sa::findActiveTestbench -window 5] -mode overwrite
[23:13:58.19] /m Information: "Starting incremental netlisting for design "inverter/NAND2_tb/schematic"..." (NETLISTING-010)
[23:13:58.22] /o No Design Integrity rule violations found in "inverter/NAND2_tb/schematic"
[23:13:58.27] /m Information: "Netlisting design "inverter/NAND2_tb/schematic" finished successfully." (NETLISTING-012)
[23:13:58.28] /m Information: "Composing simulator input file for design "inverter/NAND2_tb/schematic"..."
[23:13:58.35] /m Information: "Simulator input file composed successfully for design "inverter/NAND2_tb/schematic""
[23:13:58.69] /m Information: "Starting HSPICE simulation for design: inverter/NAND2_tb/schematic"
[23:13:58.70] /# gi::collapse {jobMonitorTable} -index {0.0.1.0,0} -in [gi::getWindows 8]
[23:13:58.74] /o 1
[23:13:59.22] /m Information: "Simulation completed successfully for design: inverter/NAND2_tb/schematic "
[23:13:59.62] /m Information: "Evaluating and plotting outputs..."
[23:14:00.21] /j ::wf::WaveView::plotSuccess WaveView_1 {} {_66a1ef0_void_pp _60ae690_void_pp} 
[23:14:00.28] /m Information: Measurement calculations completed for testbench: default in 1s
[23:14:00.69] /j ::wf::WaveView::plotSuccess WaveView_1 {} {_66a1ef0_void_pp _60ada10_void_pp} 
[23:14:01.14] /j ::wf::WaveView::plotSuccess WaveView_1 {} {_66a1ef0_void_pp _60adec0_void_pp} 
[23:14:11.93] /i gi::setActiveWindow 5
[23:14:11.93] /i gi::setActiveWindow 5 -raise true
[23:14:14.34] /i gi::setField {variablesTable} -index {4,1} -value {20f} -in [gi::getWindows 5]
[23:14:14.34] /i gi::setField {variablesTable} -index {4,1} -value {20f} -in [gi::getWindows 5]
[23:14:16.20] /i gi::executeAction menuPreShow -in [gi::getWindows 5]
[23:14:16.20] /r giMenuAccess db::getNext [gi::getMenus saConsoleSimMenu -from [gi::getWindows 5]]
[23:14:16.70] /# gi::executeAction saNetlistAndRun -in [gi::getWindows 5]
[23:14:16.70] /i isa::netlistAndRun -testbench [sa::findActiveTestbench -window 5] -mode overwrite
[23:14:16.77] /m Information: "Starting incremental netlisting for design "inverter/NAND2_tb/schematic"..." (NETLISTING-010)
[23:14:16.79] /o No Design Integrity rule violations found in "inverter/NAND2_tb/schematic"
[23:14:16.84] /m Information: "Netlisting design "inverter/NAND2_tb/schematic" finished successfully." (NETLISTING-012)
[23:14:16.85] /m Information: "Composing simulator input file for design "inverter/NAND2_tb/schematic"..."
[23:14:16.92] /m Information: "Simulator input file composed successfully for design "inverter/NAND2_tb/schematic""
[23:14:17.22] /m Information: "Starting HSPICE simulation for design: inverter/NAND2_tb/schematic"
[23:14:17.22] /# gi::collapse {jobMonitorTable} -index {0.0.1.0,0} -in [gi::getWindows 8]
[23:14:17.28] /o 1
[23:14:17.71] /m Information: "Simulation completed successfully for design: inverter/NAND2_tb/schematic "
[23:14:18.08] /m Information: "Evaluating and plotting outputs..."
[23:14:18.75] /j ::wf::WaveView::plotSuccess WaveView_1 {} {_669a9d0_void_pp _60ae2a8_void_pp} 
[23:14:18.80] /m Information: Measurement calculations completed for testbench: default in 0s
[23:14:19.30] /j ::wf::WaveView::plotSuccess WaveView_1 {} {_669a9d0_void_pp _60ae690_void_pp} 
[23:14:19.69] /j ::wf::WaveView::plotSuccess WaveView_1 {} {_669a9d0_void_pp _60ada10_void_pp} 
[23:14:40.22] /e Error: Waveform viewer exited abnormally.
[23:14:40.91] /i gi::setActiveWindow 5
[23:14:40.92] /i gi::setActiveWindow 5 -raise true
[23:14:41.68] /i gi::setActiveWindow 8
[23:14:41.68] /i gi::setActiveWindow 8 -raise true
[23:14:44.74] /i gi::setActiveWindow 5
[23:14:44.75] /i gi::setActiveWindow 5 -raise true
[23:14:52.28] /i gi::setField {analysisPane} -index {0,2} -value {true} -in [gi::getWindows 5]
[23:14:52.62] /i gi::setCurrentIndex {analysisPane} -index {0,3} -in [gi::getWindows 5]
[23:14:52.62] /i gi::setItemSelection {analysisPane} -index {0,3} -in [gi::getWindows 5]
[23:14:52.88] /i gi::setActiveDialog [gi::getDialogs {saParametricAnalyses} -parent [gi::getWindows 5]]
[23:14:53.18] /i db::setAttr geometry -of [gi::getDialogs {saParametricAnalyses} -parent [gi::getWindows 5]] -value 750x360+50+115
[23:14:56.37] /i gi::setField {/toplevelgrp/rangeDetailsGroup/rangeValGroup/start} -value {0.6u} -in [gi::getDialogs {saParametricAnalyses} -parent [gi::getWindows 5]]
[23:15:00.10] /i gi::setField {/toplevelgrp/rangeDetailsGroup/rangeValGroup/stop} -value {3.6u} -in [gi::getDialogs {saParametricAnalyses} -parent [gi::getWindows 5]]
[23:15:02.60] /i gi::setField {/toplevelgrp/stepDetailsGroup/stepValGroup/linearText} -value {0.6u} -in [gi::getDialogs {saParametricAnalyses} -parent [gi::getWindows 5]]
[23:15:02.64] /i gi::pressButton {/apply} -in [gi::getDialogs {saParametricAnalyses} -parent [gi::getWindows 5]]
[23:15:02.64] /# gi::setItemSelection {analysisPane} -index {1,3} -in [gi::getWindows 5]
[23:15:02.64] /# gi::setCurrentIndex {analysisPane} -index {1,3} -in [gi::getWindows 5]
[23:15:03.04] /i gi::pressButton {/ok} -in [gi::getDialogs {saParametricAnalyses} -parent [gi::getWindows 5]]
[23:15:04.00] /i gi::executeAction menuPreShow -in [gi::getWindows 5]
[23:15:04.00] /r giMenuAccess db::getNext [gi::getMenus saResultsMenu -from [gi::getWindows 5]]
[23:15:04.13] /i gi::executeAction menuPreShow -in [gi::getWindows 5]
[23:15:04.13] /r giMenuAccess db::getNext [gi::getMenus saConsoleSimMenu -from [gi::getWindows 5]]
[23:15:05.07] /# gi::executeAction saNetlistAndRun -in [gi::getWindows 5]
[23:15:05.07] /i isa::netlistAndRun -testbench [sa::findActiveTestbench -window 5] -mode overwrite
[23:15:05.18] /m Information: "Starting incremental netlisting for design "inverter/NAND2_tb/schematic"..." (NETLISTING-010)
[23:15:05.20] /o No Design Integrity rule violations found in "inverter/NAND2_tb/schematic"
[23:15:05.24] /m Information: "Netlisting design "inverter/NAND2_tb/schematic" finished successfully." (NETLISTING-012)
[23:15:05.25] /m Information: "Composing simulator input file for design "inverter/NAND2_tb/schematic"..."
[23:15:05.31] /m Information: "Simulator input file composed successfully for design "inverter/NAND2_tb/schematic""
[23:15:05.56] /m Information: "Composing simulator input file for design "inverter/NAND2_tb/schematic" for 6 iterations..."
[23:15:05.77] /m Information: "Simulator input file composed successfully for design "inverter/NAND2_tb/schematic""
[23:15:05.85] /m Information: "Starting 6 HSPICE simulations for design: inverter/NAND2_tb/schematic"
[23:15:05.85] /# gi::collapse {jobMonitorTable} -index {0.0.0.0,0} -in [gi::getWindows 8]
[23:15:05.93] /m Information: "Simulations launched successfully for design: inverter/NAND2_tb/schematic"
[23:15:05.95] /o 1
[23:15:06.52] /m Information: "Simulation completed successfully for design: inverter/NAND2_tb/schematic point: a=0.600000u"
[23:15:06.60] /m Information: "Simulation completed successfully for design: inverter/NAND2_tb/schematic point: a=1.20000u"
[23:15:06.68] /m Information: "Simulation completed successfully for design: inverter/NAND2_tb/schematic point: a=1.80000u"
[23:15:07.00] /m Information: "Simulation completed successfully for design: inverter/NAND2_tb/schematic point: a=2.40000u"
[23:15:07.04] /m Information: "Simulation completed successfully for design: inverter/NAND2_tb/schematic point: a=3.00000u"
[23:15:07.10] /m Information: "Simulation completed successfully for design: inverter/NAND2_tb/schematic point: a=3.60000u"
[23:15:07.44] /m Information: Launching Background sae_shell Server Process "cd /home/itsupport/Desktop/lab1vlsi && sae_shell -log sae_shell_session0_job3 -libDefFile /home/itsupport/Desktop/lab1vlsi/lib.defs"
[23:15:07.45] /m Information: "Evaluating and plotting outputs..."
[23:15:07.51] /m Information: Launching Waveform Viewer "cd /home/itsupport/simulation/inverter,NAND2_tb,schematic/history_1/simulation/default/HSPICE/parametric/results &&  wv -k -cdesigner -spxkey /usr/synopsys/customcompiler/N-2017.12-SP1-2/auxx/waveform/sae.spxkey -spxrc /tmp/sae_spxrc_HYoIHj -unique_string 1b6b0f23e9fdaf0769aa7f613a217c24125e8d2b0833b894ed40d2f5efbf27a2fb0c0fc5bd6190664af4d0a5c35525eaf65b323265a0d56f -lic_type 1    > /home/itsupport/simulation/inverter,NAND2_tb,schematic/history_1/simulation/default/HSPICE/parametric/results/viewer.log 2>&1"
[23:15:07.51] /i gi::collapse {jobMonitorTable} -index {0.0,0} -in [gi::getWindows 8]
[23:15:08.89] /j ::wf::WaveView::plotSuccess WaveView_2 {} {_6d6e270_void_pp {_6e0ff00_void_pp _6e0ffc8_void_pp _6e10090_void_pp _6e10158_void_pp _6e10220_void_pp _6e102e8_void_pp}} 
[23:15:08.93] /j ::wf::WaveView::plotSuccess WaveView_2 {} {_6d6e270_void_pp {_6e103b0_void_pp _6e10478_void_pp _6e10540_void_pp _6e10608_void_pp _6e106d0_void_pp _6e10798_void_pp}} 
[23:15:08.99] /j ::wf::WaveView::plotSuccess WaveView_2 {} {_6d6e270_void_pp {_6e10860_void_pp _6e10928_void_pp _6e109f0_void_pp _6e10ab8_void_pp _6e10b80_void_pp _6e10c48_void_pp}} 
[23:15:13.50] /m Information: Received ready-for-commands signal from background job 'sae_shell_session0_job3' after 6 seconds.
[23:15:15.09] /m Information: Measurement calculations completed for testbench: default in 1s
[23:15:39.11] /i gi::setActiveWindow 5
[23:15:39.13] /i gi::setActiveWindow 5 -raise true
[23:15:41.70] /i gi::setCurrentIndex {variablesTable} -index {3,1} -in [gi::getWindows 5]
[23:15:41.70] /i gi::setItemSelection {variablesTable} -index {3,1} -in [gi::getWindows 5]
[23:15:41.70] /i gi::setItemSelection {variablesTable} -index {3,1} -in [gi::getWindows 5]
[23:15:41.70] /i gi::setItemSelection {analysisPane} -index {} -in [gi::getWindows 5]
[23:15:44.41] /i gi::setField {variablesTable} -index {3,1} -value {0.36u} -in [gi::getWindows 5]
[23:15:44.41] /i gi::setField {variablesTable} -index {3,1} -value {0.36u} -in [gi::getWindows 5]
[23:15:45.67] /i gi::setActiveWindow 8
[23:15:45.67] /i gi::setActiveWindow 8 -raise true
[23:15:47.55] /i gi::setActiveWindow 5
[23:15:47.56] /i gi::setActiveWindow 5 -raise true
[23:15:48.15] /i gi::executeAction menuPreShow -in [gi::getWindows 5]
[23:15:48.15] /r giMenuAccess db::getNext [gi::getMenus saConsoleSimMenu -from [gi::getWindows 5]]
[23:15:48.66] /# gi::executeAction saNetlistAndRun -in [gi::getWindows 5]
[23:15:48.66] /i isa::netlistAndRun -testbench [sa::findActiveTestbench -window 5] -mode overwrite
[23:15:48.81] /m Information: "Starting incremental netlisting for design "inverter/NAND2_tb/schematic"..." (NETLISTING-010)
[23:15:48.84] /o No Design Integrity rule violations found in "inverter/NAND2_tb/schematic"
[23:15:48.88] /m Information: "Netlisting design "inverter/NAND2_tb/schematic" finished successfully." (NETLISTING-012)
[23:15:48.90] /m Information: "Composing simulator input file for design "inverter/NAND2_tb/schematic"..."
[23:15:48.97] /m Information: "Simulator input file composed successfully for design "inverter/NAND2_tb/schematic""
[23:15:49.29] /m Information: "Composing simulator input file for design "inverter/NAND2_tb/schematic" for 6 iterations..."
[23:15:49.59] /m Information: "Simulator input file composed successfully for design "inverter/NAND2_tb/schematic""
[23:15:49.73] /m Information: "Starting 6 HSPICE simulations for design: inverter/NAND2_tb/schematic"
[23:15:49.74] /# gi::collapse {jobMonitorTable} -index {0.0.0.0,0} -in [gi::getWindows 8]
[23:15:49.82] /m Information: "Simulations launched successfully for design: inverter/NAND2_tb/schematic"
[23:15:49.86] /o 1
[23:15:51.23] /m Information: "Simulation completed successfully for design: inverter/NAND2_tb/schematic point: a=0.600000u"
[23:15:51.34] /m Information: "Simulation completed successfully for design: inverter/NAND2_tb/schematic point: a=1.80000u"
[23:15:52.06] /m Information: "Simulation completed successfully for design: inverter/NAND2_tb/schematic point: a=1.20000u"
[23:15:52.43] /m Information: "Simulation completed successfully for design: inverter/NAND2_tb/schematic point: a=2.40000u"
[23:15:52.47] /m Information: "Simulation completed successfully for design: inverter/NAND2_tb/schematic point: a=3.00000u"
[23:15:52.73] /m Information: "Simulation completed successfully for design: inverter/NAND2_tb/schematic point: a=3.60000u"
[23:15:53.16] /m Information: Launching Background sae_shell Server Process "cd /home/itsupport/Desktop/lab1vlsi && sae_shell -log sae_shell_session0_job4 -libDefFile /home/itsupport/Desktop/lab1vlsi/lib.defs"
[23:15:53.18] /m Information: "Evaluating and plotting outputs..."
[23:15:55.31] /m Information: Measurement calculations completed for testbench: default in 2s
[23:15:55.37] /j ::wf::WaveView::plotSuccess WaveView_2 {} {_73676d0_void_pp {_6e10d10_void_pp _6e10dd8_void_pp _6e10ea0_void_pp _6e10f68_void_pp _6e11030_void_pp _6e110f8_void_pp}} 
[23:15:56.35] /j ::wf::WaveView::plotSuccess WaveView_2 {} {_73676d0_void_pp {_6e102e8_void_pp _6e10220_void_pp _6e10158_void_pp _6e10090_void_pp _6e0ffc8_void_pp _6e0ff00_void_pp}} 
[23:16:01.10] /m Information: Received ready-for-commands signal from background job 'sae_shell_session0_job4' after 8 seconds.
[23:16:01.86] /j ::wf::WaveView::plotSuccess WaveView_2 {} {_73676d0_void_pp {_6e10798_void_pp _6e106d0_void_pp _6e10608_void_pp _6e10540_void_pp _6e10478_void_pp _6e103b0_void_pp}} 
[23:16:20.76] /i gi::setActiveWindow 5
[23:16:20.76] /i gi::setActiveWindow 5 -raise true
[23:16:27.52] /i gi::setField {variablesTable} -index {3,1} -value {1.8uu} -in [gi::getWindows 5]
[23:16:27.53] /i gi::setField {variablesTable} -index {3,1} -value {1.8uu} -in [gi::getWindows 5]
[23:16:30.08] /i gi::setField {variablesTable} -index {3,1} -value {1.8u} -in [gi::getWindows 5]
[23:16:30.08] /i gi::setField {variablesTable} -index {3,1} -value {1.8u} -in [gi::getWindows 5]
[23:16:31.13] /i gi::setActiveWindow 8
[23:16:31.13] /i gi::setActiveWindow 8 -raise true
[23:16:32.68] /i gi::setActiveWindow 5
[23:16:32.68] /i gi::setActiveWindow 5 -raise true
[23:16:33.47] /i gi::executeAction menuPreShow -in [gi::getWindows 5]
[23:16:33.47] /r giMenuAccess db::getNext [gi::getMenus saConsoleSimMenu -from [gi::getWindows 5]]
[23:16:34.02] /# gi::executeAction saNetlistAndRun -in [gi::getWindows 5]
[23:16:34.02] /i isa::netlistAndRun -testbench [sa::findActiveTestbench -window 5] -mode overwrite
[23:16:34.16] /m Information: "Starting incremental netlisting for design "inverter/NAND2_tb/schematic"..." (NETLISTING-010)
[23:16:34.20] /o No Design Integrity rule violations found in "inverter/NAND2_tb/schematic"
[23:16:34.23] /m Information: "Netlisting design "inverter/NAND2_tb/schematic" finished successfully." (NETLISTING-012)
[23:16:34.24] /m Information: "Composing simulator input file for design "inverter/NAND2_tb/schematic"..."
[23:16:34.31] /m Information: "Simulator input file composed successfully for design "inverter/NAND2_tb/schematic""
[23:16:34.63] /m Information: "Composing simulator input file for design "inverter/NAND2_tb/schematic" for 6 iterations..."
[23:16:34.86] /m Information: "Simulator input file composed successfully for design "inverter/NAND2_tb/schematic""
[23:16:34.97] /m Information: "Starting 6 HSPICE simulations for design: inverter/NAND2_tb/schematic"
[23:16:34.98] /# gi::collapse {jobMonitorTable} -index {0.0.0.0,0} -in [gi::getWindows 8]
[23:16:35.06] /m Information: "Simulations launched successfully for design: inverter/NAND2_tb/schematic"
[23:16:35.09] /o 1
[23:16:35.58] /e Error: "Simulation failed for design: inverter/NAND2_tb/schematic point: a=0.600000u"
[23:16:35.68] /m Information: "Simulation completed successfully for design: inverter/NAND2_tb/schematic point: a=1.20000u"
[23:16:35.78] /m Information: "Simulation completed successfully for design: inverter/NAND2_tb/schematic point: a=1.80000u"
[23:16:37.16] /m Information: "Simulation completed successfully for design: inverter/NAND2_tb/schematic point: a=2.40000u"
[23:16:37.23] /m Information: "Simulation completed successfully for design: inverter/NAND2_tb/schematic point: a=3.00000u"
[23:16:37.43] /m Information: "Simulation completed successfully for design: inverter/NAND2_tb/schematic point: a=3.60000u"
[23:16:37.93] /m Information: "Evaluating and plotting outputs..."
[23:16:39.30] /m Information: Measurement calculations completed for testbench: default in 1s
[23:16:39.91] /j ::wf::WaveView::plotSuccess WaveView_2 {} {_75555a0_void_pp {_6e10c48_void_pp _6e10b80_void_pp _6e10ab8_void_pp _6e109f0_void_pp _6e10928_void_pp _6e10860_void_pp}} 
[23:16:40.77] /j ::wf::WaveView::plotSuccess WaveView_2 {} {_75555a0_void_pp {_6e110f8_void_pp _6e11030_void_pp _6e10f68_void_pp _6e10ea0_void_pp _6e10dd8_void_pp _6e10d10_void_pp}} 
[23:16:45.99] /j ::wf::WaveView::plotSuccess WaveView_2 {} {_75555a0_void_pp {_6e0ff00_void_pp _6e0ffc8_void_pp _6e10090_void_pp _6e10158_void_pp _6e10220_void_pp _6e102e8_void_pp}} 
[23:17:53.58] /i gi::setActiveWindow 5
[23:17:53.59] /i gi::setActiveWindow 5 -raise true
[23:20:16.53] /i gi::setCurrentIndex {variablesTable} -index {2,1} -in [gi::getWindows 5]
[23:20:16.53] /i gi::setItemSelection {variablesTable} -index {2,1} -in [gi::getWindows 5]
[23:20:16.53] /i gi::setItemSelection {variablesTable} -index {2,1} -in [gi::getWindows 5]
[23:20:17.05] /i gi::setField {variablesTable} -index {2,1} -value {0.6u} -in [gi::getWindows 5]
[23:20:17.05] /i gi::setCurrentIndex {variablesTable} -index {1,1} -in [gi::getWindows 5]
[23:20:17.06] /i gi::setItemSelection {variablesTable} -index {1,1} -in [gi::getWindows 5]
[23:20:17.06] /i gi::setItemSelection {variablesTable} -index {1,1} -in [gi::getWindows 5]
[23:20:18.50] /i gi::setCurrentIndex {variablesTable} -index {3,1} -in [gi::getWindows 5]
[23:20:18.50] /i gi::setItemSelection {variablesTable} -index {3,1} -in [gi::getWindows 5]
[23:20:18.50] /i gi::setItemSelection {variablesTable} -index {3,1} -in [gi::getWindows 5]
[23:20:21.42] /i gi::setField {variablesTable} -index {3,1} -value {0.18u} -in [gi::getWindows 5]
[23:20:21.42] /i gi::setField {variablesTable} -index {3,1} -value {0.18u} -in [gi::getWindows 5]
[23:20:23.93] /i gi::executeAction menuPreShow -in [gi::getWindows 5]
[23:20:23.93] /r giMenuAccess db::getNext [gi::getMenus saConsoleSimMenu -from [gi::getWindows 5]]
[23:20:24.48] /# gi::executeAction saNetlistAndRun -in [gi::getWindows 5]
[23:20:24.48] /i isa::netlistAndRun -testbench [sa::findActiveTestbench -window 5] -mode overwrite
[23:20:24.77] /m Information: "Starting incremental netlisting for design "inverter/NAND2_tb/schematic"..." (NETLISTING-010)
[23:20:24.80] /o No Design Integrity rule violations found in "inverter/NAND2_tb/schematic"
[23:20:24.88] /m Information: "Netlisting design "inverter/NAND2_tb/schematic" finished successfully." (NETLISTING-012)
[23:20:24.89] /m Information: "Composing simulator input file for design "inverter/NAND2_tb/schematic"..."
[23:20:24.98] /m Information: "Simulator input file composed successfully for design "inverter/NAND2_tb/schematic""
[23:20:25.37] /m Information: "Composing simulator input file for design "inverter/NAND2_tb/schematic" for 6 iterations..."
[23:20:25.62] /m Information: "Simulator input file composed successfully for design "inverter/NAND2_tb/schematic""
[23:20:25.74] /m Information: "Starting 6 HSPICE simulations for design: inverter/NAND2_tb/schematic"
[23:20:25.75] /# gi::collapse {jobMonitorTable} -index {0.0.0.0,0} -in [gi::getWindows 8]
[23:20:25.88] /m Information: "Simulations launched successfully for design: inverter/NAND2_tb/schematic"
[23:20:25.90] /o 1
[23:20:27.51] /m Information: "Simulation completed successfully for design: inverter/NAND2_tb/schematic point: a=1.80000u"
[23:20:27.71] /m Information: "Simulation completed successfully for design: inverter/NAND2_tb/schematic point: a=0.600000u"
[23:20:27.80] /m Information: "Simulation completed successfully for design: inverter/NAND2_tb/schematic point: a=1.20000u"
[23:20:28.39] /m Information: "Simulation completed successfully for design: inverter/NAND2_tb/schematic point: a=2.40000u"
[23:20:28.52] /m Information: "Simulation completed successfully for design: inverter/NAND2_tb/schematic point: a=3.60000u"
[23:20:28.62] /m Information: "Simulation completed successfully for design: inverter/NAND2_tb/schematic point: a=3.00000u"
[23:20:29.05] /m Information: "Evaluating and plotting outputs..."
[23:20:30.43] /m Information: Measurement calculations completed for testbench: default in 1s
[23:20:30.63] /j ::wf::WaveView::plotSuccess WaveView_2 {} {_6cc01b0_void_pp {_6e103b0_void_pp _6e10478_void_pp _6e10540_void_pp _6e10608_void_pp _6e106d0_void_pp _6e10798_void_pp}} 
[23:20:31.42] /j ::wf::WaveView::plotSuccess WaveView_2 {} {_6cc01b0_void_pp {_6e10860_void_pp _6e10928_void_pp _6e109f0_void_pp _6e10ab8_void_pp _6e10b80_void_pp _6e10c48_void_pp}} 
[23:20:35.58] /j ::wf::WaveView::plotSuccess WaveView_2 {} {_6cc01b0_void_pp {_6e10d10_void_pp _6e10dd8_void_pp _6e10ea0_void_pp _6e10f68_void_pp _6e11030_void_pp _6e110f8_void_pp}} 
[23:21:14.53] /i gi::executeAction giCloseWindow -in [gi::getWindows 8]
[23:21:14.55] /i gi::setActiveWindow 5
[23:21:14.56] /i gi::setActiveWindow 5 -raise true
[23:21:19.50] /i gi::setCurrentIndex {variablesTable} -index {2,1} -in [gi::getWindows 5]
[23:21:19.51] /i gi::setItemSelection {variablesTable} -index {2,1} -in [gi::getWindows 5]
[23:21:19.51] /i gi::setItemSelection {variablesTable} -index {2,1} -in [gi::getWindows 5]
[23:21:22.58] /i gi::setField {variablesTable} -index {2,1} -value {0.18u} -in [gi::getWindows 5]
[23:21:22.58] /i gi::setField {variablesTable} -index {2,1} -value {0.18u} -in [gi::getWindows 5]
[23:21:23.92] /i gi::setCurrentIndex {variablesTable} -index {1,1} -in [gi::getWindows 5]
[23:21:23.93] /i gi::setItemSelection {variablesTable} -index {1,1} -in [gi::getWindows 5]
[23:21:23.93] /i gi::setItemSelection {variablesTable} -index {1,1} -in [gi::getWindows 5]
[23:21:25.95] /i gi::setItemSelection {analysisPane} -index {1,3} -in [gi::getWindows 5]
[23:21:25.96] /i gi::setItemSelection {variablesTable} -index {} -in [gi::getWindows 5]
[23:21:25.96] /i gi::setItemSelection {variablesTable} -index {} -in [gi::getWindows 5]
[23:21:26.80] /i gi::setCurrentIndex {analysisPane} -index {0,3} -in [gi::getWindows 5]
[23:21:26.80] /i gi::setItemSelection {analysisPane} -index {0,3} -in [gi::getWindows 5]
[23:21:27.10] /i gi::setActiveDialog [gi::getDialogs {saParametricAnalyses} -parent [gi::getWindows 5]]
[23:21:27.40] /i db::setAttr geometry -of [gi::getDialogs {saParametricAnalyses} -parent [gi::getWindows 5]] -value 750x360+50+115
[23:21:30.14] /i gi::setField {/toplevelgrp/rangeDetailsGroup/rangeValGroup/start} -value {0.18u} -in [gi::getDialogs {saParametricAnalyses} -parent [gi::getWindows 5]]
[23:21:33.64] /i gi::setField {/toplevelgrp/rangeDetailsGroup/rangeValGroup/stop} -value {0.5u} -in [gi::getDialogs {saParametricAnalyses} -parent [gi::getWindows 5]]
[23:21:35.21] /i gi::setField {/toplevelgrp/stepDetailsGroup/stepValGroup/linearText} -value {0.5u} -in [gi::getDialogs {saParametricAnalyses} -parent [gi::getWindows 5]]
[23:21:35.21] /i gi::pressButton {/ok} -in [gi::getDialogs {saParametricAnalyses} -parent [gi::getWindows 5]]
[23:21:35.22] /e Error: Parametric Analyses dialog error: 'Incorrect sweeps in the list of sweeps: 
              /c 0 - Step value is greater than total span'. (OPAL-006)
[23:21:35.22] /e Error: The requested action could not be completed because one or more inputs are incomplete or invalid. (CUSTOM_WIDGETS-001)
[23:21:35.22] /o Parametric Analyses dialog error: 'Incorrect sweeps in the list of sweeps: 
              /c 0 - Step value is greater than total span'.
[23:21:36.55] /i gi::pressButton {/apply} -in [gi::getDialogs {saParametricAnalyses} -parent [gi::getWindows 5]]
[23:21:36.55] /e Error: The requested action could not be completed because one or more inputs are incomplete or invalid. (CUSTOM_WIDGETS-001)
[23:21:36.91] /i gi::pressButton {/ok} -in [gi::getDialogs {saParametricAnalyses} -parent [gi::getWindows 5]]
[23:21:36.91] /e Error: The requested action could not be completed because one or more inputs are incomplete or invalid. (CUSTOM_WIDGETS-001)
[23:21:37.82] /i gi::pressButton {/ok} -in [gi::getDialogs {saParametricAnalyses} -parent [gi::getWindows 5]]
[23:21:37.82] /e Error: The requested action could not be completed because one or more inputs are incomplete or invalid. (CUSTOM_WIDGETS-001)
[23:21:37.98] /i gi::pressButton {/ok} -in [gi::getDialogs {saParametricAnalyses} -parent [gi::getWindows 5]]
[23:21:37.99] /e Error: The requested action could not be completed because one or more inputs are incomplete or invalid. (CUSTOM_WIDGETS-001)
[23:21:38.13] /i gi::pressButton {/ok} -in [gi::getDialogs {saParametricAnalyses} -parent [gi::getWindows 5]]
[23:21:38.14] /e Error: The requested action could not be completed because one or more inputs are incomplete or invalid. (CUSTOM_WIDGETS-001)
[23:21:38.54] /i gi::pressButton {/apply} -in [gi::getDialogs {saParametricAnalyses} -parent [gi::getWindows 5]]
[23:21:38.54] /e Error: The requested action could not be completed because one or more inputs are incomplete or invalid. (CUSTOM_WIDGETS-001)
[23:21:45.48] /i gi::setField {/toplevelgrp/stepDetailsGroup/stepValGroup/linearText} -value {0.2u} -in [gi::getDialogs {saParametricAnalyses} -parent [gi::getWindows 5]]
[23:21:45.84] /i gi::pressButton {/apply} -in [gi::getDialogs {saParametricAnalyses} -parent [gi::getWindows 5]]
[23:21:45.85] /# gi::setItemSelection {analysisPane} -index {1,3} -in [gi::getWindows 5]
[23:21:45.85] /# gi::setCurrentIndex {analysisPane} -index {1,3} -in [gi::getWindows 5]
[23:21:47.08] /i gi::pressButton {/ok} -in [gi::getDialogs {saParametricAnalyses} -parent [gi::getWindows 5]]
[23:21:48.33] /i gi::setCurrentIndex {analysisPane} -index {0,3} -in [gi::getWindows 5]
[23:21:48.33] /i gi::setItemSelection {analysisPane} -index {0,3} -in [gi::getWindows 5]
[23:21:48.97] /i gi::setActiveDialog [gi::getDialogs {saParametricAnalyses} -parent [gi::getWindows 5]]
[23:21:49.25] /i db::setAttr geometry -of [gi::getDialogs {saParametricAnalyses} -parent [gi::getWindows 5]] -value 750x360+50+115
[23:21:50.95] /i gi::closeWindows [gi::getDialogs {saParametricAnalyses} -parent [gi::getWindows 5]]
[23:21:51.56] /i gi::executeAction menuPreShow -in [gi::getWindows 5]
[23:21:51.56] /r giMenuAccess db::getNext [gi::getMenus saConsoleSimMenu -from [gi::getWindows 5]]
[23:21:52.06] /# gi::executeAction saNetlistAndRun -in [gi::getWindows 5]
[23:21:52.06] /i isa::netlistAndRun -testbench [sa::findActiveTestbench -window 5] -mode overwrite
[23:21:52.09] /r giWindowId 9
[23:21:52.13] /r giWindowGeometry 800x600
[23:21:52.32] /m Information: "Starting incremental netlisting for design "inverter/NAND2_tb/schematic"..." (NETLISTING-010)
[23:21:52.35] /o No Design Integrity rule violations found in "inverter/NAND2_tb/schematic"
[23:21:52.39] /m Information: "Netlisting design "inverter/NAND2_tb/schematic" finished successfully." (NETLISTING-012)
[23:21:52.41] /m Information: "Composing simulator input file for design "inverter/NAND2_tb/schematic"..."
[23:21:52.48] /m Information: "Simulator input file composed successfully for design "inverter/NAND2_tb/schematic""
[23:21:52.77] /m Information: "Composing simulator input file for design "inverter/NAND2_tb/schematic" for 2 iterations..."
[23:21:52.82] /m Information: "Simulator input file composed successfully for design "inverter/NAND2_tb/schematic""
[23:21:52.95] /m Information: "Starting 2 HSPICE simulations for design: inverter/NAND2_tb/schematic"
[23:21:52.95] /# gi::collapse {jobMonitorTable} -index {0.0.0.0,0} -in [gi::getWindows 9]
[23:21:52.99] /m Information: "Simulations launched successfully for design: inverter/NAND2_tb/schematic"
[23:21:53.01] /o 1
[23:21:53.55] /m Information: "Simulation completed successfully for design: inverter/NAND2_tb/schematic point: a=0.180000u"
[23:21:53.67] /m Information: "Simulation completed successfully for design: inverter/NAND2_tb/schematic point: a=0.380000u"
[23:21:54.06] /m Information: "Evaluating and plotting outputs..."
[23:21:55.03] /m Information: Measurement calculations completed for testbench: default in 0s
[23:21:57.29] /j ::wf::WaveView::plotSuccess WaveView_2 {} {_79f95a0_void_pp {_6e110f8_void_pp _6e11030_void_pp}} 
[23:21:59.81] /j ::wf::WaveView::plotSuccess WaveView_2 {} {_79f95a0_void_pp {_6e10478_void_pp _6e103b0_void_pp}} 
[23:22:03.72] /j ::wf::WaveView::plotSuccess WaveView_2 {} {_79f95a0_void_pp {_6e10928_void_pp _6e10860_void_pp}} 
[23:22:31.86] /i gi::setActiveWindow 5
[23:22:31.87] /i gi::setActiveWindow 5 -raise true
[23:22:32.53] /i gi::setActiveWindow 9
[23:22:32.53] /i gi::setActiveWindow 9 -raise true
[23:22:33.73] /i gi::expand {jobMonitorTable} -index {0.0.0.0.0,0} -in [gi::getWindows 9]
[23:22:36.14] /i gi::setActiveWindow 5
[23:22:36.14] /i gi::setActiveWindow 5 -raise true
[23:22:37.39] /i gi::setActiveDialog [gi::getDialogs {saParametricAnalyses} -parent [gi::getWindows 5]]
[23:22:37.70] /i db::setAttr geometry -of [gi::getDialogs {saParametricAnalyses} -parent [gi::getWindows 5]] -value 750x360+50+115
[23:22:43.98] /i gi::setField {/toplevelgrp/stepDetailsGroup/stepValGroup/linearText} -value {0.05u} -in [gi::getDialogs {saParametricAnalyses} -parent [gi::getWindows 5]]
[23:22:44.06] /i gi::pressButton {/apply} -in [gi::getDialogs {saParametricAnalyses} -parent [gi::getWindows 5]]
[23:22:44.06] /# gi::setItemSelection {analysisPane} -index {1,3} -in [gi::getWindows 5]
[23:22:44.06] /# gi::setCurrentIndex {analysisPane} -index {1,3} -in [gi::getWindows 5]
[23:22:44.62] /i gi::pressButton {/ok} -in [gi::getDialogs {saParametricAnalyses} -parent [gi::getWindows 5]]
[23:22:45.89] /i gi::executeAction menuPreShow -in [gi::getWindows 5]
[23:22:45.89] /r giMenuAccess db::getNext [gi::getMenus saConsoleSimMenu -from [gi::getWindows 5]]
[23:22:46.63] /# gi::executeAction saNetlistAndRun -in [gi::getWindows 5]
[23:22:46.63] /i isa::netlistAndRun -testbench [sa::findActiveTestbench -window 5] -mode overwrite
[23:22:46.77] /m Information: "Starting incremental netlisting for design "inverter/NAND2_tb/schematic"..." (NETLISTING-010)
[23:22:46.80] /o No Design Integrity rule violations found in "inverter/NAND2_tb/schematic"
[23:22:46.84] /m Information: "Netlisting design "inverter/NAND2_tb/schematic" finished successfully." (NETLISTING-012)
[23:22:46.85] /m Information: "Composing simulator input file for design "inverter/NAND2_tb/schematic"..."
[23:22:46.92] /m Information: "Simulator input file composed successfully for design "inverter/NAND2_tb/schematic""
[23:22:47.22] /m Information: "Composing simulator input file for design "inverter/NAND2_tb/schematic" for 7 iterations..."
[23:22:47.51] /m Information: "Simulator input file composed successfully for design "inverter/NAND2_tb/schematic""
[23:22:47.64] /m Information: "Starting 7 HSPICE simulations for design: inverter/NAND2_tb/schematic"
[23:22:47.64] /# gi::collapse {jobMonitorTable} -index {0.0.0.0,0} -in [gi::getWindows 9]
[23:22:47.73] /m Information: "Simulations launched successfully for design: inverter/NAND2_tb/schematic"
[23:22:47.75] /o 1
[23:22:48.61] /m Information: "Simulation completed successfully for design: inverter/NAND2_tb/schematic point: a=0.280000u"
[23:22:48.75] /m Information: "Simulation completed successfully for design: inverter/NAND2_tb/schematic point: a=0.230000u"
[23:22:49.06] /m Information: "Simulation completed successfully for design: inverter/NAND2_tb/schematic point: a=0.180000u"
[23:22:49.17] /m Information: "Simulation completed successfully for design: inverter/NAND2_tb/schematic point: a=0.330000u"
[23:22:49.23] /m Information: "Simulation completed successfully for design: inverter/NAND2_tb/schematic point: a=0.380000u"
[23:22:49.70] /m Information: "Simulation completed successfully for design: inverter/NAND2_tb/schematic point: a=0.430000u"
[23:22:49.80] /m Information: "Simulation completed successfully for design: inverter/NAND2_tb/schematic point: a=0.480000u"
[23:22:50.17] /m Information: "Evaluating and plotting outputs..."
[23:22:51.46] /m Information: Measurement calculations completed for testbench: default in 1s
[23:22:54.95] /j ::wf::WaveView::plotSuccess WaveView_2 {} {_7a83e70_void_pp {_6e11418_void_pp _6e114e0_void_pp _6e115a8_void_pp _6e11670_void_pp _6e11738_void_pp _6e11800_void_pp _6e118c8_void_pp}} 
[23:22:57.02] /j ::wf::WaveView::plotSuccess WaveView_2 {} {_7a83e70_void_pp {_6e10ea0_void_pp _6e10f68_void_pp _6e10d10_void_pp _6e10c48_void_pp _6e10dd8_void_pp _6e11030_void_pp _6e110f8_void_pp}} 
[23:23:09.78] /j ::wf::WaveView::plotSuccess WaveView_2 {} {_7a83e70_void_pp {_6e106d0_void_pp _6e10798_void_pp _6e109f0_void_pp _6e10ab8_void_pp _6e10b80_void_pp _6e103b0_void_pp _6e10478_void_pp}} 
[23:23:39.43] /m Information: Waveform viewer exited normally.
[23:23:40.60] /i gi::setActiveWindow 5
[23:23:40.60] /i gi::setActiveWindow 5 -raise true
[23:23:43.37] /i gi::setCurrentIndex {analysisPane} -index {0,3} -in [gi::getWindows 5]
[23:23:43.37] /i gi::setItemSelection {analysisPane} -index {0,3} -in [gi::getWindows 5]
[23:23:43.66] /i gi::setActiveDialog [gi::getDialogs {saParametricAnalyses} -parent [gi::getWindows 5]]
[23:23:43.93] /i db::setAttr geometry -of [gi::getDialogs {saParametricAnalyses} -parent [gi::getWindows 5]] -value 750x360+50+115
[23:23:47.89] /i gi::setField {/toplevelgrp/rangeDetailsGroup/rangeValGroup/stop} -value {2.5u} -in [gi::getDialogs {saParametricAnalyses} -parent [gi::getWindows 5]]
[23:23:51.13] /i gi::setField {/toplevelgrp/stepDetailsGroup/stepValGroup/linearText} -value {0.01u} -in [gi::getDialogs {saParametricAnalyses} -parent [gi::getWindows 5]]
[23:23:51.49] /i gi::pressButton {/apply} -in [gi::getDialogs {saParametricAnalyses} -parent [gi::getWindows 5]]
[23:23:51.50] /# gi::setItemSelection {analysisPane} -index {1,3} -in [gi::getWindows 5]
[23:23:51.50] /# gi::setCurrentIndex {analysisPane} -index {1,3} -in [gi::getWindows 5]
[23:23:51.90] /i gi::pressButton {/ok} -in [gi::getDialogs {saParametricAnalyses} -parent [gi::getWindows 5]]
[23:23:52.70] /i gi::executeAction menuPreShow -in [gi::getWindows 5]
[23:23:52.70] /r giMenuAccess db::getNext [gi::getMenus saToolsMenu -from [gi::getWindows 5]]
[23:23:52.80] /i gi::executeAction menuPreShow -in [gi::getWindows 5]
[23:23:52.80] /r giMenuAccess db::getNext [gi::getMenus saResultsMenu -from [gi::getWindows 5]]
[23:23:53.13] /i gi::executeAction menuPreShow -in [gi::getWindows 5]
[23:23:53.13] /r giMenuAccess db::getNext [gi::getMenus saConsoleSimMenu -from [gi::getWindows 5]]
[23:23:53.74] /# gi::executeAction saNetlistAndRun -in [gi::getWindows 5]
[23:23:53.74] /i isa::netlistAndRun -testbench [sa::findActiveTestbench -window 5] -mode overwrite
[23:23:53.90] /m Information: "Starting incremental netlisting for design "inverter/NAND2_tb/schematic"..." (NETLISTING-010)
[23:23:53.93] /o No Design Integrity rule violations found in "inverter/NAND2_tb/schematic"
[23:23:53.99] /m Information: "Netlisting design "inverter/NAND2_tb/schematic" finished successfully." (NETLISTING-012)
[23:23:54.00] /m Information: "Composing simulator input file for design "inverter/NAND2_tb/schematic"..."
[23:23:54.07] /m Information: "Simulator input file composed successfully for design "inverter/NAND2_tb/schematic""
[23:23:54.39] /m Information: "Composing simulator input file for design "inverter/NAND2_tb/schematic" for 233 iterations..."
[23:23:55.27] /m Information: "Simulator input file for iterations 1 to 24 composed successfully"
[23:23:56.14] /m Information: "Simulator input file for iterations 25 to 48 composed successfully"
[23:23:57.03] /m Information: "Simulator input file for iterations 49 to 72 composed successfully"
[23:23:57.90] /m Information: "Simulator input file for iterations 73 to 96 composed successfully"
[23:23:58.68] /m Information: "Simulator input file for iterations 97 to 120 composed successfully"
[23:23:59.49] /m Information: "Simulator input file for iterations 121 to 144 composed successfully"
[23:24:00.30] /m Information: "Simulator input file for iterations 145 to 168 composed successfully"
[23:24:01.15] /m Information: "Simulator input file for iterations 169 to 192 composed successfully"
[23:24:01.93] /m Information: "Simulator input file for iterations 193 to 216 composed successfully"
[23:24:02.49] /m Information: "Simulator input file composed successfully for design "inverter/NAND2_tb/schematic""
[23:24:02.68] /m Information: "Starting 233 HSPICE simulations for design: inverter/NAND2_tb/schematic"
[23:24:02.68] /# gi::collapse {jobMonitorTable} -index {0.0.0.0,0} -in [gi::getWindows 9]
[23:24:02.69] /# gi::collapse {jobMonitorTable} -index {0.0.0.0.0,0} -in [gi::getWindows 9]
[23:24:02.78] /# gi::collapse {jobMonitorTable} -index {0.0.0.0.0,0} -in [gi::getWindows 9]
[23:24:02.89] /# gi::collapse {jobMonitorTable} -index {0.0.0.0.0,0} -in [gi::getWindows 9]
[23:24:02.99] /# gi::collapse {jobMonitorTable} -index {0.0.0.0.0,0} -in [gi::getWindows 9]
[23:24:03.09] /# gi::collapse {jobMonitorTable} -index {0.0.0.0.0,0} -in [gi::getWindows 9]
[23:24:03.19] /# gi::collapse {jobMonitorTable} -index {0.0.0.0.0,0} -in [gi::getWindows 9]
[23:24:03.30] /# gi::collapse {jobMonitorTable} -index {0.0.0.0.0,0} -in [gi::getWindows 9]
[23:24:03.39] /# gi::collapse {jobMonitorTable} -index {0.0.0.0.0,0} -in [gi::getWindows 9]
[23:24:03.49] /# gi::collapse {jobMonitorTable} -index {0.0.0.0.0,0} -in [gi::getWindows 9]
[23:24:03.59] /# gi::collapse {jobMonitorTable} -index {0.0.0.0.0,0} -in [gi::getWindows 9]
[23:24:03.69] /# gi::collapse {jobMonitorTable} -index {0.0.0.0.0,0} -in [gi::getWindows 9]
[23:24:03.79] /# gi::collapse {jobMonitorTable} -index {0.0.0.0.0,0} -in [gi::getWindows 9]
[23:24:03.90] /# gi::collapse {jobMonitorTable} -index {0.0.0.0.0,0} -in [gi::getWindows 9]
[23:24:03.99] /# gi::collapse {jobMonitorTable} -index {0.0.0.0.0,0} -in [gi::getWindows 9]
[23:24:04.10] /# gi::collapse {jobMonitorTable} -index {0.0.0.0.0,0} -in [gi::getWindows 9]
[23:24:04.20] /# gi::collapse {jobMonitorTable} -index {0.0.0.0.0,0} -in [gi::getWindows 9]
[23:24:04.31] /m Information: "Simulations launched successfully for design: inverter/NAND2_tb/schematic"
[23:24:04.33] /o 1
[23:24:04.96] /m Information: "Simulation completed successfully for design: inverter/NAND2_tb/schematic point: a=0.190000u"
[23:24:05.09] /m Information: "Simulation completed successfully for design: inverter/NAND2_tb/schematic point: a=0.200000u"
[23:24:05.22] /m Information: "Simulation completed successfully for design: inverter/NAND2_tb/schematic point: a=0.180000u"
[23:24:05.40] /m Information: "Simulation completed successfully for design: inverter/NAND2_tb/schematic point: a=0.210000u"
[23:24:05.54] /m Information: "Simulation completed successfully for design: inverter/NAND2_tb/schematic point: a=0.220000u"
[23:24:05.70] /m Information: "Simulation completed successfully for design: inverter/NAND2_tb/schematic point: a=0.230000u"
[23:24:05.83] /m Information: "Simulation completed successfully for design: inverter/NAND2_tb/schematic point: a=0.240000u"
[23:24:06.06] /m Information: "Simulation completed successfully for design: inverter/NAND2_tb/schematic point: a=0.250000u"
[23:24:06.20] /m Information: "Simulation completed successfully for design: inverter/NAND2_tb/schematic point: a=0.260000u"
[23:24:06.33] /m Information: "Simulation completed successfully for design: inverter/NAND2_tb/schematic point: a=0.270000u"
[23:24:06.65] /m Information: "Simulation completed successfully for design: inverter/NAND2_tb/schematic point: a=0.280000u"
[23:24:07.10] /m Information: "Simulation completed successfully for design: inverter/NAND2_tb/schematic point: a=0.290000u"
[23:24:07.25] /m Information: "Simulation completed successfully for design: inverter/NAND2_tb/schematic point: a=0.300000u"
[23:24:07.46] /m Information: "Simulation completed successfully for design: inverter/NAND2_tb/schematic point: a=0.310000u"
[23:24:07.68] /m Information: "Simulation completed successfully for design: inverter/NAND2_tb/schematic point: a=0.320000u"
[23:24:07.84] /m Information: "Simulation completed successfully for design: inverter/NAND2_tb/schematic point: a=0.330000u"
[23:24:08.03] /i gi::setActiveWindow 5
[23:24:08.04] /i gi::setActiveWindow 5 -raise true
[23:24:08.15] /m Information: "Simulation completed successfully for design: inverter/NAND2_tb/schematic point: a=0.340000u"
[23:24:08.49] /m Information: "Simulation completed successfully for design: inverter/NAND2_tb/schematic point: a=0.350000u"
[23:24:08.68] /m Information: "Simulation completed successfully for design: inverter/NAND2_tb/schematic point: a=0.360000u"
[23:24:09.00] /m Information: "Simulation completed successfully for design: inverter/NAND2_tb/schematic point: a=0.370000u"
[23:24:09.18] /m Information: "Simulation completed successfully for design: inverter/NAND2_tb/schematic point: a=0.380000u"
[23:24:09.46] /m Information: "Simulation completed successfully for design: inverter/NAND2_tb/schematic point: a=0.390000u"
[23:24:09.63] /m Information: "Simulation completed successfully for design: inverter/NAND2_tb/schematic point: a=0.400000u"
[23:24:09.83] /m Information: "Simulation completed successfully for design: inverter/NAND2_tb/schematic point: a=0.410000u"
[23:24:10.07] /m Information: "Simulation completed successfully for design: inverter/NAND2_tb/schematic point: a=0.420000u"
[23:24:10.41] /m Information: "Simulation completed successfully for design: inverter/NAND2_tb/schematic point: a=0.430000u"
[23:24:10.70] /m Information: "Simulation completed successfully for design: inverter/NAND2_tb/schematic point: a=0.440000u"
[23:24:10.85] /m Information: "Simulation completed successfully for design: inverter/NAND2_tb/schematic point: a=0.450000u"
[23:24:11.00] /i gi::setCurrentIndex {analysisPane} -index {0,3} -in [gi::getWindows 5]
[23:24:11.00] /i gi::setItemSelection {analysisPane} -index {0,3} -in [gi::getWindows 5]
[23:24:11.22] /i gi::setActiveDialog [gi::getDialogs {saParametricAnalyses} -parent [gi::getWindows 5]]
[23:24:11.32] /m Information: "Simulation completed successfully for design: inverter/NAND2_tb/schematic point: a=0.460000u"
[23:24:11.51] /i db::setAttr geometry -of [gi::getDialogs {saParametricAnalyses} -parent [gi::getWindows 5]] -value 750x360+50+115
[23:24:11.52] /m Information: "Simulation completed successfully for design: inverter/NAND2_tb/schematic point: a=0.470000u"
[23:24:11.68] /m Information: "Simulation completed successfully for design: inverter/NAND2_tb/schematic point: a=0.480000u"
[23:24:12.01] /m Information: "Simulation completed successfully for design: inverter/NAND2_tb/schematic point: a=0.490000u"
[23:24:12.24] /m Information: "Simulation completed successfully for design: inverter/NAND2_tb/schematic point: a=0.500000u"
[23:24:12.44] /m Information: "Simulation completed successfully for design: inverter/NAND2_tb/schematic point: a=0.510000u"
[23:24:12.80] /m Information: "Simulation completed successfully for design: inverter/NAND2_tb/schematic point: a=0.520000u"
[23:24:13.16] /m Information: "Simulation completed successfully for design: inverter/NAND2_tb/schematic point: a=0.530000u"
[23:24:13.31] /m Information: "Simulation completed successfully for design: inverter/NAND2_tb/schematic point: a=0.540000u"
[23:24:13.60] /m Information: "Simulation completed successfully for design: inverter/NAND2_tb/schematic point: a=0.550000u"
[23:24:13.91] /m Information: "Simulation completed successfully for design: inverter/NAND2_tb/schematic point: a=0.560000u"
[23:24:14.07] /m Information: "Simulation completed successfully for design: inverter/NAND2_tb/schematic point: a=0.570000u"
[23:24:14.30] /m Information: "Simulation completed successfully for design: inverter/NAND2_tb/schematic point: a=0.580000u"
[23:24:14.53] /m Information: "Simulation completed successfully for design: inverter/NAND2_tb/schematic point: a=0.590000u"
[23:24:14.76] /m Information: "Simulation completed successfully for design: inverter/NAND2_tb/schematic point: a=0.600000u"
[23:24:15.07] /m Information: "Simulation completed successfully for design: inverter/NAND2_tb/schematic point: a=0.610000u"
[23:24:15.27] /m Information: "Simulation completed successfully for design: inverter/NAND2_tb/schematic point: a=0.620000u"
[23:24:15.45] /m Information: "Simulation completed successfully for design: inverter/NAND2_tb/schematic point: a=0.630000u"
[23:24:15.76] /m Information: "Simulation completed successfully for design: inverter/NAND2_tb/schematic point: a=0.640000u"
[23:24:15.92] /m Information: "Simulation completed successfully for design: inverter/NAND2_tb/schematic point: a=0.650000u"
[23:24:16.13] /m Information: "Simulation completed successfully for design: inverter/NAND2_tb/schematic point: a=0.660000u"
[23:24:16.34] /i gi::setActiveWindow 9
[23:24:16.34] /i gi::setActiveWindow 9 -raise true
[23:24:16.45] /m Information: "Simulation completed successfully for design: inverter/NAND2_tb/schematic point: a=0.670000u"
[23:24:16.88] /m Information: "Simulation completed successfully for design: inverter/NAND2_tb/schematic point: a=0.680000u"
[23:24:17.17] /m Information: "Simulation completed successfully for design: inverter/NAND2_tb/schematic point: a=0.690000u"
[23:24:17.33] /m Information: "Simulation completed successfully for design: inverter/NAND2_tb/schematic point: a=0.700000u"
[23:24:17.53] /m Information: "Simulation completed successfully for design: inverter/NAND2_tb/schematic point: a=0.710000u"
[23:24:17.71] /m Information: "Simulation completed successfully for design: inverter/NAND2_tb/schematic point: a=0.720000u"
[23:24:18.09] /m Information: "Simulation completed successfully for design: inverter/NAND2_tb/schematic point: a=0.730000u"
[23:24:18.33] /m Information: "Simulation completed successfully for design: inverter/NAND2_tb/schematic point: a=0.740000u"
[23:24:18.51] /m Information: "Simulation completed successfully for design: inverter/NAND2_tb/schematic point: a=0.750000u"
[23:24:18.94] /m Information: "Simulation completed successfully for design: inverter/NAND2_tb/schematic point: a=0.760000u"
[23:24:19.18] /m Information: "Simulation completed successfully for design: inverter/NAND2_tb/schematic point: a=0.770000u"
[23:24:19.35] /m Information: "Simulation completed successfully for design: inverter/NAND2_tb/schematic point: a=0.780000u"
[23:24:19.58] /i gi::closeWindows [gi::getDialogs {saParametricAnalyses} -parent [gi::getWindows 5]]
[23:24:19.73] /m Information: "Simulation completed successfully for design: inverter/NAND2_tb/schematic point: a=0.790000u"
[23:24:20.05] /m Information: "Simulation completed successfully for design: inverter/NAND2_tb/schematic point: a=0.800000u"
[23:24:20.23] /m Information: "Simulation completed successfully for design: inverter/NAND2_tb/schematic point: a=0.810000u"
[23:24:20.48] /m Information: "Simulation completed successfully for design: inverter/NAND2_tb/schematic point: a=0.820000u"
[23:24:20.69] /m Information: "Simulation completed successfully for design: inverter/NAND2_tb/schematic point: a=0.830000u"
[23:24:21.87] /m Information: "Simulation completed successfully for design: inverter/NAND2_tb/schematic point: a=0.840000u"
[23:24:22.21] /m Information: "Simulation completed successfully for design: inverter/NAND2_tb/schematic point: a=0.850000u"
[23:24:22.42] /m Information: "Simulation completed successfully for design: inverter/NAND2_tb/schematic point: a=0.860000u"
[23:24:22.75] /m Information: "Simulation completed successfully for design: inverter/NAND2_tb/schematic point: a=0.870000u"
[23:24:23.06] /m Information: "Simulation completed successfully for design: inverter/NAND2_tb/schematic point: a=0.880000u"
[23:24:23.27] /m Information: "Simulation completed successfully for design: inverter/NAND2_tb/schematic point: a=0.890000u"
[23:24:23.61] /m Information: "Simulation completed successfully for design: inverter/NAND2_tb/schematic point: a=0.900000u"
[23:24:23.98] /m Information: "Simulation completed successfully for design: inverter/NAND2_tb/schematic point: a=0.910000u"
[23:24:24.39] /m Information: "Simulation completed successfully for design: inverter/NAND2_tb/schematic point: a=0.920000u"
[23:24:24.75] /m Information: "Simulation completed successfully for design: inverter/NAND2_tb/schematic point: a=0.930000u"
[23:24:26.18] /m Information: "Simulation completed successfully for design: inverter/NAND2_tb/schematic point: a=0.940000u"
[23:24:26.40] /m Information: "Simulation completed successfully for design: inverter/NAND2_tb/schematic point: a=0.950000u"
[23:24:26.69] /m Information: "Simulation completed successfully for design: inverter/NAND2_tb/schematic point: a=0.960000u"
[23:24:43.49] /m Information: "Simulation completed successfully for design: inverter/NAND2_tb/schematic point: a=0.970000u"
[23:24:43.90] /m Information: "Simulation completed successfully for design: inverter/NAND2_tb/schematic point: a=0.980000u"
[23:24:44.28] /m Information: "Simulation completed successfully for design: inverter/NAND2_tb/schematic point: a=0.990000u"
[23:24:44.49] /m Information: "Simulation completed successfully for design: inverter/NAND2_tb/schematic point: a=1.00000u"
[23:24:44.83] /m Information: "Simulation completed successfully for design: inverter/NAND2_tb/schematic point: a=1.01000u"
[23:24:45.02] /m Information: "Simulation completed successfully for design: inverter/NAND2_tb/schematic point: a=1.02000u"
[23:24:45.37] /m Information: "Simulation completed successfully for design: inverter/NAND2_tb/schematic point: a=1.03000u"
[23:24:45.56] /m Information: "Simulation completed successfully for design: inverter/NAND2_tb/schematic point: a=1.04000u"
[23:24:45.86] /m Information: "Simulation completed successfully for design: inverter/NAND2_tb/schematic point: a=1.05000u"
[23:24:46.31] /m Information: "Simulation completed successfully for design: inverter/NAND2_tb/schematic point: a=1.06000u"
[23:24:46.49] /m Information: "Simulation completed successfully for design: inverter/NAND2_tb/schematic point: a=1.07000u"
[23:24:46.87] /m Information: "Simulation completed successfully for design: inverter/NAND2_tb/schematic point: a=1.08000u"
[23:24:47.23] /m Information: "Simulation completed successfully for design: inverter/NAND2_tb/schematic point: a=1.09000u"
[23:24:47.45] /m Information: "Simulation completed successfully for design: inverter/NAND2_tb/schematic point: a=1.10000u"
[23:24:48.46] /m Information: "Simulation completed successfully for design: inverter/NAND2_tb/schematic point: a=1.11000u"
[23:24:48.64] /m Information: "Simulation completed successfully for design: inverter/NAND2_tb/schematic point: a=1.12000u"
[23:24:48.97] /m Information: "Simulation completed successfully for design: inverter/NAND2_tb/schematic point: a=1.13000u"
[23:24:49.26] /m Information: "Simulation completed successfully for design: inverter/NAND2_tb/schematic point: a=1.14000u"
[23:24:49.46] /m Information: "Simulation completed successfully for design: inverter/NAND2_tb/schematic point: a=1.15000u"
[23:24:49.87] /m Information: "Simulation completed successfully for design: inverter/NAND2_tb/schematic point: a=1.16000u"
[23:24:50.11] /m Information: "Simulation completed successfully for design: inverter/NAND2_tb/schematic point: a=1.17000u"
[23:24:50.33] /m Information: "Simulation completed successfully for design: inverter/NAND2_tb/schematic point: a=1.18000u"
[23:24:50.63] /m Information: "Simulation completed successfully for design: inverter/NAND2_tb/schematic point: a=1.19000u"
[23:24:50.85] /m Information: "Simulation completed successfully for design: inverter/NAND2_tb/schematic point: a=1.20000u"
[23:24:51.93] /m Information: "Simulation completed successfully for design: inverter/NAND2_tb/schematic point: a=1.21000u"
[23:24:52.26] /m Information: "Simulation completed successfully for design: inverter/NAND2_tb/schematic point: a=1.22000u"
[23:24:52.47] /m Information: "Simulation completed successfully for design: inverter/NAND2_tb/schematic point: a=1.23000u"
[23:24:52.86] /m Information: "Simulation completed successfully for design: inverter/NAND2_tb/schematic point: a=1.24000u"
[23:24:53.81] /m Information: "Simulation completed successfully for design: inverter/NAND2_tb/schematic point: a=1.26000u"
[23:24:54.18] /m Information: "Simulation completed successfully for design: inverter/NAND2_tb/schematic point: a=1.25000u"
[23:24:54.42] /m Information: "Simulation completed successfully for design: inverter/NAND2_tb/schematic point: a=1.27000u"
[23:24:54.78] /m Information: "Simulation completed successfully for design: inverter/NAND2_tb/schematic point: a=1.28000u"
[23:24:54.95] /m Information: "Simulation completed successfully for design: inverter/NAND2_tb/schematic point: a=1.29000u"
[23:24:55.34] /m Information: "Simulation completed successfully for design: inverter/NAND2_tb/schematic point: a=1.30000u"
[23:24:55.58] /m Information: "Simulation completed successfully for design: inverter/NAND2_tb/schematic point: a=1.31000u"
[23:24:55.96] /m Information: "Simulation completed successfully for design: inverter/NAND2_tb/schematic point: a=1.32000u"
[23:24:56.29] /m Information: "Simulation completed successfully for design: inverter/NAND2_tb/schematic point: a=1.33000u"
[23:24:56.53] /m Information: "Simulation completed successfully for design: inverter/NAND2_tb/schematic point: a=1.34000u"
[23:24:56.92] /m Information: "Simulation completed successfully for design: inverter/NAND2_tb/schematic point: a=1.35000u"
[23:24:57.19] /m Information: "Simulation completed successfully for design: inverter/NAND2_tb/schematic point: a=1.36000u"
[23:24:57.40] /m Information: "Simulation completed successfully for design: inverter/NAND2_tb/schematic point: a=1.37000u"
[23:24:57.65] /m Information: "Simulation completed successfully for design: inverter/NAND2_tb/schematic point: a=1.38000u"
[23:24:57.82] /m Information: "Simulation completed successfully for design: inverter/NAND2_tb/schematic point: a=1.39000u"
[23:24:58.17] /m Information: "Simulation completed successfully for design: inverter/NAND2_tb/schematic point: a=1.40000u"
[23:24:58.55] /m Information: "Simulation completed successfully for design: inverter/NAND2_tb/schematic point: a=1.41000u"
[23:24:58.98] /m Information: "Simulation completed successfully for design: inverter/NAND2_tb/schematic point: a=1.42000u"
[23:24:59.98] /m Information: "Simulation completed successfully for design: inverter/NAND2_tb/schematic point: a=1.43000u"
[23:25:00.21] /m Information: "Simulation completed successfully for design: inverter/NAND2_tb/schematic point: a=1.44000u"
[23:25:00.41] /m Information: "Simulation completed successfully for design: inverter/NAND2_tb/schematic point: a=1.45000u"
[23:25:00.79] /m Information: "Simulation completed successfully for design: inverter/NAND2_tb/schematic point: a=1.46000u"
[23:25:01.18] /m Information: "Simulation completed successfully for design: inverter/NAND2_tb/schematic point: a=1.47000u"
[23:25:01.50] /m Information: "Simulation completed successfully for design: inverter/NAND2_tb/schematic point: a=1.48000u"
[23:25:02.00] /m Information: "Simulation completed successfully for design: inverter/NAND2_tb/schematic point: a=1.49000u"
[23:25:02.64] /m Information: "Simulation completed successfully for design: inverter/NAND2_tb/schematic point: a=1.50000u"
[23:25:03.02] /m Information: "Simulation completed successfully for design: inverter/NAND2_tb/schematic point: a=1.51000u"
[23:25:03.21] /m Information: "Simulation completed successfully for design: inverter/NAND2_tb/schematic point: a=1.52000u"
[23:25:04.06] /m Information: "Simulation completed successfully for design: inverter/NAND2_tb/schematic point: a=1.53000u"
[23:25:04.42] /m Information: "Simulation completed successfully for design: inverter/NAND2_tb/schematic point: a=1.54000u"
[23:25:04.78] /m Information: "Simulation completed successfully for design: inverter/NAND2_tb/schematic point: a=1.55000u"
[23:25:04.97] /m Information: "Simulation completed successfully for design: inverter/NAND2_tb/schematic point: a=1.56000u"
[23:25:05.47] /m Information: "Simulation completed successfully for design: inverter/NAND2_tb/schematic point: a=1.57000u"
[23:25:05.75] /m Information: "Simulation completed successfully for design: inverter/NAND2_tb/schematic point: a=1.58000u"
[23:25:06.03] /m Information: "Simulation completed successfully for design: inverter/NAND2_tb/schematic point: a=1.59000u"
[23:25:06.37] /m Information: "Simulation completed successfully for design: inverter/NAND2_tb/schematic point: a=1.60000u"
[23:25:06.71] /m Information: "Simulation completed successfully for design: inverter/NAND2_tb/schematic point: a=1.61000u"
[23:25:06.91] /m Information: "Simulation completed successfully for design: inverter/NAND2_tb/schematic point: a=1.62000u"
[23:25:07.25] /m Information: "Simulation completed successfully for design: inverter/NAND2_tb/schematic point: a=1.63000u"
[23:25:07.42] /m Information: "Simulation completed successfully for design: inverter/NAND2_tb/schematic point: a=1.64000u"
[23:25:07.60] /m Information: "Simulation completed successfully for design: inverter/NAND2_tb/schematic point: a=1.65000u"
[23:25:07.95] /m Information: "Simulation completed successfully for design: inverter/NAND2_tb/schematic point: a=1.66000u"
[23:25:08.26] /m Information: "Simulation completed successfully for design: inverter/NAND2_tb/schematic point: a=1.67000u"
[23:25:08.47] /m Information: "Simulation completed successfully for design: inverter/NAND2_tb/schematic point: a=1.68000u"
[23:25:08.83] /m Information: "Simulation completed successfully for design: inverter/NAND2_tb/schematic point: a=1.69000u"
[23:25:09.01] /m Information: "Simulation completed successfully for design: inverter/NAND2_tb/schematic point: a=1.70000u"
[23:25:09.22] /m Information: "Simulation completed successfully for design: inverter/NAND2_tb/schematic point: a=1.71000u"
[23:25:09.40] /m Information: "Simulation completed successfully for design: inverter/NAND2_tb/schematic point: a=1.72000u"
[23:25:09.87] /m Information: "Simulation completed successfully for design: inverter/NAND2_tb/schematic point: a=1.73000u"
[23:25:10.06] /m Information: "Simulation completed successfully for design: inverter/NAND2_tb/schematic point: a=1.74000u"
[23:25:10.45] /m Information: "Simulation completed successfully for design: inverter/NAND2_tb/schematic point: a=1.75000u"
[23:25:10.98] /m Information: "Simulation completed successfully for design: inverter/NAND2_tb/schematic point: a=1.76000u"
[23:25:11.18] /m Information: "Simulation completed successfully for design: inverter/NAND2_tb/schematic point: a=1.77000u"
[23:25:11.90] /m Information: "Simulation completed successfully for design: inverter/NAND2_tb/schematic point: a=1.78000u"
[23:25:12.24] /m Information: "Simulation completed successfully for design: inverter/NAND2_tb/schematic point: a=1.79000u"
[23:25:12.55] /m Information: "Simulation completed successfully for design: inverter/NAND2_tb/schematic point: a=1.80000u"
[23:25:13.11] /m Information: "Simulation completed successfully for design: inverter/NAND2_tb/schematic point: a=1.81000u"
[23:25:13.61] /m Information: "Simulation completed successfully for design: inverter/NAND2_tb/schematic point: a=1.82000u"
[23:25:14.11] /m Information: "Simulation completed successfully for design: inverter/NAND2_tb/schematic point: a=1.83000u"
[23:25:14.49] /m Information: "Simulation completed successfully for design: inverter/NAND2_tb/schematic point: a=1.84000u"
[23:25:14.99] /m Information: "Simulation completed successfully for design: inverter/NAND2_tb/schematic point: a=1.85000u"
[23:25:15.32] /m Information: "Simulation completed successfully for design: inverter/NAND2_tb/schematic point: a=1.86000u"
[23:25:15.70] /m Information: "Simulation completed successfully for design: inverter/NAND2_tb/schematic point: a=1.87000u"
[23:25:16.15] /m Information: "Simulation completed successfully for design: inverter/NAND2_tb/schematic point: a=1.88000u"
[23:25:16.73] /m Information: "Simulation completed successfully for design: inverter/NAND2_tb/schematic point: a=1.89000u"
[23:25:17.03] /m Information: "Simulation completed successfully for design: inverter/NAND2_tb/schematic point: a=1.90000u"
[23:25:17.45] /m Information: "Simulation completed successfully for design: inverter/NAND2_tb/schematic point: a=1.91000u"
[23:25:17.74] /m Information: "Simulation completed successfully for design: inverter/NAND2_tb/schematic point: a=1.92000u"
[23:25:17.95] /m Information: "Simulation completed successfully for design: inverter/NAND2_tb/schematic point: a=1.93000u"
[23:25:18.34] /m Information: "Simulation completed successfully for design: inverter/NAND2_tb/schematic point: a=1.94000u"
[23:25:18.70] /m Information: "Simulation completed successfully for design: inverter/NAND2_tb/schematic point: a=1.95000u"
[23:25:19.00] /m Information: "Simulation completed successfully for design: inverter/NAND2_tb/schematic point: a=1.96000u"
[23:25:19.38] /m Information: "Simulation completed successfully for design: inverter/NAND2_tb/schematic point: a=1.97000u"
[23:25:19.59] /m Information: "Simulation completed successfully for design: inverter/NAND2_tb/schematic point: a=1.98000u"
[23:25:19.97] /m Information: "Simulation completed successfully for design: inverter/NAND2_tb/schematic point: a=1.99000u"
[23:25:20.24] /m Information: "Simulation completed successfully for design: inverter/NAND2_tb/schematic point: a=2.01000u"
[23:25:20.60] /m Information: "Simulation completed successfully for design: inverter/NAND2_tb/schematic point: a=2.00000u"
[23:25:21.65] /m Information: "Simulation completed successfully for design: inverter/NAND2_tb/schematic point: a=2.02000u"
[23:25:22.19] /m Information: "Simulation completed successfully for design: inverter/NAND2_tb/schematic point: a=2.03000u"
[23:25:22.49] /m Information: "Simulation completed successfully for design: inverter/NAND2_tb/schematic point: a=2.04000u"
[23:25:22.86] /m Information: "Simulation completed successfully for design: inverter/NAND2_tb/schematic point: a=2.05000u"
[23:25:23.25] /m Information: "Simulation completed successfully for design: inverter/NAND2_tb/schematic point: a=2.06000u"
[23:25:23.47] /m Information: "Simulation completed successfully for design: inverter/NAND2_tb/schematic point: a=2.07000u"
[23:25:23.68] /m Information: "Simulation completed successfully for design: inverter/NAND2_tb/schematic point: a=2.08000u"
[23:25:24.65] /m Information: "Simulation completed successfully for design: inverter/NAND2_tb/schematic point: a=2.10000u"
[23:25:24.88] /m Information: "Simulation completed successfully for design: inverter/NAND2_tb/schematic point: a=2.11000u"
[23:25:25.68] /m Information: "Simulation completed successfully for design: inverter/NAND2_tb/schematic point: a=2.09000u"
[23:25:26.18] /m Information: "Simulation completed successfully for design: inverter/NAND2_tb/schematic point: a=2.12000u"
[23:25:26.36] /m Information: "Simulation completed successfully for design: inverter/NAND2_tb/schematic point: a=2.13000u"
[23:25:26.59] /m Information: "Simulation completed successfully for design: inverter/NAND2_tb/schematic point: a=2.14000u"
[23:25:26.96] /m Information: "Simulation completed successfully for design: inverter/NAND2_tb/schematic point: a=2.16000u"
[23:25:27.78] /m Information: "Simulation completed successfully for design: inverter/NAND2_tb/schematic point: a=2.15000u"
[23:25:28.14] /m Information: "Simulation completed successfully for design: inverter/NAND2_tb/schematic point: a=2.17000u"
[23:25:28.37] /m Information: "Simulation completed successfully for design: inverter/NAND2_tb/schematic point: a=2.18000u"
[23:25:28.74] /m Information: "Simulation completed successfully for design: inverter/NAND2_tb/schematic point: a=2.19000u"
[23:25:28.93] /m Information: "Simulation completed successfully for design: inverter/NAND2_tb/schematic point: a=2.20000u"
[23:25:29.31] /m Information: "Simulation completed successfully for design: inverter/NAND2_tb/schematic point: a=2.21000u"
[23:25:30.20] /m Information: "Simulation completed successfully for design: inverter/NAND2_tb/schematic point: a=2.22000u"
[23:25:30.41] /m Information: "Simulation completed successfully for design: inverter/NAND2_tb/schematic point: a=2.23000u"
[23:25:30.75] /m Information: "Simulation completed successfully for design: inverter/NAND2_tb/schematic point: a=2.24000u"
[23:25:30.97] /m Information: "Simulation completed successfully for design: inverter/NAND2_tb/schematic point: a=2.25000u"
[23:25:31.33] /m Information: "Simulation completed successfully for design: inverter/NAND2_tb/schematic point: a=2.26000u"
[23:25:31.54] /m Information: "Simulation completed successfully for design: inverter/NAND2_tb/schematic point: a=2.27000u"
[23:25:31.87] /m Information: "Simulation completed successfully for design: inverter/NAND2_tb/schematic point: a=2.28000u"
[23:25:32.11] /m Information: "Simulation completed successfully for design: inverter/NAND2_tb/schematic point: a=2.29000u"
[23:25:32.45] /m Information: "Simulation completed successfully for design: inverter/NAND2_tb/schematic point: a=2.30000u"
[23:25:32.63] /m Information: "Simulation completed successfully for design: inverter/NAND2_tb/schematic point: a=2.31000u"
[23:25:32.96] /m Information: "Simulation completed successfully for design: inverter/NAND2_tb/schematic point: a=2.32000u"
[23:25:33.16] /m Information: "Simulation completed successfully for design: inverter/NAND2_tb/schematic point: a=2.33000u"
[23:25:33.37] /m Information: "Simulation completed successfully for design: inverter/NAND2_tb/schematic point: a=2.34000u"
[23:25:34.00] /m Information: "Simulation completed successfully for design: inverter/NAND2_tb/schematic point: a=2.35000u"
[23:25:34.97] /m Information: "Simulation completed successfully for design: inverter/NAND2_tb/schematic point: a=2.36000u"
[23:25:35.20] /m Information: "Simulation completed successfully for design: inverter/NAND2_tb/schematic point: a=2.37000u"
[23:25:35.70] /m Information: "Simulation completed successfully for design: inverter/NAND2_tb/schematic point: a=2.38000u"
[23:25:36.13] /m Information: "Simulation completed successfully for design: inverter/NAND2_tb/schematic point: a=2.39000u"
[23:25:36.65] /m Information: "Simulation completed successfully for design: inverter/NAND2_tb/schematic point: a=2.40000u"
[23:25:36.85] /m Information: "Simulation completed successfully for design: inverter/NAND2_tb/schematic point: a=2.41000u"
[23:25:37.28] /m Information: "Simulation completed successfully for design: inverter/NAND2_tb/schematic point: a=2.42000u"
[23:25:37.51] /m Information: "Simulation completed successfully for design: inverter/NAND2_tb/schematic point: a=2.43000u"
[23:25:37.86] /m Information: "Simulation completed successfully for design: inverter/NAND2_tb/schematic point: a=2.44000u"
[23:25:38.06] /m Information: "Simulation completed successfully for design: inverter/NAND2_tb/schematic point: a=2.45000u"
[23:25:38.37] /m Information: "Simulation completed successfully for design: inverter/NAND2_tb/schematic point: a=2.46000u"
[23:25:38.85] /m Information: "Simulation completed successfully for design: inverter/NAND2_tb/schematic point: a=2.47000u"
[23:25:39.11] /m Information: "Simulation completed successfully for design: inverter/NAND2_tb/schematic point: a=2.48000u"
[23:25:39.29] /m Information: "Simulation completed successfully for design: inverter/NAND2_tb/schematic point: a=2.49000u"
[23:25:39.60] /m Information: "Simulation completed successfully for design: inverter/NAND2_tb/schematic point: a=2.50000u"
[23:25:40.14] /m Information: "Evaluating and plotting outputs..."
[23:25:40.26] /m Information: Launching Waveform Viewer "cd /home/itsupport/simulation/inverter,NAND2_tb,schematic/history_1/simulation/default/HSPICE/parametric/results &&  wv -k -cdesigner -spxkey /usr/synopsys/customcompiler/N-2017.12-SP1-2/auxx/waveform/sae.spxkey -spxrc /tmp/sae_spxrc_AXm5Dk -unique_string 1b6b0f23e9fdaf0769aa7f613a217c24125e8d2b0833b894ed40d2f5efbf27a2fb0c0fc5bd619066f6dc88fa0ec6d0910b7f5010ba4aacc9 -lic_type 1    > /home/itsupport/simulation/inverter,NAND2_tb,schematic/history_1/simulation/default/HSPICE/parametric/results/viewer.log 2>&1"
[23:25:40.27] /i gi::collapse {jobMonitorTable} -index {0.0,0} -in [gi::getWindows 9]
[23:25:44.84] /j ::wf::WaveView::plotSuccess WaveView_3 {} {_5d85840_void_pp {_63b59a0_void_pp _63b5a68_void_pp _63b5b30_void_pp _63b5bf8_void_pp _63b5cc0_void_pp _63b5d88_void_pp _63b5e50_void_pp _63b5f18_void_pp _63b5fe0_void_pp _63b60a8_void_pp _63b6170_void_pp _63b6238_void_pp _63b6300_void_pp _63b63c8_void_pp _63b6490_void_pp _63b6558_void_pp _63b6620_void_pp _63b66e8_void_pp _63b67b0_void_pp _63b6878_void_pp _63b6940_void_pp _63b6a08_void_pp _63b6ad0_void_pp _63b6b98_void_pp _63b6c60_void_pp _63b6d28_void_pp _63b6df0_void_pp _63b6eb8_void_pp _63b6f80_void_pp _63b7048_void_pp _63b7110_void_pp _63b71d8_void_pp _63b72a0_void_pp _63b7368_void_pp _63b7430_void_pp _63b74f8_void_pp _63b75c0_void_pp _63b7688_void_pp _63b7750_void_pp _63b7818_void_pp _63b78e0_void_pp _63b79a8_void_pp _63b7a70_void_pp _63b7b38_void_pp _63b7c00_void_pp _63b7cc8_void_pp _63b7d90_void_pp _63b7e58_void_pp _63b7f20_void_pp _63b7fe8_void_pp _63b80b0_void_pp _63b8178_void_pp _63b8240_void_pp _63b8308_void_pp _63b83d0_void_pp _63b8498_void_pp _63b8560_void_pp _63b8628_void_pp _63b86f0_void_pp _63b87b8_void_pp _63b8880_void_pp _63b8948_void_pp _63b8a10_void_pp _63b8ad8_void_pp _63b8ba0_void_pp _63b8c68_void_pp _63b8d30_void_pp _63b8df8_void_pp _63b8ec0_void_pp _63b8f88_void_pp _63b9050_void_pp _63b9118_void_pp _63b91e0_void_pp _63b92a8_void_pp _63b9370_void_pp _63b9438_void_pp _63b9500_void_pp _63b95c8_void_pp _63b9690_void_pp _63b9758_void_pp _63b9820_void_pp _63b98e8_void_pp _63b99b0_void_pp _63b9a78_void_pp _63b9b40_void_pp _63b9c08_void_pp _63b9cd0_void_pp _63b9d98_void_pp _63b9e60_void_pp _63b9f28_void_pp _63b9ff0_void_pp _63ba0b8_void_pp _63ba180_void_pp _63ba248_void_pp _63ba310_void_pp _63ba3d8_void_pp _63ba4a0_void_pp _63ba568_void_pp _63ba630_void_pp _63ba6f8_void_pp _63bac60_void_pp _63bad28_void_pp _63badf0_void_pp _63baeb8_void_pp _63baf80_void_pp _63bb048_void_pp _63bb110_void_pp _63bb1d8_void_pp _63bb2a0_void_pp _63bb368_void_pp _63bb430_void_pp _63bb4f8_void_pp _63bb5c0_void_pp _63bb688_void_pp _63bb750_void_pp _63bb818_void_pp _63bb8e0_void_pp _63bb9a8_void_pp _63bba70_void_pp _63bbb38_void_pp _63bbc00_void_pp _63bbcc8_void_pp _63bbd90_void_pp _63bbe58_void_pp _63bbf20_void_pp _63bbfe8_void_pp _63bc0b0_void_pp _63bc178_void_pp _63bc240_void_pp _63bc308_void_pp _63bc3d0_void_pp _63bc498_void_pp _63bc560_void_pp _63bc628_void_pp _63bc6f0_void_pp _63bc7b8_void_pp _63bc880_void_pp _63bc948_void_pp _63bca10_void_pp _63bcad8_void_pp _63bcba0_void_pp _63bcc68_void_pp _63bcd30_void_pp _63bcdf8_void_pp _63bcec0_void_pp _63bcf88_void_pp _63bd050_void_pp _63bd118_void_pp _63bd1e0_void_pp _63bd2a8_void_pp _63bd370_void_pp _63bd438_void_pp _63bd500_void_pp _63bd5c8_void_pp _63bd690_void_pp _63bd758_void_pp _63bd820_void_pp _63bd8e8_void_pp _63bd9b0_void_pp _63bda78_void_pp _63bdb40_void_pp _63bdc08_void_pp _63bdcd0_void_pp _63bdd98_void_pp _63bde60_void_pp _63bdf28_void_pp _63bdff0_void_pp _63be0b8_void_pp _63be180_void_pp _63be248_void_pp _63be310_void_pp _63be3d8_void_pp _63be4a0_void_pp _63be568_void_pp _63be630_void_pp _63be6f8_void_pp _63be7c0_void_pp _63be888_void_pp _63be950_void_pp _63bea18_void_pp _63beae0_void_pp _63beba8_void_pp _63bec70_void_pp _63bed38_void_pp _63bee00_void_pp _63beec8_void_pp _63bef90_void_pp _63bf058_void_pp _63bf120_void_pp _63bf1e8_void_pp _63bf2b0_void_pp _63bf378_void_pp _63bf440_void_pp _63bf508_void_pp _63bf5d0_void_pp _63bf698_void_pp _63bf760_void_pp _63bf828_void_pp _63bf8f0_void_pp _63bf9b8_void_pp _63c03a0_void_pp _63c0468_void_pp _63c0530_void_pp _63c05f8_void_pp _63c06c0_void_pp _63c0788_void_pp _63c0850_void_pp _63c0918_void_pp _63c09e0_void_pp _63c0aa8_void_pp _63c0b70_void_pp _63c0c38_void_pp _63c0d00_void_pp _63c0dc8_void_pp _63c0e90_void_pp _63c0f58_void_pp _63c1020_void_pp _63c10e8_void_pp _63c11b0_void_pp _63c1278_void_pp _63c1340_void_pp _63c1408_void_pp _63c14d0_void_pp _63c1598_void_pp _63c1660_void_pp _63c1728_void_pp _63c17f0_void_pp _63c18b8_void_pp _63c1980_void_pp _63c1a48_void_pp _63c1b10_void_pp _63c1bd8_void_pp _63c1ca0_void_pp}} 
[23:25:45.22] /j ::wf::WaveView::plotSuccess WaveView_3 {} {_5d85840_void_pp {_63c1d68_void_pp _63c1e30_void_pp _63c1ef8_void_pp _63c1fc0_void_pp _63c2088_void_pp _63c2150_void_pp _63c2218_void_pp _63c22e0_void_pp _63c23a8_void_pp _63c2470_void_pp _63c2538_void_pp _63c2600_void_pp _63c26c8_void_pp _63c2790_void_pp _63c2858_void_pp _63c2920_void_pp _63c29e8_void_pp _63c2ab0_void_pp _63c2b78_void_pp _63c2c40_void_pp _63c2d08_void_pp _63c2dd0_void_pp _63c2e98_void_pp _63c2f60_void_pp _63c3028_void_pp _63c30f0_void_pp _63c31b8_void_pp _63c3280_void_pp _63c3348_void_pp _63c3410_void_pp _63c34d8_void_pp _63c35a0_void_pp _63c3668_void_pp _63c3730_void_pp _63c37f8_void_pp _63c38c0_void_pp _63c3988_void_pp _63c3a50_void_pp _63c3b18_void_pp _63c3be0_void_pp _63c3ca8_void_pp _63c3d70_void_pp _63c3e38_void_pp _63c3f00_void_pp _63c3fc8_void_pp _63c4090_void_pp _63c4158_void_pp _63c4220_void_pp _63c42e8_void_pp _63c43b0_void_pp _63c4478_void_pp _63c4540_void_pp _63c4608_void_pp _63c46d0_void_pp _63c4798_void_pp _63c4860_void_pp _63c4928_void_pp _63c49f0_void_pp _63c4ab8_void_pp _63c4b80_void_pp _63c4c48_void_pp _63c4d10_void_pp _63c4dd8_void_pp _63c4ea0_void_pp _63c4f68_void_pp _63c5030_void_pp _63c50f8_void_pp _6651e20_void_pp _6651ee8_void_pp _6651fb0_void_pp _6652078_void_pp _6652140_void_pp _6652208_void_pp _66522d0_void_pp _6652398_void_pp _6652460_void_pp _6652528_void_pp _66525f0_void_pp _66526b8_void_pp _6652780_void_pp _6652848_void_pp _6652910_void_pp _66529d8_void_pp _6652aa0_void_pp _6652b68_void_pp _6652c30_void_pp _6652cf8_void_pp _6652dc0_void_pp _6652e88_void_pp _6652f50_void_pp _6653018_void_pp _66530e0_void_pp _66531a8_void_pp _6653270_void_pp _6653338_void_pp _6653400_void_pp _66534c8_void_pp _6653590_void_pp _6653658_void_pp _6653720_void_pp _66537e8_void_pp _66538b0_void_pp _6653978_void_pp _6653a40_void_pp _6653b08_void_pp _6653bd0_void_pp _6653c98_void_pp _6653d60_void_pp _6653e28_void_pp _6653ef0_void_pp _6653fb8_void_pp _6654080_void_pp _6654148_void_pp _6654210_void_pp _66542d8_void_pp _66543a0_void_pp _6654468_void_pp _6654530_void_pp _66545f8_void_pp _66546c0_void_pp _6654788_void_pp _6654850_void_pp _6654918_void_pp _66549e0_void_pp _6654aa8_void_pp _6654b70_void_pp _6654c38_void_pp _6654d00_void_pp _6654dc8_void_pp _6654e90_void_pp _6654f58_void_pp _6655020_void_pp _66550e8_void_pp _66551b0_void_pp _6655278_void_pp _6655340_void_pp _6655408_void_pp _66554d0_void_pp _6655598_void_pp _6655660_void_pp _6655728_void_pp _66557f0_void_pp _66558b8_void_pp _6655980_void_pp _6655a48_void_pp _6655b10_void_pp _6655bd8_void_pp _6655ca0_void_pp _6655d68_void_pp _6655e30_void_pp _6655ef8_void_pp _6655fc0_void_pp _6656088_void_pp _6656150_void_pp _6656218_void_pp _66562e0_void_pp _66563a8_void_pp _6656470_void_pp _6656538_void_pp _6656600_void_pp _66566c8_void_pp _6656790_void_pp _6656858_void_pp _6656920_void_pp _66569e8_void_pp _6656ab0_void_pp _6656b78_void_pp _6657560_void_pp _6657628_void_pp _66576f0_void_pp _66577b8_void_pp _6657880_void_pp _6657948_void_pp _6657a10_void_pp _6657ad8_void_pp _6657ba0_void_pp _6657c68_void_pp _6657d30_void_pp _6657df8_void_pp _6657ec0_void_pp _6657f88_void_pp _6658050_void_pp _6658118_void_pp _66581e0_void_pp _66582a8_void_pp _6658370_void_pp _6658438_void_pp _6658500_void_pp _66585c8_void_pp _6658690_void_pp _6658758_void_pp _6658820_void_pp _66588e8_void_pp _66589b0_void_pp _6658a78_void_pp _6658b40_void_pp _6658c08_void_pp _6658cd0_void_pp _6658d98_void_pp _6658e60_void_pp _6658f28_void_pp _6658ff0_void_pp _66590b8_void_pp _6659180_void_pp _6659248_void_pp _6659310_void_pp _66593d8_void_pp _66594a0_void_pp _6659568_void_pp _6659630_void_pp _66596f8_void_pp _66597c0_void_pp _6659888_void_pp _6659950_void_pp _6659a18_void_pp _6659ae0_void_pp _6659ba8_void_pp _6659c70_void_pp _6659d38_void_pp _6659e00_void_pp _6659ec8_void_pp _6659f90_void_pp _665a058_void_pp _665a120_void_pp _665a1e8_void_pp _665a2b0_void_pp _665a378_void_pp _665a440_void_pp _665a508_void_pp _665a5d0_void_pp _665a698_void_pp _665a760_void_pp _665a828_void_pp}} 
[23:25:45.56] /j ::wf::WaveView::plotSuccess WaveView_3 {} {_5d85840_void_pp {_665a8f0_void_pp _665a9b8_void_pp _665aa80_void_pp _665ab48_void_pp _665ac10_void_pp _665acd8_void_pp _665ada0_void_pp _665ae68_void_pp _665af30_void_pp _665aff8_void_pp _665b0c0_void_pp _665b188_void_pp _665b250_void_pp _665b318_void_pp _665b3e0_void_pp _665b4a8_void_pp _665b570_void_pp _665b638_void_pp _665b700_void_pp _665b7c8_void_pp _665b890_void_pp _665b958_void_pp _665ba20_void_pp _665bae8_void_pp _665bbb0_void_pp _665bc78_void_pp _665bd40_void_pp _665be08_void_pp _665bed0_void_pp _665bf98_void_pp _665c060_void_pp _665c128_void_pp _665c1f0_void_pp _665c2b8_void_pp _68d9570_void_pp _68d9638_void_pp _68d9700_void_pp _68d97c8_void_pp _68d9890_void_pp _68d9958_void_pp _68d9a20_void_pp _68d9ae8_void_pp _68d9bb0_void_pp _68d9c78_void_pp _68d9d40_void_pp _68d9e08_void_pp _68d9ed0_void_pp _68d9f98_void_pp _68da060_void_pp _68da128_void_pp _68da1f0_void_pp _68da2b8_void_pp _68da380_void_pp _68da448_void_pp _68da510_void_pp _68da5d8_void_pp _68da6a0_void_pp _68da768_void_pp _68da830_void_pp _68da8f8_void_pp _68da9c0_void_pp _68daa88_void_pp _68dab50_void_pp _68dac18_void_pp _68dace0_void_pp _68dada8_void_pp _68dae70_void_pp _68daf38_void_pp _68db000_void_pp _68db0c8_void_pp _68db190_void_pp _68db258_void_pp _68db320_void_pp _68db3e8_void_pp _68db4b0_void_pp _68db578_void_pp _68db640_void_pp _68db708_void_pp _68db7d0_void_pp _68db898_void_pp _68db960_void_pp _68dba28_void_pp _68dbaf0_void_pp _68dbbb8_void_pp _68dbc80_void_pp _68dbd48_void_pp _68dbe10_void_pp _68dbed8_void_pp _68dbfa0_void_pp _68dc068_void_pp _68dc130_void_pp _68dc1f8_void_pp _68dc2c0_void_pp _68dc388_void_pp _68dc450_void_pp _68dc518_void_pp _68dc5e0_void_pp _68dc6a8_void_pp _68dc770_void_pp _68dc838_void_pp _68dc900_void_pp _68dc9c8_void_pp _68dca90_void_pp _68dcb58_void_pp _68dcc20_void_pp _68dcce8_void_pp _68dcdb0_void_pp _68dce78_void_pp _68dcf40_void_pp _68dd008_void_pp _68dd0d0_void_pp _68dd198_void_pp _68dd260_void_pp _68dd328_void_pp _68dd3f0_void_pp _68dd4b8_void_pp _68dd580_void_pp _68dd648_void_pp _68dd710_void_pp _68dd7d8_void_pp _68dd8a0_void_pp _68dd968_void_pp _68dda30_void_pp _68ddaf8_void_pp _68ddbc0_void_pp _68ddc88_void_pp _68ddd50_void_pp _68dde18_void_pp _68ddee0_void_pp _68ddfa8_void_pp _68de070_void_pp _68de138_void_pp _68de200_void_pp _68de2c8_void_pp _68de430_void_pp _68de4f8_void_pp _68de5c0_void_pp _68de688_void_pp _68de750_void_pp _68de818_void_pp _68de8e0_void_pp _68de9a8_void_pp _68dea70_void_pp _68deb38_void_pp _68dec00_void_pp _68decc8_void_pp _68ded90_void_pp _68dee58_void_pp _68def20_void_pp _68defe8_void_pp _68df0b0_void_pp _68df178_void_pp _68df240_void_pp _68df308_void_pp _68df3d0_void_pp _68df498_void_pp _68df560_void_pp _68df628_void_pp _68df6f0_void_pp _68df7b8_void_pp _68df880_void_pp _68df948_void_pp _68dfa10_void_pp _68dfad8_void_pp _68dfba0_void_pp _68dfc68_void_pp _68dfd30_void_pp _68dfdf8_void_pp _68dfec0_void_pp _68dff88_void_pp _68e0050_void_pp _68e0118_void_pp _68e01e0_void_pp _68e02a8_void_pp _68e0370_void_pp _68e0438_void_pp _68e0500_void_pp _68e05c8_void_pp _68e0690_void_pp _68e0758_void_pp _68e0820_void_pp _68e08e8_void_pp _68e09b0_void_pp _68e0a78_void_pp _68e0b40_void_pp _68e0c08_void_pp _68e0cd0_void_pp _68e0d98_void_pp _68e0e60_void_pp _68e0f28_void_pp _68e0ff0_void_pp _68e10b8_void_pp _68e1180_void_pp _68e1248_void_pp _68e1310_void_pp _68e13d8_void_pp _68e14a0_void_pp _68e1568_void_pp _68e1630_void_pp _68e16f8_void_pp _68e17c0_void_pp _68e1888_void_pp _68e1950_void_pp _68e1a18_void_pp _68e1ae0_void_pp _68e1ba8_void_pp _68e1c70_void_pp _68e1d38_void_pp _68e1e00_void_pp _68e1ec8_void_pp _68e1f90_void_pp _68e2058_void_pp _68e2120_void_pp _68e21e8_void_pp _68e22b0_void_pp _68e2378_void_pp _68e2440_void_pp _68e2508_void_pp _68e25d0_void_pp _68e2698_void_pp _68e2760_void_pp _68e2828_void_pp _68e28f0_void_pp _68e29b8_void_pp _68e2a80_void_pp _68e2b48_void_pp _68e2c10_void_pp _68e2cd8_void_pp _68e2da0_void_pp _68e2e68_void_pp _68e2f30_void_pp _68e2ff8_void_pp _68e30c0_void_pp}} 
[23:26:06.44] /m Information: Measurement calculations completed for testbench: default in 23s
[23:26:10.14] /m Information: Waveform viewer exited normally.
[23:26:12.05] /i gi::executeAction giCloseWindow -in [gi::getWindows 9]
[23:26:12.10] /i gi::setActiveWindow 5
[23:26:12.10] /i gi::setActiveWindow 5 -raise true
[23:26:14.51] /i gi::setActiveDialog [gi::getDialogs {saParametricAnalyses} -parent [gi::getWindows 5]]
[23:26:14.81] /i db::setAttr geometry -of [gi::getDialogs {saParametricAnalyses} -parent [gi::getWindows 5]] -value 750x360+585+310
[23:26:17.43] /i gi::setField {/toplevelgrp/rangeDetailsGroup/rangeValGroup/stop} -value {2.5u} -in [gi::getDialogs {saParametricAnalyses} -parent [gi::getWindows 5]]
[23:26:27.57] /i gi::setField {/toplevelgrp/rangeDetailsGroup/rangeValGroup/stop} -value {0.24u} -in [gi::getDialogs {saParametricAnalyses} -parent [gi::getWindows 5]]
[23:26:28.31] /i gi::pressButton {/apply} -in [gi::getDialogs {saParametricAnalyses} -parent [gi::getWindows 5]]
[23:26:28.32] /# gi::setItemSelection {analysisPane} -index {1,3} -in [gi::getWindows 5]
[23:26:28.32] /# gi::setCurrentIndex {analysisPane} -index {1,3} -in [gi::getWindows 5]
[23:26:28.74] /i gi::pressButton {/ok} -in [gi::getDialogs {saParametricAnalyses} -parent [gi::getWindows 5]]
[23:26:29.72] /i gi::executeAction menuPreShow -in [gi::getWindows 5]
[23:26:29.72] /r giMenuAccess db::getNext [gi::getMenus saConsoleSimMenu -from [gi::getWindows 5]]
[23:26:30.26] /# gi::executeAction saNetlistAndRun -in [gi::getWindows 5]
[23:26:30.26] /i isa::netlistAndRun -testbench [sa::findActiveTestbench -window 5] -mode overwrite
[23:26:30.31] /r giWindowId 10
[23:26:30.35] /r giWindowGeometry 800x600
[23:26:30.74] /m Information: "Starting incremental netlisting for design "inverter/NAND2_tb/schematic"..." (NETLISTING-010)
[23:26:30.76] /o No Design Integrity rule violations found in "inverter/NAND2_tb/schematic"
[23:26:30.80] /m Information: "Netlisting design "inverter/NAND2_tb/schematic" finished successfully." (NETLISTING-012)
[23:26:30.81] /m Information: "Composing simulator input file for design "inverter/NAND2_tb/schematic"..."
[23:26:30.88] /m Information: "Simulator input file composed successfully for design "inverter/NAND2_tb/schematic""
[23:26:31.23] /m Information: "Composing simulator input file for design "inverter/NAND2_tb/schematic" for 7 iterations..."
[23:26:31.60] /m Information: "Simulator input file composed successfully for design "inverter/NAND2_tb/schematic""
[23:26:31.75] /m Information: "Starting 7 HSPICE simulations for design: inverter/NAND2_tb/schematic"
[23:26:31.99] /# gi::collapse {jobMonitorTable} -index {0.0.0.0,0} -in [gi::getWindows 10]
[23:26:32.01] /# gi::collapse {jobMonitorTable} -index {0.0.0.0.0,0} -in [gi::getWindows 10]
[23:26:32.05] /# gi::collapse {jobMonitorTable} -index {0.0.0.0.0,0} -in [gi::getWindows 10]
[23:26:32.08] /m Information: "Simulations launched successfully for design: inverter/NAND2_tb/schematic"
[23:26:32.10] /o 1
[23:26:32.67] /m Information: "Simulation completed successfully for design: inverter/NAND2_tb/schematic point: a=0.180000u"
[23:26:32.81] /m Information: "Simulation completed successfully for design: inverter/NAND2_tb/schematic point: a=0.200000u"
[23:26:32.90] /m Information: "Simulation completed successfully for design: inverter/NAND2_tb/schematic point: a=0.190000u"
[23:26:33.51] /m Information: "Simulation completed successfully for design: inverter/NAND2_tb/schematic point: a=0.210000u"
[23:26:33.56] /m Information: "Simulation completed successfully for design: inverter/NAND2_tb/schematic point: a=0.220000u"
[23:26:33.66] /m Information: "Simulation completed successfully for design: inverter/NAND2_tb/schematic point: a=0.230000u"
[23:26:34.08] /m Information: "Simulation completed successfully for design: inverter/NAND2_tb/schematic point: a=0.240000u"
[23:26:34.53] /m Information: "Evaluating and plotting outputs..."
[23:26:34.62] /m Information: Launching Waveform Viewer "cd /home/itsupport/simulation/inverter,NAND2_tb,schematic/history_1/simulation/default/HSPICE/parametric/results &&  wv -k -cdesigner -spxkey /usr/synopsys/customcompiler/N-2017.12-SP1-2/auxx/waveform/sae.spxkey -spxrc /tmp/sae_spxrc_bvIgrk -unique_string 1b6b0f23e9fdaf0769aa7f613a217c24125e8d2b0833b894ed40d2f5efbf27a2fb0c0fc5bd619066cf6fedf2fa5beb385bb9c5db32dbe98b -lic_type 1    > /home/itsupport/simulation/inverter,NAND2_tb,schematic/history_1/simulation/default/HSPICE/parametric/results/viewer.log 2>&1"
[23:26:34.62] /i gi::collapse {jobMonitorTable} -index {0.0,0} -in [gi::getWindows 10]
[23:26:36.29] /m Information: Measurement calculations completed for testbench: default in 1s
[23:26:36.51] /j ::wf::WaveView::plotSuccess WaveView_4 {} {_71c0af0_void_pp {_7276ed0_void_pp _7276f98_void_pp _7277060_void_pp _7277128_void_pp _72771f0_void_pp _72772b8_void_pp _7277380_void_pp}} 
[23:26:36.66] /j ::wf::WaveView::plotSuccess WaveView_4 {} {_71c0af0_void_pp {_7277448_void_pp _7277510_void_pp _72775d8_void_pp _72776a0_void_pp _7277768_void_pp _7277830_void_pp _72778f8_void_pp}} 
[23:26:36.68] /j ::wf::WaveView::plotSuccess WaveView_4 {} {_71c0af0_void_pp {_72779c0_void_pp _7277a88_void_pp _7277b50_void_pp _7277c18_void_pp _7277ce0_void_pp _7277da8_void_pp _7277e70_void_pp}} 
[23:26:52.23] /m Information: Waveform viewer exited normally.
[23:26:54.83] /i gi::executeAction giCloseWindow -in [gi::getWindows 10]
[23:26:54.84] /i gi::setActiveWindow 5
[23:26:54.84] /i gi::setActiveWindow 5 -raise true
[23:29:01.85] /i gi::setCurrentIndex {analysisPane} -index {0,3} -in [gi::getWindows 5]
[23:29:01.85] /i gi::setItemSelection {analysisPane} -index {0,3} -in [gi::getWindows 5]
[23:29:02.16] /i gi::setActiveDialog [gi::getDialogs {saParametricAnalyses} -parent [gi::getWindows 5]]
[23:29:02.41] /i db::setAttr geometry -of [gi::getDialogs {saParametricAnalyses} -parent [gi::getWindows 5]] -value 750x360+50+115
[23:29:07.62] /i gi::setField {/toplevelgrp/rangeDetailsGroup/rangeValGroup/start} -value {0.9u} -in [gi::getDialogs {saParametricAnalyses} -parent [gi::getWindows 5]]
[23:29:08.21] /i db::setAttr geometry -of [gi::getDialogs {saParametricAnalyses} -parent [gi::getWindows 5]] -value 750x360+755+555
[23:29:09.81] /i db::setAttr geometry -of [gi::getDialogs {saParametricAnalyses} -parent [gi::getWindows 5]] -value 750x360+665+469
[23:29:10.12] /i db::setAttr geometry -of [gi::getDialogs {saParametricAnalyses} -parent [gi::getWindows 5]] -value 750x360+662+469
[23:29:19.33] /i gi::setField {/toplevelgrp/rangeDetailsGroup/rangeValGroup/start} -value {0.1u} -in [gi::getDialogs {saParametricAnalyses} -parent [gi::getWindows 5]]
[23:29:20.87] /i gi::closeWindows [gi::getDialogs {saParametricAnalyses} -parent [gi::getWindows 5]]
[23:29:21.76] /i gi::setCurrentIndex {analysisPane} -index {0,2} -in [gi::getWindows 5]
[23:29:21.76] /i gi::setItemSelection {analysisPane} -index {0,2} -in [gi::getWindows 5]
[23:29:22.23] /i gi::setField {analysisPane} -index {0,2} -value {false} -in [gi::getWindows 5]
[23:29:23.02] /i gi::setCurrentIndex {variablesTable} -index {1,1} -in [gi::getWindows 5]
[23:29:23.02] /i gi::setItemSelection {variablesTable} -index {1,1} -in [gi::getWindows 5]
[23:29:23.02] /i gi::setItemSelection {variablesTable} -index {1,1} -in [gi::getWindows 5]
[23:29:23.02] /i gi::setItemSelection {analysisPane} -index {} -in [gi::getWindows 5]
[23:29:25.74] /i gi::setField {variablesTable} -index {1,1} -value {0.15} -in [gi::getWindows 5]
[23:29:25.74] /i gi::executeAction menuPreShow -in [gi::getWindows 5]
[23:29:25.74] /r giMenuAccess db::getNext [gi::getMenus saConsoleSimMenu -from [gi::getWindows 5]]
[23:29:26.38] /# gi::executeAction saNetlistAndRun -in [gi::getWindows 5]
[23:29:26.38] /i isa::netlistAndRun -testbench [sa::findActiveTestbench -window 5] -mode overwrite
[23:29:26.40] /r giWindowId 11
[23:29:26.41] /r giWindowGeometry 800x600
[23:29:26.55] /m Information: "Starting incremental netlisting for design "inverter/NAND2_tb/schematic"..." (NETLISTING-010)
[23:29:26.58] /o No Design Integrity rule violations found in "inverter/NAND2_tb/schematic"
[23:29:26.62] /m Information: "Netlisting design "inverter/NAND2_tb/schematic" finished successfully." (NETLISTING-012)
[23:29:26.63] /m Information: "Composing simulator input file for design "inverter/NAND2_tb/schematic"..."
[23:29:26.69] /m Information: "Simulator input file composed successfully for design "inverter/NAND2_tb/schematic""
[23:29:26.96] /m Information: "Starting HSPICE simulation for design: inverter/NAND2_tb/schematic"
[23:29:26.97] /# gi::collapse {jobMonitorTable} -index {0.0.0.0,0} -in [gi::getWindows 11]
[23:29:27.01] /o 1
[23:29:27.45] /m Information: "Simulation completed successfully for design: inverter/NAND2_tb/schematic "
[23:29:27.79] /m Information: "Evaluating and plotting outputs..."
[23:29:27.82] /m Information: Launching Waveform Viewer "cd /home/itsupport/simulation/inverter,NAND2_tb,schematic/history_1/simulation/default/HSPICE/nominal/results &&  wv -k -cdesigner -spxkey /usr/synopsys/customcompiler/N-2017.12-SP1-2/auxx/waveform/sae.spxkey -spxrc /tmp/sae_spxrc_VrGtXf -unique_string 1b6b0f23e9fdaf0769aa7f613a217c24125e8d2b0833b894ed40d2f5efbf27a2fb0c0fc5bd619066a697066fd662e488f65b323265a0d56f -lic_type 1    > /home/itsupport/simulation/inverter,NAND2_tb,schematic/history_1/simulation/default/HSPICE/nominal/results/viewer.log 2>&1"
[23:29:27.82] /i gi::collapse {jobMonitorTable} -index {0.0,0} -in [gi::getWindows 11]
[23:29:28.33] /m Information: Measurement calculations completed for testbench: default in 0s
[23:29:28.86] /j ::wf::WaveView::plotSuccess WaveView_5 {} {_625bec0_void_pp _62a4050_void_pp} 
[23:29:28.92] /j ::wf::WaveView::plotSuccess WaveView_5 {} {_625bec0_void_pp _62a4118_void_pp} 
[23:29:28.98] /j ::wf::WaveView::plotSuccess WaveView_5 {} {_625bec0_void_pp _62a41e0_void_pp} 
[23:29:39.43] /i gi::setActiveWindow 5
[23:29:39.43] /i gi::setActiveWindow 5 -raise true
[23:29:39.55] /i gi::setActiveWindow 11
[23:29:39.55] /i gi::setActiveWindow 11 -raise true
[23:29:39.64] /i gi::setActiveWindow 7
[23:29:39.64] /i gi::setActiveWindow 7 -raise true
[23:29:39.67] /i gi::addWindow 5 -to 1 -before 11
[23:29:39.68] /i gi::setActiveWindow 5
[23:29:39.68] /i gi::setActiveWindow 5 -raise true
[23:29:43.08] /i gi::setField {variablesTable} -index {1,1} -value {0.18} -in [gi::getWindows 5]
[23:29:43.08] /i gi::setField {variablesTable} -index {1,1} -value {0.18} -in [gi::getWindows 5]
[23:29:44.10] /i gi::executeAction menuPreShow -in [gi::getWindows 5]
[23:29:44.10] /r giMenuAccess db::getNext [gi::getMenus saConsoleSimMenu -from [gi::getWindows 5]]
[23:29:44.57] /# gi::executeAction saNetlistAndRun -in [gi::getWindows 5]
[23:29:44.57] /i isa::netlistAndRun -testbench [sa::findActiveTestbench -window 5] -mode overwrite
[23:29:44.68] /m Information: "Starting incremental netlisting for design "inverter/NAND2_tb/schematic"..." (NETLISTING-010)
[23:29:44.72] /o No Design Integrity rule violations found in "inverter/NAND2_tb/schematic"
[23:29:44.75] /m Information: "Netlisting design "inverter/NAND2_tb/schematic" finished successfully." (NETLISTING-012)
[23:29:44.76] /m Information: "Composing simulator input file for design "inverter/NAND2_tb/schematic"..."
[23:29:44.83] /m Information: "Simulator input file composed successfully for design "inverter/NAND2_tb/schematic""
[23:29:45.15] /m Information: "Starting HSPICE simulation for design: inverter/NAND2_tb/schematic"
[23:29:45.15] /# gi::collapse {jobMonitorTable} -index {0.0.0.0,0} -in [gi::getWindows 11]
[23:29:45.18] /o 1
[23:29:45.64] /m Information: "Simulation completed successfully for design: inverter/NAND2_tb/schematic "
[23:29:45.97] /m Information: "Evaluating and plotting outputs..."
[23:29:46.12] /j ::wf::WaveView::plotSuccess WaveView_5 {} {_62ce750_void_pp _62a42a8_void_pp} 
[23:29:46.19] /j ::wf::WaveView::plotSuccess WaveView_5 {} {_62ce750_void_pp _62a4050_void_pp} 
[23:29:46.22] /j ::wf::WaveView::plotSuccess WaveView_5 {} {_62ce750_void_pp _62a4118_void_pp} 
[23:29:46.51] /m Information: Measurement calculations completed for testbench: default in 0s
[23:29:52.00] /i gi::setActiveWindow 5
[23:29:52.01] /i gi::setActiveWindow 5 -raise true
[23:29:55.13] /i gi::setField {variablesTable} -index {1,1} -value {0.15u} -in [gi::getWindows 5]
[23:29:55.13] /i gi::setField {variablesTable} -index {1,1} -value {0.15u} -in [gi::getWindows 5]
[23:29:55.46] /i gi::setItemSelection {variablesTable} -index {2,0} -in [gi::getWindows 5]
[23:29:55.46] /i gi::setItemSelection {variablesTable} -index {2,0} -in [gi::getWindows 5]
[23:29:55.46] /i gi::setCurrentIndex {variablesTable} -index {2,0} -in [gi::getWindows 5]
[23:29:56.00] /i gi::setField {variablesTable} -index {2,0} -value {b} -in [gi::getWindows 5]
[23:30:26.89] /i gi::executeAction menuPreShow -in [gi::getWindows 5]
[23:30:26.89] /r giMenuAccess db::getNext [gi::getMenus saConsoleSimMenu -from [gi::getWindows 5]]
[23:30:27.34] /# gi::executeAction saNetlistAndRun -in [gi::getWindows 5]
[23:30:27.34] /i isa::netlistAndRun -testbench [sa::findActiveTestbench -window 5] -mode overwrite
[23:30:27.43] /m Information: "Starting incremental netlisting for design "inverter/NAND2_tb/schematic"..." (NETLISTING-010)
[23:30:27.45] /o No Design Integrity rule violations found in "inverter/NAND2_tb/schematic"
[23:30:27.48] /m Information: "Netlisting design "inverter/NAND2_tb/schematic" finished successfully." (NETLISTING-012)
[23:30:27.49] /m Information: "Composing simulator input file for design "inverter/NAND2_tb/schematic"..."
[23:30:27.54] /m Information: "Simulator input file composed successfully for design "inverter/NAND2_tb/schematic""
[23:30:27.82] /m Information: "Starting HSPICE simulation for design: inverter/NAND2_tb/schematic"
[23:30:27.82] /# gi::collapse {jobMonitorTable} -index {0.0.0.0,0} -in [gi::getWindows 11]
[23:30:27.85] /o 1
[23:30:28.23] /m Information: "Simulation completed successfully for design: inverter/NAND2_tb/schematic "
[23:30:28.60] /m Information: "Evaluating and plotting outputs..."
[23:30:28.71] /j ::wf::WaveView::plotSuccess WaveView_5 {} {_6251eb0_void_pp _62a41e0_void_pp} 
[23:30:28.77] /j ::wf::WaveView::plotSuccess WaveView_5 {} {_6251eb0_void_pp _62a42a8_void_pp} 
[23:30:28.91] /j ::wf::WaveView::plotSuccess WaveView_5 {} {_6251eb0_void_pp _62a4050_void_pp} 
[23:30:29.22] /m Information: Measurement calculations completed for testbench: default in 1s
[23:30:31.99] /i gi::setActiveWindow 5
[23:30:31.99] /i gi::setActiveWindow 5 -raise true
[23:30:32.68] /i gi::setCurrentIndex {variablesTable} -index {1,1} -in [gi::getWindows 5]
[23:30:32.68] /i gi::setItemSelection {variablesTable} -index {1,1} -in [gi::getWindows 5]
[23:30:32.68] /i gi::setItemSelection {variablesTable} -index {1,1} -in [gi::getWindows 5]
[23:30:34.31] /i gi::setField {variablesTable} -index {1,1} -value {0.18} -in [gi::getWindows 5]
[23:30:34.31] /i gi::setField {variablesTable} -index {1,1} -value {0.18} -in [gi::getWindows 5]
[23:30:35.36] /i gi::executeAction menuPreShow -in [gi::getWindows 5]
[23:30:35.36] /r giMenuAccess db::getNext [gi::getMenus saConsoleSimMenu -from [gi::getWindows 5]]
[23:30:36.11] /# gi::executeAction saNetlistAndRun -in [gi::getWindows 5]
[23:30:36.11] /i isa::netlistAndRun -testbench [sa::findActiveTestbench -window 5] -mode overwrite
[23:30:36.19] /m Information: "Starting incremental netlisting for design "inverter/NAND2_tb/schematic"..." (NETLISTING-010)
[23:30:36.22] /o No Design Integrity rule violations found in "inverter/NAND2_tb/schematic"
[23:30:36.26] /m Information: "Netlisting design "inverter/NAND2_tb/schematic" finished successfully." (NETLISTING-012)
[23:30:36.26] /m Information: "Composing simulator input file for design "inverter/NAND2_tb/schematic"..."
[23:30:36.32] /m Information: "Simulator input file composed successfully for design "inverter/NAND2_tb/schematic""
[23:30:36.58] /m Information: "Starting HSPICE simulation for design: inverter/NAND2_tb/schematic"
[23:30:36.58] /# gi::collapse {jobMonitorTable} -index {0.0.0.0,0} -in [gi::getWindows 11]
[23:30:36.61] /o 1
[23:30:36.95] /m Information: "Simulation completed successfully for design: inverter/NAND2_tb/schematic "
[23:30:37.28] /m Information: "Evaluating and plotting outputs..."
[23:30:37.39] /j ::wf::WaveView::plotSuccess WaveView_5 {} {_62ce750_void_pp _62a4118_void_pp} 
[23:30:37.44] /j ::wf::WaveView::plotSuccess WaveView_5 {} {_62ce750_void_pp _62a41e0_void_pp} 
[23:30:37.54] /j ::wf::WaveView::plotSuccess WaveView_5 {} {_62ce750_void_pp _62a42a8_void_pp} 
[23:30:37.92] /m Information: Measurement calculations completed for testbench: default in 0s
[23:30:40.69] /i gi::setActiveWindow 5
[23:30:40.69] /i gi::setActiveWindow 5 -raise true
[23:30:44.06] /i gi::setField {variablesTable} -index {1,1} -value {0.18u} -in [gi::getWindows 5]
[23:30:44.06] /i gi::setField {variablesTable} -index {1,1} -value {0.18u} -in [gi::getWindows 5]
[23:30:45.66] /i gi::executeAction menuPreShow -in [gi::getWindows 5]
[23:30:45.66] /r giMenuAccess db::getNext [gi::getMenus saConsoleSimMenu -from [gi::getWindows 5]]
[23:30:46.08] /# gi::executeAction saNetlistAndRun -in [gi::getWindows 5]
[23:30:46.08] /i isa::netlistAndRun -testbench [sa::findActiveTestbench -window 5] -mode overwrite
[23:30:46.18] /m Information: "Starting incremental netlisting for design "inverter/NAND2_tb/schematic"..." (NETLISTING-010)
[23:30:46.21] /o No Design Integrity rule violations found in "inverter/NAND2_tb/schematic"
[23:30:46.25] /m Information: "Netlisting design "inverter/NAND2_tb/schematic" finished successfully." (NETLISTING-012)
[23:30:46.27] /m Information: "Composing simulator input file for design "inverter/NAND2_tb/schematic"..."
[23:30:46.33] /m Information: "Simulator input file composed successfully for design "inverter/NAND2_tb/schematic""
[23:30:46.55] /m Information: "Starting HSPICE simulation for design: inverter/NAND2_tb/schematic"
[23:30:46.55] /# gi::collapse {jobMonitorTable} -index {0.0.0.0,0} -in [gi::getWindows 11]
[23:30:46.57] /o 1
[23:30:47.03] /m Information: "Simulation completed successfully for design: inverter/NAND2_tb/schematic "
[23:30:47.39] /m Information: "Evaluating and plotting outputs..."
[23:30:47.52] /j ::wf::WaveView::plotSuccess WaveView_5 {} {_6269bd0_void_pp _62a4050_void_pp} 
[23:30:47.60] /j ::wf::WaveView::plotSuccess WaveView_5 {} {_6269bd0_void_pp _62a4118_void_pp} 
[23:30:47.68] /j ::wf::WaveView::plotSuccess WaveView_5 {} {_6269bd0_void_pp _62a41e0_void_pp} 
[23:30:48.02] /m Information: Measurement calculations completed for testbench: default in 0s
[23:30:50.79] /i gi::setActiveWindow 5
[23:30:50.79] /i gi::setActiveWindow 5 -raise true
[23:30:55.82] /i gi::setField {variablesTable} -index {1,1} -value {0.22} -in [gi::getWindows 5]
[23:30:55.82] /i gi::setField {variablesTable} -index {1,1} -value {0.22} -in [gi::getWindows 5]
[23:30:56.67] /i gi::executeAction menuPreShow -in [gi::getWindows 5]
[23:30:56.67] /r giMenuAccess db::getNext [gi::getMenus saConsoleSimMenu -from [gi::getWindows 5]]
[23:30:57.19] /# gi::executeAction saNetlistAndRun -in [gi::getWindows 5]
[23:30:57.19] /i isa::netlistAndRun -testbench [sa::findActiveTestbench -window 5] -mode overwrite
[23:30:57.29] /m Information: "Starting incremental netlisting for design "inverter/NAND2_tb/schematic"..." (NETLISTING-010)
[23:30:57.32] /o No Design Integrity rule violations found in "inverter/NAND2_tb/schematic"
[23:30:57.36] /m Information: "Netlisting design "inverter/NAND2_tb/schematic" finished successfully." (NETLISTING-012)
[23:30:57.37] /m Information: "Composing simulator input file for design "inverter/NAND2_tb/schematic"..."
[23:30:57.43] /m Information: "Simulator input file composed successfully for design "inverter/NAND2_tb/schematic""
[23:30:57.71] /m Information: "Starting HSPICE simulation for design: inverter/NAND2_tb/schematic"
[23:30:57.71] /# gi::collapse {jobMonitorTable} -index {0.0.0.0,0} -in [gi::getWindows 11]
[23:30:57.74] /o 1
[23:30:58.14] /m Information: "Simulation completed successfully for design: inverter/NAND2_tb/schematic "
[23:30:58.57] /m Information: "Evaluating and plotting outputs..."
[23:30:58.76] /j ::wf::WaveView::plotSuccess WaveView_5 {} {_6251eb0_void_pp _62a42a8_void_pp} 
[23:30:58.85] /j ::wf::WaveView::plotSuccess WaveView_5 {} {_6251eb0_void_pp _62a4050_void_pp} 
[23:30:58.96] /j ::wf::WaveView::plotSuccess WaveView_5 {} {_6251eb0_void_pp _62a4118_void_pp} 
[23:30:59.33] /m Information: Measurement calculations completed for testbench: default in 0s
[23:32:38.02] /i gi::setActiveWindow 5
[23:32:38.02] /i gi::setActiveWindow 5 -raise true
[23:32:38.10] /i gi::setActiveWindow 11
[23:32:38.10] /i gi::setActiveWindow 11 -raise true
[23:32:38.19] /i gi::setActiveWindow 7
[23:32:38.19] /i gi::setActiveWindow 7 -raise true
[23:32:38.20] /i gi::addWindow 5 -to 1 -before 11
[23:32:38.23] /i gi::setActiveWindow 5
[23:32:38.24] /i gi::setActiveWindow 5 -raise true
[23:32:40.71] /i gi::setField {variablesTable} -index {1,1} -value {0.22u} -in [gi::getWindows 5]
[23:32:40.71] /i gi::setField {variablesTable} -index {1,1} -value {0.22u} -in [gi::getWindows 5]
[23:32:42.62] /i gi::executeAction menuPreShow -in [gi::getWindows 5]
[23:32:42.62] /r giMenuAccess db::getNext [gi::getMenus saConsoleSimMenu -from [gi::getWindows 5]]
[23:32:43.22] /# gi::executeAction saNetlistAndRun -in [gi::getWindows 5]
[23:32:43.22] /i isa::netlistAndRun -testbench [sa::findActiveTestbench -window 5] -mode overwrite
[23:32:43.31] /m Information: "Starting incremental netlisting for design "inverter/NAND2_tb/schematic"..." (NETLISTING-010)
[23:32:43.34] /o No Design Integrity rule violations found in "inverter/NAND2_tb/schematic"
[23:32:43.36] /m Information: "Netlisting design "inverter/NAND2_tb/schematic" finished successfully." (NETLISTING-012)
[23:32:43.37] /m Information: "Composing simulator input file for design "inverter/NAND2_tb/schematic"..."
[23:32:43.42] /m Information: "Simulator input file composed successfully for design "inverter/NAND2_tb/schematic""
[23:32:43.73] /m Information: "Starting HSPICE simulation for design: inverter/NAND2_tb/schematic"
[23:32:43.74] /# gi::collapse {jobMonitorTable} -index {0.0.0.0,0} -in [gi::getWindows 11]
[23:32:43.77] /o 1
[23:32:44.13] /m Information: "Simulation completed successfully for design: inverter/NAND2_tb/schematic "
[23:32:44.45] /m Information: "Evaluating and plotting outputs..."
[23:32:44.59] /j ::wf::WaveView::plotSuccess WaveView_5 {} {_62ce750_void_pp _62a41e0_void_pp} 
[23:32:44.71] /j ::wf::WaveView::plotSuccess WaveView_5 {} {_62ce750_void_pp _62a42a8_void_pp} 
[23:32:44.79] /j ::wf::WaveView::plotSuccess WaveView_5 {} {_62ce750_void_pp _62a4050_void_pp} 
[23:32:45.13] /m Information: Measurement calculations completed for testbench: default in 1s
[23:32:48.01] /i gi::setActiveWindow 5
[23:32:48.01] /i gi::setActiveWindow 5 -raise true
[23:32:48.58] /i gi::setCurrentIndex {variablesTable} -index {2,1} -in [gi::getWindows 5]
[23:32:48.58] /i gi::setItemSelection {variablesTable} -index {2,1} -in [gi::getWindows 5]
[23:32:48.58] /i gi::setItemSelection {variablesTable} -index {2,1} -in [gi::getWindows 5]
[23:32:48.59] /i gi::setItemSelection {variablesTable} -index {1,1 2,1} -in [gi::getWindows 5]
[23:32:48.59] /i gi::setItemSelection {variablesTable} -index {1,1 2,1} -in [gi::getWindows 5]
[23:32:48.59] /i gi::setCurrentIndex {variablesTable} -index {1,1} -in [gi::getWindows 5]
[23:32:48.93] /i gi::setItemSelection {variablesTable} -index {1,1} -in [gi::getWindows 5]
[23:32:48.93] /i gi::setItemSelection {variablesTable} -index {1,1} -in [gi::getWindows 5]
[23:32:51.41] /i gi::setField {variablesTable} -index {1,1} -value {0.23u} -in [gi::getWindows 5]
[23:32:51.41] /i gi::setField {variablesTable} -index {1,1} -value {0.23u} -in [gi::getWindows 5]
[23:32:52.75] /i gi::setActiveWindow 2
[23:32:52.75] /i gi::setActiveWindow 2 -raise true
[23:32:53.82] /i gi::setActiveWindow 11
[23:32:53.82] /i gi::setActiveWindow 11 -raise true
[23:32:54.31] /i gi::setActiveWindow 5
[23:32:54.31] /i gi::setActiveWindow 5 -raise true
[23:32:55.24] /i gi::executeAction menuPreShow -in [gi::getWindows 5]
[23:32:55.24] /r giMenuAccess db::getNext [gi::getMenus saConsoleOutputsMenu -from [gi::getWindows 5]]
[23:32:55.50] /i gi::executeAction menuPreShow -in [gi::getWindows 5]
[23:32:55.50] /r giMenuAccess db::getNext [gi::getMenus saConsoleSimMenu -from [gi::getWindows 5]]
[23:32:56.13] /# gi::executeAction saNetlistAndRun -in [gi::getWindows 5]
[23:32:56.13] /i isa::netlistAndRun -testbench [sa::findActiveTestbench -window 5] -mode overwrite
[23:32:56.22] /m Information: "Starting incremental netlisting for design "inverter/NAND2_tb/schematic"..." (NETLISTING-010)
[23:32:56.25] /o No Design Integrity rule violations found in "inverter/NAND2_tb/schematic"
[23:32:56.29] /m Information: "Netlisting design "inverter/NAND2_tb/schematic" finished successfully." (NETLISTING-012)
[23:32:56.30] /m Information: "Composing simulator input file for design "inverter/NAND2_tb/schematic"..."
[23:32:56.36] /m Information: "Simulator input file composed successfully for design "inverter/NAND2_tb/schematic""
[23:32:56.62] /m Information: "Starting HSPICE simulation for design: inverter/NAND2_tb/schematic"
[23:32:56.62] /# gi::collapse {jobMonitorTable} -index {0.0.0.0,0} -in [gi::getWindows 11]
[23:32:56.66] /o 1
[23:32:57.14] /m Information: "Simulation completed successfully for design: inverter/NAND2_tb/schematic "
[23:32:57.47] /m Information: "Evaluating and plotting outputs..."
[23:32:57.56] /j ::wf::WaveView::plotSuccess WaveView_5 {} {_62ae020_void_pp _62a4118_void_pp} 
[23:32:57.67] /j ::wf::WaveView::plotSuccess WaveView_5 {} {_62ae020_void_pp _62a41e0_void_pp} 
[23:32:57.68] /j ::wf::WaveView::plotSuccess WaveView_5 {} {_62ae020_void_pp _62a42a8_void_pp} 
[23:32:58.01] /m Information: Measurement calculations completed for testbench: default in 0s
[23:33:01.34] /i gi::setActiveWindow 5
[23:33:01.34] /i gi::setActiveWindow 5 -raise true
[23:33:02.20] /i gi::setCurrentIndex {variablesTable} -index {4,1} -in [gi::getWindows 5]
[23:33:02.20] /i gi::setItemSelection {variablesTable} -index {4,1} -in [gi::getWindows 5]
[23:33:02.20] /i gi::setItemSelection {variablesTable} -index {4,1} -in [gi::getWindows 5]
[23:33:04.25] /i gi::setField {variablesTable} -index {4,1} -value {5f} -in [gi::getWindows 5]
[23:33:04.25] /i gi::setField {variablesTable} -index {4,1} -value {5f} -in [gi::getWindows 5]
[23:33:05.41] /i gi::setActiveWindow 11
[23:33:05.41] /i gi::setActiveWindow 11 -raise true
[23:33:06.86] /i gi::setActiveWindow 5
[23:33:06.86] /i gi::setActiveWindow 5 -raise true
[23:33:06.91] /i gi::setActiveWindow 11
[23:33:06.91] /i gi::setActiveWindow 11 -raise true
[23:33:06.97] /r giWindowId 12
[23:33:06.99] /r giWindowGeometry 1040x800
[23:33:07.11] /i gi::createFrame -window 5
[23:33:07.11] /i gi::setActiveWindow 12
[23:33:07.12] /i gi::setActiveWindow 12 -raise true
[23:33:07.44] /i db::setAttr geometry -of [gi::getFrames 2] -value 1910x1101+5+56
[23:33:08.20] /i gi::executeAction menuPreShow -in [gi::getWindows 5]
[23:33:08.20] /r giMenuAccess db::getNext [gi::getMenus saConsoleSimMenu -from [gi::getWindows 5]]
[23:33:08.85] /# gi::executeAction saNetlistAndRun -in [gi::getWindows 5]
[23:33:08.85] /i isa::netlistAndRun -testbench [sa::findActiveTestbench -window 5] -mode overwrite
[23:33:08.92] /m Information: "Starting incremental netlisting for design "inverter/NAND2_tb/schematic"..." (NETLISTING-010)
[23:33:08.94] /o No Design Integrity rule violations found in "inverter/NAND2_tb/schematic"
[23:33:08.98] /m Information: "Netlisting design "inverter/NAND2_tb/schematic" finished successfully." (NETLISTING-012)
[23:33:08.99] /m Information: "Composing simulator input file for design "inverter/NAND2_tb/schematic"..."
[23:33:09.05] /m Information: "Simulator input file composed successfully for design "inverter/NAND2_tb/schematic""
[23:33:09.39] /m Information: "Starting HSPICE simulation for design: inverter/NAND2_tb/schematic"
[23:33:09.40] /# gi::collapse {jobMonitorTable} -index {0.0.0.0,0} -in [gi::getWindows 11]
[23:33:09.42] /o 1
[23:33:09.83] /m Information: "Simulation completed successfully for design: inverter/NAND2_tb/schematic "
[23:33:10.18] /m Information: "Evaluating and plotting outputs..."
[23:33:10.39] /j ::wf::WaveView::plotSuccess WaveView_5 {} {_6251eb0_void_pp _62a4050_void_pp} 
[23:33:10.50] /j ::wf::WaveView::plotSuccess WaveView_5 {} {_6251eb0_void_pp _62a4118_void_pp} 
[23:33:10.63] /j ::wf::WaveView::plotSuccess WaveView_5 {} {_6251eb0_void_pp _62a41e0_void_pp} 
[23:33:10.93] /m Information: Measurement calculations completed for testbench: default in 0s
[23:33:14.42] /i gi::setActiveWindow 5
[23:33:14.43] /i gi::setActiveWindow 5 -raise true
[23:33:37.04] /i gi::setField {variablesTable} -index {4,1} -value {10f} -in [gi::getWindows 5]
[23:33:37.04] /i gi::setField {variablesTable} -index {4,1} -value {10f} -in [gi::getWindows 5]
[23:33:40.03] /i gi::setField {variablesTable} -index {4,1} -value {10f} -in [gi::getWindows 5]
[23:33:40.03] /i gi::setField {variablesTable} -index {4,1} -value {10f} -in [gi::getWindows 5]
[23:33:42.11] /i gi::setField {variablesTable} -index {4,1} -value {10f} -in [gi::getWindows 5]
[23:33:42.11] /i gi::executeAction menuPreShow -in [gi::getWindows 5]
[23:33:42.11] /r giMenuAccess db::getNext [gi::getMenus saConsoleSimMenu -from [gi::getWindows 5]]
[23:33:42.67] /# gi::executeAction saNetlistAndRun -in [gi::getWindows 5]
[23:33:42.67] /i isa::netlistAndRun -testbench [sa::findActiveTestbench -window 5] -mode overwrite
[23:33:42.75] /m Information: "Starting incremental netlisting for design "inverter/NAND2_tb/schematic"..." (NETLISTING-010)
[23:33:42.78] /o No Design Integrity rule violations found in "inverter/NAND2_tb/schematic"
[23:33:42.83] /m Information: "Netlisting design "inverter/NAND2_tb/schematic" finished successfully." (NETLISTING-012)
[23:33:42.84] /m Information: "Composing simulator input file for design "inverter/NAND2_tb/schematic"..."
[23:33:42.90] /m Information: "Simulator input file composed successfully for design "inverter/NAND2_tb/schematic""
[23:33:43.23] /m Information: "Starting HSPICE simulation for design: inverter/NAND2_tb/schematic"
[23:33:43.24] /# gi::collapse {jobMonitorTable} -index {0.0.0.0,0} -in [gi::getWindows 11]
[23:33:43.26] /o 1
[23:33:43.73] /m Information: "Simulation completed successfully for design: inverter/NAND2_tb/schematic "
[23:33:44.10] /m Information: "Evaluating and plotting outputs..."
[23:33:44.69] /j ::wf::WaveView::plotSuccess WaveView_5 {} {_67f67c0_void_pp _62a42a8_void_pp} 
[23:33:44.93] /m Information: Measurement calculations completed for testbench: default in 0s
[23:33:45.03] /j ::wf::WaveView::plotSuccess WaveView_5 {} {_67f67c0_void_pp _62a4050_void_pp} 
[23:33:45.47] /j ::wf::WaveView::plotSuccess WaveView_5 {} {_67f67c0_void_pp _62a4118_void_pp} 
[23:34:43.34] /i gi::setActiveWindow 5
[23:34:43.34] /i gi::setActiveWindow 5 -raise true
[23:34:47.93] /i gi::setCurrentIndex {variablesTable} -index {3,1} -in [gi::getWindows 5]
[23:34:47.93] /i gi::setItemSelection {variablesTable} -index {3,1} -in [gi::getWindows 5]
[23:34:47.93] /i gi::setItemSelection {variablesTable} -index {3,1} -in [gi::getWindows 5]
[23:34:48.79] /i gi::setField {variablesTable} -index {3,1} -value {0.18u} -in [gi::getWindows 5]
[23:34:50.29] /i gi::executeAction menuPreShow -in [gi::getWindows 5]
[23:34:50.29] /r giMenuAccess db::getNext [gi::getMenus saToolsMenu -from [gi::getWindows 5]]
[23:34:51.53] /# gi::executeAction saParametric -in [gi::getWindows 5]
[23:34:51.53] /i sa::showParametricAnalyses -parent 5
[23:34:51.58] /o oa:0x24c26660
[23:34:51.66] /i gi::setActiveDialog [gi::getDialogs {saParametricAnalyses} -parent [gi::getWindows 5]]
[23:34:51.94] /i db::setAttr geometry -of [gi::getDialogs {saParametricAnalyses} -parent [gi::getWindows 5]] -value 750x360+45+110
[23:34:54.59] /i gi::pressButton {/allSweeps/treeWidgetAdd} -in [gi::getDialogs {saParametricAnalyses} -parent [gi::getWindows 5]]
[23:34:54.66] /r giDialog gi::setActiveDialog [gi::getDialogs {addNewSweepDialog} -parent [gi::getWindows 5]]
[23:34:54.93] /r giDialog db::setAttr geometry -of [gi::getDialogs {addNewSweepDialog} -parent [gi::getWindows 5]] -value 345x97+248+241
[23:34:56.86] /r giDialog gi::setField {/designVar} -value {b} -in [gi::getDialogs {addNewSweepDialog} -parent [gi::getWindows 5]]
[23:34:58.53] /r giDialog gi::pressButton {/ok} -in [gi::getDialogs {addNewSweepDialog} -parent [gi::getWindows 5]]
[23:34:58.57] /i gi::setActiveDialog [gi::getDialogs {saParametricAnalyses} -parent [gi::getWindows 5]]
[23:35:02.55] /i gi::setField {/toplevelgrp/rangeDetailsGroup/rangeValGroup/start} -value {0.18u} -in [gi::getDialogs {saParametricAnalyses} -parent [gi::getWindows 5]]
[23:35:08.68] /i gi::setField {/toplevelgrp/rangeDetailsGroup/rangeValGroup/stop} -value {0.72u} -in [gi::getDialogs {saParametricAnalyses} -parent [gi::getWindows 5]]
[23:35:09.37] /i gi::setField {/toplevelgrp/stepDetailsGroup/stepValGroup/linearText} -value {} -in [gi::getDialogs {saParametricAnalyses} -parent [gi::getWindows 5]]
[23:35:10.48] /i gi::setField {/toplevelgrp/stepDetailsGroup/stepValGroup/linearType} -value {Step\ Size} -in [gi::getDialogs {saParametricAnalyses} -parent [gi::getWindows 5]]
[23:35:14.43] /i gi::setField {/toplevelgrp/stepDetailsGroup/stepValGroup/linearText} -value {0.18u} -in [gi::getDialogs {saParametricAnalyses} -parent [gi::getWindows 5]]
[23:35:15.82] /i gi::pressButton {/apply} -in [gi::getDialogs {saParametricAnalyses} -parent [gi::getWindows 5]]
[23:35:15.83] /# gi::setItemSelection {analysisPane} -index {1,2} -in [gi::getWindows 5]
[23:35:15.83] /# gi::setCurrentIndex {analysisPane} -index {1,2} -in [gi::getWindows 5]
[23:35:16.44] /i gi::pressButton {/ok} -in [gi::getDialogs {saParametricAnalyses} -parent [gi::getWindows 5]]
[23:35:17.59] /i gi::executeAction menuPreShow -in [gi::getWindows 5]
[23:35:17.59] /r giMenuAccess db::getNext [gi::getMenus saResultsMenu -from [gi::getWindows 5]]
[23:35:17.70] /i gi::executeAction menuPreShow -in [gi::getWindows 5]
[23:35:17.70] /r giMenuAccess db::getNext [gi::getMenus saConsoleSimMenu -from [gi::getWindows 5]]
[23:35:18.30] /# gi::executeAction saNetlistAndRun -in [gi::getWindows 5]
[23:35:18.30] /i isa::netlistAndRun -testbench [sa::findActiveTestbench -window 5] -mode overwrite
[23:35:18.43] /m Information: "Starting incremental netlisting for design "inverter/NAND2_tb/schematic"..." (NETLISTING-010)
[23:35:18.46] /o No Design Integrity rule violations found in "inverter/NAND2_tb/schematic"
[23:35:18.50] /m Information: "Netlisting design "inverter/NAND2_tb/schematic" finished successfully." (NETLISTING-012)
[23:35:18.51] /m Information: "Composing simulator input file for design "inverter/NAND2_tb/schematic"..."
[23:35:18.57] /m Information: "Simulator input file composed successfully for design "inverter/NAND2_tb/schematic""
[23:35:18.84] /m Information: "Composing simulator input file for design "inverter/NAND2_tb/schematic" for 4 iterations..."
[23:35:19.00] /m Information: "Simulator input file composed successfully for design "inverter/NAND2_tb/schematic""
[23:35:19.10] /m Information: "Starting 4 HSPICE simulations for design: inverter/NAND2_tb/schematic"
[23:35:19.10] /# gi::collapse {jobMonitorTable} -index {0.0.0.0,0} -in [gi::getWindows 11]
[23:35:19.15] /m Information: "Simulations launched successfully for design: inverter/NAND2_tb/schematic"
[23:35:19.15] /o 1
[23:35:19.75] /m Information: "Simulation completed successfully for design: inverter/NAND2_tb/schematic point: b=0.180000u"
[23:35:19.80] /m Information: "Simulation completed successfully for design: inverter/NAND2_tb/schematic point: b=0.360000u"
[23:35:19.83] /m Information: "Simulation completed successfully for design: inverter/NAND2_tb/schematic point: b=0.540000u"
[23:35:24.24] /m Information: "Simulation completed successfully for design: inverter/NAND2_tb/schematic point: b=0.720000u"
[23:35:24.52] /m Information: "Evaluating and plotting outputs..."
[23:35:24.65] /j ::wf::WaveView::plotSuccess WaveView_5 {} {_62f4830_void_pp {_62a41e0_void_pp _62a4370_void_pp _62a4438_void_pp _62a4500_void_pp}} 
[23:35:25.10] /j ::wf::WaveView::plotSuccess WaveView_5 {} {_62f4830_void_pp {_62a42a8_void_pp _62a45c8_void_pp _62a4690_void_pp _62a4758_void_pp}} 
[23:35:25.48] /j ::wf::WaveView::plotSuccess WaveView_5 {} {_62f4830_void_pp {_62a4050_void_pp _62a4820_void_pp _62a48e8_void_pp _62a49b0_void_pp}} 
[23:35:25.53] /m Information: Measurement calculations completed for testbench: default in 1s
[23:38:19.08] /i gi::setActiveWindow 5
[23:38:19.08] /i gi::setActiveWindow 5 -raise true
[23:38:23.33] /i gi::setActiveWindow 11
[23:38:23.33] /i gi::setActiveWindow 11 -raise true
[23:38:25.56] /i gi::setActiveWindow 5
[23:38:25.56] /i gi::setActiveWindow 5 -raise true
[23:38:27.31] /i gi::setActiveWindow 7
[23:38:27.31] /i gi::setActiveWindow 7 -raise true
[23:38:29.33] /i gi::addWindow 5 -to 1 -before 11
[23:38:29.34] /i gi::setActiveWindow 5
[23:38:29.35] /i gi::setActiveWindow 5 -raise true
[23:39:41.09] /i gi::setCurrentIndex {variablesTable} -index {2,1} -in [gi::getWindows 5]
[23:39:41.09] /i gi::setItemSelection {variablesTable} -index {2,1} -in [gi::getWindows 5]
[23:39:41.09] /i gi::setItemSelection {variablesTable} -index {2,1} -in [gi::getWindows 5]
[23:39:41.09] /i gi::setItemSelection {analysisPane} -index {} -in [gi::getWindows 5]
[23:39:42.71] /i gi::setField {analysisPane} -index {1,2} -value {false} -in [gi::getWindows 5]
[23:39:44.39] /i gi::setCurrentIndex {variablesTable} -index {3,1} -in [gi::getWindows 5]
[23:39:44.39] /i gi::setItemSelection {variablesTable} -index {3,1} -in [gi::getWindows 5]
[23:39:44.39] /i gi::setItemSelection {variablesTable} -index {3,1} -in [gi::getWindows 5]
[23:39:51.67] /i gi::setField {variablesTable} -index {3,1} -value {1.8u} -in [gi::getWindows 5]
[23:39:51.67] /i gi::setField {variablesTable} -index {3,1} -value {1.8u} -in [gi::getWindows 5]
[23:39:51.68] /i gi::setItemSelection {variablesTable} -index {2,1} -in [gi::getWindows 5]
[23:39:51.68] /i gi::setItemSelection {variablesTable} -index {2,1} -in [gi::getWindows 5]
[23:39:51.68] /i gi::setCurrentIndex {variablesTable} -index {2,1} -in [gi::getWindows 5]
[23:39:54.55] /i gi::setCurrentIndex {variablesTable} -index {3,1} -in [gi::getWindows 5]
[23:39:54.55] /i gi::setItemSelection {variablesTable} -index {3,1} -in [gi::getWindows 5]
[23:39:54.55] /i gi::setItemSelection {variablesTable} -index {3,1} -in [gi::getWindows 5]
[23:39:55.08] /i gi::setField {variablesTable} -index {3,1} -value {1.8u} -in [gi::getWindows 5]
[23:39:55.76] /i gi::executeAction menuPreShow -in [gi::getWindows 5]
[23:39:55.77] /r giMenuAccess db::getNext [gi::getMenus saConsoleSimMenu -from [gi::getWindows 5]]
[23:39:56.25] /# gi::executeAction saNetlistAndRun -in [gi::getWindows 5]
[23:39:56.25] /i isa::netlistAndRun -testbench [sa::findActiveTestbench -window 5] -mode overwrite
[23:39:56.39] /m Information: "Starting incremental netlisting for design "inverter/NAND2_tb/schematic"..." (NETLISTING-010)
[23:39:56.41] /o No Design Integrity rule violations found in "inverter/NAND2_tb/schematic"
[23:39:56.44] /m Information: "Netlisting design "inverter/NAND2_tb/schematic" finished successfully." (NETLISTING-012)
[23:39:56.45] /m Information: "Composing simulator input file for design "inverter/NAND2_tb/schematic"..."
[23:39:56.51] /m Information: "Simulator input file composed successfully for design "inverter/NAND2_tb/schematic""
[23:39:56.80] /m Information: "Starting HSPICE simulation for design: inverter/NAND2_tb/schematic"
[23:39:56.81] /# gi::collapse {jobMonitorTable} -index {0.0.0.0,0} -in [gi::getWindows 11]
[23:39:56.84] /o 1
[23:39:57.33] /m Information: "Simulation completed successfully for design: inverter/NAND2_tb/schematic "
[23:39:57.69] /m Information: "Evaluating and plotting outputs..."
[23:39:58.21] /j ::wf::WaveView::plotSuccess WaveView_5 {} {_68fda20_void_pp _62a4118_void_pp} 
[23:39:58.43] /m Information: Measurement calculations completed for testbench: default in 0s
[23:39:58.58] /j ::wf::WaveView::plotSuccess WaveView_5 {} {_68fda20_void_pp _62a4500_void_pp} 
[23:39:59.67] /j ::wf::WaveView::plotSuccess WaveView_5 {} {_68fda20_void_pp _62a4758_void_pp} 
[23:40:14.88] /i gi::setActiveWindow 5
[23:40:14.89] /i gi::setActiveWindow 5 -raise true
[23:40:23.34] /i gi::setField {variablesTable} -index {3,1} -value {0.8u} -in [gi::getWindows 5]
[23:40:23.34] /i gi::setField {variablesTable} -index {3,1} -value {0.8u} -in [gi::getWindows 5]
[23:40:24.67] /i gi::executeAction menuPreShow -in [gi::getWindows 5]
[23:40:24.67] /r giMenuAccess db::getNext [gi::getMenus saConsoleSimMenu -from [gi::getWindows 5]]
[23:40:25.30] /# gi::executeAction saNetlistAndRun -in [gi::getWindows 5]
[23:40:25.30] /i isa::netlistAndRun -testbench [sa::findActiveTestbench -window 5] -mode overwrite
[23:40:25.49] /m Information: "Starting incremental netlisting for design "inverter/NAND2_tb/schematic"..." (NETLISTING-010)
[23:40:25.52] /o No Design Integrity rule violations found in "inverter/NAND2_tb/schematic"
[23:40:25.57] /m Information: "Netlisting design "inverter/NAND2_tb/schematic" finished successfully." (NETLISTING-012)
[23:40:25.58] /m Information: "Composing simulator input file for design "inverter/NAND2_tb/schematic"..."
[23:40:25.64] /m Information: "Simulator input file composed successfully for design "inverter/NAND2_tb/schematic""
[23:40:25.96] /m Information: "Starting HSPICE simulation for design: inverter/NAND2_tb/schematic"
[23:40:25.96] /# gi::collapse {jobMonitorTable} -index {0.0.0.0,0} -in [gi::getWindows 11]
[23:40:26.00] /o 1
[23:40:26.43] /m Information: "Simulation completed successfully for design: inverter/NAND2_tb/schematic "
[23:40:26.76] /m Information: "Evaluating and plotting outputs..."
[23:40:27.15] /j ::wf::WaveView::plotSuccess WaveView_5 {} {_67eb880_void_pp _62a49b0_void_pp} 
[23:40:27.41] /m Information: Measurement calculations completed for testbench: default in 0s
[23:40:27.53] /j ::wf::WaveView::plotSuccess WaveView_5 {} {_67eb880_void_pp _62a4118_void_pp} 
[23:40:27.83] /j ::wf::WaveView::plotSuccess WaveView_5 {} {_67eb880_void_pp _62a4500_void_pp} 
[23:40:33.94] /i gi::setActiveWindow 5
[23:40:33.94] /i gi::setActiveWindow 5 -raise true
[23:40:37.33] /i gi::setField {variablesTable} -index {3,1} -value {0.72u} -in [gi::getWindows 5]
[23:40:37.33] /i gi::setField {variablesTable} -index {3,1} -value {0.72u'} -in [gi::getWindows 5]
[23:40:39.97] /i gi::setField {variablesTable} -index {3,1} -value {0.72u} -in [gi::getWindows 5]
[23:40:39.97] /i gi::setField {variablesTable} -index {3,1} -value {0.72u} -in [gi::getWindows 5]
[23:40:41.21] /i gi::executeAction menuPreShow -in [gi::getWindows 5]
[23:40:41.21] /r giMenuAccess db::getNext [gi::getMenus saConsoleSimMenu -from [gi::getWindows 5]]
[23:40:41.74] /# gi::executeAction saNetlistAndRun -in [gi::getWindows 5]
[23:40:41.74] /i isa::netlistAndRun -testbench [sa::findActiveTestbench -window 5] -mode overwrite
[23:40:41.94] /m Information: "Starting incremental netlisting for design "inverter/NAND2_tb/schematic"..." (NETLISTING-010)
[23:40:41.98] /o No Design Integrity rule violations found in "inverter/NAND2_tb/schematic"
[23:40:42.02] /m Information: "Netlisting design "inverter/NAND2_tb/schematic" finished successfully." (NETLISTING-012)
[23:40:42.03] /m Information: "Composing simulator input file for design "inverter/NAND2_tb/schematic"..."
[23:40:42.10] /m Information: "Simulator input file composed successfully for design "inverter/NAND2_tb/schematic""
[23:40:42.44] /m Information: "Starting HSPICE simulation for design: inverter/NAND2_tb/schematic"
[23:40:42.45] /# gi::collapse {jobMonitorTable} -index {0.0.0.0,0} -in [gi::getWindows 11]
[23:40:42.47] /o 1
[23:40:42.94] /m Information: "Simulation completed successfully for design: inverter/NAND2_tb/schematic "
[23:40:43.31] /m Information: "Evaluating and plotting outputs..."
[23:40:43.72] /j ::wf::WaveView::plotSuccess WaveView_5 {} {_6905a60_void_pp _62a4758_void_pp} 
[23:40:44.02] /m Information: Measurement calculations completed for testbench: default in 0s
[23:40:44.13] /j ::wf::WaveView::plotSuccess WaveView_5 {} {_6905a60_void_pp _62a49b0_void_pp} 
[23:40:44.47] /j ::wf::WaveView::plotSuccess WaveView_5 {} {_6905a60_void_pp _62a4118_void_pp} 
[23:40:51.67] /i gi::setActiveWindow 5
[23:40:51.67] /i gi::setActiveWindow 5 -raise true
[23:40:53.07] /i gi::setCurrentIndex {variablesTable} -index {1,1} -in [gi::getWindows 5]
[23:40:53.07] /i gi::setItemSelection {variablesTable} -index {1,1} -in [gi::getWindows 5]
[23:40:53.07] /i gi::setItemSelection {variablesTable} -index {1,1} -in [gi::getWindows 5]
[23:40:56.85] /i gi::setField {variablesTable} -index {1,1} -value {1.8u} -in [gi::getWindows 5]
[23:40:56.85] /i gi::setField {variablesTable} -index {1,1} -value {1.8u} -in [gi::getWindows 5]
[23:40:57.90] /i gi::setCurrentIndex {variablesTable} -index {2,1} -in [gi::getWindows 5]
[23:40:57.90] /i gi::setItemSelection {variablesTable} -index {2,1} -in [gi::getWindows 5]
[23:40:57.90] /i gi::setItemSelection {variablesTable} -index {2,1} -in [gi::getWindows 5]
[23:41:00.59] /i gi::setField {variablesTable} -index {2,1} -value {1.0u} -in [gi::getWindows 5]
[23:41:00.59] /i gi::setField {variablesTable} -index {2,1} -value {1.0u} -in [gi::getWindows 5]
[23:41:01.56] /i gi::executeAction menuPreShow -in [gi::getWindows 5]
[23:41:01.56] /r giMenuAccess db::getNext [gi::getMenus saConsoleSimMenu -from [gi::getWindows 5]]
[23:41:02.04] /# gi::executeAction saNetlistAndRun -in [gi::getWindows 5]
[23:41:02.04] /i isa::netlistAndRun -testbench [sa::findActiveTestbench -window 5] -mode overwrite
[23:41:02.18] /m Information: "Starting incremental netlisting for design "inverter/NAND2_tb/schematic"..." (NETLISTING-010)
[23:41:02.20] /o No Design Integrity rule violations found in "inverter/NAND2_tb/schematic"
[23:41:02.25] /m Information: "Netlisting design "inverter/NAND2_tb/schematic" finished successfully." (NETLISTING-012)
[23:41:02.26] /m Information: "Composing simulator input file for design "inverter/NAND2_tb/schematic"..."
[23:41:02.34] /m Information: "Simulator input file composed successfully for design "inverter/NAND2_tb/schematic""
[23:41:02.65] /m Information: "Starting HSPICE simulation for design: inverter/NAND2_tb/schematic"
[23:41:02.65] /# gi::collapse {jobMonitorTable} -index {0.0.0.0,0} -in [gi::getWindows 11]
[23:41:02.69] /o 1
[23:41:03.13] /m Information: "Simulation completed successfully for design: inverter/NAND2_tb/schematic "
[23:41:03.51] /m Information: "Evaluating and plotting outputs..."
[23:41:03.92] /j ::wf::WaveView::plotSuccess WaveView_5 {} {_6903a50_void_pp _62a4500_void_pp} 
[23:41:04.13] /m Information: Measurement calculations completed for testbench: default in 1s
[23:41:04.26] /j ::wf::WaveView::plotSuccess WaveView_5 {} {_6903a50_void_pp _62a4758_void_pp} 
[23:41:04.57] /j ::wf::WaveView::plotSuccess WaveView_5 {} {_6903a50_void_pp _62a49b0_void_pp} 
[23:41:10.58] /i gi::setActiveWindow 5
[23:41:10.59] /i gi::setActiveWindow 5 -raise true
[23:41:11.49] /i gi::setCurrentIndex {variablesTable} -index {4,1} -in [gi::getWindows 5]
[23:41:11.50] /i gi::setItemSelection {variablesTable} -index {4,1} -in [gi::getWindows 5]
[23:41:11.50] /i gi::setItemSelection {variablesTable} -index {4,1} -in [gi::getWindows 5]
[23:41:12.52] /i gi::setField {variablesTable} -index {4,1} -value {20f} -in [gi::getWindows 5]
[23:41:12.52] /i gi::setField {variablesTable} -index {4,1} -value {20f} -in [gi::getWindows 5]
[23:41:13.78] /i gi::setActiveWindow 11
[23:41:13.78] /i gi::setActiveWindow 11 -raise true
[23:41:14.97] /i gi::setActiveWindow 5
[23:41:14.98] /i gi::setActiveWindow 5 -raise true
[23:41:15.80] /i gi::executeAction menuPreShow -in [gi::getWindows 5]
[23:41:15.80] /r giMenuAccess db::getNext [gi::getMenus saConsoleSimMenu -from [gi::getWindows 5]]
[23:41:16.29] /# gi::executeAction saNetlistAndRun -in [gi::getWindows 5]
[23:41:16.29] /i isa::netlistAndRun -testbench [sa::findActiveTestbench -window 5] -mode overwrite
[23:41:16.43] /m Information: "Starting incremental netlisting for design "inverter/NAND2_tb/schematic"..." (NETLISTING-010)
[23:41:16.46] /o No Design Integrity rule violations found in "inverter/NAND2_tb/schematic"
[23:41:16.51] /m Information: "Netlisting design "inverter/NAND2_tb/schematic" finished successfully." (NETLISTING-012)
[23:41:16.51] /m Information: "Composing simulator input file for design "inverter/NAND2_tb/schematic"..."
[23:41:16.58] /m Information: "Simulator input file composed successfully for design "inverter/NAND2_tb/schematic""
[23:41:16.89] /m Information: "Starting HSPICE simulation for design: inverter/NAND2_tb/schematic"
[23:41:16.90] /# gi::collapse {jobMonitorTable} -index {0.0.0.0,0} -in [gi::getWindows 11]
[23:41:16.92] /o 1
[23:41:17.34] /m Information: "Simulation completed successfully for design: inverter/NAND2_tb/schematic "
[23:41:17.67] /m Information: "Evaluating and plotting outputs..."
[23:41:18.15] /j ::wf::WaveView::plotSuccess WaveView_5 {} {_6927340_void_pp _62a4118_void_pp} 
[23:41:18.43] /m Information: Measurement calculations completed for testbench: default in 0s
[23:41:18.58] /j ::wf::WaveView::plotSuccess WaveView_5 {} {_6927340_void_pp _62a4500_void_pp} 
[23:41:18.96] /j ::wf::WaveView::plotSuccess WaveView_5 {} {_6927340_void_pp _62a4758_void_pp} 
[23:42:51.08] /i gi::setActiveWindow 5
[23:42:51.09] /i gi::setActiveWindow 5 -raise true
[23:42:58.89] /i gi::setActiveWindow 11
[23:42:58.89] /i gi::setActiveWindow 11 -raise true
[23:42:59.55] /i gi::setActiveWindow 5
[23:42:59.55] /i gi::setActiveWindow 5 -raise true
[23:43:00.53] /i gi::setCurrentIndex {variablesTable} -index {3,1} -in [gi::getWindows 5]
[23:43:00.53] /i gi::setItemSelection {variablesTable} -index {3,1} -in [gi::getWindows 5]
[23:43:00.53] /i gi::setItemSelection {variablesTable} -index {3,1} -in [gi::getWindows 5]
[23:43:02.74] /i gi::setField {variablesTable} -index {3,1} -value {1.0u} -in [gi::getWindows 5]
[23:43:02.74] /i gi::setField {variablesTable} -index {3,1} -value {1.0u} -in [gi::getWindows 5]
[23:43:04.15] /i gi::executeAction menuPreShow -in [gi::getWindows 5]
[23:43:04.15] /r giMenuAccess db::getNext [gi::getMenus saConsoleSimMenu -from [gi::getWindows 5]]
[23:43:04.68] /# gi::executeAction saNetlistAndRun -in [gi::getWindows 5]
[23:43:04.68] /i isa::netlistAndRun -testbench [sa::findActiveTestbench -window 5] -mode overwrite
[23:43:04.81] /m Information: "Starting incremental netlisting for design "inverter/NAND2_tb/schematic"..." (NETLISTING-010)
[23:43:04.83] /o No Design Integrity rule violations found in "inverter/NAND2_tb/schematic"
[23:43:04.87] /m Information: "Netlisting design "inverter/NAND2_tb/schematic" finished successfully." (NETLISTING-012)
[23:43:04.89] /m Information: "Composing simulator input file for design "inverter/NAND2_tb/schematic"..."
[23:43:04.94] /m Information: "Simulator input file composed successfully for design "inverter/NAND2_tb/schematic""
[23:43:05.24] /m Information: "Starting HSPICE simulation for design: inverter/NAND2_tb/schematic"
[23:43:05.24] /# gi::collapse {jobMonitorTable} -index {0.0.0.0,0} -in [gi::getWindows 11]
[23:43:05.27] /o 1
[23:43:05.73] /m Information: "Simulation completed successfully for design: inverter/NAND2_tb/schematic "
[23:43:06.04] /m Information: "Evaluating and plotting outputs..."
[23:43:06.49] /j ::wf::WaveView::plotSuccess WaveView_5 {} {_690cbd0_void_pp _62a49b0_void_pp} 
[23:43:06.72] /m Information: Measurement calculations completed for testbench: default in 0s
[23:43:06.84] /j ::wf::WaveView::plotSuccess WaveView_5 {} {_690cbd0_void_pp _62a4118_void_pp} 
[23:43:07.16] /j ::wf::WaveView::plotSuccess WaveView_5 {} {_690cbd0_void_pp _62a4500_void_pp} 
[23:43:14.22] /i gi::setActiveWindow 5
[23:43:14.22] /i gi::setActiveWindow 5 -raise true
[23:43:17.04] /i gi::setCurrentIndex {variablesTable} -index {2,1} -in [gi::getWindows 5]
[23:43:17.04] /i gi::setItemSelection {variablesTable} -index {2,1} -in [gi::getWindows 5]
[23:43:17.04] /i gi::setItemSelection {variablesTable} -index {2,1} -in [gi::getWindows 5]
[23:43:18.18] /i gi::setField {variablesTable} -index {2,1} -value {1.0u} -in [gi::getWindows 5]
[23:43:18.18] /i gi::setCurrentIndex {variablesTable} -index {1,1} -in [gi::getWindows 5]
[23:43:18.18] /i gi::setItemSelection {variablesTable} -index {1,1} -in [gi::getWindows 5]
[23:43:18.18] /i gi::setItemSelection {variablesTable} -index {1,1} -in [gi::getWindows 5]
[23:43:20.00] /i gi::setField {variablesTable} -index {1,1} -value {1.6} -in [gi::getWindows 5]
[23:43:20.00] /i gi::setField {variablesTable} -index {1,1} -value {1.6} -in [gi::getWindows 5]
[23:43:20.94] /i gi::setCurrentIndex {variablesTable} -index {2,1} -in [gi::getWindows 5]
[23:43:20.94] /i gi::setItemSelection {variablesTable} -index {2,1} -in [gi::getWindows 5]
[23:43:20.94] /i gi::setItemSelection {variablesTable} -index {2,1} -in [gi::getWindows 5]
[23:43:24.33] /i gi::setField {variablesTable} -index {2,1} -value {0.4} -in [gi::getWindows 5]
[23:43:24.33] /i gi::setField {variablesTable} -index {2,1} -value {0.4} -in [gi::getWindows 5]
[23:43:25.20] /i gi::setCurrentIndex {variablesTable} -index {3,1} -in [gi::getWindows 5]
[23:43:25.20] /i gi::setItemSelection {variablesTable} -index {3,1} -in [gi::getWindows 5]
[23:43:25.20] /i gi::setItemSelection {variablesTable} -index {3,1} -in [gi::getWindows 5]
[23:43:27.89] /i gi::setField {variablesTable} -index {3,1} -value {0.72u} -in [gi::getWindows 5]
[23:43:27.89] /i gi::setField {variablesTable} -index {3,1} -value {0.72u} -in [gi::getWindows 5]
[23:43:28.68] /i gi::setCurrentIndex {variablesTable} -index {2,1} -in [gi::getWindows 5]
[23:43:28.68] /i gi::setItemSelection {variablesTable} -index {2,1} -in [gi::getWindows 5]
[23:43:28.68] /i gi::setItemSelection {variablesTable} -index {2,1} -in [gi::getWindows 5]
[23:43:31.34] /i gi::setField {variablesTable} -index {2,1} -value {0.4u} -in [gi::getWindows 5]
[23:43:31.34] /i gi::setField {variablesTable} -index {2,1} -value {0.4u} -in [gi::getWindows 5]
[23:43:32.04] /i gi::setCurrentIndex {variablesTable} -index {1,1} -in [gi::getWindows 5]
[23:43:32.04] /i gi::setItemSelection {variablesTable} -index {1,1} -in [gi::getWindows 5]
[23:43:32.04] /i gi::setItemSelection {variablesTable} -index {1,1} -in [gi::getWindows 5]
[23:43:33.61] /i gi::setField {variablesTable} -index {1,1} -value {1.6u} -in [gi::getWindows 5]
[23:43:33.61] /i gi::setField {variablesTable} -index {1,1} -value {1.6u} -in [gi::getWindows 5]
[23:43:36.06] /i gi::executeAction menuPreShow -in [gi::getWindows 5]
[23:43:36.06] /r giMenuAccess db::getNext [gi::getMenus saConsoleSimMenu -from [gi::getWindows 5]]
[23:43:36.57] /# gi::executeAction saNetlistAndRun -in [gi::getWindows 5]
[23:43:36.57] /i isa::netlistAndRun -testbench [sa::findActiveTestbench -window 5] -mode overwrite
[23:43:36.70] /m Information: "Starting incremental netlisting for design "inverter/NAND2_tb/schematic"..." (NETLISTING-010)
[23:43:36.73] /o No Design Integrity rule violations found in "inverter/NAND2_tb/schematic"
[23:43:36.77] /m Information: "Netlisting design "inverter/NAND2_tb/schematic" finished successfully." (NETLISTING-012)
[23:43:36.79] /m Information: "Composing simulator input file for design "inverter/NAND2_tb/schematic"..."
[23:43:36.85] /m Information: "Simulator input file composed successfully for design "inverter/NAND2_tb/schematic""
[23:43:37.20] /m Information: "Starting HSPICE simulation for design: inverter/NAND2_tb/schematic"
[23:43:37.21] /# gi::collapse {jobMonitorTable} -index {0.0.0.0,0} -in [gi::getWindows 11]
[23:43:37.25] /o 1
[23:43:37.74] /m Information: "Simulation completed successfully for design: inverter/NAND2_tb/schematic "
[23:43:38.12] /m Information: "Evaluating and plotting outputs..."
[23:43:38.60] /j ::wf::WaveView::plotSuccess WaveView_5 {} {_6927340_void_pp _62a4758_void_pp} 
[23:43:38.83] /m Information: Measurement calculations completed for testbench: default in 0s
[23:43:39.03] /j ::wf::WaveView::plotSuccess WaveView_5 {} {_6927340_void_pp _62a49b0_void_pp} 
[23:43:39.32] /j ::wf::WaveView::plotSuccess WaveView_5 {} {_6927340_void_pp _62a4118_void_pp} 
[23:43:51.44] /i gi::setActiveWindow 5
[23:43:51.44] /i gi::setActiveWindow 5 -raise true
[23:44:00.00] /i gi::setField {variablesTable} -index {1,1} -value {1.3u} -in [gi::getWindows 5]
[23:44:00.01] /i gi::setField {variablesTable} -index {1,1} -value {1.3u} -in [gi::getWindows 5]
[23:44:02.87] /i gi::executeAction menuPreShow -in [gi::getWindows 5]
[23:44:02.87] /r giMenuAccess db::getNext [gi::getMenus saConsoleSimMenu -from [gi::getWindows 5]]
[23:44:03.36] /# gi::executeAction saNetlistAndRun -in [gi::getWindows 5]
[23:44:03.36] /i isa::netlistAndRun -testbench [sa::findActiveTestbench -window 5] -mode overwrite
[23:44:03.49] /m Information: "Starting incremental netlisting for design "inverter/NAND2_tb/schematic"..." (NETLISTING-010)
[23:44:03.52] /o No Design Integrity rule violations found in "inverter/NAND2_tb/schematic"
[23:44:03.58] /m Information: "Netlisting design "inverter/NAND2_tb/schematic" finished successfully." (NETLISTING-012)
[23:44:03.59] /m Information: "Composing simulator input file for design "inverter/NAND2_tb/schematic"..."
[23:44:03.67] /m Information: "Simulator input file composed successfully for design "inverter/NAND2_tb/schematic""
[23:44:03.98] /m Information: "Starting HSPICE simulation for design: inverter/NAND2_tb/schematic"
[23:44:03.99] /# gi::collapse {jobMonitorTable} -index {0.0.0.0,0} -in [gi::getWindows 11]
[23:44:04.02] /o 1
[23:44:04.53] /m Information: "Simulation completed successfully for design: inverter/NAND2_tb/schematic "
[23:44:04.92] /m Information: "Evaluating and plotting outputs..."
[23:44:05.38] /j ::wf::WaveView::plotSuccess WaveView_5 {} {_67eb880_void_pp _62a4500_void_pp} 
[23:44:05.63] /m Information: Measurement calculations completed for testbench: default in 0s
[23:44:05.85] /j ::wf::WaveView::plotSuccess WaveView_5 {} {_67eb880_void_pp _62a4758_void_pp} 
[23:44:06.18] /j ::wf::WaveView::plotSuccess WaveView_5 {} {_67eb880_void_pp _62a49b0_void_pp} 
[23:44:09.08] /i gi::setActiveWindow 5
[23:44:09.08] /i gi::setActiveWindow 5 -raise true
[23:44:12.72] /i gi::setField {variablesTable} -index {1,1} -value {0.6u} -in [gi::getWindows 5]
[23:44:12.72] /i gi::setField {variablesTable} -index {1,1} -value {0.6u} -in [gi::getWindows 5]
[23:44:14.09] /i gi::executeAction menuPreShow -in [gi::getWindows 5]
[23:44:14.09] /r giMenuAccess db::getNext [gi::getMenus saConsoleSimMenu -from [gi::getWindows 5]]
[23:44:14.80] /# gi::executeAction saNetlistAndRun -in [gi::getWindows 5]
[23:44:14.80] /i isa::netlistAndRun -testbench [sa::findActiveTestbench -window 5] -mode overwrite
[23:44:14.90] /m Information: "Starting incremental netlisting for design "inverter/NAND2_tb/schematic"..." (NETLISTING-010)
[23:44:14.92] /o No Design Integrity rule violations found in "inverter/NAND2_tb/schematic"
[23:44:14.98] /m Information: "Netlisting design "inverter/NAND2_tb/schematic" finished successfully." (NETLISTING-012)
[23:44:14.99] /m Information: "Composing simulator input file for design "inverter/NAND2_tb/schematic"..."
[23:44:15.07] /m Information: "Simulator input file composed successfully for design "inverter/NAND2_tb/schematic""
[23:44:15.38] /m Information: "Starting HSPICE simulation for design: inverter/NAND2_tb/schematic"
[23:44:15.39] /# gi::collapse {jobMonitorTable} -index {0.0.0.0,0} -in [gi::getWindows 11]
[23:44:15.42] /o 1
[23:44:15.86] /m Information: "Simulation completed successfully for design: inverter/NAND2_tb/schematic "
[23:44:16.29] /m Information: "Evaluating and plotting outputs..."
[23:44:16.77] /j ::wf::WaveView::plotSuccess WaveView_5 {} {_62c5ce0_void_pp _62a4118_void_pp} 
[23:44:17.14] /m Information: Measurement calculations completed for testbench: default in 1s
[23:44:17.28] /j ::wf::WaveView::plotSuccess WaveView_5 {} {_62c5ce0_void_pp _62a4500_void_pp} 
[23:44:17.68] /j ::wf::WaveView::plotSuccess WaveView_5 {} {_62c5ce0_void_pp _62a4758_void_pp} 
[23:44:19.61] /i gi::setActiveWindow 5
[23:44:19.61] /i gi::setActiveWindow 5 -raise true
[23:44:22.05] /i gi::setField {variablesTable} -index {1,1} -value {0.5u} -in [gi::getWindows 5]
[23:44:22.05] /i gi::setField {variablesTable} -index {1,1} -value {0.5u} -in [gi::getWindows 5]
[23:44:23.07] /i gi::executeAction menuPreShow -in [gi::getWindows 5]
[23:44:23.07] /r giMenuAccess db::getNext [gi::getMenus saConsoleSimMenu -from [gi::getWindows 5]]
[23:44:23.70] /# gi::executeAction saNetlistAndRun -in [gi::getWindows 5]
[23:44:23.71] /i isa::netlistAndRun -testbench [sa::findActiveTestbench -window 5] -mode overwrite
[23:44:23.85] /m Information: "Starting incremental netlisting for design "inverter/NAND2_tb/schematic"..." (NETLISTING-010)
[23:44:23.88] /o No Design Integrity rule violations found in "inverter/NAND2_tb/schematic"
[23:44:23.93] /m Information: "Netlisting design "inverter/NAND2_tb/schematic" finished successfully." (NETLISTING-012)
[23:44:23.94] /m Information: "Composing simulator input file for design "inverter/NAND2_tb/schematic"..."
[23:44:24.02] /m Information: "Simulator input file composed successfully for design "inverter/NAND2_tb/schematic""
[23:44:24.39] /m Information: "Starting HSPICE simulation for design: inverter/NAND2_tb/schematic"
[23:44:24.40] /# gi::collapse {jobMonitorTable} -index {0.0.0.0,0} -in [gi::getWindows 11]
[23:44:24.43] /o 1
[23:44:24.94] /m Information: "Simulation completed successfully for design: inverter/NAND2_tb/schematic "
[23:44:25.34] /m Information: "Evaluating and plotting outputs..."
[23:44:25.76] /j ::wf::WaveView::plotSuccess WaveView_5 {} {_67eb880_void_pp _62a49b0_void_pp} 
[23:44:26.02] /m Information: Measurement calculations completed for testbench: default in 0s
[23:44:26.13] /j ::wf::WaveView::plotSuccess WaveView_5 {} {_67eb880_void_pp _62a4118_void_pp} 
[23:44:26.52] /j ::wf::WaveView::plotSuccess WaveView_5 {} {_67eb880_void_pp _62a4500_void_pp} 
[23:44:29.91] /i gi::setActiveWindow 5
[23:44:29.91] /i gi::setActiveWindow 5 -raise true
[23:44:34.30] /i gi::setField {variablesTable} -index {1,1} -value {0.4u} -in [gi::getWindows 5]
[23:44:34.30] /i gi::setField {variablesTable} -index {1,1} -value {0.4u} -in [gi::getWindows 5]
[23:44:36.40] /i gi::executeAction menuPreShow -in [gi::getWindows 5]
[23:44:36.40] /r giMenuAccess db::getNext [gi::getMenus saConsoleSimMenu -from [gi::getWindows 5]]
[23:44:36.90] /# gi::executeAction saNetlistAndRun -in [gi::getWindows 5]
[23:44:36.90] /i isa::netlistAndRun -testbench [sa::findActiveTestbench -window 5] -mode overwrite
[23:44:37.05] /m Information: "Starting incremental netlisting for design "inverter/NAND2_tb/schematic"..." (NETLISTING-010)
[23:44:37.08] /o No Design Integrity rule violations found in "inverter/NAND2_tb/schematic"
[23:44:37.22] /m Information: "Netlisting design "inverter/NAND2_tb/schematic" finished successfully." (NETLISTING-012)
[23:44:37.23] /m Information: "Composing simulator input file for design "inverter/NAND2_tb/schematic"..."
[23:44:37.35] /m Information: "Simulator input file composed successfully for design "inverter/NAND2_tb/schematic""
[23:44:37.70] /m Information: "Starting HSPICE simulation for design: inverter/NAND2_tb/schematic"
[23:44:37.71] /# gi::collapse {jobMonitorTable} -index {0.0.0.0,0} -in [gi::getWindows 11]
[23:44:37.75] /o 1
[23:44:38.34] /m Information: "Simulation completed successfully for design: inverter/NAND2_tb/schematic "
[23:44:38.75] /m Information: "Evaluating and plotting outputs..."
[23:44:39.19] /j ::wf::WaveView::plotSuccess WaveView_5 {} {_6914240_void_pp _62a4758_void_pp} 
[23:44:39.53] /j ::wf::WaveView::plotSuccess WaveView_5 {} {_6914240_void_pp _62a49b0_void_pp} 
[23:44:39.54] /m Information: Measurement calculations completed for testbench: default in 0s
[23:44:39.85] /j ::wf::WaveView::plotSuccess WaveView_5 {} {_6914240_void_pp _62a4118_void_pp} 
[23:45:35.43] /i gi::setActiveWindow 5
[23:45:35.43] /i gi::setActiveWindow 5 -raise true
[23:45:38.56] /i gi::setField {variablesTable} -index {1,1} -value {0.6} -in [gi::getWindows 5]
[23:45:38.56] /i gi::setField {variablesTable} -index {1,1} -value {0.6} -in [gi::getWindows 5]
[23:45:41.30] /i gi::setField {variablesTable} -index {1,1} -value {0.6u} -in [gi::getWindows 5]
[23:45:41.30] /i gi::setField {variablesTable} -index {1,1} -value {0.6u} -in [gi::getWindows 5]
[23:45:42.61] /i gi::executeAction menuPreShow -in [gi::getWindows 5]
[23:45:42.61] /r giMenuAccess db::getNext [gi::getMenus saConsoleSimMenu -from [gi::getWindows 5]]
[23:45:43.13] /# gi::executeAction saRun -in [gi::getWindows 5]
[23:45:43.13] /i isa::run -testbench [sa::findActiveTestbench -window 5] -mode overwrite
[23:45:43.35] /m Information: "Composing simulator input file for design "inverter/NAND2_tb/schematic"..."
[23:45:43.42] /m Information: "Simulator input file composed successfully for design "inverter/NAND2_tb/schematic""
[23:45:43.59] /m Information: "Starting HSPICE simulation for design: inverter/NAND2_tb/schematic"
[23:45:43.61] /# gi::collapse {jobMonitorTable} -index {0.0.0.0,0} -in [gi::getWindows 11]
[23:45:43.63] /o 1
[23:45:44.14] /m Information: "Simulation completed successfully for design: inverter/NAND2_tb/schematic "
[23:45:44.53] /m Information: "Evaluating and plotting outputs..."
[23:45:44.70] /i gi::executeAction giCloseWindow -in [gi::getWindows 11]
[23:45:44.74] /i gi::setActiveWindow 5
[23:45:44.79] /i gi::setActiveWindow 5 -raise true
[23:45:45.24] /m Information: Measurement calculations completed for testbench: default in 1s
[23:45:45.53] /i gi::executeAction menuPreShow -in [gi::getWindows 5]
[23:45:45.53] /r giMenuAccess db::getNext [gi::getMenus saConsoleSimMenu -from [gi::getWindows 5]]
[23:45:45.74] /j ::wf::WaveView::plotSuccess WaveView_5 {} {_6dee780_void_pp _62a4500_void_pp} 
[23:45:46.36] /# gi::executeAction saNetlistAndRun -in [gi::getWindows 5]
[23:45:46.36] /i isa::netlistAndRun -testbench [sa::findActiveTestbench -window 5] -mode overwrite
[23:45:46.39] /r giWindowId 13
[23:45:46.41] /r giWindowGeometry 800x600
[23:45:46.58] /# ::wf::WaveView::plotSuccess WaveView_5 {} {_6dee780_void_pp _62a4758_void_pp} 
[23:45:46.63] /m Information: "Starting incremental netlisting for design "inverter/NAND2_tb/schematic"..." (NETLISTING-010)
[23:45:46.66] /o No Design Integrity rule violations found in "inverter/NAND2_tb/schematic"
[23:45:46.75] /m Information: "Netlisting design "inverter/NAND2_tb/schematic" finished successfully." (NETLISTING-012)
[23:45:46.77] /m Information: "Composing simulator input file for design "inverter/NAND2_tb/schematic"..."
[23:45:46.87] /m Information: "Simulator input file composed successfully for design "inverter/NAND2_tb/schematic""
[23:45:47.32] /m Information: "Starting HSPICE simulation for design: inverter/NAND2_tb/schematic"
[23:45:47.33] /# gi::collapse {jobMonitorTable} -index {0.0.0.0,0} -in [gi::getWindows 13]
[23:45:47.38] /o 1
[23:45:47.40] /j ::wf::WaveView::plotSuccess WaveView_5 {} {_6dee780_void_pp _62a49b0_void_pp} 
[23:45:48.05] /m Information: "Simulation completed successfully for design: inverter/NAND2_tb/schematic "
[23:45:48.44] /m Information: "Evaluating and plotting outputs..."
[23:45:49.13] /m Information: Measurement calculations completed for testbench: default in 1s
[23:45:49.51] /j ::wf::WaveView::plotSuccess WaveView_5 {} {_684a460_void_pp _62a4118_void_pp} 
[23:45:50.11] /j ::wf::WaveView::plotSuccess WaveView_5 {} {_684a460_void_pp _62a4500_void_pp} 
[23:45:50.62] /j ::wf::WaveView::plotSuccess WaveView_5 {} {_684a460_void_pp _62a4758_void_pp} 
[23:45:53.87] /i gi::setActiveWindow 5
[23:45:53.87] /i gi::setActiveWindow 5 -raise true
[23:45:57.08] /i gi::setField {variablesTable} -index {1,1} -value {0.8} -in [gi::getWindows 5]
[23:45:57.08] /i gi::setField {variablesTable} -index {1,1} -value {0.8} -in [gi::getWindows 5]
[23:46:00.17] /i gi::setField {variablesTable} -index {1,1} -value {0.8u} -in [gi::getWindows 5]
[23:46:00.17] /i gi::setField {variablesTable} -index {1,1} -value {0.8u} -in [gi::getWindows 5]
[23:46:01.13] /i gi::setCurrentIndex {variablesTable} -index {4,1} -in [gi::getWindows 5]
[23:46:01.13] /i gi::setItemSelection {variablesTable} -index {4,1} -in [gi::getWindows 5]
[23:46:01.13] /i gi::setItemSelection {variablesTable} -index {4,1} -in [gi::getWindows 5]
[23:46:03.35] /i gi::setField {variablesTable} -index {4,1} -value {5f} -in [gi::getWindows 5]
[23:46:03.35] /i gi::setField {variablesTable} -index {4,1} -value {5f} -in [gi::getWindows 5]
[23:46:41.19] /i gi::setActiveWindow 13
[23:46:41.19] /i gi::setActiveWindow 13 -raise true
[23:46:43.92] /i gi::setActiveWindow 5
[23:46:43.92] /i gi::setActiveWindow 5 -raise true
[23:46:44.58] /i gi::executeAction menuPreShow -in [gi::getWindows 5]
[23:46:44.58] /r giMenuAccess db::getNext [gi::getMenus saConsoleSimMenu -from [gi::getWindows 5]]
[23:46:45.09] /# gi::executeAction saNetlistAndRun -in [gi::getWindows 5]
[23:46:45.09] /i isa::netlistAndRun -testbench [sa::findActiveTestbench -window 5] -mode overwrite
[23:46:45.25] /m Information: "Starting incremental netlisting for design "inverter/NAND2_tb/schematic"..." (NETLISTING-010)
[23:46:45.28] /o No Design Integrity rule violations found in "inverter/NAND2_tb/schematic"
[23:46:45.33] /m Information: "Netlisting design "inverter/NAND2_tb/schematic" finished successfully." (NETLISTING-012)
[23:46:45.34] /m Information: "Composing simulator input file for design "inverter/NAND2_tb/schematic"..."
[23:46:45.43] /m Information: "Simulator input file composed successfully for design "inverter/NAND2_tb/schematic""
[23:46:45.81] /m Information: "Starting HSPICE simulation for design: inverter/NAND2_tb/schematic"
[23:46:45.82] /# gi::collapse {jobMonitorTable} -index {0.0.0.0,0} -in [gi::getWindows 13]
[23:46:45.85] /o 1
[23:46:46.35] /m Information: "Simulation completed successfully for design: inverter/NAND2_tb/schematic "
[23:46:46.76] /m Information: "Evaluating and plotting outputs..."
[23:46:47.62] /m Information: Measurement calculations completed for testbench: default in 0s
[23:46:48.22] /j ::wf::WaveView::plotSuccess WaveView_5 {} {_6dddf50_void_pp _62a49b0_void_pp} 
[23:46:49.10] /j ::wf::WaveView::plotSuccess WaveView_5 {} {_6dddf50_void_pp _62a4118_void_pp} 
[23:46:49.99] /j ::wf::WaveView::plotSuccess WaveView_5 {} {_6dddf50_void_pp _62a4500_void_pp} 
[23:48:54.54] /i gi::setActiveWindow 5
[23:48:54.54] /i gi::setActiveWindow 5 -raise true
[23:48:55.51] /i gi::setCurrentIndex {variablesTable} -index {1,1} -in [gi::getWindows 5]
[23:48:55.51] /i gi::setItemSelection {variablesTable} -index {1,1} -in [gi::getWindows 5]
[23:48:55.51] /i gi::setItemSelection {variablesTable} -index {1,1} -in [gi::getWindows 5]
[23:48:58.51] /i gi::setField {variablesTable} -index {1,1} -value {1.8u} -in [gi::getWindows 5]
[23:48:58.51] /i gi::setField {variablesTable} -index {1,1} -value {1.8u} -in [gi::getWindows 5]
[23:48:59.80] /i gi::setCurrentIndex {variablesTable} -index {2,1} -in [gi::getWindows 5]
[23:48:59.80] /i gi::setItemSelection {variablesTable} -index {2,1} -in [gi::getWindows 5]
[23:48:59.80] /i gi::setItemSelection {variablesTable} -index {2,1} -in [gi::getWindows 5]
[23:49:02.83] /i gi::setField {variablesTable} -index {2,1} -value {0.72u} -in [gi::getWindows 5]
[23:49:02.83] /i gi::setField {variablesTable} -index {2,1} -value {0.72u} -in [gi::getWindows 5]
[23:49:03.99] /i gi::executeAction menuPreShow -in [gi::getWindows 5]
[23:49:03.99] /r giMenuAccess db::getNext [gi::getMenus saConsoleSimMenu -from [gi::getWindows 5]]
[23:49:04.67] /# gi::executeAction saNetlistAndRun -in [gi::getWindows 5]
[23:49:04.67] /i isa::netlistAndRun -testbench [sa::findActiveTestbench -window 5] -mode overwrite
[23:49:04.79] /m Information: "Starting incremental netlisting for design "inverter/NAND2_tb/schematic"..." (NETLISTING-010)
[23:49:04.83] /o No Design Integrity rule violations found in "inverter/NAND2_tb/schematic"
[23:49:04.88] /m Information: "Netlisting design "inverter/NAND2_tb/schematic" finished successfully." (NETLISTING-012)
[23:49:04.88] /m Information: "Composing simulator input file for design "inverter/NAND2_tb/schematic"..."
[23:49:04.95] /m Information: "Simulator input file composed successfully for design "inverter/NAND2_tb/schematic""
[23:49:05.31] /m Information: "Starting HSPICE simulation for design: inverter/NAND2_tb/schematic"
[23:49:05.32] /# gi::collapse {jobMonitorTable} -index {0.0.0.0,0} -in [gi::getWindows 13]
[23:49:05.36] /o 1
[23:49:05.84] /m Information: "Simulation completed successfully for design: inverter/NAND2_tb/schematic "
[23:49:06.18] /m Information: "Evaluating and plotting outputs..."
[23:49:06.93] /m Information: Measurement calculations completed for testbench: default in 0s
[23:49:07.36] /j ::wf::WaveView::plotSuccess WaveView_5 {} {_62c5ce0_void_pp _62a4758_void_pp} 
[23:49:07.92] /j ::wf::WaveView::plotSuccess WaveView_5 {} {_62c5ce0_void_pp _62a49b0_void_pp} 
[23:49:08.51] /j ::wf::WaveView::plotSuccess WaveView_5 {} {_62c5ce0_void_pp _62a4118_void_pp} 
[23:49:13.05] /i gi::setActiveWindow 5
[23:49:13.05] /i gi::setActiveWindow 5 -raise true
[23:49:13.86] /i gi::setCurrentIndex {variablesTable} -index {4,1} -in [gi::getWindows 5]
[23:49:13.86] /i gi::setItemSelection {variablesTable} -index {4,1} -in [gi::getWindows 5]
[23:49:13.86] /i gi::setItemSelection {variablesTable} -index {4,1} -in [gi::getWindows 5]
[23:49:15.13] /i gi::setField {variablesTable} -index {4,1} -value {20f} -in [gi::getWindows 5]
[23:49:15.13] /i gi::setField {variablesTable} -index {4,1} -value {20f} -in [gi::getWindows 5]
[23:49:16.23] /i gi::executeAction menuPreShow -in [gi::getWindows 5]
[23:49:16.23] /r giMenuAccess db::getNext [gi::getMenus saConsoleSimMenu -from [gi::getWindows 5]]
[23:49:16.66] /# gi::executeAction saNetlistAndRun -in [gi::getWindows 5]
[23:49:16.66] /i isa::netlistAndRun -testbench [sa::findActiveTestbench -window 5] -mode overwrite
[23:49:16.79] /m Information: "Starting incremental netlisting for design "inverter/NAND2_tb/schematic"..." (NETLISTING-010)
[23:49:16.82] /o No Design Integrity rule violations found in "inverter/NAND2_tb/schematic"
[23:49:16.87] /m Information: "Netlisting design "inverter/NAND2_tb/schematic" finished successfully." (NETLISTING-012)
[23:49:16.88] /m Information: "Composing simulator input file for design "inverter/NAND2_tb/schematic"..."
[23:49:16.95] /m Information: "Simulator input file composed successfully for design "inverter/NAND2_tb/schematic""
[23:49:17.29] /m Information: "Starting HSPICE simulation for design: inverter/NAND2_tb/schematic"
[23:49:17.30] /# gi::collapse {jobMonitorTable} -index {0.0.0.0,0} -in [gi::getWindows 13]
[23:49:17.34] /o 1
[23:49:17.83] /m Information: "Simulation completed successfully for design: inverter/NAND2_tb/schematic "
[23:49:18.20] /m Information: "Evaluating and plotting outputs..."
[23:49:18.93] /m Information: Measurement calculations completed for testbench: default in 0s
[23:49:19.40] /j ::wf::WaveView::plotSuccess WaveView_5 {} {_6de6e80_void_pp _62a4500_void_pp} 
[23:49:20.08] /j ::wf::WaveView::plotSuccess WaveView_5 {} {_6de6e80_void_pp _62a4758_void_pp} 
[23:49:20.72] /j ::wf::WaveView::plotSuccess WaveView_5 {} {_6de6e80_void_pp _62a49b0_void_pp} 
[23:49:23.35] /i gi::setActiveWindow 5
[23:49:23.35] /i gi::setActiveWindow 5 -raise true
[23:49:23.97] /i gi::setCurrentIndex {variablesTable} -index {2,1} -in [gi::getWindows 5]
[23:49:23.97] /i gi::setItemSelection {variablesTable} -index {2,1} -in [gi::getWindows 5]
[23:49:23.97] /i gi::setItemSelection {variablesTable} -index {2,1} -in [gi::getWindows 5]
[23:49:24.54] /i gi::setField {variablesTable} -index {2,1} -value {0.72u} -in [gi::getWindows 5]
[23:49:24.54] /i gi::setCurrentIndex {variablesTable} -index {3,1} -in [gi::getWindows 5]
[23:49:24.54] /i gi::setItemSelection {variablesTable} -index {3,1} -in [gi::getWindows 5]
[23:49:24.54] /i gi::setItemSelection {variablesTable} -index {3,1} -in [gi::getWindows 5]
[23:49:28.09] /i gi::setField {variablesTable} -index {3,1} -value {0.18u} -in [gi::getWindows 5]
[23:49:28.09] /i gi::setField {variablesTable} -index {3,1} -value {0.18u} -in [gi::getWindows 5]
[23:49:29.74] /i gi::executeAction menuPreShow -in [gi::getWindows 5]
[23:49:29.74] /r giMenuAccess db::getNext [gi::getMenus saResultsMenu -from [gi::getWindows 5]]
[23:49:29.83] /i gi::executeAction menuPreShow -in [gi::getWindows 5]
[23:49:29.83] /r giMenuAccess db::getNext [gi::getMenus saConsoleSimMenu -from [gi::getWindows 5]]
[23:49:30.42] /# gi::executeAction saNetlistAndRun -in [gi::getWindows 5]
[23:49:30.43] /i isa::netlistAndRun -testbench [sa::findActiveTestbench -window 5] -mode overwrite
[23:49:30.54] /m Information: "Starting incremental netlisting for design "inverter/NAND2_tb/schematic"..." (NETLISTING-010)
[23:49:30.57] /o No Design Integrity rule violations found in "inverter/NAND2_tb/schematic"
[23:49:30.62] /m Information: "Netlisting design "inverter/NAND2_tb/schematic" finished successfully." (NETLISTING-012)
[23:49:30.63] /m Information: "Composing simulator input file for design "inverter/NAND2_tb/schematic"..."
[23:49:30.71] /m Information: "Simulator input file composed successfully for design "inverter/NAND2_tb/schematic""
[23:49:31.07] /m Information: "Starting HSPICE simulation for design: inverter/NAND2_tb/schematic"
[23:49:31.07] /# gi::collapse {jobMonitorTable} -index {0.0.0.0,0} -in [gi::getWindows 13]
[23:49:31.11] /o 1
[23:49:31.67] /m Information: "Simulation completed successfully for design: inverter/NAND2_tb/schematic "
[23:49:32.15] /m Information: "Evaluating and plotting outputs..."
[23:49:33.33] /m Information: Measurement calculations completed for testbench: default in 1s
[23:49:33.50] /j ::wf::WaveView::plotSuccess WaveView_5 {} {_62c5ce0_void_pp _62a4118_void_pp} 
[23:49:34.12] /j ::wf::WaveView::plotSuccess WaveView_5 {} {_62c5ce0_void_pp _62a4500_void_pp} 
[23:49:34.69] /j ::wf::WaveView::plotSuccess WaveView_5 {} {_62c5ce0_void_pp _62a4758_void_pp} 
[23:52:00.80] /i gi::setActiveWindow 5
[23:52:00.80] /i gi::setActiveWindow 5 -raise true
[23:52:02.55] /i gi::setCurrentIndex {variablesTable} -index {4,1} -in [gi::getWindows 5]
[23:52:02.55] /i gi::setItemSelection {variablesTable} -index {4,1} -in [gi::getWindows 5]
[23:52:02.55] /i gi::setItemSelection {variablesTable} -index {4,1} -in [gi::getWindows 5]
[23:52:03.67] /i gi::setField {variablesTable} -index {4,1} -value {30f} -in [gi::getWindows 5]
[23:52:03.67] /i gi::setField {variablesTable} -index {4,1} -value {30f} -in [gi::getWindows 5]
[23:52:04.95] /i gi::executeAction menuPreShow -in [gi::getWindows 5]
[23:52:04.95] /r giMenuAccess db::getNext [gi::getMenus saConsoleSimMenu -from [gi::getWindows 5]]
[23:52:05.44] /# gi::executeAction saNetlistAndRun -in [gi::getWindows 5]
[23:52:05.44] /i isa::netlistAndRun -testbench [sa::findActiveTestbench -window 5] -mode overwrite
[23:52:05.65] /m Information: "Starting incremental netlisting for design "inverter/NAND2_tb/schematic"..." (NETLISTING-010)
[23:52:05.68] /o No Design Integrity rule violations found in "inverter/NAND2_tb/schematic"
[23:52:05.72] /m Information: "Netlisting design "inverter/NAND2_tb/schematic" finished successfully." (NETLISTING-012)
[23:52:05.73] /m Information: "Composing simulator input file for design "inverter/NAND2_tb/schematic"..."
[23:52:05.80] /m Information: "Simulator input file composed successfully for design "inverter/NAND2_tb/schematic""
[23:52:06.16] /m Information: "Starting HSPICE simulation for design: inverter/NAND2_tb/schematic"
[23:52:06.16] /# gi::collapse {jobMonitorTable} -index {0.0.0.0,0} -in [gi::getWindows 13]
[23:52:06.19] /o 1
[23:52:06.74] /m Information: "Simulation completed successfully for design: inverter/NAND2_tb/schematic "
[23:52:07.14] /m Information: "Evaluating and plotting outputs..."
[23:52:07.93] /m Information: Measurement calculations completed for testbench: default in 0s
[23:52:08.34] /j ::wf::WaveView::plotSuccess WaveView_5 {} {_6dddf50_void_pp _62a49b0_void_pp} 
[23:52:08.96] /j ::wf::WaveView::plotSuccess WaveView_5 {} {_6dddf50_void_pp _62a4118_void_pp} 
[23:52:09.46] /j ::wf::WaveView::plotSuccess WaveView_5 {} {_6dddf50_void_pp _62a4500_void_pp} 
[23:56:07.50] /i gi::setActiveWindow 5
[23:56:07.50] /i gi::setActiveWindow 5 -raise true
[23:56:11.16] /i gi::setCurrentIndex {variablesTable} -index {3,1} -in [gi::getWindows 5]
[23:56:11.16] /i gi::setItemSelection {variablesTable} -index {3,1} -in [gi::getWindows 5]
[23:56:11.16] /i gi::setItemSelection {variablesTable} -index {3,1} -in [gi::getWindows 5]
[23:56:14.20] /i gi::setField {variablesTable} -index {3,1} -value {0.09u} -in [gi::getWindows 5]
[23:56:14.20] /i gi::setField {variablesTable} -index {3,1} -value {0.09u} -in [gi::getWindows 5]
[23:56:15.29] /i gi::executeAction menuPreShow -in [gi::getWindows 5]
[23:56:15.29] /r giMenuAccess db::getNext [gi::getMenus saConsoleSimMenu -from [gi::getWindows 5]]
[23:56:15.75] /# gi::executeAction saNetlistAndRun -in [gi::getWindows 5]
[23:56:15.75] /i isa::netlistAndRun -testbench [sa::findActiveTestbench -window 5] -mode overwrite
[23:56:15.85] /m Information: "Starting incremental netlisting for design "inverter/NAND2_tb/schematic"..." (NETLISTING-010)
[23:56:15.87] /o No Design Integrity rule violations found in "inverter/NAND2_tb/schematic"
[23:56:15.90] /m Information: "Netlisting design "inverter/NAND2_tb/schematic" finished successfully." (NETLISTING-012)
[23:56:15.90] /m Information: "Composing simulator input file for design "inverter/NAND2_tb/schematic"..."
[23:56:15.94] /m Information: "Simulator input file composed successfully for design "inverter/NAND2_tb/schematic""
[23:56:16.11] /m Information: "Starting HSPICE simulation for design: inverter/NAND2_tb/schematic"
[23:56:16.11] /# gi::collapse {jobMonitorTable} -index {0.0.0.0,0} -in [gi::getWindows 13]
[23:56:16.13] /o 1
[23:56:16.43] /m Information: "Simulation completed successfully for design: inverter/NAND2_tb/schematic "
[23:56:16.66] /m Information: "Evaluating and plotting outputs..."
[23:56:17.09] /j ::wf::WaveView::plotSuccess WaveView_5 {} {_6914240_void_pp _62a4758_void_pp} 
[23:56:17.15] /m Information: Measurement calculations completed for testbench: default in 1s
[23:56:17.26] /j ::wf::WaveView::plotSuccess WaveView_5 {} {_6914240_void_pp _62a49b0_void_pp} 
[23:56:17.48] /j ::wf::WaveView::plotSuccess WaveView_5 {} {_6914240_void_pp _62a4118_void_pp} 
[23:56:29.22] /i gi::setActiveWindow 5
[23:56:29.23] /i gi::setActiveWindow 5 -raise true
[23:59:21.59] /i gi::executeAction menuPreShow -in [gi::getWindows 5]
[23:59:21.59] /r giMenuAccess db::getNext [gi::getMenus saConsoleSimMenu -from [gi::getWindows 5]]
[23:59:22.10] /# gi::executeAction saNetlistAndRun -in [gi::getWindows 5]
[23:59:22.10] /i isa::netlistAndRun -testbench [sa::findActiveTestbench -window 5] -mode overwrite
[23:59:22.22] /m Information: "Starting incremental netlisting for design "inverter/NAND2_tb/schematic"..." (NETLISTING-010)
[23:59:22.24] /o No Design Integrity rule violations found in "inverter/NAND2_tb/schematic"
[23:59:22.27] /m Information: "Netlisting design "inverter/NAND2_tb/schematic" finished successfully." (NETLISTING-012)
[23:59:22.28] /m Information: "Composing simulator input file for design "inverter/NAND2_tb/schematic"..."
[23:59:22.32] /m Information: "Simulator input file composed successfully for design "inverter/NAND2_tb/schematic""
[23:59:22.51] /m Information: "Starting HSPICE simulation for design: inverter/NAND2_tb/schematic"
[23:59:22.51] /# gi::collapse {jobMonitorTable} -index {0.0.0.0,0} -in [gi::getWindows 13]
[23:59:22.53] /o 1
[23:59:22.86] /m Information: "Simulation completed successfully for design: inverter/NAND2_tb/schematic "
[23:59:23.09] /m Information: "Evaluating and plotting outputs..."
[23:59:23.29] /j ::wf::WaveView::plotSuccess WaveView_5 {} {_6de6e80_void_pp _62a4500_void_pp} 
[23:59:23.45] /j ::wf::WaveView::plotSuccess WaveView_5 {} {_6de6e80_void_pp _62a4758_void_pp} 
[23:59:23.52] /m Information: Measurement calculations completed for testbench: default in 0s
[23:59:23.61] /j ::wf::WaveView::plotSuccess WaveView_5 {} {_6de6e80_void_pp _62a49b0_void_pp} 
[00:00:38.70] /i gi::setActiveWindow 5
[00:00:38.70] /i gi::setActiveWindow 5 -raise true
[00:03:53.53] /i gi::setField {variablesTable} -index {3,1} -value {0.1u} -in [gi::getWindows 5]
[00:03:53.53] /i gi::setField {variablesTable} -index {3,1} -value {0.1u} -in [gi::getWindows 5]
[00:03:54.91] /i gi::executeAction menuPreShow -in [gi::getWindows 5]
[00:03:54.91] /r giMenuAccess db::getNext [gi::getMenus saConsoleSimMenu -from [gi::getWindows 5]]
[00:03:55.54] /# gi::executeAction saNetlistAndRun -in [gi::getWindows 5]
[00:03:55.54] /i isa::netlistAndRun -testbench [sa::findActiveTestbench -window 5] -mode overwrite
[00:03:55.65] /m Information: "Starting incremental netlisting for design "inverter/NAND2_tb/schematic"..." (NETLISTING-010)
[00:03:55.67] /o No Design Integrity rule violations found in "inverter/NAND2_tb/schematic"
[00:03:55.70] /m Information: "Netlisting design "inverter/NAND2_tb/schematic" finished successfully." (NETLISTING-012)
[00:03:55.70] /m Information: "Composing simulator input file for design "inverter/NAND2_tb/schematic"..."
[00:03:55.74] /m Information: "Simulator input file composed successfully for design "inverter/NAND2_tb/schematic""
[00:03:55.92] /m Information: "Starting HSPICE simulation for design: inverter/NAND2_tb/schematic"
[00:03:55.92] /# gi::collapse {jobMonitorTable} -index {0.0.0.0,0} -in [gi::getWindows 13]
[00:03:55.94] /o 1
[00:03:56.33] /m Information: "Simulation completed successfully for design: inverter/NAND2_tb/schematic "
[00:03:56.54] /m Information: "Evaluating and plotting outputs..."
[00:03:56.62] /j ::wf::WaveView::plotSuccess WaveView_5 {} {_6e358d0_void_pp _62a4118_void_pp} 
[00:03:56.80] /j ::wf::WaveView::plotSuccess WaveView_5 {} {_6e358d0_void_pp _62a4500_void_pp} 
[00:03:56.91] /j ::wf::WaveView::plotSuccess WaveView_5 {} {_6e358d0_void_pp _62a4758_void_pp} 
[00:03:57.02] /m Information: Measurement calculations completed for testbench: default in 0s
[00:07:13.96] /i gi::setActiveWindow 5
[00:07:13.97] /i gi::setActiveWindow 5 -raise true
[00:07:14.83] /i gi::setCurrentIndex {variablesTable} -index {4,1} -in [gi::getWindows 5]
[00:07:14.83] /i gi::setItemSelection {variablesTable} -index {4,1} -in [gi::getWindows 5]
[00:07:14.83] /i gi::setItemSelection {variablesTable} -index {4,1} -in [gi::getWindows 5]
[00:07:15.28] /i gi::setField {variablesTable} -index {4,1} -value {30f} -in [gi::getWindows 5]
[00:07:15.28] /i gi::setCurrentIndex {variablesTable} -index {3,1} -in [gi::getWindows 5]
[00:07:15.28] /i gi::setItemSelection {variablesTable} -index {3,1} -in [gi::getWindows 5]
[00:07:15.28] /i gi::setItemSelection {variablesTable} -index {3,1} -in [gi::getWindows 5]
[00:07:17.51] /i gi::setField {variablesTable} -index {3,1} -value {0.18u} -in [gi::getWindows 5]
[00:07:17.51] /i gi::setField {variablesTable} -index {3,1} -value {0.18u} -in [gi::getWindows 5]
[00:07:18.57] /i gi::executeAction menuPreShow -in [gi::getWindows 5]
[00:07:18.57] /r giMenuAccess db::getNext [gi::getMenus saConsoleSimMenu -from [gi::getWindows 5]]
[00:07:19.02] /# gi::executeAction saNetlistAndRun -in [gi::getWindows 5]
[00:07:19.02] /i isa::netlistAndRun -testbench [sa::findActiveTestbench -window 5] -mode overwrite
[00:07:19.09] /m Information: "Starting incremental netlisting for design "inverter/NAND2_tb/schematic"..." (NETLISTING-010)
[00:07:19.10] /o No Design Integrity rule violations found in "inverter/NAND2_tb/schematic"
[00:07:19.13] /m Information: "Netlisting design "inverter/NAND2_tb/schematic" finished successfully." (NETLISTING-012)
[00:07:19.13] /m Information: "Composing simulator input file for design "inverter/NAND2_tb/schematic"..."
[00:07:19.17] /m Information: "Simulator input file composed successfully for design "inverter/NAND2_tb/schematic""
[00:07:19.38] /m Information: "Starting HSPICE simulation for design: inverter/NAND2_tb/schematic"
[00:07:19.38] /# gi::collapse {jobMonitorTable} -index {0.0.0.0,0} -in [gi::getWindows 13]
[00:07:19.40] /o 1
[00:07:19.73] /m Information: "Simulation completed successfully for design: inverter/NAND2_tb/schematic "
[00:07:19.95] /m Information: "Evaluating and plotting outputs..."
[00:07:20.44] /j ::wf::WaveView::plotSuccess WaveView_5 {} {_6e33480_void_pp _62a49b0_void_pp} 
[00:07:20.52] /m Information: Measurement calculations completed for testbench: default in 0s
[00:07:20.63] /j ::wf::WaveView::plotSuccess WaveView_5 {} {_6e33480_void_pp _62a4118_void_pp} 
[00:07:20.91] /j ::wf::WaveView::plotSuccess WaveView_5 {} {_6e33480_void_pp _62a4500_void_pp} 
[00:07:25.88] /i gi::setActiveWindow 5
[00:07:25.88] /i gi::setActiveWindow 5 -raise true
[00:07:26.66] /i gi::setCurrentIndex {variablesTable} -index {4,1} -in [gi::getWindows 5]
[00:07:26.66] /i gi::setItemSelection {variablesTable} -index {4,1} -in [gi::getWindows 5]
[00:07:26.66] /i gi::setItemSelection {variablesTable} -index {4,1} -in [gi::getWindows 5]
[00:07:27.02] /i gi::setField {variablesTable} -index {4,1} -value {30f} -in [gi::getWindows 5]
[00:07:27.02] /i gi::setCurrentIndex {variablesTable} -index {3,1} -in [gi::getWindows 5]
[00:07:27.02] /i gi::setItemSelection {variablesTable} -index {3,1} -in [gi::getWindows 5]
[00:07:27.02] /i gi::setItemSelection {variablesTable} -index {3,1} -in [gi::getWindows 5]
[00:07:29.31] /i gi::setField {variablesTable} -index {3,1} -value {0.18u} -in [gi::getWindows 5]
[00:07:29.31] /i gi::setField {variablesTable} -index {3,1} -value {0.18u} -in [gi::getWindows 5]
[00:07:31.08] /i gi::setField {variablesTable} -index {3,1} -value {0.18u} -in [gi::getWindows 5]
[00:07:31.08] /i gi::setCurrentIndex {variablesTable} -index {4,1} -in [gi::getWindows 5]
[00:07:31.08] /i gi::setItemSelection {variablesTable} -index {4,1} -in [gi::getWindows 5]
[00:07:31.08] /i gi::setItemSelection {variablesTable} -index {4,1} -in [gi::getWindows 5]
[00:07:32.75] /i gi::setField {variablesTable} -index {4,1} -value {20f} -in [gi::getWindows 5]
[00:07:32.75] /i gi::setField {variablesTable} -index {4,1} -value {20f} -in [gi::getWindows 5]
[00:07:33.92] /i gi::executeAction menuPreShow -in [gi::getWindows 5]
[00:07:33.92] /r giMenuAccess db::getNext [gi::getMenus saConsoleSimMenu -from [gi::getWindows 5]]
[00:07:34.37] /# gi::executeAction saNetlistAndRun -in [gi::getWindows 5]
[00:07:34.37] /i isa::netlistAndRun -testbench [sa::findActiveTestbench -window 5] -mode overwrite
[00:07:34.45] /m Information: "Starting incremental netlisting for design "inverter/NAND2_tb/schematic"..." (NETLISTING-010)
[00:07:34.46] /o No Design Integrity rule violations found in "inverter/NAND2_tb/schematic"
[00:07:34.48] /m Information: "Netlisting design "inverter/NAND2_tb/schematic" finished successfully." (NETLISTING-012)
[00:07:34.49] /m Information: "Composing simulator input file for design "inverter/NAND2_tb/schematic"..."
[00:07:34.52] /m Information: "Simulator input file composed successfully for design "inverter/NAND2_tb/schematic""
[00:07:34.70] /m Information: "Starting HSPICE simulation for design: inverter/NAND2_tb/schematic"
[00:07:34.70] /# gi::collapse {jobMonitorTable} -index {0.0.0.0,0} -in [gi::getWindows 13]
[00:07:34.71] /o 1
[00:07:35.03] /m Information: "Simulation completed successfully for design: inverter/NAND2_tb/schematic "
[00:07:35.26] /m Information: "Evaluating and plotting outputs..."
[00:07:35.62] /j ::wf::WaveView::plotSuccess WaveView_5 {} {_6dd7b20_void_pp _62a4758_void_pp} 
[00:07:35.66] /m Information: Measurement calculations completed for testbench: default in 0s
[00:07:35.83] /j ::wf::WaveView::plotSuccess WaveView_5 {} {_6dd7b20_void_pp _62a49b0_void_pp} 
[00:07:36.09] /j ::wf::WaveView::plotSuccess WaveView_5 {} {_6dd7b20_void_pp _62a4118_void_pp} 
[00:11:20.13] /i gi::setActiveWindow 5
[00:11:20.13] /i gi::setActiveWindow 5 -raise true
[00:11:23.44] /i gi::setField {variablesTable} -index {4,1} -value {400f} -in [gi::getWindows 5]
[00:11:23.44] /i gi::setField {variablesTable} -index {4,1} -value {400f} -in [gi::getWindows 5]
[00:11:26.03] /i gi::setField {variablesTable} -index {4,1} -value {40f} -in [gi::getWindows 5]
[00:11:26.03] /i gi::setField {variablesTable} -index {4,1} -value {40f} -in [gi::getWindows 5]
[00:11:27.00] /i gi::executeAction menuPreShow -in [gi::getWindows 5]
[00:11:27.00] /r giMenuAccess db::getNext [gi::getMenus saConsoleSimMenu -from [gi::getWindows 5]]
[00:11:27.47] /# gi::executeAction saNetlistAndRun -in [gi::getWindows 5]
[00:11:27.47] /i isa::netlistAndRun -testbench [sa::findActiveTestbench -window 5] -mode overwrite
[00:11:27.52] /m Information: "Starting incremental netlisting for design "inverter/NAND2_tb/schematic"..." (NETLISTING-010)
[00:11:27.53] /o No Design Integrity rule violations found in "inverter/NAND2_tb/schematic"
[00:11:27.56] /m Information: "Netlisting design "inverter/NAND2_tb/schematic" finished successfully." (NETLISTING-012)
[00:11:27.56] /m Information: "Composing simulator input file for design "inverter/NAND2_tb/schematic"..."
[00:11:27.60] /m Information: "Simulator input file composed successfully for design "inverter/NAND2_tb/schematic""
[00:11:27.75] /m Information: "Starting HSPICE simulation for design: inverter/NAND2_tb/schematic"
[00:11:27.76] /# gi::collapse {jobMonitorTable} -index {0.0.0.0,0} -in [gi::getWindows 13]
[00:11:27.77] /o 1
[00:11:28.13] /m Information: "Simulation completed successfully for design: inverter/NAND2_tb/schematic "
[00:11:28.34] /m Information: "Evaluating and plotting outputs..."
[00:11:28.72] /j ::wf::WaveView::plotSuccess WaveView_5 {} {_62c5ce0_void_pp _62a4500_void_pp} 
[00:11:28.83] /m Information: Measurement calculations completed for testbench: default in 0s
[00:11:28.91] /j ::wf::WaveView::plotSuccess WaveView_5 {} {_62c5ce0_void_pp _62a4758_void_pp} 
[00:11:29.05] /j ::wf::WaveView::plotSuccess WaveView_5 {} {_62c5ce0_void_pp _62a49b0_void_pp} 
[00:11:35.30] /i gi::setActiveWindow 5
[00:11:35.30] /i gi::setActiveWindow 5 -raise true
[00:11:38.66] /i gi::setField {variablesTable} -index {4,1} -value {30f} -in [gi::getWindows 5]
[00:11:38.66] /i gi::setField {variablesTable} -index {4,1} -value {30f} -in [gi::getWindows 5]
[00:11:42.19] /i gi::setField {variablesTable} -index {4,1} -value {50f} -in [gi::getWindows 5]
[00:11:42.19] /i gi::setField {variablesTable} -index {4,1} -value {50f} -in [gi::getWindows 5]
[00:11:43.27] /i gi::setActiveWindow 13
[00:11:43.27] /i gi::setActiveWindow 13 -raise true
[00:11:45.99] /i gi::setActiveWindow 5
[00:11:45.99] /i gi::setActiveWindow 5 -raise true
[00:11:46.97] /i gi::executeAction menuPreShow -in [gi::getWindows 5]
[00:11:46.97] /r giMenuAccess db::getNext [gi::getMenus saConsoleSimMenu -from [gi::getWindows 5]]
[00:11:47.69] /# gi::executeAction saNetlistAndRun -in [gi::getWindows 5]
[00:11:47.69] /i isa::netlistAndRun -testbench [sa::findActiveTestbench -window 5] -mode overwrite
[00:11:47.74] /m Information: "Starting incremental netlisting for design "inverter/NAND2_tb/schematic"..." (NETLISTING-010)
[00:11:47.75] /o No Design Integrity rule violations found in "inverter/NAND2_tb/schematic"
[00:11:47.78] /m Information: "Netlisting design "inverter/NAND2_tb/schematic" finished successfully." (NETLISTING-012)
[00:11:47.78] /m Information: "Composing simulator input file for design "inverter/NAND2_tb/schematic"..."
[00:11:47.81] /m Information: "Simulator input file composed successfully for design "inverter/NAND2_tb/schematic""
[00:11:47.97] /m Information: "Starting HSPICE simulation for design: inverter/NAND2_tb/schematic"
[00:11:47.97] /# gi::collapse {jobMonitorTable} -index {0.0.0.0,0} -in [gi::getWindows 13]
[00:11:47.99] /o 1
[00:11:48.33] /m Information: "Simulation completed successfully for design: inverter/NAND2_tb/schematic "
[00:11:48.54] /m Information: "Evaluating and plotting outputs..."
[00:11:48.90] /j ::wf::WaveView::plotSuccess WaveView_5 {} {_6de6e80_void_pp _62a4118_void_pp} 
[00:11:48.93] /m Information: Measurement calculations completed for testbench: default in 0s
[00:11:49.04] /j ::wf::WaveView::plotSuccess WaveView_5 {} {_6de6e80_void_pp _62a4500_void_pp} 
[00:11:49.22] /j ::wf::WaveView::plotSuccess WaveView_5 {} {_6de6e80_void_pp _62a4758_void_pp} 
[00:13:06.61] /i gi::setCurrentIndex {jobMonitorTable} -index {0.0.2,0} -in [gi::getWindows 13]
[00:13:06.62] /i gi::setItemSelection {jobMonitorTable} -index {0.0.2,all} -in [gi::getWindows 13]
[00:13:06.76] /i gi::executeAction xtJobMonitorViewOutput -in 13
[00:13:06.77] /# xt::_jobMonitorActions::viewOutput 13
[00:13:06.77] /r giWindowId 14
[00:13:06.79] /r giWindowGeometry 800x600
[00:16:33.35] /i gi::setActiveWindow 13
[00:16:33.36] /i gi::setActiveWindow 13 -raise true
[00:16:33.86] /i gi::setActiveWindow 5
[00:16:33.86] /i gi::setActiveWindow 5 -raise true
[00:16:36.29] /i gi::setField {variablesTable} -index {4,1} -value {100f} -in [gi::getWindows 5]
[00:16:36.29] /i gi::setField {variablesTable} -index {4,1} -value {100f} -in [gi::getWindows 5]
[00:16:37.70] /i gi::executeAction menuPreShow -in [gi::getWindows 5]
[00:16:37.70] /r giMenuAccess db::getNext [gi::getMenus saConsoleSimMenu -from [gi::getWindows 5]]
[00:16:38.11] /# gi::executeAction saNetlistAndRun -in [gi::getWindows 5]
[00:16:38.11] /i isa::netlistAndRun -testbench [sa::findActiveTestbench -window 5] -mode overwrite
[00:16:38.21] /m Information: "Starting incremental netlisting for design "inverter/NAND2_tb/schematic"..." (NETLISTING-010)
[00:16:38.23] /o No Design Integrity rule violations found in "inverter/NAND2_tb/schematic"
[00:16:38.25] /m Information: "Netlisting design "inverter/NAND2_tb/schematic" finished successfully." (NETLISTING-012)
[00:16:38.26] /m Information: "Composing simulator input file for design "inverter/NAND2_tb/schematic"..."
[00:16:38.30] /m Information: "Simulator input file composed successfully for design "inverter/NAND2_tb/schematic""
[00:16:38.46] /m Information: "Starting HSPICE simulation for design: inverter/NAND2_tb/schematic"
[00:16:38.47] /# gi::collapse {jobMonitorTable} -index {0.0.0.0,0} -in [gi::getWindows 13]
[00:16:38.49] /o 1
[00:16:38.83] /m Information: "Simulation completed successfully for design: inverter/NAND2_tb/schematic "
[00:16:39.04] /m Information: "Evaluating and plotting outputs..."
[00:16:39.33] /m Information: Measurement calculations completed for testbench: default in 0s
[00:16:39.38] /j ::wf::WaveView::plotSuccess WaveView_5 {} {_6de17d0_void_pp _62a49b0_void_pp} 
[00:16:39.56] /j ::wf::WaveView::plotSuccess WaveView_5 {} {_6de17d0_void_pp _62a4118_void_pp} 
[00:16:39.70] /i gi::executeAction giCloseWindow -in [gi::getWindows 14]
[00:16:39.74] /j ::wf::WaveView::plotSuccess WaveView_5 {} {_6de17d0_void_pp _62a4500_void_pp} 
[00:16:45.05] /i gi::setActiveWindow 5
[00:16:45.06] /i gi::setActiveWindow 5 -raise true
[00:16:47.18] /i gi::setField {variablesTable} -index {4,1} -value {20f} -in [gi::getWindows 5]
[00:16:47.18] /i gi::setField {variablesTable} -index {4,1} -value {20f} -in [gi::getWindows 5]
[00:16:48.21] /i gi::setCurrentIndex {variablesTable} -index {3,1} -in [gi::getWindows 5]
[00:16:48.21] /i gi::setItemSelection {variablesTable} -index {3,1} -in [gi::getWindows 5]
[00:16:48.21] /i gi::setItemSelection {variablesTable} -index {3,1} -in [gi::getWindows 5]
[00:17:02.34] /i gi::setField {variablesTable} -index {3,1} -value {0.18u} -in [gi::getWindows 5]
[00:17:02.34] /i gi::setCurrentIndex {variablesTable} -index {2,1} -in [gi::getWindows 5]
[00:17:02.34] /i gi::setItemSelection {variablesTable} -index {2,1} -in [gi::getWindows 5]
[00:17:02.34] /i gi::setItemSelection {variablesTable} -index {2,1} -in [gi::getWindows 5]
[00:17:02.82] /i gi::setField {variablesTable} -index {2,1} -value {0.72u} -in [gi::getWindows 5]
[00:17:02.82] /i gi::setCurrentIndex {variablesTable} -index {3,1} -in [gi::getWindows 5]
[00:17:02.82] /i gi::setItemSelection {variablesTable} -index {3,1} -in [gi::getWindows 5]
[00:17:02.82] /i gi::setItemSelection {variablesTable} -index {3,1} -in [gi::getWindows 5]
[00:17:05.50] /i gi::setField {variablesTable} -index {3,1} -value {0.1u} -in [gi::getWindows 5]
[00:17:05.50] /i gi::setField {variablesTable} -index {3,1} -value {0.1u} -in [gi::getWindows 5]
[00:17:06.62] /i gi::executeAction menuPreShow -in [gi::getWindows 5]
[00:17:06.62] /r giMenuAccess db::getNext [gi::getMenus saConsoleOutputsMenu -from [gi::getWindows 5]]
[00:17:06.83] /i gi::executeAction menuPreShow -in [gi::getWindows 5]
[00:17:06.83] /r giMenuAccess db::getNext [gi::getMenus saConsoleSimMenu -from [gi::getWindows 5]]
[00:17:07.35] /# gi::executeAction saNetlistAndRun -in [gi::getWindows 5]
[00:17:07.35] /i isa::netlistAndRun -testbench [sa::findActiveTestbench -window 5] -mode overwrite
[00:17:07.39] /m Information: "Starting incremental netlisting for design "inverter/NAND2_tb/schematic"..." (NETLISTING-010)
[00:17:07.41] /o No Design Integrity rule violations found in "inverter/NAND2_tb/schematic"
[00:17:07.43] /m Information: "Netlisting design "inverter/NAND2_tb/schematic" finished successfully." (NETLISTING-012)
[00:17:07.43] /m Information: "Composing simulator input file for design "inverter/NAND2_tb/schematic"..."
[00:17:07.48] /m Information: "Simulator input file composed successfully for design "inverter/NAND2_tb/schematic""
[00:17:07.63] /m Information: "Starting HSPICE simulation for design: inverter/NAND2_tb/schematic"
[00:17:07.63] /# gi::collapse {jobMonitorTable} -index {0.0.0.0,0} -in [gi::getWindows 13]
[00:17:07.65] /o 1
[00:17:08.03] /m Information: "Simulation completed successfully for design: inverter/NAND2_tb/schematic "
[00:17:08.25] /m Information: "Evaluating and plotting outputs..."
[00:17:08.80] /j ::wf::WaveView::plotSuccess WaveView_5 {} {_6dddf50_void_pp _62a4758_void_pp} 
[00:17:08.84] /m Information: Measurement calculations completed for testbench: default in 0s
[00:17:09.11] /j ::wf::WaveView::plotSuccess WaveView_5 {} {_6dddf50_void_pp _62a49b0_void_pp} 
[00:17:09.29] /j ::wf::WaveView::plotSuccess WaveView_5 {} {_6dddf50_void_pp _62a4118_void_pp} 
[00:18:35.41] /i gi::setActiveWindow 5
[00:18:35.41] /i gi::setActiveWindow 5 -raise true
[00:18:38.55] /i gi::setCurrentIndex {variablesTable} -index {2,1} -in [gi::getWindows 5]
[00:18:38.55] /i gi::setItemSelection {variablesTable} -index {2,1} -in [gi::getWindows 5]
[00:18:38.55] /i gi::setItemSelection {variablesTable} -index {2,1} -in [gi::getWindows 5]
[00:18:42.06] /i gi::setField {variablesTable} -index {2,1} -value {0.12u} -in [gi::getWindows 5]
[00:18:42.06] /i gi::setField {variablesTable} -index {2,1} -value {0.12u} -in [gi::getWindows 5]
[00:18:43.71] /i gi::setCurrentIndex {variablesTable} -index {1,1} -in [gi::getWindows 5]
[00:18:43.71] /i gi::setItemSelection {variablesTable} -index {1,1} -in [gi::getWindows 5]
[00:18:43.71] /i gi::setItemSelection {variablesTable} -index {1,1} -in [gi::getWindows 5]
[00:18:45.37] /i gi::setField {variablesTable} -index {1,1} -value {0.24} -in [gi::getWindows 5]
[00:18:45.37] /i gi::setField {variablesTable} -index {1,1} -value {0.24} -in [gi::getWindows 5]
[00:18:47.05] /i gi::executeAction menuPreShow -in [gi::getWindows 5]
[00:18:47.05] /r giMenuAccess db::getNext [gi::getMenus saConsoleSimMenu -from [gi::getWindows 5]]
[00:18:47.47] /# gi::executeAction saNetlistAndRun -in [gi::getWindows 5]
[00:18:47.47] /i isa::netlistAndRun -testbench [sa::findActiveTestbench -window 5] -mode overwrite
[00:18:47.54] /m Information: "Starting incremental netlisting for design "inverter/NAND2_tb/schematic"..." (NETLISTING-010)
[00:18:47.55] /o No Design Integrity rule violations found in "inverter/NAND2_tb/schematic"
[00:18:47.58] /m Information: "Netlisting design "inverter/NAND2_tb/schematic" finished successfully." (NETLISTING-012)
[00:18:47.58] /m Information: "Composing simulator input file for design "inverter/NAND2_tb/schematic"..."
[00:18:47.62] /m Information: "Simulator input file composed successfully for design "inverter/NAND2_tb/schematic""
[00:18:47.80] /m Information: "Starting HSPICE simulation for design: inverter/NAND2_tb/schematic"
[00:18:47.81] /# gi::collapse {jobMonitorTable} -index {0.0.0.0,0} -in [gi::getWindows 13]
[00:18:47.82] /o 1
[00:18:48.13] /m Information: "Simulation completed successfully for design: inverter/NAND2_tb/schematic "
[00:18:48.35] /m Information: "Evaluating and plotting outputs..."
[00:18:48.71] /j ::wf::WaveView::plotSuccess WaveView_5 {} {_6e31210_void_pp _62a4500_void_pp} 
[00:18:48.84] /m Information: Measurement calculations completed for testbench: default in 0s
[00:18:48.88] /j ::wf::WaveView::plotSuccess WaveView_5 {} {_6e31210_void_pp _62a4758_void_pp} 
[00:18:49.06] /j ::wf::WaveView::plotSuccess WaveView_5 {} {_6e31210_void_pp _62a49b0_void_pp} 
[00:18:54.96] /i gi::setActiveWindow 5
[00:18:54.96] /i gi::setActiveWindow 5 -raise true
[00:18:58.54] /i gi::setField {variablesTable} -index {1,1} -value {0.24u} -in [gi::getWindows 5]
[00:18:58.54] /i gi::setField {variablesTable} -index {1,1} -value {0.24u} -in [gi::getWindows 5]
[00:19:00.11] /i gi::setActiveWindow 13
[00:19:00.11] /i gi::setActiveWindow 13 -raise true
[00:19:00.63] /i gi::setActiveWindow 5
[00:19:00.63] /i gi::setActiveWindow 5 -raise true
[00:19:01.19] /i gi::executeAction menuPreShow -in [gi::getWindows 5]
[00:19:01.19] /r giMenuAccess db::getNext [gi::getMenus saConsoleSimMenu -from [gi::getWindows 5]]
[00:19:01.76] /# gi::executeAction saNetlistAndRun -in [gi::getWindows 5]
[00:19:01.76] /i isa::netlistAndRun -testbench [sa::findActiveTestbench -window 5] -mode overwrite
[00:19:01.81] /m Information: "Starting incremental netlisting for design "inverter/NAND2_tb/schematic"..." (NETLISTING-010)
[00:19:01.82] /o No Design Integrity rule violations found in "inverter/NAND2_tb/schematic"
[00:19:01.85] /m Information: "Netlisting design "inverter/NAND2_tb/schematic" finished successfully." (NETLISTING-012)
[00:19:01.85] /m Information: "Composing simulator input file for design "inverter/NAND2_tb/schematic"..."
[00:19:01.88] /m Information: "Simulator input file composed successfully for design "inverter/NAND2_tb/schematic""
[00:19:02.05] /m Information: "Starting HSPICE simulation for design: inverter/NAND2_tb/schematic"
[00:19:02.05] /# gi::collapse {jobMonitorTable} -index {0.0.0.0,0} -in [gi::getWindows 13]
[00:19:02.07] /o 1
[00:19:02.33] /m Information: "Simulation completed successfully for design: inverter/NAND2_tb/schematic "
[00:19:02.56] /m Information: "Evaluating and plotting outputs..."
[00:19:02.80] /j ::wf::WaveView::plotSuccess WaveView_5 {} {_6e33480_void_pp _62a4118_void_pp} 
[00:19:02.85] /m Information: Measurement calculations completed for testbench: default in 0s
[00:19:02.96] /j ::wf::WaveView::plotSuccess WaveView_5 {} {_6e33480_void_pp _62a4500_void_pp} 
[00:19:03.14] /j ::wf::WaveView::plotSuccess WaveView_5 {} {_6e33480_void_pp _62a4758_void_pp} 
[00:19:14.27] /i gi::setActiveWindow 5
[00:19:14.27] /i gi::setActiveWindow 5 -raise true
[00:19:14.99] /i gi::setCurrentIndex {variablesTable} -index {0,1} -in [gi::getWindows 5]
[00:19:14.99] /i gi::setItemSelection {variablesTable} -index {0,1} -in [gi::getWindows 5]
[00:19:15.00] /i gi::setItemSelection {variablesTable} -index {0,1} -in [gi::getWindows 5]
[00:19:15.37] /i gi::setField {variablesTable} -index {0,1} -value {25} -in [gi::getWindows 5]
[00:19:15.37] /i gi::setCurrentIndex {variablesTable} -index {1,1} -in [gi::getWindows 5]
[00:19:15.37] /i gi::setItemSelection {variablesTable} -index {1,1} -in [gi::getWindows 5]
[00:19:15.37] /i gi::setItemSelection {variablesTable} -index {1,1} -in [gi::getWindows 5]
[00:19:17.79] /i gi::setField {variablesTable} -index {1,1} -value {0.2u} -in [gi::getWindows 5]
[00:19:17.79] /i gi::setField {variablesTable} -index {1,1} -value {0.2u} -in [gi::getWindows 5]
[00:19:19.36] /i gi::executeAction menuPreShow -in [gi::getWindows 5]
[00:19:19.36] /r giMenuAccess db::getNext [gi::getMenus saConsoleSimMenu -from [gi::getWindows 5]]
[00:19:19.97] /# gi::executeAction saNetlistAndRun -in [gi::getWindows 5]
[00:19:19.97] /i isa::netlistAndRun -testbench [sa::findActiveTestbench -window 5] -mode overwrite
[00:19:20.05] /m Information: "Starting incremental netlisting for design "inverter/NAND2_tb/schematic"..." (NETLISTING-010)
[00:19:20.07] /o No Design Integrity rule violations found in "inverter/NAND2_tb/schematic"
[00:19:20.09] /m Information: "Netlisting design "inverter/NAND2_tb/schematic" finished successfully." (NETLISTING-012)
[00:19:20.09] /m Information: "Composing simulator input file for design "inverter/NAND2_tb/schematic"..."
[00:19:20.12] /m Information: "Simulator input file composed successfully for design "inverter/NAND2_tb/schematic""
[00:19:20.25] /m Information: "Starting HSPICE simulation for design: inverter/NAND2_tb/schematic"
[00:19:20.25] /# gi::collapse {jobMonitorTable} -index {0.0.0.0,0} -in [gi::getWindows 13]
[00:19:20.27] /o 1
[00:19:20.53] /m Information: "Simulation completed successfully for design: inverter/NAND2_tb/schematic "
[00:19:20.73] /m Information: "Evaluating and plotting outputs..."
[00:19:21.02] /j ::wf::WaveView::plotSuccess WaveView_5 {} {_62c5ce0_void_pp _62a49b0_void_pp} 
[00:19:21.14] /m Information: Measurement calculations completed for testbench: default in 1s
[00:19:21.24] /j ::wf::WaveView::plotSuccess WaveView_5 {} {_62c5ce0_void_pp _62a4118_void_pp} 
[00:19:21.41] /j ::wf::WaveView::plotSuccess WaveView_5 {} {_62c5ce0_void_pp _62a4500_void_pp} 
[00:20:22.79] /i gi::setActiveWindow 5
[00:20:22.79] /i gi::setActiveWindow 5 -raise true
[00:20:25.87] /i gi::setField {variablesTable} -index {1,1} -value {0.6u} -in [gi::getWindows 5]
[00:20:25.87] /i gi::setField {variablesTable} -index {1,1} -value {0.6u} -in [gi::getWindows 5]
[00:20:27.14] /i gi::setCurrentIndex {variablesTable} -index {2,1} -in [gi::getWindows 5]
[00:20:27.14] /i gi::setItemSelection {variablesTable} -index {2,1} -in [gi::getWindows 5]
[00:20:27.14] /i gi::setItemSelection {variablesTable} -index {2,1} -in [gi::getWindows 5]
[00:20:29.27] /i gi::setField {variablesTable} -index {2,1} -value {0.4u} -in [gi::getWindows 5]
[00:20:29.27] /i gi::setField {variablesTable} -index {2,1} -value {0.4u} -in [gi::getWindows 5]
[00:20:31.61] /i gi::executeAction menuPreShow -in [gi::getWindows 5]
[00:20:31.61] /r giMenuAccess db::getNext [gi::getMenus saConsoleSimMenu -from [gi::getWindows 5]]
[00:20:32.12] /# gi::executeAction saNetlistAndRun -in [gi::getWindows 5]
[00:20:32.12] /i isa::netlistAndRun -testbench [sa::findActiveTestbench -window 5] -mode overwrite
[00:20:32.17] /m Information: "Starting incremental netlisting for design "inverter/NAND2_tb/schematic"..." (NETLISTING-010)
[00:20:32.19] /o No Design Integrity rule violations found in "inverter/NAND2_tb/schematic"
[00:20:32.21] /m Information: "Netlisting design "inverter/NAND2_tb/schematic" finished successfully." (NETLISTING-012)
[00:20:32.22] /m Information: "Composing simulator input file for design "inverter/NAND2_tb/schematic"..."
[00:20:32.26] /m Information: "Simulator input file composed successfully for design "inverter/NAND2_tb/schematic""
[00:20:32.43] /m Information: "Starting HSPICE simulation for design: inverter/NAND2_tb/schematic"
[00:20:32.43] /# gi::collapse {jobMonitorTable} -index {0.0.0.0,0} -in [gi::getWindows 13]
[00:20:32.44] /o 1
[00:20:32.83] /m Information: "Simulation completed successfully for design: inverter/NAND2_tb/schematic "
[00:20:33.04] /m Information: "Evaluating and plotting outputs..."
[00:20:33.39] /j ::wf::WaveView::plotSuccess WaveView_5 {} {_6de6e80_void_pp _62a4758_void_pp} 
[00:20:33.43] /m Information: Measurement calculations completed for testbench: default in 0s
[00:20:33.54] /j ::wf::WaveView::plotSuccess WaveView_5 {} {_6de6e80_void_pp _62a49b0_void_pp} 
[00:20:33.74] /j ::wf::WaveView::plotSuccess WaveView_5 {} {_6de6e80_void_pp _62a4118_void_pp} 
[00:21:14.07] /i gi::setActiveWindow 5
[00:21:14.07] /i gi::setActiveWindow 5 -raise true
[00:21:18.12] /i gi::setCurrentIndex {analysisPane} -index {1,0} -in [gi::getWindows 5]
[00:21:18.12] /i gi::setItemSelection {analysisPane} -index {1,0} -in [gi::getWindows 5]
[00:21:18.12] /i gi::setItemSelection {variablesTable} -index {} -in [gi::getWindows 5]
[00:21:18.12] /i gi::setItemSelection {variablesTable} -index {} -in [gi::getWindows 5]
[00:21:19.05] /i gi::setCurrentIndex {analysisPane} -index {0,0} -in [gi::getWindows 5]
[00:21:19.05] /i gi::setItemSelection {analysisPane} -index {0,0} -in [gi::getWindows 5]
[00:21:19.32] /i gi::setActiveDialog [gi::getDialogs {saParametricAnalyses} -parent [gi::getWindows 5]]
[00:21:19.62] /i db::setAttr geometry -of [gi::getDialogs {saParametricAnalyses} -parent [gi::getWindows 5]] -value 750x360+45+110
[00:21:20.91] /i gi::setField {/toplevelgrp/rangeDetailsGroup/rangeValGroup/start} -value {0.18u} -in [gi::getDialogs {saParametricAnalyses} -parent [gi::getWindows 5]]
[00:21:22.13] /i db::setAttr geometry -of [gi::getDialogs {saParametricAnalyses} -parent [gi::getWindows 5]] -value 750x360+613+379
[00:21:28.09] /i gi::setField {/toplevelgrp/rangeDetailsGroup/rangeValGroup/start} -value {0.4u} -in [gi::getDialogs {saParametricAnalyses} -parent [gi::getWindows 5]]
[00:21:34.71] /i gi::setField {/toplevelgrp/rangeDetailsGroup/rangeValGroup/stop} -value {0.8u} -in [gi::getDialogs {saParametricAnalyses} -parent [gi::getWindows 5]]
[00:21:37.05] /i gi::setField {/toplevelgrp/stepDetailsGroup/stepValGroup/linearText} -value {0.05u} -in [gi::getDialogs {saParametricAnalyses} -parent [gi::getWindows 5]]
[00:21:37.14] /i gi::pressButton {/apply} -in [gi::getDialogs {saParametricAnalyses} -parent [gi::getWindows 5]]
[00:21:37.15] /# gi::setItemSelection {analysisPane} -index {1,0} -in [gi::getWindows 5]
[00:21:37.15] /# gi::setCurrentIndex {analysisPane} -index {1,0} -in [gi::getWindows 5]
[00:21:37.15] /# gi::setItemSelection {analysisPane} -index {1,0} -in [gi::getWindows 5]
[00:21:37.15] /# gi::setCurrentIndex {analysisPane} -index {1,0} -in [gi::getWindows 5]
[00:21:37.55] /i gi::pressButton {/ok} -in [gi::getDialogs {saParametricAnalyses} -parent [gi::getWindows 5]]
[00:21:39.67] /i gi::setField {analysisPane} -index {0,2} -value {true} -in [gi::getWindows 5]
[00:21:41.12] /i gi::setActiveWindow 13
[00:21:41.12] /i gi::setActiveWindow 13 -raise true
[00:21:41.84] /i gi::setActiveWindow 5
[00:21:41.84] /i gi::setActiveWindow 5 -raise true
[00:21:42.54] /i gi::executeAction menuPreShow -in [gi::getWindows 5]
[00:21:42.54] /r giMenuAccess db::getNext [gi::getMenus saConsoleSimMenu -from [gi::getWindows 5]]
[00:21:43.02] /# gi::executeAction saNetlistAndRun -in [gi::getWindows 5]
[00:21:43.02] /i isa::netlistAndRun -testbench [sa::findActiveTestbench -window 5] -mode overwrite
[00:21:43.11] /m Information: "Starting incremental netlisting for design "inverter/NAND2_tb/schematic"..." (NETLISTING-010)
[00:21:43.12] /o No Design Integrity rule violations found in "inverter/NAND2_tb/schematic"
[00:21:43.15] /m Information: "Netlisting design "inverter/NAND2_tb/schematic" finished successfully." (NETLISTING-012)
[00:21:43.15] /m Information: "Composing simulator input file for design "inverter/NAND2_tb/schematic"..."
[00:21:43.18] /m Information: "Simulator input file composed successfully for design "inverter/NAND2_tb/schematic""
[00:21:43.34] /m Information: "Composing simulator input file for design "inverter/NAND2_tb/schematic" for 9 iterations..."
[00:21:43.49] /m Information: "Simulator input file composed successfully for design "inverter/NAND2_tb/schematic""
[00:21:43.57] /m Information: "Starting 9 HSPICE simulations for design: inverter/NAND2_tb/schematic"
[00:21:43.57] /# gi::collapse {jobMonitorTable} -index {0.0.0.0,0} -in [gi::getWindows 13]
[00:21:43.59] /# gi::collapse {jobMonitorTable} -index {0.0.0.0.0,0} -in [gi::getWindows 13]
[00:21:43.62] /m Information: "Simulations launched successfully for design: inverter/NAND2_tb/schematic"
[00:21:43.62] /o 1
[00:21:44.00] /m Information: "Simulation completed successfully for design: inverter/NAND2_tb/schematic point: a=0.500000u"
[00:21:44.10] /m Information: "Simulation completed successfully for design: inverter/NAND2_tb/schematic point: a=0.400000u"
[00:21:44.20] /m Information: "Simulation completed successfully for design: inverter/NAND2_tb/schematic point: a=0.450000u"
[00:21:44.55] /m Information: "Simulation completed successfully for design: inverter/NAND2_tb/schematic point: a=0.550000u"
[00:21:44.66] /m Information: "Simulation completed successfully for design: inverter/NAND2_tb/schematic point: a=0.600000u"
[00:21:44.86] /m Information: "Simulation completed successfully for design: inverter/NAND2_tb/schematic point: a=0.650000u"
[00:21:45.24] /m Information: "Simulation completed successfully for design: inverter/NAND2_tb/schematic point: a=0.700000u"
[00:21:45.36] /m Information: "Simulation completed successfully for design: inverter/NAND2_tb/schematic point: a=0.750000u"
[00:21:45.46] /m Information: "Simulation completed successfully for design: inverter/NAND2_tb/schematic point: a=0.800000u"
[00:21:45.90] /m Information: "Evaluating and plotting outputs..."
[00:21:46.93] /j ::wf::WaveView::plotSuccess WaveView_5 {} {_62c5ce0_void_pp {_62a4500_void_pp _62a48e8_void_pp _62a4820_void_pp _62a4050_void_pp _62a4690_void_pp _62a45c8_void_pp _62a42a8_void_pp _62a4438_void_pp _62a4370_void_pp}} 
[00:21:47.44] /j ::wf::WaveView::plotSuccess WaveView_5 {} {_62c5ce0_void_pp {_62a4758_void_pp _62a41e0_void_pp _62a4a78_void_pp _62a4b40_void_pp _62a4c08_void_pp _62a4cd0_void_pp _62a4d98_void_pp _62a4e60_void_pp _62a4f28_void_pp}} 
[00:21:47.83] /m Information: Measurement calculations completed for testbench: default in 1s
[00:21:47.89] /j ::wf::WaveView::plotSuccess WaveView_5 {} {_62c5ce0_void_pp {_62a49b0_void_pp _62a4ff0_void_pp _62a50b8_void_pp _62a5180_void_pp _62a5248_void_pp _62a5310_void_pp _62a53d8_void_pp _62a54a0_void_pp _62a5568_void_pp}} 
[00:22:35.34] /m Information: Waveform viewer exited normally.
[00:22:36.26] /i gi::setActiveWindow 5
[00:22:36.26] /i gi::setActiveWindow 5 -raise true
[00:22:37.68] /i gi::setCurrentIndex {variablesTable} -index {1,1} -in [gi::getWindows 5]
[00:22:37.68] /i gi::setItemSelection {variablesTable} -index {1,1} -in [gi::getWindows 5]
[00:22:37.68] /i gi::setItemSelection {variablesTable} -index {1,1} -in [gi::getWindows 5]
[00:22:37.68] /i gi::setItemSelection {analysisPane} -index {} -in [gi::getWindows 5]
[00:22:38.61] /i gi::setActiveDialog [gi::getDialogs {saParametricAnalyses} -parent [gi::getWindows 5]]
[00:22:38.90] /i db::setAttr geometry -of [gi::getDialogs {saParametricAnalyses} -parent [gi::getWindows 5]] -value 750x360+50+115
[00:22:39.67] /i gi::closeWindows [gi::getDialogs {saParametricAnalyses} -parent [gi::getWindows 5]]
[00:22:43.30] /i gi::setField {analysisPane} -index {0,2} -value {false} -in [gi::getWindows 5]
[00:22:44.11] /i gi::setCurrentIndex {variablesTable} -index {1,1} -in [gi::getWindows 5]
[00:22:44.11] /i gi::setItemSelection {variablesTable} -index {1,1} -in [gi::getWindows 5]
[00:22:44.11] /i gi::setItemSelection {variablesTable} -index {1,1} -in [gi::getWindows 5]
[00:22:46.90] /i gi::setField {variablesTable} -index {1,1} -value {0.4u} -in [gi::getWindows 5]
[00:22:46.90] /i gi::setField {variablesTable} -index {1,1} -value {0.4u} -in [gi::getWindows 5]
[00:22:49.30] /i gi::executeAction menuPreShow -in [gi::getWindows 5]
[00:22:49.30] /r giMenuAccess db::getNext [gi::getMenus saConsoleSimMenu -from [gi::getWindows 5]]
[00:22:49.75] /# gi::executeAction saNetlistAndRun -in [gi::getWindows 5]
[00:22:49.75] /i isa::netlistAndRun -testbench [sa::findActiveTestbench -window 5] -mode overwrite
[00:22:49.79] /m Information: "Starting incremental netlisting for design "inverter/NAND2_tb/schematic"..." (NETLISTING-010)
[00:22:49.80] /o No Design Integrity rule violations found in "inverter/NAND2_tb/schematic"
[00:22:49.83] /m Information: "Netlisting design "inverter/NAND2_tb/schematic" finished successfully." (NETLISTING-012)
[00:22:49.84] /m Information: "Composing simulator input file for design "inverter/NAND2_tb/schematic"..."
[00:22:49.86] /m Information: "Simulator input file composed successfully for design "inverter/NAND2_tb/schematic""
[00:22:50.03] /m Information: "Starting HSPICE simulation for design: inverter/NAND2_tb/schematic"
[00:22:50.03] /# gi::collapse {jobMonitorTable} -index {0.0.0.0,0} -in [gi::getWindows 13]
[00:22:50.07] /o 1
[00:22:50.43] /m Information: "Simulation completed successfully for design: inverter/NAND2_tb/schematic "
[00:22:50.65] /m Information: "Evaluating and plotting outputs..."
[00:22:50.67] /m Information: Launching Waveform Viewer "cd /home/itsupport/simulation/inverter,NAND2_tb,schematic/history_1/simulation/default/HSPICE/nominal/results &&  wv -k -cdesigner -spxkey /usr/synopsys/customcompiler/N-2017.12-SP1-2/auxx/waveform/sae.spxkey -spxrc /tmp/sae_spxrc_7bnBem -unique_string 1b6b0f23e9fdaf0769aa7f613a217c24125e8d2b0833b894ed40d2f5efbf27a2fb0c0fc5bd619066231342866e6d0b0b0b7f5010ba4aacc9 -lic_type 1    > /home/itsupport/simulation/inverter,NAND2_tb,schematic/history_1/simulation/default/HSPICE/nominal/results/viewer.log 2>&1"
[00:22:50.67] /i gi::collapse {jobMonitorTable} -index {0.0,0} -in [gi::getWindows 13]
[00:22:50.68] /i gi::setCurrentIndex {jobMonitorTable} -index {0.0.1,0} -in [gi::getWindows 13]
[00:22:50.68] /i gi::setItemSelection {jobMonitorTable} -index {} -in [gi::getWindows 13]
[00:22:50.94] /m Information: Measurement calculations completed for testbench: default in 0s
[00:22:51.68] /j ::wf::WaveView::plotSuccess WaveView_6 {} {_671eb40_void_pp _6767870_void_pp} 
[00:22:51.72] /j ::wf::WaveView::plotSuccess WaveView_6 {} {_671eb40_void_pp _6767938_void_pp} 
[00:22:51.74] /j ::wf::WaveView::plotSuccess WaveView_6 {} {_671eb40_void_pp _6767a00_void_pp} 
[00:23:04.00] /i gi::setActiveWindow 5
[00:23:04.00] /i gi::setActiveWindow 5 -raise true
[00:23:04.07] /i gi::setActiveWindow 13
[00:23:04.07] /i gi::setActiveWindow 13 -raise true
[00:23:04.12] /r giWindowId 15
[00:23:04.13] /r giWindowGeometry 1040x800
[00:23:04.20] /i gi::createFrame -window 5
[00:23:04.20] /i gi::setActiveWindow 15
[00:23:04.20] /i gi::setActiveWindow 15 -raise true
[00:23:04.51] /i db::setAttr geometry -of [gi::getFrames 3] -value 1910x1101+5+56
[00:23:05.33] /i gi::setCurrentIndex {variablesTable} -index {0,1} -in [gi::getWindows 5]
[00:23:05.33] /i gi::setItemSelection {variablesTable} -index {0,1} -in [gi::getWindows 5]
[00:23:05.33] /i gi::setItemSelection {variablesTable} -index {0,1} -in [gi::getWindows 5]
[00:23:05.70] /i gi::setField {variablesTable} -index {0,1} -value {25} -in [gi::getWindows 5]
[00:23:05.70] /i gi::setCurrentIndex {variablesTable} -index {1,1} -in [gi::getWindows 5]
[00:23:05.70] /i gi::setItemSelection {variablesTable} -index {1,1} -in [gi::getWindows 5]
[00:23:05.70] /i gi::setItemSelection {variablesTable} -index {1,1} -in [gi::getWindows 5]
[00:23:07.79] /i gi::setField {variablesTable} -index {1,1} -value {0.4u} -in [gi::getWindows 5]
[00:23:07.79] /i gi::setCurrentIndex {variablesTable} -index {2,1} -in [gi::getWindows 5]
[00:23:07.79] /i gi::setItemSelection {variablesTable} -index {2,1} -in [gi::getWindows 5]
[00:23:07.79] /i gi::setItemSelection {variablesTable} -index {2,1} -in [gi::getWindows 5]
[00:23:09.15] /i gi::setField {variablesTable} -index {2,1} -value {a} -in [gi::getWindows 5]
[00:23:09.15] /i gi::setField {variablesTable} -index {2,1} -value {a} -in [gi::getWindows 5]
[00:23:10.46] /i gi::setCurrentIndex {variablesTable} -index {1,1} -in [gi::getWindows 5]
[00:23:10.46] /i gi::setItemSelection {variablesTable} -index {1,1} -in [gi::getWindows 5]
[00:23:10.46] /i gi::setItemSelection {variablesTable} -index {1,1} -in [gi::getWindows 5]
[00:23:13.00] /i gi::setField {variablesTable} -index {1,1} -value {0.8u} -in [gi::getWindows 5]
[00:23:13.00] /i gi::setField {variablesTable} -index {1,1} -value {0.8u} -in [gi::getWindows 5]
[00:23:14.25] /i gi::executeAction menuPreShow -in [gi::getWindows 5]
[00:23:14.25] /r giMenuAccess db::getNext [gi::getMenus saConsoleSimMenu -from [gi::getWindows 5]]
[00:23:14.93] /# gi::executeAction saNetlistAndRun -in [gi::getWindows 5]
[00:23:14.93] /i isa::netlistAndRun -testbench [sa::findActiveTestbench -window 5] -mode overwrite
[00:23:14.99] /m Information: "Starting incremental netlisting for design "inverter/NAND2_tb/schematic"..." (NETLISTING-010)
[00:23:15.01] /o No Design Integrity rule violations found in "inverter/NAND2_tb/schematic"
[00:23:15.02] /m Information: "Netlisting design "inverter/NAND2_tb/schematic" finished successfully." (NETLISTING-012)
[00:23:15.03] /m Information: "Composing simulator input file for design "inverter/NAND2_tb/schematic"..."
[00:23:15.08] /m Information: "Simulator input file composed successfully for design "inverter/NAND2_tb/schematic""
[00:23:15.26] /m Information: "Starting HSPICE simulation for design: inverter/NAND2_tb/schematic"
[00:23:15.28] /# gi::collapse {jobMonitorTable} -index {0.0.0.0,0} -in [gi::getWindows 13]
[00:23:15.29] /o 1
[00:23:15.63] /m Information: "Simulation completed successfully for design: inverter/NAND2_tb/schematic "
[00:23:15.85] /m Information: "Evaluating and plotting outputs..."
[00:23:15.97] /j ::wf::WaveView::plotSuccess WaveView_6 {} {_6cf1a70_void_pp _6767ac8_void_pp} 
[00:23:16.05] /j ::wf::WaveView::plotSuccess WaveView_6 {} {_6cf1a70_void_pp _6767870_void_pp} 
[00:23:16.13] /j ::wf::WaveView::plotSuccess WaveView_6 {} {_6cf1a70_void_pp _6767938_void_pp} 
[00:23:16.24] /m Information: Measurement calculations completed for testbench: default in 0s
[00:23:21.23] /i gi::setActiveWindow 5
[00:23:21.23] /i gi::setActiveWindow 5 -raise true
[00:23:24.93] /i db::setAttr maximized -of [gi::getFrames 3] -value true
[00:23:25.81] /i gi::setActiveWindow 13
[00:23:25.81] /i gi::setActiveWindow 13 -raise true
[00:23:27.34] /i gi::setActiveWindow 5
[00:23:27.34] /i gi::setActiveWindow 5 -raise true
[00:23:28.34] /i db::setAttr maximized -of [gi::getFrames 3] -value false
[00:23:31.03] /i db::setAttr geometry -of [gi::getFrames 3] -value 1430x817+283+86
[00:23:31.41] /i gi::setActiveWindow 13
[00:23:31.41] /i gi::setActiveWindow 13 -raise true
[00:23:31.52] /i gi::setActiveWindow 7
[00:23:31.52] /i gi::setActiveWindow 7 -raise true
[00:23:32.68] /i gi::addWindow 5 -to 1 -before 7
[00:23:32.69] /i gi::setActiveWindow 5
[00:23:32.69] /i gi::setActiveWindow 5 -raise true
[00:23:36.11] /i gi::setField {variablesTable} -index {1,1} -value {1.2} -in [gi::getWindows 5]
[00:23:36.11] /i gi::setField {variablesTable} -index {1,1} -value {1.2} -in [gi::getWindows 5]
[00:23:38.51] /i gi::setField {variablesTable} -index {1,1} -value {1.u} -in [gi::getWindows 5]
[00:23:38.51] /i gi::setField {variablesTable} -index {1,1} -value {1.u} -in [gi::getWindows 5]
[00:23:41.37] /i gi::setField {variablesTable} -index {1,1} -value {1.2u} -in [gi::getWindows 5]
[00:23:41.37] /i gi::setField {variablesTable} -index {1,1} -value {1.2u} -in [gi::getWindows 5]
[00:23:42.37] /i gi::executeAction menuPreShow -in [gi::getWindows 5]
[00:23:42.37] /r giMenuAccess db::getNext [gi::getMenus saConsoleSimMenu -from [gi::getWindows 5]]
[00:23:43.05] /# gi::executeAction saNetlistAndRun -in [gi::getWindows 5]
[00:23:43.05] /i isa::netlistAndRun -testbench [sa::findActiveTestbench -window 5] -mode overwrite
[00:23:43.12] /m Information: "Starting incremental netlisting for design "inverter/NAND2_tb/schematic"..." (NETLISTING-010)
[00:23:43.13] /o No Design Integrity rule violations found in "inverter/NAND2_tb/schematic"
[00:23:43.16] /m Information: "Netlisting design "inverter/NAND2_tb/schematic" finished successfully." (NETLISTING-012)
[00:23:43.16] /m Information: "Composing simulator input file for design "inverter/NAND2_tb/schematic"..."
[00:23:43.20] /m Information: "Simulator input file composed successfully for design "inverter/NAND2_tb/schematic""
[00:23:43.37] /m Information: "Starting HSPICE simulation for design: inverter/NAND2_tb/schematic"
[00:23:43.38] /# gi::collapse {jobMonitorTable} -index {0.0.0.0,0} -in [gi::getWindows 13]
[00:23:43.39] /o 1
[00:23:43.73] /m Information: "Simulation completed successfully for design: inverter/NAND2_tb/schematic "
[00:23:43.94] /m Information: "Evaluating and plotting outputs..."
[00:23:44.07] /j ::wf::WaveView::plotSuccess WaveView_6 {} {_6797350_void_pp _6767a00_void_pp} 
[00:23:44.15] /j ::wf::WaveView::plotSuccess WaveView_6 {} {_6797350_void_pp _6767ac8_void_pp} 
[00:23:44.24] /j ::wf::WaveView::plotSuccess WaveView_6 {} {_6797350_void_pp _6767870_void_pp} 
[00:23:44.34] /m Information: Measurement calculations completed for testbench: default in 0s
[00:23:47.29] /i gi::setActiveWindow 7
[00:23:47.29] /i gi::setActiveWindow 7 -raise true
[00:23:48.09] /i gi::setActiveWindow 5
[00:23:48.09] /i gi::setActiveWindow 5 -raise true
[00:23:50.94] /i gi::setField {variablesTable} -index {1,1} -value {1.8u} -in [gi::getWindows 5]
[00:23:50.94] /i gi::setField {variablesTable} -index {1,1} -value {1.8u} -in [gi::getWindows 5]
[00:23:52.10] /i gi::executeAction menuPreShow -in [gi::getWindows 5]
[00:23:52.10] /r giMenuAccess db::getNext [gi::getMenus saConsoleSimMenu -from [gi::getWindows 5]]
[00:23:52.60] /# gi::executeAction saNetlistAndRun -in [gi::getWindows 5]
[00:23:52.60] /i isa::netlistAndRun -testbench [sa::findActiveTestbench -window 5] -mode overwrite
[00:23:52.66] /m Information: "Starting incremental netlisting for design "inverter/NAND2_tb/schematic"..." (NETLISTING-010)
[00:23:52.67] /o No Design Integrity rule violations found in "inverter/NAND2_tb/schematic"
[00:23:52.70] /m Information: "Netlisting design "inverter/NAND2_tb/schematic" finished successfully." (NETLISTING-012)
[00:23:52.71] /m Information: "Composing simulator input file for design "inverter/NAND2_tb/schematic"..."
[00:23:52.74] /m Information: "Simulator input file composed successfully for design "inverter/NAND2_tb/schematic""
[00:23:52.92] /m Information: "Starting HSPICE simulation for design: inverter/NAND2_tb/schematic"
[00:23:52.93] /# gi::collapse {jobMonitorTable} -index {0.0.0.0,0} -in [gi::getWindows 13]
[00:23:52.94] /o 1
[00:23:53.24] /m Information: "Simulation completed successfully for design: inverter/NAND2_tb/schematic "
[00:23:53.46] /m Information: "Evaluating and plotting outputs..."
[00:23:53.59] /j ::wf::WaveView::plotSuccess WaveView_6 {} {_6caa800_void_pp _6767938_void_pp} 
[00:23:53.66] /j ::wf::WaveView::plotSuccess WaveView_6 {} {_6caa800_void_pp _6767a00_void_pp} 
[00:23:53.78] /j ::wf::WaveView::plotSuccess WaveView_6 {} {_6caa800_void_pp _6767ac8_void_pp} 
[00:23:53.85] /m Information: Measurement calculations completed for testbench: default in 0s
[00:23:56.93] /i gi::setActiveWindow 7
[00:23:56.93] /i gi::setActiveWindow 7 -raise true
[00:23:57.64] /i gi::setActiveWindow 5
[00:23:57.64] /i gi::setActiveWindow 5 -raise true
[00:24:00.46] /i gi::setField {variablesTable} -index {1,1} -value {1.0u} -in [gi::getWindows 5]
[00:24:00.46] /i gi::setField {variablesTable} -index {1,1} -value {1.0u} -in [gi::getWindows 5]
[00:24:01.76] /i gi::executeAction menuPreShow -in [gi::getWindows 5]
[00:24:01.76] /r giMenuAccess db::getNext [gi::getMenus saConsoleSimMenu -from [gi::getWindows 5]]
[00:24:02.23] /# gi::executeAction saNetlistAndRun -in [gi::getWindows 5]
[00:24:02.23] /i isa::netlistAndRun -testbench [sa::findActiveTestbench -window 5] -mode overwrite
[00:24:02.28] /m Information: "Starting incremental netlisting for design "inverter/NAND2_tb/schematic"..." (NETLISTING-010)
[00:24:02.29] /o No Design Integrity rule violations found in "inverter/NAND2_tb/schematic"
[00:24:02.31] /m Information: "Netlisting design "inverter/NAND2_tb/schematic" finished successfully." (NETLISTING-012)
[00:24:02.32] /m Information: "Composing simulator input file for design "inverter/NAND2_tb/schematic"..."
[00:24:02.35] /m Information: "Simulator input file composed successfully for design "inverter/NAND2_tb/schematic""
[00:24:02.52] /m Information: "Starting HSPICE simulation for design: inverter/NAND2_tb/schematic"
[00:24:02.52] /# gi::collapse {jobMonitorTable} -index {0.0.0.0,0} -in [gi::getWindows 13]
[00:24:02.54] /o 1
[00:24:02.83] /m Information: "Simulation completed successfully for design: inverter/NAND2_tb/schematic "
[00:24:03.05] /m Information: "Evaluating and plotting outputs..."
[00:24:03.14] /j ::wf::WaveView::plotSuccess WaveView_6 {} {_6c90420_void_pp _6767870_void_pp} 
[00:24:03.25] /j ::wf::WaveView::plotSuccess WaveView_6 {} {_6c90420_void_pp _6767938_void_pp} 
[00:24:03.33] /j ::wf::WaveView::plotSuccess WaveView_6 {} {_6c90420_void_pp _6767a00_void_pp} 
[00:24:03.44] /m Information: Measurement calculations completed for testbench: default in 0s
[00:24:05.79] /i gi::setActiveWindow 5
[00:24:05.79] /i gi::setActiveWindow 5 -raise true
[00:24:07.63] /i gi::setField {variablesTable} -index {1,1} -value {1.0u} -in [gi::getWindows 5]
[00:24:07.64] /i gi::setCurrentIndex {variablesTable} -index {2,1} -in [gi::getWindows 5]
[00:24:07.64] /i gi::setItemSelection {variablesTable} -index {2,1} -in [gi::getWindows 5]
[00:24:07.64] /i gi::setItemSelection {variablesTable} -index {2,1} -in [gi::getWindows 5]
[00:24:12.25] /i gi::setField {variablesTable} -index {2,1} -value {a} -in [gi::getWindows 5]
[00:24:12.25] /i gi::setCurrentIndex {variablesTable} -index {1,1} -in [gi::getWindows 5]
[00:24:12.25] /i gi::setItemSelection {variablesTable} -index {1,1} -in [gi::getWindows 5]
[00:24:12.25] /i gi::setItemSelection {variablesTable} -index {1,1} -in [gi::getWindows 5]
[00:24:13.25] /i gi::setField {variablesTable} -index {1,1} -value {1.0u} -in [gi::getWindows 5]
[00:24:13.25] /i gi::setCurrentIndex {variablesTable} -index {3,1} -in [gi::getWindows 5]
[00:24:13.25] /i gi::setItemSelection {variablesTable} -index {3,1} -in [gi::getWindows 5]
[00:24:13.25] /i gi::setItemSelection {variablesTable} -index {3,1} -in [gi::getWindows 5]
[00:24:13.98] /i gi::setField {variablesTable} -index {3,1} -value {0.1u} -in [gi::getWindows 5]
[00:24:13.98] /i gi::setCurrentIndex {variablesTable} -index {2,1} -in [gi::getWindows 5]
[00:24:13.98] /i gi::setItemSelection {variablesTable} -index {2,1} -in [gi::getWindows 5]
[00:24:13.98] /i gi::setItemSelection {variablesTable} -index {2,1} -in [gi::getWindows 5]
[00:24:16.94] /i gi::setField {variablesTable} -index {2,1} -value {a/2} -in [gi::getWindows 5]
[00:24:16.94] /i gi::setField {variablesTable} -index {2,1} -value {a/2} -in [gi::getWindows 5]
[00:24:18.39] /i gi::executeAction menuPreShow -in [gi::getWindows 5]
[00:24:18.39] /r giMenuAccess db::getNext [gi::getMenus saConsoleSimMenu -from [gi::getWindows 5]]
[00:24:18.98] /# gi::executeAction saNetlistAndRun -in [gi::getWindows 5]
[00:24:18.98] /i isa::netlistAndRun -testbench [sa::findActiveTestbench -window 5] -mode overwrite
[00:24:19.08] /m Information: "Starting incremental netlisting for design "inverter/NAND2_tb/schematic"..." (NETLISTING-010)
[00:24:19.09] /o No Design Integrity rule violations found in "inverter/NAND2_tb/schematic"
[00:24:19.11] /m Information: "Netlisting design "inverter/NAND2_tb/schematic" finished successfully." (NETLISTING-012)
[00:24:19.12] /m Information: "Composing simulator input file for design "inverter/NAND2_tb/schematic"..."
[00:24:19.16] /m Information: "Simulator input file composed successfully for design "inverter/NAND2_tb/schematic""
[00:24:19.32] /m Information: "Starting HSPICE simulation for design: inverter/NAND2_tb/schematic"
[00:24:19.32] /# gi::collapse {jobMonitorTable} -index {0.0.0.0,0} -in [gi::getWindows 13]
[00:24:19.34] /o 1
[00:24:19.63] /m Information: "Simulation completed successfully for design: inverter/NAND2_tb/schematic "
[00:24:19.86] /m Information: "Evaluating and plotting outputs..."
[00:24:19.98] /j ::wf::WaveView::plotSuccess WaveView_6 {} {_6ce43a0_void_pp _6767ac8_void_pp} 
[00:24:20.06] /j ::wf::WaveView::plotSuccess WaveView_6 {} {_6ce43a0_void_pp _6767870_void_pp} 
[00:24:20.18] /j ::wf::WaveView::plotSuccess WaveView_6 {} {_6ce43a0_void_pp _6767938_void_pp} 
[00:24:20.25] /m Information: Measurement calculations completed for testbench: default in 0s
[00:24:23.30] /i gi::setActiveWindow 7
[00:24:23.30] /i gi::setActiveWindow 7 -raise true
[00:24:23.71] /i gi::setActiveWindow 5
[00:24:23.71] /i gi::setActiveWindow 5 -raise true
[00:24:26.03] /i gi::setField {variablesTable} -index {2,1} -value {a} -in [gi::getWindows 5]
[00:24:26.03] /i gi::setField {variablesTable} -index {2,1} -value {a} -in [gi::getWindows 5]
[00:24:26.98] /i gi::setCurrentIndex {variablesTable} -index {1,1} -in [gi::getWindows 5]
[00:24:26.98] /i gi::setItemSelection {variablesTable} -index {1,1} -in [gi::getWindows 5]
[00:24:26.98] /i gi::setItemSelection {variablesTable} -index {1,1} -in [gi::getWindows 5]
[00:24:31.45] /i gi::setField {variablesTable} -index {1,1} -value {1.2u} -in [gi::getWindows 5]
[00:24:31.45] /i gi::setField {variablesTable} -index {1,1} -value {1.2u} -in [gi::getWindows 5]
[00:24:32.85] /i gi::setActiveWindow 7
[00:24:32.85] /i gi::setActiveWindow 7 -raise true
[00:24:34.31] /i gi::setActiveWindow 13
[00:24:34.31] /i gi::setActiveWindow 13 -raise true
[00:24:34.82] /i gi::setActiveWindow 7
[00:24:34.82] /i gi::setActiveWindow 7 -raise true
[00:24:36.00] /i gi::setActiveWindow 13
[00:24:36.00] /i gi::setActiveWindow 13 -raise true
[00:24:36.83] /i gi::executeAction giCloseWindow -in [gi::getWindows 5]
[00:24:36.84] /i gi::setActiveWindow 5
[00:24:36.84] /i gi::setActiveWindow 5 -raise true
[00:24:36.92] /r giDialog gi::setActiveDialog [gi::getDialogs {giPrompt} -parent [gi::getWindows 5]]
[00:24:37.21] /r giDialog db::setAttr geometry -of [gi::getDialogs {giPrompt} -parent [gi::getWindows 5]] -value 292x82+814+573
[00:24:38.20] /r giDialog gi::closeWindows [gi::getDialogs {giPrompt} -parent [gi::getWindows 5]]
[00:24:41.04] /# gi::executeAction saSaveState -in [gi::getWindows 5]
[00:24:41.04] /i sa::showSaveState -parent 5
[00:24:41.22] /o oa:0x1f23ee90
[00:24:41.33] /i gi::setActiveDialog [gi::getDialogs {saShowSaveState} -parent [gi::getWindows 5]]
[00:24:41.61] /i db::setAttr geometry -of [gi::getDialogs {saShowSaveState} -parent [gi::getWindows 5]] -value 462x528+778+488
[00:24:42.46] /i gi::pressButton {/apply} -in [gi::getDialogs {saShowSaveState} -parent [gi::getWindows 5]]
[00:24:42.79] /i db::setAttr geometry -of [gi::getDialogs {saShowSaveState} -parent [gi::getWindows 5]] -value 501x558+778+488
[00:24:43.06] /i gi::pressButton {/ok} -in [gi::getDialogs {saShowSaveState} -parent [gi::getWindows 5]]
[00:24:43.84] /i gi::setActiveWindow 7
[00:24:43.84] /i gi::setActiveWindow 7 -raise true
[00:24:44.79] /i gi::setActiveWindow 13
[00:24:44.79] /i gi::setActiveWindow 13 -raise true
[00:24:46.06] /i gi::setActiveWindow 7
[00:24:46.06] /i gi::setActiveWindow 7 -raise true
[00:24:47.70] /i gi::setActiveWindow 5
[00:24:47.70] /i gi::setActiveWindow 5 -raise true
[00:24:48.82] /i gi::setActiveWindow 7
[00:24:48.82] /i gi::setActiveWindow 7 -raise true
[00:24:52.84] /i gi::setActiveWindow 5
[00:24:52.84] /i gi::setActiveWindow 5 -raise true
[00:24:52.91] /i gi::setActiveWindow 7
[00:24:52.91] /i gi::setActiveWindow 7 -raise true
[00:24:52.95] /r giWindowId 16
[00:24:52.96] /r giWindowGeometry 1040x800
[00:24:53.03] /i gi::createFrame -window 5
[00:24:53.04] /i gi::setActiveWindow 16
[00:24:53.04] /i gi::setActiveWindow 16 -raise true
[00:24:53.34] /i db::setAttr geometry -of [gi::getFrames 4] -value 1910x1101+5+56
[00:25:47.13] /i gi::setActiveWindow 7
[00:25:47.13] /i gi::setActiveWindow 7 -raise true
[00:25:48.28] /i gi::setActiveWindow 13
[00:25:48.28] /i gi::setActiveWindow 13 -raise true
[00:25:49.12] /i gi::setActiveWindow 7
[00:25:49.12] /i gi::setActiveWindow 7 -raise true
[00:25:50.16] /i gi::setActiveWindow 13
[00:25:50.16] /i gi::setActiveWindow 13 -raise true
[00:25:50.69] /i gi::setActiveWindow 7
[00:25:50.69] /i gi::setActiveWindow 7 -raise true
[00:25:52.86] /i gi::setActiveWindow 5
[00:25:52.86] /i gi::setActiveWindow 5 -raise true
[00:25:56.28] /i gi::setField {variablesTable} -index {1,1} -value {0.8u} -in [gi::getWindows 5]
[00:25:56.28] /i gi::setField {variablesTable} -index {1,1} -value {0.8u} -in [gi::getWindows 5]
[00:25:57.07] /i gi::setCurrentIndex {variablesTable} -index {2,1} -in [gi::getWindows 5]
[00:25:57.07] /i gi::setItemSelection {variablesTable} -index {2,1} -in [gi::getWindows 5]
[00:25:57.07] /i gi::setItemSelection {variablesTable} -index {2,1} -in [gi::getWindows 5]
[00:25:57.64] /i gi::setField {variablesTable} -index {2,1} -value {a} -in [gi::getWindows 5]
[00:25:57.64] /i gi::setCurrentIndex {variablesTable} -index {1,1} -in [gi::getWindows 5]
[00:25:57.64] /i gi::setItemSelection {variablesTable} -index {1,1} -in [gi::getWindows 5]
[00:25:57.64] /i gi::setItemSelection {variablesTable} -index {1,1} -in [gi::getWindows 5]
[00:26:02.37] /i gi::setField {variablesTable} -index {1,1} -value {0.6u} -in [gi::getWindows 5]
[00:26:02.37] /i gi::setField {variablesTable} -index {1,1} -value {0.6u} -in [gi::getWindows 5]
[00:26:03.32] /i gi::setCurrentIndex {variablesTable} -index {2,1} -in [gi::getWindows 5]
[00:26:03.32] /i gi::setItemSelection {variablesTable} -index {2,1} -in [gi::getWindows 5]
[00:26:03.32] /i gi::setItemSelection {variablesTable} -index {2,1} -in [gi::getWindows 5]
[00:26:04.98] /i gi::setField {variablesTable} -index {2,1} -value {0.8u} -in [gi::getWindows 5]
[00:26:04.98] /i gi::setField {variablesTable} -index {2,1} -value {0.8u} -in [gi::getWindows 5]
[00:26:06.41] /i gi::executeAction menuPreShow -in [gi::getWindows 5]
[00:26:06.41] /r giMenuAccess db::getNext [gi::getMenus saConsoleSimMenu -from [gi::getWindows 5]]
[00:26:07.02] /# gi::executeAction saNetlistAndRun -in [gi::getWindows 5]
[00:26:07.02] /i isa::netlistAndRun -testbench [sa::findActiveTestbench -window 5] -mode overwrite
[00:26:07.07] /m Information: "Starting incremental netlisting for design "inverter/NAND2_tb/schematic"..." (NETLISTING-010)
[00:26:07.08] /o No Design Integrity rule violations found in "inverter/NAND2_tb/schematic"
[00:26:07.10] /m Information: "Netlisting design "inverter/NAND2_tb/schematic" finished successfully." (NETLISTING-012)
[00:26:07.11] /m Information: "Composing simulator input file for design "inverter/NAND2_tb/schematic"..."
[00:26:07.14] /m Information: "Simulator input file composed successfully for design "inverter/NAND2_tb/schematic""
[00:26:07.37] /m Information: "Starting HSPICE simulation for design: inverter/NAND2_tb/schematic"
[00:26:07.37] /# gi::collapse {jobMonitorTable} -index {0.0.0.0,0} -in [gi::getWindows 13]
[00:26:07.39] /o 1
[00:26:07.73] /m Information: "Simulation completed successfully for design: inverter/NAND2_tb/schematic "
[00:26:07.96] /m Information: "Evaluating and plotting outputs..."
[00:26:08.07] /j ::wf::WaveView::plotSuccess WaveView_6 {} {_6797350_void_pp _6767a00_void_pp} 
[00:26:08.19] /j ::wf::WaveView::plotSuccess WaveView_6 {} {_6797350_void_pp _6767ac8_void_pp} 
[00:26:08.24] /j ::wf::WaveView::plotSuccess WaveView_6 {} {_6797350_void_pp _6767870_void_pp} 
[00:26:08.35] /m Information: Measurement calculations completed for testbench: default in 0s
[00:26:27.51] /i db::setAttr iconified -of [gi::getFrames 1] -value true
[00:26:27.51] /i gi::setActiveWindow 5
[00:26:27.51] /i gi::setActiveWindow 5 -raise true
[00:26:31.53] /i db::setAttr maximized -of [gi::getFrames 1] -value true
[00:26:31.54] /i db::setAttr iconified -of [gi::getFrames 1] -value false
[00:26:31.54] /i gi::setActiveWindow 13
[00:26:31.54] /i gi::setActiveWindow 13 -raise true
[00:26:33.01] /i gi::setActiveWindow 7
[00:26:33.01] /i gi::setActiveWindow 7 -raise true
[00:26:36.86] /i gi::setActiveWindow 13
[00:26:36.86] /i gi::setActiveWindow 13 -raise true
[00:26:37.79] /i gi::setActiveWindow 7
[00:26:37.79] /i gi::setActiveWindow 7 -raise true
[00:26:41.53] /i gi::setActiveWindow 13
[00:26:41.53] /i gi::setActiveWindow 13 -raise true
[00:26:44.09] /i gi::setActiveWindow 5
[00:26:44.10] /i gi::setActiveWindow 5 -raise true
[00:26:45.18] /i gi::setActiveWindow 13
[00:26:45.18] /i gi::setActiveWindow 13 -raise true
[00:26:45.22] /i gi::setActiveWindow 7
[00:26:45.22] /i gi::setActiveWindow 7 -raise true
[00:26:46.57] /i gi::addWindow 5 -to 1 -before 7
[00:26:46.59] /i gi::setActiveWindow 5
[00:26:46.59] /i gi::setActiveWindow 5 -raise true
[00:26:48.03] /i gi::setCurrentIndex {variablesTable} -index {4,1} -in [gi::getWindows 5]
[00:26:48.03] /i gi::setItemSelection {variablesTable} -index {4,1} -in [gi::getWindows 5]
[00:26:48.03] /i gi::setItemSelection {variablesTable} -index {4,1} -in [gi::getWindows 5]
[00:26:50.01] /i gi::setField {variablesTable} -index {4,1} -value {10f} -in [gi::getWindows 5]
[00:26:50.01] /i gi::setField {variablesTable} -index {4,1} -value {10f} -in [gi::getWindows 5]
[00:26:51.23] /i gi::executeAction menuPreShow -in [gi::getWindows 5]
[00:26:51.23] /r giMenuAccess db::getNext [gi::getMenus saConsoleSimMenu -from [gi::getWindows 5]]
[00:26:51.76] /# gi::executeAction saNetlistAndRun -in [gi::getWindows 5]
[00:26:51.76] /i isa::netlistAndRun -testbench [sa::findActiveTestbench -window 5] -mode overwrite
[00:26:51.84] /m Information: "Starting incremental netlisting for design "inverter/NAND2_tb/schematic"..." (NETLISTING-010)
[00:26:51.88] /o No Design Integrity rule violations found in "inverter/NAND2_tb/schematic"
[00:26:51.90] /m Information: "Netlisting design "inverter/NAND2_tb/schematic" finished successfully." (NETLISTING-012)
[00:26:51.90] /m Information: "Composing simulator input file for design "inverter/NAND2_tb/schematic"..."
[00:26:51.94] /m Information: "Simulator input file composed successfully for design "inverter/NAND2_tb/schematic""
[00:26:52.07] /m Information: "Starting HSPICE simulation for design: inverter/NAND2_tb/schematic"
[00:26:52.07] /# gi::collapse {jobMonitorTable} -index {0.0.0.0,0} -in [gi::getWindows 13]
[00:26:52.09] /o 1
[00:26:52.43] /m Information: "Simulation completed successfully for design: inverter/NAND2_tb/schematic "
[00:26:52.61] /m Information: "Evaluating and plotting outputs..."
[00:26:52.73] /j ::wf::WaveView::plotSuccess WaveView_6 {} {_6caa800_void_pp _6767938_void_pp} 
[00:26:52.81] /j ::wf::WaveView::plotSuccess WaveView_6 {} {_6caa800_void_pp _6767a00_void_pp} 
[00:26:52.94] /j ::wf::WaveView::plotSuccess WaveView_6 {} {_6caa800_void_pp _6767ac8_void_pp} 
[00:26:53.03] /m Information: Measurement calculations completed for testbench: default in 0s
[00:27:37.76] /i gi::setActiveWindow 7
[00:27:37.76] /i gi::setActiveWindow 7 -raise true
[00:27:38.22] /i gi::setActiveWindow 5
[00:27:38.22] /i gi::setActiveWindow 5 -raise true
[00:27:39.16] /i gi::setActiveWindow 7
[00:27:39.16] /i gi::setActiveWindow 7 -raise true
[00:27:40.59] /# gi::executeAction deSelectActive -in [gi::getWindows 7]
[00:27:40.59] /i de::deselectAll [db::getNext [de::getContexts -window 7]]
[00:27:40.59] /i de::select [de::getActiveFigure [gi::getWindows 7] -point {2.7625 2.15625} -index 0 -intent none]
[00:27:40.60] /o oa:0x24889910
[00:27:41.67] /i gi::setItemSelection {parameters} -index {tr,all} -in [gi::getAssistants dePropertyEditor -from [gi::getWindows 7]]
[00:27:41.67] /i gi::setCurrentIndex {parameters} -index {tr,Value} -in [gi::getAssistants dePropertyEditor -from [gi::getWindows 7]]
[00:27:43.49] /i gi::setField {parameters} -value {0.2p} -index {tr,Value} -in [gi::getAssistants dePropertyEditor -from [gi::getWindows 7]]
[00:27:43.49] /i gi::executeAction dePropertyEditorApplyChanges -in [gi::getAssistants dePropertyEditor -from [gi::getWindows 7]]
[00:27:44.56] /i gi::setItemSelection {parameters} -index {tf,all} -in [gi::getAssistants dePropertyEditor -from [gi::getWindows 7]]
[00:27:44.56] /i gi::setCurrentIndex {parameters} -index {tf,Value} -in [gi::getAssistants dePropertyEditor -from [gi::getWindows 7]]
[00:27:45.83] /i gi::setField {parameters} -value {0.2p} -index {tf,Value} -in [gi::getAssistants dePropertyEditor -from [gi::getWindows 7]]
[00:27:45.83] /i gi::executeAction dePropertyEditorApplyChanges -in [gi::getAssistants dePropertyEditor -from [gi::getWindows 7]]
[00:27:47.01] /# gi::executeAction deSelectActive -in [gi::getWindows 7]
[00:27:47.01] /i de::deselectAll [db::getNext [de::getContexts -window 7]]
[00:27:47.01] /i de::select [de::getActiveFigure [gi::getWindows 7] -point {3.15625 1.29375} -index 0 -intent none]
[00:27:47.01] /o oa:0x26c84550
[00:27:47.77] /i gi::setItemSelection {parameters} -index {tr,all} -in [gi::getAssistants dePropertyEditor -from [gi::getWindows 7]]
[00:27:47.77] /i gi::setCurrentIndex {parameters} -index {tr,Value} -in [gi::getAssistants dePropertyEditor -from [gi::getWindows 7]]
[00:27:48.93] /i gi::setField {parameters} -value {0.2p} -index {tr,Value} -in [gi::getAssistants dePropertyEditor -from [gi::getWindows 7]]
[00:27:48.93] /i gi::executeAction dePropertyEditorApplyChanges -in [gi::getAssistants dePropertyEditor -from [gi::getWindows 7]]
[00:27:49.74] /i gi::setItemSelection {parameters} -index {tf,all} -in [gi::getAssistants dePropertyEditor -from [gi::getWindows 7]]
[00:27:49.74] /i gi::setCurrentIndex {parameters} -index {tf,Value} -in [gi::getAssistants dePropertyEditor -from [gi::getWindows 7]]
[00:27:50.95] /i gi::setField {parameters} -value {0.2p} -index {tf,Value} -in [gi::getAssistants dePropertyEditor -from [gi::getWindows 7]]
[00:27:50.95] /i gi::executeAction dePropertyEditorApplyChanges -in [gi::getAssistants dePropertyEditor -from [gi::getWindows 7]]
[00:27:52.26] /i gi::setActiveWindow 13
[00:27:52.26] /i gi::setActiveWindow 13 -raise true
[00:27:53.78] /i gi::setActiveWindow 5
[00:27:53.78] /i gi::setActiveWindow 5 -raise true
[00:27:54.88] /i gi::executeAction menuPreShow -in [gi::getWindows 5]
[00:27:54.88] /r giMenuAccess db::getNext [gi::getMenus saConsoleSimMenu -from [gi::getWindows 5]]
[00:27:55.36] /# gi::executeAction saNetlistAndRun -in [gi::getWindows 5]
[00:27:55.36] /i isa::netlistAndRun -testbench [sa::findActiveTestbench -window 5] -mode overwrite
[00:27:55.43] /r giDialog gi::setActiveDialog [gi::getDialogs {xtShowDesignsPrompt}]
[00:27:55.43] /r giDialog gi::setCurrentIndex {target} -index {0,0} -in [gi::getDialogs {xtShowDesignsPrompt}]
[00:27:55.70] /r giDialog db::setAttr geometry -of [gi::getDialogs {xtShowDesignsPrompt}] -value 649x290+626+410
[00:27:56.42] /r giDialog gi::pressButton {ok} -in [gi::getDialogs {xtShowDesignsPrompt}]
[00:27:56.47] /m Information: 
[00:27:56.47] /o Checking "inverter/NAND2_tb/schematic"
[00:27:56.48] /o No rule violations found in "inverter/NAND2_tb/schematic"
[00:27:56.48] /o No Design Integrity rule violations found in "inverter/NAND2_tb/schematic"
[00:27:56.48] /m Information: Checking process is completed: marking the design violations
[00:27:56.48] /m Information: Marking of designs is completed
[00:27:56.59] /m Information: "Starting incremental netlisting for design "inverter/NAND2_tb/schematic"..." (NETLISTING-010)
[00:27:56.60] /o No Design Integrity rule violations found in "inverter/NAND2_tb/schematic"
[00:27:56.64] /m Information: "inverter NAND2_tb schematic" renetlisted. (NETLISTING-056)
[00:27:56.65] /m Information: "Netlisting design "inverter/NAND2_tb/schematic" finished successfully." (NETLISTING-012)
[00:27:56.65] /m Information: "Composing simulator input file for design "inverter/NAND2_tb/schematic"..."
[00:27:56.69] /m Information: "Simulator input file composed successfully for design "inverter/NAND2_tb/schematic""
[00:27:56.87] /m Information: "Starting HSPICE simulation for design: inverter/NAND2_tb/schematic"
[00:27:56.87] /# gi::collapse {jobMonitorTable} -index {0.0.0.0,0} -in [gi::getWindows 13]
[00:27:56.88] /o 1
[00:27:57.23] /m Information: "Simulation completed successfully for design: inverter/NAND2_tb/schematic "
[00:27:57.44] /m Information: "Evaluating and plotting outputs..."
[00:27:57.53] /j ::wf::WaveView::plotSuccess WaveView_6 {} {_6cf1a70_void_pp _6767870_void_pp} 
[00:27:57.58] /j ::wf::WaveView::plotSuccess WaveView_6 {} {_6cf1a70_void_pp _6767938_void_pp} 
[00:27:57.60] /j ::wf::WaveView::plotSuccess WaveView_6 {} {_6cf1a70_void_pp _6767a00_void_pp} 
[00:27:57.83] /m Information: Measurement calculations completed for testbench: default in 0s
[00:29:03.32] /i gi::setActiveWindow 7
[00:29:03.32] /i gi::setActiveWindow 7 -raise true
[00:29:04.24] /i gi::setActiveWindow 13
[00:29:04.24] /i gi::setActiveWindow 13 -raise true
[00:29:16.31] /i gi::setActiveWindow 7
[00:29:16.31] /i gi::setActiveWindow 7 -raise true
[00:29:17.82] /i gi::setActiveWindow 5
[00:29:17.82] /i gi::setActiveWindow 5 -raise true
[00:29:22.19] /i gi::setCurrentIndex {variablesTable} -index {1,1} -in [gi::getWindows 5]
[00:29:22.19] /i gi::setItemSelection {variablesTable} -index {1,1} -in [gi::getWindows 5]
[00:29:22.19] /i gi::setItemSelection {variablesTable} -index {1,1} -in [gi::getWindows 5]
[00:29:25.04] /i gi::setField {variablesTable} -index {1,1} -value {0.9u} -in [gi::getWindows 5]
[00:29:25.04] /i gi::setField {variablesTable} -index {1,1} -value {0.9u} -in [gi::getWindows 5]
[00:29:26.10] /i gi::executeAction menuPreShow -in [gi::getWindows 5]
[00:29:26.10] /r giMenuAccess db::getNext [gi::getMenus saConsoleSimMenu -from [gi::getWindows 5]]
[00:29:26.58] /# gi::executeAction saNetlistAndRun -in [gi::getWindows 5]
[00:29:26.58] /i isa::netlistAndRun -testbench [sa::findActiveTestbench -window 5] -mode overwrite
[00:29:26.66] /m Information: "Starting incremental netlisting for design "inverter/NAND2_tb/schematic"..." (NETLISTING-010)
[00:29:26.67] /o No Design Integrity rule violations found in "inverter/NAND2_tb/schematic"
[00:29:26.70] /m Information: "Netlisting design "inverter/NAND2_tb/schematic" finished successfully." (NETLISTING-012)
[00:29:26.70] /m Information: "Composing simulator input file for design "inverter/NAND2_tb/schematic"..."
[00:29:26.74] /m Information: "Simulator input file composed successfully for design "inverter/NAND2_tb/schematic""
[00:29:26.90] /m Information: "Starting HSPICE simulation for design: inverter/NAND2_tb/schematic"
[00:29:26.91] /# gi::collapse {jobMonitorTable} -index {0.0.0.0,0} -in [gi::getWindows 13]
[00:29:26.92] /o 1
[00:29:27.33] /m Information: "Simulation completed successfully for design: inverter/NAND2_tb/schematic "
[00:29:27.54] /m Information: "Evaluating and plotting outputs..."
[00:29:27.64] /j ::wf::WaveView::plotSuccess WaveView_6 {} {_6c90420_void_pp _6767ac8_void_pp} 
[00:29:27.73] /j ::wf::WaveView::plotSuccess WaveView_6 {} {_6c90420_void_pp _6767870_void_pp} 
[00:29:27.83] /j ::wf::WaveView::plotSuccess WaveView_6 {} {_6c90420_void_pp _6767938_void_pp} 
[00:29:27.93] /m Information: Measurement calculations completed for testbench: default in 0s
[00:29:33.07] /i gi::setActiveWindow 7
[00:29:33.07] /i gi::setActiveWindow 7 -raise true
[00:29:33.88] /i gi::setActiveWindow 5
[00:29:33.88] /i gi::setActiveWindow 5 -raise true
[00:29:36.99] /i gi::setField {variablesTable} -index {1,1} -value {0.9u} -in [gi::getWindows 5]
[00:29:36.99] /i gi::setCurrentIndex {variablesTable} -index {4,1} -in [gi::getWindows 5]
[00:29:36.99] /i gi::setItemSelection {variablesTable} -index {4,1} -in [gi::getWindows 5]
[00:29:36.99] /i gi::setItemSelection {variablesTable} -index {4,1} -in [gi::getWindows 5]
[00:29:38.03] /i gi::setField {variablesTable} -index {4,1} -value {20f} -in [gi::getWindows 5]
[00:29:38.03] /i gi::setField {variablesTable} -index {4,1} -value {20f} -in [gi::getWindows 5]
[00:29:39.17] /i gi::executeAction menuPreShow -in [gi::getWindows 5]
[00:29:39.17] /r giMenuAccess db::getNext [gi::getMenus saConsoleSimMenu -from [gi::getWindows 5]]
[00:29:39.59] /# gi::executeAction saNetlistAndRun -in [gi::getWindows 5]
[00:29:39.59] /i isa::netlistAndRun -testbench [sa::findActiveTestbench -window 5] -mode overwrite
[00:29:39.67] /m Information: "Starting incremental netlisting for design "inverter/NAND2_tb/schematic"..." (NETLISTING-010)
[00:29:39.68] /o No Design Integrity rule violations found in "inverter/NAND2_tb/schematic"
[00:29:39.70] /m Information: "Netlisting design "inverter/NAND2_tb/schematic" finished successfully." (NETLISTING-012)
[00:29:39.71] /m Information: "Composing simulator input file for design "inverter/NAND2_tb/schematic"..."
[00:29:39.74] /m Information: "Simulator input file composed successfully for design "inverter/NAND2_tb/schematic""
[00:29:39.90] /m Information: "Starting HSPICE simulation for design: inverter/NAND2_tb/schematic"
[00:29:39.90] /# gi::collapse {jobMonitorTable} -index {0.0.0.0,0} -in [gi::getWindows 13]
[00:29:39.92] /o 1
[00:29:40.25] /m Information: "Simulation completed successfully for design: inverter/NAND2_tb/schematic "
[00:29:40.45] /m Information: "Evaluating and plotting outputs..."
[00:29:40.55] /j ::wf::WaveView::plotSuccess WaveView_6 {} {_6ca6ba0_void_pp _6767a00_void_pp} 
[00:29:40.60] /j ::wf::WaveView::plotSuccess WaveView_6 {} {_6ca6ba0_void_pp _6767ac8_void_pp} 
[00:29:40.65] /j ::wf::WaveView::plotSuccess WaveView_6 {} {_6ca6ba0_void_pp _6767870_void_pp} 
[00:29:40.84] /m Information: Measurement calculations completed for testbench: default in 0s
[00:29:49.85] /i gi::setActiveWindow 5
[00:29:49.85] /i gi::setActiveWindow 5 -raise true
[00:29:50.67] /i gi::setActiveWindow 2
[00:29:50.67] /i gi::setActiveWindow 2 -raise true
[00:29:51.19] /i gi::setActiveWindow 7
[00:29:51.19] /i gi::setActiveWindow 7 -raise true
[00:29:52.90] /i gi::setActiveWindow 13
[00:29:52.90] /i gi::setActiveWindow 13 -raise true
[00:29:53.39] /i gi::setActiveWindow 5
[00:29:53.39] /i gi::setActiveWindow 5 -raise true
[00:29:56.14] /i gi::setField {variablesTable} -index {4,1} -value {25f} -in [gi::getWindows 5]
[00:29:56.14] /i gi::setField {variablesTable} -index {4,1} -value {25f} -in [gi::getWindows 5]
[00:29:57.01] /i gi::setActiveWindow 7
[00:29:57.01] /i gi::setActiveWindow 7 -raise true
[00:30:00.49] /i gi::setActiveWindow 5
[00:30:00.49] /i gi::setActiveWindow 5 -raise true
[00:30:00.94] /i gi::executeAction menuPreShow -in [gi::getWindows 5]
[00:30:00.94] /r giMenuAccess db::getNext [gi::getMenus saConsoleSimMenu -from [gi::getWindows 5]]
[00:30:01.62] /# gi::executeAction saNetlistAndRun -in [gi::getWindows 5]
[00:30:01.62] /i isa::netlistAndRun -testbench [sa::findActiveTestbench -window 5] -mode overwrite
[00:30:01.70] /m Information: "Starting incremental netlisting for design "inverter/NAND2_tb/schematic"..." (NETLISTING-010)
[00:30:01.72] /o No Design Integrity rule violations found in "inverter/NAND2_tb/schematic"
[00:30:01.74] /m Information: "Netlisting design "inverter/NAND2_tb/schematic" finished successfully." (NETLISTING-012)
[00:30:01.75] /m Information: "Composing simulator input file for design "inverter/NAND2_tb/schematic"..."
[00:30:01.78] /m Information: "Simulator input file composed successfully for design "inverter/NAND2_tb/schematic""
[00:30:01.95] /m Information: "Starting HSPICE simulation for design: inverter/NAND2_tb/schematic"
[00:30:01.95] /# gi::collapse {jobMonitorTable} -index {0.0.0.0,0} -in [gi::getWindows 13]
[00:30:01.97] /o 1
[00:30:02.33] /m Information: "Simulation completed successfully for design: inverter/NAND2_tb/schematic "
[00:30:02.52] /m Information: "Evaluating and plotting outputs..."
[00:30:02.62] /j ::wf::WaveView::plotSuccess WaveView_6 {} {_6ceb470_void_pp _6767938_void_pp} 
[00:30:02.72] /j ::wf::WaveView::plotSuccess WaveView_6 {} {_6ceb470_void_pp _6767a00_void_pp} 
[00:30:02.83] /j ::wf::WaveView::plotSuccess WaveView_6 {} {_6ceb470_void_pp _6767ac8_void_pp} 
[00:30:02.93] /m Information: Measurement calculations completed for testbench: default in 0s
[00:30:20.13] /i gi::setActiveWindow 7
[00:30:20.13] /i gi::setActiveWindow 7 -raise true
[00:30:21.15] /i gi::setActiveWindow 5
[00:30:21.15] /i gi::setActiveWindow 5 -raise true
[00:30:24.49] /i gi::setField {variablesTable} -index {4,1} -value {40f} -in [gi::getWindows 5]
[00:30:24.50] /i gi::setField {variablesTable} -index {4,1} -value {40f} -in [gi::getWindows 5]
[00:30:25.69] /i gi::executeAction menuPreShow -in [gi::getWindows 5]
[00:30:25.69] /r giMenuAccess db::getNext [gi::getMenus saConsoleSimMenu -from [gi::getWindows 5]]
[00:30:26.11] /# gi::executeAction saNetlistAndRun -in [gi::getWindows 5]
[00:30:26.11] /i isa::netlistAndRun -testbench [sa::findActiveTestbench -window 5] -mode overwrite
[00:30:26.20] /m Information: "Starting incremental netlisting for design "inverter/NAND2_tb/schematic"..." (NETLISTING-010)
[00:30:26.22] /o No Design Integrity rule violations found in "inverter/NAND2_tb/schematic"
[00:30:26.24] /m Information: "Netlisting design "inverter/NAND2_tb/schematic" finished successfully." (NETLISTING-012)
[00:30:26.25] /m Information: "Composing simulator input file for design "inverter/NAND2_tb/schematic"..."
[00:30:26.28] /m Information: "Simulator input file composed successfully for design "inverter/NAND2_tb/schematic""
[00:30:26.44] /m Information: "Starting HSPICE simulation for design: inverter/NAND2_tb/schematic"
[00:30:26.44] /# gi::collapse {jobMonitorTable} -index {0.0.0.0,0} -in [gi::getWindows 13]
[00:30:26.46] /o 1
[00:30:26.73] /m Information: "Simulation completed successfully for design: inverter/NAND2_tb/schematic "
[00:30:26.95] /m Information: "Evaluating and plotting outputs..."
[00:30:27.05] /j ::wf::WaveView::plotSuccess WaveView_6 {} {_6c9f8c0_void_pp _6767870_void_pp} 
[00:30:27.12] /j ::wf::WaveView::plotSuccess WaveView_6 {} {_6c9f8c0_void_pp _6767938_void_pp} 
[00:30:27.15] /j ::wf::WaveView::plotSuccess WaveView_6 {} {_6c9f8c0_void_pp _6767a00_void_pp} 
[00:30:27.35] /m Information: Measurement calculations completed for testbench: default in 0s
[00:30:38.10] /i gi::setActiveWindow 5
[00:30:38.10] /i gi::setActiveWindow 5 -raise true
[00:30:39.43] /i gi::setActiveWindow 7
[00:30:39.43] /i gi::setActiveWindow 7 -raise true
[00:30:40.90] /i gi::setActiveWindow 13
[00:30:40.90] /i gi::setActiveWindow 13 -raise true
[00:30:41.53] /i gi::setActiveWindow 5
[00:30:41.53] /i gi::setActiveWindow 5 -raise true
[00:30:43.73] /i gi::setField {variablesTable} -index {4,1} -value {50f} -in [gi::getWindows 5]
[00:30:43.73] /i gi::setField {variablesTable} -index {4,1} -value {50f} -in [gi::getWindows 5]
[00:30:46.05] /i gi::setActiveWindow 7
[00:30:46.05] /i gi::setActiveWindow 7 -raise true
[00:30:47.64] /i gi::setActiveWindow 5
[00:30:47.64] /i gi::setActiveWindow 5 -raise true
[00:30:48.09] /i gi::executeAction menuPreShow -in [gi::getWindows 5]
[00:30:48.09] /r giMenuAccess db::getNext [gi::getMenus saConsoleSimMenu -from [gi::getWindows 5]]
[00:30:48.93] /# gi::executeAction saNetlistAndRun -in [gi::getWindows 5]
[00:30:48.93] /i isa::netlistAndRun -testbench [sa::findActiveTestbench -window 5] -mode overwrite
[00:30:49.00] /m Information: "Starting incremental netlisting for design "inverter/NAND2_tb/schematic"..." (NETLISTING-010)
[00:30:49.01] /o No Design Integrity rule violations found in "inverter/NAND2_tb/schematic"
[00:30:49.04] /m Information: "Netlisting design "inverter/NAND2_tb/schematic" finished successfully." (NETLISTING-012)
[00:30:49.04] /m Information: "Composing simulator input file for design "inverter/NAND2_tb/schematic"..."
[00:30:49.08] /m Information: "Simulator input file composed successfully for design "inverter/NAND2_tb/schematic""
[00:30:49.23] /m Information: "Starting HSPICE simulation for design: inverter/NAND2_tb/schematic"
[00:30:49.23] /# gi::collapse {jobMonitorTable} -index {0.0.0.0,0} -in [gi::getWindows 13]
[00:30:49.25] /o 1
[00:30:49.63] /m Information: "Simulation completed successfully for design: inverter/NAND2_tb/schematic "
[00:30:49.82] /m Information: "Evaluating and plotting outputs..."
[00:30:49.90] /j ::wf::WaveView::plotSuccess WaveView_6 {} {_6c90420_void_pp _6767ac8_void_pp} 
[00:30:50.00] /j ::wf::WaveView::plotSuccess WaveView_6 {} {_6c90420_void_pp _6767870_void_pp} 
[00:30:50.11] /j ::wf::WaveView::plotSuccess WaveView_6 {} {_6c90420_void_pp _6767938_void_pp} 
[00:30:50.22] /m Information: Measurement calculations completed for testbench: default in 1s
[00:30:59.09] /i gi::setActiveWindow 7
[00:30:59.09] /i gi::setActiveWindow 7 -raise true
[00:30:59.85] /i gi::setActiveWindow 5
[00:30:59.85] /i gi::setActiveWindow 5 -raise true
[00:31:00.51] /i gi::setCurrentIndex {variablesTable} -index {3,1} -in [gi::getWindows 5]
[00:31:00.51] /i gi::setItemSelection {variablesTable} -index {3,1} -in [gi::getWindows 5]
[00:31:00.51] /i gi::setItemSelection {variablesTable} -index {3,1} -in [gi::getWindows 5]
[00:31:00.91] /i gi::setField {variablesTable} -index {3,1} -value {0.1u} -in [gi::getWindows 5]
[00:31:00.91] /i gi::setCurrentIndex {variablesTable} -index {4,1} -in [gi::getWindows 5]
[00:31:00.91] /i gi::setItemSelection {variablesTable} -index {4,1} -in [gi::getWindows 5]
[00:31:00.91] /i gi::setItemSelection {variablesTable} -index {4,1} -in [gi::getWindows 5]
[00:31:02.27] /i gi::setField {variablesTable} -index {4,1} -value {55f} -in [gi::getWindows 5]
[00:31:02.27] /i gi::setField {variablesTable} -index {4,1} -value {55f} -in [gi::getWindows 5]
[00:31:03.55] /i gi::executeAction menuPreShow -in [gi::getWindows 5]
[00:31:03.55] /r giMenuAccess db::getNext [gi::getMenus saConsoleSimMenu -from [gi::getWindows 5]]
[00:31:04.15] /# gi::executeAction saNetlistAndRun -in [gi::getWindows 5]
[00:31:04.15] /i isa::netlistAndRun -testbench [sa::findActiveTestbench -window 5] -mode overwrite
[00:31:04.19] /m Information: "Starting incremental netlisting for design "inverter/NAND2_tb/schematic"..." (NETLISTING-010)
[00:31:04.20] /o No Design Integrity rule violations found in "inverter/NAND2_tb/schematic"
[00:31:04.23] /m Information: "Netlisting design "inverter/NAND2_tb/schematic" finished successfully." (NETLISTING-012)
[00:31:04.24] /m Information: "Composing simulator input file for design "inverter/NAND2_tb/schematic"..."
[00:31:04.27] /m Information: "Simulator input file composed successfully for design "inverter/NAND2_tb/schematic""
[00:31:04.43] /m Information: "Starting HSPICE simulation for design: inverter/NAND2_tb/schematic"
[00:31:04.44] /# gi::collapse {jobMonitorTable} -index {0.0.0.0,0} -in [gi::getWindows 13]
[00:31:04.45] /o 1
[00:31:04.73] /m Information: "Simulation completed successfully for design: inverter/NAND2_tb/schematic "
[00:31:04.94] /m Information: "Evaluating and plotting outputs..."
[00:31:05.04] /j ::wf::WaveView::plotSuccess WaveView_6 {} {_6ca6ba0_void_pp _6767a00_void_pp} 
[00:31:05.12] /j ::wf::WaveView::plotSuccess WaveView_6 {} {_6ca6ba0_void_pp _6767ac8_void_pp} 
[00:31:05.22] /j ::wf::WaveView::plotSuccess WaveView_6 {} {_6ca6ba0_void_pp _6767870_void_pp} 
[00:31:05.33] /m Information: Measurement calculations completed for testbench: default in 0s
[00:31:11.37] /i gi::setActiveWindow 5
[00:31:11.37] /i gi::setActiveWindow 5 -raise true
[00:31:13.91] /i gi::setField {variablesTable} -index {4,1} -value {60f} -in [gi::getWindows 5]
[00:31:13.91] /i gi::setField {variablesTable} -index {4,1} -value {60f} -in [gi::getWindows 5]
[00:31:15.09] /i gi::executeAction menuPreShow -in [gi::getWindows 5]
[00:31:15.09] /r giMenuAccess db::getNext [gi::getMenus saConsoleSimMenu -from [gi::getWindows 5]]
[00:31:15.52] /# gi::executeAction saNetlistAndRun -in [gi::getWindows 5]
[00:31:15.52] /i isa::netlistAndRun -testbench [sa::findActiveTestbench -window 5] -mode overwrite
[00:31:15.59] /m Information: "Starting incremental netlisting for design "inverter/NAND2_tb/schematic"..." (NETLISTING-010)
[00:31:15.60] /o No Design Integrity rule violations found in "inverter/NAND2_tb/schematic"
[00:31:15.62] /m Information: "Netlisting design "inverter/NAND2_tb/schematic" finished successfully." (NETLISTING-012)
[00:31:15.63] /m Information: "Composing simulator input file for design "inverter/NAND2_tb/schematic"..."
[00:31:15.66] /m Information: "Simulator input file composed successfully for design "inverter/NAND2_tb/schematic""
[00:31:15.82] /m Information: "Starting HSPICE simulation for design: inverter/NAND2_tb/schematic"
[00:31:15.83] /# gi::collapse {jobMonitorTable} -index {0.0.0.0,0} -in [gi::getWindows 13]
[00:31:15.84] /o 1
[00:31:16.13] /m Information: "Simulation completed successfully for design: inverter/NAND2_tb/schematic "
[00:31:16.32] /m Information: "Evaluating and plotting outputs..."
[00:31:16.43] /j ::wf::WaveView::plotSuccess WaveView_6 {} {_6ceb470_void_pp _6767938_void_pp} 
[00:31:16.53] /j ::wf::WaveView::plotSuccess WaveView_6 {} {_6ceb470_void_pp _6767a00_void_pp} 
[00:31:16.62] /j ::wf::WaveView::plotSuccess WaveView_6 {} {_6ceb470_void_pp _6767ac8_void_pp} 
[00:31:16.72] /m Information: Measurement calculations completed for testbench: default in 0s
[00:31:24.23] /i gi::setActiveWindow 5
[00:31:24.24] /i gi::setActiveWindow 5 -raise true
[00:31:26.77] /i gi::setField {variablesTable} -index {4,1} -value {70f} -in [gi::getWindows 5]
[00:31:26.77] /i gi::setField {variablesTable} -index {4,1} -value {70f} -in [gi::getWindows 5]
[00:31:27.74] /i gi::executeAction menuPreShow -in [gi::getWindows 5]
[00:31:27.74] /r giMenuAccess db::getNext [gi::getMenus saConsoleSimMenu -from [gi::getWindows 5]]
[00:31:28.25] /# gi::executeAction saNetlistAndRun -in [gi::getWindows 5]
[00:31:28.25] /i isa::netlistAndRun -testbench [sa::findActiveTestbench -window 5] -mode overwrite
[00:31:28.29] /m Information: "Starting incremental netlisting for design "inverter/NAND2_tb/schematic"..." (NETLISTING-010)
[00:31:28.31] /o No Design Integrity rule violations found in "inverter/NAND2_tb/schematic"
[00:31:28.34] /m Information: "Netlisting design "inverter/NAND2_tb/schematic" finished successfully." (NETLISTING-012)
[00:31:28.34] /m Information: "Composing simulator input file for design "inverter/NAND2_tb/schematic"..."
[00:31:28.38] /m Information: "Simulator input file composed successfully for design "inverter/NAND2_tb/schematic""
[00:31:28.54] /m Information: "Starting HSPICE simulation for design: inverter/NAND2_tb/schematic"
[00:31:28.54] /# gi::collapse {jobMonitorTable} -index {0.0.0.0,0} -in [gi::getWindows 13]
[00:31:28.56] /o 1
[00:31:28.93] /m Information: "Simulation completed successfully for design: inverter/NAND2_tb/schematic "
[00:31:29.13] /m Information: "Evaluating and plotting outputs..."
[00:31:29.24] /j ::wf::WaveView::plotSuccess WaveView_6 {} {_6c9f8c0_void_pp _6767870_void_pp} 
[00:31:29.32] /j ::wf::WaveView::plotSuccess WaveView_6 {} {_6c9f8c0_void_pp _6767938_void_pp} 
[00:31:29.41] /j ::wf::WaveView::plotSuccess WaveView_6 {} {_6c9f8c0_void_pp _6767a00_void_pp} 
[00:31:29.52] /m Information: Measurement calculations completed for testbench: default in 0s
[00:31:35.00] /i gi::setActiveWindow 5
[00:31:35.00] /i gi::setActiveWindow 5 -raise true
[00:31:37.56] /i gi::setField {variablesTable} -index {4,1} -value {80f} -in [gi::getWindows 5]
[00:31:37.56] /i gi::setField {variablesTable} -index {4,1} -value {80f} -in [gi::getWindows 5]
[00:31:38.70] /i gi::executeAction menuPreShow -in [gi::getWindows 5]
[00:31:38.70] /r giMenuAccess db::getNext [gi::getMenus saConsoleSimMenu -from [gi::getWindows 5]]
[00:31:39.14] /# gi::executeAction saNetlistAndRun -in [gi::getWindows 5]
[00:31:39.14] /i isa::netlistAndRun -testbench [sa::findActiveTestbench -window 5] -mode overwrite
[00:31:39.21] /m Information: "Starting incremental netlisting for design "inverter/NAND2_tb/schematic"..." (NETLISTING-010)
[00:31:39.23] /o No Design Integrity rule violations found in "inverter/NAND2_tb/schematic"
[00:31:39.25] /m Information: "Netlisting design "inverter/NAND2_tb/schematic" finished successfully." (NETLISTING-012)
[00:31:39.26] /m Information: "Composing simulator input file for design "inverter/NAND2_tb/schematic"..."
[00:31:39.30] /m Information: "Simulator input file composed successfully for design "inverter/NAND2_tb/schematic""
[00:31:39.45] /m Information: "Starting HSPICE simulation for design: inverter/NAND2_tb/schematic"
[00:31:39.46] /# gi::collapse {jobMonitorTable} -index {0.0.0.0,0} -in [gi::getWindows 13]
[00:31:39.47] /o 1
[00:31:39.83] /m Information: "Simulation completed successfully for design: inverter/NAND2_tb/schematic "
[00:31:40.03] /m Information: "Evaluating and plotting outputs..."
[00:31:40.13] /j ::wf::WaveView::plotSuccess WaveView_6 {} {_6cf1a70_void_pp _6767ac8_void_pp} 
[00:31:40.23] /j ::wf::WaveView::plotSuccess WaveView_6 {} {_6cf1a70_void_pp _6767870_void_pp} 
[00:31:40.30] /j ::wf::WaveView::plotSuccess WaveView_6 {} {_6cf1a70_void_pp _6767938_void_pp} 
[00:31:40.42] /m Information: Measurement calculations completed for testbench: default in 0s
[00:31:47.66] /i gi::setActiveWindow 5
[00:31:47.66] /i gi::setActiveWindow 5 -raise true
[00:31:49.52] /i gi::setField {variablesTable} -index {4,1} -value {100f} -in [gi::getWindows 5]
[00:31:49.53] /i gi::setField {variablesTable} -index {4,1} -value {100f} -in [gi::getWindows 5]
[00:31:50.62] /i gi::setActiveWindow 13
[00:31:50.62] /i gi::setActiveWindow 13 -raise true
[00:31:51.17] /i gi::setActiveWindow 7
[00:31:51.17] /i gi::setActiveWindow 7 -raise true
[00:31:55.04] /i gi::setActiveWindow 5
[00:31:55.04] /i gi::setActiveWindow 5 -raise true
[00:31:55.72] /i gi::executeAction menuPreShow -in [gi::getWindows 5]
[00:31:55.72] /r giMenuAccess db::getNext [gi::getMenus saConsoleSimMenu -from [gi::getWindows 5]]
[00:31:56.23] /# gi::executeAction saNetlistAndRun -in [gi::getWindows 5]
[00:31:56.23] /i isa::netlistAndRun -testbench [sa::findActiveTestbench -window 5] -mode overwrite
[00:31:56.28] /m Information: "Starting incremental netlisting for design "inverter/NAND2_tb/schematic"..." (NETLISTING-010)
[00:31:56.29] /o No Design Integrity rule violations found in "inverter/NAND2_tb/schematic"
[00:31:56.31] /m Information: "Netlisting design "inverter/NAND2_tb/schematic" finished successfully." (NETLISTING-012)
[00:31:56.32] /m Information: "Composing simulator input file for design "inverter/NAND2_tb/schematic"..."
[00:31:56.36] /m Information: "Simulator input file composed successfully for design "inverter/NAND2_tb/schematic""
[00:31:56.52] /m Information: "Starting HSPICE simulation for design: inverter/NAND2_tb/schematic"
[00:31:56.52] /# gi::collapse {jobMonitorTable} -index {0.0.0.0,0} -in [gi::getWindows 13]
[00:31:56.54] /o 1
[00:31:56.83] /m Information: "Simulation completed successfully for design: inverter/NAND2_tb/schematic "
[00:31:57.04] /m Information: "Evaluating and plotting outputs..."
[00:31:57.16] /j ::wf::WaveView::plotSuccess WaveView_6 {} {_6ca6ba0_void_pp _6767a00_void_pp} 
[00:31:57.22] /j ::wf::WaveView::plotSuccess WaveView_6 {} {_6ca6ba0_void_pp _6767ac8_void_pp} 
[00:31:57.30] /j ::wf::WaveView::plotSuccess WaveView_6 {} {_6ca6ba0_void_pp _6767870_void_pp} 
[00:31:57.43] /m Information: Measurement calculations completed for testbench: default in 0s
[00:32:14.23] /i gi::setActiveWindow 7
[00:32:14.24] /i gi::setActiveWindow 7 -raise true
[00:32:16.05] /i gi::setActiveWindow 5
[00:32:16.05] /i gi::setActiveWindow 5 -raise true
[00:32:17.06] /i gi::setCurrentIndex {variablesTable} -index {1,1} -in [gi::getWindows 5]
[00:32:17.06] /i gi::setItemSelection {variablesTable} -index {1,1} -in [gi::getWindows 5]
[00:32:17.06] /i gi::setItemSelection {variablesTable} -index {1,1} -in [gi::getWindows 5]
[00:32:19.11] /i gi::setField {variablesTable} -index {1,1} -value {1.2u} -in [gi::getWindows 5]
[00:32:19.11] /i gi::setField {variablesTable} -index {1,1} -value {1.2u} -in [gi::getWindows 5]
[00:32:20.23] /i gi::executeAction menuPreShow -in [gi::getWindows 5]
[00:32:20.23] /r giMenuAccess db::getNext [gi::getMenus saConsoleSimMenu -from [gi::getWindows 5]]
[00:32:20.68] /# gi::executeAction saNetlistAndRun -in [gi::getWindows 5]
[00:32:20.68] /i isa::netlistAndRun -testbench [sa::findActiveTestbench -window 5] -mode overwrite
[00:32:20.77] /m Information: "Starting incremental netlisting for design "inverter/NAND2_tb/schematic"..." (NETLISTING-010)
[00:32:20.78] /o No Design Integrity rule violations found in "inverter/NAND2_tb/schematic"
[00:32:20.81] /m Information: "Netlisting design "inverter/NAND2_tb/schematic" finished successfully." (NETLISTING-012)
[00:32:20.81] /m Information: "Composing simulator input file for design "inverter/NAND2_tb/schematic"..."
[00:32:20.84] /m Information: "Simulator input file composed successfully for design "inverter/NAND2_tb/schematic""
[00:32:20.99] /m Information: "Starting HSPICE simulation for design: inverter/NAND2_tb/schematic"
[00:32:20.99] /# gi::collapse {jobMonitorTable} -index {0.0.0.0,0} -in [gi::getWindows 13]
[00:32:21.01] /o 1
[00:32:21.33] /m Information: "Simulation completed successfully for design: inverter/NAND2_tb/schematic "
[00:32:21.53] /m Information: "Evaluating and plotting outputs..."
[00:32:21.64] /j ::wf::WaveView::plotSuccess WaveView_6 {} {_6ceb470_void_pp _6767938_void_pp} 
[00:32:21.74] /j ::wf::WaveView::plotSuccess WaveView_6 {} {_6ceb470_void_pp _6767a00_void_pp} 
[00:32:21.83] /j ::wf::WaveView::plotSuccess WaveView_6 {} {_6ceb470_void_pp _6767ac8_void_pp} 
[00:32:21.94] /m Information: Measurement calculations completed for testbench: default in 0s
[00:32:26.88] /i gi::setActiveWindow 7
[00:32:26.89] /i gi::setActiveWindow 7 -raise true
[00:32:27.87] /i gi::setActiveWindow 5
[00:32:27.87] /i gi::setActiveWindow 5 -raise true
[00:32:30.74] /i gi::setField {variablesTable} -index {1,1} -value {1.0} -in [gi::getWindows 5]
[00:32:30.74] /i gi::setField {variablesTable} -index {1,1} -value {1.0} -in [gi::getWindows 5]
[00:32:32.84] /i gi::setField {variablesTable} -index {1,1} -value {1.0u} -in [gi::getWindows 5]
[00:32:32.84] /i gi::setField {variablesTable} -index {1,1} -value {1.0u} -in [gi::getWindows 5]
[00:32:34.02] /i gi::executeAction menuPreShow -in [gi::getWindows 5]
[00:32:34.02] /r giMenuAccess db::getNext [gi::getMenus saConsoleSimMenu -from [gi::getWindows 5]]
[00:32:34.52] /# gi::executeAction saNetlistAndRun -in [gi::getWindows 5]
[00:32:34.52] /i isa::netlistAndRun -testbench [sa::findActiveTestbench -window 5] -mode overwrite
[00:32:34.60] /m Information: "Starting incremental netlisting for design "inverter/NAND2_tb/schematic"..." (NETLISTING-010)
[00:32:34.62] /o No Design Integrity rule violations found in "inverter/NAND2_tb/schematic"
[00:32:34.64] /m Information: "Netlisting design "inverter/NAND2_tb/schematic" finished successfully." (NETLISTING-012)
[00:32:34.65] /m Information: "Composing simulator input file for design "inverter/NAND2_tb/schematic"..."
[00:32:34.68] /m Information: "Simulator input file composed successfully for design "inverter/NAND2_tb/schematic""
[00:32:34.84] /m Information: "Starting HSPICE simulation for design: inverter/NAND2_tb/schematic"
[00:32:34.84] /# gi::collapse {jobMonitorTable} -index {0.0.0.0,0} -in [gi::getWindows 13]
[00:32:34.86] /o 1
[00:32:35.13] /m Information: "Simulation completed successfully for design: inverter/NAND2_tb/schematic "
[00:32:35.33] /m Information: "Evaluating and plotting outputs..."
[00:32:35.43] /j ::wf::WaveView::plotSuccess WaveView_6 {} {_6c90420_void_pp _6767870_void_pp} 
[00:32:35.52] /j ::wf::WaveView::plotSuccess WaveView_6 {} {_6c90420_void_pp _6767938_void_pp} 
[00:32:35.59] /j ::wf::WaveView::plotSuccess WaveView_6 {} {_6c90420_void_pp _6767a00_void_pp} 
[00:32:35.64] /i gi::setActiveWindow 7
[00:32:35.64] /i gi::setActiveWindow 7 -raise true
[00:32:35.67] /m Information: Measurement calculations completed for testbench: default in 0s
[00:32:36.82] /i gi::setActiveWindow 13
[00:32:36.82] /i gi::setActiveWindow 13 -raise true
[00:33:09.89] /i gi::setActiveWindow 7
[00:33:09.89] /i gi::setActiveWindow 7 -raise true
[00:33:10.79] /i gi::setActiveWindow 5
[00:33:10.79] /i gi::setActiveWindow 5 -raise true
[00:33:11.75] /i gi::setCurrentIndex {variablesTable} -index {2,1} -in [gi::getWindows 5]
[00:33:11.75] /i gi::setItemSelection {variablesTable} -index {2,1} -in [gi::getWindows 5]
[00:33:11.75] /i gi::setItemSelection {variablesTable} -index {2,1} -in [gi::getWindows 5]
[00:33:14.02] /i gi::setField {variablesTable} -index {2,1} -value {0.4u} -in [gi::getWindows 5]
[00:33:14.02] /i gi::setField {variablesTable} -index {2,1} -value {0.4u} -in [gi::getWindows 5]
[00:33:15.46] /i gi::executeAction menuPreShow -in [gi::getWindows 5]
[00:33:15.46] /r giMenuAccess db::getNext [gi::getMenus saConsoleSimMenu -from [gi::getWindows 5]]
[00:33:15.89] /# gi::executeAction saNetlistAndRun -in [gi::getWindows 5]
[00:33:15.89] /i isa::netlistAndRun -testbench [sa::findActiveTestbench -window 5] -mode overwrite
[00:33:15.94] /m Information: "Starting incremental netlisting for design "inverter/NAND2_tb/schematic"..." (NETLISTING-010)
[00:33:15.95] /o No Design Integrity rule violations found in "inverter/NAND2_tb/schematic"
[00:33:15.99] /m Information: "Netlisting design "inverter/NAND2_tb/schematic" finished successfully." (NETLISTING-012)
[00:33:15.99] /m Information: "Composing simulator input file for design "inverter/NAND2_tb/schematic"..."
[00:33:16.02] /m Information: "Simulator input file composed successfully for design "inverter/NAND2_tb/schematic""
[00:33:16.18] /m Information: "Starting HSPICE simulation for design: inverter/NAND2_tb/schematic"
[00:33:16.18] /# gi::collapse {jobMonitorTable} -index {0.0.0.0,0} -in [gi::getWindows 13]
[00:33:16.20] /o 1
[00:33:16.53] /m Information: "Simulation completed successfully for design: inverter/NAND2_tb/schematic "
[00:33:16.73] /m Information: "Evaluating and plotting outputs..."
[00:33:16.86] /j ::wf::WaveView::plotSuccess WaveView_6 {} {_6caa800_void_pp _6767ac8_void_pp} 
[00:33:16.96] /j ::wf::WaveView::plotSuccess WaveView_6 {} {_6caa800_void_pp _6767870_void_pp} 
[00:33:17.08] /j ::wf::WaveView::plotSuccess WaveView_6 {} {_6caa800_void_pp _6767938_void_pp} 
[00:33:17.13] /m Information: Measurement calculations completed for testbench: default in 1s
[00:33:20.65] /i gi::setActiveWindow 7
[00:33:20.65] /i gi::setActiveWindow 7 -raise true
[00:33:21.07] /i gi::setActiveWindow 5
[00:33:21.07] /i gi::setActiveWindow 5 -raise true
[00:33:21.82] /i gi::setCurrentIndex {variablesTable} -index {1,1} -in [gi::getWindows 5]
[00:33:21.82] /i gi::setItemSelection {variablesTable} -index {1,1} -in [gi::getWindows 5]
[00:33:21.82] /i gi::setItemSelection {variablesTable} -index {1,1} -in [gi::getWindows 5]
[00:33:23.97] /i gi::setField {variablesTable} -index {1,1} -value {0.7u} -in [gi::getWindows 5]
[00:33:23.97] /i gi::setField {variablesTable} -index {1,1} -value {0.7u} -in [gi::getWindows 5]
[00:33:25.13] /i gi::executeAction menuPreShow -in [gi::getWindows 5]
[00:33:25.13] /r giMenuAccess db::getNext [gi::getMenus saConsoleSimMenu -from [gi::getWindows 5]]
[00:33:25.54] /# gi::executeAction saNetlistAndRun -in [gi::getWindows 5]
[00:33:25.54] /i isa::netlistAndRun -testbench [sa::findActiveTestbench -window 5] -mode overwrite
[00:33:25.63] /m Information: "Starting incremental netlisting for design "inverter/NAND2_tb/schematic"..." (NETLISTING-010)
[00:33:25.64] /o No Design Integrity rule violations found in "inverter/NAND2_tb/schematic"
[00:33:25.67] /m Information: "Netlisting design "inverter/NAND2_tb/schematic" finished successfully." (NETLISTING-012)
[00:33:25.67] /m Information: "Composing simulator input file for design "inverter/NAND2_tb/schematic"..."
[00:33:25.70] /m Information: "Simulator input file composed successfully for design "inverter/NAND2_tb/schematic""
[00:33:25.86] /m Information: "Starting HSPICE simulation for design: inverter/NAND2_tb/schematic"
[00:33:25.87] /# gi::collapse {jobMonitorTable} -index {0.0.0.0,0} -in [gi::getWindows 13]
[00:33:25.90] /o 1
[00:33:26.23] /m Information: "Simulation completed successfully for design: inverter/NAND2_tb/schematic "
[00:33:26.45] /m Information: "Evaluating and plotting outputs..."
[00:33:26.58] /j ::wf::WaveView::plotSuccess WaveView_6 {} {_6c90420_void_pp _6767a00_void_pp} 
[00:33:26.68] /j ::wf::WaveView::plotSuccess WaveView_6 {} {_6c90420_void_pp _6767ac8_void_pp} 
[00:33:26.75] /j ::wf::WaveView::plotSuccess WaveView_6 {} {_6c90420_void_pp _6767870_void_pp} 
[00:33:26.84] /m Information: Measurement calculations completed for testbench: default in 0s
[00:33:33.66] /i gi::setActiveWindow 7
[00:33:33.66] /i gi::setActiveWindow 7 -raise true
[00:33:34.79] /i gi::setActiveWindow 5
[00:33:34.79] /i gi::setActiveWindow 5 -raise true
[00:33:41.74] /i gi::setField {variablesTable} -index {1,1} -value {0.7u} -in [gi::getWindows 5]
[00:33:41.75] /i gi::setCurrentIndex {variablesTable} -index {2,1} -in [gi::getWindows 5]
[00:33:41.75] /i gi::setItemSelection {variablesTable} -index {2,1} -in [gi::getWindows 5]
[00:33:41.75] /i gi::setItemSelection {variablesTable} -index {2,1} -in [gi::getWindows 5]
[00:33:43.41] /i gi::setField {variablesTable} -index {2,1} -value {0.4u} -in [gi::getWindows 5]
[00:33:43.41] /i gi::setCurrentIndex {variablesTable} -index {0,1} -in [gi::getWindows 5]
[00:33:43.41] /i gi::setItemSelection {variablesTable} -index {0,1} -in [gi::getWindows 5]
[00:33:43.41] /i gi::setItemSelection {variablesTable} -index {0,1} -in [gi::getWindows 5]
[00:33:43.86] /i gi::setField {variablesTable} -index {0,1} -value {25} -in [gi::getWindows 5]
[00:33:43.86] /i gi::setCurrentIndex {variablesTable} -index {1,1} -in [gi::getWindows 5]
[00:33:43.86] /i gi::setItemSelection {variablesTable} -index {1,1} -in [gi::getWindows 5]
[00:33:43.86] /i gi::setItemSelection {variablesTable} -index {1,1} -in [gi::getWindows 5]
[00:33:46.03] /i gi::setField {variablesTable} -index {1,1} -value {0.6u} -in [gi::getWindows 5]
[00:33:46.03] /i gi::setField {variablesTable} -index {1,1} -value {0.6u} -in [gi::getWindows 5]
[00:33:47.24] /i gi::executeAction menuPreShow -in [gi::getWindows 5]
[00:33:47.24] /r giMenuAccess db::getNext [gi::getMenus saConsoleSimMenu -from [gi::getWindows 5]]
[00:33:47.82] /# gi::executeAction saNetlistAndRun -in [gi::getWindows 5]
[00:33:47.82] /i isa::netlistAndRun -testbench [sa::findActiveTestbench -window 5] -mode overwrite
[00:33:47.89] /m Information: "Starting incremental netlisting for design "inverter/NAND2_tb/schematic"..." (NETLISTING-010)
[00:33:47.91] /o No Design Integrity rule violations found in "inverter/NAND2_tb/schematic"
[00:33:47.93] /m Information: "Netlisting design "inverter/NAND2_tb/schematic" finished successfully." (NETLISTING-012)
[00:33:47.94] /m Information: "Composing simulator input file for design "inverter/NAND2_tb/schematic"..."
[00:33:47.97] /m Information: "Simulator input file composed successfully for design "inverter/NAND2_tb/schematic""
[00:33:48.15] /m Information: "Starting HSPICE simulation for design: inverter/NAND2_tb/schematic"
[00:33:48.16] /# gi::collapse {jobMonitorTable} -index {0.0.0.0,0} -in [gi::getWindows 13]
[00:33:48.18] /o 1
[00:33:48.54] /m Information: "Simulation completed successfully for design: inverter/NAND2_tb/schematic "
[00:33:48.80] /m Information: "Evaluating and plotting outputs..."
[00:33:48.90] /j ::wf::WaveView::plotSuccess WaveView_6 {} {_6c7dae0_void_pp _6767938_void_pp} 
[00:33:49.00] /j ::wf::WaveView::plotSuccess WaveView_6 {} {_6c7dae0_void_pp _6767a00_void_pp} 
[00:33:49.12] /j ::wf::WaveView::plotSuccess WaveView_6 {} {_6c7dae0_void_pp _6767ac8_void_pp} 
[00:33:49.22] /m Information: Measurement calculations completed for testbench: default in 1s
[00:33:53.92] /i gi::setActiveWindow 5
[00:33:53.92] /i gi::setActiveWindow 5 -raise true
[00:33:54.57] /i gi::setCurrentIndex {variablesTable} -index {3,1} -in [gi::getWindows 5]
[00:33:54.57] /i gi::setItemSelection {variablesTable} -index {3,1} -in [gi::getWindows 5]
[00:33:54.57] /i gi::setItemSelection {variablesTable} -index {3,1} -in [gi::getWindows 5]
[00:33:58.33] /i gi::setField {variablesTable} -index {3,1} -value {0.1u} -in [gi::getWindows 5]
[00:33:58.33] /i gi::executeAction menuPreShow -in [gi::getWindows 5]
[00:33:58.33] /r giMenuAccess db::getNext [gi::getMenus saToolsMenu -from [gi::getWindows 5]]
[00:33:59.10] /# gi::executeAction saParametric -in [gi::getWindows 5]
[00:33:59.10] /i sa::showParametricAnalyses -parent 5
[00:33:59.14] /o oa:0x25c33080
[00:33:59.19] /i gi::setActiveDialog [gi::getDialogs {saParametricAnalyses} -parent [gi::getWindows 5]]
[00:33:59.50] /i db::setAttr geometry -of [gi::getDialogs {saParametricAnalyses} -parent [gi::getWindows 5]] -value 750x360+45+110
[00:34:01.29] /i gi::closeWindows [gi::getDialogs {saParametricAnalyses} -parent [gi::getWindows 5]]
[00:34:02.28] /i gi::setCurrentIndex {analysisPane} -index {1,3} -in [gi::getWindows 5]
[00:34:02.28] /i gi::setItemSelection {analysisPane} -index {1,3} -in [gi::getWindows 5]
[00:34:02.28] /i gi::setItemSelection {variablesTable} -index {} -in [gi::getWindows 5]
[00:34:02.28] /i gi::setItemSelection {variablesTable} -index {} -in [gi::getWindows 5]
[00:34:03.62] /i gi::setItemSelection {analysisPane} -index {} -in [gi::getWindows 5]
[00:34:04.76] /i gi::executeAction menuPreShow -in [gi::getWindows 5]
[00:34:04.76] /r giMenuAccess db::getNext [gi::getMenus saConsoleSimMenu -from [gi::getWindows 5]]
[00:34:05.39] /i gi::executeAction menuPreShow -in [gi::getWindows 5]
[00:34:05.39] /r giMenuAccess db::getNext [gi::getMenus saResultsMenu -from [gi::getWindows 5]]
[00:34:05.75] /i gi::executeAction menuPreShow -in [gi::getWindows 5]
[00:34:05.75] /r giMenuAccess db::getNext [gi::getMenus saToolsMenu -from [gi::getWindows 5]]
[00:34:06.43] /# gi::executeAction saParametric -in [gi::getWindows 5]
[00:34:06.43] /i sa::showParametricAnalyses -parent 5
[00:34:06.46] /o oa:0x1f6bd280
[00:34:06.51] /i gi::setActiveDialog [gi::getDialogs {saParametricAnalyses} -parent [gi::getWindows 5]]
[00:34:06.81] /i db::setAttr geometry -of [gi::getDialogs {saParametricAnalyses} -parent [gi::getWindows 5]] -value 750x360+45+110
[00:34:08.28] /i gi::pressButton {/allSweeps/treeWidgetAdd} -in [gi::getDialogs {saParametricAnalyses} -parent [gi::getWindows 5]]
[00:34:08.35] /r giDialog gi::setActiveDialog [gi::getDialogs {addNewSweepDialog} -parent [gi::getWindows 5]]
[00:34:08.62] /r giDialog db::setAttr geometry -of [gi::getDialogs {addNewSweepDialog} -parent [gi::getWindows 5]] -value 345x97+248+241
[00:34:10.45] /r giDialog gi::setField {/designVar} -value {l} -in [gi::getDialogs {addNewSweepDialog} -parent [gi::getWindows 5]]
[00:34:11.02] /r giDialog gi::pressButton {/ok} -in [gi::getDialogs {addNewSweepDialog} -parent [gi::getWindows 5]]
[00:34:11.02] /i gi::expand {/allSweeps/treeWidget} -index {0.0.0,0} -in [gi::getDialogs {saParametricAnalyses} -parent [gi::getWindows 5]]
[00:34:11.03] /i gi::setField {/allSweeps/treeWidget} -index {0.0.0,1} -value {true} -in [gi::getDialogs {saParametricAnalyses} -parent [gi::getWindows 5]]
[00:34:11.03] /i gi::setField {/allSweeps/treeWidget} -index {0.0.0,2} -value {false} -in [gi::getDialogs {saParametricAnalyses} -parent [gi::getWindows 5]]
[00:34:11.03] /i gi::setItemSelection {/allSweeps/treeWidget} -index {} -in [gi::getDialogs {saParametricAnalyses} -parent [gi::getWindows 5]]
[00:34:11.04] /i gi::setItemSelection {/allSweeps/treeWidget} -index {0.0.0,all} -in [gi::getDialogs {saParametricAnalyses} -parent [gi::getWindows 5]]
[00:34:11.05] /i gi::setActiveDialog [gi::getDialogs {saParametricAnalyses} -parent [gi::getWindows 5]]
[00:34:14.66] /i gi::setField {/toplevelgrp/rangeDetailsGroup/rangeValGroup/start} -value {0.09} -in [gi::getDialogs {saParametricAnalyses} -parent [gi::getWindows 5]]
[00:34:20.68] /i gi::setField {/toplevelgrp/rangeDetailsGroup/rangeValGroup/stop} -value {0.2} -in [gi::getDialogs {saParametricAnalyses} -parent [gi::getWindows 5]]
[00:34:23.21] /i gi::setField {/toplevelgrp/stepDetailsGroup/stepValGroup/linearText} -value {0.02} -in [gi::getDialogs {saParametricAnalyses} -parent [gi::getWindows 5]]
[00:34:23.28] /i gi::pressButton {/apply} -in [gi::getDialogs {saParametricAnalyses} -parent [gi::getWindows 5]]
[00:34:23.29] /# gi::setItemSelection {analysisPane} -index {1,3} -in [gi::getWindows 5]
[00:34:23.29] /# gi::setCurrentIndex {analysisPane} -index {1,3} -in [gi::getWindows 5]
[00:34:23.82] /i gi::pressButton {/ok} -in [gi::getDialogs {saParametricAnalyses} -parent [gi::getWindows 5]]
[00:34:27.40] /i gi::executeAction menuPreShow -in [gi::getWindows 5]
[00:34:27.40] /r giMenuAccess db::getNext [gi::getMenus saConsoleSimMenu -from [gi::getWindows 5]]
[00:34:28.09] /# gi::executeAction saNetlistAndRun -in [gi::getWindows 5]
[00:34:28.09] /i isa::netlistAndRun -testbench [sa::findActiveTestbench -window 5] -mode overwrite
[00:34:28.17] /m Information: "Starting incremental netlisting for design "inverter/NAND2_tb/schematic"..." (NETLISTING-010)
[00:34:28.19] /o No Design Integrity rule violations found in "inverter/NAND2_tb/schematic"
[00:34:28.21] /m Information: "Netlisting design "inverter/NAND2_tb/schematic" finished successfully." (NETLISTING-012)
[00:34:28.22] /m Information: "Composing simulator input file for design "inverter/NAND2_tb/schematic"..."
[00:34:28.25] /m Information: "Simulator input file composed successfully for design "inverter/NAND2_tb/schematic""
[00:34:28.41] /e Error: 'points' option(s) defined in sweep range for parameter 'l' should be positive integer value(s). (TCL)
[00:34:33.53] /i gi::setActiveWindow 7
[00:34:33.53] /i gi::setActiveWindow 7 -raise true
[00:34:34.25] /i gi::setActiveWindow 5
[00:34:34.25] /i gi::setActiveWindow 5 -raise true
[00:34:38.00] /i gi::setCurrentIndex {analysisPane} -index {2,3} -in [gi::getWindows 5]
[00:34:38.01] /i gi::setItemSelection {analysisPane} -index {2,3} -in [gi::getWindows 5]
[00:34:38.70] /i gi::setActiveDialog [gi::getDialogs {saParametricAnalyses} -parent [gi::getWindows 5]]
[00:34:39.00] /i db::setAttr geometry -of [gi::getDialogs {saParametricAnalyses} -parent [gi::getWindows 5]] -value 750x360+45+110
[00:34:43.08] /i gi::setField {/toplevelgrp/rangeDetailsGroup/rangeValGroup/start} -value {0.09u} -in [gi::getDialogs {saParametricAnalyses} -parent [gi::getWindows 5]]
[00:34:44.07] /i gi::setField {/toplevelgrp/rangeDetailsGroup/rangeValGroup/stop} -value {0.2u} -in [gi::getDialogs {saParametricAnalyses} -parent [gi::getWindows 5]]
[00:34:45.37] /i gi::setField {/toplevelgrp/stepDetailsGroup/stepValGroup/linearText} -value {0.02u} -in [gi::getDialogs {saParametricAnalyses} -parent [gi::getWindows 5]]
[00:34:45.93] /i gi::setField {/toplevelgrp/stepDetailsGroup/stepValGroup/linearType} -value {Step\ Size} -in [gi::getDialogs {saParametricAnalyses} -parent [gi::getWindows 5]]
[00:34:51.06] /i gi::pressButton {/apply} -in [gi::getDialogs {saParametricAnalyses} -parent [gi::getWindows 5]]
[00:34:51.07] /# gi::setItemSelection {analysisPane} -index {1,3} -in [gi::getWindows 5]
[00:34:51.07] /# gi::setCurrentIndex {analysisPane} -index {1,3} -in [gi::getWindows 5]
[00:34:51.51] /i gi::pressButton {/ok} -in [gi::getDialogs {saParametricAnalyses} -parent [gi::getWindows 5]]
[00:34:52.61] /i gi::executeAction menuPreShow -in [gi::getWindows 5]
[00:34:52.61] /r giMenuAccess db::getNext [gi::getMenus saConsoleSimMenu -from [gi::getWindows 5]]
[00:34:53.03] /# gi::executeAction saNetlistAndRun -in [gi::getWindows 5]
[00:34:53.03] /i isa::netlistAndRun -testbench [sa::findActiveTestbench -window 5] -mode overwrite
[00:34:53.11] /m Information: "Starting incremental netlisting for design "inverter/NAND2_tb/schematic"..." (NETLISTING-010)
[00:34:53.12] /o No Design Integrity rule violations found in "inverter/NAND2_tb/schematic"
[00:34:53.15] /m Information: "Netlisting design "inverter/NAND2_tb/schematic" finished successfully." (NETLISTING-012)
[00:34:53.15] /m Information: "Composing simulator input file for design "inverter/NAND2_tb/schematic"..."
[00:34:53.18] /m Information: "Simulator input file composed successfully for design "inverter/NAND2_tb/schematic""
[00:34:53.32] /m Information: "Composing simulator input file for design "inverter/NAND2_tb/schematic" for 6 iterations..."
[00:34:53.43] /m Information: "Simulator input file composed successfully for design "inverter/NAND2_tb/schematic""
[00:34:53.48] /m Information: "Starting 6 HSPICE simulations for design: inverter/NAND2_tb/schematic"
[00:34:53.48] /# gi::collapse {jobMonitorTable} -index {0.0.0.0,0} -in [gi::getWindows 13]
[00:34:53.49] /# gi::collapse {jobMonitorTable} -index {0.0.0.0.0,0} -in [gi::getWindows 13]
[00:34:53.51] /m Information: "Simulations launched successfully for design: inverter/NAND2_tb/schematic"
[00:34:53.52] /o 1
[00:34:53.74] /m Information: "Simulation completed successfully for design: inverter/NAND2_tb/schematic point: l=90.0000n"
[00:34:53.83] /m Information: "Simulation completed successfully for design: inverter/NAND2_tb/schematic point: l=0.110000u"
[00:34:53.87] /m Information: "Simulation completed successfully for design: inverter/NAND2_tb/schematic point: l=0.130000u"
[00:34:54.71] /m Information: "Simulation completed successfully for design: inverter/NAND2_tb/schematic point: l=0.150000u"
[00:34:54.81] /m Information: "Simulation completed successfully for design: inverter/NAND2_tb/schematic point: l=0.170000u"
[00:34:54.83] /m Information: "Simulation completed successfully for design: inverter/NAND2_tb/schematic point: l=0.190000u"
[00:34:55.03] /m Information: "Evaluating and plotting outputs..."
[00:34:55.12] /j ::wf::WaveView::plotSuccess WaveView_6 {} {_6ca6ba0_void_pp {_6767870_void_pp _6767b90_void_pp _6767c58_void_pp _6767d20_void_pp _6767de8_void_pp _6767eb0_void_pp}} 
[00:34:55.17] /j ::wf::WaveView::plotSuccess WaveView_6 {} {_6ca6ba0_void_pp {_6767938_void_pp _6767f78_void_pp _6768040_void_pp _6768108_void_pp _67681d0_void_pp _6768298_void_pp}} 
[00:34:55.23] /j ::wf::WaveView::plotSuccess WaveView_6 {} {_6ca6ba0_void_pp {_6767a00_void_pp _6768360_void_pp _6768428_void_pp _67684f0_void_pp _67685b8_void_pp _6768680_void_pp}} 
[00:34:55.52] /m Information: Measurement calculations completed for testbench: default in 0s
[00:35:18.63] /i gi::setActiveWindow 5
[00:35:18.63] /i gi::setActiveWindow 5 -raise true
[00:35:19.90] /i gi::setCurrentIndex {variablesTable} -index {3,1} -in [gi::getWindows 5]
[00:35:19.90] /i gi::setItemSelection {variablesTable} -index {3,1} -in [gi::getWindows 5]
[00:35:19.90] /i gi::setItemSelection {variablesTable} -index {3,1} -in [gi::getWindows 5]
[00:35:19.90] /i gi::setItemSelection {analysisPane} -index {} -in [gi::getWindows 5]
[00:35:22.33] /i gi::setCurrentIndex {analysisPane} -index {2,3} -in [gi::getWindows 5]
[00:35:22.33] /i gi::setItemSelection {analysisPane} -index {2,3} -in [gi::getWindows 5]
[00:35:22.33] /i gi::setItemSelection {variablesTable} -index {} -in [gi::getWindows 5]
[00:35:22.33] /i gi::setItemSelection {variablesTable} -index {} -in [gi::getWindows 5]
[00:35:22.60] /i gi::setActiveDialog [gi::getDialogs {saParametricAnalyses} -parent [gi::getWindows 5]]
[00:35:22.91] /i db::setAttr geometry -of [gi::getDialogs {saParametricAnalyses} -parent [gi::getWindows 5]] -value 750x360+45+110
[00:35:27.70] /i gi::setField {/toplevelgrp/rangeDetailsGroup/rangeValGroup/start} -value {0.2u} -in [gi::getDialogs {saParametricAnalyses} -parent [gi::getWindows 5]]
[00:35:32.36] /i gi::setField {/toplevelgrp/rangeDetailsGroup/rangeValGroup/stop} -value {0.5u} -in [gi::getDialogs {saParametricAnalyses} -parent [gi::getWindows 5]]
[00:35:35.60] /i gi::setField {/toplevelgrp/stepDetailsGroup/stepValGroup/linearText} -value {0.1u} -in [gi::getDialogs {saParametricAnalyses} -parent [gi::getWindows 5]]
[00:35:35.68] /i gi::pressButton {/apply} -in [gi::getDialogs {saParametricAnalyses} -parent [gi::getWindows 5]]
[00:35:35.69] /# gi::setItemSelection {analysisPane} -index {1,3} -in [gi::getWindows 5]
[00:35:35.69] /# gi::setCurrentIndex {analysisPane} -index {1,3} -in [gi::getWindows 5]
[00:35:36.02] /i gi::pressButton {/ok} -in [gi::getDialogs {saParametricAnalyses} -parent [gi::getWindows 5]]
[00:35:36.83] /i gi::executeAction menuPreShow -in [gi::getWindows 5]
[00:35:36.83] /r giMenuAccess db::getNext [gi::getMenus saConsoleSimMenu -from [gi::getWindows 5]]
[00:35:37.57] /# gi::executeAction saNetlistAndRun -in [gi::getWindows 5]
[00:35:37.57] /i isa::netlistAndRun -testbench [sa::findActiveTestbench -window 5] -mode overwrite
[00:35:37.66] /m Information: "Starting incremental netlisting for design "inverter/NAND2_tb/schematic"..." (NETLISTING-010)
[00:35:37.67] /o No Design Integrity rule violations found in "inverter/NAND2_tb/schematic"
[00:35:37.70] /m Information: "Netlisting design "inverter/NAND2_tb/schematic" finished successfully." (NETLISTING-012)
[00:35:37.70] /m Information: "Composing simulator input file for design "inverter/NAND2_tb/schematic"..."
[00:35:37.73] /m Information: "Simulator input file composed successfully for design "inverter/NAND2_tb/schematic""
[00:35:37.88] /m Information: "Composing simulator input file for design "inverter/NAND2_tb/schematic" for 4 iterations..."
[00:35:37.98] /m Information: "Simulator input file composed successfully for design "inverter/NAND2_tb/schematic""
[00:35:38.04] /m Information: "Starting 4 HSPICE simulations for design: inverter/NAND2_tb/schematic"
[00:35:38.05] /# gi::collapse {jobMonitorTable} -index {0.0.0.0,0} -in [gi::getWindows 13]
[00:35:38.08] /m Information: "Simulations launched successfully for design: inverter/NAND2_tb/schematic"
[00:35:38.09] /o 1
[00:35:38.45] /m Information: "Simulation completed successfully for design: inverter/NAND2_tb/schematic point: l=0.300000u"
[00:35:38.54] /m Information: "Simulation completed successfully for design: inverter/NAND2_tb/schematic point: l=0.200000u"
[00:35:38.57] /m Information: "Simulation completed successfully for design: inverter/NAND2_tb/schematic point: l=0.400000u"
[00:35:38.84] /m Information: "Simulation completed successfully for design: inverter/NAND2_tb/schematic point: l=0.500000u"
[00:35:39.08] /m Information: "Evaluating and plotting outputs..."
[00:35:39.21] /j ::wf::WaveView::plotSuccess WaveView_6 {} {_6d19890_void_pp {_6768680_void_pp _67685b8_void_pp _6768810_void_pp _67688d8_void_pp}} 
[00:35:39.26] /j ::wf::WaveView::plotSuccess WaveView_6 {} {_6d19890_void_pp {_6767d20_void_pp _6767c58_void_pp _6767b90_void_pp _6767870_void_pp}} 
[00:35:39.74] /j ::wf::WaveView::plotSuccess WaveView_6 {} {_6d19890_void_pp {_6768108_void_pp _6768040_void_pp _6767f78_void_pp _6767938_void_pp}} 
[00:35:39.86] /m Information: Measurement calculations completed for testbench: default in 0s
[00:36:15.98] /i gi::setActiveWindow 7
[00:36:15.98] /i gi::setActiveWindow 7 -raise true
[00:36:18.26] /i gi::setActiveWindow 5
[00:36:18.26] /i gi::setActiveWindow 5 -raise true
[00:36:20.10] /i gi::setActiveDialog [gi::getDialogs {saEditAnalysesDialogXsaeSession0} -parent [gi::getWindows 5]]
[00:36:20.39] /i db::setAttr geometry -of [gi::getDialogs {saEditAnalysesDialogXsaeSession0} -parent [gi::getWindows 5]] -value 633x680+762+413
[00:36:21.22] /i gi::closeWindows [gi::getDialogs {saEditAnalysesDialogXsaeSession0} -parent [gi::getWindows 5]]
[00:36:21.67] /i gi::setCurrentIndex {analysisPane} -index {1,3} -in [gi::getWindows 5]
[00:36:21.67] /i gi::setItemSelection {analysisPane} -index {1,3} -in [gi::getWindows 5]
[00:36:22.10] /i gi::setCurrentIndex {analysisPane} -index {2,3} -in [gi::getWindows 5]
[00:36:22.10] /i gi::setItemSelection {analysisPane} -index {2,3} -in [gi::getWindows 5]
[00:36:22.33] /i gi::setActiveDialog [gi::getDialogs {saParametricAnalyses} -parent [gi::getWindows 5]]
[00:36:22.61] /i db::setAttr geometry -of [gi::getDialogs {saParametricAnalyses} -parent [gi::getWindows 5]] -value 750x360+45+110
[00:36:27.97] /i gi::setField {/toplevelgrp/rangeDetailsGroup/rangeValGroup/stop} -value {1.8u} -in [gi::getDialogs {saParametricAnalyses} -parent [gi::getWindows 5]]
[00:36:31.87] /i gi::setField {/toplevelgrp/rangeDetailsGroup/rangeValGroup/start} -value {0.8u} -in [gi::getDialogs {saParametricAnalyses} -parent [gi::getWindows 5]]
[00:36:31.96] /i gi::pressButton {/apply} -in [gi::getDialogs {saParametricAnalyses} -parent [gi::getWindows 5]]
[00:36:31.97] /# gi::setItemSelection {analysisPane} -index {1,3} -in [gi::getWindows 5]
[00:36:31.97] /# gi::setCurrentIndex {analysisPane} -index {1,3} -in [gi::getWindows 5]
[00:36:32.45] /i gi::pressButton {/ok} -in [gi::getDialogs {saParametricAnalyses} -parent [gi::getWindows 5]]
[00:36:33.46] /i gi::executeAction menuPreShow -in [gi::getWindows 5]
[00:36:33.46] /r giMenuAccess db::getNext [gi::getMenus saConsoleSimMenu -from [gi::getWindows 5]]
[00:36:34.27] /# gi::executeAction saNetlistAndRun -in [gi::getWindows 5]
[00:36:34.27] /i isa::netlistAndRun -testbench [sa::findActiveTestbench -window 5] -mode overwrite
[00:36:34.36] /m Information: "Starting incremental netlisting for design "inverter/NAND2_tb/schematic"..." (NETLISTING-010)
[00:36:34.37] /o No Design Integrity rule violations found in "inverter/NAND2_tb/schematic"
[00:36:34.39] /m Information: "Netlisting design "inverter/NAND2_tb/schematic" finished successfully." (NETLISTING-012)
[00:36:34.40] /m Information: "Composing simulator input file for design "inverter/NAND2_tb/schematic"..."
[00:36:34.43] /m Information: "Simulator input file composed successfully for design "inverter/NAND2_tb/schematic""
[00:36:34.57] /m Information: "Composing simulator input file for design "inverter/NAND2_tb/schematic" for 11 iterations..."
[00:36:34.77] /m Information: "Simulator input file composed successfully for design "inverter/NAND2_tb/schematic""
[00:36:34.83] /m Information: "Starting 11 HSPICE simulations for design: inverter/NAND2_tb/schematic"
[00:36:34.84] /# gi::collapse {jobMonitorTable} -index {0.0.0.0,0} -in [gi::getWindows 13]
[00:36:34.88] /m Information: "Simulations launched successfully for design: inverter/NAND2_tb/schematic"
[00:36:34.88] /o 1
[00:36:35.35] /m Information: "Simulation completed successfully for design: inverter/NAND2_tb/schematic point: l=0.800000u"
[00:36:35.39] /m Information: "Simulation completed successfully for design: inverter/NAND2_tb/schematic point: l=0.900000u"
[00:36:35.43] /m Information: "Simulation completed successfully for design: inverter/NAND2_tb/schematic point: l=1.00000u"
[00:36:35.74] /m Information: "Simulation completed successfully for design: inverter/NAND2_tb/schematic point: l=1.10000u"
[00:36:35.84] /m Information: "Simulation completed successfully for design: inverter/NAND2_tb/schematic point: l=1.20000u"
[00:36:35.88] /m Information: "Simulation completed successfully for design: inverter/NAND2_tb/schematic point: l=1.30000u"
[00:36:36.04] /m Information: "Simulation completed successfully for design: inverter/NAND2_tb/schematic point: l=1.40000u"
[00:36:36.14] /m Information: "Simulation completed successfully for design: inverter/NAND2_tb/schematic point: l=1.50000u"
[00:36:36.17] /m Information: "Simulation completed successfully for design: inverter/NAND2_tb/schematic point: l=1.60000u"
[00:36:36.43] /m Information: "Simulation completed successfully for design: inverter/NAND2_tb/schematic point: l=1.70000u"
[00:36:36.46] /m Information: "Simulation completed successfully for design: inverter/NAND2_tb/schematic point: l=1.80000u"
[00:36:36.69] /m Information: "Evaluating and plotting outputs..."
[00:36:36.87] /j ::wf::WaveView::plotSuccess WaveView_6 {} {_6dd2610_void_pp {_676a750_void_pp _676a818_void_pp _676a8e0_void_pp _676a9a8_void_pp _676aa70_void_pp _676ab38_void_pp _676ac00_void_pp _676acc8_void_pp _676ad90_void_pp _676ae58_void_pp _676af20_void_pp}} 
[00:36:36.91] /j ::wf::WaveView::plotSuccess WaveView_6 {} {_6dd2610_void_pp {_6767eb0_void_pp _6768360_void_pp _6767de8_void_pp _6767ac8_void_pp _6768428_void_pp _6768748_void_pp _67684f0_void_pp _67688d8_void_pp _6768810_void_pp _67685b8_void_pp _6768680_void_pp}} 
[00:36:37.72] /m Information: Measurement calculations completed for testbench: default in 1s
[00:36:38.32] /j ::wf::WaveView::plotSuccess WaveView_6 {} {_6dd2610_void_pp {_6768bf8_void_pp _6768b30_void_pp _6768a68_void_pp _67689a0_void_pp _6767a00_void_pp _6768298_void_pp _67681d0_void_pp _6767870_void_pp _6767b90_void_pp _6767c58_void_pp _6767d20_void_pp}} 
[00:36:56.43] /i gi::setActiveWindow 7
[00:36:56.43] /i gi::setActiveWindow 7 -raise true
[00:36:57.25] /i gi::setActiveWindow 5
[00:36:57.25] /i gi::setActiveWindow 5 -raise true
[00:36:58.14] /i gi::setCurrentIndex {variablesTable} -index {1,1} -in [gi::getWindows 5]
[00:36:58.14] /i gi::setItemSelection {variablesTable} -index {1,1} -in [gi::getWindows 5]
[00:36:58.14] /i gi::setItemSelection {variablesTable} -index {1,1} -in [gi::getWindows 5]
[00:36:58.14] /i gi::setItemSelection {analysisPane} -index {} -in [gi::getWindows 5]
[00:37:02.64] /i gi::setField {variablesTable} -index {1,1} -value {0.6u} -in [gi::getWindows 5]
[00:37:02.64] /i gi::setCurrentIndex {variablesTable} -index {2,1} -in [gi::getWindows 5]
[00:37:02.64] /i gi::setItemSelection {variablesTable} -index {2,1} -in [gi::getWindows 5]
[00:37:02.64] /i gi::setItemSelection {variablesTable} -index {2,1} -in [gi::getWindows 5]
[00:37:04.36] /i gi::setField {variablesTable} -index {2,1} -value {1.8u} -in [gi::getWindows 5]
[00:37:04.36] /i gi::setField {variablesTable} -index {2,1} -value {1.8u} -in [gi::getWindows 5]
[00:37:05.33] /i gi::setCurrentIndex {variablesTable} -index {1,1} -in [gi::getWindows 5]
[00:37:05.33] /i gi::setItemSelection {variablesTable} -index {1,1} -in [gi::getWindows 5]
[00:37:05.33] /i gi::setItemSelection {variablesTable} -index {1,1} -in [gi::getWindows 5]
[00:37:07.95] /i gi::setField {variablesTable} -index {1,1} -value {2.0u} -in [gi::getWindows 5]
[00:37:07.95] /i gi::setField {variablesTable} -index {1,1} -value {2.0u} -in [gi::getWindows 5]
[00:37:09.55] /i gi::executeAction menuPreShow -in [gi::getWindows 5]
[00:37:09.55] /r giMenuAccess db::getNext [gi::getMenus saConsoleSimMenu -from [gi::getWindows 5]]
[00:37:10.05] /# gi::executeAction saNetlistAndRun -in [gi::getWindows 5]
[00:37:10.05] /i isa::netlistAndRun -testbench [sa::findActiveTestbench -window 5] -mode overwrite
[00:37:10.12] /m Information: "Starting incremental netlisting for design "inverter/NAND2_tb/schematic"..." (NETLISTING-010)
[00:37:10.13] /o No Design Integrity rule violations found in "inverter/NAND2_tb/schematic"
[00:37:10.14] /m Information: "Netlisting design "inverter/NAND2_tb/schematic" finished successfully." (NETLISTING-012)
[00:37:10.15] /m Information: "Composing simulator input file for design "inverter/NAND2_tb/schematic"..."
[00:37:10.18] /m Information: "Simulator input file composed successfully for design "inverter/NAND2_tb/schematic""
[00:37:10.32] /m Information: "Composing simulator input file for design "inverter/NAND2_tb/schematic" for 11 iterations..."
[00:37:10.53] /m Information: "Simulator input file composed successfully for design "inverter/NAND2_tb/schematic""
[00:37:10.59] /m Information: "Starting 11 HSPICE simulations for design: inverter/NAND2_tb/schematic"
[00:37:10.60] /# gi::collapse {jobMonitorTable} -index {0.0.0.0,0} -in [gi::getWindows 13]
[00:37:10.62] /# gi::collapse {jobMonitorTable} -index {0.0.0.0.0,0} -in [gi::getWindows 13]
[00:37:10.65] /m Information: "Simulations launched successfully for design: inverter/NAND2_tb/schematic"
[00:37:10.65] /o 1
[00:37:11.05] /m Information: "Simulation completed successfully for design: inverter/NAND2_tb/schematic point: l=0.800000u"
[00:37:11.14] /m Information: "Simulation completed successfully for design: inverter/NAND2_tb/schematic point: l=0.900000u"
[00:37:11.18] /m Information: "Simulation completed successfully for design: inverter/NAND2_tb/schematic point: l=1.00000u"
[00:37:11.45] /m Information: "Simulation completed successfully for design: inverter/NAND2_tb/schematic point: l=1.10000u"
[00:37:11.64] /m Information: "Simulation completed successfully for design: inverter/NAND2_tb/schematic point: l=1.20000u"
[00:37:11.69] /m Information: "Simulation completed successfully for design: inverter/NAND2_tb/schematic point: l=1.30000u"
[00:37:11.75] /m Information: "Simulation completed successfully for design: inverter/NAND2_tb/schematic point: l=1.40000u"
[00:37:12.14] /m Information: "Simulation completed successfully for design: inverter/NAND2_tb/schematic point: l=1.50000u"
[00:37:12.28] /m Information: "Simulation completed successfully for design: inverter/NAND2_tb/schematic point: l=1.60000u"
[00:37:12.31] /m Information: "Simulation completed successfully for design: inverter/NAND2_tb/schematic point: l=1.70000u"
[00:37:12.83] /m Information: "Simulation completed successfully for design: inverter/NAND2_tb/schematic point: l=1.80000u"
[00:37:13.03] /m Information: "Evaluating and plotting outputs..."
[00:37:13.86] /j ::wf::WaveView::plotSuccess WaveView_6 {} {_73b42b0_void_pp {_676a688_void_pp _676a5c0_void_pp _676a4f8_void_pp _676a430_void_pp _676a368_void_pp _676a2a0_void_pp _676a1d8_void_pp _6767938_void_pp _676a110_void_pp _676a048_void_pp _6769f80_void_pp}} 
[00:37:14.22] /m Information: Measurement calculations completed for testbench: default in 1s
[00:37:14.25] /j ::wf::WaveView::plotSuccess WaveView_6 {} {_73b42b0_void_pp {_676af20_void_pp _676ae58_void_pp _676ad90_void_pp _676acc8_void_pp _676ac00_void_pp _676ab38_void_pp _676aa70_void_pp _676a9a8_void_pp _676a8e0_void_pp _676a818_void_pp _676a750_void_pp}} 
[00:37:17.82] /j ::wf::WaveView::plotSuccess WaveView_6 {} {_73b42b0_void_pp {_6768680_void_pp _67685b8_void_pp _6768810_void_pp _67688d8_void_pp _67684f0_void_pp _6768748_void_pp _6768428_void_pp _6767ac8_void_pp _6767de8_void_pp _6768360_void_pp _6767eb0_void_pp}} 
[00:37:54.94] /i gi::setActiveWindow 7
[00:37:54.94] /i gi::setActiveWindow 7 -raise true
[00:37:55.39] /i gi::setActiveWindow 5
[00:37:55.39] /i gi::setActiveWindow 5 -raise true
[00:37:57.53] /i gi::setField {analysisPane} -index {2,2} -value {false} -in [gi::getWindows 5]
[00:37:58.76] /i gi::setCurrentIndex {variablesTable} -index {3,1} -in [gi::getWindows 5]
[00:37:58.76] /i gi::setItemSelection {variablesTable} -index {3,1} -in [gi::getWindows 5]
[00:37:58.76] /i gi::setItemSelection {variablesTable} -index {3,1} -in [gi::getWindows 5]
[00:38:00.43] /i gi::setField {variablesTable} -index {3,1} -value {1.2u} -in [gi::getWindows 5]
[00:38:00.43] /i gi::setField {variablesTable} -index {3,1} -value {1.2u} -in [gi::getWindows 5]
[00:38:01.51] /i gi::executeAction menuPreShow -in [gi::getWindows 5]
[00:38:01.51] /r giMenuAccess db::getNext [gi::getMenus saConsoleSimMenu -from [gi::getWindows 5]]
[00:38:01.97] /# gi::executeAction saNetlistAndRun -in [gi::getWindows 5]
[00:38:01.97] /i isa::netlistAndRun -testbench [sa::findActiveTestbench -window 5] -mode overwrite
[00:38:02.05] /m Information: "Starting incremental netlisting for design "inverter/NAND2_tb/schematic"..." (NETLISTING-010)
[00:38:02.06] /o No Design Integrity rule violations found in "inverter/NAND2_tb/schematic"
[00:38:02.08] /m Information: "Netlisting design "inverter/NAND2_tb/schematic" finished successfully." (NETLISTING-012)
[00:38:02.09] /m Information: "Composing simulator input file for design "inverter/NAND2_tb/schematic"..."
[00:38:02.12] /m Information: "Simulator input file composed successfully for design "inverter/NAND2_tb/schematic""
[00:38:02.30] /m Information: "Starting HSPICE simulation for design: inverter/NAND2_tb/schematic"
[00:38:02.30] /# gi::collapse {jobMonitorTable} -index {0.0.0.0,0} -in [gi::getWindows 13]
[00:38:02.32] /o 1
[00:38:02.63] /m Information: "Simulation completed successfully for design: inverter/NAND2_tb/schematic "
[00:38:02.84] /m Information: "Evaluating and plotting outputs..."
[00:38:03.23] /m Information: Measurement calculations completed for testbench: default in 0s
[00:38:03.55] /j ::wf::WaveView::plotSuccess WaveView_6 {} {_76491f0_void_pp _6767d20_void_pp} 
[00:38:03.87] /j ::wf::WaveView::plotSuccess WaveView_6 {} {_76491f0_void_pp _6769f80_void_pp} 
[00:38:07.61] /j ::wf::WaveView::plotSuccess WaveView_6 {} {_76491f0_void_pp _676a750_void_pp} 
[00:38:18.47] /i gi::setActiveWindow 7
[00:38:18.48] /i gi::setActiveWindow 7 -raise true
[00:38:20.00] /i gi::setActiveWindow 5
[00:38:20.00] /i gi::setActiveWindow 5 -raise true
[00:38:21.84] /i gi::setField {variablesTable} -index {3,1} -value {1.2u} -in [gi::getWindows 5]
[00:38:21.84] /i gi::setCurrentIndex {variablesTable} -index {2,1} -in [gi::getWindows 5]
[00:38:21.84] /i gi::setItemSelection {variablesTable} -index {2,1} -in [gi::getWindows 5]
[00:38:21.84] /i gi::setItemSelection {variablesTable} -index {2,1} -in [gi::getWindows 5]
[00:38:22.24] /i gi::setField {variablesTable} -index {2,1} -value {1.8u} -in [gi::getWindows 5]
[00:38:22.24] /i gi::setCurrentIndex {variablesTable} -index {1,1} -in [gi::getWindows 5]
[00:38:22.24] /i gi::setItemSelection {variablesTable} -index {1,1} -in [gi::getWindows 5]
[00:38:22.24] /i gi::setItemSelection {variablesTable} -index {1,1} -in [gi::getWindows 5]
[00:38:27.06] /i gi::setField {variablesTable} -index {1,1} -value {3.6u} -in [gi::getWindows 5]
[00:38:27.06] /i gi::setField {variablesTable} -index {1,1} -value {3.6u} -in [gi::getWindows 5]
[00:38:34.48] /i gi::setActiveWindow 2
[00:38:34.48] /i gi::setActiveWindow 2 -raise true
[00:38:35.13] /i gi::setActiveWindow 5
[00:38:35.13] /i gi::setActiveWindow 5 -raise true
[00:38:35.99] /i gi::executeAction menuPreShow -in [gi::getWindows 5]
[00:38:35.99] /r giMenuAccess db::getNext [gi::getMenus saConsoleSimMenu -from [gi::getWindows 5]]
[00:38:36.53] /# gi::executeAction saNetlistAndRun -in [gi::getWindows 5]
[00:38:36.53] /i isa::netlistAndRun -testbench [sa::findActiveTestbench -window 5] -mode overwrite
[00:38:36.58] /m Information: "Starting incremental netlisting for design "inverter/NAND2_tb/schematic"..." (NETLISTING-010)
[00:38:36.59] /o No Design Integrity rule violations found in "inverter/NAND2_tb/schematic"
[00:38:36.61] /m Information: "Netlisting design "inverter/NAND2_tb/schematic" finished successfully." (NETLISTING-012)
[00:38:36.62] /m Information: "Composing simulator input file for design "inverter/NAND2_tb/schematic"..."
[00:38:36.65] /m Information: "Simulator input file composed successfully for design "inverter/NAND2_tb/schematic""
[00:38:36.83] /m Information: "Starting HSPICE simulation for design: inverter/NAND2_tb/schematic"
[00:38:36.83] /# gi::collapse {jobMonitorTable} -index {0.0.0.0,0} -in [gi::getWindows 13]
[00:38:36.85] /o 1
[00:38:37.24] /m Information: "Simulation completed successfully for design: inverter/NAND2_tb/schematic "
[00:38:37.46] /m Information: "Evaluating and plotting outputs..."
[00:38:37.85] /m Information: Measurement calculations completed for testbench: default in 0s
[00:38:38.09] /j ::wf::WaveView::plotSuccess WaveView_6 {} {_6caa800_void_pp _6767eb0_void_pp} 
[00:38:38.42] /j ::wf::WaveView::plotSuccess WaveView_6 {} {_6caa800_void_pp _6767d20_void_pp} 
[00:38:38.81] /j ::wf::WaveView::plotSuccess WaveView_6 {} {_6caa800_void_pp _6769f80_void_pp} 
[00:38:41.82] /i gi::setActiveWindow 7
[00:38:41.83] /i gi::setActiveWindow 7 -raise true
[00:38:44.96] /# gi::executeAction deSelectActive -in [gi::getWindows 7]
[00:38:44.96] /i de::deselectAll [db::getNext [de::getContexts -window 7]]
[00:38:44.96] /i de::deselectAllLogic -context [db::getNext [de::getContexts -window 7]]
[00:38:48.28] /# gi::executeAction deSelectActive -in [gi::getWindows 7]
[00:38:48.28] /i de::deselectAll [db::getNext [de::getContexts -window 7]]
[00:38:48.28] /i de::select [de::getActiveFigure [gi::getWindows 7] -point {2.75 1.375} -index 0 -intent none]
[00:38:48.28] /o oa:0x24fc7eb0
[00:38:50.03] /# gi::executeAction seDelete -in [gi::getWindows 7]
[00:38:50.03] /i ise::delete
[00:38:51.48] /# gi::executeAction deSelectActive -in [gi::getWindows 7]
[00:38:51.48] /i de::deselectAll [db::getNext [de::getContexts -window 7]]
[00:38:51.48] /i de::select [de::getActiveFigure [gi::getWindows 7] -point {2.9625 1.05} -index 0 -intent none]
[00:38:51.48] /o oa:0x26cd79b0
[00:38:52.03] /# gi::executeAction seDelete -in [gi::getWindows 7]
[00:38:52.03] /i ise::delete
[00:38:53.35] /# gi::executeAction seCreateInst -in [gi::getWindows 7]
[00:38:53.35] /i ise::createInst
[00:38:53.41] /i gi::setActiveDialog [gi::getDialogs {seCreateInst} -parent [gi::getWindows 7]]
[00:38:53.71] /i db::setAttr geometry -of [gi::getDialogs {seCreateInst}] -value 359x337+0+65
[00:38:55.65] /i gi::setField {instMasterLib} -value {analogLib} -in [gi::getDialogs {seCreateInst} -parent [gi::getWindows 7]]
[00:38:56.00] /i db::setAttr geometry -of [gi::getDialogs {seCreateInst}] -value 359x337+0+65
[00:39:00.64] /i gi::setField {instMasterCell} -value {gnd} -in [gi::getDialogs {seCreateInst} -parent [gi::getWindows 7]]
[00:39:00.94] /i db::setAttr geometry -of [gi::getDialogs {seCreateInst}] -value 359x337+0+65
[00:39:01.73] /# gi::executeAction deAddPoint -in [gi::getWindows 7]
[00:39:01.73] /i de::addPoint {3.19375 0.6625} -context [db::getNext [de::getContexts -window 7]]
[00:39:02.97] /# gi::executeAction deAbortCommand -in [gi::getWindows 7]
[00:39:02.97] /i de::abortCommand -context [db::getNext [de::getContexts -window 7]]
[00:39:04.20] /# gi::executeAction seSchCreateWire -in [gi::getWindows 7]
[00:39:04.20] /i ise::createWire
[00:39:05.52] /# gi::executeAction deAddPoint -in [gi::getWindows 7]
[00:39:05.52] /i de::addPoint {3.18125 1.10625} -context [db::getNext [de::getContexts -window 7]]
[00:39:05.59] /i de::setCursor -point {3.1875 1.0625 }
[00:39:06.50] /# gi::executeAction deAddPoint -in [gi::getWindows 7]
[00:39:06.51] /i de::addPoint {3.16875 0.675} -context [db::getNext [de::getContexts -window 7]]
[00:39:06.94] /# gi::executeAction deAbortCommand -in [gi::getWindows 7]
[00:39:06.94] /i de::abortCommand -context [db::getNext [de::getContexts -window 7]]
[00:39:08.43] /# gi::executeAction seSchCheckAndSave -in [gi::getWindows 7]
[00:39:08.43] /i ise::check
[00:39:08.44] /m Information: 
[00:39:08.44] /o Checking "inverter/NAND2_tb/schematic"
[00:39:08.44] /o No rule violations found in "inverter/NAND2_tb/schematic"
[00:39:08.44] /m Information: Checking process is completed: marking the design violations
[00:39:08.46] /m Information: Marking of designs is completed
[00:39:08.46] /o true
[00:39:08.58] /# gi::executeAction seSchCheckAndSave -in [gi::getWindows 7]
[00:39:08.58] /i ise::check
[00:39:08.58] /m Information: 
[00:39:08.58] /o Checking "inverter/NAND2_tb/schematic"
[00:39:08.58] /o No rule violations found in "inverter/NAND2_tb/schematic"
[00:39:08.58] /m Information: Checking process is completed: marking the design violations
[00:39:08.59] /m Information: Marking of designs is completed
[00:39:08.59] /o true
[00:39:09.15] /i gi::setActiveWindow 13
[00:39:09.15] /i gi::setActiveWindow 13 -raise true
[00:39:09.75] /i gi::setActiveWindow 5
[00:39:09.75] /i gi::setActiveWindow 5 -raise true
[00:39:10.45] /i gi::executeAction menuPreShow -in [gi::getWindows 5]
[00:39:10.45] /r giMenuAccess db::getNext [gi::getMenus saConsoleSimMenu -from [gi::getWindows 5]]
[00:39:10.91] /# gi::executeAction saNetlistAndRun -in [gi::getWindows 5]
[00:39:10.91] /i isa::netlistAndRun -testbench [sa::findActiveTestbench -window 5] -mode overwrite
[00:39:11.00] /m Information: "Starting incremental netlisting for design "inverter/NAND2_tb/schematic"..." (NETLISTING-010)
[00:39:11.01] /o No Design Integrity rule violations found in "inverter/NAND2_tb/schematic"
[00:39:11.04] /m Information: "inverter NAND2_tb schematic" renetlisted. (NETLISTING-056)
[00:39:11.04] /m Information: "Netlisting design "inverter/NAND2_tb/schematic" finished successfully." (NETLISTING-012)
[00:39:11.05] /m Information: "Composing simulator input file for design "inverter/NAND2_tb/schematic"..."
[00:39:11.08] /m Information: "Simulator input file composed successfully for design "inverter/NAND2_tb/schematic""
[00:39:11.27] /m Information: "Starting HSPICE simulation for design: inverter/NAND2_tb/schematic"
[00:39:11.27] /# gi::collapse {jobMonitorTable} -index {0.0.0.0,0} -in [gi::getWindows 13]
[00:39:11.29] /o 1
[00:39:11.63] /m Information: "Simulation completed successfully for design: inverter/NAND2_tb/schematic "
[00:39:11.86] /m Information: "Evaluating and plotting outputs..."
[00:39:12.30] /m Information: Measurement calculations completed for testbench: default in 0s
[00:39:12.57] /j ::wf::WaveView::plotSuccess WaveView_6 {} {_76491f0_void_pp _676a750_void_pp} 
[00:39:12.89] /j ::wf::WaveView::plotSuccess WaveView_6 {} {_76491f0_void_pp _6767eb0_void_pp} 
[00:39:13.19] /j ::wf::WaveView::plotSuccess WaveView_6 {} {_76491f0_void_pp _6767d20_void_pp} 
[00:39:16.78] /i gi::setActiveWindow 7
[00:39:16.78] /i gi::setActiveWindow 7 -raise true
[00:39:19.28] /# gi::executeAction seButton1DragStart -in [gi::getWindows 7]
[00:39:19.28] /i ise::stretch -object [de::getActiveFigure [gi::getWindows 7] -point {6.93125 1.04375} -index 0 -intent none] -point {6.9375 1.0625}
[00:39:21.85] /# gi::executeAction deEndDrag -in [gi::getWindows 7]
[00:39:21.85] /i de::endDrag {6.95 0.4875} -context [db::getNext [de::getContexts -window 7]]
[00:39:22.78] /i gi::setActiveWindow 5
[00:39:22.78] /i gi::setActiveWindow 5 -raise true
[00:39:28.25] /i gi::setField {variablesTable} -index {1,1} -value {2.0u} -in [gi::getWindows 5]
[00:39:28.25] /i gi::setField {variablesTable} -index {1,1} -value {2.0u} -in [gi::getWindows 5]
[00:39:30.07] /i gi::setCurrentIndex {variablesTable} -index {4,1} -in [gi::getWindows 5]
[00:39:30.07] /i gi::setItemSelection {variablesTable} -index {4,1} -in [gi::getWindows 5]
[00:39:30.07] /i gi::setItemSelection {variablesTable} -index {4,1} -in [gi::getWindows 5]
[00:39:31.41] /i gi::setField {variablesTable} -index {4,1} -value {50f} -in [gi::getWindows 5]
[00:39:31.41] /i gi::setField {variablesTable} -index {4,1} -value {50f} -in [gi::getWindows 5]
[00:39:32.70] /i gi::executeAction menuPreShow -in [gi::getWindows 5]
[00:39:32.70] /r giMenuAccess db::getNext [gi::getMenus saConsoleSimMenu -from [gi::getWindows 5]]
[00:39:33.23] /# gi::executeAction saNetlistAndRun -in [gi::getWindows 5]
[00:39:33.23] /i isa::netlistAndRun -testbench [sa::findActiveTestbench -window 5] -mode overwrite
[00:39:33.29] /r giDialog gi::setActiveDialog [gi::getDialogs {xtShowDesignsPrompt}]
[00:39:33.29] /r giDialog gi::setCurrentIndex {target} -index {0,0} -in [gi::getDialogs {xtShowDesignsPrompt}]
[00:39:33.53] /r giDialog db::setAttr geometry -of [gi::getDialogs {xtShowDesignsPrompt}] -value 649x290+626+410
[00:39:34.35] /r giDialog gi::pressButton {ok} -in [gi::getDialogs {xtShowDesignsPrompt}]
[00:39:34.37] /m Information: 
[00:39:34.37] /o Checking "inverter/NAND2_tb/schematic"
[00:39:34.37] /o No rule violations found in "inverter/NAND2_tb/schematic"
[00:39:34.37] /o No Design Integrity rule violations found in "inverter/NAND2_tb/schematic"
[00:39:34.37] /m Information: Checking process is completed: marking the design violations
[00:39:34.37] /m Information: Marking of designs is completed
[00:39:34.41] /m Information: "Starting incremental netlisting for design "inverter/NAND2_tb/schematic"..." (NETLISTING-010)
[00:39:34.43] /o No Design Integrity rule violations found in "inverter/NAND2_tb/schematic"
[00:39:34.46] /m Information: "inverter NAND2_tb schematic" renetlisted. (NETLISTING-056)
[00:39:34.47] /m Information: "Netlisting design "inverter/NAND2_tb/schematic" finished successfully." (NETLISTING-012)
[00:39:34.47] /m Information: "Composing simulator input file for design "inverter/NAND2_tb/schematic"..."
[00:39:34.50] /m Information: "Simulator input file composed successfully for design "inverter/NAND2_tb/schematic""
[00:39:34.67] /m Information: "Starting HSPICE simulation for design: inverter/NAND2_tb/schematic"
[00:39:34.67] /# gi::collapse {jobMonitorTable} -index {0.0.0.0,0} -in [gi::getWindows 13]
[00:39:34.69] /o 1
[00:39:35.03] /m Information: "Simulation completed successfully for design: inverter/NAND2_tb/schematic "
[00:39:35.23] /m Information: "Evaluating and plotting outputs..."
[00:39:35.62] /m Information: Measurement calculations completed for testbench: default in 0s
[00:39:35.80] /j ::wf::WaveView::plotSuccess WaveView_6 {} {_76590d0_void_pp _6769f80_void_pp} 
[00:39:36.12] /j ::wf::WaveView::plotSuccess WaveView_6 {} {_76590d0_void_pp _676a750_void_pp} 
[00:39:36.44] /j ::wf::WaveView::plotSuccess WaveView_6 {} {_76590d0_void_pp _6767eb0_void_pp} 
[00:39:52.28] /i gi::setActiveWindow 7
[00:39:52.28] /i gi::setActiveWindow 7 -raise true
[00:39:52.83] /i gi::setActiveWindow 5
[00:39:52.83] /i gi::setActiveWindow 5 -raise true
[00:39:54.02] /i gi::setCurrentIndex {variablesTable} -index {3,1} -in [gi::getWindows 5]
[00:39:54.02] /i gi::setItemSelection {variablesTable} -index {3,1} -in [gi::getWindows 5]
[00:39:54.02] /i gi::setItemSelection {variablesTable} -index {3,1} -in [gi::getWindows 5]
[00:39:56.84] /i gi::setField {variablesTable} -index {3,1} -value {0.36u} -in [gi::getWindows 5]
[00:39:56.84] /i gi::setField {variablesTable} -index {3,1} -value {0.36u} -in [gi::getWindows 5]
[00:39:57.95] /i gi::executeAction menuPreShow -in [gi::getWindows 5]
[00:39:57.95] /r giMenuAccess db::getNext [gi::getMenus saConsoleSimMenu -from [gi::getWindows 5]]
[00:39:58.54] /# gi::executeAction saNetlistAndRun -in [gi::getWindows 5]
[00:39:58.54] /i isa::netlistAndRun -testbench [sa::findActiveTestbench -window 5] -mode overwrite
[00:39:58.61] /m Information: "Starting incremental netlisting for design "inverter/NAND2_tb/schematic"..." (NETLISTING-010)
[00:39:58.63] /o No Design Integrity rule violations found in "inverter/NAND2_tb/schematic"
[00:39:58.65] /m Information: "Netlisting design "inverter/NAND2_tb/schematic" finished successfully." (NETLISTING-012)
[00:39:58.65] /m Information: "Composing simulator input file for design "inverter/NAND2_tb/schematic"..."
[00:39:58.69] /m Information: "Simulator input file composed successfully for design "inverter/NAND2_tb/schematic""
[00:39:58.86] /m Information: "Starting HSPICE simulation for design: inverter/NAND2_tb/schematic"
[00:39:58.87] /# gi::collapse {jobMonitorTable} -index {0.0.0.0,0} -in [gi::getWindows 13]
[00:39:58.88] /o 1
[00:39:59.23] /m Information: "Simulation completed successfully for design: inverter/NAND2_tb/schematic "
[00:39:59.43] /m Information: "Evaluating and plotting outputs..."
[00:39:59.82] /m Information: Measurement calculations completed for testbench: default in 0s
[00:40:00.06] /j ::wf::WaveView::plotSuccess WaveView_6 {} {_76491f0_void_pp _6767d20_void_pp} 
[00:40:00.41] /j ::wf::WaveView::plotSuccess WaveView_6 {} {_76491f0_void_pp _6769f80_void_pp} 
[00:40:00.72] /j ::wf::WaveView::plotSuccess WaveView_6 {} {_76491f0_void_pp _676a750_void_pp} 
[00:40:04.34] /i gi::setActiveWindow 5
[00:40:04.34] /i gi::setActiveWindow 5 -raise true
[00:40:08.29] /i gi::setField {variablesTable} -index {3,1} -value {0.18u} -in [gi::getWindows 5]
[00:40:08.29] /i gi::setField {variablesTable} -index {3,1} -value {0.18u} -in [gi::getWindows 5]
[00:40:09.36] /i gi::executeAction menuPreShow -in [gi::getWindows 5]
[00:40:09.36] /r giMenuAccess db::getNext [gi::getMenus saConsoleSimMenu -from [gi::getWindows 5]]
[00:40:09.99] /# gi::executeAction saNetlistAndRun -in [gi::getWindows 5]
[00:40:09.99] /i isa::netlistAndRun -testbench [sa::findActiveTestbench -window 5] -mode overwrite
[00:40:10.08] /m Information: "Starting incremental netlisting for design "inverter/NAND2_tb/schematic"..." (NETLISTING-010)
[00:40:10.09] /o No Design Integrity rule violations found in "inverter/NAND2_tb/schematic"
[00:40:10.12] /m Information: "Netlisting design "inverter/NAND2_tb/schematic" finished successfully." (NETLISTING-012)
[00:40:10.12] /m Information: "Composing simulator input file for design "inverter/NAND2_tb/schematic"..."
[00:40:10.16] /m Information: "Simulator input file composed successfully for design "inverter/NAND2_tb/schematic""
[00:40:10.31] /m Information: "Starting HSPICE simulation for design: inverter/NAND2_tb/schematic"
[00:40:10.31] /# gi::collapse {jobMonitorTable} -index {0.0.0.0,0} -in [gi::getWindows 13]
[00:40:10.34] /o 1
[00:40:10.63] /m Information: "Simulation completed successfully for design: inverter/NAND2_tb/schematic "
[00:40:10.83] /m Information: "Evaluating and plotting outputs..."
[00:40:11.22] /m Information: Measurement calculations completed for testbench: default in 1s
[00:40:11.40] /j ::wf::WaveView::plotSuccess WaveView_6 {} {_6caa800_void_pp _6767eb0_void_pp} 
[00:40:11.76] /j ::wf::WaveView::plotSuccess WaveView_6 {} {_6caa800_void_pp _6767d20_void_pp} 
[00:40:12.16] /j ::wf::WaveView::plotSuccess WaveView_6 {} {_6caa800_void_pp _6769f80_void_pp} 
[00:40:14.97] /i gi::setActiveWindow 7
[00:40:14.97] /i gi::setActiveWindow 7 -raise true
[00:40:15.47] /i gi::setActiveWindow 5
[00:40:15.47] /i gi::setActiveWindow 5 -raise true
[00:40:18.77] /i gi::setField {variablesTable} -index {3,1} -value {0.12u} -in [gi::getWindows 5]
[00:40:18.77] /i gi::setField {variablesTable} -index {3,1} -value {0.12u} -in [gi::getWindows 5]
[00:40:20.04] /i gi::executeAction menuPreShow -in [gi::getWindows 5]
[00:40:20.04] /r giMenuAccess db::getNext [gi::getMenus saConsoleSimMenu -from [gi::getWindows 5]]
[00:40:20.56] /# gi::executeAction saNetlistAndRun -in [gi::getWindows 5]
[00:40:20.56] /i isa::netlistAndRun -testbench [sa::findActiveTestbench -window 5] -mode overwrite
[00:40:20.65] /m Information: "Starting incremental netlisting for design "inverter/NAND2_tb/schematic"..." (NETLISTING-010)
[00:40:20.66] /o No Design Integrity rule violations found in "inverter/NAND2_tb/schematic"
[00:40:20.69] /m Information: "Netlisting design "inverter/NAND2_tb/schematic" finished successfully." (NETLISTING-012)
[00:40:20.69] /m Information: "Composing simulator input file for design "inverter/NAND2_tb/schematic"..."
[00:40:20.72] /m Information: "Simulator input file composed successfully for design "inverter/NAND2_tb/schematic""
[00:40:20.90] /m Information: "Starting HSPICE simulation for design: inverter/NAND2_tb/schematic"
[00:40:20.91] /# gi::collapse {jobMonitorTable} -index {0.0.0.0,0} -in [gi::getWindows 13]
[00:40:20.92] /o 1
[00:40:21.23] /m Information: "Simulation completed successfully for design: inverter/NAND2_tb/schematic "
[00:40:21.44] /m Information: "Evaluating and plotting outputs..."
[00:40:21.84] /m Information: Measurement calculations completed for testbench: default in 0s
[00:40:22.01] /j ::wf::WaveView::plotSuccess WaveView_6 {} {_76491f0_void_pp _676a750_void_pp} 
[00:40:22.31] /j ::wf::WaveView::plotSuccess WaveView_6 {} {_76491f0_void_pp _6767eb0_void_pp} 
[00:40:22.63] /j ::wf::WaveView::plotSuccess WaveView_6 {} {_76491f0_void_pp _6767d20_void_pp} 
[00:40:37.55] /i gi::setActiveWindow 7
[00:40:37.55] /i gi::setActiveWindow 7 -raise true
[00:40:38.29] /i gi::setActiveWindow 5
[00:40:38.29] /i gi::setActiveWindow 5 -raise true
[00:40:41.78] /i gi::setField {variablesTable} -index {3,1} -value {0.12u} -in [gi::getWindows 5]
[00:40:42.78] /i gi::setField {analysisPane} -index {2,2} -value {true} -in [gi::getWindows 5]
[00:40:43.79] /i gi::setCurrentIndex {analysisPane} -index {2,3} -in [gi::getWindows 5]
[00:40:43.79] /i gi::setItemSelection {analysisPane} -index {2,3} -in [gi::getWindows 5]
[00:40:43.99] /i gi::setActiveDialog [gi::getDialogs {saParametricAnalyses} -parent [gi::getWindows 5]]
[00:40:44.30] /i db::setAttr geometry -of [gi::getDialogs {saParametricAnalyses} -parent [gi::getWindows 5]] -value 750x360+45+110
[00:40:47.84] /i gi::setField {/toplevelgrp/rangeDetailsGroup/rangeValGroup/start} -value {0.09u} -in [gi::getDialogs {saParametricAnalyses} -parent [gi::getWindows 5]]
[00:40:52.79] /i gi::setField {/toplevelgrp/rangeDetailsGroup/rangeValGroup/stop} -value {0.15u} -in [gi::getDialogs {saParametricAnalyses} -parent [gi::getWindows 5]]
[00:40:55.37] /i gi::setField {/toplevelgrp/stepDetailsGroup/stepValGroup/linearText} -value {0.01u} -in [gi::getDialogs {saParametricAnalyses} -parent [gi::getWindows 5]]
[00:40:55.45] /i gi::pressButton {/apply} -in [gi::getDialogs {saParametricAnalyses} -parent [gi::getWindows 5]]
[00:40:55.45] /# gi::setItemSelection {analysisPane} -index {1,3} -in [gi::getWindows 5]
[00:40:55.45] /# gi::setCurrentIndex {analysisPane} -index {1,3} -in [gi::getWindows 5]
[00:40:55.88] /i gi::pressButton {/ok} -in [gi::getDialogs {saParametricAnalyses} -parent [gi::getWindows 5]]
[00:40:56.93] /i gi::executeAction menuPreShow -in [gi::getWindows 5]
[00:40:56.93] /r giMenuAccess db::getNext [gi::getMenus saConsoleOutputsMenu -from [gi::getWindows 5]]
[00:40:57.34] /i gi::executeAction menuPreShow -in [gi::getWindows 5]
[00:40:57.34] /r giMenuAccess db::getNext [gi::getMenus saConsoleSimMenu -from [gi::getWindows 5]]
[00:40:57.96] /# gi::executeAction saNetlistAndRun -in [gi::getWindows 5]
[00:40:57.96] /i isa::netlistAndRun -testbench [sa::findActiveTestbench -window 5] -mode overwrite
[00:40:58.04] /m Information: "Starting incremental netlisting for design "inverter/NAND2_tb/schematic"..." (NETLISTING-010)
[00:40:58.06] /o No Design Integrity rule violations found in "inverter/NAND2_tb/schematic"
[00:40:58.08] /m Information: "Netlisting design "inverter/NAND2_tb/schematic" finished successfully." (NETLISTING-012)
[00:40:58.09] /m Information: "Composing simulator input file for design "inverter/NAND2_tb/schematic"..."
[00:40:58.12] /m Information: "Simulator input file composed successfully for design "inverter/NAND2_tb/schematic""
[00:40:58.26] /m Information: "Composing simulator input file for design "inverter/NAND2_tb/schematic" for 7 iterations..."
[00:40:58.39] /m Information: "Simulator input file composed successfully for design "inverter/NAND2_tb/schematic""
[00:40:58.45] /m Information: "Starting 7 HSPICE simulations for design: inverter/NAND2_tb/schematic"
[00:40:58.45] /# gi::collapse {jobMonitorTable} -index {0.0.0.0,0} -in [gi::getWindows 13]
[00:40:58.49] /m Information: "Simulations launched successfully for design: inverter/NAND2_tb/schematic"
[00:40:58.50] /o 1
[00:40:58.94] /m Information: "Simulation completed successfully for design: inverter/NAND2_tb/schematic point: l=90.0000n"
[00:40:59.00] /m Information: "Simulation completed successfully for design: inverter/NAND2_tb/schematic point: l=0.100000u"
[00:40:59.03] /m Information: "Simulation completed successfully for design: inverter/NAND2_tb/schematic point: l=0.110000u"
[00:40:59.25] /m Information: "Simulation completed successfully for design: inverter/NAND2_tb/schematic point: l=0.120000u"
[00:40:59.33] /m Information: "Simulation completed successfully for design: inverter/NAND2_tb/schematic point: l=0.130000u"
[00:40:59.35] /m Information: "Simulation completed successfully for design: inverter/NAND2_tb/schematic point: l=0.140000u"
[00:40:59.53] /m Information: "Simulation completed successfully for design: inverter/NAND2_tb/schematic point: l=0.150000u"
[00:40:59.72] /m Information: "Evaluating and plotting outputs..."
[00:41:00.35] /j ::wf::WaveView::plotSuccess WaveView_6 {} {_76590d0_void_pp {_6769f80_void_pp _6768360_void_pp _6767de8_void_pp _6767ac8_void_pp _6768428_void_pp _6768748_void_pp _67684f0_void_pp}} 
[00:41:00.43] /m Information: Measurement calculations completed for testbench: default in 1s
[00:41:00.67] /j ::wf::WaveView::plotSuccess WaveView_6 {} {_76590d0_void_pp {_676a750_void_pp _67688d8_void_pp _6768810_void_pp _67685b8_void_pp _6768680_void_pp _676a818_void_pp _676a8e0_void_pp}} 
[00:41:01.01] /j ::wf::WaveView::plotSuccess WaveView_6 {} {_76590d0_void_pp {_6767eb0_void_pp _676a9a8_void_pp _676aa70_void_pp _676ab38_void_pp _676ac00_void_pp _676acc8_void_pp _676ad90_void_pp}} 
[00:41:25.12] /m Information: Waveform viewer exited normally.
[00:41:26.03] /i gi::setActiveWindow 7
[00:41:26.03] /i gi::setActiveWindow 7 -raise true
[00:41:27.14] /i gi::setActiveWindow 5
[00:41:27.14] /i gi::setActiveWindow 5 -raise true
[00:41:29.58] /i gi::setCurrentIndex {variablesTable} -index {3,1} -in [gi::getWindows 5]
[00:41:29.58] /i gi::setItemSelection {variablesTable} -index {3,1} -in [gi::getWindows 5]
[00:41:29.58] /i gi::setItemSelection {variablesTable} -index {3,1} -in [gi::getWindows 5]
[00:41:29.58] /i gi::setItemSelection {analysisPane} -index {} -in [gi::getWindows 5]
[00:41:29.79] /i gi::setActiveDialog [gi::getDialogs {saParametricAnalyses} -parent [gi::getWindows 5]]
[00:41:30.10] /i db::setAttr geometry -of [gi::getDialogs {saParametricAnalyses} -parent [gi::getWindows 5]] -value 750x360+50+115
[00:41:31.35] /i gi::closeWindows [gi::getDialogs {saParametricAnalyses} -parent [gi::getWindows 5]]
[00:41:33.84] /i gi::setField {analysisPane} -index {2,2} -value {false} -in [gi::getWindows 5]
[00:41:34.66] /i gi::setCurrentIndex {variablesTable} -index {3,1} -in [gi::getWindows 5]
[00:41:34.67] /i gi::setItemSelection {variablesTable} -index {3,1} -in [gi::getWindows 5]
[00:41:34.67] /i gi::setItemSelection {variablesTable} -index {3,1} -in [gi::getWindows 5]
[00:41:36.68] /i gi::setField {variablesTable} -index {3,1} -value {0.1u} -in [gi::getWindows 5]
[00:41:36.68] /i gi::setField {variablesTable} -index {3,1} -value {0.1u} -in [gi::getWindows 5]
[00:41:37.44] /i gi::setCurrentIndex {variablesTable} -index {2,1} -in [gi::getWindows 5]
[00:41:37.44] /i gi::setItemSelection {variablesTable} -index {2,1} -in [gi::getWindows 5]
[00:41:37.44] /i gi::setItemSelection {variablesTable} -index {2,1} -in [gi::getWindows 5]
[00:41:41.92] /i gi::setField {variablesTable} -index {2,1} -value {0.5u} -in [gi::getWindows 5]
[00:41:41.92] /i gi::setField {variablesTable} -index {2,1} -value {0.5u} -in [gi::getWindows 5]
[00:41:46.68] /i gi::setField {variablesTable} -index {2,1} -value {0.5u} -in [gi::getWindows 5]
[00:41:46.68] /i gi::setCurrentIndex {variablesTable} -index {1,1} -in [gi::getWindows 5]
[00:41:46.68] /i gi::setItemSelection {variablesTable} -index {1,1} -in [gi::getWindows 5]
[00:41:46.68] /i gi::setItemSelection {variablesTable} -index {1,1} -in [gi::getWindows 5]
[00:41:48.38] /i gi::setField {variablesTable} -index {1,1} -value {0.8u} -in [gi::getWindows 5]
[00:41:48.38] /i gi::setField {variablesTable} -index {1,1} -value {0.8u} -in [gi::getWindows 5]
[00:41:49.84] /i gi::executeAction menuPreShow -in [gi::getWindows 5]
[00:41:49.84] /r giMenuAccess db::getNext [gi::getMenus saConsoleSimMenu -from [gi::getWindows 5]]
[00:41:50.35] /# gi::executeAction saNetlistAndRun -in [gi::getWindows 5]
[00:41:50.35] /i isa::netlistAndRun -testbench [sa::findActiveTestbench -window 5] -mode overwrite
[00:41:50.40] /m Information: "Starting incremental netlisting for design "inverter/NAND2_tb/schematic"..." (NETLISTING-010)
[00:41:50.42] /o No Design Integrity rule violations found in "inverter/NAND2_tb/schematic"
[00:41:50.44] /m Information: "Netlisting design "inverter/NAND2_tb/schematic" finished successfully." (NETLISTING-012)
[00:41:50.45] /m Information: "Composing simulator input file for design "inverter/NAND2_tb/schematic"..."
[00:41:50.48] /m Information: "Simulator input file composed successfully for design "inverter/NAND2_tb/schematic""
[00:41:50.64] /m Information: "Starting HSPICE simulation for design: inverter/NAND2_tb/schematic"
[00:41:50.65] /# gi::collapse {jobMonitorTable} -index {0.0.0.0,0} -in [gi::getWindows 13]
[00:41:50.68] /o 1
[00:41:51.04] /m Information: "Simulation completed successfully for design: inverter/NAND2_tb/schematic "
[00:41:51.21] /m Information: "Evaluating and plotting outputs..."
[00:41:51.23] /m Information: Launching Waveform Viewer "cd /home/itsupport/simulation/inverter,NAND2_tb,schematic/history_1/simulation/default/HSPICE/nominal/results &&  wv -k -cdesigner -spxkey /usr/synopsys/customcompiler/N-2017.12-SP1-2/auxx/waveform/sae.spxkey -spxrc /tmp/sae_spxrc_Nifi4X -unique_string 1b6b0f23e9fdaf0769aa7f613a217c24125e8d2b0833b894ed40d2f5efbf27a2fb0c0fc5bd61906696b1f7eb4dfa8f66c0ec6d94df3f6df4 -lic_type 1    > /home/itsupport/simulation/inverter,NAND2_tb,schematic/history_1/simulation/default/HSPICE/nominal/results/viewer.log 2>&1"
[00:41:51.23] /i gi::collapse {jobMonitorTable} -index {0.0,0} -in [gi::getWindows 13]
[00:41:51.52] /m Information: Measurement calculations completed for testbench: default in 0s
[00:41:52.02] /j ::wf::WaveView::plotSuccess WaveView_7 {} {_76fe670_void_pp _7747c60_void_pp} 
[00:41:52.03] /j ::wf::WaveView::plotSuccess WaveView_7 {} {_76fe670_void_pp _7747d28_void_pp} 
[00:41:52.07] /j ::wf::WaveView::plotSuccess WaveView_7 {} {_76fe670_void_pp _7747df0_void_pp} 
[00:42:23.33] /m Information: Waveform viewer exited normally.
[00:42:24.61] /i gi::executeAction giCloseWindow -in [gi::getWindows 13]
[00:42:24.62] /i gi::setActiveWindow 5
[00:42:24.62] /i gi::setActiveWindow 5 -raise true
[00:42:25.48] /i gi::executeAction giCloseWindow -in [gi::getWindows 7]
[00:42:26.59] /i gi::createWindow -windowType [gi::getWindowTypes giHomePage]
[00:42:26.59] /r giWindowId 17
[00:42:26.60] /r giWindowGeometry 1040x800
[00:42:27.20] /i gi::executeAction giCloseWindow -in [gi::getWindows 5]
[00:42:27.22] /i gi::setActiveWindow 5
[00:42:27.22] /i gi::setActiveWindow 5 -raise true
[00:42:27.27] /r giDialog gi::setActiveDialog [gi::getDialogs {giPrompt} -parent [gi::getWindows 5]]
[00:42:27.55] /r giDialog db::setAttr geometry -of [gi::getDialogs {giPrompt} -parent [gi::getWindows 5]] -value 292x82+814+573
[00:42:29.65] /r giDialog gi::pressButton {save} -in [gi::getDialogs {giPrompt} -parent [gi::getWindows 5]]
[00:42:29.78] /r giDialog gi::setActiveDialog [gi::getDialogs {saShowSaveState} -parent [gi::getWindows 5]]
[00:42:30.08] /r giDialog db::setAttr geometry -of [gi::getDialogs {saShowSaveState} -parent [gi::getWindows 5]] -value 501x558+710+335
[00:42:30.63] /r giDialog gi::pressButton {/apply} -in [gi::getDialogs {saShowSaveState} -parent [gi::getWindows 5]]
[00:42:31.69] /r giDialog gi::pressButton {/ok} -in [gi::getDialogs {saShowSaveState} -parent [gi::getWindows 5]]
[00:42:31.72] /i gi::setActiveWindow 17
[00:42:31.72] /i gi::setActiveWindow 17 -raise true
[00:42:34.27] /# gi::pressButton {/scroll/scrollArea/scrollAreaInnerWidget/applications/dmLibraryManager} -in [gi::getWindows 17]
[00:42:34.27] /# 
[00:42:34.27] /i dm::openLibraryManager
[00:42:34.27] /r giWindowId 18
[00:42:34.28] /r giWindowGeometry 1910x1077+5+80
[00:42:34.33] /o oa:0x1d5b0470
[00:42:34.33] /i gi::closeWindows [gi::getWindows 17]
[00:42:35.80] /i gi::setCurrentIndex {libs} -index {inverter} -in [gi::getWindows 18]
[00:42:35.81] /i gi::setItemSelection {libs} -index {inverter} -in [gi::getWindows 18]
[00:42:36.73] /i gi::setCurrentIndex {cellCategories} -index {LAB3} -in [gi::getWindows 18]
[00:42:36.73] /i gi::setItemSelection {cellCategories} -index {LAB3} -in [gi::getWindows 18]
[00:42:38.41] /i gi::setCurrentIndex {cells} -index {NAND2} -in [gi::getWindows 18]
[00:42:38.41] /# gi::executeAction dmShowNewCell -in [gi::getWindows 18]
[00:42:38.41] /i dm::showNewCell -parent 18
[00:42:38.44] /o oa:0x25420300
[00:42:38.48] /i gi::setActiveDialog [gi::getDialogs {dmNewCell} -parent [gi::getWindows 18]]
[00:42:38.73] /i db::setAttr geometry -of [gi::getDialogs {dmNewCell} -parent [gi::getWindows 18]] -value 448x227+726+442
[00:42:42.91] /i gi::setField {cellName} -value {full_adder} -in [gi::getDialogs {dmNewCell} -parent [gi::getWindows 18]]
[00:42:43.47] /i gi::pressButton {ok} -in [gi::getDialogs {dmNewCell} -parent [gi::getWindows 18]]
[00:42:43.47] /# dm::createCell full\_adder -lib [ oa::LibFind [oa::ScalarName [oa::CdbaNS] inverter]]
[00:42:43.48] /# dm::addToCellCategory [db::getNext [dm::getCellCategories -libName inverter -filter "%name == \"LAB3\""]] -cell [dm::findCell full\_adder -libName inverter]
[00:42:43.49] /# gi::setItemSelection {cells} -index {full_adder} -in [gi::getDialogs {dmNewCell} -parent [gi::getWindows 18]]
[00:42:44.22] /i gi::setCurrentIndex {cells} -index {full_adder} -in [gi::getWindows 18]
[00:42:44.22] /i gi::setItemSelection {cells} -index {full_adder} -in [gi::getWindows 18]
[00:42:45.76] /# gi::executeAction dmShowNewCell -in [gi::getWindows 18]
[00:42:45.76] /i dm::showNewCell -parent 18
[00:42:45.77] /o oa:0x24852710
[00:42:45.80] /i gi::setActiveDialog [gi::getDialogs {dmNewCell} -parent [gi::getWindows 18]]
[00:42:46.09] /i db::setAttr geometry -of [gi::getDialogs {dmNewCell} -parent [gi::getWindows 18]] -value 448x227+726+442
[00:42:48.64] /i gi::pressButton {ok} -in [gi::getDialogs {dmNewCell} -parent [gi::getWindows 18]]
[00:42:48.68] /r giDialog gi::setActiveDialog [gi::getDialogs {dmOverwrite}]
[00:42:48.93] /r giDialog db::setAttr geometry -of [gi::getDialogs {dmOverwrite}] -value 223x82+839+514
[00:42:49.42] /r giDialog gi::pressButton {cancel} -in [gi::getDialogs {dmOverwrite}]
[00:42:49.43] /i gi::setActiveDialog [gi::getDialogs {dmNewCell} -parent [gi::getWindows 18]]
[00:42:50.14] /i gi::closeWindows [gi::getDialogs {dmNewCell} -parent [gi::getWindows 18]]
[00:42:51.61] /# gi::executeAction dmShowNewCellView -in [gi::getWindows 18]
[00:42:51.61] /i dm::showNewCellView -parent 18
[00:42:51.64] /o oa:0x1ee79db0
[00:42:51.67] /i gi::setActiveDialog [gi::getDialogs {dmNewCellView} -parent [gi::getWindows 18]]
[00:42:51.93] /i db::setAttr geometry -of [gi::getDialogs {dmNewCellView} -parent [gi::getWindows 18]] -value 588x285+656+413
[00:42:55.31] /i gi::setField {cellViewName} -value {schematic} -in [gi::getDialogs {dmNewCellView} -parent [gi::getWindows 18]]
[00:42:55.99] /i gi::pressButton {apply} -in [gi::getDialogs {dmNewCellView} -parent [gi::getWindows 18]]
[00:42:55.99] /# db::getAttr viewType -of [dm::findCellView schematic -cell [dm::findCell full\_adder -lib [oa::LibFind [oa::ScalarName [oa::CdbaNS] inverter]]]]
[00:42:55.99] /# dm::createCellView schematic -cell [dm::findCell full\_adder -lib [ oa::LibFind [oa::ScalarName [oa::CdbaNS] inverter]]] -viewType schematic
[00:42:56.00] /# dm::addToCellCategory [db::getNext [dm::getCellCategories -libName inverter -filter "%name == \"LAB3\""]] -cell [dm::findCell full\_adder -libName inverter]
[00:42:56.00] /# de::open [dm::findCellView schematic -cell [dm::findCell full\_adder -lib [oa::LibFind [oa::ScalarName [oa::CdbaNS] inverter]]]] -application seSchematic
[00:42:56.05] /r giWindowId 19
[00:42:56.05] /r giWindowGeometry 1632x1020
[00:42:56.23] /m Information: 
[00:42:56.23] /o Checking "inverter/full_adder/schematic"
[00:42:56.23] /o No rule violations found in "inverter/full_adder/schematic"
[00:42:56.23] /m Information: Checking process is completed: marking the design violations
[00:42:56.23] /m Information: Marking of designs is completed
[00:42:56.32] /i gi::setActiveWindow 18
[00:42:56.32] /i gi::setActiveWindow 18 -raise true
[00:42:56.37] /i gi::pressButton {ok} -in [gi::getDialogs {dmNewCellView} -parent [gi::getWindows 18]]
[00:42:56.37] /# db::getAttr viewType -of [dm::findCellView schematic -cell [dm::findCell full\_adder -lib [oa::LibFind [oa::ScalarName [oa::CdbaNS] inverter]]]]
[00:42:56.42] /r giDialog gi::setActiveDialog [gi::getDialogs {dmOverwrite}]
[00:42:56.70] /r giDialog db::setAttr geometry -of [gi::getDialogs {dmOverwrite}] -value 289x82+806+514
[00:42:57.82] /r giDialog gi::pressButton {overwrite} -in [gi::getDialogs {dmOverwrite}]
[00:42:57.84] /# db::destroy [dm::findCellView schematic -cellName full\_adder -libName inverter]
[00:42:57.92] /m Information: The context with top design inverter/full_adder/schematic was closed because all the designs in its hierarchy were unexpectedly purged. (DESIGN-113)
[00:42:57.93] /# dm::createCellView schematic -cell [dm::findCell full\_adder -lib [ oa::LibFind [oa::ScalarName [oa::CdbaNS] inverter]]] -viewType schematic
[00:42:57.93] /# dm::addToCellCategory [db::getNext [dm::getCellCategories -libName inverter -filter "%name == \"LAB3\""]] -cell [dm::findCell full\_adder -libName inverter]
[00:42:57.93] /# de::open [dm::findCellView schematic -cell [dm::findCell full\_adder -lib [oa::LibFind [oa::ScalarName [oa::CdbaNS] inverter]]]] -application seSchematic
[00:42:57.96] /r giWindowId 20
[00:42:57.96] /r giWindowGeometry 1632x1020
[00:42:58.14] /m Information: 
[00:42:58.14] /o Checking "inverter/full_adder/schematic"
[00:42:58.14] /o No rule violations found in "inverter/full_adder/schematic"
[00:42:58.14] /m Information: Checking process is completed: marking the design violations
[00:42:58.14] /m Information: Marking of designs is completed
[00:43:16.55] /# gi::executeAction seCreateInst -in [gi::getWindows 20]
[00:43:16.56] /i ise::createInst
[00:43:16.61] /i gi::setActiveDialog [gi::getDialogs {seCreateInst} -parent [gi::getWindows 20]]
[00:43:16.90] /i db::setAttr geometry -of [gi::getDialogs {seCreateInst}] -value 359x337+0+65
[00:43:19.74] /i gi::setField {instMasterLib} -value {inverter} -in [gi::getDialogs {seCreateInst} -parent [gi::getWindows 20]]
[00:43:20.02] /i db::setAttr geometry -of [gi::getDialogs {seCreateInst}] -value 359x337+0+65
[00:43:23.43] /i gi::setField {instMasterCell} -value {NAND2} -in [gi::getDialogs {seCreateInst} -parent [gi::getWindows 20]]
[00:43:23.80] /i db::setAttr geometry -of [gi::getDialogs {seCreateInst}] -value 359x337+0+65
[00:43:32.56] /# gi::executeAction deAddPoint -in [gi::getWindows 20]
[00:43:32.56] /i de::addPoint {0.3 2} -context [db::getNext [de::getContexts -window 20]]
[00:43:35.26] /# gi::executeAction deAddPoint -in [gi::getWindows 20]
[00:43:35.26] /i de::addPoint {0.29375 0.025} -context [db::getNext [de::getContexts -window 20]]
[00:43:35.62] /# gi::executeAction deAbortCommand -in [gi::getWindows 20]
[00:43:35.62] /i de::abortCommand -context [db::getNext [de::getContexts -window 20]]
[00:43:43.42] /# gi::executeAction seButton1DragStart -in [gi::getWindows 20]
[00:43:43.42] /i ise::stretch -object [de::getActiveFigure [gi::getWindows 20] -point {3.91875 1.60625} -index 0 -intent none] -point {3.9375 1.625}
[00:43:44.45] /# gi::executeAction deEndDrag -in [gi::getWindows 20]
[00:43:44.45] /i de::endDrag {6.9375 3.56875} -context [db::getNext [de::getContexts -window 20]]
[00:43:44.83] /# gi::executeAction deSelectActive -in [gi::getWindows 20]
[00:43:44.83] /i de::deselectAll [db::getNext [de::getContexts -window 20]]
[00:43:44.83] /i de::select [de::getActiveFigure [gi::getWindows 20] -point {6.9375 3.55625} -index 0 -intent none]
[00:43:44.83] /o oa:0x24080450
[00:43:45.93] /# gi::executeAction seCopy -in [gi::getWindows 20]
[00:43:45.93] /i ise::copy
[00:43:47.18] /# gi::executeAction deAddPoint -in [gi::getWindows 20]
[00:43:47.18] /i de::addPoint {7.11875 3.35} -context [db::getNext [de::getContexts -window 20]]
[00:43:49.19] /# gi::executeAction deAddPoint -in [gi::getWindows 20]
[00:43:49.19] /i de::addPoint {7.125 1.525} -context [db::getNext [de::getContexts -window 20]]
[00:43:49.41] /i gi::executeAction deCanvasDragCancel -in [gi::getWindows 20]
[00:43:52.95] /# gi::executeAction deCanvasZoomOutAtPoint -in [gi::getWindows 20]
[00:43:52.95] /i de::zoom -window [gi::getWindows 20] -factor 0.5 -center {5.1 3.475}
[00:43:52.96] /o {-8.04375 -5.275} {11.59375 6.725}
[00:43:53.31] /# gi::executeAction deCanvasZoomOutAtPoint -in [gi::getWindows 20]
[00:43:53.31] /i de::zoom -window [gi::getWindows 20] -factor 0.5 -center {8.19375 2.6125}
[00:43:53.31] /o {-24.28125 -13.1625} {14.99375 10.8375}
[00:43:53.72] /# gi::executeAction deCanvasZoomInAtPoint -in [gi::getWindows 20]
[00:43:53.72] /i de::zoom -window [gi::getWindows 20] -factor 2.0 -center {11.89375 4.0625}
[00:43:53.72] /o {-6.19375 -4.55} {13.44375 7.45}
[00:43:55.15] /# gi::executeAction seCopy -in [gi::getWindows 20]
[00:43:55.15] /i ise::copy
[00:43:56.12] /# gi::executeAction deAddPoint -in [gi::getWindows 20]
[00:43:56.12] /i de::addPoint {7.99375 1.65} -context [db::getNext [de::getContexts -window 20]]
[00:43:57.40] /# gi::executeAction deAddPoint -in [gi::getWindows 20]
[00:43:57.40] /i de::addPoint {11.18125 2.6} -context [db::getNext [de::getContexts -window 20]]
[00:44:01.34] /# gi::executeAction seCopy -in [gi::getWindows 20]
[00:44:01.34] /i ise::copy
[00:44:01.94] /# gi::executeAction deAddPoint -in [gi::getWindows 20]
[00:44:01.94] /i de::addPoint {10.50625 2.55} -context [db::getNext [de::getContexts -window 20]]
[00:44:03.96] /# gi::executeAction deFitEdit -in [gi::getWindows 20]
[00:44:03.96] /i de::fit -window 20 -fitEdit true
[00:44:03.96] /o {2.4625 -0.375} {11.975 5.4375}
[00:44:04.55] /# gi::executeAction deCanvasZoomOutAtPoint -in [gi::getWindows 20]
[00:44:04.55] /i de::zoom -window [gi::getWindows 20] -factor 0.5 -center {11.28125 2.81875}
[00:44:04.55] /o {-6.35625 -3.56875} {12.66875 8.05625}
[00:44:04.57] /# gi::executeAction deCanvasZoomOutAtPoint -in [gi::getWindows 20]
[00:44:04.57] /i de::zoom -window [gi::getWindows 20] -factor 0.5 -center {11.275 2.8125}
[00:44:04.57] /o {-23.9875 -9.95} {14.0625 13.3}
[00:44:04.57] /# gi::executeAction deCanvasZoomOutAtPoint -in [gi::getWindows 20]
[00:44:04.57] /i de::zoom -window [gi::getWindows 20] -factor 0.5 -center {11.28125 2.8125}
[00:44:04.57] /o {-59.2625 -22.71875} {16.85 23.79375}
[00:44:04.60] /# gi::executeAction deCanvasZoomOutAtPoint -in [gi::getWindows 20]
[00:44:04.60] /i de::zoom -window [gi::getWindows 20] -factor 0.5 -center {11.275 2.8125}
[00:44:04.60] /o {-129.8 -48.25} {22.425 44.775}
[00:44:04.60] /# gi::executeAction deCanvasZoomOutAtPoint -in [gi::getWindows 20]
[00:44:04.60] /i de::zoom -window [gi::getWindows 20] -factor 0.5 -center {11.28125 2.81875}
[00:44:04.60] /o {-270.88125 -99.3125} {33.56875 86.725}
[00:44:05.18] /# gi::executeAction deCanvasZoomInAtPoint -in [gi::getWindows 20]
[00:44:05.18] /i de::zoom -window [gi::getWindows 20] -factor 2.0 -center {22.90625 2.61875}
[00:44:05.18] /o {-123.9875 -48.35} {28.2375 44.675}
[00:44:05.23] /# gi::executeAction deCanvasZoomInAtPoint -in [gi::getWindows 20]
[00:44:05.23] /i de::zoom -window [gi::getWindows 20] -factor 2.0 -center {23.39375 2.61875}
[00:44:05.23] /o {-50.29375 -22.8625} {25.8125 23.64375}
[00:44:05.28] /# gi::executeAction deCanvasZoomInAtPoint -in [gi::getWindows 20]
[00:44:05.28] /i de::zoom -window [gi::getWindows 20] -factor 2.0 -center {23.44375 2.61875}
[00:44:05.29] /o {-13.425 -10.125} {24.63125 13.13125}
[00:44:07.19] /# gi::executeAction deAddPoint -in [gi::getWindows 20]
[00:44:07.20] /i de::addPoint {13.96875 2.54375} -context [db::getNext [de::getContexts -window 20]]
[00:44:07.50] /i gi::executeAction deCanvasDragCancel -in [gi::getWindows 20]
[00:44:13.23] /# gi::executeAction seCopy -in [gi::getWindows 20]
[00:44:13.23] /i ise::copy
[00:44:13.82] /# gi::executeAction deAddPoint -in [gi::getWindows 20]
[00:44:13.82] /i de::addPoint {13.96875 2.25625} -context [db::getNext [de::getContexts -window 20]]
[00:44:14.90] /# gi::executeAction deAddPoint -in [gi::getWindows 20]
[00:44:14.90] /i de::addPoint {16.75625 3.78125} -context [db::getNext [de::getContexts -window 20]]
[00:44:18.05] /# gi::executeAction seCopy -in [gi::getWindows 20]
[00:44:18.05] /i ise::copy
[00:44:18.53] /# gi::executeAction deAddPoint -in [gi::getWindows 20]
[00:44:18.53] /i de::addPoint {16.80625 4.075} -context [db::getNext [de::getContexts -window 20]]
[00:44:18.82] /# gi::executeAction seCopy -in [gi::getWindows 20]
[00:44:18.82] /i ise::copy
[00:44:19.80] /# gi::executeAction deAddPoint -in [gi::getWindows 20]
[00:44:19.80] /i de::addPoint {16.9 0.8} -context [db::getNext [de::getContexts -window 20]]
[00:44:22.60] /# gi::executeAction seCopy -in [gi::getWindows 20]
[00:44:22.60] /i ise::copy
[00:44:24.14] /# gi::executeAction deAddPoint -in [gi::getWindows 20]
[00:44:24.14] /i de::addPoint {19.44375 2.18125} -context [db::getNext [de::getContexts -window 20]]
[00:44:25.25] /# gi::executeAction deAddPoint -in [gi::getWindows 20]
[00:44:25.25] /i de::addPoint {23.08125 3.70625} -context [db::getNext [de::getContexts -window 20]]
[00:44:29.41] /# gi::executeAction seCopy -in [gi::getWindows 20]
[00:44:29.41] /i ise::copy
[00:44:30.74] /# gi::executeAction deAddPoint -in [gi::getWindows 20]
[00:44:30.74] /i de::addPoint {21.76875 -4.1375} -context [db::getNext [de::getContexts -window 20]]
[00:44:32.79] /# gi::executeAction deAddPoint -in [gi::getWindows 20]
[00:44:32.79] /i de::addPoint {23.3 -8.28125} -context [db::getNext [de::getContexts -window 20]]
[00:44:33.49] /i gi::executeAction deCanvasDragSelect -in [gi::getWindows 20]
[00:44:33.49] /r deCanvasDragStart 0.69375 7.26875
[00:44:33.84] /# gi::executeAction deCanvasDragEnd -in [gi::getWindows 20]
[00:44:33.84] /i gi::executeAction deCanvasDragEnd -in [gi::getWindows 20]
[00:44:33.85] /r deCanvasDragEnd 29.2563 -7.55625
[00:44:34.66] /# gi::executeAction seButton1DragStart -in [gi::getWindows 20]
[00:44:34.67] /i ise::stretch -point {16.375 4.375}
[00:44:35.34] /# gi::executeAction deEndDrag -in [gi::getWindows 20]
[00:44:35.34] /i de::endDrag {16.03125 8.575} -context [db::getNext [de::getContexts -window 20]]
[00:44:35.72] /# gi::executeAction deSelectActive -in [gi::getWindows 20]
[00:44:35.72] /i de::deselectAll [db::getNext [de::getContexts -window 20]]
[00:44:35.72] /i de::deselectAllLogic -context [db::getNext [de::getContexts -window 20]]
[00:44:36.13] /i gi::executeAction deCanvasDragSelect -in [gi::getWindows 20]
[00:44:36.13] /r deCanvasDragStart 20.075 3.275
[00:44:36.27] /# gi::executeAction deCanvasDragEnd -in [gi::getWindows 20]
[00:44:36.27] /i gi::executeAction deCanvasDragEnd -in [gi::getWindows 20]
[00:44:36.27] /r deCanvasDragEnd 23.925 0.73125
[00:44:36.80] /# gi::executeAction seButton1DragStart -in [gi::getWindows 20]
[00:44:36.80] /i ise::stretch -point {21.625 2.25}
[00:44:38.28] /# gi::executeAction deEndDrag -in [gi::getWindows 20]
[00:44:38.28] /i de::endDrag {20.175 3.34375} -context [db::getNext [de::getContexts -window 20]]
[00:44:38.65] /# gi::executeAction deSelectActive -in [gi::getWindows 20]
[00:44:38.65] /i de::deselectAll [db::getNext [de::getContexts -window 20]]
[00:44:38.65] /i de::deselectAllLogic -context [db::getNext [de::getContexts -window 20]]
[00:44:38.99] /# gi::executeAction deFitEdit -in [gi::getWindows 20]
[00:44:38.99] /i de::fit -window 20 -fitEdit true
[00:44:38.99] /o {1.5875 -0.41875} {22.2875 12.23125}
[00:44:45.25] /# gi::executeAction seSchCreateSchematicPin -in [gi::getWindows 20]
[00:44:45.25] /i ise::createSchematicPin
[00:44:47.00] /# gi::executeAction deAddPoint -in [gi::getWindows 20]
[00:44:47.00] /i de::addPoint {2.0625 7.7875} -context [db::getNext [de::getContexts -window 20]]
[00:44:47.00] /w Warning: No wiring objects were found at this location. (SE-928)
[00:44:48.95] /i gi::executeAction deObjectActivation -in [gi::getWindows 20]
[00:44:49.28] /i gi::setField {schematicPinName} -value {A} -in [gi::getToolbars {deCommandOptions} -from [gi::getWindows 20]]
[00:44:49.32] /i gi::executeAction deObjectActivation -in [gi::getWindows 20]
[00:44:50.54] /# gi::executeAction deAddPoint -in [gi::getWindows 20]
[00:44:50.54] /i de::addPoint {1.8 7.85625} -context [db::getNext [de::getContexts -window 20]]
[00:44:53.05] /i gi::executeAction deObjectActivation -in [gi::getWindows 20]
[00:44:53.99] /i gi::setField {schematicPinName} -value {VB} -in [gi::getToolbars {deCommandOptions} -from [gi::getWindows 20]]
[00:44:54.23] /i gi::executeAction deObjectActivation -in [gi::getWindows 20]
[00:44:55.48] /# gi::executeAction deAddPoint -in [gi::getWindows 20]
[00:44:55.48] /i de::addPoint {1.88125 6.75} -context [db::getNext [de::getContexts -window 20]]
[00:44:56.99] /i gi::setField {schematicPinName} -value {} -in [gi::getToolbars {deCommandOptions} -from [gi::getWindows 20]]
[00:44:58.89] /i gi::executeAction deObjectActivation -in [gi::getWindows 20]
[00:44:59.93] /i gi::setField {schematicPinName} -value {Cin} -in [gi::getToolbars {deCommandOptions} -from [gi::getWindows 20]]
[00:44:59.93] /i gi::executeAction deObjectActivation -in [gi::getWindows 20]
[00:45:00.94] /# gi::executeAction deAddPoint -in [gi::getWindows 20]
[00:45:00.94] /i de::addPoint {2.35625 5.14375} -context [db::getNext [de::getContexts -window 20]]
[00:45:01.45] /# gi::executeAction deAbortCommand -in [gi::getWindows 20]
[00:45:01.45] /i de::abortCommand -context [db::getNext [de::getContexts -window 20]]
[00:45:11.85] /# gi::executeAction seSchCreateWire -in [gi::getWindows 20]
[00:45:11.85] /i ise::createWire
[00:45:13.10] /# gi::executeAction deFitEdit -in [gi::getWindows 20]
[00:45:13.10] /i de::fit -window 20 -fitEdit true
[00:45:13.10] /o {0.425 -0.79375} {22.34375 12.60625}
[00:45:13.78] /# gi::executeAction deCanvasZoomInAtPoint -in [gi::getWindows 20]
[00:45:13.78] /i de::zoom -window [gi::getWindows 20] -factor 2.0 -center {1.025 7.71875}
[00:45:13.78] /o {0.725 3.4625} {11.6875 10.1625}
[00:45:13.90] /# gi::executeAction deCanvasZoomInAtPoint -in [gi::getWindows 20]
[00:45:13.90] /i de::zoom -window [gi::getWindows 20] -factor 2.0 -center {1.025 7.71875}
[00:45:13.90] /o {0.875 5.59375} {6.35625 8.9375}
[00:45:14.87] /# gi::executeAction deAddPoint -in [gi::getWindows 20]
[00:45:14.87] /i de::addPoint {1.76875 7.86875} -context [db::getNext [de::getContexts -window 20]]
[00:45:14.88] /i de::setCursor -point {1.8125 7.875 }
[00:45:15.54] /# gi::executeAction deAddPoint -in [gi::getWindows 20]
[00:45:15.54] /i de::addPoint {2.85625 7.81875} -context [db::getNext [de::getContexts -window 20]]
[00:45:16.32] /# gi::executeAction deAddPoint -in [gi::getWindows 20]
[00:45:16.32] /i de::addPoint {1.8 6.75} -context [db::getNext [de::getContexts -window 20]]
[00:45:16.36] /i de::setCursor -point {1.875 6.8125 }
[00:45:16.38] /i de::setCursor -point {1.9375 6.8125 }
[00:45:17.71] /# gi::executeAction deAddPoint -in [gi::getWindows 20]
[00:45:17.71] /i de::addPoint {2.875 7.6875} -context [db::getNext [de::getContexts -window 20]]
[00:45:17.92] /# gi::executeAction deAbortCommand -in [gi::getWindows 20]
[00:45:17.92] /i de::abortCommand -context [db::getNext [de::getContexts -window 20]]
[00:45:18.86] /# gi::executeAction deSelectActive -in [gi::getWindows 20]
[00:45:18.86] /i de::deselectAll [db::getNext [de::getContexts -window 20]]
[00:45:18.86] /i de::select [de::getActiveFigure [gi::getWindows 20] -point {1.69375 6.725} -index 0 -intent none]
[00:45:18.86] /o oa:0x1f6244b0
[00:45:20.01] /i gi::setItemSelection {attributes} -index {text,all} -in [gi::getAssistants dePropertyEditor -from [gi::getWindows 20]]
[00:45:20.01] /i gi::setCurrentIndex {attributes} -index {text,Value} -in [gi::getAssistants dePropertyEditor -from [gi::getWindows 20]]
[00:45:22.42] /i gi::setField {attributes} -value {B} -index {text,Value} -in [gi::getAssistants dePropertyEditor -from [gi::getWindows 20]]
[00:45:22.42] /i gi::executeAction dePropertyEditorApplyChanges -in [gi::getAssistants dePropertyEditor -from [gi::getWindows 20]]
[00:45:23.01] /# gi::executeAction deFitEdit -in [gi::getWindows 20]
[00:45:23.01] /i de::fit -window 20 -fitEdit true
[00:45:23.01] /o {0.425 -0.79375} {22.34375 12.60625}
[00:45:24.42] /i gi::executeAction deCanvasDragCancel -in [gi::getWindows 20]
[00:45:25.07] /# gi::executeAction seButton1DragStart -in [gi::getWindows 20]
[00:45:25.07] /i ise::stretch -object [de::getActiveFigure [gi::getWindows 20] -point {1.71875 7.9} -index 0 -intent none] -point {1.75 7.875}
[00:45:26.61] /# gi::executeAction deEndDrag -in [gi::getWindows 20]
[00:45:26.61] /i de::endDrag {1.56875 7.80625} -context [db::getNext [de::getContexts -window 20]]
[00:45:31.82] /# gi::executeAction seButton1DragStart -in [gi::getWindows 20]
[00:45:31.82] /i ise::stretch -object [de::getActiveFigure [gi::getWindows 20] -point {6.55 7.48125} -index 0 -intent none] -point {6.5625 7.5}
[00:45:32.52] /# gi::executeAction deEndDrag -in [gi::getWindows 20]
[00:45:32.52] /i de::endDrag {6.675 9.0625} -context [db::getNext [de::getContexts -window 20]]
[00:45:33.63] /# gi::executeAction seSchCreateWire -in [gi::getWindows 20]
[00:45:33.63] /i ise::createWire
[00:45:38.27] /# gi::executeAction deAddPoint -in [gi::getWindows 20]
[00:45:38.27] /i de::addPoint {2.025 7.80625} -context [db::getNext [de::getContexts -window 20]]
[00:45:38.33] /i de::setCursor -point {2 7.875 }
[00:45:41.50] /# gi::executeAction deAddPoint -in [gi::getWindows 20]
[00:45:41.50] /i de::addPoint {6.00625 9.325} -context [db::getNext [de::getContexts -window 20]]
[00:45:53.18] /# gi::executeAction seSchCreateWire -in [gi::getWindows 20]
[00:45:53.18] /i ise::createWire
[00:45:54.66] /# gi::executeAction deCanvasZoomInAtPoint -in [gi::getWindows 20]
[00:45:54.66] /i de::zoom -window [gi::getWindows 20] -factor 2.0 -center {4.875 7.68125}
[00:45:54.66] /o {2.65 3.44375} {13.6125 10.14375}
[00:45:55.73] /# gi::executeAction deAddPoint -in [gi::getWindows 20]
[00:45:55.73] /i de::addPoint {4.85625 7.68125} -context [db::getNext [de::getContexts -window 20]]
[00:45:55.83] /i de::setCursor -point {4.9375 7.6875 }
[00:45:57.17] /# gi::executeAction deAddPoint -in [gi::getWindows 20]
[00:45:57.17] /i de::addPoint {6 9.1875} -context [db::getNext [de::getContexts -window 20]]
[00:45:57.53] /# gi::executeAction deCanvasZoomOutAtPoint -in [gi::getWindows 20]
[00:45:57.53] /i de::zoom -window [gi::getWindows 20] -factor 0.5 -center {4.8125 6.4125}
[00:45:57.53] /o {0.4875 0.475} {22.40625 13.875}
[00:45:58.17] /# gi::executeAction deCanvasZoomInAtPoint -in [gi::getWindows 20]
[00:45:58.17] /i de::zoom -window [gi::getWindows 20] -factor 2.0 -center {1.88125 7.525}
[00:45:58.17] /o {1.18125 4.0} {12.14375 10.7}
[00:46:04.96] /# gi::executeAction deAddPoint -in [gi::getWindows 20]
[00:46:04.96] /i de::addPoint {5.875 5.85625} -context [db::getNext [de::getContexts -window 20]]
[00:46:06.11] /# gi::executeAction deAddPoint -in [gi::getWindows 20]
[00:46:06.11] /i de::addPoint {5.4625 7.66875} -context [db::getNext [de::getContexts -window 20]]
[00:46:11.75] /# gi::executeAction deAddPoint -in [gi::getWindows 20]
[00:46:11.75] /i de::addPoint {2 7.675} -context [db::getNext [de::getContexts -window 20]]
[00:46:11.81] /i de::setCursor -point {2 7.625 }
[00:46:13.46] /# gi::executeAction deAddPoint -in [gi::getWindows 20]
[00:46:13.46] /i de::addPoint {5.85 5.74375} -context [db::getNext [de::getContexts -window 20]]
[00:46:17.73] /# gi::executeAction deAddPoint -in [gi::getWindows 20]
[00:46:17.73] /i de::addPoint {8.00625 9.1875} -context [db::getNext [de::getContexts -window 20]]
[00:46:17.78] /i de::setCursor -point {8.0625 9.1875 }
[00:46:17.80] /i de::setCursor -point {8.0625 9.125 }
[00:46:17.82] /i de::setCursor -point {8.25 9 }
[00:46:19.01] /# gi::executeAction deAddPoint -in [gi::getWindows 20]
[00:46:19.01] /i de::addPoint {9.0375 6.89375} -context [db::getNext [de::getContexts -window 20]]
[00:46:19.84] /# gi::executeAction deAddPoint -in [gi::getWindows 20]
[00:46:19.84] /i de::addPoint {7.8875 5.73125} -context [db::getNext [de::getContexts -window 20]]
[00:46:21.25] /# gi::executeAction deAddPoint -in [gi::getWindows 20]
[00:46:21.25] /i de::addPoint {9.075 6.76875} -context [db::getNext [de::getContexts -window 20]]
[00:46:22.58] /# gi::executeAction deStartDrag -in [gi::getWindows 20]
[00:46:22.58] /i de::startDrag {10.1625 6.56875} -context [db::getNext [de::getContexts -window 20]]
[00:46:23.09] /# gi::executeAction deEndDrag -in [gi::getWindows 20]
[00:46:23.09] /i de::endDrag {10.15 7.19375} -context [db::getNext [de::getContexts -window 20]]
[00:46:23.18] /i de::setCursor -point {10.125 7.125 }
[00:46:23.93] /# gi::executeAction deAbortCommand -in [gi::getWindows 20]
[00:46:23.93] /i de::abortCommand -context [db::getNext [de::getContexts -window 20]]
[00:46:24.83] /# gi::executeAction deSelectActive -in [gi::getWindows 20]
[00:46:24.83] /i de::deselectAll [db::getNext [de::getContexts -window 20]]
[00:46:24.83] /i de::select [de::getActiveFigure [gi::getWindows 20] -point {10.1625 6.775} -index 0 -intent none]
[00:46:24.83] /o oa:0x247d5710
[00:46:25.46] /# gi::executeAction deSelectActive -in [gi::getWindows 20]
[00:46:25.46] /i de::deselectAll [db::getNext [de::getContexts -window 20]]
[00:46:25.46] /i de::select [de::getActiveFigure [gi::getWindows 20] -point {10.10625 6.79375} -index 0 -intent none]
[00:46:25.46] /o oa:0x2520e090
[00:46:26.36] /# gi::executeAction seDelete -in [gi::getWindows 20]
[00:46:26.36] /i ise::delete
[00:46:27.17] /i gi::executeAction deCanvasDragCancel -in [gi::getWindows 20]
[00:46:28.44] /# gi::executeAction deSelectActive -in [gi::getWindows 20]
[00:46:28.44] /i de::deselectAll [db::getNext [de::getContexts -window 20]]
[00:46:28.44] /i de::select [de::getActiveFigure [gi::getWindows 20] -point {10.15 6.5375} -index 0 -intent none]
[00:46:28.44] /o oa:0x1ec86a40
[00:46:29.26] /# gi::executeAction seDelete -in [gi::getWindows 20]
[00:46:29.26] /i ise::delete
[00:46:29.89] /# gi::executeAction deCanvasZoomInAtPoint -in [gi::getWindows 20]
[00:46:29.89] /i de::zoom -window [gi::getWindows 20] -factor 2.0 -center {10.15 6.5375}
[00:46:29.89] /o {5.66875 5.26875} {11.15 8.61875}
[00:46:29.99] /# gi::executeAction deCanvasZoomInAtPoint -in [gi::getWindows 20]
[00:46:29.99] /i de::zoom -window [gi::getWindows 20] -factor 2.0 -center {10.15 6.5375}
[00:46:29.99] /o {7.90625 5.90625} {10.65 7.575}
[00:46:31.11] /# gi::executeAction deAddPoint -in [gi::getWindows 20]
[00:46:31.11] /i de::addPoint {10.15625 6.55625} -context [db::getNext [de::getContexts -window 20]]
[00:46:31.55] /# gi::executeAction deAbortCommand -in [gi::getWindows 20]
[00:46:31.55] /i de::abortCommand -context [db::getNext [de::getContexts -window 20]]
[00:46:31.75] /i gi::executeAction deCanvasDragCancel -in [gi::getWindows 20]
[00:46:31.89] /# gi::executeAction deCanvasZoomOutAtPoint -in [gi::getWindows 20]
[00:46:31.89] /i de::zoom -window [gi::getWindows 20] -factor 0.5 -center {9.85 6.55625}
[00:46:31.89] /o {5.96875 5.25} {11.45 8.6}
[00:46:31.91] /# gi::executeAction deCanvasZoomOutAtPoint -in [gi::getWindows 20]
[00:46:31.91] /i de::zoom -window [gi::getWindows 20] -factor 0.5 -center {9.85 6.55625}
[00:46:31.91] /o {2.08125 3.94375} {13.04375 10.64375}
[00:46:31.99] /# gi::executeAction deCanvasZoomOutAtPoint -in [gi::getWindows 20]
[00:46:31.99] /i de::zoom -window [gi::getWindows 20] -factor 0.5 -center {9.85625 6.55625}
[00:46:31.99] /o {-5.6875 1.33125} {16.23125 14.73125}
[00:46:32.67] /# gi::executeAction seButton1DragStart -in [gi::getWindows 20]
[00:46:32.67] /i ise::stretch -object [de::getActiveFigure [gi::getWindows 20] -point {10.10625 6.7625} -index 0 -intent none] -point {10.125 6.75}
[00:46:34.27] /# gi::executeAction deEndDrag -in [gi::getWindows 20]
[00:46:34.27] /i de::endDrag {10.4 7.5875} -context [db::getNext [de::getContexts -window 20]]
[00:46:34.64] /# gi::executeAction deSelectActive -in [gi::getWindows 20]
[00:46:34.64] /i de::deselectAllLogic -context [db::getNext [de::getContexts -window 20]]
[00:46:42.41] /# gi::executeAction seButton1DragStart -in [gi::getWindows 20]
[00:46:42.42] /i ise::stretch -object [de::getActiveFigure [gi::getWindows 20] -point {13.81875 6.6625} -index 0 -intent none] -point {13.8125 6.6875}
[00:46:43.18] /# gi::executeAction deEndDrag -in [gi::getWindows 20]
[00:46:43.18] /i de::endDrag {13.44375 6.1625} -context [db::getNext [de::getContexts -window 20]]
[00:46:48.78] /# gi::executeAction seSchCreateWire -in [gi::getWindows 20]
[00:46:48.79] /i ise::createWire
[00:46:50.20] /# gi::executeAction deAddPoint -in [gi::getWindows 20]
[00:46:50.20] /i de::addPoint {11.30625 7.54375} -context [db::getNext [de::getContexts -window 20]]
[00:46:50.25] /i de::setCursor -point {11.375 7.5625 }
[00:46:52.51] /# gi::executeAction deAddPoint -in [gi::getWindows 20]
[00:46:52.51] /i de::addPoint {12.2 6.34375} -context [db::getNext [de::getContexts -window 20]]
[00:46:53.34] /# gi::executeAction deAbortCommand -in [gi::getWindows 20]
[00:46:53.34] /i de::abortCommand -context [db::getNext [de::getContexts -window 20]]
[00:46:53.95] /# gi::executeAction deSelectActive -in [gi::getWindows 20]
[00:46:53.95] /i de::deselectAll [db::getNext [de::getContexts -window 20]]
[00:46:53.95] /i de::select [de::getActiveFigure [gi::getWindows 20] -point {15.59375 8.16875} -index 0 -intent none]
[00:46:53.95] /o oa:0x26d82850
[00:46:54.46] /# gi::executeAction seButton1DragStart -in [gi::getWindows 20]
[00:46:54.46] /i ise::stretch -point {15.6875 8.3125}
[00:46:55.97] /# gi::executeAction deEndDrag -in [gi::getWindows 20]
[00:46:55.97] /i de::endDrag {12.7 8.50625} -context [db::getNext [de::getContexts -window 20]]
[00:46:56.22] /# gi::executeAction deCanvasZoomInAtPoint -in [gi::getWindows 20]
[00:46:56.22] /i de::zoom -window [gi::getWindows 20] -factor 2.0 -center {13.1625 8.7125}
[00:46:56.22] /o {3.7375 5.025} {14.7 11.71875}
[00:46:56.29] /# gi::executeAction deCanvasZoomInAtPoint -in [gi::getWindows 20]
[00:46:56.29] /i de::zoom -window [gi::getWindows 20] -factor 2.0 -center {13.175 8.71875}
[00:46:56.30] /o {8.45625 6.86875} {13.9375 10.21875}
[00:46:57.02] /m Information: Stopped sharing "Custom WaveView" license. (WAVEFORM-111)
[00:46:57.53] /# gi::executeAction seSchCreateWire -in [gi::getWindows 20]
[00:46:57.53] /i ise::createWire
[00:46:58.70] /# gi::executeAction deAddPoint -in [gi::getWindows 20]
[00:46:58.70] /i de::addPoint {12.3125 8.60625} -context [db::getNext [de::getContexts -window 20]]
[00:46:58.73] /i de::setCursor -point {12.25 8.625 }
[00:47:01.91] /# gi::executeAction deAddPoint -in [gi::getWindows 20]
[00:47:01.91] /i de::addPoint {11.54375 7.5625} -context [db::getNext [de::getContexts -window 20]]
[00:47:05.34] /# gi::executeAction deCanvasZoomOutAtPoint -in [gi::getWindows 20]
[00:47:05.34] /i de::zoom -window [gi::getWindows 20] -factor 0.5 -center {12.65 7.88125}
[00:47:05.35] /o {4.2625 5.8625} {15.225 12.55625}
[00:47:05.55] /# gi::executeAction deCanvasZoomOutAtPoint -in [gi::getWindows 20]
[00:47:05.55] /i de::zoom -window [gi::getWindows 20] -factor 0.5 -center {12.7875 7.8}
[00:47:05.55] /o {-4.2625 3.91875} {17.65625 17.31875}
[00:47:05.99] /# gi::executeAction deCanvasZoomInAtPoint -in [gi::getWindows 20]
[00:47:05.99] /i de::zoom -window [gi::getWindows 20] -factor 2.0 -center {14.63125 5.5}
[00:47:05.99] /o {5.18125 4.7125} {16.14375 11.40625}
[00:47:07.02] /# gi::executeAction deStartDrag -in [gi::getWindows 20]
[00:47:07.02] /i de::startDrag {13.4375 8.45} -context [db::getNext [de::getContexts -window 20]]
[00:47:07.45] /# gi::executeAction deEndDrag -in [gi::getWindows 20]
[00:47:07.45] /i de::endDrag {14.13125 8.44375} -context [db::getNext [de::getContexts -window 20]]
[00:47:07.48] /# gi::executeAction deAbortCommand -in [gi::getWindows 20]
[00:47:07.48] /i de::abortCommand -context [db::getNext [de::getContexts -window 20]]
[00:47:13.21] /i de::undoTransaction -design [db::getAttr editDesign -of [de::getContexts -window 20]] -steps 1
[00:47:14.33] /# gi::executeAction seButton1DragStart -in [gi::getWindows 20]
[00:47:14.33] /i ise::stretch -point {12.8125 8.5625}
[00:47:15.83] /# gi::executeAction deEndDrag -in [gi::getWindows 20]
[00:47:15.83] /i de::endDrag {15.00625 8.6125} -context [db::getNext [de::getContexts -window 20]]
[00:47:16.91] /# gi::executeAction seSchCreateWire -in [gi::getWindows 20]
[00:47:16.91] /i ise::createWire
[00:47:17.88] /# gi::executeAction deAddPoint -in [gi::getWindows 20]
[00:47:17.88] /i de::addPoint {14.19375 6.2125} -context [db::getNext [de::getContexts -window 20]]
[00:47:17.90] /i de::setCursor -point {14.1875 6.3125 }
[00:47:20.70] /# gi::executeAction deAddPoint -in [gi::getWindows 20]
[00:47:20.70] /i de::addPoint {14.475 8.6125} -context [db::getNext [de::getContexts -window 20]]
[00:47:21.92] /# gi::executeAction deAbortCommand -in [gi::getWindows 20]
[00:47:21.92] /i de::abortCommand -context [db::getNext [de::getContexts -window 20]]
[00:47:22.71] /# gi::executeAction deCanvasZoomInAtPoint -in [gi::getWindows 20]
[00:47:22.71] /i de::zoom -window [gi::getWindows 20] -factor 2.0 -center {15.15625 8.05}
[00:47:22.71] /o {10.16875 6.38125} {15.65 9.73125}
[00:47:23.15] /# gi::executeAction deFitEdit -in [gi::getWindows 20]
[00:47:23.15] /i de::fit -window 20 -fitEdit true
[00:47:23.16] /o {0.225 -0.41875} {22.35625 13.10625}
[00:47:23.92] /# gi::executeAction seButton1DragStart -in [gi::getWindows 20]
[00:47:23.92] /i ise::stretch -object [de::getActiveFigure [gi::getWindows 20] -point {19.89375 6.44375} -index 0 -intent none] -point {19.875 6.4375}
[00:47:24.41] /# gi::executeAction deEndDrag -in [gi::getWindows 20]
[00:47:24.41] /i de::endDrag {18.4 6.90625} -context [db::getNext [de::getContexts -window 20]]
[00:47:29.56] /# gi::executeAction seButton1DragStart -in [gi::getWindows 20]
[00:47:29.56] /i ise::stretch -object [de::getActiveFigure [gi::getWindows 20] -point {18.56875 6.95} -index 0 -intent none] -point {18.5625 6.9375}
[00:47:29.91] /# gi::executeAction deEndDrag -in [gi::getWindows 20]
[00:47:29.91] /i de::endDrag {18.23125 6.95} -context [db::getNext [de::getContexts -window 20]]
[00:47:30.80] /# gi::executeAction seSchCreateWire -in [gi::getWindows 20]
[00:47:30.80] /i ise::createWire
[00:47:32.23] /# gi::executeAction deCanvasZoomInAtPoint -in [gi::getWindows 20]
[00:47:32.23] /i de::zoom -window [gi::getWindows 20] -factor 2.0 -center {16.625 8.56875}
[00:47:32.23] /o {8.425 4.075} {19.49375 10.8375}
[00:47:33.36] /# gi::executeAction deAddPoint -in [gi::getWindows 20]
[00:47:33.36] /i de::addPoint {16.50625 8.55} -context [db::getNext [de::getContexts -window 20]]
[00:47:33.38] /i de::setCursor -point {16.5625 8.5625 }
[00:47:35.13] /# gi::executeAction deAddPoint -in [gi::getWindows 20]
[00:47:35.13] /i de::addPoint {17.15625 7.19375} -context [db::getNext [de::getContexts -window 20]]
[00:47:40.72] /# gi::executeAction deAddPoint -in [gi::getWindows 20]
[00:47:40.72] /i de::addPoint {15.3375 5.1625} -context [db::getNext [de::getContexts -window 20]]
[00:47:42.73] /# gi::executeAction deAddPoint -in [gi::getWindows 20]
[00:47:42.73] /i de::addPoint {14.4125 6.15625} -context [db::getNext [de::getContexts -window 20]]
[00:47:45.40] /# gi::executeAction deAddPoint -in [gi::getWindows 20]
[00:47:45.40] /i de::addPoint {17.3625 5.05625} -context [db::getNext [de::getContexts -window 20]]
[00:47:45.44] /i de::setCursor -point {17.375 5.125 }
[00:47:46.67] /# gi::executeAction deAddPoint -in [gi::getWindows 20]
[00:47:46.67] /i de::addPoint {17.175 7.01875} -context [db::getNext [de::getContexts -window 20]]
[00:47:47.56] /# gi::executeAction deAbortCommand -in [gi::getWindows 20]
[00:47:47.56] /i de::abortCommand -context [db::getNext [de::getContexts -window 20]]
[00:47:48.06] /# gi::executeAction deSelectActive -in [gi::getWindows 20]
[00:47:48.06] /i de::deselectAll [db::getNext [de::getContexts -window 20]]
[00:47:48.06] /i de::select [de::getActiveFigure [gi::getWindows 20] -point {16.625 5.01875} -index 0 -intent none]
[00:47:48.06] /o oa:0x1f3f2050
[00:47:48.57] /# gi::executeAction seButton1DragStart -in [gi::getWindows 20]
[00:47:48.57] /i ise::stretch -point {16.5625 5.0625}
[00:47:49.28] /# gi::executeAction deEndDrag -in [gi::getWindows 20]
[00:47:49.28] /i de::endDrag {16.20625 5.05625} -context [db::getNext [de::getContexts -window 20]]
[00:47:50.51] /# gi::executeAction seButton1DragStart -in [gi::getWindows 20]
[00:47:50.51] /i ise::stretch -object [de::getActiveFigure [gi::getWindows 20] -point {17.68125 7.14375} -index 0 -intent none] -point {17.6875 7.125}
[00:47:51.26] /# gi::executeAction deEndDrag -in [gi::getWindows 20]
[00:47:51.26] /i de::endDrag {18.29375 7.15625} -context [db::getNext [de::getContexts -window 20]]
[00:47:51.85] /# gi::executeAction deCanvasZoomInAtPoint -in [gi::getWindows 20]
[00:47:51.85] /i de::zoom -window [gi::getWindows 20] -factor 2.0 -center {12.14375 8.26875}
[00:47:51.85] /o {10.28125 6.175} {15.81875 9.55}
[00:47:52.71] /# gi::executeAction seSchCreateWire -in [gi::getWindows 20]
[00:47:52.71] /i ise::createWire
[00:47:52.97] /# gi::executeAction deCanvasZoomOutAtPoint -in [gi::getWindows 20]
[00:47:52.97] /i de::zoom -window [gi::getWindows 20] -factor 0.5 -center {13.85625 8.1875}
[00:47:52.97] /o {6.7125 4.15625} {17.78125 10.91875}
[00:47:53.54] /# gi::executeAction deFitEdit -in [gi::getWindows 20]
[00:47:53.54] /i de::fit -window 20 -fitEdit true
[00:47:53.54] /o {0.225 -0.41875} {22.35625 13.10625}
[00:47:54.18] /# gi::executeAction deCanvasZoomInAtPoint -in [gi::getWindows 20]
[00:47:54.18] /i de::zoom -window [gi::getWindows 20] -factor 2.0 -center {18.8375 6.6125}
[00:47:54.18] /o {9.53125 3.1} {20.6 9.85625}
[00:47:54.28] /# gi::executeAction deCanvasZoomInAtPoint -in [gi::getWindows 20]
[00:47:54.28] /i de::zoom -window [gi::getWindows 20] -factor 2.0 -center {18.8125 6.63125}
[00:47:54.28] /o {14.16875 4.8625} {19.70625 8.24375}
[00:47:55.48] /# gi::executeAction deAddPoint -in [gi::getWindows 20]
[00:47:55.48] /i de::addPoint {17.8125 7.13125} -context [db::getNext [de::getContexts -window 20]]
[00:47:55.53] /i de::setCursor -point {17.75 7.125 }
[00:47:57.45] /# gi::executeAction deAddPoint -in [gi::getWindows 20]
[00:47:57.45] /i de::addPoint {17.175 7.1125} -context [db::getNext [de::getContexts -window 20]]
[00:47:57.49] /i de::setCursor -point {17.1875 7.0625 }
[00:47:57.90] /# gi::executeAction deAddPoint -in [gi::getWindows 20]
[00:47:57.90] /i de::addPoint {17.1625 6.98125} -context [db::getNext [de::getContexts -window 20]]
[00:47:58.36] /# gi::executeAction deFitEdit -in [gi::getWindows 20]
[00:47:58.36] /i de::fit -window 20 -fitEdit true
[00:47:58.36] /o {0.225 -0.41875} {22.35625 13.10625}
[00:47:59.00] /# gi::executeAction deAbortCommand -in [gi::getWindows 20]
[00:47:59.00] /i de::abortCommand -context [db::getNext [de::getContexts -window 20]]
[00:48:02.39] /# gi::executeAction seButton1DragStart -in [gi::getWindows 20]
[00:48:02.39] /i ise::stretch -object [de::getActiveFigure [gi::getWindows 20] -point {15.525 8.44375} -index 0 -intent none] -point {15.5 8.4375}
[00:48:05.59] /# gi::executeAction deEndDrag -in [gi::getWindows 20]
[00:48:05.59] /i de::endDrag {16 8.1875} -context [db::getNext [de::getContexts -window 20]]
[00:48:05.87] /# gi::executeAction deCanvasZoomInAtPoint -in [gi::getWindows 20]
[00:48:05.87] /i de::zoom -window [gi::getWindows 20] -factor 2.0 -center {15.4 7.975}
[00:48:05.87] /o {7.8125 3.78125} {18.88125 10.5375}
[00:48:05.93] /# gi::executeAction deCanvasZoomInAtPoint -in [gi::getWindows 20]
[00:48:05.93] /i de::zoom -window [gi::getWindows 20] -factor 2.0 -center {15.375 7.9875}
[00:48:05.93] /o {11.59375 5.88125} {17.125 9.2625}
[00:48:06.74] /# gi::executeAction deSelectActive -in [gi::getWindows 20]
[00:48:06.74] /i de::deselectAll [db::getNext [de::getContexts -window 20]]
[00:48:06.74] /i de::select [de::getActiveFigure [gi::getWindows 20] -point {14.4125 7.8125} -index 0 -intent none]
[00:48:06.74] /o oa:0x24d7c6e0
[00:48:07.52] /# gi::executeAction seDelete -in [gi::getWindows 20]
[00:48:07.52] /i ise::delete
[00:48:08.79] /# gi::executeAction deSelectActive -in [gi::getWindows 20]
[00:48:08.79] /i de::deselectAll [db::getNext [de::getContexts -window 20]]
[00:48:08.79] /i de::select [de::getActiveFigure [gi::getWindows 20] -point {14.46875 8.6125} -index 0 -intent none]
[00:48:08.80] /o oa:0x1f68b7c0
[00:48:08.87] /# gi::executeAction seDelete -in [gi::getWindows 20]
[00:48:08.87] /i ise::delete
[00:48:09.48] /# gi::executeAction deAddPoint -in [gi::getWindows 20]
[00:48:09.48] /i de::addPoint {14.46875 8.625} -context [db::getNext [de::getContexts -window 20]]
[00:48:09.83] /# gi::executeAction seDelete -in [gi::getWindows 20]
[00:48:09.83] /i ise::delete
[00:48:10.87] /# gi::executeAction seSchCreateWire -in [gi::getWindows 20]
[00:48:10.87] /i ise::createWire
[00:48:12.04] /# gi::executeAction deAddPoint -in [gi::getWindows 20]
[00:48:12.04] /i de::addPoint {14.9875 8.3} -context [db::getNext [de::getContexts -window 20]]
[00:48:12.09] /i de::setCursor -point {14.9375 8.3125 }
[00:48:13.94] /# gi::executeAction deAddPoint -in [gi::getWindows 20]
[00:48:13.94] /i de::addPoint {14.20625 6.25} -context [db::getNext [de::getContexts -window 20]]
[00:48:14.65] /# gi::executeAction deAddPoint -in [gi::getWindows 20]
[00:48:14.66] /i de::addPoint {14.40625 6.1875} -context [db::getNext [de::getContexts -window 20]]
[00:48:14.73] /i de::setCursor -point {14.4375 6.25 }
[00:48:15.19] /# gi::executeAction deAddPoint -in [gi::getWindows 20]
[00:48:15.19] /i de::addPoint {14.44375 6.26875} -context [db::getNext [de::getContexts -window 20]]
[00:48:15.61] /# gi::executeAction deAbortCommand -in [gi::getWindows 20]
[00:48:15.61] /i de::abortCommand -context [db::getNext [de::getContexts -window 20]]
[00:48:16.10] /# gi::executeAction deSelectActive -in [gi::getWindows 20]
[00:48:16.10] /i de::deselectAll [db::getNext [de::getContexts -window 20]]
[00:48:16.10] /i de::select [de::getActiveFigure [gi::getWindows 20] -point {14.31875 6.19375} -index 0 -intent none]
[00:48:16.10] /o oa:0x23a415f0
[00:48:16.76] /# gi::executeAction seDelete -in [gi::getWindows 20]
[00:48:16.76] /i ise::delete
[00:48:17.86] /# gi::executeAction deCanvasZoomOutAtPoint -in [gi::getWindows 20]
[00:48:17.86] /i de::zoom -window [gi::getWindows 20] -factor 0.5 -center {14.65625 6.24375}
[00:48:17.86] /o {8.53125 5.525} {19.6 12.28125}
[00:48:17.93] /# gi::executeAction deCanvasZoomOutAtPoint -in [gi::getWindows 20]
[00:48:17.93] /i de::zoom -window [gi::getWindows 20] -factor 0.5 -center {14.65625 6.25}
[00:48:17.93] /o {2.40625 4.79375} {24.5375 18.31875}
[00:48:18.05] /# gi::executeAction deFitEdit -in [gi::getWindows 20]
[00:48:18.05] /i de::fit -window 20 -fitEdit true
[00:48:18.05] /o {0.225 -0.41875} {22.35625 13.10625}
[00:48:19.13] /# gi::executeAction seButton1DragStart -in [gi::getWindows 20]
[00:48:19.13] /i ise::stretch -object [de::getActiveFigure [gi::getWindows 20] -point {13.46875 6.275} -index 0 -intent none] -point {13.5 6.25}
[00:48:22.29] /# gi::executeAction deEndDrag -in [gi::getWindows 20]
[00:48:22.29] /i de::endDrag {13.5125 6.275} -context [db::getNext [de::getContexts -window 20]]
[00:48:22.61] /# gi::executeAction deFitEdit -in [gi::getWindows 20]
[00:48:22.61] /i de::fit -window 20 -fitEdit true
[00:48:22.61] /o {0.225 -0.41875} {22.35625 13.10625}
[00:48:27.61] /# gi::executeAction seButton1DragStart -in [gi::getWindows 20]
[00:48:27.61] /i ise::stretch -object [de::getActiveFigure [gi::getWindows 20] -point {20.1 3.36875} -index 0 -intent none] -point {20.125 3.375}
[00:48:28.30] /# gi::executeAction deEndDrag -in [gi::getWindows 20]
[00:48:28.30] /i de::endDrag {18.75 3.275} -context [db::getNext [de::getContexts -window 20]]
[00:48:29.88] /i gi::executeAction deCanvasDragSelect -in [gi::getWindows 20]
[00:48:29.88] /r deCanvasDragStart 1.83125 5.3875
[00:48:29.93] /# gi::executeAction deCanvasDragEnd -in [gi::getWindows 20]
[00:48:29.93] /i gi::executeAction deCanvasDragEnd -in [gi::getWindows 20]
[00:48:29.94] /r deCanvasDragEnd 2.65 4.8375
[00:48:30.70] /# gi::executeAction seButton1DragStart -in [gi::getWindows 20]
[00:48:30.70] /i ise::stretch -point {2.25 5.1875}
[00:48:31.38] /# gi::executeAction deEndDrag -in [gi::getWindows 20]
[00:48:31.38] /i de::endDrag {13.6625 4.00625} -context [db::getNext [de::getContexts -window 20]]
[00:48:32.03] /# gi::executeAction deCanvasZoomInAtPoint -in [gi::getWindows 20]
[00:48:32.03] /i de::zoom -window [gi::getWindows 20] -factor 2.0 -center {17.85 2.9375}
[00:48:32.03] /o {9.0375 1.2625} {20.10625 8.01875}
[00:48:33.53] /# gi::executeAction seSchCreateWire -in [gi::getWindows 20]
[00:48:33.53] /i ise::createWire
[00:48:34.56] /# gi::executeAction deAddPoint -in [gi::getWindows 20]
[00:48:34.56] /i de::addPoint {13.76875 3.90625} -context [db::getNext [de::getContexts -window 20]]
[00:48:34.58] /i de::setCursor -point {13.8125 3.9375 }
[00:48:35.96] /# gi::executeAction deAddPoint -in [gi::getWindows 20]
[00:48:35.96] /i de::addPoint {14.99375 5.06875} -context [db::getNext [de::getContexts -window 20]]
[00:48:37.52] /# gi::executeAction deAddPoint -in [gi::getWindows 20]
[00:48:37.52] /i de::addPoint {17.76875 3.4875} -context [db::getNext [de::getContexts -window 20]]
[00:48:38.85] /# gi::executeAction deAddPoint -in [gi::getWindows 20]
[00:48:38.85] /i de::addPoint {13.75625 3.9375} -context [db::getNext [de::getContexts -window 20]]
[00:48:39.62] /# gi::executeAction deAbortCommand -in [gi::getWindows 20]
[00:48:39.62] /i de::abortCommand -context [db::getNext [de::getContexts -window 20]]
[00:48:40.02] /# gi::executeAction deSelectActive -in [gi::getWindows 20]
[00:48:40.02] /i de::deselectAll [db::getNext [de::getContexts -window 20]]
[00:48:40.02] /i de::select [de::getActiveFigure [gi::getWindows 20] -point {18.5125 3.25} -index 0 -intent none]
[00:48:40.03] /o oa:0x269751c0
[00:48:40.71] /# gi::executeAction seButton1DragStart -in [gi::getWindows 20]
[00:48:40.71] /i ise::stretch -point {18.5625 3.375}
[00:48:42.45] /# gi::executeAction deEndDrag -in [gi::getWindows 20]
[00:48:42.45] /i de::endDrag {18.61875 3.8} -context [db::getNext [de::getContexts -window 20]]
[00:48:45.30] /# gi::executeAction deFitEdit -in [gi::getWindows 20]
[00:48:45.30] /i de::fit -window 20 -fitEdit true
[00:48:45.30] /o {0.3 0.18125} {20.96875 12.81875}
[00:48:45.89] /# gi::executeAction deSelectActive -in [gi::getWindows 20]
[00:48:45.89] /i de::deselectAll [db::getNext [de::getContexts -window 20]]
[00:48:45.89] /i de::deselectAllLogic -context [db::getNext [de::getContexts -window 20]]
[00:48:46.27] /# gi::executeAction deCanvasZoomInAtPoint -in [gi::getWindows 20]
[00:48:46.27] /i de::zoom -window [gi::getWindows 20] -factor 2.0 -center {20.36875 3.11875}
[00:48:46.28] /o {10.33125 1.65} {20.66875 7.96875}
[00:48:46.44] /# gi::executeAction deCanvasZoomInAtPoint -in [gi::getWindows 20]
[00:48:46.44] /i de::zoom -window [gi::getWindows 20] -factor 2.0 -center {20.4 3.1375}
[00:48:46.44] /o {15.36875 2.39375} {20.5375 5.55}
[00:48:47.14] /# gi::executeAction deCanvasZoomOutAtPoint -in [gi::getWindows 20]
[00:48:47.14] /i de::zoom -window [gi::getWindows 20] -factor 0.5 -center {19.75 3.3125}
[00:48:47.14] /o {10.98125 1.475} {21.31875 7.79375}
[00:48:57.19] /# gi::executeAction deCanvasZoomOutAtPoint -in [gi::getWindows 20]
[00:48:57.19] /i de::zoom -window [gi::getWindows 20] -factor 0.5 -center {15.3125 6.3}
[00:48:57.19] /o {6.65625 -3.35} {27.325 9.2875}
[00:48:57.65] /# gi::executeAction deCanvasZoomInAtPoint -in [gi::getWindows 20]
[00:48:57.65] /i de::zoom -window [gi::getWindows 20] -factor 2.0 -center {14.40625 5.95625}
[00:48:57.65] /o {10.53125 1.30625} {20.86875 7.61875}
[00:48:58.75] /# gi::executeAction deSelectActive -in [gi::getWindows 20]
[00:48:58.75] /i de::deselectAllLogic -context [db::getNext [de::getContexts -window 20]]
[00:48:59.56] /# gi::executeAction deSelectActive -in [gi::getWindows 20]
[00:48:59.56] /i de::deselectAllLogic -context [db::getNext [de::getContexts -window 20]]
[00:49:00.09] /# gi::executeAction deSelectActive -in [gi::getWindows 20]
[00:49:00.09] /i de::deselectAll [db::getNext [de::getContexts -window 20]]
[00:49:00.09] /i de::select [de::getActiveFigure [gi::getWindows 20] -point {13.7375 4.74375} -index 0 -intent none]
[00:49:00.09] /o oa:0x233ba920
[00:49:00.35] /# gi::executeAction seDelete -in [gi::getWindows 20]
[00:49:00.35] /i ise::delete
[00:49:03.28] /i gi::executeAction deCanvasDragCancel -in [gi::getWindows 20]
[00:49:03.28] /w Warning: Nothing is bound to the 'QuoteLeft' in the current active set. (WINDOW-015)
[00:49:03.86] /# gi::executeAction deSelectActive -in [gi::getWindows 20]
[00:49:03.86] /i de::deselectAll [db::getNext [de::getContexts -window 20]]
[00:49:03.86] /i de::select [de::getActiveFigure [gi::getWindows 20] -point {13.775 3.95625} -index 0 -intent none]
[00:49:03.86] /o oa:0x23e60d40
[00:49:04.28] /# gi::executeAction seButton1DragStart -in [gi::getWindows 20]
[00:49:04.28] /i ise::stretch -point {13.75 3.9375}
[00:49:05.08] /# gi::executeAction deEndDrag -in [gi::getWindows 20]
[00:49:05.08] /i de::endDrag {11.45625 3.99375} -context [db::getNext [de::getContexts -window 20]]
[00:49:06.36] /# gi::executeAction seSchCreateWire -in [gi::getWindows 20]
[00:49:06.36] /i ise::createWire
[00:49:07.34] /# gi::executeAction deAddPoint -in [gi::getWindows 20]
[00:49:07.34] /i de::addPoint {11.7625 3.91875} -context [db::getNext [de::getContexts -window 20]]
[00:49:07.38] /i de::setCursor -point {11.75 4 }
[00:49:08.55] /# gi::executeAction deAddPoint -in [gi::getWindows 20]
[00:49:08.55] /i de::addPoint {12.15625 6.225} -context [db::getNext [de::getContexts -window 20]]
[00:49:20.78] /# gi::executeAction deCanvasZoomOutAtPoint -in [gi::getWindows 20]
[00:49:20.78] /i de::zoom -window [gi::getWindows 20] -factor 0.5 -center {16.18125 6.40625}
[00:49:20.79] /o {4.88125 -3.8} {25.55 8.8375}
[00:49:21.81] /# gi::executeAction deCanvasZoomInAtPoint -in [gi::getWindows 20]
[00:49:21.81] /i de::zoom -window [gi::getWindows 20] -factor 2.0 -center {14.95625 7.075}
[00:49:21.81] /o {9.91875 1.6375} {20.25625 7.95625}
[00:49:23.47] /# gi::executeAction seSchCreateWire -in [gi::getWindows 20]
[00:49:23.47] /i ise::createWire
[00:49:24.74] /# gi::executeAction deAddPoint -in [gi::getWindows 20]
[00:49:24.74] /i de::addPoint {14.4375 5.20625} -context [db::getNext [de::getContexts -window 20]]
[00:49:27.04] /# gi::executeAction deAddPoint -in [gi::getWindows 20]
[00:49:27.04] /i de::addPoint {17.8 3.79375} -context [db::getNext [de::getContexts -window 20]]
[00:49:27.80] /# gi::executeAction deAbortCommand -in [gi::getWindows 20]
[00:49:27.80] /i de::abortCommand -context [db::getNext [de::getContexts -window 20]]
[00:49:37.04] /# gi::executeAction seSchCreateWire -in [gi::getWindows 20]
[00:49:37.04] /i ise::createWire
[00:49:37.55] /# gi::executeAction deCanvasZoomInAtPoint -in [gi::getWindows 20]
[00:49:37.55] /i de::zoom -window [gi::getWindows 20] -factor 2.0 -center {14.2375 5.6125}
[00:49:37.55] /o {12.075 3.625} {17.24375 6.78125}
[00:49:38.42] /# gi::executeAction deAddPoint -in [gi::getWindows 20]
[00:49:38.42] /i de::addPoint {13.75625 5.06875} -context [db::getNext [de::getContexts -window 20]]
[00:49:38.48] /i de::setCursor -point {13.75 5 }
[00:49:39.38] /# gi::executeAction deAddPoint -in [gi::getWindows 20]
[00:49:39.38] /i de::addPoint {13.74375 3.925} -context [db::getNext [de::getContexts -window 20]]
[00:49:39.92] /# gi::executeAction dbPrint -in [gi::getWindows 20]
[00:49:39.92] /i db::showPrint -parent 20
[00:49:39.98] /o oa:0x25dbb7c0
[00:49:40.02] /i gi::setActiveDialog [gi::getDialogs {dbPrint} -parent [gi::getWindows 20]]
[00:49:40.29] /i db::setAttr geometry -of [gi::getDialogs {dbPrint} -parent [gi::getWindows 20]] -value 638x650+631+230
[00:49:41.52] /i gi::closeWindows [gi::getDialogs {dbPrint} -parent [gi::getWindows 20]]
[00:49:41.63] /# gi::executeAction deFitEdit -in [gi::getWindows 20]
[00:49:41.63] /i de::fit -window 20 -fitEdit true
[00:49:41.63] /o {0.3 0.18125} {20.96875 12.81875}
[00:49:42.08] /# gi::executeAction deAbortCommand -in [gi::getWindows 20]
[00:49:42.08] /i de::abortCommand -context [db::getNext [de::getContexts -window 20]]
[00:49:42.59] /# gi::executeAction deSelectActive -in [gi::getWindows 20]
[00:49:42.59] /i de::deselectAll [db::getNext [de::getContexts -window 20]]
[00:49:42.59] /i de::select [de::getActiveFigure [gi::getWindows 20] -point {19.16875 3.66875} -index 0 -intent none]
[00:49:42.59] /o oa:0x23b5cdc0
[00:49:43.00] /# gi::executeAction seButton1DragStart -in [gi::getWindows 20]
[00:49:43.00] /i ise::stretch -point {19.125 3.6875}
[00:49:47.16] /# gi::executeAction deEndDrag -in [gi::getWindows 20]
[00:49:47.16] /i de::endDrag {19.5 3.7125} -context [db::getNext [de::getContexts -window 20]]
[00:49:47.58] /# gi::executeAction deCanvasZoomInAtPoint -in [gi::getWindows 20]
[00:49:47.58] /i de::zoom -window [gi::getWindows 20] -factor 2.0 -center {19.45625 3.64375}
[00:49:47.58] /o {9.875 1.9125} {20.2125 8.23125}
[00:49:48.22] /# gi::executeAction seButton1DragStart -in [gi::getWindows 20]
[00:49:48.22] /i ise::stretch -point {19.4375 3.6875}
[00:49:50.09] /# gi::executeAction deEndDrag -in [gi::getWindows 20]
[00:49:50.09] /i de::endDrag {19.39375 3.675} -context [db::getNext [de::getContexts -window 20]]
[00:49:50.58] /# gi::executeAction deSelectActive -in [gi::getWindows 20]
[00:49:50.58] /i de::deselectAll [db::getNext [de::getContexts -window 20]]
[00:49:50.58] /i de::deselectAllLogic -context [db::getNext [de::getContexts -window 20]]
[00:49:51.98] /# gi::executeAction deCanvasZoomOutAtPoint -in [gi::getWindows 20]
[00:49:51.98] /i de::zoom -window [gi::getWindows 20] -factor 0.5 -center {19.21875 5.35625}
[00:49:51.98] /o {0.5375 -1.53125} {21.20625 11.10625}
[00:49:52.47] /# gi::executeAction deCanvasZoomInAtPoint -in [gi::getWindows 20]
[00:49:52.47] /i de::zoom -window [gi::getWindows 20] -factor 2.0 -center {20.2875 5.36875}
[00:49:52.47] /o {10.4125 1.91875} {20.75 8.2375}
[00:49:54.65] /# gi::executeAction seSchCreateSchematicPin -in [gi::getWindows 20]
[00:49:54.65] /i ise::createSchematicPin
[00:49:56.07] /# gi::executeAction deAddPoint -in [gi::getWindows 20]
[00:49:56.07] /i de::addPoint {20.61875 3.81875} -context [db::getNext [de::getContexts -window 20]]
[00:49:56.07] /w Warning: No wiring objects were found at this location. (SE-928)
[00:49:58.93] /i gi::setField {schematicPinType} -value {output} -in [gi::getToolbars {deCommandOptions} -from [gi::getWindows 20]]
[00:50:00.53] /i gi::executeAction deObjectActivation -in [gi::getWindows 20]
[00:50:01.58] /i gi::setField {schematicPinName} -value {Cout} -in [gi::getToolbars {deCommandOptions} -from [gi::getWindows 20]]
[00:50:01.58] /i gi::executeAction deObjectActivation -in [gi::getWindows 20]
[00:50:02.51] /# gi::executeAction deAddPoint -in [gi::getWindows 20]
[00:50:02.51] /i de::addPoint {20.525 3.81875} -context [db::getNext [de::getContexts -window 20]]
[00:50:02.81] /# gi::executeAction deAbortCommand -in [gi::getWindows 20]
[00:50:02.81] /i de::abortCommand -context [db::getNext [de::getContexts -window 20]]
[00:50:04.75] /# gi::executeAction seSchCreateWire -in [gi::getWindows 20]
[00:50:04.75] /i ise::createWire
[00:50:06.30] /# gi::executeAction deAddPoint -in [gi::getWindows 20]
[00:50:06.30] /i de::addPoint {20.59375 3.80625} -context [db::getNext [de::getContexts -window 20]]
[00:50:06.34] /i de::setCursor -point {20.5625 3.8125 }
[00:50:07.10] /# gi::executeAction deAddPoint -in [gi::getWindows 20]
[00:50:07.10] /i de::addPoint {20.1625 3.8} -context [db::getNext [de::getContexts -window 20]]
[00:50:07.19] /i de::setCursor -point {20.1875 3.875 }
[00:50:07.82] /i de::setCursor -point {20.0625 3.9375 }
[00:50:07.82] /i de::setCursor -point {20.0625 3.875 }
[00:50:09.09] /# gi::executeAction deAddPoint -in [gi::getWindows 20]
[00:50:09.09] /i de::addPoint {20.0875 3.80625} -context [db::getNext [de::getContexts -window 20]]
[00:50:09.75] /# gi::executeAction deCanvasZoomInAtPoint -in [gi::getWindows 20]
[00:50:09.75] /i de::zoom -window [gi::getWindows 20] -factor 2.0 -center {20.325 3.74375}
[00:50:09.75] /o {15.36875 2.83125} {20.5375 5.9875}
[00:50:09.86] /# gi::executeAction deCanvasZoomInAtPoint -in [gi::getWindows 20]
[00:50:09.86] /i de::zoom -window [gi::getWindows 20] -factor 2.0 -center {20.325 3.74375}
[00:50:09.86] /o {17.84375 3.2875} {20.43125 4.86875}
[00:50:10.95] /# gi::executeAction deAddPoint -in [gi::getWindows 20]
[00:50:10.95] /i de::addPoint {20.1375 3.80625} -context [db::getNext [de::getContexts -window 20]]
[00:50:11.40] /# gi::executeAction deAbortCommand -in [gi::getWindows 20]
[00:50:11.40] /i de::abortCommand -context [db::getNext [de::getContexts -window 20]]
[00:50:12.25] /# gi::executeAction deSelectActive -in [gi::getWindows 20]
[00:50:12.25] /i de::deselectAll [db::getNext [de::getContexts -window 20]]
[00:50:12.25] /i de::select [de::getActiveFigure [gi::getWindows 20] -point {20.16875 3.75625} -index 0 -intent none]
[00:50:12.25] /o oa:0x2672dc00
[00:50:13.01] /# gi::executeAction seDelete -in [gi::getWindows 20]
[00:50:13.01] /i ise::delete
[00:50:13.41] /# gi::executeAction deAddPoint -in [gi::getWindows 20]
[00:50:13.41] /i de::addPoint {20.18125 3.7375} -context [db::getNext [de::getContexts -window 20]]
[00:50:14.76] /# gi::executeAction deAddPoint -in [gi::getWindows 20]
[00:50:14.76] /i de::addPoint {20.075 3.76875} -context [db::getNext [de::getContexts -window 20]]
[00:50:15.76] /# gi::executeAction deAddPoint -in [gi::getWindows 20]
[00:50:15.76] /i de::addPoint {20.1875 3.76875} -context [db::getNext [de::getContexts -window 20]]
[00:50:16.20] /# gi::executeAction deAbortCommand -in [gi::getWindows 20]
[00:50:16.20] /i de::abortCommand -context [db::getNext [de::getContexts -window 20]]
[00:50:17.43] /# gi::executeAction seSchCreateWire -in [gi::getWindows 20]
[00:50:17.43] /i ise::createWire
[00:50:18.25] /# gi::executeAction deAddPoint -in [gi::getWindows 20]
[00:50:18.25] /i de::addPoint {20.13125 3.81875} -context [db::getNext [de::getContexts -window 20]]
[00:50:18.31] /i de::setCursor -point {20.1875 3.8125 }
[00:50:18.69] /# gi::executeAction deAddPoint -in [gi::getWindows 20]
[00:50:18.69] /i de::addPoint {20.1875 3.81875} -context [db::getNext [de::getContexts -window 20]]
[00:50:19.02] /# gi::executeAction deCanvasZoomOutAtPoint -in [gi::getWindows 20]
[00:50:19.02] /i de::zoom -window [gi::getWindows 20] -factor 0.5 -center {20.09375 4.13125}
[00:50:19.02] /o {15.6 2.44375} {20.76875 5.6}
[00:50:19.35] /# gi::executeAction deFitEdit -in [gi::getWindows 20]
[00:50:19.35] /i de::fit -window 20 -fitEdit true
[00:50:19.35] /o {0.25 -0.1125} {21.89375 13.1125}
[00:50:19.36] /# gi::executeAction deDeselectByPoint -in [gi::getWindows 20]
[00:50:19.36] /i ide::selectByRegion -region point -select false
[00:50:20.11] /# gi::executeAction deAbortCommand -in [gi::getWindows 20]
[00:50:20.11] /i de::abortCommand -context [db::getNext [de::getContexts -window 20]]
[00:50:24.03] /# gi::executeAction seSchCreateSchematicPin -in [gi::getWindows 20]
[00:50:24.03] /i ise::createSchematicPin
[00:50:26.56] /i gi::executeAction deObjectActivation -in [gi::getWindows 20]
[00:50:26.91] /i gi::setField {schematicPinName} -value {S} -in [gi::getToolbars {deCommandOptions} -from [gi::getWindows 20]]
[00:50:26.94] /i gi::executeAction deObjectActivation -in [gi::getWindows 20]
[00:50:27.66] /# gi::executeAction deCanvasZoomInAtPoint -in [gi::getWindows 20]
[00:50:27.66] /i de::zoom -window [gi::getWindows 20] -factor 2.0 -center {21.34375 6.85625}
[00:50:27.66] /o {10.79375 3.36875} {21.61875 9.9875}
[00:50:28.34] /# gi::executeAction deCanvasZoomInAtPoint -in [gi::getWindows 20]
[00:50:28.34] /i de::zoom -window [gi::getWindows 20] -factor 2.0 -center {20.475 7.14375}
[00:50:28.34] /o {15.6375 5.25625} {21.05 8.5625}
[00:50:28.43] /# gi::executeAction deCanvasZoomInAtPoint -in [gi::getWindows 20]
[00:50:28.43] /i de::zoom -window [gi::getWindows 20] -factor 2.0 -center {20.53125 7.1125}
[00:50:28.43] /o {18.08125 6.1875} {20.7875 7.8375}
[00:50:29.17] /# gi::executeAction deAddPoint -in [gi::getWindows 20]
[00:50:29.17] /i de::addPoint {20.24375 7.10625} -context [db::getNext [de::getContexts -window 20]]
[00:50:30.43] /# gi::executeAction seSchCreateWire -in [gi::getWindows 20]
[00:50:30.43] /i ise::createWire
[00:50:31.10] /# gi::executeAction deAddPoint -in [gi::getWindows 20]
[00:50:31.10] /i de::addPoint {20.28125 7.1375} -context [db::getNext [de::getContexts -window 20]]
[00:50:31.13] /i de::setCursor -point {20.25 7.125 }
[00:50:31.67] /# gi::executeAction deAddPoint -in [gi::getWindows 20]
[00:50:31.67] /i de::addPoint {19.81875 7.10625} -context [db::getNext [de::getContexts -window 20]]
[00:50:31.95] /# gi::executeAction deFitEdit -in [gi::getWindows 20]
[00:50:31.95] /i de::fit -window 20 -fitEdit true
[00:50:31.95] /o {0.25 -0.1125} {21.89375 13.1125}
[00:50:31.96] /# gi::executeAction deDeselectByPoint -in [gi::getWindows 20]
[00:50:31.96] /i ide::selectByRegion -region point -select false
[00:50:59.01] /# gi::executeAction deAbortCommand -in [gi::getWindows 20]
[00:50:59.01] /i de::abortCommand -context [db::getNext [de::getContexts -window 20]]
[00:50:59.27] /# gi::executeAction deCanvasZoomInAtPoint -in [gi::getWindows 20]
[00:50:59.27] /i de::zoom -window [gi::getWindows 20] -factor 2.0 -center {12.20625 4.9875}
[00:50:59.27] /o {6.225 2.4375} {17.05 9.05}
[00:51:00.29] /# gi::executeAction deAddPoint -in [gi::getWindows 20]
[00:51:00.29] /i de::addPoint {11.7875 5.11875} -context [db::getNext [de::getContexts -window 20]]
[00:51:00.71] /# gi::executeAction deAddPoint -in [gi::getWindows 20]
[00:51:00.71] /i de::addPoint {11.75 5.11875} -context [db::getNext [de::getContexts -window 20]]
[00:51:01.09] /# gi::executeAction giPostContextMenu -in [gi::getWindows 20]
[00:51:02.45] /# gi::executeAction deCanvasZoomInAtPoint -in [gi::getWindows 20]
[00:51:02.45] /i de::zoom -window [gi::getWindows 20] -factor 2.0 -center {11.99375 4.9125}
[00:51:02.46] /o {9.1125 3.675} {14.525 6.98125}
[00:51:02.58] /# gi::executeAction deCanvasZoomInAtPoint -in [gi::getWindows 20]
[00:51:02.58] /i de::zoom -window [gi::getWindows 20] -factor 2.0 -center {11.99375 4.9125}
[00:51:02.58] /o {10.55 4.29375} {13.25625 5.95}
[00:51:02.70] /# gi::executeAction deCanvasZoomInAtPoint -in [gi::getWindows 20]
[00:51:02.70] /i de::zoom -window [gi::getWindows 20] -factor 2.0 -center {11.99375 4.9125}
[00:51:02.70] /o {11.275 4.6} {12.625 5.43125}
[00:51:02.95] /# gi::executeAction deAbortCommand -in [gi::getWindows 20]
[00:51:02.95] /i de::abortCommand -context [db::getNext [de::getContexts -window 20]]
[00:51:03.16] /i gi::executeAction deCanvasDragCancel -in [gi::getWindows 20]
[00:51:03.34] /i gi::executeAction deCanvasDragCancel -in [gi::getWindows 20]
[00:51:03.95] /# gi::executeAction deSelectActive -in [gi::getWindows 20]
[00:51:03.95] /i de::deselectAll [db::getNext [de::getContexts -window 20]]
[00:51:03.95] /i de::select [de::getActiveFigure [gi::getWindows 20] -point {11.80625 5.125} -index 0 -intent none]
[00:51:03.95] /o oa:0x2478ac60
[00:51:04.60] /# gi::executeAction seDelete -in [gi::getWindows 20]
[00:51:04.60] /i ise::delete
[00:51:04.99] /# gi::executeAction deAbortCommand -in [gi::getWindows 20]
[00:51:05.00] /i de::abortCommand -context [db::getNext [de::getContexts -window 20]]
[00:51:05.44] /# gi::executeAction deSelectActive -in [gi::getWindows 20]
[00:51:05.44] /i de::cycleActiveFigure [gi::getWindows 20] -direction next
[00:51:05.44] /o oa:0x1ef8b740
[00:51:05.44] /i de::deselectAll [db::getNext [de::getContexts -window 20]]
[00:51:05.44] /i de::select [de::getActiveFigure [gi::getWindows 20] -point {11.80625 5.125} -index 1 -intent none]
[00:51:05.44] /o oa:0x1f213620
[00:51:05.95] /# gi::executeAction deSelectActive -in [gi::getWindows 20]
[00:51:05.95] /i de::deselectAll [db::getNext [de::getContexts -window 20]]
[00:51:05.95] /i de::select [de::getActiveFigure [gi::getWindows 20] -point {11.8 5.125} -index 0 -intent none]
[00:51:05.95] /o oa:0x1f4fce40
[00:51:06.65] /# gi::executeAction seDelete -in [gi::getWindows 20]
[00:51:06.65] /i ise::delete
[00:51:07.63] /# gi::executeAction deAddPoint -in [gi::getWindows 20]
[00:51:07.63] /i de::addPoint {11.7875 5.125} -context [db::getNext [de::getContexts -window 20]]
[00:51:08.07] /# gi::executeAction deAbortCommand -in [gi::getWindows 20]
[00:51:08.07] /i de::abortCommand -context [db::getNext [de::getContexts -window 20]]
[00:51:08.27] /i gi::executeAction deCanvasDragCancel -in [gi::getWindows 20]
[00:51:08.41] /i gi::executeAction deCanvasDragCancel -in [gi::getWindows 20]
[00:51:09.21] /# gi::executeAction deSelectActive -in [gi::getWindows 20]
[00:51:09.21] /i de::deselectAll [db::getNext [de::getContexts -window 20]]
[00:51:09.21] /i de::select [de::getActiveFigure [gi::getWindows 20] -point {11.75 5.15} -index 0 -intent none]
[00:51:09.21] /o oa:0x24d8beb0
[00:51:09.74] /# gi::executeAction giPostContextMenu -in [gi::getWindows 20]
[00:51:09.74] /i gi::executeAction menuPreShow -in [gi::getWindows 20]
[00:51:09.74] /r giMenuAccess db::getNext [gi::getMenus seSchWireContextMenu]
[00:51:16.10] /i gi::setItemSelection {attributes} -index {color,all} -in [gi::getAssistants dePropertyEditor -from [gi::getWindows 20]]
[00:51:16.11] /i gi::setCurrentIndex {attributes} -index {color,Value} -in [gi::getAssistants dePropertyEditor -from [gi::getWindows 20]]
[00:51:18.04] /i gi::setField {attributes} -value {ICC2_color14} -index {color,Value} -in [gi::getAssistants dePropertyEditor -from [gi::getWindows 20]]
[00:51:18.34] /# gi::executeAction deCanvasZoomOutAtPoint -in [gi::getWindows 20]
[00:51:18.34] /i de::zoom -window [gi::getWindows 20] -factor 0.5 -center {12.325 5.11875}
[00:51:18.34] /o {10.21875 4.0875} {12.925 5.74375}
[00:51:18.37] /# gi::executeAction deCanvasZoomOutAtPoint -in [gi::getWindows 20]
[00:51:18.37] /i de::zoom -window [gi::getWindows 20] -factor 0.5 -center {12.3125 5.10625}
[00:51:18.37] /o {8.13125 3.06875} {13.54375 6.375}
[00:51:18.39] /# gi::executeAction deCanvasZoomOutAtPoint -in [gi::getWindows 20]
[00:51:18.39] /i de::zoom -window [gi::getWindows 20] -factor 0.5 -center {12.30625 5.10625}
[00:51:18.39] /o {3.95 1.03125} {14.775 7.64375}
[00:51:18.44] /# gi::executeAction deCanvasZoomOutAtPoint -in [gi::getWindows 20]
[00:51:18.44] /i de::zoom -window [gi::getWindows 20] -factor 0.5 -center {12.30625 5.10625}
[00:51:18.44] /o {-4.4 -3.04375} {17.24375 10.18125}
[00:51:19.11] /# gi::executeAction deSelectActive -in [gi::getWindows 20]
[00:51:19.11] /i de::deselectAll [db::getNext [de::getContexts -window 20]]
[00:51:19.15] /r giDialog gi::setActiveDialog [gi::getDialogs {dbSelectionChange} -parent [gi::getWindows 20]]
[00:51:19.42] /r giDialog db::setAttr geometry -of [gi::getDialogs {dbSelectionChange} -parent [gi::getWindows 20]] -value 432x82+744+573
[00:51:20.28] /r giDialog gi::pressButton {apply} -in [gi::getDialogs {dbSelectionChange} -parent [gi::getWindows 20]]
[00:51:20.29] /i de::deselectAllLogic -context [db::getNext [de::getContexts -window 20]]
[00:51:20.69] /# gi::executeAction deCanvasZoomInAtPoint -in [gi::getWindows 20]
[00:51:20.69] /i de::zoom -window [gi::getWindows 20] -factor 2.0 -center {13.88125 5.03125}
[00:51:20.69] /o {4.7375 0.99375} {15.5625 7.60625}
[00:51:22.05] /# gi::executeAction deSelectActive -in [gi::getWindows 20]
[00:51:22.05] /i de::deselectAll [db::getNext [de::getContexts -window 20]]
[00:51:22.05] /i de::select [de::getActiveFigure [gi::getWindows 20] -point {13.24375 3.94375} -index 0 -intent none]
[00:51:22.05] /o oa:0x23e68ea0
[00:51:23.46] /i gi::setItemSelection {attributes} -index {color,all} -in [gi::getAssistants dePropertyEditor -from [gi::getWindows 20]]
[00:51:23.47] /i gi::setCurrentIndex {attributes} -index {color,Value} -in [gi::getAssistants dePropertyEditor -from [gi::getWindows 20]]
[00:51:25.22] /i gi::setField {attributes} -value {ICC2_color14} -index {color,Value} -in [gi::getAssistants dePropertyEditor -from [gi::getWindows 20]]
[00:51:26.44] /# gi::executeAction deSelectActive -in [gi::getWindows 20]
[00:51:26.44] /i de::deselectAll [db::getNext [de::getContexts -window 20]]
[00:51:26.49] /r giDialog gi::setActiveDialog [gi::getDialogs {dbSelectionChange} -parent [gi::getWindows 20]]
[00:51:26.78] /r giDialog db::setAttr geometry -of [gi::getDialogs {dbSelectionChange} -parent [gi::getWindows 20]] -value 432x82+744+573
[00:51:27.30] /r giDialog gi::pressButton {apply} -in [gi::getDialogs {dbSelectionChange} -parent [gi::getWindows 20]]
[00:51:27.31] /i de::deselectAllLogic -context [db::getNext [de::getContexts -window 20]]
[00:51:28.15] /# gi::executeAction seButton1DragStart -in [gi::getWindows 20]
[00:51:28.15] /i ise::stretch -object [de::getActiveFigure [gi::getWindows 20] -point {11.425 4.0375} -index 0 -intent none] -point {11.4375 4.0625}
[00:51:30.11] /# gi::executeAction deEndDrag -in [gi::getWindows 20]
[00:51:30.11] /i de::endDrag {11.25 4.01875} -context [db::getNext [de::getContexts -window 20]]
[00:51:30.43] /# gi::executeAction deSelectActive -in [gi::getWindows 20]
[00:51:30.43] /i de::deselectAllLogic -context [db::getNext [de::getContexts -window 20]]
[00:51:31.23] /# gi::executeAction deCanvasZoomOutAtPoint -in [gi::getWindows 20]
[00:51:31.23] /i de::zoom -window [gi::getWindows 20] -factor 0.5 -center {14.79375 4.2875}
[00:51:31.23] /o {-5.3125 -2.3} {16.33125 10.925}
[00:51:31.50] /# gi::executeAction deCanvasZoomInAtPoint -in [gi::getWindows 20]
[00:51:31.50] /i de::zoom -window [gi::getWindows 20] -factor 2.0 -center {15.08125 4.79375}
[00:51:31.50] /o {4.88125 1.24375} {15.70625 7.8625}
[00:51:31.67] /# gi::executeAction deCanvasZoomInAtPoint -in [gi::getWindows 20]
[00:51:31.67] /i de::zoom -window [gi::getWindows 20] -factor 2.0 -center {15.11875 4.85}
[00:51:31.67] /o {10.0 3.05} {15.4125 6.35625}
[00:51:33.08] /# gi::executeAction deDeselectActive -in [gi::getWindows 20]
[00:51:33.08] /i de::deselect [de::getActiveFigure [gi::getWindows 20] -point {14.34375 5.05625} -index 0 -intent deselect]
[00:51:33.08] /o oa:0x26bd73f0
[00:51:33.93] /# gi::executeAction deDeselectActive -in [gi::getWindows 20]
[00:51:33.93] /i de::deselect [de::getActiveFigure [gi::getWindows 20] -point {13.74375 4.7} -index 0 -intent deselect]
[00:51:33.93] /o oa:0x245ac6b0
[00:51:35.03] /# gi::executeAction deSelectActiveAdd -in [gi::getWindows 20]
[00:51:35.03] /i de::select [de::getActiveFigure [gi::getWindows 20] -point {14.05 5.0625} -index 0 -intent select]
[00:51:35.03] /o oa:0x26557bb0
[00:51:35.94] /# gi::executeAction deSelectActiveAdd -in [gi::getWindows 20]
[00:51:35.94] /i de::select [de::getActiveFigure [gi::getWindows 20] -point {13.75 4.68125} -index 0 -intent select]
[00:51:35.94] /o oa:0x24882ab0
[00:51:37.12] /# gi::executeAction deCanvasZoomOutAtPoint -in [gi::getWindows 20]
[00:51:37.12] /i de::zoom -window [gi::getWindows 20] -factor 0.5 -center {14.70625 3.9}
[00:51:37.12] /o {5.29375 2.19375} {16.11875 8.8125}
[00:51:37.51] /# gi::executeAction deCanvasZoomOutAtPoint -in [gi::getWindows 20]
[00:51:37.51] /i de::zoom -window [gi::getWindows 20] -factor 0.5 -center {15.09375 3.98125}
[00:51:37.51] /o {-4.5 0.4125} {17.14375 13.6375}
[00:51:37.64] /# gi::executeAction deCanvasZoomOutAtPoint -in [gi::getWindows 20]
[00:51:37.64] /i de::zoom -window [gi::getWindows 20] -factor 0.5 -center {15.13125 3.99375}
[00:51:37.64] /o {-24.13125 -3.16875} {19.15625 23.28125}
[00:51:38.18] /# gi::executeAction deCanvasZoomInAtPoint -in [gi::getWindows 20]
[00:51:38.18] /i de::zoom -window [gi::getWindows 20] -factor 2.0 -center {17.89375 3.96875}
[00:51:38.18] /o {-3.11875 0.4} {18.525 13.625}
[00:51:38.37] /# gi::executeAction deCanvasZoomInAtPoint -in [gi::getWindows 20]
[00:51:38.37] /i de::zoom -window [gi::getWindows 20] -factor 2.0 -center {17.89375 3.96875}
[00:51:38.37] /o {7.3875 2.18125} {18.2125 8.8}
[00:51:39.14] /# gi::executeAction deSelectActiveAdd -in [gi::getWindows 20]
[00:51:39.14] /i de::select [de::getActiveFigure [gi::getWindows 20] -point {17.3125 3.90625} -index 0 -intent select]
[00:51:39.14] /o oa:0x1daf1e20
[00:51:41.27] /i gi::setItemSelection {attributes} -index {color,all} -in [gi::getAssistants dePropertyEditor -from [gi::getWindows 20]]
[00:51:41.27] /i gi::setCurrentIndex {attributes} -index {color,Value} -in [gi::getAssistants dePropertyEditor -from [gi::getWindows 20]]
[00:51:42.87] /i gi::setField {attributes} -value {ICC2_color14} -index {color,Value} -in [gi::getAssistants dePropertyEditor -from [gi::getWindows 20]]
[00:51:43.75] /# gi::executeAction deSelectActive -in [gi::getWindows 20]
[00:51:43.75] /i de::deselectAll [db::getNext [de::getContexts -window 20]]
[00:51:43.79] /r giDialog gi::setActiveDialog [gi::getDialogs {dbSelectionChange} -parent [gi::getWindows 20]]
[00:51:44.09] /r giDialog db::setAttr geometry -of [gi::getDialogs {dbSelectionChange} -parent [gi::getWindows 20]] -value 432x82+744+573
[00:51:44.77] /r giDialog gi::pressButton {apply} -in [gi::getDialogs {dbSelectionChange} -parent [gi::getWindows 20]]
[00:51:44.78] /i de::deselectAllLogic -context [db::getNext [de::getContexts -window 20]]
[00:51:46.09] /# gi::executeAction deSelectActive -in [gi::getWindows 20]
[00:51:46.09] /i de::deselectAll [db::getNext [de::getContexts -window 20]]
[00:51:46.09] /i de::select [de::getActiveFigure [gi::getWindows 20] -point {13.73125 4.63125} -index 0 -intent none]
[00:51:46.09] /o oa:0x1ec91540
[00:51:47.00] /i gi::setItemSelection {attributes} -index {color,all} -in [gi::getAssistants dePropertyEditor -from [gi::getWindows 20]]
[00:51:47.00] /i gi::setCurrentIndex {attributes} -index {color,Value} -in [gi::getAssistants dePropertyEditor -from [gi::getWindows 20]]
[00:51:49.09] /i gi::setField {attributes} -value {ICC2_color14} -index {color,Value} -in [gi::getAssistants dePropertyEditor -from [gi::getWindows 20]]
[00:51:50.35] /# gi::executeAction deSelectActive -in [gi::getWindows 20]
[00:51:50.35] /i de::deselectAll [db::getNext [de::getContexts -window 20]]
[00:51:50.39] /r giDialog gi::setActiveDialog [gi::getDialogs {dbSelectionChange} -parent [gi::getWindows 20]]
[00:51:50.69] /r giDialog db::setAttr geometry -of [gi::getDialogs {dbSelectionChange} -parent [gi::getWindows 20]] -value 432x82+744+573
[00:51:51.28] /r giDialog gi::pressButton {apply} -in [gi::getDialogs {dbSelectionChange} -parent [gi::getWindows 20]]
[00:51:51.28] /i de::deselectAllLogic -context [db::getNext [de::getContexts -window 20]]
[00:51:52.64] /# gi::executeAction deSelectActive -in [gi::getWindows 20]
[00:51:52.64] /i de::deselectAll [db::getNext [de::getContexts -window 20]]
[00:51:52.64] /i de::select [de::getActiveFigure [gi::getWindows 20] -point {14.95625 3.925} -index 0 -intent none]
[00:51:52.64] /o oa:0x1f25ce80
[00:51:53.92] /i gi::setItemSelection {attributes} -index {color,all} -in [gi::getAssistants dePropertyEditor -from [gi::getWindows 20]]
[00:51:53.92] /i gi::setCurrentIndex {attributes} -index {color,Value} -in [gi::getAssistants dePropertyEditor -from [gi::getWindows 20]]
[00:51:55.67] /i gi::setField {attributes} -value {ICC2_color14} -index {color,Value} -in [gi::getAssistants dePropertyEditor -from [gi::getWindows 20]]
[00:51:56.90] /# gi::executeAction deSelectActive -in [gi::getWindows 20]
[00:51:56.90] /i de::deselectAll [db::getNext [de::getContexts -window 20]]
[00:51:56.94] /r giDialog gi::setActiveDialog [gi::getDialogs {dbSelectionChange} -parent [gi::getWindows 20]]
[00:51:57.21] /r giDialog db::setAttr geometry -of [gi::getDialogs {dbSelectionChange} -parent [gi::getWindows 20]] -value 432x82+744+573
[00:51:57.96] /r giDialog gi::pressButton {apply} -in [gi::getDialogs {dbSelectionChange} -parent [gi::getWindows 20]]
[00:51:57.97] /i de::deselectAllLogic -context [db::getNext [de::getContexts -window 20]]
[00:51:58.33] /# gi::executeAction deCanvasZoomOutAtPoint -in [gi::getWindows 20]
[00:51:58.33] /i de::zoom -window [gi::getWindows 20] -factor 0.5 -center {16.21875 4.65}
[00:51:58.33] /o {-1.44375 -0.28125} {20.2 12.94375}
[00:51:58.87] /# gi::executeAction deFitEdit -in [gi::getWindows 20]
[00:51:58.87] /i de::fit -window 20 -fitEdit true
[00:51:58.87] /o {0.25 -0.1125} {21.89375 13.1125}
[00:52:10.85] /# gi::executeAction deCanvasZoomInAtPoint -in [gi::getWindows 20]
[00:52:10.85] /i de::zoom -window [gi::getWindows 20] -factor 2.0 -center {17.29375 3.49375}
[00:52:10.86] /o {8.76875 1.6875} {19.59375 8.30625}
[00:52:11.59] /# gi::executeAction deCanvasZoomOutAtPoint -in [gi::getWindows 20]
[00:52:11.60] /i de::zoom -window [gi::getWindows 20] -factor 0.5 -center {17.3125 3.5375}
[00:52:11.60] /o {0.23125 -0.15625} {21.875 13.06875}
[00:52:12.62] /# gi::executeAction deCanvasZoomInAtPoint -in [gi::getWindows 20]
[00:52:12.62] /i de::zoom -window [gi::getWindows 20] -factor 2.0 -center {15.99375 3.65625}
[00:52:12.62] /o {8.1125 1.75} {18.9375 8.3625}
[00:52:13.93] /# gi::executeAction deSelectActive -in [gi::getWindows 20]
[00:52:13.93] /i de::deselectAll [db::getNext [de::getContexts -window 20]]
[00:52:13.93] /i de::select [de::getActiveFigure [gi::getWindows 20] -point {16.09375 3.925} -index 0 -intent none]
[00:52:13.93] /o oa:0x23b78990
[00:52:14.65] /# gi::executeAction seDelete -in [gi::getWindows 20]
[00:52:14.65] /i ise::delete
[00:52:15.21] /i gi::executeAction deCanvasDragCancel -in [gi::getWindows 20]
[00:52:27.00] /# gi::executeAction deSelectActive -in [gi::getWindows 20]
[00:52:27.00] /i de::deselectAll [db::getNext [de::getContexts -window 20]]
[00:52:27.00] /i de::select [de::getActiveFigure [gi::getWindows 20] -point {15.16875 3.825} -index 0 -intent none]
[00:52:27.00] /o oa:0x181f2510
[00:52:27.72] /# gi::executeAction seDelete -in [gi::getWindows 20]
[00:52:27.72] /i ise::delete
[00:52:29.46] /# gi::executeAction seSchCreateWire -in [gi::getWindows 20]
[00:52:29.46] /i ise::createWire
[00:52:30.62] /# gi::executeAction deAddPoint -in [gi::getWindows 20]
[00:52:30.62] /i de::addPoint {18.14375 3.90625} -context [db::getNext [de::getContexts -window 20]]
[00:52:30.62] /i de::setCursor -point {18.0625 3.9375 }
[00:52:32.71] /# gi::executeAction deAddPoint -in [gi::getWindows 20]
[00:52:32.71] /i de::addPoint {14.425 3.95} -context [db::getNext [de::getContexts -window 20]]
[00:52:33.42] /# gi::executeAction deAbortCommand -in [gi::getWindows 20]
[00:52:33.42] /i de::abortCommand -context [db::getNext [de::getContexts -window 20]]
[00:52:34.33] /# gi::executeAction deSelectActive -in [gi::getWindows 20]
[00:52:34.33] /i de::deselectAll [db::getNext [de::getContexts -window 20]]
[00:52:34.33] /i de::select [de::getActiveFigure [gi::getWindows 20] -point {14.4375 3.825} -index 0 -intent none]
[00:52:34.33] /o oa:0x25b0f660
[00:52:35.29] /# gi::executeAction deSelectActive -in [gi::getWindows 20]
[00:52:35.30] /i de::deselectAll [db::getNext [de::getContexts -window 20]]
[00:52:35.30] /i de::select [de::getActiveFigure [gi::getWindows 20] -point {14.4125 3.84375} -index 0 -intent none]
[00:52:35.30] /o oa:0x2709da00
[00:52:35.91] /# gi::executeAction seDelete -in [gi::getWindows 20]
[00:52:35.91] /i ise::delete
[00:52:36.61] /i gi::executeAction deCanvasDragCancel -in [gi::getWindows 20]
[00:52:40.31] /# gi::executeAction seButton1DragStart -in [gi::getWindows 20]
[00:52:40.31] /i ise::stretch -object [de::getActiveFigure [gi::getWindows 20] -point {11.23125 3.95} -index 0 -intent none] -point {11.25 3.9375}
[00:52:41.35] /# gi::executeAction deEndDrag -in [gi::getWindows 20]
[00:52:41.35] /i de::endDrag {9.45625 3.9125} -context [db::getNext [de::getContexts -window 20]]
[00:52:42.94] /# gi::executeAction seSchCreateWire -in [gi::getWindows 20]
[00:52:42.94] /i ise::createWire
[00:52:44.44] /# gi::executeAction deAddPoint -in [gi::getWindows 20]
[00:52:44.44] /i de::addPoint {11.55 6.3625} -context [db::getNext [de::getContexts -window 20]]
[00:52:44.48] /i de::setCursor -point {11.5625 6.3125 }
[00:52:47.20] /# gi::executeAction deAddPoint -in [gi::getWindows 20]
[00:52:47.20] /i de::addPoint {18.1375 3.7875} -context [db::getNext [de::getContexts -window 20]]
[00:52:48.40] /# gi::executeAction deAbortCommand -in [gi::getWindows 20]
[00:52:48.40] /i de::abortCommand -context [db::getNext [de::getContexts -window 20]]
[00:52:48.83] /# gi::executeAction deFitEdit -in [gi::getWindows 20]
[00:52:48.83] /i de::fit -window 20 -fitEdit true
[00:52:48.83] /o {0.25 -0.1125} {21.89375 13.1125}
[00:52:53.67] /# gi::executeAction deSelectActive -in [gi::getWindows 20]
[00:52:53.67] /i de::deselectAll [db::getNext [de::getContexts -window 20]]
[00:52:53.67] /i de::select [de::getActiveFigure [gi::getWindows 20] -point {11.5875 4.94375} -index 0 -intent none]
[00:52:53.67] /o oa:0x250031b0
[00:52:54.33] /# gi::executeAction seDelete -in [gi::getWindows 20]
[00:52:54.33] /i ise::delete
[00:52:55.12] /i gi::executeAction deCanvasDragCancel -in [gi::getWindows 20]
[00:52:55.90] /# gi::executeAction seSchCreateWire -in [gi::getWindows 20]
[00:52:55.90] /i ise::createWire
[00:52:57.81] /# gi::executeAction deAddPoint -in [gi::getWindows 20]
[00:52:57.81] /i de::addPoint {11.55 3.7875} -context [db::getNext [de::getContexts -window 20]]
[00:52:57.86] /i de::setCursor -point {11.5 3.8125 }
[00:52:59.35] /# gi::executeAction deAddPoint -in [gi::getWindows 20]
[00:52:59.35] /i de::addPoint {5.41875 5.89375} -context [db::getNext [de::getContexts -window 20]]
[00:53:24.69] /# gi::executeAction deCanvasZoomInAtPoint -in [gi::getWindows 20]
[00:53:24.69] /i de::zoom -window [gi::getWindows 20] -factor 2.0 -center {14.48125 5.95}
[00:53:24.69] /o {7.3625 2.91875} {18.1875 9.53125}
[00:53:24.75] /# gi::executeAction deCanvasZoomInAtPoint -in [gi::getWindows 20]
[00:53:24.75] /i de::zoom -window [gi::getWindows 20] -factor 2.0 -center {14.48125 5.95}
[00:53:24.75] /o {10.925 4.43125} {16.3375 7.74375}
[00:53:24.88] /# gi::executeAction deCanvasZoomInAtPoint -in [gi::getWindows 20]
[00:53:24.88] /i de::zoom -window [gi::getWindows 20] -factor 2.0 -center {14.4875 5.95}
[00:53:24.88] /o {12.70625 5.19375} {15.4125 6.84375}
[00:53:25.43] /# gi::executeAction deCanvasZoomOutAtPoint -in [gi::getWindows 20]
[00:53:25.43] /i de::zoom -window [gi::getWindows 20] -factor 0.5 -center {14.4875 6.23125}
[00:53:25.43] /o {10.925 4.15} {16.3375 7.4625}
[00:53:26.47] /# gi::executeAction deStartDrag -in [gi::getWindows 20]
[00:53:26.47] /i de::startDrag {14.45 6.24375} -context [db::getNext [de::getContexts -window 20]]
[00:53:27.00] /# gi::executeAction deEndDrag -in [gi::getWindows 20]
[00:53:27.00] /i de::endDrag {14.575 6.23125} -context [db::getNext [de::getContexts -window 20]]
[00:53:27.68] /# gi::executeAction deStartDrag -in [gi::getWindows 20]
[00:53:27.68] /i de::startDrag {14.6625 6.225} -context [db::getNext [de::getContexts -window 20]]
[00:53:28.02] /# gi::executeAction deEndDrag -in [gi::getWindows 20]
[00:53:28.02] /i de::endDrag {14.50625 6.225} -context [db::getNext [de::getContexts -window 20]]
[00:53:29.12] /# gi::executeAction deAbortCommand -in [gi::getWindows 20]
[00:53:29.12] /i de::abortCommand -context [db::getNext [de::getContexts -window 20]]
[00:53:30.37] /# gi::executeAction deSelectActive -in [gi::getWindows 20]
[00:53:30.37] /i de::deselectAll [db::getNext [de::getContexts -window 20]]
[00:53:30.37] /i de::select [de::getActiveFigure [gi::getWindows 20] -point {14.675 6.2375} -index 0 -intent none]
[00:53:30.38] /o oa:0x24cb79e0
[00:53:31.01] /# gi::executeAction seDelete -in [gi::getWindows 20]
[00:53:31.01] /i ise::delete
[00:53:31.57] /# gi::executeAction deAddPoint -in [gi::getWindows 20]
[00:53:31.57] /i de::addPoint {14.675 6.2375} -context [db::getNext [de::getContexts -window 20]]
[00:53:31.95] /# gi::executeAction deAbortCommand -in [gi::getWindows 20]
[00:53:31.95] /i de::abortCommand -context [db::getNext [de::getContexts -window 20]]
[00:53:32.94] /# gi::executeAction deSelectActive -in [gi::getWindows 20]
[00:53:32.94] /i de::deselectAll [db::getNext [de::getContexts -window 20]]
[00:53:32.94] /i de::select [de::getActiveFigure [gi::getWindows 20] -point {14.63125 6.5875} -index 0 -intent none]
[00:53:32.94] /o oa:0x1ec8ad70
[00:53:33.46] /# gi::executeAction seButton1DragStart -in [gi::getWindows 20]
[00:53:33.46] /i ise::stretch -point {14.625 6.5625}
[00:53:34.57] /# gi::executeAction deEndDrag -in [gi::getWindows 20]
[00:53:34.57] /i de::endDrag {14.41875 6.5875} -context [db::getNext [de::getContexts -window 20]]
[00:53:34.75] /# gi::executeAction deCanvasZoomOutAtPoint -in [gi::getWindows 20]
[00:53:34.75] /i de::zoom -window [gi::getWindows 20] -factor 0.5 -center {14.5 6.60625}
[00:53:34.75] /o {7.34375 1.7} {18.16875 8.3125}
[00:53:34.79] /# gi::executeAction deCanvasZoomOutAtPoint -in [gi::getWindows 20]
[00:53:34.79] /i de::zoom -window [gi::getWindows 20] -factor 0.5 -center {14.50625 6.6125}
[00:53:34.79] /o {0.1875 -3.2125} {21.83125 10.0125}
[00:53:34.85] /# gi::executeAction deCanvasZoomOutAtPoint -in [gi::getWindows 20]
[00:53:34.85] /i de::zoom -window [gi::getWindows 20] -factor 0.5 -center {14.66875 6.85625}
[00:53:34.85] /o {-14.29375 -13.28125} {28.99375 13.16875}
[00:53:35.30] /# gi::executeAction deCanvasZoomInAtPoint -in [gi::getWindows 20]
[00:53:35.30] /i de::zoom -window [gi::getWindows 20] -factor 2.0 -center {15.65625 8.15625}
[00:53:35.30] /o {0.68125 -2.5625} {22.325 10.6625}
[00:53:35.64] /# gi::executeAction deSelectActive -in [gi::getWindows 20]
[00:53:35.64] /i de::deselectAll [db::getNext [de::getContexts -window 20]]
[00:53:35.64] /i de::deselectAllLogic -context [db::getNext [de::getContexts -window 20]]
[00:53:45.88] /# gi::executeAction seSchCheckAndSave -in [gi::getWindows 20]
[00:53:45.88] /i ise::check
[00:53:45.88] /m Information: 
[00:53:45.88] /o Checking "inverter/full_adder/schematic"
[00:53:45.88] /o No rule violations found in "inverter/full_adder/schematic"
[00:53:45.88] /m Information: Checking process is completed: marking the design violations
[00:53:45.90] /m Information: Marking of designs is completed
[00:53:45.90] /o true
[00:53:46.42] /# gi::executeAction seSchCheckAndSave -in [gi::getWindows 20]
[00:53:46.42] /i ise::check
[00:53:46.43] /m Information: 
[00:53:46.43] /o Checking "inverter/full_adder/schematic"
[00:53:46.43] /o No rule violations found in "inverter/full_adder/schematic"
[00:53:46.43] /m Information: Checking process is completed: marking the design violations
[00:53:46.44] /m Information: Marking of designs is completed
[00:53:46.44] /o true
[00:53:46.57] /# gi::executeAction seSchCheckAndSave -in [gi::getWindows 20]
[00:53:46.57] /i ise::check
[00:53:46.58] /m Information: 
[00:53:46.58] /o Checking "inverter/full_adder/schematic"
[00:53:46.58] /o No rule violations found in "inverter/full_adder/schematic"
[00:53:46.58] /m Information: Checking process is completed: marking the design violations
[00:53:46.59] /m Information: Marking of designs is completed
[00:53:46.59] /o true
[17:41:54.55] /# gi::executeAction deSelectActive -in [gi::getWindows 20]
[17:41:54.55] /i de::deselectAllLogic -context [db::getNext [de::getContexts -window 20]]
[17:41:55.39] /# gi::executeAction deFitEdit -in [gi::getWindows 20]
[17:41:55.39] /i de::fit -window 20 -fitEdit true
[17:41:55.39] /o {0.25 -0.1125} {21.89375 13.1125}
[17:41:56.85] /# gi::executeAction seSchCheckAndSave -in [gi::getWindows 20]
[17:41:56.85] /i ise::check
[17:41:56.92] /m Information: 
[17:41:56.92] /o Checking "inverter/full_adder/schematic"
[17:41:56.92] /o No rule violations found in "inverter/full_adder/schematic"
[17:41:56.92] /m Information: Checking process is completed: marking the design violations
[17:41:56.96] /m Information: Marking of designs is completed
[17:41:56.96] /o true
[17:41:57.04] /# gi::executeAction seSchCheckAndSave -in [gi::getWindows 20]
[17:41:57.04] /i ise::check
[17:41:57.05] /m Information: 
[17:41:57.05] /o Checking "inverter/full_adder/schematic"
[17:41:57.06] /o No rule violations found in "inverter/full_adder/schematic"
[17:41:57.06] /m Information: Checking process is completed: marking the design violations
[17:41:57.09] /m Information: Marking of designs is completed
[17:41:57.09] /o true
[17:42:01.29] /# gi::executeAction deSelectActive -in [gi::getWindows 20]
[17:42:01.29] /i de::deselectAllLogic -context [db::getNext [de::getContexts -window 20]]
[17:42:01.61] /# gi::executeAction deCanvasZoomInAtPoint -in [gi::getWindows 20]
[17:42:01.61] /i de::zoom -window [gi::getWindows 20] -factor 2.0 -center {20.725 7.175}
[17:42:01.61] /o {10.4875 3.53125} {21.3125 10.14375}
[17:42:01.68] /# gi::executeAction deCanvasZoomInAtPoint -in [gi::getWindows 20]
[17:42:01.68] /i de::zoom -window [gi::getWindows 20] -factor 2.0 -center {20.725 7.175}
[17:42:01.68] /o {15.60625 5.35} {21.01875 8.6625}
[17:42:01.76] /# gi::executeAction deCanvasZoomInAtPoint -in [gi::getWindows 20]
[17:42:01.76] /i de::zoom -window [gi::getWindows 20] -factor 2.0 -center {20.725 7.175}
[17:42:01.76] /o {18.1625 6.2625} {20.86875 7.91875}
[17:42:02.53] /# gi::executeAction deCanvasZoomOutAtPoint -in [gi::getWindows 20]
[17:42:02.53] /i de::zoom -window [gi::getWindows 20] -factor 0.5 -center {20.025 6.925}
[17:42:02.53] /o {16.30625 5.6} {21.71875 8.9125}
[17:42:03.55] /# gi::executeAction deCanvasZoomOutAtPoint -in [gi::getWindows 20]
[17:42:03.55] /i de::zoom -window [gi::getWindows 20] -factor 0.5 -center {17.24375 7.05}
[17:42:03.55] /o {15.36875 4.15625} {26.19375 10.76875}
[17:42:05.50] /# gi::executeAction deFitEdit -in [gi::getWindows 20]
[17:42:05.50] /i de::fit -window 20 -fitEdit true
[17:42:05.50] /o {0.25 -0.1125} {21.89375 13.1125}
[17:42:06.37] /# gi::executeAction deCanvasZoomInAtPoint -in [gi::getWindows 20]
[17:42:06.37] /i de::zoom -window [gi::getWindows 20] -factor 2.0 -center {17.29375 8.0125}
[17:42:06.37] /o {8.76875 3.95} {19.59375 10.5625}
[17:42:07.21] /# gi::executeAction seButton1DragStart -in [gi::getWindows 20]
[17:42:07.21] /i ise::stretch -object [de::getActiveFigure [gi::getWindows 20] -point {16.0125 8.29375} -index 0 -intent none] -point {16 8.3125}
[17:42:12.43] /# gi::executeAction deEndDrag -in [gi::getWindows 20]
[17:42:12.43] /i de::endDrag {16.0125 8.38125} -context [db::getNext [de::getContexts -window 20]]
[17:42:13.47] /# gi::executeAction deSelectActive -in [gi::getWindows 20]
[17:42:13.47] /i de::deselectAll [db::getNext [de::getContexts -window 20]]
[17:42:13.47] /i de::select [de::getActiveFigure [gi::getWindows 20] -point {17.45625 8.025} -index 0 -intent none]
[17:42:13.48] /o oa:0x270fc620
[17:42:14.19] /# gi::executeAction seButton1DragStart -in [gi::getWindows 20]
[17:42:14.19] /i ise::stretch -point {17.4375 8}
[17:42:17.02] /# gi::executeAction deEndDrag -in [gi::getWindows 20]
[17:42:17.02] /i de::endDrag {17.16875 8.00625} -context [db::getNext [de::getContexts -window 20]]
[17:42:17.55] /# gi::executeAction deSelectActive -in [gi::getWindows 20]
[17:42:17.55] /i de::deselectAll [db::getNext [de::getContexts -window 20]]
[17:42:17.56] /i de::deselectAllLogic -context [db::getNext [de::getContexts -window 20]]
[17:42:17.75] /# gi::executeAction deFitEdit -in [gi::getWindows 20]
[17:42:17.75] /i de::fit -window 20 -fitEdit true
[17:42:17.75] /o {0.25 -0.1125} {21.89375 13.1125}
[17:42:18.85] /# gi::executeAction seButton1DragStart -in [gi::getWindows 20]
[17:42:18.85] /i ise::stretch -object [de::getActiveFigure [gi::getWindows 20] -point {18.89375 3.63125} -index 0 -intent none] -point {18.875 3.625}
[17:42:23.02] /# gi::executeAction deEndDrag -in [gi::getWindows 20]
[17:42:23.02] /i de::endDrag {18.6875 3.61875} -context [db::getNext [de::getContexts -window 20]]
[17:42:23.79] /# gi::executeAction deFitEdit -in [gi::getWindows 20]
[17:42:23.79] /i de::fit -window 20 -fitEdit true
[17:42:23.79] /o {0.25 -0.1125} {21.89375 13.1125}
[17:42:24.47] /# gi::executeAction deSelectActive -in [gi::getWindows 20]
[17:42:24.47] /i de::deselectAllLogic -context [db::getNext [de::getContexts -window 20]]
[17:42:26.29] /# gi::executeAction seSchCheckAndSave -in [gi::getWindows 20]
[17:42:26.29] /i ise::check
[17:42:26.29] /m Information: 
[17:42:26.29] /o Checking "inverter/full_adder/schematic"
[17:42:26.29] /o No rule violations found in "inverter/full_adder/schematic"
[17:42:26.29] /m Information: Checking process is completed: marking the design violations
[17:42:26.30] /m Information: Marking of designs is completed
[17:42:26.30] /o true
[17:42:26.43] /# gi::executeAction seSchCheckAndSave -in [gi::getWindows 20]
[17:42:26.43] /i ise::check
[17:42:26.43] /m Information: 
[17:42:26.43] /o Checking "inverter/full_adder/schematic"
[17:42:26.44] /o No rule violations found in "inverter/full_adder/schematic"
[17:42:26.44] /m Information: Checking process is completed: marking the design violations
[17:42:26.44] /m Information: Marking of designs is completed
[17:42:26.44] /o true
[17:42:26.58] /# gi::executeAction seSchCheckAndSave -in [gi::getWindows 20]
[17:42:26.58] /i ise::check
[17:42:26.58] /m Information: 
[17:42:26.58] /o Checking "inverter/full_adder/schematic"
[17:42:26.58] /o No rule violations found in "inverter/full_adder/schematic"
[17:42:26.58] /m Information: Checking process is completed: marking the design violations
[17:42:26.59] /m Information: Marking of designs is completed
[17:42:26.59] /o true
[17:42:26.70] /# gi::executeAction seSchCheckAndSave -in [gi::getWindows 20]
[17:42:26.71] /i ise::check
[17:42:26.71] /m Information: 
[17:42:26.71] /o Checking "inverter/full_adder/schematic"
[17:42:26.71] /o No rule violations found in "inverter/full_adder/schematic"
[17:42:26.71] /m Information: Checking process is completed: marking the design violations
[17:42:26.72] /m Information: Marking of designs is completed
[17:42:26.72] /o true
[17:42:34.38] /i gi::executeAction deSaveDesign -in [gi::getWindows 20]
[17:42:34.38] /m Information: Saving design 'inverter full_adder schematic'. (DESIGN_WINDOW-004)
[17:42:34.88] /i gi::executeAction deSaveDesign -in [gi::getWindows 20]
[17:42:34.88] /m Information: Saving design 'inverter full_adder schematic'. (DESIGN_WINDOW-004)
[17:42:35.03] /i gi::executeAction deSaveDesign -in [gi::getWindows 20]
[17:42:35.03] /m Information: Saving design 'inverter full_adder schematic'. (DESIGN_WINDOW-004)
[17:42:35.19] /i gi::executeAction deSaveDesign -in [gi::getWindows 20]
[17:42:35.19] /m Information: Saving design 'inverter full_adder schematic'. (DESIGN_WINDOW-004)
[17:42:45.26] /# gi::executeAction deCellviewFromCellview -in [gi::getWindows 20]
[17:42:45.26] /i db::showCellViewFromCellView -src [db::getAttr container -of [db::getAttr editFile -of [db::getNext [de::getContexts -window 20]]]] 
[17:42:45.30] /o oa:0x25a96110
[17:42:45.33] /i gi::setActiveDialog [gi::getDialogs {dbCellViewFromCellView}]
[17:42:45.60] /i db::setAttr geometry -of [gi::getDialogs {dbCellViewFromCellView}] -value 628x339+636+409
[17:42:47.63] /i gi::pressButton {apply} -in [gi::getDialogs {dbCellViewFromCellView}]
[17:42:47.68] /r giWindowId 21
[17:42:47.69] /r giWindowGeometry 1632x1020
[17:42:49.69] /# gi::executeAction deSelectActive -in [gi::getWindows 21]
[17:42:49.69] /i de::deselectAllLogic -context [db::getNext [de::getContexts -window 21]]
[17:42:52.66] /# gi::executeAction deSelectActive -in [gi::getWindows 21]
[17:42:52.66] /i de::deselectAll [db::getNext [de::getContexts -window 21]]
[17:42:52.66] /i de::select [de::getActiveFigure [gi::getWindows 21] -point {0.8375 0.15625} -index 0 -intent none]
[17:42:52.66] /o oa:0x259854b0
[17:42:56.19] /# gi::executeAction deCanvasZoomOutAtPoint -in [gi::getWindows 21]
[17:42:56.19] /i de::zoom -window [gi::getWindows 21] -factor 0.5 -center {0.675 0.2}
[17:42:56.20] /o {-3.9375 -3.125} {4.7 1.325}
[17:42:56.25] /# gi::executeAction deCanvasZoomOutAtPoint -in [gi::getWindows 21]
[17:42:56.25] /i de::zoom -window [gi::getWindows 21] -factor 0.5 -center {0.6875 0.19375}
[17:42:56.25] /o {-8.56875 -6.4375} {8.71875 2.45}
[17:42:56.85] /i gi::executeAction deCanvasDragSelect -in [gi::getWindows 21]
[17:42:56.85] /r deCanvasDragStart -0.725 1.1375
[17:42:57.05] /# gi::executeAction deCanvasDragEnd -in [gi::getWindows 21]
[17:42:57.05] /i gi::executeAction deCanvasDragEnd -in [gi::getWindows 21]
[17:42:57.05] /r deCanvasDragEnd 2.3875 -2.45625
[17:42:57.75] /# gi::executeAction seButton1DragStart -in [gi::getWindows 21]
[17:42:57.75] /i ise::stretch -point {0.6875 -0.125}
[17:42:58.22] /# gi::executeAction deEndDrag -in [gi::getWindows 21]
[17:42:58.22] /i de::endDrag {2.1375 1.04375} -context [db::getNext [de::getContexts -window 21]]
[17:42:58.66] /# gi::executeAction deSelectActive -in [gi::getWindows 21]
[17:42:58.66] /i de::deselectAll [db::getNext [de::getContexts -window 21]]
[17:42:58.66] /i de::deselectAllLogic -context [db::getNext [de::getContexts -window 21]]
[17:42:59.14] /# gi::executeAction deCanvasZoomInAtPoint -in [gi::getWindows 21]
[17:42:59.14] /i de::zoom -window [gi::getWindows 21] -factor 2.0 -center {3.4125 1.375}
[17:42:59.14] /o {-2.575 -2.53125} {6.0625 1.9125}
[17:42:59.22] /# gi::executeAction deCanvasZoomInAtPoint -in [gi::getWindows 21]
[17:42:59.22] /i de::zoom -window [gi::getWindows 21] -factor 2.0 -center {3.34375 1.50625}
[17:42:59.22] /o {0.38125 -0.5125} {4.70625 1.7125}
[17:43:00.33] /# gi::executeAction deFitView -in [gi::getWindows 21]
[17:43:00.33] /i de::fit -window 21 -fitView true
[17:43:00.33] /o {-0.14375 -0.25625} {4.13125 1.95}
[17:43:01.91] /# gi::executeAction deSelectActive -in [gi::getWindows 21]
[17:43:01.91] /i de::deselectAll [db::getNext [de::getContexts -window 21]]
[17:43:01.91] /i de::select [de::getActiveFigure [gi::getWindows 21] -point {1.4375 1.65625} -index 0 -intent none]
[17:43:01.91] /o oa:0x1f4dc810
[17:43:04.93] /i gi::setActiveWindow 20
[17:43:04.93] /i gi::setActiveWindow 20 -raise true
[17:43:05.65] /i gi::setActiveWindow 18
[17:43:05.65] /i gi::setActiveWindow 18 -raise true
[17:43:06.87] /i gi::setCurrentIndex {cells} -index {NAND2_tb} -in [gi::getWindows 18]
[17:43:06.87] /i gi::setItemSelection {cells} -index {NAND2_tb} -in [gi::getWindows 18]
[17:43:07.21] /i gi::setCurrentIndex {cells} -index {NAND2} -in [gi::getWindows 18]
[17:43:07.22] /i gi::setItemSelection {cells} -index {NAND2} -in [gi::getWindows 18]
[17:43:08.08] /i gi::setCurrentIndex {views} -index {symbol} -in [gi::getWindows 18]
[17:43:08.08] /i gi::setItemSelection {views} -index {symbol} -in [gi::getWindows 18]
[17:43:08.26] /i gi::executeAction dmOpen -in [gi::getWindows 18]
[17:43:08.28] /r giWindowId 22
[17:43:08.29] /r giWindowGeometry 1632x1020
[17:43:09.16] /# gi::executeAction deSelectActive -in [gi::getWindows 22]
[17:43:09.16] /i de::deselectAllLogic -context [db::getNext [de::getContexts -window 22]]
[17:43:58.69] /# gi::executeAction seCreateSelection -in [gi::getWindows 22]
[17:43:58.69] /i ise::createSelectionShape
[17:44:00.54] /i gi::pressButton {autoCreate} -in [gi::getToolbars {deCommandOptions} -from [gi::getWindows 22]]
[17:44:02.56] /i gi::executeAction deSaveDesign -in [gi::getWindows 22]
[17:44:02.56] /m Information: Saving design 'inverter NAND2 symbol'. (DESIGN_WINDOW-004)
[17:44:02.69] /i gi::executeAction deSaveDesign -in [gi::getWindows 22]
[17:44:02.69] /m Information: Saving design 'inverter NAND2 symbol'. (DESIGN_WINDOW-004)
[17:44:02.83] /i gi::executeAction deSaveDesign -in [gi::getWindows 22]
[17:44:02.83] /m Information: Saving design 'inverter NAND2 symbol'. (DESIGN_WINDOW-004)
[17:44:02.97] /i gi::executeAction deSaveDesign -in [gi::getWindows 22]
[17:44:02.98] /m Information: Saving design 'inverter NAND2 symbol'. (DESIGN_WINDOW-004)
[17:44:03.10] /i gi::executeAction deSaveDesign -in [gi::getWindows 22]
[17:44:03.10] /m Information: Saving design 'inverter NAND2 symbol'. (DESIGN_WINDOW-004)
[17:44:03.63] /i gi::setActiveWindow 20
[17:44:03.63] /i gi::setActiveWindow 20 -raise true
[17:44:14.29] /i gi::setActiveWindow 21
[17:44:14.29] /i gi::setActiveWindow 21 -raise true
[17:44:15.42] /# gi::executeAction deSelectActive -in [gi::getWindows 21]
[17:44:15.42] /i de::deselectAll [db::getNext [de::getContexts -window 21]]
[17:44:15.42] /i de::deselectAllLogic -context [db::getNext [de::getContexts -window 21]]
[17:44:15.75] /# gi::executeAction deCanvasZoomOutAtPoint -in [gi::getWindows 21]
[17:44:15.75] /i de::zoom -window [gi::getWindows 21] -factor 0.5 -center {2.1375 1.48125}
[17:44:15.75] /o {-2.43125 -1.9875} {6.13125 2.4125}
[17:44:15.86] /# gi::executeAction deCanvasZoomOutAtPoint -in [gi::getWindows 21]
[17:44:15.86] /i de::zoom -window [gi::getWindows 21] -factor 0.5 -center {2.275 1.41875}
[17:44:15.86] /o {-7.1375 -5.39375} {9.9875 3.40625}
[17:44:16.41] /# gi::executeAction deSelectActive -in [gi::getWindows 21]
[17:44:16.41] /i de::deselectAll [db::getNext [de::getContexts -window 21]]
[17:44:16.41] /i de::select [de::getActiveFigure [gi::getWindows 21] -point {2.19375 1.53125} -index 0 -intent none]
[17:44:16.41] /o oa:0x27e63190
[17:44:16.78] /# gi::executeAction deCanvasZoomInAtPoint -in [gi::getWindows 21]
[17:44:16.78] /i de::zoom -window [gi::getWindows 21] -factor 2.0 -center {2.35625 1.63125}
[17:44:16.78] /o {-2.3875 -1.88125} {6.16875 2.51875}
[17:44:16.98] /# gi::executeAction deCanvasZoomInAtPoint -in [gi::getWindows 21]
[17:44:16.98] /i de::zoom -window [gi::getWindows 21] -factor 2.0 -center {2.35625 1.63125}
[17:44:16.99] /o {-0.01875 -0.125} {4.2625 2.075}
[17:44:18.12] /# gi::executeAction seDelete -in [gi::getWindows 21]
[17:44:18.12] /i ise::delete
[17:44:18.67] /# gi::executeAction deSelectActive -in [gi::getWindows 21]
[17:44:18.67] /i de::deselectAllLogic -context [db::getNext [de::getContexts -window 21]]
[17:44:19.05] /# gi::executeAction deSelectActive -in [gi::getWindows 21]
[17:44:19.05] /i de::deselectAll [db::getNext [de::getContexts -window 21]]
[17:44:19.05] /i de::select [de::getActiveFigure [gi::getWindows 21] -point {2.425 1.55} -index 0 -intent none]
[17:44:19.05] /o oa:0x27e7c3a0
[17:44:19.65] /# gi::executeAction seDelete -in [gi::getWindows 21]
[17:44:19.65] /i ise::delete
[17:44:20.32] /# gi::executeAction deAddPoint -in [gi::getWindows 21]
[17:44:20.32] /i de::addPoint {2.0375 1.64375} -context [db::getNext [de::getContexts -window 21]]
[17:44:21.06] /# gi::executeAction deAbortCommand -in [gi::getWindows 21]
[17:44:21.06] /i de::abortCommand -context [db::getNext [de::getContexts -window 21]]
[17:44:21.28] /i gi::executeAction deCanvasDragCancel -in [gi::getWindows 21]
[17:44:21.45] /i gi::executeAction deCanvasDragCancel -in [gi::getWindows 21]
[17:45:50.32] /# gi::executeAction deSelectActive -in [gi::getWindows 21]
[17:45:50.32] /i de::deselectAll [db::getNext [de::getContexts -window 21]]
[17:45:50.32] /i de::select [de::getActiveFigure [gi::getWindows 21] -point {1.9875 0.98125} -index 0 -intent none]
[17:45:50.32] /o oa:0x27e7a6d0
[17:45:50.74] /# gi::executeAction seDelete -in [gi::getWindows 21]
[17:45:50.74] /i ise::delete
[17:45:51.16] /# gi::executeAction deSelectActive -in [gi::getWindows 21]
[17:45:51.16] /i de::deselectAll [db::getNext [de::getContexts -window 21]]
[17:45:51.16] /i de::select [de::getActiveFigure [gi::getWindows 21] -point {1.975 0.89375} -index 0 -intent none]
[17:45:51.16] /o oa:0x2806f860
[17:45:51.24] /# gi::executeAction seDelete -in [gi::getWindows 21]
[17:45:51.24] /i ise::delete
[17:45:51.97] /# gi::executeAction seDelete -in [gi::getWindows 21]
[17:45:51.97] /i ise::delete
[17:45:52.04] /# gi::executeAction deAddPoint -in [gi::getWindows 21]
[17:45:52.04] /i de::addPoint {1.9875 0.825} -context [db::getNext [de::getContexts -window 21]]
[17:45:52.66] /# gi::executeAction deAbortCommand -in [gi::getWindows 21]
[17:45:52.66] /i de::abortCommand -context [db::getNext [de::getContexts -window 21]]
[17:45:53.64] /i gi::executeAction deCanvasDragSelect -in [gi::getWindows 21]
[17:45:53.64] /r deCanvasDragStart 1.8 0.60625
[17:45:53.92] /# gi::executeAction deCanvasDragEnd -in [gi::getWindows 21]
[17:45:53.92] /i gi::executeAction deCanvasDragEnd -in [gi::getWindows 21]
[17:45:53.93] /r deCanvasDragEnd 2.26875 -0.06875
[17:45:57.26] /# gi::executeAction seRotateCCWCenter -in [gi::getWindows 21]
[17:45:57.26] /i se::move [de::getSelected -design [db::getAttr editDesign -of [db::getNext [de::getContexts -window 21]]]]  -rotate R90
[17:45:58.37] /# gi::executeAction deSelectActive -in [gi::getWindows 21]
[17:45:58.37] /i de::deselectAll [db::getNext [de::getContexts -window 21]]
[17:45:58.37] /i de::deselectAllLogic -context [db::getNext [de::getContexts -window 21]]
[17:45:59.08] /i gi::executeAction deCanvasDragSelect -in [gi::getWindows 21]
[17:45:59.08] /r deCanvasDragStart 1.74375 0.5875
[17:45:59.29] /# gi::executeAction deCanvasDragEnd -in [gi::getWindows 21]
[17:45:59.29] /i gi::executeAction deCanvasDragEnd -in [gi::getWindows 21]
[17:45:59.29] /r deCanvasDragEnd 3.475 0.14375
[17:46:04.60] /# gi::executeAction seRotateCWCenter -in [gi::getWindows 21]
[17:46:04.60] /i se::move [de::getSelected -design [db::getAttr editDesign -of [db::getNext [de::getContexts -window 21]]]]  -rotate R270
[17:46:05.16] /# gi::executeAction seRotateCWCenter -in [gi::getWindows 21]
[17:46:05.16] /i se::move [de::getSelected -design [db::getAttr editDesign -of [db::getNext [de::getContexts -window 21]]]]  -rotate R270
[17:46:05.80] /# gi::executeAction deSelectActive -in [gi::getWindows 21]
[17:46:05.80] /i de::deselectAll [db::getNext [de::getContexts -window 21]]
[17:46:05.80] /i de::deselectAllLogic -context [db::getNext [de::getContexts -window 21]]
[17:46:06.28] /i gi::executeAction deCanvasDragSelect -in [gi::getWindows 21]
[17:46:06.28] /r deCanvasDragStart 1.65 0.63125
[17:46:06.43] /# gi::executeAction deCanvasDragEnd -in [gi::getWindows 21]
[17:46:06.43] /i gi::executeAction deCanvasDragEnd -in [gi::getWindows 21]
[17:46:06.44] /r deCanvasDragEnd 3.50625 0.0875
[17:46:07.66] /# gi::executeAction seButton1DragStart -in [gi::getWindows 21]
[17:46:07.66] /i ise::stretch -point {2.25 0.5}
[17:46:09.39] /# gi::executeAction deEndDrag -in [gi::getWindows 21]
[17:46:09.39] /i de::endDrag {1.38125 0.91875} -context [db::getNext [de::getContexts -window 21]]
[17:46:09.82] /# gi::executeAction deSelectActive -in [gi::getWindows 21]
[17:46:09.83] /i de::deselectAll [db::getNext [de::getContexts -window 21]]
[17:46:09.83] /i de::deselectAllLogic -context [db::getNext [de::getContexts -window 21]]
[17:46:11.36] /# gi::executeAction seCreateShape -in [gi::getWindows 21]
[17:46:11.36] /i ise::createShape
[17:46:32.38] /# gi::executeAction deStartDrag -in [gi::getWindows 21]
[17:46:32.38] /i de::startDrag {1.55625 1.44375} -context [db::getNext [de::getContexts -window 21]]
[17:46:38.32] /# gi::executeAction deEndDrag -in [gi::getWindows 21]
[17:46:38.32] /i de::endDrag {2.31875 0.65} -context [db::getNext [de::getContexts -window 21]]
[17:46:39.97] /# gi::executeAction deAbortCommand -in [gi::getWindows 21]
[17:46:39.97] /i de::abortCommand -context [db::getNext [de::getContexts -window 21]]
[17:46:40.68] /# gi::executeAction deSelectActive -in [gi::getWindows 21]
[17:46:40.68] /i de::deselectAll [db::getNext [de::getContexts -window 21]]
[17:46:40.68] /i de::select [de::getActiveFigure [gi::getWindows 21] -point {2.5875 1.79375} -index 0 -intent none]
[17:46:40.68] /o oa:0x27ebba50
[17:46:41.16] /# gi::executeAction seButton1DragStart -in [gi::getWindows 21]
[17:46:41.16] /i ise::stretch -point {2.5625 1.8125}
[17:46:42.07] /# gi::executeAction deEndDrag -in [gi::getWindows 21]
[17:46:42.07] /i de::endDrag {1.9875 0.95} -context [db::getNext [de::getContexts -window 21]]
[17:46:42.37] /# gi::executeAction deSelectActive -in [gi::getWindows 21]
[17:46:42.37] /i de::deselectAll [db::getNext [de::getContexts -window 21]]
[17:46:42.37] /i de::deselectAllLogic -context [db::getNext [de::getContexts -window 21]]
[17:46:45.54] /# gi::executeAction seButton1DragStart -in [gi::getWindows 21]
[17:46:45.54] /i ise::stretch -object [de::getActiveFigure [gi::getWindows 21] -point {2.44375 1.1875} -index 0 -intent none] -point {2.4375 1.1875}
[17:46:47.25] /# gi::executeAction deEndDrag -in [gi::getWindows 21]
[17:46:47.25] /i de::endDrag {2.44375 1.1625} -context [db::getNext [de::getContexts -window 21]]
[17:46:47.65] /# gi::executeAction deSelectActive -in [gi::getWindows 21]
[17:46:47.65] /i de::deselectAllLogic -context [db::getNext [de::getContexts -window 21]]
[17:46:54.68] /# gi::executeAction seButton1DragStart -in [gi::getWindows 21]
[17:46:54.68] /i ise::stretch -object [de::getActiveFigure [gi::getWindows 21] -point {1.63125 0.93125} -index 0 -intent none] -point {1.625 0.9375}
[17:46:55.36] /# gi::executeAction deEndDrag -in [gi::getWindows 21]
[17:46:55.37] /i de::endDrag {1.6625 0.9375} -context [db::getNext [de::getContexts -window 21]]
[17:46:56.59] /# gi::executeAction deSelectActive -in [gi::getWindows 21]
[17:46:56.59] /i de::deselectAll [db::getNext [de::getContexts -window 21]]
[17:46:56.59] /i de::select [de::getActiveFigure [gi::getWindows 21] -point {1.575 1.06875} -index 0 -intent none]
[17:46:56.59] /o oa:0x1d1caca0
[17:46:58.57] /# gi::executeAction seButton1DragStart -in [gi::getWindows 21]
[17:46:58.57] /i ise::stretch -object [de::getActiveFigure [gi::getWindows 21] -point {1.5875 1.05} -index 0 -intent none] -point {1.5625 1.0625}
[17:46:58.95] /# gi::executeAction deEndDrag -in [gi::getWindows 21]
[17:46:58.95] /i de::endDrag {1.65 1.0625} -context [db::getNext [de::getContexts -window 21]]
[17:46:59.85] /# gi::executeAction seButton1DragStart -in [gi::getWindows 21]
[17:46:59.85] /i ise::stretch -object [de::getActiveFigure [gi::getWindows 21] -point {1.5875 1.1875} -index 0 -intent none] -point {1.5625 1.1875}
[17:47:00.20] /# gi::executeAction deEndDrag -in [gi::getWindows 21]
[17:47:00.20] /i de::endDrag {1.6375 1.175} -context [db::getNext [de::getContexts -window 21]]
[17:47:00.81] /# gi::executeAction seButton1DragStart -in [gi::getWindows 21]
[17:47:00.81] /i ise::stretch -object [de::getActiveFigure [gi::getWindows 21] -point {1.86875 1.10625} -index 0 -intent none] -point {1.875 1.125}
[17:47:01.48] /# gi::executeAction deEndDrag -in [gi::getWindows 21]
[17:47:01.48] /i de::endDrag {1.9 1.3625} -context [db::getNext [de::getContexts -window 21]]
[17:47:02.18] /# gi::executeAction seButton1DragStart -in [gi::getWindows 21]
[17:47:02.18] /i ise::stretch -object [de::getActiveFigure [gi::getWindows 21] -point {1.8875 0.90625} -index 0 -intent none] -point {1.875 0.9375}
[17:47:02.57] /# gi::executeAction deEndDrag -in [gi::getWindows 21]
[17:47:02.57] /i de::endDrag {1.8875 0.76875} -context [db::getNext [de::getContexts -window 21]]
[17:47:03.51] /# gi::executeAction seButton1DragStart -in [gi::getWindows 21]
[17:47:03.51] /i ise::stretch -object [de::getActiveFigure [gi::getWindows 21] -point {2.2125 1.20625} -index 0 -intent none] -point {2.1875 1.1875}
[17:47:04.27] /# gi::executeAction deEndDrag -in [gi::getWindows 21]
[17:47:04.27] /i de::endDrag {2.15 1.2} -context [db::getNext [de::getContexts -window 21]]
[17:47:05.67] /# gi::executeAction seButton1DragStart -in [gi::getWindows 21]
[17:47:05.67] /i ise::stretch -object [de::getActiveFigure [gi::getWindows 21] -point {2.2875 1.05} -index 0 -intent none] -point {2.3125 1.0625}
[17:47:06.18] /# gi::executeAction deEndDrag -in [gi::getWindows 21]
[17:47:06.18] /i de::endDrag {2.2 1.05} -context [db::getNext [de::getContexts -window 21]]
[17:47:13.09] /# gi::executeAction seButton1DragStart -in [gi::getWindows 21]
[17:47:13.09] /i ise::stretch -object [de::getActiveFigure [gi::getWindows 21] -point {2.65625 1.20625} -index 0 -intent none] -point {2.6875 1.1875}
[17:47:13.46] /# gi::executeAction deEndDrag -in [gi::getWindows 21]
[17:47:13.46] /i de::endDrag {2.59375 0.84375} -context [db::getNext [de::getContexts -window 21]]
[17:47:14.53] /# gi::executeAction seButton1DragStart -in [gi::getWindows 21]
[17:47:14.53] /i ise::stretch -object [de::getActiveFigure [gi::getWindows 21] -point {2.45 1.2} -index 0 -intent none] -point {2.4375 1.1875}
[17:47:15.63] /# gi::executeAction deEndDrag -in [gi::getWindows 21]
[17:47:15.63] /i de::endDrag {2.45625 0.86875} -context [db::getNext [de::getContexts -window 21]]
[17:47:16.67] /# gi::executeAction seButton1DragStart -in [gi::getWindows 21]
[17:47:16.67] /i ise::stretch -object [de::getActiveFigure [gi::getWindows 21] -point {2.39375 1.1875} -index 0 -intent none] -point {2.375 1.1875}
[17:47:17.43] /# gi::executeAction deEndDrag -in [gi::getWindows 21]
[17:47:17.43] /i de::endDrag {2.3625 0.8875} -context [db::getNext [de::getContexts -window 21]]
[17:47:18.32] /# gi::executeAction seButton1DragStart -in [gi::getWindows 21]
[17:47:18.32] /i ise::stretch -object [de::getActiveFigure [gi::getWindows 21] -point {2.5375 0.5625} -index 0 -intent none] -point {2.5625 0.5625}
[17:47:21.78] /# gi::executeAction deEndDrag -in [gi::getWindows 21]
[17:47:21.79] /i de::endDrag {2.625 0.85625} -context [db::getNext [de::getContexts -window 21]]
[17:47:22.12] /# gi::executeAction deSelectActive -in [gi::getWindows 21]
[17:47:22.12] /i de::deselectAll [db::getNext [de::getContexts -window 21]]
[17:47:22.12] /i de::deselectAllLogic -context [db::getNext [de::getContexts -window 21]]
[17:47:23.47] /i gi::executeAction deSaveDesign -in [gi::getWindows 21]
[17:47:23.47] /m Information: Saving design 'inverter full_adder symbol'. (DESIGN_WINDOW-004)
[17:47:23.61] /i gi::executeAction deSaveDesign -in [gi::getWindows 21]
[17:47:23.61] /m Information: Saving design 'inverter full_adder symbol'. (DESIGN_WINDOW-004)
[17:47:23.76] /i gi::executeAction deSaveDesign -in [gi::getWindows 21]
[17:47:23.76] /m Information: Saving design 'inverter full_adder symbol'. (DESIGN_WINDOW-004)
[17:47:31.32] /# gi::executeAction seCreateConnectDef -in [gi::getWindows 21]
[17:47:31.32] /i ise::createConnectDef
[17:47:37.54] /# gi::executeAction seCreateSelection -in [gi::getWindows 21]
[17:47:37.54] /i ise::createSelectionShape
[17:47:38.31] /# gi::executeAction deAddPoint -in [gi::getWindows 21]
[17:47:38.31] /i de::addPoint {1.79375 1.08125} -context [db::getNext [de::getContexts -window 21]]
[17:47:40.49] /# gi::executeAction deAbortCommand -in [gi::getWindows 21]
[17:47:40.49] /i de::abortCommand -context [db::getNext [de::getContexts -window 21]]
[17:47:42.79] /# gi::executeAction seCreateSelection -in [gi::getWindows 21]
[17:47:42.79] /i ise::createSelectionShape
[17:47:43.83] /i gi::pressButton {autoCreate} -in [gi::getToolbars {deCommandOptions} -from [gi::getWindows 21]]
[17:47:44.24] /i gi::pressButton {autoCreate} -in [gi::getToolbars {deCommandOptions} -from [gi::getWindows 21]]
[17:47:44.39] /i gi::pressButton {autoCreate} -in [gi::getToolbars {deCommandOptions} -from [gi::getWindows 21]]
[17:47:45.53] /i gi::executeAction deSaveDesign -in [gi::getWindows 21]
[17:47:45.53] /m Information: Saving design 'inverter full_adder symbol'. (DESIGN_WINDOW-004)
[17:47:45.67] /i gi::executeAction deSaveDesign -in [gi::getWindows 21]
[17:47:45.67] /m Information: Saving design 'inverter full_adder symbol'. (DESIGN_WINDOW-004)
[17:47:45.81] /i gi::executeAction deSaveDesign -in [gi::getWindows 21]
[17:47:45.81] /m Information: Saving design 'inverter full_adder symbol'. (DESIGN_WINDOW-004)
[17:47:45.95] /i gi::executeAction deSaveDesign -in [gi::getWindows 21]
[17:47:45.95] /m Information: Saving design 'inverter full_adder symbol'. (DESIGN_WINDOW-004)
[17:47:46.09] /i gi::executeAction deSaveDesign -in [gi::getWindows 21]
[17:47:46.09] /m Information: Saving design 'inverter full_adder symbol'. (DESIGN_WINDOW-004)
[17:47:46.22] /i gi::executeAction deSaveDesign -in [gi::getWindows 21]
[17:47:46.22] /m Information: Saving design 'inverter full_adder symbol'. (DESIGN_WINDOW-004)
[17:47:47.60] /i gi::executeAction giCloseWindow -in [gi::getWindows 21]
[17:47:47.62] /i gi::setActiveWindow 20
[17:47:47.62] /i gi::setActiveWindow 20 -raise true
[17:47:48.52] /i gi::executeAction giCloseWindow -in [gi::getWindows 20]
[17:47:48.53] /i gi::setActiveWindow 22
[17:47:48.53] /i gi::setActiveWindow 22 -raise true
[17:47:49.49] /i gi::executeAction giCloseWindow -in [gi::getWindows 22]
[17:47:49.50] /i gi::setActiveWindow 18
[17:47:49.50] /i gi::setActiveWindow 18 -raise true
[17:47:50.98] /i gi::setCurrentIndex {cells} -index {NAND2_tb} -in [gi::getWindows 18]
[17:47:50.98] /i gi::setItemSelection {cells} -index {NAND2_tb} -in [gi::getWindows 18]
[17:47:51.12] /i gi::setItemSelection {views} -index {schematic} -in [gi::getWindows 18]
[17:47:51.12] /i gi::executeAction dmOpen -in [gi::getWindows 18]
[17:47:51.15] /r giWindowId 23
[17:47:51.15] /r giWindowGeometry 1632x1020
[17:47:51.31] /m Information: 
[17:47:51.31] /o Checking "inverter/NAND2_tb/schematic"
[17:47:51.31] /o No rule violations found in "inverter/NAND2_tb/schematic"
[17:47:51.31] /m Information: Checking process is completed: marking the design violations
[17:47:51.31] /m Information: Marking of designs is completed
[17:47:52.12] /# gi::executeAction deSelectActive -in [gi::getWindows 23]
[17:47:52.12] /i de::deselectAll [db::getNext [de::getContexts -window 23]]
[17:47:52.12] /i de::select [de::getActiveFigure [gi::getWindows 23] -point {5.64375 2.64375} -index 0 -intent none]
[17:47:52.12] /o oa:0x2311d3d0
[17:47:53.87] /# gi::executeAction seDelete -in [gi::getWindows 23]
[17:47:53.87] /i ise::delete
[17:47:54.55] /# gi::executeAction deSelectActive -in [gi::getWindows 23]
[17:47:54.55] /i de::deselectAllLogic -context [db::getNext [de::getContexts -window 23]]
[17:47:54.76] /i gi::executeAction deCanvasDragCancel -in [gi::getWindows 23]
[17:47:55.93] /# gi::executeAction seCreateInst -in [gi::getWindows 23]
[17:47:55.93] /i ise::createInst
[17:47:55.96] /i gi::setActiveDialog [gi::getDialogs {seCreateInst} -parent [gi::getWindows 23]]
[17:47:56.27] /i db::setAttr geometry -of [gi::getDialogs {seCreateInst}] -value 359x337+0+65
[17:47:58.82] /i gi::setField {instMasterLib} -value {inverter} -in [gi::getDialogs {seCreateInst} -parent [gi::getWindows 23]]
[17:47:59.14] /i db::setAttr geometry -of [gi::getDialogs {seCreateInst}] -value 359x337+0+65
[17:48:01.04] /i gi::setField {instMasterCell} -value {NAND2_tb} -in [gi::getDialogs {seCreateInst} -parent [gi::getWindows 23]]
[17:48:01.36] /i db::setAttr geometry -of [gi::getDialogs {seCreateInst}] -value 359x337+0+65
[17:48:02.74] /i gi::setField {instMasterCell} -value {NAND2} -in [gi::getDialogs {seCreateInst} -parent [gi::getWindows 23]]
[17:48:03.05] /i db::setAttr geometry -of [gi::getDialogs {seCreateInst}] -value 359x337+0+65
[17:48:05.17] /# gi::executeAction deAddPoint -in [gi::getWindows 23]
[17:48:05.17] /i de::addPoint {5.34375 2.2375} -context [db::getNext [de::getContexts -window 23]]
[17:48:10.58] /# gi::executeAction deAddPoint -in [gi::getWindows 23]
[17:48:10.58] /i de::addPoint {1.725 0.9} -context [db::getNext [de::getContexts -window 23]]
[17:48:11.10] /# gi::executeAction deAbortCommand -in [gi::getWindows 23]
[17:48:11.10] /i de::abortCommand -context [db::getNext [de::getContexts -window 23]]
[17:48:12.67] /# gi::executeAction seSchCheckAndSave -in [gi::getWindows 23]
[17:48:12.67] /i ise::check
[17:48:12.67] /m Information: 
[17:48:12.67] /o Checking "inverter/NAND2_tb/schematic"
[17:48:12.67] /o 	[warning] Floating Input Instance Pins
[17:48:12.67] /o 		Input pin 'in1' of instance 'I9' is floating
[17:48:12.67] /o 		Input pin 'in2' of instance 'I9' is floating
[17:48:12.67] /o 	[warning] Floating Output Instance Pins
[17:48:12.67] /o 		Output pin 'Y' of instance 'I9' is floating
[17:48:12.68] /o 0 Error(s),3 Warning(s),0 Message(s) found   in "inverter/NAND2_tb/schematic"
[17:48:12.68] /m Information: Checking process is completed: marking the design violations
[17:48:12.69] /m Information: Marking of designs is completed
[17:48:12.69] /o true
[17:48:12.80] /# gi::executeAction seSchCheckAndSave -in [gi::getWindows 23]
[17:48:12.80] /i ise::check
[17:48:12.81] /m Information: 
[17:48:12.81] /o Checking "inverter/NAND2_tb/schematic"
[17:48:12.81] /o 	[warning] Floating Input Instance Pins
[17:48:12.81] /o 		Input pin 'in1' of instance 'I9' is floating
[17:48:12.81] /o 		Input pin 'in2' of instance 'I9' is floating
[17:48:12.81] /o 	[warning] Floating Output Instance Pins
[17:48:12.81] /o 		Output pin 'Y' of instance 'I9' is floating
[17:48:12.81] /o 0 Error(s),3 Warning(s),0 Message(s) found   in "inverter/NAND2_tb/schematic"
[17:48:12.81] /m Information: Checking process is completed: marking the design violations
[17:48:12.82] /m Information: Marking of designs is completed
[17:48:12.82] /o true
[17:48:12.93] /# gi::executeAction seSchCheckAndSave -in [gi::getWindows 23]
[17:48:12.93] /i ise::check
[17:48:12.93] /m Information: 
[17:48:12.93] /o Checking "inverter/NAND2_tb/schematic"
[17:48:12.93] /o 	[warning] Floating Input Instance Pins
[17:48:12.93] /o 		Input pin 'in1' of instance 'I9' is floating
[17:48:12.93] /o 		Input pin 'in2' of instance 'I9' is floating
[17:48:12.93] /o 	[warning] Floating Output Instance Pins
[17:48:12.93] /o 		Output pin 'Y' of instance 'I9' is floating
[17:48:12.93] /o 0 Error(s),3 Warning(s),0 Message(s) found   in "inverter/NAND2_tb/schematic"
[17:48:12.94] /m Information: Checking process is completed: marking the design violations
[17:48:12.94] /m Information: Marking of designs is completed
[17:48:12.94] /o true
[17:48:14.31] /# gi::executeAction seShowConsoleForWindow -in [gi::getWindows 23]
[17:48:14.31] /i sa::showConsole -context [db::getNext [de::getContexts -window 23]]
[17:48:14.35] /r giWindowId 24
[17:48:14.36] /r giWindowGeometry 600x500
[17:48:14.44] /o oa:0x26cd44c0
[17:48:14.48] /m Information: Launching Background sae_shell Server Process "cd /home/itsupport/Desktop/lab1vlsi && sae_shell -log sae_shell_session3_job1 -libDefFile /home/itsupport/Desktop/lab1vlsi/lib.defs"
[17:48:17.18] /m Information: Received ready-for-commands signal from background job 'sae_shell_session3_job1' after 3 seconds.
[17:48:17.94] /# gi::executeAction saLoadState -in [gi::getWindows 24]
[17:48:17.94] /i sa::showLoadState -parent 24
[17:48:18.13] /o oa:0x24919cd0
[17:48:18.20] /i gi::setActiveDialog [gi::getDialogs {saShowLoadState} -parent [gi::getWindows 24]]
[17:48:18.47] /i db::setAttr geometry -of [gi::getDialogs {saShowLoadState} -parent [gi::getWindows 24]] -value 603x720+778+424
[17:48:19.47] /i gi::pressButton {/apply} -in [gi::getDialogs {saShowLoadState} -parent [gi::getWindows 24]]
[17:48:19.88] /i gi::pressButton {/ok} -in [gi::getDialogs {saShowLoadState} -parent [gi::getWindows 24]]
[17:48:23.06] /i gi::executeAction menuPreShow -in [gi::getWindows 24]
[17:48:23.06] /r giMenuAccess db::getNext [gi::getMenus saResultsMenu -from [gi::getWindows 24]]
[17:48:23.16] /i gi::executeAction menuPreShow -in [gi::getWindows 24]
[17:48:23.16] /r giMenuAccess db::getNext [gi::getMenus saConsoleSimMenu -from [gi::getWindows 24]]
[17:48:23.80] /# gi::executeAction saNetlistAndRun -in [gi::getWindows 24]
[17:48:23.80] /i isa::netlistAndRun -testbench [sa::findActiveTestbench -window 24] -mode overwrite
[17:48:23.81] /r giWindowId 25
[17:48:23.82] /r giWindowGeometry 800x600
[17:48:23.89] /m Information: "Starting incremental netlisting for design "inverter/NAND2_tb/schematic"..." (NETLISTING-010)
[17:48:23.90] /o No Design Integrity rule violations found in "inverter/NAND2_tb/schematic"
[17:48:23.93] /m Information: "inverter NAND2_tb schematic" renetlisted. (NETLISTING-056)
[17:48:23.94] /m Information: "Netlisting design "inverter/NAND2_tb/schematic" finished successfully." (NETLISTING-012)
[17:48:23.95] /m Information: "Composing simulator input file for design "inverter/NAND2_tb/schematic"..."
[17:48:23.97] /m Information: "Simulator input file composed successfully for design "inverter/NAND2_tb/schematic""
[17:48:24.10] /m Information: "Starting HSPICE simulation for design: inverter/NAND2_tb/schematic"
[17:48:24.10] /# gi::collapse {jobMonitorTable} -index {0.0.0,0} -in [gi::getWindows 25]
[17:48:24.12] /o 1
[17:48:24.48] /m Information: "Simulation completed successfully for design: inverter/NAND2_tb/schematic "
[17:48:24.66] /m Information: Launching Background sae_shell Server Process "cd /home/itsupport/Desktop/lab1vlsi && sae_shell -log sae_shell_session3_job2 -libDefFile /home/itsupport/Desktop/lab1vlsi/lib.defs"
[17:48:24.67] /m Information: "Evaluating and plotting outputs..."
[17:48:24.68] /m Information: Started sharing "Custom WaveView" license. (WAVEFORM-110)
[17:48:24.69] /e Error: Evaluating 'v(/I0/in1)': Could not find equivalent nets for /I0/in1: Unable to push to I0 in /I0
[17:48:24.69] /e Error: Evaluating 'v(/I0/in2)': Could not find equivalent nets for /I0/in2: Unable to push to I0 in /I0
[17:48:24.69] /e Error: Evaluating 'v(/I0/Y)': Could not find equivalent nets for /I0/Y: Unable to push to I0 in /I0
[17:48:24.69] /w Warning: No data available to plot
[17:48:25.08] /m Information: Measurement calculations completed for testbench: HSPICE_default in 1s
[17:48:25.92] /i gi::setActiveDialog [gi::getDialogs {dbCellViewFromCellView}]
[17:48:27.18] /m Information: Received ready-for-commands signal from background job 'sae_shell_session3_job2' after 3 seconds.
[17:48:29.82] /i gi::closeWindows [gi::getDialogs {dbCellViewFromCellView}]
[17:48:32.01] /i gi::setActiveWindow 24
[17:48:32.01] /i gi::setActiveWindow 24 -raise true
[17:48:36.01] /i gi::executeAction menuPreShow -in [gi::getWindows 24]
[17:48:36.01] /r giMenuAccess db::getNext [gi::getMenus saConsoleSimMenu -from [gi::getWindows 24]]
[17:48:36.52] /# gi::executeAction saNetlistAndRun -in [gi::getWindows 24]
[17:48:36.52] /i isa::netlistAndRun -testbench [sa::findActiveTestbench -window 24] -mode overwrite
[17:48:36.56] /m Information: "Starting incremental netlisting for design "inverter/NAND2_tb/schematic"..." (NETLISTING-010)
[17:48:36.57] /o No Design Integrity rule violations found in "inverter/NAND2_tb/schematic"
[17:48:36.59] /m Information: "Netlisting design "inverter/NAND2_tb/schematic" finished successfully." (NETLISTING-012)
[17:48:36.59] /m Information: "Composing simulator input file for design "inverter/NAND2_tb/schematic"..."
[17:48:36.62] /m Information: "Simulator input file composed successfully for design "inverter/NAND2_tb/schematic""
[17:48:36.76] /m Information: "Starting HSPICE simulation for design: inverter/NAND2_tb/schematic"
[17:48:36.76] /# gi::collapse {jobMonitorTable} -index {0.0.0.1,0} -in [gi::getWindows 25]
[17:48:36.78] /o 1
[17:48:37.19] /m Information: "Simulation completed successfully for design: inverter/NAND2_tb/schematic "
[17:48:37.38] /m Information: "Evaluating and plotting outputs..."
[17:48:37.39] /e Error: Evaluating 'v(/I0/in1)': Could not find equivalent nets for /I0/in1: Unable to push to I0 in /I0
[17:48:37.39] /e Error: Evaluating 'v(/I0/in2)': Could not find equivalent nets for /I0/in2: Unable to push to I0 in /I0
[17:48:37.39] /e Error: Evaluating 'v(/I0/Y)': Could not find equivalent nets for /I0/Y: Unable to push to I0 in /I0
[17:48:37.40] /w Warning: No data available to plot
[17:48:37.68] /m Information: Measurement calculations completed for testbench: HSPICE_default in 0s
[17:48:39.08] /i gi::pressButton {ConsoleToggleButton} -in [db::getAttr statusbar -of [gi::getWindows 25]]
[17:48:42.61] /i gi::executeAction giCloseWindow -in [gi::getWindows 25]
[17:48:42.62] /i gi::setActiveWindow 24
[17:48:42.62] /i gi::setActiveWindow 24 -raise true
[17:48:43.38] /i gi::setActiveWindow 23
[17:48:43.38] /i gi::setActiveWindow 23 -raise true
[17:48:44.56] /i gi::setActiveWindow 24
[17:48:44.56] /i gi::setActiveWindow 24 -raise true
[17:48:46.10] /i gi::setCurrentIndex {outputsTable} -index {0,1} -in [gi::getWindows 24]
[17:48:46.10] /i gi::setItemSelection {outputsTable} -index {0,1} -in [gi::getWindows 24]
[17:48:46.10] /i gi::setItemSelection {outputsTable} -index {0,1} -in [gi::getWindows 24]
[17:48:47.15] /i gi::setField {outputsTable} -index {0,1} -value {} -in [gi::getWindows 24]
[17:48:47.15] /i gi::setCurrentIndex {outputsTable} -index {1,1} -in [gi::getWindows 24]
[17:48:47.15] /i gi::setItemSelection {outputsTable} -index {1,1} -in [gi::getWindows 24]
[17:48:47.15] /i gi::setItemSelection {outputsTable} -index {1,1} -in [gi::getWindows 24]
[17:48:47.38] /# gi::executeAction saDelete -in [gi::getWindows 24]
[17:48:47.38] /i sa::deleteSelected -window 24
[17:48:47.38] /# gi::setCurrentIndex {outputsTable} -index {0,0} -in [gi::getWindows 24]
[17:48:47.38] /# gi::setItemSelection {outputsTable} -index {0,0-20} -in [gi::getWindows 24]
[17:48:47.38] /# gi::setItemSelection {outputsTable} -index {0,0-20} -in [gi::getWindows 24]
[17:48:47.74] /i gi::setCurrentIndex {outputsTable} -index {0,1} -in [gi::getWindows 24]
[17:48:47.80] /i gi::setItemSelection {outputsTable} -index {0,1} -in [gi::getWindows 24]
[17:48:47.80] /i gi::setItemSelection {outputsTable} -index {0,1} -in [gi::getWindows 24]
[17:48:48.34] /i gi::setField {outputsTable} -index {0,1} -value {} -in [gi::getWindows 24]
[17:48:48.34] /i gi::setCurrentIndex {outputsTable} -index {1,1} -in [gi::getWindows 24]
[17:48:48.34] /i gi::setItemSelection {outputsTable} -index {} -in [gi::getWindows 24]
[17:48:48.34] /i gi::setItemSelection {outputsTable} -index {} -in [gi::getWindows 24]
[17:48:49.27] /i gi::executeAction menuPreShow -in [gi::getWindows 24]
[17:48:49.27] /r giMenuAccess db::getNext [gi::getMenus saConsoleSimMenu -from [gi::getWindows 24]]
[17:48:49.59] /i gi::executeAction menuPreShow -in [gi::getWindows 24]
[17:48:49.59] /r giMenuAccess db::getNext [gi::getMenus saResultsMenu -from [gi::getWindows 24]]
[17:48:50.18] /i gi::executeAction menuPreShow -in [gi::getWindows 24]
[17:48:50.18] /r giMenuAccess db::getNext [gi::getMenus saConsoleSimMenu -from [gi::getWindows 24]]
[17:48:50.37] /i gi::executeAction menuPreShow -in [gi::getWindows 24]
[17:48:50.37] /r giMenuAccess db::getNext [gi::getMenus saConsoleOutputsMenu -from [gi::getWindows 24]]
[17:48:51.31] /# gi::executeAction saSelectInDesign -in [gi::getWindows 24]
[17:48:51.31] /i sa::selectOutputs -window 24
[17:48:52.65] /# gi::executeAction deAddPoint -in [gi::getWindows 23]
[17:48:52.65] /i de::addPoint {3.41875 2.5125} -context [db::getNext [de::getContexts -window 23]]
[17:48:53.33] /# gi::executeAction deAddPoint -in [gi::getWindows 23]
[17:48:53.33] /i de::addPoint {3.44375 2.39375} -context [db::getNext [de::getContexts -window 23]]
[17:48:57.93] /# gi::executeAction deAddPoint -in [gi::getWindows 23]
[17:48:57.93] /i de::addPoint {6.85 2.3625} -context [db::getNext [de::getContexts -window 23]]
[17:49:00.95] /i gi::setActiveWindow 24
[17:49:00.96] /i gi::setActiveWindow 24 -raise true
[17:49:03.18] /i gi::executeAction menuPreShow -in [gi::getWindows 24]
[17:49:03.18] /r giMenuAccess db::getNext [gi::getMenus saConsoleSimMenu -from [gi::getWindows 24]]
[17:49:03.72] /# gi::executeAction saNetlistAndRun -in [gi::getWindows 24]
[17:49:03.72] /i isa::netlistAndRun -testbench [sa::findActiveTestbench -window 24] -mode overwrite
[17:49:03.73] /r giWindowId 26
[17:49:03.74] /r giWindowGeometry 800x600
[17:49:03.80] /m Information: "Starting incremental netlisting for design "inverter/NAND2_tb/schematic"..." (NETLISTING-010)
[17:49:03.81] /o No Design Integrity rule violations found in "inverter/NAND2_tb/schematic"
[17:49:03.83] /m Information: "Netlisting design "inverter/NAND2_tb/schematic" finished successfully." (NETLISTING-012)
[17:49:03.83] /m Information: "Composing simulator input file for design "inverter/NAND2_tb/schematic"..."
[17:49:03.86] /m Information: "Simulator input file composed successfully for design "inverter/NAND2_tb/schematic""
[17:49:04.03] /m Information: "Starting HSPICE simulation for design: inverter/NAND2_tb/schematic"
[17:49:04.03] /# gi::collapse {jobMonitorTable} -index {0.0.0.1,0} -in [gi::getWindows 26]
[17:49:04.04] /o 1
[17:49:04.39] /m Information: "Simulation completed successfully for design: inverter/NAND2_tb/schematic "
[17:49:04.57] /m Information: "Evaluating and plotting outputs..."
[17:49:04.59] /m Information: Launching Waveform Viewer "cd /home/itsupport/simulation/inverter,NAND2_tb,schematic/history_1/simulation/HSPICE_default/HSPICE/nominal/results &&  wv -k -cdesigner -spxkey /usr/synopsys/customcompiler/N-2017.12-SP1-2/auxx/waveform/sae.spxkey -spxrc /tmp/sae_spxrc_XFHe4r -unique_string 1b6b0f23e9fdaf0769aa7f613a217c24125e8d2b0833b894ed40d2f5efbf27a2fb0c0fc5bd6190668d321b50f14dadee5bb9c5db32dbe98b -lic_type 1    > /home/itsupport/simulation/inverter,NAND2_tb,schematic/history_1/simulation/HSPICE_default/HSPICE/nominal/results/viewer.log 2>&1"
[17:49:04.59] /i gi::collapse {jobMonitorTable} -index {0.0,0} -in [gi::getWindows 26]
[17:49:04.88] /m Information: Measurement calculations completed for testbench: HSPICE_default in 0s
[17:49:05.37] /j ::wf::WaveView::plotSuccess WaveView_8 {} {_68621d0_void_pp _68ac450_void_pp} 
[17:49:05.38] /j ::wf::WaveView::plotSuccess WaveView_8 {} {_68621d0_void_pp _68ac518_void_pp} 
[17:49:05.44] /j ::wf::WaveView::plotSuccess WaveView_8 {} {_68621d0_void_pp _68ac5e0_void_pp} 
[17:49:53.51] /i gi::setActiveWindow 24
[17:49:53.51] /i gi::setActiveWindow 24 -raise true
[17:49:54.73] /i gi::setCurrentIndex {variablesTable} -index {2,1} -in [gi::getWindows 24]
[17:49:54.73] /i gi::setItemSelection {variablesTable} -index {2,1} -in [gi::getWindows 24]
[17:49:56.76] /i gi::setField {variablesTable} -index {2,1} -value {0.4u} -in [gi::getWindows 24]
[17:49:56.76] /i gi::setField {variablesTable} -index {2,1} -value {0.4u} -in [gi::getWindows 24]
[17:49:57.59] /i gi::setActiveWindow 2
[17:49:57.59] /i gi::setActiveWindow 2 -raise true
[17:49:57.68] /i gi::setActiveWindow 24
[17:49:57.68] /i gi::setActiveWindow 24 -raise true
[17:49:57.75] /r giWindowId 27
[17:49:57.76] /r giWindowGeometry 1040x800
[17:49:57.84] /i gi::createFrame -window 2
[17:49:57.84] /i gi::setActiveWindow 27
[17:49:57.84] /i gi::setActiveWindow 27 -raise true
[17:49:58.17] /i db::setAttr geometry -of [gi::getFrames 5] -value 1910x1101+5+56
[17:50:00.28] /i gi::executeAction giCloseWindow -in [gi::getWindows 2]
[17:50:00.29] /i gi::setActiveWindow 27
[17:50:00.29] /i gi::setActiveWindow 27 -raise true
[17:50:02.12] /i gi::setActiveWindow 24
[17:50:02.12] /i gi::setActiveWindow 24 -raise true
[17:50:03.30] /i gi::executeAction menuPreShow -in [gi::getWindows 24]
[17:50:03.30] /r giMenuAccess db::getNext [gi::getMenus saConsoleSimMenu -from [gi::getWindows 24]]
[17:50:03.75] /# gi::executeAction saNetlistAndRun -in [gi::getWindows 24]
[17:50:03.75] /i isa::netlistAndRun -testbench [sa::findActiveTestbench -window 24] -mode overwrite
[17:50:03.80] /m Information: "Starting incremental netlisting for design "inverter/NAND2_tb/schematic"..." (NETLISTING-010)
[17:50:03.82] /o No Design Integrity rule violations found in "inverter/NAND2_tb/schematic"
[17:50:03.85] /m Information: "Netlisting design "inverter/NAND2_tb/schematic" finished successfully." (NETLISTING-012)
[17:50:03.85] /m Information: "Composing simulator input file for design "inverter/NAND2_tb/schematic"..."
[17:50:03.88] /m Information: "Simulator input file composed successfully for design "inverter/NAND2_tb/schematic""
[17:50:04.03] /m Information: "Starting HSPICE simulation for design: inverter/NAND2_tb/schematic"
[17:50:04.03] /# gi::collapse {jobMonitorTable} -index {0.0.0.1,0} -in [gi::getWindows 26]
[17:50:04.04] /o 1
[17:50:04.39] /m Information: "Simulation completed successfully for design: inverter/NAND2_tb/schematic "
[17:50:04.60] /m Information: "Evaluating and plotting outputs..."
[17:50:04.73] /j ::wf::WaveView::plotSuccess WaveView_8 {} {_6de3460_void_pp _68ac6a8_void_pp} 
[17:50:04.89] /j ::wf::WaveView::plotSuccess WaveView_8 {} {_6de3460_void_pp _68ac450_void_pp} 
[17:50:04.99] /m Information: Measurement calculations completed for testbench: HSPICE_default in 0s
[17:50:05.00] /j ::wf::WaveView::plotSuccess WaveView_8 {} {_6de3460_void_pp _68ac518_void_pp} 
[17:50:15.41] /i gi::setActiveWindow 24
[17:50:15.41] /i gi::setActiveWindow 24 -raise true
[17:50:19.89] /i gi::setField {variablesTable} -index {2,1} -value {0.7u} -in [gi::getWindows 24]
[17:50:19.89] /i gi::setField {variablesTable} -index {2,1} -value {0.7u} -in [gi::getWindows 24]
[17:50:21.16] /i gi::executeAction menuPreShow -in [gi::getWindows 24]
[17:50:21.16] /r giMenuAccess db::getNext [gi::getMenus saConsoleSimMenu -from [gi::getWindows 24]]
[17:50:21.79] /# gi::executeAction saNetlistAndRun -in [gi::getWindows 24]
[17:50:21.79] /i isa::netlistAndRun -testbench [sa::findActiveTestbench -window 24] -mode overwrite
[17:50:21.83] /m Information: "Starting incremental netlisting for design "inverter/NAND2_tb/schematic"..." (NETLISTING-010)
[17:50:21.85] /o No Design Integrity rule violations found in "inverter/NAND2_tb/schematic"
[17:50:21.87] /m Information: "Netlisting design "inverter/NAND2_tb/schematic" finished successfully." (NETLISTING-012)
[17:50:21.88] /m Information: "Composing simulator input file for design "inverter/NAND2_tb/schematic"..."
[17:50:21.90] /m Information: "Simulator input file composed successfully for design "inverter/NAND2_tb/schematic""
[17:50:22.05] /m Information: "Starting HSPICE simulation for design: inverter/NAND2_tb/schematic"
[17:50:22.05] /# gi::collapse {jobMonitorTable} -index {0.0.0.1,0} -in [gi::getWindows 26]
[17:50:22.06] /o 1
[17:50:22.38] /m Information: "Simulation completed successfully for design: inverter/NAND2_tb/schematic "
[17:50:22.60] /m Information: "Evaluating and plotting outputs..."
[17:50:22.73] /j ::wf::WaveView::plotSuccess WaveView_8 {} {_6871840_void_pp _68ac5e0_void_pp} 
[17:50:22.89] /j ::wf::WaveView::plotSuccess WaveView_8 {} {_6871840_void_pp _68ac6a8_void_pp} 
[17:50:22.90] /m Information: Measurement calculations completed for testbench: HSPICE_default in 0s
[17:50:22.99] /j ::wf::WaveView::plotSuccess WaveView_8 {} {_6871840_void_pp _68ac450_void_pp} 
[17:51:37.00] /i gi::executeAction giCloseWindow -in [gi::getWindows 26]
[17:51:37.02] /i gi::setActiveWindow 24
[17:51:37.02] /i gi::setActiveWindow 24 -raise true
[17:51:37.99] /i gi::setCurrentIndex {variablesTable} -index {3,1} -in [gi::getWindows 24]
[17:51:37.99] /i gi::setItemSelection {variablesTable} -index {3,1} -in [gi::getWindows 24]
[17:51:38.48] /i gi::setField {variablesTable} -index {3,1} -value {0.1u} -in [gi::getWindows 24]
[17:51:38.48] /i gi::setCurrentIndex {variablesTable} -index {2,1} -in [gi::getWindows 24]
[17:51:38.48] /i gi::setItemSelection {variablesTable} -index {2,1} -in [gi::getWindows 24]
[17:51:40.69] /i gi::setField {variablesTable} -index {2,1} -value {0.8u} -in [gi::getWindows 24]
[17:51:40.69] /i gi::setField {variablesTable} -index {2,1} -value {0.8u} -in [gi::getWindows 24]
[17:51:41.82] /i gi::executeAction menuPreShow -in [gi::getWindows 24]
[17:51:41.82] /r giMenuAccess db::getNext [gi::getMenus saConsoleSimMenu -from [gi::getWindows 24]]
[17:51:42.30] /# gi::executeAction saRun -in [gi::getWindows 24]
[17:51:42.30] /i isa::run -testbench [sa::findActiveTestbench -window 24] -mode overwrite
[17:51:42.36] /r giWindowId 28
[17:51:42.37] /r giWindowGeometry 800x600
[17:51:42.47] /m Information: "Composing simulator input file for design "inverter/NAND2_tb/schematic"..."
[17:51:42.50] /m Information: "Simulator input file composed successfully for design "inverter/NAND2_tb/schematic""
[17:51:42.60] /m Information: "Starting HSPICE simulation for design: inverter/NAND2_tb/schematic"
[17:51:42.60] /# gi::collapse {jobMonitorTable} -index {0.0.0.1,0} -in [gi::getWindows 28]
[17:51:42.62] /o 1
[17:51:42.99] /m Information: "Simulation completed successfully for design: inverter/NAND2_tb/schematic "
[17:51:43.22] /m Information: "Evaluating and plotting outputs..."
[17:51:43.36] /j ::wf::WaveView::plotSuccess WaveView_8 {} {_6dd9790_void_pp _68ac518_void_pp} 
[17:51:43.52] /j ::wf::WaveView::plotSuccess WaveView_8 {} {_6dd9790_void_pp _68ac5e0_void_pp} 
[17:51:43.65] /m Information: Measurement calculations completed for testbench: HSPICE_default in 0s
[17:51:43.66] /j ::wf::WaveView::plotSuccess WaveView_8 {} {_6dd9790_void_pp _68ac6a8_void_pp} 
[17:51:43.94] /i gi::setActiveWindow 24
[17:51:43.94] /i gi::setActiveWindow 24 -raise true
[17:51:44.50] /i gi::executeAction menuPreShow -in [gi::getWindows 24]
[17:51:44.50] /r giMenuAccess db::getNext [gi::getMenus saConsoleSimMenu -from [gi::getWindows 24]]
[17:51:45.04] /# gi::executeAction saNetlistAndRun -in [gi::getWindows 24]
[17:51:45.04] /i isa::netlistAndRun -testbench [sa::findActiveTestbench -window 24] -mode overwrite
[17:51:45.12] /m Information: "Starting incremental netlisting for design "inverter/NAND2_tb/schematic"..." (NETLISTING-010)
[17:51:45.13] /o No Design Integrity rule violations found in "inverter/NAND2_tb/schematic"
[17:51:45.16] /m Information: "Netlisting design "inverter/NAND2_tb/schematic" finished successfully." (NETLISTING-012)
[17:51:45.17] /m Information: "Composing simulator input file for design "inverter/NAND2_tb/schematic"..."
[17:51:45.19] /m Information: "Simulator input file composed successfully for design "inverter/NAND2_tb/schematic""
[17:51:45.36] /m Information: "Starting HSPICE simulation for design: inverter/NAND2_tb/schematic"
[17:51:45.36] /# gi::collapse {jobMonitorTable} -index {0.0.0.1,0} -in [gi::getWindows 28]
[17:51:45.38] /o 1
[17:51:45.79] /m Information: "Simulation completed successfully for design: inverter/NAND2_tb/schematic "
[17:51:46.00] /m Information: "Evaluating and plotting outputs..."
[17:51:46.20] /j ::wf::WaveView::plotSuccess WaveView_8 {} {_68d68b0_void_pp _68ac450_void_pp} 
[17:51:46.38] /j ::wf::WaveView::plotSuccess WaveView_8 {} {_68d68b0_void_pp _68ac518_void_pp} 
[17:51:46.39] /m Information: Measurement calculations completed for testbench: HSPICE_default in 0s
[17:51:46.56] /j ::wf::WaveView::plotSuccess WaveView_8 {} {_68d68b0_void_pp _68ac5e0_void_pp} 
[17:52:02.03] /i gi::setActiveWindow 24
[17:52:02.04] /i gi::setActiveWindow 24 -raise true
[17:52:03.01] /i gi::setActiveWindow 28
[17:52:03.01] /i gi::setActiveWindow 28 -raise true
[17:52:03.07] /i gi::setActiveWindow 24
[17:52:03.07] /i gi::setActiveWindow 24 -raise true
[17:52:03.11] /i gi::addWindow 28 -to 1 -side top
[17:52:03.13] /i gi::setActiveWindow 28
[17:52:03.13] /i gi::setActiveWindow 28 -raise true
[17:52:21.45] /i gi::setActiveWindow 24
[17:52:21.45] /i gi::setActiveWindow 24 -raise true
[17:52:22.05] /i gi::setCurrentIndex {variablesTable} -index {1,1} -in [gi::getWindows 24]
[17:52:22.05] /i gi::setItemSelection {variablesTable} -index {1,1} -in [gi::getWindows 24]
[17:52:24.56] /i gi::setField {variablesTable} -index {1,1} -value {0.7u} -in [gi::getWindows 24]
[17:52:24.56] /i gi::setField {variablesTable} -index {1,1} -value {0.7u} -in [gi::getWindows 24]
[17:52:25.66] /i gi::executeAction menuPreShow -in [gi::getWindows 24]
[17:52:25.66] /r giMenuAccess db::getNext [gi::getMenus saConsoleSimMenu -from [gi::getWindows 24]]
[17:52:26.14] /# gi::executeAction saNetlistAndRun -in [gi::getWindows 24]
[17:52:26.14] /i isa::netlistAndRun -testbench [sa::findActiveTestbench -window 24] -mode overwrite
[17:52:26.19] /m Information: "Starting incremental netlisting for design "inverter/NAND2_tb/schematic"..." (NETLISTING-010)
[17:52:26.20] /o No Design Integrity rule violations found in "inverter/NAND2_tb/schematic"
[17:52:26.22] /m Information: "Netlisting design "inverter/NAND2_tb/schematic" finished successfully." (NETLISTING-012)
[17:52:26.22] /m Information: "Composing simulator input file for design "inverter/NAND2_tb/schematic"..."
[17:52:26.25] /m Information: "Simulator input file composed successfully for design "inverter/NAND2_tb/schematic""
[17:52:26.39] /m Information: "Starting HSPICE simulation for design: inverter/NAND2_tb/schematic"
[17:52:26.39] /# gi::collapse {jobMonitorTable} -index {0.0.0.1,0} -in [gi::getWindows 28]
[17:52:26.41] /o 1
[17:52:26.68] /m Information: "Simulation completed successfully for design: inverter/NAND2_tb/schematic "
[17:52:26.90] /m Information: "Evaluating and plotting outputs..."
[17:52:27.01] /j ::wf::WaveView::plotSuccess WaveView_8 {} {_6de3460_void_pp _68ac6a8_void_pp} 
[17:52:27.15] /j ::wf::WaveView::plotSuccess WaveView_8 {} {_6de3460_void_pp _68ac450_void_pp} 
[17:52:27.25] /j ::wf::WaveView::plotSuccess WaveView_8 {} {_6de3460_void_pp _68ac518_void_pp} 
[17:52:27.29] /m Information: Measurement calculations completed for testbench: HSPICE_default in 0s
[17:54:55.14] /i gi::setActiveWindow 24
[17:54:55.14] /i gi::setActiveWindow 24 -raise true
[17:54:55.66] /i gi::executeAction menuPreShow -in [gi::getWindows 24]
[17:54:55.66] /r giMenuAccess db::getNext [gi::getMenus saHelpMenu -from [gi::getWindows 24]]
[17:54:56.89] /i gi::setActiveWindow 23
[17:54:56.89] /i gi::setActiveWindow 23 -raise true
[17:54:59.12] /# gi::executeAction deSelectActive -in [gi::getWindows 23]
[17:54:59.12] /i de::deselectAll [db::getNext [de::getContexts -window 23]]
[17:54:59.12] /i de::select [de::getActiveFigure [gi::getWindows 23] -point {3.425 1.25} -index 0 -intent none]
[17:54:59.12] /o oa:0x25424bd0
[17:55:04.78] /# gi::executeAction deSelectActive -in [gi::getWindows 23]
[17:55:04.78] /i de::deselectAll [db::getNext [de::getContexts -window 23]]
[17:55:04.78] /i de::select [de::getActiveFigure [gi::getWindows 23] -point {3.18125 1.225} -index 0 -intent none]
[17:55:04.78] /o oa:0x26be92c0
[17:55:06.73] /i gi::setItemSelection {parameters} -index {per,all} -in [gi::getAssistants dePropertyEditor -from [gi::getWindows 23]]
[17:55:06.73] /i gi::setCurrentIndex {parameters} -index {per,Value} -in [gi::getAssistants dePropertyEditor -from [gi::getWindows 23]]
[17:55:08.09] /i gi::setField {parameters} -value {2n} -index {per,Value} -in [gi::getAssistants dePropertyEditor -from [gi::getWindows 23]]
[17:55:08.09] /i gi::executeAction dePropertyEditorApplyChanges -in [gi::getAssistants dePropertyEditor -from [gi::getWindows 23]]
[17:55:09.39] /i gi::setActiveWindow 24
[17:55:09.39] /i gi::setActiveWindow 24 -raise true
[17:55:10.64] /i gi::executeAction menuPreShow -in [gi::getWindows 24]
[17:55:10.64] /r giMenuAccess db::getNext [gi::getMenus saConsoleSimMenu -from [gi::getWindows 24]]
[17:55:11.18] /# gi::executeAction saNetlistAndRun -in [gi::getWindows 24]
[17:55:11.18] /i isa::netlistAndRun -testbench [sa::findActiveTestbench -window 24] -mode overwrite
[17:55:11.25] /r giDialog gi::setActiveDialog [gi::getDialogs {xtShowDesignsPrompt}]
[17:55:11.25] /r giDialog gi::setCurrentIndex {target} -index {0,0} -in [gi::getDialogs {xtShowDesignsPrompt}]
[17:55:11.49] /r giDialog db::setAttr geometry -of [gi::getDialogs {xtShowDesignsPrompt}] -value 649x290+626+410
[17:55:12.02] /r giDialog gi::pressButton {ok} -in [gi::getDialogs {xtShowDesignsPrompt}]
[17:55:12.05] /m Information: 
[17:55:12.05] /o Checking "inverter/NAND2_tb/schematic"
[17:55:12.05] /o 	[warning] Floating Input Instance Pins
[17:55:12.05] /o 		Input pin 'in1' of instance 'I9' is floating
[17:55:12.05] /o 		Input pin 'in2' of instance 'I9' is floating
[17:55:12.05] /o 	[warning] Floating Output Instance Pins
[17:55:12.05] /o 		Output pin 'Y' of instance 'I9' is floating
[17:55:12.05] /o 0 Error(s),3 Warning(s),0 Message(s) found   in "inverter/NAND2_tb/schematic"
[17:55:12.05] /o No Design Integrity rule violations found in "inverter/NAND2_tb/schematic"
[17:55:12.05] /m Information: Checking process is completed: marking the design violations
[17:55:12.05] /m Information: Marking of designs is completed
[17:55:12.15] /m Information: "Starting incremental netlisting for design "inverter/NAND2_tb/schematic"..." (NETLISTING-010)
[17:55:12.16] /o No Design Integrity rule violations found in "inverter/NAND2_tb/schematic"
[17:55:12.19] /m Information: "inverter NAND2_tb schematic" renetlisted. (NETLISTING-056)
[17:55:12.19] /m Information: "Netlisting design "inverter/NAND2_tb/schematic" finished successfully." (NETLISTING-012)
[17:55:12.20] /m Information: "Composing simulator input file for design "inverter/NAND2_tb/schematic"..."
[17:55:12.23] /m Information: "Simulator input file composed successfully for design "inverter/NAND2_tb/schematic""
[17:55:12.40] /m Information: "Starting HSPICE simulation for design: inverter/NAND2_tb/schematic"
[17:55:12.40] /# gi::collapse {jobMonitorTable} -index {0.0.0.1,0} -in [gi::getWindows 28]
[17:55:12.41] /o 1
[17:55:12.78] /m Information: "Simulation completed successfully for design: inverter/NAND2_tb/schematic "
[17:55:12.99] /m Information: "Evaluating and plotting outputs..."
[17:55:13.14] /j ::wf::WaveView::plotSuccess WaveView_8 {} {_68d68b0_void_pp _68ac5e0_void_pp} 
[17:55:13.31] /j ::wf::WaveView::plotSuccess WaveView_8 {} {_68d68b0_void_pp _68ac6a8_void_pp} 
[17:55:13.38] /m Information: Measurement calculations completed for testbench: HSPICE_default in 0s
[17:55:13.46] /j ::wf::WaveView::plotSuccess WaveView_8 {} {_68d68b0_void_pp _68ac450_void_pp} 
[17:55:35.72] /i gi::setActiveWindow 24
[17:55:35.73] /i gi::setActiveWindow 24 -raise true
[17:55:36.85] /i gi::setActiveWindow 23
[17:55:36.85] /i gi::setActiveWindow 23 -raise true
[17:55:38.79] /i gi::setItemSelection {parameters} -index {per,all} -in [gi::getAssistants dePropertyEditor -from [gi::getWindows 23]]
[17:55:38.79] /i gi::setCurrentIndex {parameters} -index {per,Value} -in [gi::getAssistants dePropertyEditor -from [gi::getWindows 23]]
[17:55:40.45] /i gi::setField {parameters} -value {4n} -index {per,Value} -in [gi::getAssistants dePropertyEditor -from [gi::getWindows 23]]
[17:55:40.45] /i gi::executeAction dePropertyEditorApplyChanges -in [gi::getAssistants dePropertyEditor -from [gi::getWindows 23]]
[17:55:44.60] /# gi::executeAction deSelectActive -in [gi::getWindows 23]
[17:55:44.60] /i de::deselectAll [db::getNext [de::getContexts -window 23]]
[17:55:44.60] /i de::select [de::getActiveFigure [gi::getWindows 23] -point {2.7125 2.15} -index 0 -intent none]
[17:55:44.60] /o oa:0x269c4570
[17:55:47.73] /i gi::setItemSelection {parameters} -index {tr,all} -in [gi::getAssistants dePropertyEditor -from [gi::getWindows 23]]
[17:55:47.73] /i gi::setCurrentIndex {parameters} -index {tr,Value} -in [gi::getAssistants dePropertyEditor -from [gi::getWindows 23]]
[17:55:49.35] /i gi::setField {parameters} -value {0.1p} -index {tr,Value} -in [gi::getAssistants dePropertyEditor -from [gi::getWindows 23]]
[17:55:49.35] /i gi::executeAction dePropertyEditorApplyChanges -in [gi::getAssistants dePropertyEditor -from [gi::getWindows 23]]
[17:55:50.46] /i gi::setItemSelection {parameters} -index {tf,all} -in [gi::getAssistants dePropertyEditor -from [gi::getWindows 23]]
[17:55:50.46] /i gi::setCurrentIndex {parameters} -index {tf,Value} -in [gi::getAssistants dePropertyEditor -from [gi::getWindows 23]]
[17:55:51.51] /i gi::setField {parameters} -value {0.1p} -index {tf,Value} -in [gi::getAssistants dePropertyEditor -from [gi::getWindows 23]]
[17:55:51.51] /i gi::executeAction dePropertyEditorApplyChanges -in [gi::getAssistants dePropertyEditor -from [gi::getWindows 23]]
[17:55:53.14] /# gi::executeAction deSelectActive -in [gi::getWindows 23]
[17:55:53.14] /i de::deselectAll [db::getNext [de::getContexts -window 23]]
[17:55:53.14] /i de::select [de::getActiveFigure [gi::getWindows 23] -point {3.15625 1.2875} -index 0 -intent none]
[17:55:53.14] /o oa:0x1f42aa70
[17:55:53.78] /i gi::setItemSelection {parameters} -index {tr,all} -in [gi::getAssistants dePropertyEditor -from [gi::getWindows 23]]
[17:55:53.78] /i gi::setCurrentIndex {parameters} -index {tr,Value} -in [gi::getAssistants dePropertyEditor -from [gi::getWindows 23]]
[17:55:54.79] /i gi::setField {parameters} -value {0.1p} -index {tr,Value} -in [gi::getAssistants dePropertyEditor -from [gi::getWindows 23]]
[17:55:54.79] /i gi::executeAction dePropertyEditorApplyChanges -in [gi::getAssistants dePropertyEditor -from [gi::getWindows 23]]
[17:55:56.08] /i gi::setItemSelection {parameters} -index {tf,all} -in [gi::getAssistants dePropertyEditor -from [gi::getWindows 23]]
[17:55:56.08] /i gi::setCurrentIndex {parameters} -index {tf,Value} -in [gi::getAssistants dePropertyEditor -from [gi::getWindows 23]]
[17:55:57.59] /i gi::setField {parameters} -value {0.1p} -index {tf,Value} -in [gi::getAssistants dePropertyEditor -from [gi::getWindows 23]]
[17:55:57.59] /i gi::executeAction dePropertyEditorApplyChanges -in [gi::getAssistants dePropertyEditor -from [gi::getWindows 23]]
[17:55:58.94] /i gi::setActiveWindow 24
[17:55:58.94] /i gi::setActiveWindow 24 -raise true
[17:55:59.88] /i gi::setActiveWindow 28
[17:55:59.88] /i gi::setActiveWindow 28 -raise true
[17:56:00.30] /i gi::setActiveWindow 24
[17:56:00.30] /i gi::setActiveWindow 24 -raise true
[17:56:00.94] /i gi::executeAction menuPreShow -in [gi::getWindows 24]
[17:56:00.94] /r giMenuAccess db::getNext [gi::getMenus saConsoleSimMenu -from [gi::getWindows 24]]
[17:56:01.52] /# gi::executeAction saNetlistAndRun -in [gi::getWindows 24]
[17:56:01.52] /i isa::netlistAndRun -testbench [sa::findActiveTestbench -window 24] -mode overwrite
[17:56:01.59] /r giDialog gi::setActiveDialog [gi::getDialogs {xtShowDesignsPrompt}]
[17:56:01.59] /r giDialog gi::setCurrentIndex {target} -index {0,0} -in [gi::getDialogs {xtShowDesignsPrompt}]
[17:56:01.86] /r giDialog db::setAttr geometry -of [gi::getDialogs {xtShowDesignsPrompt}] -value 649x290+626+410
[17:56:02.69] /r giDialog gi::pressButton {ok} -in [gi::getDialogs {xtShowDesignsPrompt}]
[17:56:02.72] /m Information: 
[17:56:02.72] /o Checking "inverter/NAND2_tb/schematic"
[17:56:02.72] /o 	[warning] Floating Input Instance Pins
[17:56:02.72] /o 		Input pin 'in1' of instance 'I9' is floating
[17:56:02.72] /o 		Input pin 'in2' of instance 'I9' is floating
[17:56:02.72] /o 	[warning] Floating Output Instance Pins
[17:56:02.72] /o 		Output pin 'Y' of instance 'I9' is floating
[17:56:02.72] /o 0 Error(s),3 Warning(s),0 Message(s) found   in "inverter/NAND2_tb/schematic"
[17:56:02.72] /o No Design Integrity rule violations found in "inverter/NAND2_tb/schematic"
[17:56:02.72] /m Information: Checking process is completed: marking the design violations
[17:56:02.72] /m Information: Marking of designs is completed
[17:56:02.82] /m Information: "Starting incremental netlisting for design "inverter/NAND2_tb/schematic"..." (NETLISTING-010)
[17:56:02.84] /o No Design Integrity rule violations found in "inverter/NAND2_tb/schematic"
[17:56:02.86] /m Information: "inverter NAND2_tb schematic" renetlisted. (NETLISTING-056)
[17:56:02.86] /m Information: "Netlisting design "inverter/NAND2_tb/schematic" finished successfully." (NETLISTING-012)
[17:56:02.87] /m Information: "Composing simulator input file for design "inverter/NAND2_tb/schematic"..."
[17:56:02.89] /m Information: "Simulator input file composed successfully for design "inverter/NAND2_tb/schematic""
[17:56:03.05] /m Information: "Starting HSPICE simulation for design: inverter/NAND2_tb/schematic"
[17:56:03.05] /# gi::collapse {jobMonitorTable} -index {0.0.0.1,0} -in [gi::getWindows 28]
[17:56:03.06] /o 1
[17:56:03.39] /m Information: "Simulation completed successfully for design: inverter/NAND2_tb/schematic "
[17:56:03.60] /m Information: "Evaluating and plotting outputs..."
[17:56:03.77] /j ::wf::WaveView::plotSuccess WaveView_8 {} {_6df3b90_void_pp _68ac518_void_pp} 
[17:56:03.98] /j ::wf::WaveView::plotSuccess WaveView_8 {} {_6df3b90_void_pp _68ac5e0_void_pp} 
[17:56:04.09] /m Information: Measurement calculations completed for testbench: HSPICE_default in 0s
[17:56:04.12] /j ::wf::WaveView::plotSuccess WaveView_8 {} {_6df3b90_void_pp _68ac6a8_void_pp} 
[17:58:53.77] /i gi::setActiveWindow 23
[17:58:53.77] /i gi::setActiveWindow 23 -raise true
[18:00:23.30] /# gi::executeAction deSelectActive -in [gi::getWindows 23]
[18:00:23.30] /i de::deselectAll [db::getNext [de::getContexts -window 23]]
[18:00:23.30] /i de::deselectAllLogic -context [db::getNext [de::getContexts -window 23]]
[18:00:25.72] /i gi::setActiveWindow 24
[18:00:25.72] /i gi::setActiveWindow 24 -raise true
[18:00:26.51] /i gi::executeAction menuPreShow -in [gi::getWindows 24]
[18:00:26.51] /r giMenuAccess db::getNext [gi::getMenus saConsoleSimMenu -from [gi::getWindows 24]]
[18:00:26.97] /# gi::executeAction saNetlistAndRun -in [gi::getWindows 24]
[18:00:26.97] /i isa::netlistAndRun -testbench [sa::findActiveTestbench -window 24] -mode overwrite
[18:00:27.05] /m Information: "Starting incremental netlisting for design "inverter/NAND2_tb/schematic"..." (NETLISTING-010)
[18:00:27.06] /o No Design Integrity rule violations found in "inverter/NAND2_tb/schematic"
[18:00:27.09] /m Information: "Netlisting design "inverter/NAND2_tb/schematic" finished successfully." (NETLISTING-012)
[18:00:27.09] /m Information: "Composing simulator input file for design "inverter/NAND2_tb/schematic"..."
[18:00:27.12] /m Information: "Simulator input file composed successfully for design "inverter/NAND2_tb/schematic""
[18:00:27.29] /m Information: "Starting HSPICE simulation for design: inverter/NAND2_tb/schematic"
[18:00:27.29] /# gi::collapse {jobMonitorTable} -index {0.0.0.1,0} -in [gi::getWindows 28]
[18:00:27.31] /o 1
[18:00:27.69] /m Information: "Simulation completed successfully for design: inverter/NAND2_tb/schematic "
[18:00:27.90] /m Information: "Evaluating and plotting outputs..."
[18:00:28.03] /j ::wf::WaveView::plotSuccess WaveView_8 {} {_6871840_void_pp _68ac450_void_pp} 
[18:00:28.21] /j ::wf::WaveView::plotSuccess WaveView_8 {} {_6871840_void_pp _68ac518_void_pp} 
[18:00:28.29] /m Information: Measurement calculations completed for testbench: HSPICE_default in 0s
[18:00:28.37] /j ::wf::WaveView::plotSuccess WaveView_8 {} {_6871840_void_pp _68ac5e0_void_pp} 
[18:00:32.38] /i gi::setActiveWindow 24
[18:00:32.38] /i gi::setActiveWindow 24 -raise true
[18:00:35.75] /i gi::setField {variablesTable} -index {1,1} -value {0.8u} -in [gi::getWindows 24]
[18:00:35.75] /i gi::setField {variablesTable} -index {1,1} -value {0.8u} -in [gi::getWindows 24]
[18:00:36.88] /i gi::executeAction menuPreShow -in [gi::getWindows 24]
[18:00:36.88] /r giMenuAccess db::getNext [gi::getMenus saConsoleSimMenu -from [gi::getWindows 24]]
[18:00:37.33] /# gi::executeAction saNetlistAndRun -in [gi::getWindows 24]
[18:00:37.33] /i isa::netlistAndRun -testbench [sa::findActiveTestbench -window 24] -mode overwrite
[18:00:37.42] /m Information: "Starting incremental netlisting for design "inverter/NAND2_tb/schematic"..." (NETLISTING-010)
[18:00:37.43] /o No Design Integrity rule violations found in "inverter/NAND2_tb/schematic"
[18:00:37.45] /m Information: "Netlisting design "inverter/NAND2_tb/schematic" finished successfully." (NETLISTING-012)
[18:00:37.46] /m Information: "Composing simulator input file for design "inverter/NAND2_tb/schematic"..."
[18:00:37.49] /m Information: "Simulator input file composed successfully for design "inverter/NAND2_tb/schematic""
[18:00:37.66] /m Information: "Starting HSPICE simulation for design: inverter/NAND2_tb/schematic"
[18:00:37.66] /# gi::collapse {jobMonitorTable} -index {0.0.0.1,0} -in [gi::getWindows 28]
[18:00:37.68] /o 1
[18:00:37.99] /m Information: "Simulation completed successfully for design: inverter/NAND2_tb/schematic "
[18:00:38.20] /m Information: "Evaluating and plotting outputs..."
[18:00:38.32] /j ::wf::WaveView::plotSuccess WaveView_8 {} {_68b60f0_void_pp _68ac6a8_void_pp} 
[18:00:38.45] /j ::wf::WaveView::plotSuccess WaveView_8 {} {_68b60f0_void_pp _68ac450_void_pp} 
[18:00:38.49] /m Information: Measurement calculations completed for testbench: HSPICE_default in 0s
[18:00:38.58] /j ::wf::WaveView::plotSuccess WaveView_8 {} {_68b60f0_void_pp _68ac518_void_pp} 
[18:00:41.67] /i gi::setActiveWindow 24
[18:00:41.67] /i gi::setActiveWindow 24 -raise true
[18:00:42.19] /i gi::setCurrentIndex {variablesTable} -index {3,1} -in [gi::getWindows 24]
[18:00:42.19] /i gi::setItemSelection {variablesTable} -index {3,1} -in [gi::getWindows 24]
[18:00:42.54] /i gi::setField {variablesTable} -index {3,1} -value {0.1u} -in [gi::getWindows 24]
[18:00:42.54] /i gi::setCurrentIndex {variablesTable} -index {2,1} -in [gi::getWindows 24]
[18:00:42.54] /i gi::setItemSelection {variablesTable} -index {2,1} -in [gi::getWindows 24]
[18:00:47.22] /i gi::setField {variablesTable} -index {2,1} -value {0.6u} -in [gi::getWindows 24]
[18:00:47.22] /i gi::setField {variablesTable} -index {2,1} -value {0.6u} -in [gi::getWindows 24]
[18:00:48.28] /i gi::executeAction menuPreShow -in [gi::getWindows 24]
[18:00:48.28] /r giMenuAccess db::getNext [gi::getMenus saConsoleOutputsMenu -from [gi::getWindows 24]]
[18:00:48.44] /i gi::executeAction menuPreShow -in [gi::getWindows 24]
[18:00:48.44] /r giMenuAccess db::getNext [gi::getMenus saConsoleSimMenu -from [gi::getWindows 24]]
[18:00:49.07] /# gi::executeAction saNetlistAndRun -in [gi::getWindows 24]
[18:00:49.07] /i isa::netlistAndRun -testbench [sa::findActiveTestbench -window 24] -mode overwrite
[18:00:49.16] /m Information: "Starting incremental netlisting for design "inverter/NAND2_tb/schematic"..." (NETLISTING-010)
[18:00:49.17] /o No Design Integrity rule violations found in "inverter/NAND2_tb/schematic"
[18:00:49.20] /m Information: "Netlisting design "inverter/NAND2_tb/schematic" finished successfully." (NETLISTING-012)
[18:00:49.20] /m Information: "Composing simulator input file for design "inverter/NAND2_tb/schematic"..."
[18:00:49.23] /m Information: "Simulator input file composed successfully for design "inverter/NAND2_tb/schematic""
[18:00:49.37] /m Information: "Starting HSPICE simulation for design: inverter/NAND2_tb/schematic"
[18:00:49.38] /# gi::collapse {jobMonitorTable} -index {0.0.0.1,0} -in [gi::getWindows 28]
[18:00:49.39] /o 1
[18:00:49.69] /m Information: "Simulation completed successfully for design: inverter/NAND2_tb/schematic "
[18:00:49.90] /m Information: "Evaluating and plotting outputs..."
[18:00:50.04] /j ::wf::WaveView::plotSuccess WaveView_8 {} {_6deff30_void_pp _68ac5e0_void_pp} 
[18:00:50.18] /j ::wf::WaveView::plotSuccess WaveView_8 {} {_6deff30_void_pp _68ac6a8_void_pp} 
[18:00:50.29] /m Information: Measurement calculations completed for testbench: HSPICE_default in 0s
[18:00:50.30] /j ::wf::WaveView::plotSuccess WaveView_8 {} {_6deff30_void_pp _68ac450_void_pp} 
[18:00:53.00] /i gi::setActiveWindow 24
[18:00:53.00] /i gi::setActiveWindow 24 -raise true
[18:00:53.72] /i gi::setCurrentIndex {variablesTable} -index {3,1} -in [gi::getWindows 24]
[18:00:53.72] /i gi::setItemSelection {variablesTable} -index {3,1} -in [gi::getWindows 24]
[18:00:54.12] /i gi::setField {variablesTable} -index {3,1} -value {0.1u} -in [gi::getWindows 24]
[18:00:54.12] /i gi::setCurrentIndex {variablesTable} -index {2,1} -in [gi::getWindows 24]
[18:00:54.12] /i gi::setItemSelection {variablesTable} -index {2,1} -in [gi::getWindows 24]
[18:00:56.89] /i gi::setField {variablesTable} -index {2,1} -value {0.4u} -in [gi::getWindows 24]
[18:00:56.89] /i gi::setField {variablesTable} -index {2,1} -value {0.4u} -in [gi::getWindows 24]
[18:00:57.76] /i gi::executeAction menuPreShow -in [gi::getWindows 24]
[18:00:57.76] /r giMenuAccess db::getNext [gi::getMenus saConsoleSimMenu -from [gi::getWindows 24]]
[18:00:58.19] /# gi::executeAction saNetlistAndRun -in [gi::getWindows 24]
[18:00:58.19] /i isa::netlistAndRun -testbench [sa::findActiveTestbench -window 24] -mode overwrite
[18:00:58.26] /m Information: "Starting incremental netlisting for design "inverter/NAND2_tb/schematic"..." (NETLISTING-010)
[18:00:58.27] /o No Design Integrity rule violations found in "inverter/NAND2_tb/schematic"
[18:00:58.30] /m Information: "Netlisting design "inverter/NAND2_tb/schematic" finished successfully." (NETLISTING-012)
[18:00:58.30] /m Information: "Composing simulator input file for design "inverter/NAND2_tb/schematic"..."
[18:00:58.33] /m Information: "Simulator input file composed successfully for design "inverter/NAND2_tb/schematic""
[18:00:58.49] /m Information: "Starting HSPICE simulation for design: inverter/NAND2_tb/schematic"
[18:00:58.49] /# gi::collapse {jobMonitorTable} -index {0.0.0.1,0} -in [gi::getWindows 28]
[18:00:58.50] /o 1
[18:00:58.79] /m Information: "Simulation completed successfully for design: inverter/NAND2_tb/schematic "
[18:00:58.98] /m Information: "Evaluating and plotting outputs..."
[18:00:59.13] /j ::wf::WaveView::plotSuccess WaveView_8 {} {_6df3b90_void_pp _68ac518_void_pp} 
[18:00:59.31] /j ::wf::WaveView::plotSuccess WaveView_8 {} {_6df3b90_void_pp _68ac5e0_void_pp} 
[18:00:59.38] /m Information: Measurement calculations completed for testbench: HSPICE_default in 0s
[18:00:59.47] /j ::wf::WaveView::plotSuccess WaveView_8 {} {_6df3b90_void_pp _68ac6a8_void_pp} 
[18:01:02.62] /i gi::setActiveWindow 24
[18:01:02.62] /i gi::setActiveWindow 24 -raise true
[18:01:05.81] /i gi::setField {variablesTable} -index {2,1} -value {0.5u} -in [gi::getWindows 24]
[18:01:05.81] /i gi::setField {variablesTable} -index {2,1} -value {0.5u} -in [gi::getWindows 24]
[18:01:06.94] /i gi::executeAction menuPreShow -in [gi::getWindows 24]
[18:01:06.94] /r giMenuAccess db::getNext [gi::getMenus saConsoleSimMenu -from [gi::getWindows 24]]
[18:01:07.41] /# gi::executeAction saNetlistAndRun -in [gi::getWindows 24]
[18:01:07.41] /i isa::netlistAndRun -testbench [sa::findActiveTestbench -window 24] -mode overwrite
[18:01:07.45] /m Information: "Starting incremental netlisting for design "inverter/NAND2_tb/schematic"..." (NETLISTING-010)
[18:01:07.46] /o No Design Integrity rule violations found in "inverter/NAND2_tb/schematic"
[18:01:07.49] /m Information: "Netlisting design "inverter/NAND2_tb/schematic" finished successfully." (NETLISTING-012)
[18:01:07.49] /m Information: "Composing simulator input file for design "inverter/NAND2_tb/schematic"..."
[18:01:07.52] /m Information: "Simulator input file composed successfully for design "inverter/NAND2_tb/schematic""
[18:01:07.68] /m Information: "Starting HSPICE simulation for design: inverter/NAND2_tb/schematic"
[18:01:07.68] /# gi::collapse {jobMonitorTable} -index {0.0.0.1,0} -in [gi::getWindows 28]
[18:01:07.69] /o 1
[18:01:07.99] /m Information: "Simulation completed successfully for design: inverter/NAND2_tb/schematic "
[18:01:08.19] /m Information: "Evaluating and plotting outputs..."
[18:01:08.31] /j ::wf::WaveView::plotSuccess WaveView_8 {} {_6871840_void_pp _68ac450_void_pp} 
[18:01:08.48] /j ::wf::WaveView::plotSuccess WaveView_8 {} {_6871840_void_pp _68ac518_void_pp} 
[18:01:08.57] /j ::wf::WaveView::plotSuccess WaveView_8 {} {_6871840_void_pp _68ac5e0_void_pp} 
[18:01:08.58] /m Information: Measurement calculations completed for testbench: HSPICE_default in 0s
[18:01:11.04] /i gi::setActiveWindow 24
[18:01:11.04] /i gi::setActiveWindow 24 -raise true
[18:01:11.11] /i gi::setActiveWindow 28
[18:01:11.11] /i gi::setActiveWindow 28 -raise true
[18:01:11.14] /r giWindowId 29
[18:01:11.15] /r giWindowGeometry 1040x800
[18:01:11.21] /i gi::createFrame -window 24
[18:01:11.21] /i gi::setActiveWindow 29
[18:01:11.21] /i gi::setActiveWindow 29 -raise true
[18:01:11.56] /i db::setAttr geometry -of [gi::getFrames 6] -value 1910x1101+5+56
[18:01:13.95] /i gi::setField {variablesTable} -index {2,1} -value {0.55u} -in [gi::getWindows 24]
[18:01:13.95] /i gi::setField {variablesTable} -index {2,1} -value {0.55u} -in [gi::getWindows 24]
[18:01:15.00] /i gi::executeAction menuPreShow -in [gi::getWindows 24]
[18:01:15.00] /r giMenuAccess db::getNext [gi::getMenus saConsoleSimMenu -from [gi::getWindows 24]]
[18:01:15.43] /# gi::executeAction saNetlistAndRun -in [gi::getWindows 24]
[18:01:15.43] /i isa::netlistAndRun -testbench [sa::findActiveTestbench -window 24] -mode overwrite
[18:01:15.47] /m Information: "Starting incremental netlisting for design "inverter/NAND2_tb/schematic"..." (NETLISTING-010)
[18:01:15.48] /o No Design Integrity rule violations found in "inverter/NAND2_tb/schematic"
[18:01:15.51] /m Information: "Netlisting design "inverter/NAND2_tb/schematic" finished successfully." (NETLISTING-012)
[18:01:15.51] /m Information: "Composing simulator input file for design "inverter/NAND2_tb/schematic"..."
[18:01:15.54] /m Information: "Simulator input file composed successfully for design "inverter/NAND2_tb/schematic""
[18:01:15.76] /m Information: "Starting HSPICE simulation for design: inverter/NAND2_tb/schematic"
[18:01:15.76] /# gi::collapse {jobMonitorTable} -index {0.0.0.1,0} -in [gi::getWindows 28]
[18:01:15.78] /o 1
[18:01:16.09] /m Information: "Simulation completed successfully for design: inverter/NAND2_tb/schematic "
[18:01:16.29] /m Information: "Evaluating and plotting outputs..."
[18:01:16.46] /j ::wf::WaveView::plotSuccess WaveView_8 {} {_68b60f0_void_pp _68ac6a8_void_pp} 
[18:01:16.62] /j ::wf::WaveView::plotSuccess WaveView_8 {} {_68b60f0_void_pp _68ac450_void_pp} 
[18:01:16.68] /m Information: Measurement calculations completed for testbench: HSPICE_default in 0s
[18:01:16.74] /j ::wf::WaveView::plotSuccess WaveView_8 {} {_68b60f0_void_pp _68ac518_void_pp} 
[18:01:20.16] /i gi::setActiveWindow 24
[18:01:20.16] /i gi::setActiveWindow 24 -raise true
[18:01:24.65] /i gi::setField {variablesTable} -index {2,1} -value {0.6u} -in [gi::getWindows 24]
[18:01:24.65] /i gi::setField {variablesTable} -index {2,1} -value {0.6u} -in [gi::getWindows 24]
[18:01:25.95] /i gi::executeAction menuPreShow -in [gi::getWindows 24]
[18:01:25.95] /r giMenuAccess db::getNext [gi::getMenus saConsoleSimMenu -from [gi::getWindows 24]]
[18:01:26.49] /# gi::executeAction saNetlistAndRun -in [gi::getWindows 24]
[18:01:26.49] /i isa::netlistAndRun -testbench [sa::findActiveTestbench -window 24] -mode overwrite
[18:01:26.54] /m Information: "Starting incremental netlisting for design "inverter/NAND2_tb/schematic"..." (NETLISTING-010)
[18:01:26.55] /o No Design Integrity rule violations found in "inverter/NAND2_tb/schematic"
[18:01:26.58] /m Information: "Netlisting design "inverter/NAND2_tb/schematic" finished successfully." (NETLISTING-012)
[18:01:26.58] /m Information: "Composing simulator input file for design "inverter/NAND2_tb/schematic"..."
[18:01:26.62] /m Information: "Simulator input file composed successfully for design "inverter/NAND2_tb/schematic""
[18:01:26.79] /m Information: "Starting HSPICE simulation for design: inverter/NAND2_tb/schematic"
[18:01:26.80] /# gi::collapse {jobMonitorTable} -index {0.0.0.1,0} -in [gi::getWindows 28]
[18:01:26.81] /o 1
[18:01:27.08] /m Information: "Simulation completed successfully for design: inverter/NAND2_tb/schematic "
[18:01:27.29] /m Information: "Evaluating and plotting outputs..."
[18:01:27.44] /j ::wf::WaveView::plotSuccess WaveView_8 {} {_6deff30_void_pp _68ac5e0_void_pp} 
[18:01:27.58] /j ::wf::WaveView::plotSuccess WaveView_8 {} {_6deff30_void_pp _68ac6a8_void_pp} 
[18:01:27.68] /j ::wf::WaveView::plotSuccess WaveView_8 {} {_6deff30_void_pp _68ac450_void_pp} 
[18:01:27.68] /m Information: Measurement calculations completed for testbench: HSPICE_default in 0s
[18:01:31.59] /i gi::setActiveWindow 23
[18:01:31.59] /i gi::setActiveWindow 23 -raise true
[18:01:32.66] /i gi::setActiveWindow 28
[18:01:32.66] /i gi::setActiveWindow 28 -raise true
[18:01:33.88] /i gi::setActiveWindow 24
[18:01:33.88] /i gi::setActiveWindow 24 -raise true
[18:01:35.13] /i gi::setField {variablesTable} -index {2,1} -value {0.6u} -in [gi::getWindows 24]
[18:01:35.13] /i gi::setCurrentIndex {variablesTable} -index {3,1} -in [gi::getWindows 24]
[18:01:35.13] /i gi::setItemSelection {variablesTable} -index {3,1} -in [gi::getWindows 24]
[18:01:35.49] /i gi::setField {variablesTable} -index {3,1} -value {0.1u} -in [gi::getWindows 24]
[18:01:35.49] /i gi::setCurrentIndex {variablesTable} -index {2,1} -in [gi::getWindows 24]
[18:01:35.49] /i gi::setItemSelection {variablesTable} -index {2,1} -in [gi::getWindows 24]
[18:01:38.98] /i gi::setField {variablesTable} -index {2,1} -value {0.59u} -in [gi::getWindows 24]
[18:01:38.98] /i gi::setField {variablesTable} -index {2,1} -value {0.59u} -in [gi::getWindows 24]
[18:01:40.06] /i gi::executeAction menuPreShow -in [gi::getWindows 24]
[18:01:40.06] /r giMenuAccess db::getNext [gi::getMenus saConsoleSimMenu -from [gi::getWindows 24]]
[18:01:40.48] /# gi::executeAction saNetlistAndRun -in [gi::getWindows 24]
[18:01:40.48] /i isa::netlistAndRun -testbench [sa::findActiveTestbench -window 24] -mode overwrite
[18:01:40.52] /m Information: "Starting incremental netlisting for design "inverter/NAND2_tb/schematic"..." (NETLISTING-010)
[18:01:40.54] /o No Design Integrity rule violations found in "inverter/NAND2_tb/schematic"
[18:01:40.56] /m Information: "Netlisting design "inverter/NAND2_tb/schematic" finished successfully." (NETLISTING-012)
[18:01:40.57] /m Information: "Composing simulator input file for design "inverter/NAND2_tb/schematic"..."
[18:01:40.59] /m Information: "Simulator input file composed successfully for design "inverter/NAND2_tb/schematic""
[18:01:40.76] /m Information: "Starting HSPICE simulation for design: inverter/NAND2_tb/schematic"
[18:01:40.78] /# gi::collapse {jobMonitorTable} -index {0.0.0.1,0} -in [gi::getWindows 28]
[18:01:40.79] /o 1
[18:01:41.08] /m Information: "Simulation completed successfully for design: inverter/NAND2_tb/schematic "
[18:01:41.29] /m Information: "Evaluating and plotting outputs..."
[18:01:41.45] /j ::wf::WaveView::plotSuccess WaveView_8 {} {_6df3b90_void_pp _68ac518_void_pp} 
[18:01:41.57] /j ::wf::WaveView::plotSuccess WaveView_8 {} {_6df3b90_void_pp _68ac5e0_void_pp} 
[18:01:41.67] /j ::wf::WaveView::plotSuccess WaveView_8 {} {_6df3b90_void_pp _68ac6a8_void_pp} 
[18:01:41.68] /m Information: Measurement calculations completed for testbench: HSPICE_default in 0s
[18:01:43.62] /i gi::setActiveWindow 24
[18:01:43.62] /i gi::setActiveWindow 24 -raise true
[18:01:46.82] /i gi::setField {variablesTable} -index {2,1} -value {0.7u} -in [gi::getWindows 24]
[18:01:46.82] /i gi::setField {variablesTable} -index {2,1} -value {0.7u} -in [gi::getWindows 24]
[18:01:47.72] /i gi::executeAction menuPreShow -in [gi::getWindows 24]
[18:01:47.72] /r giMenuAccess db::getNext [gi::getMenus saConsoleSimMenu -from [gi::getWindows 24]]
[18:01:48.17] /# gi::executeAction saNetlistAndRun -in [gi::getWindows 24]
[18:01:48.17] /i isa::netlistAndRun -testbench [sa::findActiveTestbench -window 24] -mode overwrite
[18:01:48.21] /m Information: "Starting incremental netlisting for design "inverter/NAND2_tb/schematic"..." (NETLISTING-010)
[18:01:48.22] /o No Design Integrity rule violations found in "inverter/NAND2_tb/schematic"
[18:01:48.24] /m Information: "Netlisting design "inverter/NAND2_tb/schematic" finished successfully." (NETLISTING-012)
[18:01:48.25] /m Information: "Composing simulator input file for design "inverter/NAND2_tb/schematic"..."
[18:01:48.28] /m Information: "Simulator input file composed successfully for design "inverter/NAND2_tb/schematic""
[18:01:48.45] /m Information: "Starting HSPICE simulation for design: inverter/NAND2_tb/schematic"
[18:01:48.46] /# gi::collapse {jobMonitorTable} -index {0.0.0.1,0} -in [gi::getWindows 28]
[18:01:48.47] /o 1
[18:01:48.90] /m Information: "Simulation completed successfully for design: inverter/NAND2_tb/schematic "
[18:01:49.09] /m Information: "Evaluating and plotting outputs..."
[18:01:49.23] /j ::wf::WaveView::plotSuccess WaveView_8 {} {_6deff30_void_pp _68ac450_void_pp} 
[18:01:49.38] /j ::wf::WaveView::plotSuccess WaveView_8 {} {_6deff30_void_pp _68ac518_void_pp} 
[18:01:49.48] /j ::wf::WaveView::plotSuccess WaveView_8 {} {_6deff30_void_pp _68ac5e0_void_pp} 
[18:01:49.48] /m Information: Measurement calculations completed for testbench: HSPICE_default in 0s
[18:01:49.64] /i gi::setActiveWindow 24
[18:01:49.64] /i gi::setActiveWindow 24 -raise true
[18:01:50.63] /i gi::setActiveWindow 27
[18:01:50.63] /i gi::setActiveWindow 27 -raise true
[18:01:53.60] /i gi::setActiveWindow 24
[18:01:53.60] /i gi::setActiveWindow 24 -raise true
[18:01:55.35] /i gi::setActiveWindow 27
[18:01:55.35] /i gi::setActiveWindow 27 -raise true
[18:01:56.98] /i gi::setActiveWindow 28
[18:01:56.98] /i gi::setActiveWindow 28 -raise true
[18:01:59.05] /i gi::setActiveWindow 23
[18:01:59.05] /i gi::setActiveWindow 23 -raise true
[18:02:04.72] /i gi::executeAction deCanvasDragCancel -in [gi::getWindows 23]
[18:06:54.87] /m Information: Stopped sharing "Custom WaveView" license. (WAVEFORM-111)
[18:13:45.08] /i gi::setActiveWindow 28
[18:13:45.08] /i gi::setActiveWindow 28 -raise true
[18:13:46.08] /i gi::setActiveWindow 23
[18:13:46.09] /i gi::setActiveWindow 23 -raise true
[18:13:47.94] /i gi::setActiveWindow 24
[18:13:47.94] /i gi::setActiveWindow 24 -raise true
[18:13:49.44] /i gi::setActiveWindow 23
[18:13:49.44] /i gi::setActiveWindow 23 -raise true
[18:13:51.08] /i gi::addWindow 24 -to 1 -before 23
[18:13:51.10] /i gi::setActiveWindow 24
[18:13:51.10] /i gi::setActiveWindow 24 -raise true
[18:13:53.48] /i db::setAttr maximized -of [gi::getFrames 1] -value false
[18:13:53.87] /i db::setAttr geometry -of [gi::getFrames 1] -value 1040x824+439+170
[18:13:55.29] /i db::setAttr geometry -of [gi::getFrames 1] -value 1040x824+5+56
[18:13:57.78] /i db::setAttr geometry -of [gi::getFrames 1] -value 1040x824+304+486
[18:14:14.25] /i gi::setActiveWindow 27
[18:14:14.25] /i gi::setActiveWindow 27 -raise true
[18:14:14.74] /i db::setAttr iconified -of [gi::getFrames 5] -value true
[18:14:16.69] /i gi::setActiveWindow 24
[18:14:16.69] /i gi::setActiveWindow 24 -raise true
[18:14:24.60] /i gi::setActiveWindow 23
[18:14:24.60] /i gi::setActiveWindow 23 -raise true
[18:14:25.33] /i gi::setActiveWindow 28
[18:14:25.33] /i gi::setActiveWindow 28 -raise true
[18:14:28.16] /i db::setAttr geometry -of [gi::getFrames 1] -value 1040x824+85+210
[18:14:35.78] /i db::setAttr maximized -of [gi::getFrames 1] -value true
[18:14:36.09] /i db::setAttr geometry -of [gi::getFrames 1] -value 1910x1101+5+56
[18:14:40.89] /r giDialog gi::setActiveDialog [gi::getDialogs {giCloseFrame}]
[18:14:41.17] /r giDialog db::setAttr geometry -of [gi::getDialogs {giCloseFrame}] -value 299x108+811+560
[18:14:42.07] /r giDialog gi::pressButton {giCancelButton} -in [gi::getDialogs {giCloseFrame}]
[18:14:44.19] /i gi::executeAction giCloseWindow -in [gi::getWindows 28]
[18:14:44.20] /i gi::setActiveWindow 23
[18:14:44.20] /i gi::setActiveWindow 23 -raise true
[18:14:46.09] /i gi::createWindow -windowType [gi::getWindowTypes giHomePage]
[18:14:46.09] /r giWindowId 30
[18:14:46.10] /r giWindowGeometry 1040x800
[18:18:09.88] /r giDialog gi::setActiveDialog [gi::getDialogs {giCloseFrame}]
[18:18:10.16] /r giDialog db::setAttr geometry -of [gi::getDialogs {giCloseFrame}] -value 299x108+811+560
[18:18:11.34] /r giDialog gi::pressButton {giCloseTabsButton} -in [gi::getDialogs {giCloseFrame}]
[18:18:11.36] /i gi::executeAction giCloseWindow -in [gi::getWindows 30]
[18:18:11.37] /i gi::setActiveWindow 23
[18:18:11.37] /i gi::setActiveWindow 23 -raise true
[18:18:11.40] /i gi::executeAction giCloseWindow -in [gi::getWindows 23]
[18:18:11.43] /i gi::setActiveWindow 24
[18:18:11.43] /i gi::setActiveWindow 24 -raise true
[18:18:11.53] /i gi::executeAction giCloseWindow -in [gi::getWindows 24]
[18:18:11.61] /r giDialog gi::setActiveDialog [gi::getDialogs {giPrompt} -parent [gi::getWindows 24]]
[18:18:11.88] /r giDialog db::setAttr geometry -of [gi::getDialogs {giPrompt} -parent [gi::getWindows 24]] -value 292x82+814+573
[18:18:13.65] /r giDialog gi::pressButton {save} -in [gi::getDialogs {giPrompt} -parent [gi::getWindows 24]]
[18:18:13.85] /r giDialog gi::setActiveDialog [gi::getDialogs {saShowSaveState} -parent [gi::getWindows 24]]
[18:18:14.17] /r giDialog db::setAttr geometry -of [gi::getDialogs {saShowSaveState} -parent [gi::getWindows 24]] -value 501x558+710+335
[18:18:15.34] /r giDialog gi::pressButton {/apply} -in [gi::getDialogs {saShowSaveState} -parent [gi::getWindows 24]]
[18:18:15.88] /r giDialog gi::pressButton {/ok} -in [gi::getDialogs {saShowSaveState} -parent [gi::getWindows 24]]
[18:18:15.91] /i gi::setActiveWindow 18
[18:18:15.91] /i gi::setActiveWindow 18 -raise true
[18:18:15.96] /i gi::executeAction giCloseWindow -in [gi::getWindows 18]
[18:18:15.96] /i gi::setActiveWindow 1
[18:18:15.96] /i gi::setActiveWindow 1 -raise true
[18:18:15.99] /i gi::executeAction giCloseWindow -in [gi::getWindows 1]
[18:18:18.96] /m Information: Waveform viewer exited normally.
